t+,class,V_L1,V_L2,V_L3,V_L12,V_L23,V_L31,A_L1,A_L2,A_L3,VA_L1,VA_L2,VA_L3,W_L1,W_L2,W_L3,Q_L1,Q_L2,Q_L3,PF_L1,PF_L2,PF_L3,THD_L1,THD_L2,THD_L3
0.000,0,102.7688217163086,128.1236114501953,118.49613189697266,201.5191192626953,201.94015502929688,199.6654052734375,0.4565640985965729,0.4732557535171509,0.5125529766082764,46.920555114746094,60.63523483276367,60.73554611206055,-45.3909912109375,-56.07692337036133,-59.514041900634766,6.3857526779174805,19.044578552246094,3.1031837463378906,0.9674009680747986,0.924824059009552,0.9798881411552429,5.25783109664917,5.216851234436035,4.187492370605469,nan
0.050,0,102.7688217163086,128.1236114501953,118.49613189697266,201.5191192626953,201.94015502929688,199.6654052734375,0.4565640985965729,0.4732557535171509,0.5125529766082764,46.920555114746094,60.63523483276367,60.73554611206055,-45.3909912109375,-56.07692337036133,-59.514041900634766,6.3857526779174805,19.044578552246094,3.1031837463378906,0.9674009680747986,0.924824059009552,0.9798881411552429,5.25783109664917,5.216851234436035,4.187492370605469,nan
0.100,0,102.7688217163086,128.1236114501953,118.49613189697266,201.5191192626953,201.94015502929688,199.6654052734375,0.4565640985965729,0.4732557535171509,0.5125529766082764,46.920555114746094,60.63523483276367,60.73554611206055,-45.3909912109375,-56.07692337036133,-59.514041900634766,6.3857526779174805,19.044578552246094,3.1031837463378906,0.9674009680747986,0.924824059009552,0.9798881411552429,5.25783109664917,5.216851234436035,4.187492370605469,nan
0.150,0,102.7688217163086,128.1236114501953,118.49613189697266,201.5191192626953,201.94015502929688,199.6654052734375,0.4565640985965729,0.4732557535171509,0.5125529766082764,46.920555114746094,60.63523483276367,60.73554611206055,-45.3909912109375,-56.07692337036133,-59.514041900634766,6.3857526779174805,19.044578552246094,3.1031837463378906,0.9674009680747986,0.924824059009552,0.9798881411552429,5.25783109664917,5.216851234436035,4.187492370605469,nan
0.200,0,102.72863006591797,128.10507202148438,118.42066955566406,201.4651336669922,201.8797607421875,199.55142211914062,0.45063987374305725,0.4676152765750885,0.5099577307701111,46.293617248535156,59.90388870239258,60.3895378112793,-44.54532241821289,-55.0003776550293,-58.89168930053711,6.066289901733398,19.117822647094727,3.0871400833129883,0.9622346758842468,0.9181436896324158,0.975196897983551,5.304185390472412,5.210103988647461,4.202572822570801,nan
0.250,0,102.72863006591797,128.10507202148438,118.42066955566406,201.4651336669922,201.8797607421875,199.55142211914062,0.45063987374305725,0.4676152765750885,0.5099577307701111,46.293617248535156,59.90388870239258,60.3895378112793,-44.54532241821289,-55.0003776550293,-58.89168930053711,6.066289901733398,19.117822647094727,3.0871400833129883,0.9622346758842468,0.9181436896324158,0.975196897983551,5.304185390472412,5.210103988647461,4.202572822570801,nan
0.300,0,102.72863006591797,128.10507202148438,118.42066955566406,201.4651336669922,201.8797607421875,199.55142211914062,0.45063987374305725,0.4676152765750885,0.5099577307701111,46.293617248535156,59.90388870239258,60.3895378112793,-44.54532241821289,-55.0003776550293,-58.89168930053711,6.066289901733398,19.117822647094727,3.0871400833129883,0.9622346758842468,0.9181436896324158,0.975196897983551,5.304185390472412,5.210103988647461,4.202572822570801,nan
0.350,0,102.72863006591797,128.10507202148438,118.42066955566406,201.4651336669922,201.8797607421875,199.55142211914062,0.45063987374305725,0.4676152765750885,0.5099577307701111,46.293617248535156,59.90388870239258,60.3895378112793,-44.54532241821289,-55.0003776550293,-58.89168930053711,6.066289901733398,19.117822647094727,3.0871400833129883,0.9622346758842468,0.9181436896324158,0.975196897983551,5.304185390472412,5.210103988647461,4.202572822570801,nan
0.400,0,102.73941040039062,128.16148376464844,118.41831970214844,201.5221405029297,201.9302215576172,199.55775451660156,0.4564451575279236,0.4762624502182007,0.5139623880386353,46.89490509033203,61.03850173950195,60.86256408691406,-45.186100006103516,-56.20405960083008,-59.512901306152344,6.450971603393555,19.262296676635742,2.9705140590667725,0.963560938835144,0.920796811580658,0.9778243899345398,5.25387716293335,5.211843013763428,4.174014091491699,nan
0.450,0,102.73941040039062,128.16148376464844,118.41831970214844,201.5221405029297,201.9302215576172,199.55775451660156,0.4564451575279236,0.4762624502182007,0.5139623880386353,46.89490509033203,61.03850173950195,60.86256408691406,-45.186100006103516,-56.20405960083008,-59.512901306152344,6.450971603393555,19.262296676635742,2.9705140590667725,0.963560938835144,0.920796811580658,0.9778243899345398,5.25387716293335,5.211843013763428,4.174014091491699,nan
0.500,0,102.73941040039062,128.16148376464844,118.41831970214844,201.5221405029297,201.9302215576172,199.55775451660156,0.4564451575279236,0.4762624502182007,0.5139623880386353,46.89490509033203,61.03850173950195,60.86256408691406,-45.186100006103516,-56.20405960083008,-59.512901306152344,6.450971603393555,19.262296676635742,2.9705140590667725,0.963560938835144,0.920796811580658,0.9778243899345398,5.25387716293335,5.211843013763428,4.174014091491699,nan
0.550,0,102.73941040039062,128.16148376464844,118.41831970214844,201.5221405029297,201.9302215576172,199.55775451660156,0.4564451575279236,0.4762624502182007,0.5139623880386353,46.89490509033203,61.03850173950195,60.86256408691406,-45.186100006103516,-56.20405960083008,-59.512901306152344,6.450971603393555,19.262296676635742,2.9705140590667725,0.963560938835144,0.920796811580658,0.9778243899345398,5.25387716293335,5.211843013763428,4.174014091491699,nan
0.600,0,102.72664642333984,128.1601104736328,118.427734375,201.5101776123047,201.92166137695312,199.56773376464844,0.45720911026000977,0.47537916898727417,0.5144964456558228,46.967559814453125,60.92464828491211,60.93064880371094,-45.29986572265625,-56.30271530151367,-59.61012649536133,6.090143203735352,18.878149032592773,2.5685441493988037,0.9644926190376282,0.9241368770599365,0.9783274531364441,5.251339912414551,5.184536933898926,4.137296676635742,nan
0.650,0,102.72664642333984,128.1601104736328,118.427734375,201.5101776123047,201.92166137695312,199.56773376464844,0.45720911026000977,0.47537916898727417,0.5144964456558228,46.967559814453125,60.92464828491211,60.93064880371094,-45.29986572265625,-56.30271530151367,-59.61012649536133,6.090143203735352,18.878149032592773,2.5685441493988037,0.9644926190376282,0.9241368770599365,0.9783274531364441,5.251339912414551,5.184536933898926,4.137296676635742,nan
0.700,0,102.72664642333984,128.1601104736328,118.427734375,201.5101776123047,201.92166137695312,199.56773376464844,0.45720911026000977,0.47537916898727417,0.5144964456558228,46.967559814453125,60.92464828491211,60.93064880371094,-45.29986572265625,-56.30271530151367,-59.61012649536133,6.090143203735352,18.878149032592773,2.5685441493988037,0.9644926190376282,0.9241368770599365,0.9783274531364441,5.251339912414551,5.184536933898926,4.137296676635742,nan
0.750,0,102.72664642333984,128.1601104736328,118.427734375,201.5101776123047,201.92166137695312,199.56773376464844,0.45720911026000977,0.47537916898727417,0.5144964456558228,46.967559814453125,60.92464828491211,60.93064880371094,-45.29986572265625,-56.30271530151367,-59.61012649536133,6.090143203735352,18.878149032592773,2.5685441493988037,0.9644926190376282,0.9241368770599365,0.9783274531364441,5.251339912414551,5.184536933898926,4.137296676635742,nan
0.800,0,102.66940307617188,128.05259704589844,118.36221313476562,201.35931396484375,201.76695251464844,199.47268676757812,0.44893673062324524,0.4676944315433502,0.5054608583450317,46.09206771850586,59.889488220214844,59.82746505737305,-44.57696533203125,-55.30997848510742,-58.611968994140625,6.482292175292969,19.086851119995117,3.136708974838257,0.9671287536621094,0.9235339760780334,0.9796833395957947,5.20000696182251,5.155359268188477,4.083983421325684,nan
0.850,0,102.66940307617188,128.05259704589844,118.36221313476562,201.35931396484375,201.76695251464844,199.47268676757812,0.44893673062324524,0.4676944315433502,0.5054608583450317,46.09206771850586,59.889488220214844,59.82746505737305,-44.57696533203125,-55.30997848510742,-58.611968994140625,6.482292175292969,19.086851119995117,3.136708974838257,0.9671287536621094,0.9235339760780334,0.9796833395957947,5.20000696182251,5.155359268188477,4.083983421325684,nan
0.900,0,102.66940307617188,128.05259704589844,118.36221313476562,201.35931396484375,201.76695251464844,199.47268676757812,0.44893673062324524,0.4676944315433502,0.5054608583450317,46.09206771850586,59.889488220214844,59.82746505737305,-44.57696533203125,-55.30997848510742,-58.611968994140625,6.482292175292969,19.086851119995117,3.136708974838257,0.9671287536621094,0.9235339760780334,0.9796833395957947,5.20000696182251,5.155359268188477,4.083983421325684,nan
0.950,0,102.66940307617188,128.05259704589844,118.36221313476562,201.35931396484375,201.76695251464844,199.47268676757812,0.44893673062324524,0.4676944315433502,0.5054608583450317,46.09206771850586,59.889488220214844,59.82746505737305,-44.57696533203125,-55.30997848510742,-58.611968994140625,6.482292175292969,19.086851119995117,3.136708974838257,0.9671287536621094,0.9235339760780334,0.9796833395957947,5.20000696182251,5.155359268188477,4.083983421325684,nan
1.000,0,102.73380279541016,128.08474731445312,118.42352294921875,201.46041870117188,201.85276794433594,199.5624542236328,0.45878398418426514,0.4763847887516022,0.5143851041793823,47.13262176513672,61.01762390136719,60.9152946472168,-45.38627624511719,-56.27157974243164,-59.536739349365234,6.684588432312012,19.32870864868164,3.226276397705078,0.9629482626914978,0.9222184419631958,0.9773693084716797,5.196983814239502,5.149388313293457,4.120195388793945,nan
1.050,0,102.73380279541016,128.08474731445312,118.42352294921875,201.46041870117188,201.85276794433594,199.5624542236328,0.45878398418426514,0.4763847887516022,0.5143851041793823,47.13262176513672,61.01762390136719,60.9152946472168,-45.38627624511719,-56.27157974243164,-59.536739349365234,6.684588432312012,19.32870864868164,3.226276397705078,0.9629482626914978,0.9222184419631958,0.9773693084716797,5.196983814239502,5.149388313293457,4.120195388793945,nan
1.100,0,102.73380279541016,128.08474731445312,118.42352294921875,201.46041870117188,201.85276794433594,199.5624542236328,0.45878398418426514,0.4763847887516022,0.5143851041793823,47.13262176513672,61.01762390136719,60.9152946472168,-45.38627624511719,-56.27157974243164,-59.536739349365234,6.684588432312012,19.32870864868164,3.226276397705078,0.9629482626914978,0.9222184419631958,0.9773693084716797,5.196983814239502,5.149388313293457,4.120195388793945,nan
1.150,0,102.73380279541016,128.08474731445312,118.42352294921875,201.46041870117188,201.85276794433594,199.5624542236328,0.45878398418426514,0.4763847887516022,0.5143851041793823,47.13262176513672,61.01762390136719,60.9152946472168,-45.38627624511719,-56.27157974243164,-59.536739349365234,6.684588432312012,19.32870864868164,3.226276397705078,0.9629482626914978,0.9222184419631958,0.9773693084716797,5.196983814239502,5.149388313293457,4.120195388793945,nan
1.200,0,102.74305725097656,128.11260986328125,118.41937255859375,201.50082397460938,201.8781280517578,199.55581665039062,0.4545636773109436,0.47292348742485046,0.5113077163696289,46.70326232910156,60.58746337890625,60.54874038696289,-45.06308364868164,-55.98087692260742,-59.19810485839844,6.0683135986328125,18.72100067138672,2.5901412963867188,0.9629482626914978,0.9222184419631958,0.9773693084716797,5.196983814239502,5.149388313293457,4.120195388793945,nan
1.250,0,102.74305725097656,128.11260986328125,118.41937255859375,201.50082397460938,201.8781280517578,199.55581665039062,0.4545636773109436,0.47292348742485046,0.5113077163696289,46.70326232910156,60.58746337890625,60.54874038696289,-45.06308364868164,-55.98087692260742,-59.19810485839844,6.0683135986328125,18.72100067138672,2.5901412963867188,0.9648808836936951,0.9239680171012878,0.9776934385299683,5.24332332611084,5.173079490661621,4.165317058563232,nan
1.300,0,102.74305725097656,128.11260986328125,118.41937255859375,201.50082397460938,201.8781280517578,199.55581665039062,0.4545636773109436,0.47292348742485046,0.5113077163696289,46.70326232910156,60.58746337890625,60.54874038696289,-45.06308364868164,-55.98087692260742,-59.19810485839844,6.0683135986328125,18.72100067138672,2.5901412963867188,0.9648808836936951,0.9239680171012878,0.9776934385299683,5.24332332611084,5.173079490661621,4.165317058563232,nan
1.350,0,102.74305725097656,128.11260986328125,118.41937255859375,201.50082397460938,201.8781280517578,199.55581665039062,0.4545636773109436,0.47292348742485046,0.5113077163696289,46.70326232910156,60.58746337890625,60.54874038696289,-45.06308364868164,-55.98087692260742,-59.19810485839844,6.0683135986328125,18.72100067138672,2.5901412963867188,0.9648808836936951,0.9239680171012878,0.9776934385299683,5.24332332611084,5.173079490661621,4.165317058563232,nan
1.400,0,102.74305725097656,128.11260986328125,118.41937255859375,201.50082397460938,201.8781280517578,199.55581665039062,0.4545636773109436,0.47292348742485046,0.5113077163696289,46.70326232910156,60.58746337890625,60.54874038696289,-45.06308364868164,-55.98087692260742,-59.19810485839844,6.0683135986328125,18.72100067138672,2.5901412963867188,0.9648808836936951,0.9239680171012878,0.9776934385299683,5.24332332611084,5.173079490661621,4.165317058563232,nan
1.450,0,102.69947052001953,128.0828094482422,118.3969497680664,201.42529296875,201.84219360351562,199.49966430664062,0.4492902159690857,0.4673159122467041,0.508729100227356,46.141868591308594,59.855133056640625,60.23197555541992,-44.5008659362793,-55.06724166870117,-58.881935119628906,6.283437252044678,19.336416244506836,3.2336456775665283,0.9644356966018677,0.920008659362793,0.9775859713554382,5.2249345779418945,5.220211505889893,4.1942009925842285,nan
1.500,0,102.69947052001953,128.0828094482422,118.3969497680664,201.42529296875,201.84219360351562,199.49966430664062,0.4492902159690857,0.4673159122467041,0.508729100227356,46.141868591308594,59.855133056640625,60.23197555541992,-44.5008659362793,-55.06724166870117,-58.881935119628906,6.283437252044678,19.336416244506836,3.2336456775665283,0.9644356966018677,0.920008659362793,0.9775859713554382,5.2249345779418945,5.220211505889893,4.1942009925842285,nan
1.550,0,102.69947052001953,128.0828094482422,118.3969497680664,201.42529296875,201.84219360351562,199.49966430664062,0.4492902159690857,0.4673159122467041,0.508729100227356,46.141868591308594,59.855133056640625,60.23197555541992,-44.5008659362793,-55.06724166870117,-58.881935119628906,6.283437252044678,19.336416244506836,3.2336456775665283,0.9644356966018677,0.920008659362793,0.9775859713554382,5.2249345779418945,5.220211505889893,4.1942009925842285,nan
1.600,0,102.74852752685547,128.15216064453125,118.44976806640625,201.53343200683594,201.93675231933594,199.59283447265625,0.455562561750412,0.47373250126838684,0.5145171880722046,46.80838394165039,60.709842681884766,60.94444274902344,-45.3912239074707,-56.16560363769531,-59.81361389160156,6.159441947937012,19.16263198852539,2.9277126789093018,0.9697242379188538,0.9251482486724854,0.9814448952674866,5.219474792480469,5.175948619842529,4.17184591293335,nan
1.650,0,102.74852752685547,128.15216064453125,118.44976806640625,201.53343200683594,201.93675231933594,199.59283447265625,0.455562561750412,0.47373250126838684,0.5145171880722046,46.80838394165039,60.709842681884766,60.94444274902344,-45.3912239074707,-56.16560363769531,-59.81361389160156,6.159441947937012,19.16263198852539,2.9277126789093018,0.9697242379188538,0.9251482486724854,0.9814448952674866,5.219474792480469,5.175948619842529,4.17184591293335,nan
1.700,0,102.74852752685547,128.15216064453125,118.44976806640625,201.53343200683594,201.93675231933594,199.59283447265625,0.455562561750412,0.47373250126838684,0.5145171880722046,46.80838394165039,60.709842681884766,60.94444274902344,-45.3912239074707,-56.16560363769531,-59.81361389160156,6.159441947937012,19.16263198852539,2.9277126789093018,0.9697242379188538,0.9251482486724854,0.9814448952674866,5.219474792480469,5.175948619842529,4.17184591293335,nan
1.750,0,102.74852752685547,128.15216064453125,118.44976806640625,201.53343200683594,201.93675231933594,199.59283447265625,0.455562561750412,0.47373250126838684,0.5145171880722046,46.80838394165039,60.709842681884766,60.94444274902344,-45.3912239074707,-56.16560363769531,-59.81361389160156,6.159441947937012,19.16263198852539,2.9277126789093018,0.9697242379188538,0.9251482486724854,0.9814448952674866,5.219474792480469,5.175948619842529,4.17184591293335,nan
1.800,0,102.73943328857422,128.16065979003906,118.43932342529297,201.51417541503906,201.9193572998047,199.6042022705078,0.4567468762397766,0.4744110703468323,0.5152471661567688,46.9259147644043,60.80083465576172,61.0255241394043,-45.35159683227539,-56.25309371948242,-59.776920318603516,5.996766567230225,18.946260452270508,2.6173176765441895,0.9664509892463684,0.9252026677131653,0.9795396327972412,5.2228288650512695,5.171166896820068,4.114539623260498,nan
1.850,0,102.73943328857422,128.16065979003906,118.43932342529297,201.51417541503906,201.9193572998047,199.6042022705078,0.4567468762397766,0.4744110703468323,0.5152471661567688,46.9259147644043,60.80083465576172,61.0255241394043,-45.35159683227539,-56.25309371948242,-59.776920318603516,5.996766567230225,18.946260452270508,2.6173176765441895,0.9664509892463684,0.9252026677131653,0.9795396327972412,5.2228288650512695,5.171166896820068,4.114539623260498,nan
1.900,0,102.73943328857422,128.16065979003906,118.43932342529297,201.51417541503906,201.9193572998047,199.6042022705078,0.4567468762397766,0.4744110703468323,0.5152471661567688,46.9259147644043,60.80083465576172,61.0255241394043,-45.35159683227539,-56.25309371948242,-59.776920318603516,5.996766567230225,18.946260452270508,2.6173176765441895,0.9664509892463684,0.9252026677131653,0.9795396327972412,5.2228288650512695,5.171166896820068,4.114539623260498,nan
1.950,0,102.73943328857422,128.16065979003906,118.43932342529297,201.51417541503906,201.9193572998047,199.6042022705078,0.4567468762397766,0.4744110703468323,0.5152471661567688,46.9259147644043,60.80083465576172,61.0255241394043,-45.35159683227539,-56.25309371948242,-59.776920318603516,5.996766567230225,18.946260452270508,2.6173176765441895,0.9664509892463684,0.9252026677131653,0.9795396327972412,5.2228288650512695,5.171166896820068,4.114539623260498,nan
2.000,0,102.70523071289062,128.09519958496094,118.3970947265625,201.44656372070312,201.82196044921875,199.52464294433594,0.45393431186676025,0.4735742211341858,0.5104508399963379,46.621429443359375,60.6625862121582,60.43589782714844,-44.88400650024414,-55.71799087524414,-59.03608322143555,7.0453362464904785,19.756311416625977,3.669593334197998,0.9627333879470825,0.9184901714324951,0.9768380522727966,5.205317497253418,5.1351704597473145,4.139074802398682,nan
2.050,0,102.70523071289062,128.09519958496094,118.3970947265625,201.44656372070312,201.82196044921875,199.52464294433594,0.45393431186676025,0.4735742211341858,0.5104508399963379,46.621429443359375,60.6625862121582,60.43589782714844,-44.88400650024414,-55.71799087524414,-59.03608322143555,7.0453362464904785,19.756311416625977,3.669593334197998,0.9627333879470825,0.9184901714324951,0.9768380522727966,5.205317497253418,5.1351704597473145,4.139074802398682,nan
2.100,0,102.70523071289062,128.09519958496094,118.3970947265625,201.44656372070312,201.82196044921875,199.52464294433594,0.45393431186676025,0.4735742211341858,0.5104508399963379,46.621429443359375,60.6625862121582,60.43589782714844,-44.88400650024414,-55.71799087524414,-59.03608322143555,7.0453362464904785,19.756311416625977,3.669593334197998,0.9627333879470825,0.9184901714324951,0.9768380522727966,5.205317497253418,5.1351704597473145,4.139074802398682,nan
2.150,0,102.70523071289062,128.09519958496094,118.3970947265625,201.44656372070312,201.82196044921875,199.52464294433594,0.45393431186676025,0.4735742211341858,0.5104508399963379,46.621429443359375,60.6625862121582,60.43589782714844,-44.88400650024414,-55.71799087524414,-59.03608322143555,7.0453362464904785,19.756311416625977,3.669593334197998,0.9627333879470825,0.9184901714324951,0.9768380522727966,5.205317497253418,5.1351704597473145,4.139074802398682,nan
2.200,0,102.73739624023438,128.12460327148438,118.42499542236328,201.51010131835938,201.87527465820312,199.56661987304688,0.4599234461784363,0.4757770001888275,0.5154091715812683,47.251338958740234,60.958740234375,61.037330627441406,-45.6057014465332,-56.26231002807617,-59.73115921020508,6.610141277313232,19.334135055541992,3.4013895988464355,0.9651727080345154,0.9229572415351868,0.9786004424095154,5.229226112365723,5.141844749450684,4.127209186553955,nan
2.250,0,102.73739624023438,128.12460327148438,118.42499542236328,201.51010131835938,201.87527465820312,199.56661987304688,0.4599234461784363,0.4757770001888275,0.5154091715812683,47.251338958740234,60.958740234375,61.037330627441406,-45.6057014465332,-56.26231002807617,-59.73115921020508,6.610141277313232,19.334135055541992,3.4013895988464355,0.9651727080345154,0.9229572415351868,0.9786004424095154,5.229226112365723,5.141844749450684,4.127209186553955,nan
2.300,0,102.73739624023438,128.12460327148438,118.42499542236328,201.51010131835938,201.87527465820312,199.56661987304688,0.4599234461784363,0.4757770001888275,0.5154091715812683,47.251338958740234,60.958740234375,61.037330627441406,-45.6057014465332,-56.26231002807617,-59.73115921020508,6.610141277313232,19.334135055541992,3.4013895988464355,0.9651727080345154,0.9229572415351868,0.9786004424095154,5.229226112365723,5.141844749450684,4.127209186553955,nan
2.350,0,102.73739624023438,128.12460327148438,118.42499542236328,201.51010131835938,201.87527465820312,199.56661987304688,0.4599234461784363,0.4757770001888275,0.5154091715812683,47.251338958740234,60.958740234375,61.037330627441406,-45.6057014465332,-56.26231002807617,-59.73115921020508,6.610141277313232,19.334135055541992,3.4013895988464355,0.9651727080345154,0.9229572415351868,0.9786004424095154,5.229226112365723,5.141844749450684,4.127209186553955,nan
2.400,0,102.71595764160156,128.08853149414062,118.4092788696289,201.45042419433594,201.840576171875,199.53253173828125,0.4543408751487732,0.46976736187934875,0.5114844441413879,46.66805648803711,60.171810150146484,60.56450271606445,-45.17503356933594,-55.64025115966797,-59.400238037109375,6.054149627685547,18.939653396606445,3.0334644317626953,0.9680076241493225,0.9246896505355835,0.9807764291763306,5.202167510986328,5.150599479675293,4.161596775054932,nan
2.450,0,102.71595764160156,128.08853149414062,118.4092788696289,201.45042419433594,201.840576171875,199.53253173828125,0.4543408751487732,0.46976736187934875,0.5114844441413879,46.66805648803711,60.171810150146484,60.56450271606445,-45.17503356933594,-55.64025115966797,-59.400238037109375,6.054149627685547,18.939653396606445,3.0334644317626953,0.9680076241493225,0.9246896505355835,0.9807764291763306,5.202167510986328,5.150599479675293,4.161596775054932,nan
2.500,0,102.71595764160156,128.08853149414062,118.4092788696289,201.45042419433594,201.840576171875,199.53253173828125,0.4543408751487732,0.46976736187934875,0.5114844441413879,46.66805648803711,60.171810150146484,60.56450271606445,-45.17503356933594,-55.64025115966797,-59.400238037109375,6.054149627685547,18.939653396606445,3.0334644317626953,0.9680076241493225,0.9246896505355835,0.9807764291763306,5.202167510986328,5.150599479675293,4.161596775054932,nan
2.550,0,102.71595764160156,128.08853149414062,118.4092788696289,201.45042419433594,201.840576171875,199.53253173828125,0.4543408751487732,0.46976736187934875,0.5114844441413879,46.66805648803711,60.171810150146484,60.56450271606445,-45.17503356933594,-55.64025115966797,-59.400238037109375,6.054149627685547,18.939653396606445,3.0334644317626953,0.9680076241493225,0.9246896505355835,0.9807764291763306,5.202167510986328,5.150599479675293,4.161596775054932,nan
2.600,0,102.69051361083984,128.065673828125,118.36872863769531,201.396728515625,201.80506896972656,199.47177124023438,0.45325788855552673,0.47021976113319397,0.5119203925132751,46.545284271240234,60.21900939941406,60.595367431640625,-44.883426666259766,-55.35069274902344,-59.263153076171875,6.539516925811768,19.63040542602539,3.6006264686584473,0.9642959237098694,0.9191564917564392,0.9780145883560181,5.2152323722839355,5.15017032623291,4.136358737945557,nan
2.650,0,102.69051361083984,128.065673828125,118.36872863769531,201.396728515625,201.80506896972656,199.47177124023438,0.45325788855552673,0.47021976113319397,0.5119203925132751,46.545284271240234,60.21900939941406,60.595367431640625,-44.883426666259766,-55.35069274902344,-59.263153076171875,6.539516925811768,19.63040542602539,3.6006264686584473,0.9642959237098694,0.9191564917564392,0.9780145883560181,5.2152323722839355,5.15017032623291,4.136358737945557,nan
2.700,0,102.69051361083984,128.065673828125,118.36872863769531,201.396728515625,201.80506896972656,199.47177124023438,0.45325788855552673,0.47021976113319397,0.5119203925132751,46.545284271240234,60.21900939941406,60.595367431640625,-44.883426666259766,-55.35069274902344,-59.263153076171875,6.539516925811768,19.63040542602539,3.6006264686584473,0.9642959237098694,0.9191564917564392,0.9780145883560181,5.2152323722839355,5.15017032623291,4.136358737945557,nan
2.750,0,102.69051361083984,128.065673828125,118.36872863769531,201.396728515625,201.80506896972656,199.47177124023438,0.45325788855552673,0.47021976113319397,0.5119203925132751,46.545284271240234,60.21900939941406,60.595367431640625,-44.883426666259766,-55.35069274902344,-59.263153076171875,6.539516925811768,19.63040542602539,3.6006264686584473,0.9642959237098694,0.9191564917564392,0.9780145883560181,5.2152323722839355,5.15017032623291,4.136358737945557,nan
2.800,0,102.70609283447266,128.11451721191406,118.3816146850586,201.45310974121094,201.84774780273438,199.50311279296875,0.45584380626678467,0.4749518632888794,0.5132706761360168,46.817935943603516,60.848228454589844,60.761810302734375,-45.186832427978516,-56.17453384399414,-59.42045974731445,6.027894973754883,18.744958877563477,2.514402389526367,0.9651607275009155,0.9231909513473511,0.9779244661331177,5.186408996582031,5.1798787117004395,4.100731372833252,nan
2.850,0,102.70609283447266,128.11451721191406,118.3816146850586,201.45310974121094,201.84774780273438,199.50311279296875,0.45584380626678467,0.4749518632888794,0.5132706761360168,46.817935943603516,60.848228454589844,60.761810302734375,-45.186832427978516,-56.17453384399414,-59.42045974731445,6.027894973754883,18.744958877563477,2.514402389526367,0.9651607275009155,0.9231909513473511,0.9779244661331177,5.186408996582031,5.1798787117004395,4.100731372833252,nan
2.900,0,102.70609283447266,128.11451721191406,118.3816146850586,201.45310974121094,201.84774780273438,199.50311279296875,0.45584380626678467,0.4749518632888794,0.5132706761360168,46.817935943603516,60.848228454589844,60.761810302734375,-45.186832427978516,-56.17453384399414,-59.42045974731445,6.027894973754883,18.744958877563477,2.514402389526367,0.9651607275009155,0.9231909513473511,0.9779244661331177,5.186408996582031,5.1798787117004395,4.100731372833252,nan
2.950,0,102.70609283447266,128.11451721191406,118.3816146850586,201.45310974121094,201.84774780273438,199.50311279296875,0.45584380626678467,0.4749518632888794,0.5132706761360168,46.817935943603516,60.848228454589844,60.761810302734375,-45.186832427978516,-56.17453384399414,-59.42045974731445,6.027894973754883,18.744958877563477,2.514402389526367,0.9651607275009155,0.9231909513473511,0.9779244661331177,5.186408996582031,5.1798787117004395,4.100731372833252,nan
3.000,0,102.68370056152344,128.09707641601562,118.37798309326172,201.41851806640625,201.8008575439453,199.50245666503906,0.4540383219718933,0.46854254603385925,0.5094930529594421,46.62233352661133,60.01892852783203,60.31275939941406,-44.941802978515625,-55.37147903442383,-58.95079040527344,6.011414527893066,18.674745559692383,2.908816337585449,0.9639543890953064,0.9225669503211975,0.9774182438850403,5.2206950187683105,5.181298732757568,4.1235833168029785,nan
3.050,0,102.68370056152344,128.09707641601562,118.37798309326172,201.41851806640625,201.8008575439453,199.50245666503906,0.4540383219718933,0.46854254603385925,0.5094930529594421,46.62233352661133,60.01892852783203,60.31275939941406,-44.941802978515625,-55.37147903442383,-58.95079040527344,6.011414527893066,18.674745559692383,2.908816337585449,0.9639543890953064,0.9225669503211975,0.9774182438850403,5.2206950187683105,5.181298732757568,4.1235833168029785,nan
3.100,0,102.68370056152344,128.09707641601562,118.37798309326172,201.41851806640625,201.8008575439453,199.50245666503906,0.4540383219718933,0.46854254603385925,0.5094930529594421,46.62233352661133,60.01892852783203,60.31275939941406,-44.941802978515625,-55.37147903442383,-58.95079040527344,6.011414527893066,18.674745559692383,2.908816337585449,0.9639543890953064,0.9225669503211975,0.9774182438850403,5.2206950187683105,5.181298732757568,4.1235833168029785,nan
3.150,0,102.68370056152344,128.09707641601562,118.37798309326172,201.41851806640625,201.8008575439453,199.50245666503906,0.4540383219718933,0.46854254603385925,0.5094930529594421,46.62233352661133,60.01892852783203,60.31275939941406,-44.941802978515625,-55.37147903442383,-58.95079040527344,6.011414527893066,18.674745559692383,2.908816337585449,0.9639543890953064,0.9225669503211975,0.9774182438850403,5.2206950187683105,5.181298732757568,4.1235833168029785,nan
3.200,0,102.69453430175781,128.09559631347656,118.39608001708984,201.43304443359375,201.84262084960938,199.50535583496094,0.4540351927280426,0.47163090109825134,0.5118769407272339,46.62693405151367,60.413841247558594,60.60422134399414,-45.04399871826172,-55.64114761352539,-59.34370040893555,6.703463554382324,19.652257919311523,3.615583896636963,0.9660510420799255,0.9210000038146973,0.9792007803916931,5.274082660675049,5.2011919021606445,4.139118194580078,nan
3.250,0,102.69453430175781,128.09559631347656,118.39608001708984,201.43304443359375,201.84262084960938,199.50535583496094,0.4540351927280426,0.47163090109825134,0.5118769407272339,46.62693405151367,60.413841247558594,60.60422134399414,-45.04399871826172,-55.64114761352539,-59.34370040893555,6.703463554382324,19.652257919311523,3.615583896636963,0.9660510420799255,0.9210000038146973,0.9792007803916931,5.274082660675049,5.2011919021606445,4.139118194580078,nan
3.300,0,102.69453430175781,128.09559631347656,118.39608001708984,201.43304443359375,201.84262084960938,199.50535583496094,0.4540351927280426,0.47163090109825134,0.5118769407272339,46.62693405151367,60.413841247558594,60.60422134399414,-45.04399871826172,-55.64114761352539,-59.34370040893555,6.703463554382324,19.652257919311523,3.615583896636963,0.9660510420799255,0.9210000038146973,0.9792007803916931,5.274082660675049,5.2011919021606445,4.139118194580078,nan
3.350,0,102.69453430175781,128.09559631347656,118.39608001708984,201.43304443359375,201.84262084960938,199.50535583496094,0.4540351927280426,0.47163090109825134,0.5118769407272339,46.62693405151367,60.413841247558594,60.60422134399414,-45.04399871826172,-55.64114761352539,-59.34370040893555,6.703463554382324,19.652257919311523,3.615583896636963,0.9660510420799255,0.9210000038146973,0.9792007803916931,5.274082660675049,5.2011919021606445,4.139118194580078,nan
3.400,0,102.73197937011719,128.11387634277344,118.45892333984375,201.47589111328125,201.9294891357422,199.58404541015625,0.45635661482810974,0.4722420275211334,0.5126590132713318,46.88241958618164,60.500755310058594,60.729034423828125,-45.2394905090332,-55.90823745727539,-59.414512634277344,6.173592567443848,18.89781379699707,2.9428648948669434,0.9649564027786255,0.9240915775299072,0.9783543348312378,5.284790515899658,5.209818363189697,4.191267490386963,nan
3.450,0,102.73197937011719,128.11387634277344,118.45892333984375,201.47589111328125,201.9294891357422,199.58404541015625,0.45635661482810974,0.4722420275211334,0.5126590132713318,46.88241958618164,60.500755310058594,60.729034423828125,-45.2394905090332,-55.90823745727539,-59.414512634277344,6.173592567443848,18.89781379699707,2.9428648948669434,0.9649564027786255,0.9240915775299072,0.9783543348312378,5.284790515899658,5.209818363189697,4.191267490386963,nan
3.500,0,102.73197937011719,128.11387634277344,118.45892333984375,201.47589111328125,201.9294891357422,199.58404541015625,0.45635661482810974,0.4722420275211334,0.5126590132713318,46.88241958618164,60.500755310058594,60.729034423828125,-45.2394905090332,-55.90823745727539,-59.414512634277344,6.173592567443848,18.89781379699707,2.9428648948669434,0.9649564027786255,0.9240915775299072,0.9783543348312378,5.284790515899658,5.209818363189697,4.191267490386963,nan
3.550,0,102.73197937011719,128.11387634277344,118.45892333984375,201.47589111328125,201.9294891357422,199.58404541015625,0.45635661482810974,0.4722420275211334,0.5126590132713318,46.88241958618164,60.500755310058594,60.729034423828125,-45.2394905090332,-55.90823745727539,-59.414512634277344,6.173592567443848,18.89781379699707,2.9428648948669434,0.9649564027786255,0.9240915775299072,0.9783543348312378,5.284790515899658,5.209818363189697,4.191267490386963,nan
3.600,0,102.73229217529297,128.10330200195312,118.44700622558594,201.46212768554688,201.9131317138672,199.57476806640625,0.4517492949962616,0.46631336212158203,0.506319522857666,46.40924072265625,59.73628234863281,59.97203063964844,-44.74812698364258,-55.118247985839844,-58.61467361450195,5.996849060058594,18.51616668701172,2.935851573944092,0.9642072916030884,0.9226929545402527,0.9773668050765991,5.299665451049805,5.244994640350342,4.2139506340026855,nan
3.650,0,102.73229217529297,128.10330200195312,118.44700622558594,201.46212768554688,201.9131317138672,199.57476806640625,0.4517492949962616,0.46631336212158203,0.506319522857666,46.40924072265625,59.73628234863281,59.97203063964844,-44.74812698364258,-55.118247985839844,-58.61467361450195,5.996849060058594,18.51616668701172,2.935851573944092,0.9642072916030884,0.9226929545402527,0.9773668050765991,5.299665451049805,5.244994640350342,4.2139506340026855,nan
3.700,0,102.73229217529297,128.10330200195312,118.44700622558594,201.46212768554688,201.9131317138672,199.57476806640625,0.4517492949962616,0.46631336212158203,0.506319522857666,46.40924072265625,59.73628234863281,59.97203063964844,-44.74812698364258,-55.118247985839844,-58.61467361450195,5.996849060058594,18.51616668701172,2.935851573944092,0.9642072916030884,0.9226929545402527,0.9773668050765991,5.299665451049805,5.244994640350342,4.2139506340026855,nan
3.750,0,102.73229217529297,128.10330200195312,118.44700622558594,201.46212768554688,201.9131317138672,199.57476806640625,0.4517492949962616,0.46631336212158203,0.506319522857666,46.40924072265625,59.73628234863281,59.97203063964844,-44.74812698364258,-55.118247985839844,-58.61467361450195,5.996849060058594,18.51616668701172,2.935851573944092,0.9642072916030884,0.9226929545402527,0.9773668050765991,5.299665451049805,5.244994640350342,4.2139506340026855,nan
3.800,0,102.75463104248047,128.1243896484375,118.47412109375,201.48207092285156,201.9453125,199.63775634765625,0.45622700452804565,0.4713098704814911,0.5126884579658508,46.87943649291992,60.386287689208984,60.74031448364258,-45.230735778808594,-55.680686950683594,-59.384361267089844,6.558940410614014,19.32662010192871,3.53788685798645,0.9648310542106628,0.9220750331878662,0.9776762127876282,5.258886337280273,5.252182483673096,4.197318077087402,nan
3.850,0,102.75463104248047,128.1243896484375,118.47412109375,201.48207092285156,201.9453125,199.63775634765625,0.45622700452804565,0.4713098704814911,0.5126884579658508,46.87943649291992,60.386287689208984,60.74031448364258,-45.230735778808594,-55.680686950683594,-59.384361267089844,6.558940410614014,19.32662010192871,3.53788685798645,0.9648310542106628,0.9220750331878662,0.9776762127876282,5.258886337280273,5.252182483673096,4.197318077087402,nan
3.900,0,102.75463104248047,128.1243896484375,118.47412109375,201.48207092285156,201.9453125,199.63775634765625,0.45622700452804565,0.4713098704814911,0.5126884579658508,46.87943649291992,60.386287689208984,60.74031448364258,-45.230735778808594,-55.680686950683594,-59.384361267089844,6.558940410614014,19.32662010192871,3.53788685798645,0.9648310542106628,0.9220750331878662,0.9776762127876282,5.258886337280273,5.252182483673096,4.197318077087402,nan
3.950,0,102.75463104248047,128.1243896484375,118.47412109375,201.48207092285156,201.9453125,199.63775634765625,0.45622700452804565,0.4713098704814911,0.5126884579658508,46.87943649291992,60.386287689208984,60.74031448364258,-45.230735778808594,-55.680686950683594,-59.384361267089844,6.558940410614014,19.32662010192871,3.53788685798645,0.9648310542106628,0.9220750331878662,0.9776762127876282,5.258886337280273,5.252182483673096,4.197318077087402,nan
4.000,0,102.7701416015625,128.1885528564453,118.50213623046875,201.5585479736328,202.02288818359375,199.67286682128906,0.4564700424671173,0.47352704405784607,0.5140814781188965,46.91149139404297,60.70074462890625,60.91975402832031,-45.468536376953125,-56.203426361083984,-59.78453826904297,6.037404537200928,18.888629913330078,2.788727045059204,0.9692409038543701,0.9259099960327148,0.9813653826713562,5.255204200744629,5.2136921882629395,4.169229984283447,nan
4.050,0,102.7701416015625,128.1885528564453,118.50213623046875,201.5585479736328,202.02288818359375,199.67286682128906,0.4564700424671173,0.47352704405784607,0.5140814781188965,46.91149139404297,60.70074462890625,60.91975402832031,-45.468536376953125,-56.203426361083984,-59.78453826904297,6.037404537200928,18.888629913330078,2.788727045059204,0.9692409038543701,0.9259099960327148,0.9813653826713562,5.255204200744629,5.2136921882629395,4.169229984283447,nan
4.100,0,102.7701416015625,128.1885528564453,118.50213623046875,201.5585479736328,202.02288818359375,199.67286682128906,0.4564700424671173,0.47352704405784607,0.5140814781188965,46.91149139404297,60.70074462890625,60.91975402832031,-45.468536376953125,-56.203426361083984,-59.78453826904297,6.037404537200928,18.888629913330078,2.788727045059204,0.9692409038543701,0.9259099960327148,0.9813653826713562,5.255204200744629,5.2136921882629395,4.169229984283447,nan
4.150,0,102.7701416015625,128.1885528564453,118.50213623046875,201.5585479736328,202.02288818359375,199.67286682128906,0.4564700424671173,0.47352704405784607,0.5140814781188965,46.91149139404297,60.70074462890625,60.91975402832031,-45.468536376953125,-56.203426361083984,-59.78453826904297,6.037404537200928,18.888629913330078,2.788727045059204,0.9692409038543701,0.9259099960327148,0.9813653826713562,5.255204200744629,5.2136921882629395,4.169229984283447,nan
4.200,0,102.74383544921875,128.19210815429688,118.43910217285156,201.55169677734375,201.95562744140625,199.59738159179688,0.4529299736022949,0.4717912971973419,0.5109256505966187,46.535762786865234,60.47991943359375,60.51357650756836,-44.90668487548828,-55.83479309082031,-59.19492721557617,6.395412921905518,19.235210418701172,2.9719924926757812,0.9649930000305176,0.9231955409049988,0.9782090187072754,5.25612735748291,5.196225166320801,4.113146781921387,nan
4.250,0,102.74383544921875,128.19210815429688,118.43910217285156,201.55169677734375,201.95562744140625,199.59738159179688,0.4529299736022949,0.4717912971973419,0.5109256505966187,46.535762786865234,60.47991943359375,60.51357650756836,-44.90668487548828,-55.83479309082031,-59.19492721557617,6.395412921905518,19.235210418701172,2.9719924926757812,0.9649930000305176,0.9231955409049988,0.9782090187072754,5.25612735748291,5.196225166320801,4.113146781921387,nan
4.300,0,102.74383544921875,128.19210815429688,118.43910217285156,201.55169677734375,201.95562744140625,199.59738159179688,0.4529299736022949,0.4717912971973419,0.5109256505966187,46.535762786865234,60.47991943359375,60.51357650756836,-44.90668487548828,-55.83479309082031,-59.19492721557617,6.395412921905518,19.235210418701172,2.9719924926757812,0.9649930000305176,0.9231955409049988,0.9782090187072754,5.25612735748291,5.196225166320801,4.113146781921387,nan
4.350,0,102.74383544921875,128.19210815429688,118.43910217285156,201.55169677734375,201.95562744140625,199.59738159179688,0.4529299736022949,0.4717912971973419,0.5109256505966187,46.535762786865234,60.47991943359375,60.51357650756836,-44.90668487548828,-55.83479309082031,-59.19492721557617,6.395412921905518,19.235210418701172,2.9719924926757812,0.9649930000305176,0.9231955409049988,0.9782090187072754,5.25612735748291,5.196225166320801,4.113146781921387,nan
4.400,0,102.75883483886719,128.16664123535156,118.46292877197266,201.5556182861328,201.95779418945312,199.61708068847656,0.4575292766094208,0.4767441153526306,0.5143467783927917,47.015174865722656,61.102691650390625,60.931026458740234,-45.31559371948242,-56.18820571899414,-59.578102111816406,6.964047431945801,19.76312828063965,3.599773645401001,0.9638503789901733,0.9195700287818909,0.9777957797050476,5.249434471130371,5.173043251037598,4.1342949867248535,nan
4.450,0,102.75883483886719,128.16664123535156,118.46292877197266,201.5556182861328,201.95779418945312,199.61708068847656,0.4575292766094208,0.4767441153526306,0.5143467783927917,47.015174865722656,61.102691650390625,60.931026458740234,-45.31559371948242,-56.18820571899414,-59.578102111816406,6.964047431945801,19.76312828063965,3.599773645401001,0.9638503789901733,0.9195700287818909,0.9777957797050476,5.249434471130371,5.173043251037598,4.1342949867248535,nan
4.500,0,102.75883483886719,128.16664123535156,118.46292877197266,201.5556182861328,201.95779418945312,199.61708068847656,0.4575292766094208,0.4767441153526306,0.5143467783927917,47.015174865722656,61.102691650390625,60.931026458740234,-45.31559371948242,-56.18820571899414,-59.578102111816406,6.964047431945801,19.76312828063965,3.599773645401001,0.9638503789901733,0.9195700287818909,0.9777957797050476,5.249434471130371,5.173043251037598,4.1342949867248535,nan
4.550,0,102.75883483886719,128.16664123535156,118.46292877197266,201.5556182861328,201.95779418945312,199.61708068847656,0.4575292766094208,0.4767441153526306,0.5143467783927917,47.015174865722656,61.102691650390625,60.931026458740234,-45.31559371948242,-56.18820571899414,-59.578102111816406,6.964047431945801,19.76312828063965,3.599773645401001,0.9638503789901733,0.9195700287818909,0.9777957797050476,5.249434471130371,5.173043251037598,4.1342949867248535,nan
4.600,0,102.7737808227539,128.15213012695312,118.46859741210938,201.5518798828125,201.95347595214844,199.6357879638672,0.45840317010879517,0.47466978430747986,0.5139080882072449,47.1118278503418,60.8299446105957,60.8819694519043,-45.48477554321289,-56.15160369873047,-59.591426849365234,6.48333740234375,19.172874450683594,3.2613906860351562,0.9654640555381775,0.923091471195221,0.9788025617599487,5.297114849090576,5.197812557220459,4.15751838684082,nan
4.650,0,102.7737808227539,128.15213012695312,118.46859741210938,201.5518798828125,201.95347595214844,199.6357879638672,0.45840317010879517,0.47466978430747986,0.5139080882072449,47.1118278503418,60.8299446105957,60.8819694519043,-45.48477554321289,-56.15160369873047,-59.591426849365234,6.48333740234375,19.172874450683594,3.2613906860351562,0.9654640555381775,0.923091471195221,0.9788025617599487,5.297114849090576,5.197812557220459,4.15751838684082,nan
4.700,0,102.7737808227539,128.15213012695312,118.46859741210938,201.5518798828125,201.95347595214844,199.6357879638672,0.45840317010879517,0.47466978430747986,0.5139080882072449,47.1118278503418,60.8299446105957,60.8819694519043,-45.48477554321289,-56.15160369873047,-59.591426849365234,6.48333740234375,19.172874450683594,3.2613906860351562,0.9654640555381775,0.923091471195221,0.9788025617599487,5.297114849090576,5.197812557220459,4.15751838684082,nan
4.750,0,102.7737808227539,128.15213012695312,118.46859741210938,201.5518798828125,201.95347595214844,199.6357879638672,0.45840317010879517,0.47466978430747986,0.5139080882072449,47.1118278503418,60.8299446105957,60.8819694519043,-45.48477554321289,-56.15160369873047,-59.591426849365234,6.48333740234375,19.172874450683594,3.2613906860351562,0.9654640555381775,0.923091471195221,0.9788025617599487,5.297114849090576,5.197812557220459,4.15751838684082,nan
4.800,0,102.73804473876953,128.08328247070312,118.4344482421875,201.4353790283203,201.86334228515625,199.5945587158203,0.4502396583557129,0.46699368953704834,0.505836009979248,46.25674057006836,59.814083099365234,59.908409118652344,-44.760475158691406,-55.28293228149414,-58.758636474609375,6.430020809173584,19.030977249145508,3.259654998779297,0.9676530361175537,0.924246072769165,0.9808078408241272,5.231435775756836,5.208272457122803,4.168001174926758,nan
4.850,0,102.73804473876953,128.08328247070312,118.4344482421875,201.4353790283203,201.86334228515625,199.5945587158203,0.4502396583557129,0.46699368953704834,0.505836009979248,46.25674057006836,59.814083099365234,59.908409118652344,-44.760475158691406,-55.28293228149414,-58.758636474609375,6.430020809173584,19.030977249145508,3.259654998779297,0.9676530361175537,0.924246072769165,0.9808078408241272,5.231435775756836,5.208272457122803,4.168001174926758,nan
4.900,0,102.73804473876953,128.08328247070312,118.4344482421875,201.4353790283203,201.86334228515625,199.5945587158203,0.4502396583557129,0.46699368953704834,0.505836009979248,46.25674057006836,59.814083099365234,59.908409118652344,-44.760475158691406,-55.28293228149414,-58.758636474609375,6.430020809173584,19.030977249145508,3.259654998779297,0.9676530361175537,0.924246072769165,0.9808078408241272,5.231435775756836,5.208272457122803,4.168001174926758,nan
4.950,0,102.73804473876953,128.08328247070312,118.4344482421875,201.4353790283203,201.86334228515625,199.5945587158203,0.4502396583557129,0.46699368953704834,0.505836009979248,46.25674057006836,59.814083099365234,59.908409118652344,-44.760475158691406,-55.28293228149414,-58.758636474609375,6.430020809173584,19.030977249145508,3.259654998779297,0.9676530361175537,0.924246072769165,0.9808078408241272,5.231435775756836,5.208272457122803,4.168001174926758,nan
5.000,0,102.7529067993164,128.11404418945312,118.45330047607422,201.4742889404297,201.91534423828125,199.61825561523438,0.45548659563064575,0.4736979603767395,0.5132663249969482,46.80257034301758,60.68736267089844,60.798091888427734,-45.11370849609375,-55.91938781738281,-59.36723709106445,6.350347995758057,19.12348175048828,2.997734546661377,0.9639151692390442,0.9214338064193726,0.9764654636383057,5.215705394744873,5.182936191558838,4.169084548950195,nan
5.050,0,102.7529067993164,128.11404418945312,118.45330047607422,201.4742889404297,201.91534423828125,199.61825561523438,0.45548659563064575,0.4736979603767395,0.5132663249969482,46.80257034301758,60.68736267089844,60.798091888427734,-45.11370849609375,-55.91938781738281,-59.36723709106445,6.350347995758057,19.12348175048828,2.997734546661377,0.9639151692390442,0.9214338064193726,0.9764654636383057,5.215705394744873,5.182936191558838,4.169084548950195,nan
5.100,0,102.7529067993164,128.11404418945312,118.45330047607422,201.4742889404297,201.91534423828125,199.61825561523438,0.45548659563064575,0.4736979603767395,0.5132663249969482,46.80257034301758,60.68736267089844,60.798091888427734,-45.11370849609375,-55.91938781738281,-59.36723709106445,6.350347995758057,19.12348175048828,2.997734546661377,0.9639151692390442,0.9214338064193726,0.9764654636383057,5.215705394744873,5.182936191558838,4.169084548950195,nan
5.150,0,102.7529067993164,128.11404418945312,118.45330047607422,201.4742889404297,201.91534423828125,199.61825561523438,0.45548659563064575,0.4736979603767395,0.5132663249969482,46.80257034301758,60.68736267089844,60.798091888427734,-45.11370849609375,-55.91938781738281,-59.36723709106445,6.350347995758057,19.12348175048828,2.997734546661377,0.9639151692390442,0.9214338064193726,0.9764654636383057,5.215705394744873,5.182936191558838,4.169084548950195,nan
5.200,0,102.74169921875,128.17250061035156,118.42973327636719,201.53671264648438,201.93421936035156,199.57823181152344,0.45738014578819275,0.4769311845302582,0.514135479927063,46.99201202392578,61.12946319580078,60.8889274597168,-45.26029968261719,-56.36958694458008,-59.49581527709961,6.062930107116699,18.73272132873535,2.4437222480773926,0.9631487727165222,0.922134518623352,0.9771204590797424,5.255654811859131,5.236888885498047,4.195424556732178,nan
5.250,0,102.74169921875,128.17250061035156,118.42973327636719,201.53671264648438,201.93421936035156,199.57823181152344,0.45738014578819275,0.4769311845302582,0.514135479927063,46.99201202392578,61.12946319580078,60.8889274597168,-45.26029968261719,-56.36958694458008,-59.49581527709961,6.062930107116699,18.73272132873535,2.4437222480773926,0.9631487727165222,0.922134518623352,0.9771204590797424,5.255654811859131,5.236888885498047,4.195424556732178,nan
5.300,0,102.74169921875,128.17250061035156,118.42973327636719,201.53671264648438,201.93421936035156,199.57823181152344,0.45738014578819275,0.4769311845302582,0.514135479927063,46.99201202392578,61.12946319580078,60.8889274597168,-45.26029968261719,-56.36958694458008,-59.49581527709961,6.062930107116699,18.73272132873535,2.4437222480773926,0.9631487727165222,0.922134518623352,0.9771204590797424,5.255654811859131,5.236888885498047,4.195424556732178,nan
5.350,0,102.74169921875,128.17250061035156,118.42973327636719,201.53671264648438,201.93421936035156,199.57823181152344,0.45738014578819275,0.4769311845302582,0.514135479927063,46.99201202392578,61.12946319580078,60.8889274597168,-45.26029968261719,-56.36958694458008,-59.49581527709961,6.062930107116699,18.73272132873535,2.4437222480773926,0.9631487727165222,0.922134518623352,0.9771204590797424,5.255654811859131,5.236888885498047,4.195424556732178,nan
5.400,0,102.68805694580078,128.1103973388672,118.39453125,201.434326171875,201.83984375,199.51158142089844,0.45239269733428955,0.4689052104949951,0.5093550086021423,46.455326080322266,60.071632385253906,60.304847717285156,-44.6684684753418,-55.21013641357422,-58.85772705078125,6.267621040344238,19.1108341217041,3.1472432613372803,0.9615359902381897,0.9190716743469238,0.9760032296180725,5.254622936248779,5.2112555503845215,4.194461345672607,nan
5.450,0,102.68805694580078,128.1103973388672,118.39453125,201.434326171875,201.83984375,199.51158142089844,0.45239269733428955,0.4689052104949951,0.5093550086021423,46.455326080322266,60.071632385253906,60.304847717285156,-44.6684684753418,-55.21013641357422,-58.85772705078125,6.267621040344238,19.1108341217041,3.1472432613372803,0.9615359902381897,0.9190716743469238,0.9760032296180725,5.254622936248779,5.2112555503845215,4.194461345672607,nan
5.500,0,102.68805694580078,128.1103973388672,118.39453125,201.434326171875,201.83984375,199.51158142089844,0.45239269733428955,0.4689052104949951,0.5093550086021423,46.455326080322266,60.071632385253906,60.304847717285156,-44.6684684753418,-55.21013641357422,-58.85772705078125,6.267621040344238,19.1108341217041,3.1472432613372803,0.9615359902381897,0.9190716743469238,0.9760032296180725,5.254622936248779,5.2112555503845215,4.194461345672607,nan
5.550,0,102.68805694580078,128.1103973388672,118.39453125,201.434326171875,201.83984375,199.51158142089844,0.45239269733428955,0.4689052104949951,0.5093550086021423,46.455326080322266,60.071632385253906,60.304847717285156,-44.6684684753418,-55.21013641357422,-58.85772705078125,6.267621040344238,19.1108341217041,3.1472432613372803,0.9615359902381897,0.9190716743469238,0.9760032296180725,5.254622936248779,5.2112555503845215,4.194461345672607,nan
5.600,0,102.74761962890625,128.12718200683594,118.44369506835938,201.5121612548828,201.9035186767578,199.59312438964844,0.456725150346756,0.47450464963912964,0.5148118734359741,46.92742156982422,60.79694366455078,60.976219177246094,-45.32497787475586,-55.99713897705078,-59.708309173583984,6.651103973388672,19.67108917236328,3.5243189334869385,0.9658527374267578,0.9210518598556519,0.9792065024375916,5.319860458374023,5.239743709564209,4.220566749572754,nan
5.650,0,102.74761962890625,128.12718200683594,118.44369506835938,201.5121612548828,201.9035186767578,199.59312438964844,0.456725150346756,0.47450464963912964,0.5148118734359741,46.92742156982422,60.79694366455078,60.976219177246094,-45.32497787475586,-55.99713897705078,-59.708309173583984,6.651103973388672,19.67108917236328,3.5243189334869385,0.9658527374267578,0.9210518598556519,0.9792065024375916,5.319860458374023,5.239743709564209,4.220566749572754,nan
5.700,0,102.74761962890625,128.12718200683594,118.44369506835938,201.5121612548828,201.9035186767578,199.59312438964844,0.456725150346756,0.47450464963912964,0.5148118734359741,46.92742156982422,60.79694366455078,60.976219177246094,-45.32497787475586,-55.99713897705078,-59.708309173583984,6.651103973388672,19.67108917236328,3.5243189334869385,0.9658527374267578,0.9210518598556519,0.9792065024375916,5.319860458374023,5.239743709564209,4.220566749572754,nan
5.750,0,102.74761962890625,128.12718200683594,118.44369506835938,201.5121612548828,201.9035186767578,199.59312438964844,0.456725150346756,0.47450464963912964,0.5148118734359741,46.92742156982422,60.79694366455078,60.976219177246094,-45.32497787475586,-55.99713897705078,-59.708309173583984,6.651103973388672,19.67108917236328,3.5243189334869385,0.9658527374267578,0.9210518598556519,0.9792065024375916,5.319860458374023,5.239743709564209,4.220566749572754,nan
5.800,0,102.76119232177734,128.11883544921875,118.46774291992188,201.50924682617188,201.92584228515625,199.62332153320312,0.45588794350624084,0.47306033968925476,0.5123280882835388,46.84758758544922,60.607940673828125,60.69435119628906,-45.226200103759766,-56.01338195800781,-59.39429473876953,6.296210289001465,18.980484008789062,2.9402987957000732,0.965390145778656,0.9241921305656433,0.9785802960395813,5.311002254486084,5.240917205810547,4.249419212341309,nan
5.850,0,102.76119232177734,128.11883544921875,118.46774291992188,201.50924682617188,201.92584228515625,199.62332153320312,0.45588794350624084,0.47306033968925476,0.5123280882835388,46.84758758544922,60.607940673828125,60.69435119628906,-45.226200103759766,-56.01338195800781,-59.39429473876953,6.296210289001465,18.980484008789062,2.9402987957000732,0.965390145778656,0.9241921305656433,0.9785802960395813,5.311002254486084,5.240917205810547,4.249419212341309,nan
5.900,0,102.76119232177734,128.11883544921875,118.46774291992188,201.50924682617188,201.92584228515625,199.62332153320312,0.45588794350624084,0.47306033968925476,0.5123280882835388,46.84758758544922,60.607940673828125,60.69435119628906,-45.226200103759766,-56.01338195800781,-59.39429473876953,6.296210289001465,18.980484008789062,2.9402987957000732,0.965390145778656,0.9241921305656433,0.9785802960395813,5.311002254486084,5.240917205810547,4.249419212341309,nan
5.950,0,102.76119232177734,128.11883544921875,118.46774291992188,201.50924682617188,201.92584228515625,199.62332153320312,0.45588794350624084,0.47306033968925476,0.5123280882835388,46.84758758544922,60.607940673828125,60.69435119628906,-45.226200103759766,-56.01338195800781,-59.39429473876953,6.296210289001465,18.980484008789062,2.9402987957000732,0.965390145778656,0.9241921305656433,0.9785802960395813,5.311002254486084,5.240917205810547,4.249419212341309,nan
6.000,0,102.74359130859375,128.06765747070312,118.43065643310547,201.44512939453125,201.85284423828125,199.57559204101562,0.4521193206310272,0.4690629541873932,0.5067640542984009,46.452362060546875,60.07179260253906,60.01639938354492,-44.629878997802734,-55.211734771728516,-58.55070114135742,6.539383888244629,19.062911987304688,3.2965619564056396,0.960766613483429,0.9190958142280579,0.9755783677101135,5.288540840148926,5.2716240882873535,4.262203216552734,nan
6.050,0,102.74359130859375,128.06765747070312,118.43065643310547,201.44512939453125,201.85284423828125,199.57559204101562,0.4521193206310272,0.4690629541873932,0.5067640542984009,46.452362060546875,60.07179260253906,60.01639938354492,-44.629878997802734,-55.211734771728516,-58.55070114135742,6.539383888244629,19.062911987304688,3.2965619564056396,0.960766613483429,0.9190958142280579,0.9755783677101135,5.288540840148926,5.2716240882873535,4.262203216552734,nan
6.100,0,102.74359130859375,128.06765747070312,118.43065643310547,201.44512939453125,201.85284423828125,199.57559204101562,0.4521193206310272,0.4690629541873932,0.5067640542984009,46.452362060546875,60.07179260253906,60.01639938354492,-44.629878997802734,-55.211734771728516,-58.55070114135742,6.539383888244629,19.062911987304688,3.2965619564056396,0.960766613483429,0.9190958142280579,0.9755783677101135,5.288540840148926,5.2716240882873535,4.262203216552734,nan
6.150,0,102.74359130859375,128.06765747070312,118.43065643310547,201.44512939453125,201.85284423828125,199.57559204101562,0.4521193206310272,0.4690629541873932,0.5067640542984009,46.452362060546875,60.07179260253906,60.01639938354492,-44.629878997802734,-55.211734771728516,-58.55070114135742,6.539383888244629,19.062911987304688,3.2965619564056396,0.960766613483429,0.9190958142280579,0.9755783677101135,5.288540840148926,5.2716240882873535,4.262203216552734,nan
6.200,0,102.77014923095703,128.16806030273438,118.4709701538086,201.5511932373047,201.97305297851562,199.63827514648438,0.45789894461631775,0.4732680320739746,0.5158804655075073,47.05834197998047,60.65784454345703,61.116859436035156,-45.420135498046875,-55.9747314453125,-59.75039291381836,6.152069091796875,19.100278854370117,3.0975759029388428,0.9651877284049988,0.9227945804595947,0.977641761302948,5.303282737731934,5.287978649139404,4.217998504638672,nan
6.250,0,102.77014923095703,128.16806030273438,118.4709701538086,201.5511932373047,201.97305297851562,199.63827514648438,0.45789894461631775,0.4732680320739746,0.5158804655075073,47.05834197998047,60.65784454345703,61.116859436035156,-45.420135498046875,-55.9747314453125,-59.75039291381836,6.152069091796875,19.100278854370117,3.0975759029388428,0.9651877284049988,0.9227945804595947,0.977641761302948,5.303282737731934,5.287978649139404,4.217998504638672,nan
6.300,0,102.77014923095703,128.16806030273438,118.4709701538086,201.5511932373047,201.97305297851562,199.63827514648438,0.45789894461631775,0.4732680320739746,0.5158804655075073,47.05834197998047,60.65784454345703,61.116859436035156,-45.420135498046875,-55.9747314453125,-59.75039291381836,6.152069091796875,19.100278854370117,3.0975759029388428,0.9651877284049988,0.9227945804595947,0.977641761302948,5.303282737731934,5.287978649139404,4.217998504638672,nan
6.350,0,102.77014923095703,128.16806030273438,118.4709701538086,201.5511932373047,201.97305297851562,199.63827514648438,0.45789894461631775,0.4732680320739746,0.5158804655075073,47.05834197998047,60.65784454345703,61.116859436035156,-45.420135498046875,-55.9747314453125,-59.75039291381836,6.152069091796875,19.100278854370117,3.0975759029388428,0.9651877284049988,0.9227945804595947,0.977641761302948,5.303282737731934,5.287978649139404,4.217998504638672,nan
6.400,0,102.75347137451172,128.18292236328125,118.48530578613281,201.55068969726562,201.9952392578125,199.63992309570312,0.4539332091808319,0.47274264693260193,0.5125283002853394,46.643211364746094,60.5975341796875,60.727073669433594,-45.16511154174805,-56.03404998779297,-59.566585540771484,5.992664813995361,18.91527557373047,2.635737895965576,0.9683104753494263,0.924691915512085,0.9808900952339172,5.281714916229248,5.229423999786377,4.176279067993164,nan
6.450,0,102.75347137451172,128.18292236328125,118.48530578613281,201.55068969726562,201.9952392578125,199.63992309570312,0.4539332091808319,0.47274264693260193,0.5125283002853394,46.643211364746094,60.5975341796875,60.727073669433594,-45.16511154174805,-56.03404998779297,-59.566585540771484,5.992664813995361,18.91527557373047,2.635737895965576,0.9683104753494263,0.924691915512085,0.9808900952339172,5.281714916229248,5.229423999786377,4.176279067993164,nan
6.500,0,102.75347137451172,128.18292236328125,118.48530578613281,201.55068969726562,201.9952392578125,199.63992309570312,0.4539332091808319,0.47274264693260193,0.5125283002853394,46.643211364746094,60.5975341796875,60.727073669433594,-45.16511154174805,-56.03404998779297,-59.566585540771484,5.992664813995361,18.91527557373047,2.635737895965576,0.9683104753494263,0.924691915512085,0.9808900952339172,5.281714916229248,5.229423999786377,4.176279067993164,nan
6.550,0,102.75347137451172,128.18292236328125,118.48530578613281,201.55068969726562,201.9952392578125,199.63992309570312,0.4539332091808319,0.47274264693260193,0.5125283002853394,46.643211364746094,60.5975341796875,60.727073669433594,-45.16511154174805,-56.03404998779297,-59.566585540771484,5.992664813995361,18.91527557373047,2.635737895965576,0.9683104753494263,0.924691915512085,0.9808900952339172,5.281714916229248,5.229423999786377,4.176279067993164,nan
6.600,0,102.72639465332031,128.1654510498047,118.44155883789062,201.51141357421875,201.9465789794922,199.5781707763672,0.45475274324417114,0.47437727451324463,0.5145114064216614,46.715110778808594,60.79877853393555,60.93953323364258,-44.9808464050293,-55.89385223388672,-59.54853439331055,6.705137729644775,19.85743522644043,3.4144983291625977,0.9628757238388062,0.9193252325057983,0.9771741032600403,5.308377742767334,5.228172302246094,4.122054576873779,nan
6.650,0,102.72639465332031,128.1654510498047,118.44155883789062,201.51141357421875,201.9465789794922,199.5781707763672,0.45475274324417114,0.47437727451324463,0.5145114064216614,46.715110778808594,60.79877853393555,60.93953323364258,-44.9808464050293,-55.89385223388672,-59.54853439331055,6.705137729644775,19.85743522644043,3.4144983291625977,0.9628757238388062,0.9193252325057983,0.9771741032600403,5.308377742767334,5.228172302246094,4.122054576873779,nan
6.700,0,102.72639465332031,128.1654510498047,118.44155883789062,201.51141357421875,201.9465789794922,199.5781707763672,0.45475274324417114,0.47437727451324463,0.5145114064216614,46.715110778808594,60.79877853393555,60.93953323364258,-44.9808464050293,-55.89385223388672,-59.54853439331055,6.705137729644775,19.85743522644043,3.4144983291625977,0.9628757238388062,0.9193252325057983,0.9771741032600403,5.308377742767334,5.228172302246094,4.122054576873779,nan
6.750,0,102.72639465332031,128.1654510498047,118.44155883789062,201.51141357421875,201.9465789794922,199.5781707763672,0.45475274324417114,0.47437727451324463,0.5145114064216614,46.715110778808594,60.79877853393555,60.93953323364258,-44.9808464050293,-55.89385223388672,-59.54853439331055,6.705137729644775,19.85743522644043,3.4144983291625977,0.9628757238388062,0.9193252325057983,0.9771741032600403,5.308377742767334,5.228172302246094,4.122054576873779,nan
6.800,0,102.76192474365234,128.16961669921875,118.47205352783203,201.56317138671875,201.96104431152344,199.6302032470703,0.45802396535873413,0.4777138829231262,0.5140485167503357,47.06742477416992,61.2284049987793,60.90038299560547,-45.4261474609375,-56.49632263183594,-59.607357025146484,6.720257759094238,19.33761215209961,3.1187314987182617,0.9651292562484741,0.9227142930030823,0.9787681698799133,5.266759395599365,5.205908298492432,4.168120384216309,nan
6.850,0,102.76192474365234,128.16961669921875,118.47205352783203,201.56317138671875,201.96104431152344,199.6302032470703,0.45802396535873413,0.4777138829231262,0.5140485167503357,47.06742477416992,61.2284049987793,60.90038299560547,-45.4261474609375,-56.49632263183594,-59.607357025146484,6.720257759094238,19.33761215209961,3.1187314987182617,0.9651292562484741,0.9227142930030823,0.9787681698799133,5.266759395599365,5.205908298492432,4.168120384216309,nan
6.900,0,102.76192474365234,128.16961669921875,118.47205352783203,201.56317138671875,201.96104431152344,199.6302032470703,0.45802396535873413,0.4777138829231262,0.5140485167503357,47.06742477416992,61.2284049987793,60.90038299560547,-45.4261474609375,-56.49632263183594,-59.607357025146484,6.720257759094238,19.33761215209961,3.1187314987182617,0.9651292562484741,0.9227142930030823,0.9787681698799133,5.266759395599365,5.205908298492432,4.168120384216309,nan
6.950,0,102.76192474365234,128.16961669921875,118.47205352783203,201.56317138671875,201.96104431152344,199.6302032470703,0.45802396535873413,0.4777138829231262,0.5140485167503357,47.06742477416992,61.2284049987793,60.90038299560547,-45.4261474609375,-56.49632263183594,-59.607357025146484,6.720257759094238,19.33761215209961,3.1187314987182617,0.9651292562484741,0.9227142930030823,0.9787681698799133,5.266759395599365,5.205908298492432,4.168120384216309,nan
7.000,0,102.7809829711914,128.1482696533203,118.46432495117188,201.55706787109375,201.9352569580078,199.64324951171875,0.45638611912727356,0.47201007604599,0.5110875368118286,46.907814025878906,60.487274169921875,60.54563903808594,-45.33700942993164,-55.87244415283203,-59.26399612426758,6.445834636688232,18.987857818603516,3.2706804275512695,0.96651291847229,0.9237057566642761,0.9788317680358887,5.264418125152588,5.1624674797058105,4.164505481719971,nan
7.050,0,102.7809829711914,128.1482696533203,118.46432495117188,201.55706787109375,201.9352569580078,199.64324951171875,0.45638611912727356,0.47201007604599,0.5110875368118286,46.907814025878906,60.487274169921875,60.54563903808594,-45.33700942993164,-55.87244415283203,-59.26399612426758,6.445834636688232,18.987857818603516,3.2706804275512695,0.96651291847229,0.9237057566642761,0.9788317680358887,5.264418125152588,5.1624674797058105,4.164505481719971,nan
7.100,0,102.7809829711914,128.1482696533203,118.46432495117188,201.55706787109375,201.9352569580078,199.64324951171875,0.45638611912727356,0.47201007604599,0.5110875368118286,46.907814025878906,60.487274169921875,60.54563903808594,-45.33700942993164,-55.87244415283203,-59.26399612426758,6.445834636688232,18.987857818603516,3.2706804275512695,0.96651291847229,0.9237057566642761,0.9788317680358887,5.264418125152588,5.1624674797058105,4.164505481719971,nan
7.150,0,102.7809829711914,128.1482696533203,118.46432495117188,201.55706787109375,201.9352569580078,199.64324951171875,0.45638611912727356,0.47201007604599,0.5110875368118286,46.907814025878906,60.487274169921875,60.54563903808594,-45.33700942993164,-55.87244415283203,-59.26399612426758,6.445834636688232,18.987857818603516,3.2706804275512695,0.96651291847229,0.9237057566642761,0.9788317680358887,5.264418125152588,5.1624674797058105,4.164505481719971,nan
7.200,0,102.75879669189453,128.12542724609375,118.45171356201172,201.5070343017578,201.92117309570312,199.60879516601562,0.45278480648994446,0.4691508710384369,0.5094571709632874,46.52762222290039,60.11015701293945,60.346073150634766,-44.94721603393555,-55.3863639831543,-59.16189956665039,6.766494274139404,19.659528732299805,3.796271800994873,0.9660329222679138,0.9214143753051758,0.9803769588470459,5.22531270980835,5.180206298828125,4.162887096405029,nan
7.250,0,102.75879669189453,128.12542724609375,118.45171356201172,201.5070343017578,201.92117309570312,199.60879516601562,0.45278480648994446,0.4691508710384369,0.5094571709632874,46.52762222290039,60.11015701293945,60.346073150634766,-44.94721603393555,-55.3863639831543,-59.16189956665039,6.766494274139404,19.659528732299805,3.796271800994873,0.9660329222679138,0.9214143753051758,0.9803769588470459,5.22531270980835,5.180206298828125,4.162887096405029,nan
7.300,0,102.75879669189453,128.12542724609375,118.45171356201172,201.5070343017578,201.92117309570312,199.60879516601562,0.45278480648994446,0.4691508710384369,0.5094571709632874,46.52762222290039,60.11015701293945,60.346073150634766,-44.94721603393555,-55.3863639831543,-59.16189956665039,6.766494274139404,19.659528732299805,3.796271800994873,0.9660329222679138,0.9214143753051758,0.9803769588470459,5.22531270980835,5.180206298828125,4.162887096405029,nan
7.350,0,102.75879669189453,128.12542724609375,118.45171356201172,201.5070343017578,201.92117309570312,199.60879516601562,0.45278480648994446,0.4691508710384369,0.5094571709632874,46.52762222290039,60.11015701293945,60.346073150634766,-44.94721603393555,-55.3863639831543,-59.16189956665039,6.766494274139404,19.659528732299805,3.796271800994873,0.9660329222679138,0.9214143753051758,0.9803769588470459,5.22531270980835,5.180206298828125,4.162887096405029,nan
7.400,0,102.76652526855469,128.17190551757812,118.49480438232422,201.531005859375,202.02200317382812,199.65818786621094,0.456656277179718,0.4728105068206787,0.5144678354263306,46.928977966308594,60.60102462768555,60.96176528930664,-45.3504753112793,-56.018341064453125,-59.64633560180664,6.026393413543701,18.863311767578125,2.8363285064697266,0.9663640260696411,0.9243794083595276,0.9784220457077026,5.215418338775635,5.173550128936768,4.1271467208862305,nan
7.450,0,102.76652526855469,128.17190551757812,118.49480438232422,201.531005859375,202.02200317382812,199.65818786621094,0.456656277179718,0.4728105068206787,0.5144678354263306,46.928977966308594,60.60102462768555,60.96176528930664,-45.3504753112793,-56.018341064453125,-59.64633560180664,6.026393413543701,18.863311767578125,2.8363285064697266,0.9663640260696411,0.9243794083595276,0.9784220457077026,5.215418338775635,5.173550128936768,4.1271467208862305,nan
7.500,0,102.76652526855469,128.17190551757812,118.49480438232422,201.531005859375,202.02200317382812,199.65818786621094,0.456656277179718,0.4728105068206787,0.5144678354263306,46.928977966308594,60.60102462768555,60.96176528930664,-45.3504753112793,-56.018341064453125,-59.64633560180664,6.026393413543701,18.863311767578125,2.8363285064697266,0.9663640260696411,0.9243794083595276,0.9784220457077026,5.215418338775635,5.173550128936768,4.1271467208862305,nan
7.550,0,102.76652526855469,128.17190551757812,118.49480438232422,201.531005859375,202.02200317382812,199.65818786621094,0.456656277179718,0.4728105068206787,0.5144678354263306,46.928977966308594,60.60102462768555,60.96176528930664,-45.3504753112793,-56.018341064453125,-59.64633560180664,6.026393413543701,18.863311767578125,2.8363285064697266,0.9663640260696411,0.9243794083595276,0.9784220457077026,5.215418338775635,5.173550128936768,4.1271467208862305,nan
7.600,0,102.73561096191406,128.17344665527344,118.46539306640625,201.50965881347656,201.97549438476562,199.61846923828125,0.4548529386520386,0.4697400629520416,0.510013222694397,46.72959518432617,60.20820236206055,60.41891860961914,-45.14347839355469,-55.68180465698242,-59.100093841552734,5.682583808898926,18.193836212158203,2.485424757003784,0.966057538986206,0.9248208999633789,0.9781720042228699,5.215759754180908,5.201830863952637,4.089393615722656,nan
7.650,0,102.73561096191406,128.17344665527344,118.46539306640625,201.50965881347656,201.97549438476562,199.61846923828125,0.4548529386520386,0.4697400629520416,0.510013222694397,46.72959518432617,60.20820236206055,60.41891860961914,-45.14347839355469,-55.68180465698242,-59.100093841552734,5.682583808898926,18.193836212158203,2.485424757003784,0.966057538986206,0.9248208999633789,0.9781720042228699,5.215759754180908,5.201830863952637,4.089393615722656,nan
7.700,0,102.73561096191406,128.17344665527344,118.46539306640625,201.50965881347656,201.97549438476562,199.61846923828125,0.4548529386520386,0.4697400629520416,0.510013222694397,46.72959518432617,60.20820236206055,60.41891860961914,-45.14347839355469,-55.68180465698242,-59.100093841552734,5.682583808898926,18.193836212158203,2.485424757003784,0.966057538986206,0.9248208999633789,0.9781720042228699,5.215759754180908,5.201830863952637,4.089393615722656,nan
7.750,0,102.73561096191406,128.17344665527344,118.46539306640625,201.50965881347656,201.97549438476562,199.61846923828125,0.4548529386520386,0.4697400629520416,0.510013222694397,46.72959518432617,60.20820236206055,60.41891860961914,-45.14347839355469,-55.68180465698242,-59.100093841552734,5.682583808898926,18.193836212158203,2.485424757003784,0.966057538986206,0.9248208999633789,0.9781720042228699,5.215759754180908,5.201830863952637,4.089393615722656,nan
7.800,0,102.73517608642578,128.1375274658203,118.47406768798828,201.4832763671875,201.94834899902344,199.62521362304688,0.4547109603881836,0.4717864692211151,0.5110989809036255,46.71480941772461,60.45355224609375,60.55197525024414,-45.02244186401367,-55.654781341552734,-59.205528259277344,6.651097774505615,19.416378021240234,3.468106746673584,0.9637723565101624,0.9206205010414124,0.9777637720108032,5.212364673614502,5.153876781463623,4.122493267059326,nan
7.850,0,102.73517608642578,128.1375274658203,118.47406768798828,201.4832763671875,201.94834899902344,199.62521362304688,0.4547109603881836,0.4717864692211151,0.5110989809036255,46.71480941772461,60.45355224609375,60.55197525024414,-45.02244186401367,-55.654781341552734,-59.205528259277344,6.651097774505615,19.416378021240234,3.468106746673584,0.9637723565101624,0.9206205010414124,0.9777637720108032,5.212364673614502,5.153876781463623,4.122493267059326,nan
7.900,0,102.73517608642578,128.1375274658203,118.47406768798828,201.4832763671875,201.94834899902344,199.62521362304688,0.4547109603881836,0.4717864692211151,0.5110989809036255,46.71480941772461,60.45355224609375,60.55197525024414,-45.02244186401367,-55.654781341552734,-59.205528259277344,6.651097774505615,19.416378021240234,3.468106746673584,0.9637723565101624,0.9206205010414124,0.9777637720108032,5.212364673614502,5.153876781463623,4.122493267059326,nan
7.950,0,102.73517608642578,128.1375274658203,118.47406768798828,201.4832763671875,201.94834899902344,199.62521362304688,0.4547109603881836,0.4717864692211151,0.5110989809036255,46.71480941772461,60.45355224609375,60.55197525024414,-45.02244186401367,-55.654781341552734,-59.205528259277344,6.651097774505615,19.416378021240234,3.468106746673584,0.9637723565101624,0.9206205010414124,0.9777637720108032,5.212364673614502,5.153876781463623,4.122493267059326,nan
8.000,0,102.78950500488281,128.17794799804688,118.51862335205078,201.5712127685547,202.02316284179688,199.70599365234375,0.4572790861129761,0.4729156494140625,0.5139678716659546,47.00349044799805,60.61735916137695,60.914764404296875,-45.51694107055664,-56.113765716552734,-59.70369338989258,6.206533908843994,18.972118377685547,3.05141019821167,0.9683736562728882,0.9257045388221741,0.9801185727119446,5.258894443511963,5.1642069816589355,4.153676509857178,nan
8.050,0,102.78950500488281,128.17794799804688,118.51862335205078,201.5712127685547,202.02316284179688,199.70599365234375,0.4572790861129761,0.4729156494140625,0.5139678716659546,47.00349044799805,60.61735916137695,60.914764404296875,-45.51694107055664,-56.113765716552734,-59.70369338989258,6.206533908843994,18.972118377685547,3.05141019821167,0.9683736562728882,0.9257045388221741,0.9801185727119446,5.258894443511963,5.1642069816589355,4.153676509857178,nan
8.100,0,102.78950500488281,128.17794799804688,118.51862335205078,201.5712127685547,202.02316284179688,199.70599365234375,0.4572790861129761,0.4729156494140625,0.5139678716659546,47.00349044799805,60.61735916137695,60.914764404296875,-45.51694107055664,-56.113765716552734,-59.70369338989258,6.206533908843994,18.972118377685547,3.05141019821167,0.9683736562728882,0.9257045388221741,0.9801185727119446,5.258894443511963,5.1642069816589355,4.153676509857178,nan
8.150,0,102.78950500488281,128.17794799804688,118.51862335205078,201.5712127685547,202.02316284179688,199.70599365234375,0.4572790861129761,0.4729156494140625,0.5139678716659546,47.00349044799805,60.61735916137695,60.914764404296875,-45.51694107055664,-56.113765716552734,-59.70369338989258,6.206533908843994,18.972118377685547,3.05141019821167,0.9683736562728882,0.9257045388221741,0.9801185727119446,5.258894443511963,5.1642069816589355,4.153676509857178,nan
8.200,0,102.76155853271484,128.15737915039062,118.47257995605469,201.5462646484375,201.9619598388672,199.62899780273438,0.4534805417060852,0.4707966446876526,0.5098148584365845,46.60036849975586,60.336063385009766,60.39908218383789,-44.93468475341797,-55.66872024536133,-59.03984451293945,6.141160011291504,18.80699348449707,2.827345371246338,0.9642559885978699,0.9226441979408264,0.9774957299232483,5.272231101989746,5.1992926597595215,4.129878044128418,nan
8.250,0,102.76155853271484,128.15737915039062,118.47257995605469,201.5462646484375,201.9619598388672,199.62899780273438,0.4534805417060852,0.4707966446876526,0.5098148584365845,46.60036849975586,60.336063385009766,60.39908218383789,-44.93468475341797,-55.66872024536133,-59.03984451293945,6.141160011291504,18.80699348449707,2.827345371246338,0.9642559885978699,0.9226441979408264,0.9774957299232483,5.272231101989746,5.1992926597595215,4.129878044128418,nan
8.300,0,102.76155853271484,128.15737915039062,118.47257995605469,201.5462646484375,201.9619598388672,199.62899780273438,0.4534805417060852,0.4707966446876526,0.5098148584365845,46.60036849975586,60.336063385009766,60.39908218383789,-44.93468475341797,-55.66872024536133,-59.03984451293945,6.141160011291504,18.80699348449707,2.827345371246338,0.9642559885978699,0.9226441979408264,0.9774957299232483,5.272231101989746,5.1992926597595215,4.129878044128418,nan
8.350,0,102.76155853271484,128.15737915039062,118.47257995605469,201.5462646484375,201.9619598388672,199.62899780273438,0.4534805417060852,0.4707966446876526,0.5098148584365845,46.60036849975586,60.336063385009766,60.39908218383789,-44.93468475341797,-55.66872024536133,-59.03984451293945,6.141160011291504,18.80699348449707,2.827345371246338,0.9642559885978699,0.9226441979408264,0.9774957299232483,5.272231101989746,5.1992926597595215,4.129878044128418,nan
8.400,0,102.74183654785156,128.09815979003906,118.48102569580078,201.46742248535156,201.92767333984375,199.6193084716797,0.4542078971862793,0.47293293476104736,0.5110078454017639,46.66615295410156,60.58184051513672,60.544734954833984,-44.87480163574219,-55.64139175415039,-59.10865020751953,6.613400459289551,19.380172729492188,3.3125264644622803,0.9616134762763977,0.9184499979019165,0.9762806296348572,5.249364852905273,5.177356719970703,4.168066501617432,nan
8.450,0,102.74183654785156,128.09815979003906,118.48102569580078,201.46742248535156,201.92767333984375,199.6193084716797,0.4542078971862793,0.47293293476104736,0.5110078454017639,46.66615295410156,60.58184051513672,60.544734954833984,-44.87480163574219,-55.64139175415039,-59.10865020751953,6.613400459289551,19.380172729492188,3.3125264644622803,0.9616134762763977,0.9184499979019165,0.9762806296348572,5.249364852905273,5.177356719970703,4.168066501617432,nan
8.500,0,102.74183654785156,128.09815979003906,118.48102569580078,201.46742248535156,201.92767333984375,199.6193084716797,0.4542078971862793,0.47293293476104736,0.5110078454017639,46.66615295410156,60.58184051513672,60.544734954833984,-44.87480163574219,-55.64139175415039,-59.10865020751953,6.613400459289551,19.380172729492188,3.3125264644622803,0.9616134762763977,0.9184499979019165,0.9762806296348572,5.249364852905273,5.177356719970703,4.168066501617432,nan
8.550,0,102.74183654785156,128.09815979003906,118.48102569580078,201.46742248535156,201.92767333984375,199.6193084716797,0.4542078971862793,0.47293293476104736,0.5110078454017639,46.66615295410156,60.58184051513672,60.544734954833984,-44.87480163574219,-55.64139175415039,-59.10865020751953,6.613400459289551,19.380172729492188,3.3125264644622803,0.9616134762763977,0.9184499979019165,0.9762806296348572,5.249364852905273,5.177356719970703,4.168066501617432,nan
8.600,0,102.79673767089844,128.16490173339844,118.51763916015625,201.5807342529297,202.01077270507812,199.69644165039062,0.45690903067588806,0.472329705953598,0.5140101909637451,46.96875762939453,60.53609085083008,60.919273376464844,-45.274200439453125,-55.90808868408203,-59.49568557739258,5.954963684082031,18.759828567504883,2.763826608657837,0.9639216065406799,0.9235497117042542,0.9766315817832947,5.272086143493652,5.2110161781311035,4.196082592010498,nan
8.650,0,102.79673767089844,128.16490173339844,118.51763916015625,201.5807342529297,202.01077270507812,199.69644165039062,0.45690903067588806,0.472329705953598,0.5140101909637451,46.96875762939453,60.53609085083008,60.919273376464844,-45.274200439453125,-55.90808868408203,-59.49568557739258,5.954963684082031,18.759828567504883,2.763826608657837,0.9639216065406799,0.9235497117042542,0.9766315817832947,5.272086143493652,5.2110161781311035,4.196082592010498,nan
8.700,0,102.79673767089844,128.16490173339844,118.51763916015625,201.5807342529297,202.01077270507812,199.69644165039062,0.45690903067588806,0.472329705953598,0.5140101909637451,46.96875762939453,60.53609085083008,60.919273376464844,-45.274200439453125,-55.90808868408203,-59.49568557739258,5.954963684082031,18.759828567504883,2.763826608657837,0.9639216065406799,0.9235497117042542,0.9766315817832947,5.272086143493652,5.2110161781311035,4.196082592010498,nan
8.750,0,102.79673767089844,128.16490173339844,118.51763916015625,201.5807342529297,202.01077270507812,199.69644165039062,0.45690903067588806,0.472329705953598,0.5140101909637451,46.96875762939453,60.53609085083008,60.919273376464844,-45.274200439453125,-55.90808868408203,-59.49568557739258,5.954963684082031,18.759828567504883,2.763826608657837,0.9639216065406799,0.9235497117042542,0.9766315817832947,5.272086143493652,5.2110161781311035,4.196082592010498,nan
8.800,0,102.77542114257812,128.1677703857422,118.49706268310547,201.5409393310547,201.99142456054688,199.68035888671875,0.4538968801498413,0.4719522297382355,0.510222315788269,46.649444580078125,60.48906326293945,60.45984649658203,-45.03158187866211,-55.8439826965332,-59.166202545166016,6.130156993865967,18.758089065551758,2.733656644821167,0.9653187394142151,0.9232079386711121,0.9786032438278198,5.21891975402832,5.216858863830566,4.1640801429748535,nan
8.850,0,102.77542114257812,128.1677703857422,118.49706268310547,201.5409393310547,201.99142456054688,199.68035888671875,0.4538968801498413,0.4719522297382355,0.510222315788269,46.649444580078125,60.48906326293945,60.45984649658203,-45.03158187866211,-55.8439826965332,-59.166202545166016,6.130156993865967,18.758089065551758,2.733656644821167,0.9653187394142151,0.9232079386711121,0.9786032438278198,5.21891975402832,5.216858863830566,4.1640801429748535,nan
8.900,0,102.77542114257812,128.1677703857422,118.49706268310547,201.5409393310547,201.99142456054688,199.68035888671875,0.4538968801498413,0.4719522297382355,0.510222315788269,46.649444580078125,60.48906326293945,60.45984649658203,-45.03158187866211,-55.8439826965332,-59.166202545166016,6.130156993865967,18.758089065551758,2.733656644821167,0.9653187394142151,0.9232079386711121,0.9786032438278198,5.21891975402832,5.216858863830566,4.1640801429748535,nan
8.950,0,102.77542114257812,128.1677703857422,118.49706268310547,201.5409393310547,201.99142456054688,199.68035888671875,0.4538968801498413,0.4719522297382355,0.510222315788269,46.649444580078125,60.48906326293945,60.45984649658203,-45.03158187866211,-55.8439826965332,-59.166202545166016,6.130156993865967,18.758089065551758,2.733656644821167,0.9653187394142151,0.9232079386711121,0.9786032438278198,5.21891975402832,5.216858863830566,4.1640801429748535,nan
9.000,0,102.77877044677734,128.20114135742188,118.48774719238281,201.5724334716797,202.01919555664062,199.6731414794922,0.4570484161376953,0.47666865587234497,0.5148811936378479,46.97487258911133,61.109466552734375,61.00711441040039,-45.262733459472656,-56.29825973510742,-59.67893600463867,6.865882873535156,19.770557403564453,3.393035650253296,0.9635519981384277,0.9212690591812134,0.9782291054725647,5.235631942749023,5.207763195037842,4.159002304077148,nan
9.050,0,102.77877044677734,128.20114135742188,118.48774719238281,201.5724334716797,202.01919555664062,199.6731414794922,0.4570484161376953,0.47666865587234497,0.5148811936378479,46.97487258911133,61.109466552734375,61.00711441040039,-45.262733459472656,-56.29825973510742,-59.67893600463867,6.865882873535156,19.770557403564453,3.393035650253296,0.9635519981384277,0.9212690591812134,0.9782291054725647,5.235631942749023,5.207763195037842,4.159002304077148,nan
9.100,0,102.77877044677734,128.20114135742188,118.48774719238281,201.5724334716797,202.01919555664062,199.6731414794922,0.4570484161376953,0.47666865587234497,0.5148811936378479,46.97487258911133,61.109466552734375,61.00711441040039,-45.262733459472656,-56.29825973510742,-59.67893600463867,6.865882873535156,19.770557403564453,3.393035650253296,0.9635519981384277,0.9212690591812134,0.9782291054725647,5.235631942749023,5.207763195037842,4.159002304077148,nan
9.150,0,102.77877044677734,128.20114135742188,118.48774719238281,201.5724334716797,202.01919555664062,199.6731414794922,0.4570484161376953,0.47666865587234497,0.5148811936378479,46.97487258911133,61.109466552734375,61.00711441040039,-45.262733459472656,-56.29825973510742,-59.67893600463867,6.865882873535156,19.770557403564453,3.393035650253296,0.9635519981384277,0.9212690591812134,0.9782291054725647,5.235631942749023,5.207763195037842,4.159002304077148,nan
9.200,0,102.8133316040039,128.23785400390625,118.49543762207031,201.66416931152344,202.0455322265625,199.6939697265625,0.4586023688316345,0.47771257162094116,0.5143016576766968,47.15043640136719,61.260833740234375,60.94240188598633,-45.51112747192383,-56.620601654052734,-59.625003814697266,6.4984588623046875,19.049354553222656,2.84786319732666,0.9652323722839355,0.9242544770240784,0.9783828854560852,5.247035503387451,5.222383499145508,4.14706563949585,nan
9.250,0,102.8133316040039,128.23785400390625,118.49543762207031,201.66416931152344,202.0455322265625,199.6939697265625,0.4586023688316345,0.47771257162094116,0.5143016576766968,47.15043640136719,61.260833740234375,60.94240188598633,-45.51112747192383,-56.620601654052734,-59.625003814697266,6.4984588623046875,19.049354553222656,2.84786319732666,0.9652323722839355,0.9242544770240784,0.9783828854560852,5.247035503387451,5.222383499145508,4.14706563949585,nan
9.300,0,102.8133316040039,128.23785400390625,118.49543762207031,201.66416931152344,202.0455322265625,199.6939697265625,0.4586023688316345,0.47771257162094116,0.5143016576766968,47.15043640136719,61.260833740234375,60.94240188598633,-45.51112747192383,-56.620601654052734,-59.625003814697266,6.4984588623046875,19.049354553222656,2.84786319732666,0.9652323722839355,0.9242544770240784,0.9783828854560852,5.247035503387451,5.222383499145508,4.14706563949585,nan
9.350,0,102.8133316040039,128.23785400390625,118.49543762207031,201.66416931152344,202.0455322265625,199.6939697265625,0.4586023688316345,0.47771257162094116,0.5143016576766968,47.15043640136719,61.260833740234375,60.94240188598633,-45.51112747192383,-56.620601654052734,-59.625003814697266,6.4984588623046875,19.049354553222656,2.84786319732666,0.9652323722839355,0.9242544770240784,0.9783828854560852,5.247035503387451,5.222383499145508,4.14706563949585,nan
9.400,0,102.76863861083984,128.17640686035156,118.48714447021484,201.57261657714844,201.98179626464844,199.65020751953125,0.452071875333786,0.47009894251823425,0.5096989274024963,46.45881271362305,60.255592346191406,60.39276885986328,-44.802059173583984,-55.44635009765625,-59.08147430419922,6.427743911743164,19.33169937133789,3.2584075927734375,0.9643393158912659,0.9201859831809998,0.9782872200012207,5.237331390380859,5.175168991088867,4.15304708480835,nan
9.450,0,102.76863861083984,128.17640686035156,118.48714447021484,201.57261657714844,201.98179626464844,199.65020751953125,0.452071875333786,0.47009894251823425,0.5096989274024963,46.45881271362305,60.255592346191406,60.39276885986328,-44.802059173583984,-55.44635009765625,-59.08147430419922,6.427743911743164,19.33169937133789,3.2584075927734375,0.9643393158912659,0.9201859831809998,0.9782872200012207,5.237331390380859,5.175168991088867,4.15304708480835,nan
9.500,0,102.76863861083984,128.17640686035156,118.48714447021484,201.57261657714844,201.98179626464844,199.65020751953125,0.452071875333786,0.47009894251823425,0.5096989274024963,46.45881271362305,60.255592346191406,60.39276885986328,-44.802059173583984,-55.44635009765625,-59.08147430419922,6.427743911743164,19.33169937133789,3.2584075927734375,0.9643393158912659,0.9201859831809998,0.9782872200012207,5.237331390380859,5.175168991088867,4.15304708480835,nan
9.550,0,102.76863861083984,128.17640686035156,118.48714447021484,201.57261657714844,201.98179626464844,199.65020751953125,0.452071875333786,0.47009894251823425,0.5096989274024963,46.45881271362305,60.255592346191406,60.39276885986328,-44.802059173583984,-55.44635009765625,-59.08147430419922,6.427743911743164,19.33169937133789,3.2584075927734375,0.9643393158912659,0.9201859831809998,0.9782872200012207,5.237331390380859,5.175168991088867,4.15304708480835,nan
9.600,1,102.80551147460938,128.18235778808594,118.51947021484375,201.61302185058594,202.0186004638672,199.70570373535156,0.45604026317596436,0.47334855794906616,0.5131804943084717,46.883453369140625,60.67493438720703,60.82188034057617,-45.27558898925781,-55.9013557434082,-59.56977462768555,6.750027179718018,19.67894744873047,3.6483442783355713,0.9657050967216492,0.9213253855705261,0.9794135689735413,5.249180793762207,5.159462928771973,4.12607479095459,nan
9.650,1,102.80551147460938,128.18235778808594,118.51947021484375,201.61302185058594,202.0186004638672,199.70570373535156,0.45604026317596436,0.47334855794906616,0.5131804943084717,46.883453369140625,60.67493438720703,60.82188034057617,-45.27558898925781,-55.9013557434082,-59.56977462768555,6.750027179718018,19.67894744873047,3.6483442783355713,0.9657050967216492,0.9213253855705261,0.9794135689735413,5.249180793762207,5.159462928771973,4.12607479095459,nan
9.700,1,102.80551147460938,128.18235778808594,118.51947021484375,201.61302185058594,202.0186004638672,199.70570373535156,0.45604026317596436,0.47334855794906616,0.5131804943084717,46.883453369140625,60.67493438720703,60.82188034057617,-45.27558898925781,-55.9013557434082,-59.56977462768555,6.750027179718018,19.67894744873047,3.6483442783355713,0.9657050967216492,0.9213253855705261,0.9794135689735413,5.249180793762207,5.159462928771973,4.12607479095459,nan
9.750,1,102.80551147460938,128.18235778808594,118.51947021484375,201.61302185058594,202.0186004638672,199.70570373535156,0.45604026317596436,0.47334855794906616,0.5131804943084717,46.883453369140625,60.67493438720703,60.82188034057617,-45.27558898925781,-55.9013557434082,-59.56977462768555,6.750027179718018,19.67894744873047,3.6483442783355713,0.9657050967216492,0.9213253855705261,0.9794135689735413,5.249180793762207,5.159462928771973,4.12607479095459,nan
9.800,1,102.83116149902344,128.17889404296875,118.54608917236328,201.60626220703125,202.04095458984375,199.76849365234375,0.45754677057266235,0.47241607308387756,0.5151055455207825,47.05006408691406,60.553768157958984,61.06374740600586,-45.46738815307617,-56.00848388671875,-59.72419738769531,5.888604640960693,18.726289749145508,2.7772316932678223,0.9663618803024292,0.9249380230903625,0.9780631065368652,5.211551666259766,5.181119441986084,4.172245979309082,nan
9.850,1,102.83116149902344,128.17889404296875,118.54608917236328,201.60626220703125,202.04095458984375,199.76849365234375,0.45754677057266235,0.47241607308387756,0.5151055455207825,47.05006408691406,60.553768157958984,61.06374740600586,-45.46738815307617,-56.00848388671875,-59.72419738769531,5.888604640960693,18.726289749145508,2.7772316932678223,0.9663618803024292,0.9249380230903625,0.9780631065368652,5.211551666259766,5.181119441986084,4.172245979309082,nan
9.900,1,102.83116149902344,128.17889404296875,118.54608917236328,201.60626220703125,202.04095458984375,199.76849365234375,0.45754677057266235,0.47241607308387756,0.5151055455207825,47.05006408691406,60.553768157958984,61.06374740600586,-45.46738815307617,-56.00848388671875,-59.72419738769531,5.888604640960693,18.726289749145508,2.7772316932678223,0.9663618803024292,0.9249380230903625,0.9780631065368652,5.211551666259766,5.181119441986084,4.172245979309082,nan
9.950,1,102.83116149902344,128.17889404296875,118.54608917236328,201.60626220703125,202.04095458984375,199.76849365234375,0.45754677057266235,0.47241607308387756,0.5151055455207825,47.05006408691406,60.553768157958984,61.06374740600586,-45.46738815307617,-56.00848388671875,-59.72419738769531,5.888604640960693,18.726289749145508,2.7772316932678223,0.9663618803024292,0.9249380230903625,0.9780631065368652,5.211551666259766,5.181119441986084,4.172245979309082,nan
10.000,1,102.78739929199219,128.17149353027344,118.49440002441406,201.54742431640625,201.9934539794922,199.6951446533203,0.4492028057575226,0.4691465198993683,0.5067402720451355,46.17238998413086,60.13121032714844,60.04588317871094,-44.50663375854492,-55.38920211791992,-58.672306060791016,6.151206016540527,18.835262298583984,2.688025712966919,0.9639230966567993,0.9211390018463135,0.9771245121955872,5.18384313583374,5.172616958618164,4.177969932556152,nan
10.050,1,102.78739929199219,128.17149353027344,118.49440002441406,201.54742431640625,201.9934539794922,199.6951446533203,0.4492028057575226,0.4691465198993683,0.5067402720451355,46.17238998413086,60.13121032714844,60.04588317871094,-44.50663375854492,-55.38920211791992,-58.672306060791016,6.151206016540527,18.835262298583984,2.688025712966919,0.9639230966567993,0.9211390018463135,0.9771245121955872,5.18384313583374,5.172616958618164,4.177969932556152,nan
10.100,1,102.78739929199219,128.17149353027344,118.49440002441406,201.54742431640625,201.9934539794922,199.6951446533203,0.4492028057575226,0.4691465198993683,0.5067402720451355,46.17238998413086,60.13121032714844,60.04588317871094,-44.50663375854492,-55.38920211791992,-58.672306060791016,6.151206016540527,18.835262298583984,2.688025712966919,0.9639230966567993,0.9211390018463135,0.9771245121955872,5.18384313583374,5.172616958618164,4.177969932556152,nan
10.150,1,102.78739929199219,128.17149353027344,118.49440002441406,201.54742431640625,201.9934539794922,199.6951446533203,0.4492028057575226,0.4691465198993683,0.5067402720451355,46.17238998413086,60.13121032714844,60.04588317871094,-44.50663375854492,-55.38920211791992,-58.672306060791016,6.151206016540527,18.835262298583984,2.688025712966919,0.9639230966567993,0.9211390018463135,0.9771245121955872,5.18384313583374,5.172616958618164,4.177969932556152,nan
10.200,1,102.83573913574219,128.23228454589844,118.51927185058594,201.65924072265625,202.06764221191406,199.7453155517578,0.4577639698982239,0.47540512681007385,0.515148937702179,47.07449722290039,60.962284088134766,61.055076599121094,-45.34883499145508,-56.176231384277344,-59.701656341552734,6.518134593963623,19.42157745361328,3.2113592624664307,0.9633418917655945,0.9214915633201599,0.9778327941894531,5.220003604888916,5.205478668212891,4.138729572296143,nan
10.250,1,102.83573913574219,128.23228454589844,118.51927185058594,201.65924072265625,202.06764221191406,199.7453155517578,0.4577639698982239,0.47540512681007385,0.515148937702179,47.07449722290039,60.962284088134766,61.055076599121094,-45.34883499145508,-56.176231384277344,-59.701656341552734,6.518134593963623,19.42157745361328,3.2113592624664307,0.9633418917655945,0.9214915633201599,0.9778327941894531,5.220003604888916,5.205478668212891,4.138729572296143,nan
10.300,1,102.83573913574219,128.23228454589844,118.51927185058594,201.65924072265625,202.06764221191406,199.7453155517578,0.4577639698982239,0.47540512681007385,0.515148937702179,47.07449722290039,60.962284088134766,61.055076599121094,-45.34883499145508,-56.176231384277344,-59.701656341552734,6.518134593963623,19.42157745361328,3.2113592624664307,0.9633418917655945,0.9214915633201599,0.9778327941894531,5.220003604888916,5.205478668212891,4.138729572296143,nan
10.350,1,102.83573913574219,128.23228454589844,118.51927185058594,201.65924072265625,202.06764221191406,199.7453155517578,0.4577639698982239,0.47540512681007385,0.515148937702179,47.07449722290039,60.962284088134766,61.055076599121094,-45.34883499145508,-56.176231384277344,-59.701656341552734,6.518134593963623,19.42157745361328,3.2113592624664307,0.9633418917655945,0.9214915633201599,0.9778327941894531,5.220003604888916,5.205478668212891,4.138729572296143,nan
10.400,1,102.82181549072266,128.22576904296875,118.52586364746094,201.64898681640625,202.0640411376953,199.73626708984375,0.45491474866867065,0.4738259017467499,0.5131345391273499,46.77516174316406,60.756690979003906,60.8197135925293,-45.30842208862305,-56.243892669677734,-59.634193420410156,6.115548133850098,18.94244384765625,2.6710879802703857,0.9686427712440491,0.9257234334945679,0.9805076122283936,5.246892929077148,5.1977458000183105,4.158544540405273,nan
10.450,1,102.82181549072266,128.22576904296875,118.52586364746094,201.64898681640625,202.0640411376953,199.73626708984375,0.45491474866867065,0.4738259017467499,0.5131345391273499,46.77516174316406,60.756690979003906,60.8197135925293,-45.30842208862305,-56.243892669677734,-59.634193420410156,6.115548133850098,18.94244384765625,2.6710879802703857,0.9686427712440491,0.9257234334945679,0.9805076122283936,5.246892929077148,5.1977458000183105,4.158544540405273,nan
10.500,1,102.82181549072266,128.22576904296875,118.52586364746094,201.64898681640625,202.0640411376953,199.73626708984375,0.45491474866867065,0.4738259017467499,0.5131345391273499,46.77516174316406,60.756690979003906,60.8197135925293,-45.30842208862305,-56.243892669677734,-59.634193420410156,6.115548133850098,18.94244384765625,2.6710879802703857,0.9686427712440491,0.9257234334945679,0.9805076122283936,5.246892929077148,5.1977458000183105,4.158544540405273,nan
10.550,1,102.82181549072266,128.22576904296875,118.52586364746094,201.64898681640625,202.0640411376953,199.73626708984375,0.45491474866867065,0.4738259017467499,0.5131345391273499,46.77516174316406,60.756690979003906,60.8197135925293,-45.30842208862305,-56.243892669677734,-59.634193420410156,6.115548133850098,18.94244384765625,2.6710879802703857,0.9686427712440491,0.9257234334945679,0.9805076122283936,5.246892929077148,5.1977458000183105,4.158544540405273,nan
10.600,1,102.77581024169922,128.14483642578125,118.47924041748047,201.5388946533203,201.9658660888672,199.64881896972656,0.44924694299697876,0.4679195284843445,0.5077417492866516,46.17171859741211,59.96147155761719,60.156856536865234,-44.49306106567383,-55.12858581542969,-58.80378723144531,6.432887554168701,19.405330657958984,3.289752244949341,0.9636431932449341,0.919400155544281,0.9775076508522034,5.310305595397949,5.239991188049316,4.167809963226318,nan
10.650,1,102.77581024169922,128.14483642578125,118.47924041748047,201.5388946533203,201.9658660888672,199.64881896972656,0.44924694299697876,0.4679195284843445,0.5077417492866516,46.17171859741211,59.96147155761719,60.156856536865234,-44.49306106567383,-55.12858581542969,-58.80378723144531,6.432887554168701,19.405330657958984,3.289752244949341,0.9636431932449341,0.919400155544281,0.9775076508522034,5.310305595397949,5.239991188049316,4.167809963226318,nan
10.700,1,102.77581024169922,128.14483642578125,118.47924041748047,201.5388946533203,201.9658660888672,199.64881896972656,0.44924694299697876,0.4679195284843445,0.5077417492866516,46.17171859741211,59.96147155761719,60.156856536865234,-44.49306106567383,-55.12858581542969,-58.80378723144531,6.432887554168701,19.405330657958984,3.289752244949341,0.9636431932449341,0.919400155544281,0.9775076508522034,5.310305595397949,5.239991188049316,4.167809963226318,nan
10.750,1,102.77581024169922,128.14483642578125,118.47924041748047,201.5388946533203,201.9658660888672,199.64881896972656,0.44924694299697876,0.4679195284843445,0.5077417492866516,46.17171859741211,59.96147155761719,60.156856536865234,-44.49306106567383,-55.12858581542969,-58.80378723144531,6.432887554168701,19.405330657958984,3.289752244949341,0.9636431932449341,0.919400155544281,0.9775076508522034,5.310305595397949,5.239991188049316,4.167809963226318,nan
10.800,1,102.82054138183594,128.1527862548828,118.52234649658203,201.5945281982422,201.9960479736328,199.7238311767578,0.4574071168899536,0.47556814551353455,0.513577938079834,47.030845642089844,60.94538116455078,60.870460510253906,-45.31001281738281,-56.14149475097656,-59.46873474121094,6.531816005706787,19.19209861755371,3.1300923824310303,0.9634105563163757,0.9211772084236145,0.9769719839096069,5.302152633666992,5.25295352935791,4.260854244232178,nan
10.850,1,102.82054138183594,128.1527862548828,118.52234649658203,201.5945281982422,201.9960479736328,199.7238311767578,0.4574071168899536,0.47556814551353455,0.513577938079834,47.030845642089844,60.94538116455078,60.870460510253906,-45.31001281738281,-56.14149475097656,-59.46873474121094,6.531816005706787,19.19209861755371,3.1300923824310303,0.9634105563163757,0.9211772084236145,0.9769719839096069,5.302152633666992,5.25295352935791,4.260854244232178,nan
10.900,1,102.82054138183594,128.1527862548828,118.52234649658203,201.5945281982422,201.9960479736328,199.7238311767578,0.4574071168899536,0.47556814551353455,0.513577938079834,47.030845642089844,60.94538116455078,60.870460510253906,-45.31001281738281,-56.14149475097656,-59.46873474121094,6.531816005706787,19.19209861755371,3.1300923824310303,0.9634105563163757,0.9211772084236145,0.9769719839096069,5.302152633666992,5.25295352935791,4.260854244232178,nan
10.950,1,102.82054138183594,128.1527862548828,118.52234649658203,201.5945281982422,201.9960479736328,199.7238311767578,0.4574071168899536,0.47556814551353455,0.513577938079834,47.030845642089844,60.94538116455078,60.870460510253906,-45.31001281738281,-56.14149475097656,-59.46873474121094,6.531816005706787,19.19209861755371,3.1300923824310303,0.9634105563163757,0.9211772084236145,0.9769719839096069,5.302152633666992,5.25295352935791,4.260854244232178,nan
11.000,1,86.77030944824219,155.18707275390625,145.6747589111328,201.35377502441406,202.32801818847656,199.82151794433594,0.4339499771595001,0.47569555044174194,0.5119326710700989,37.65397262573242,73.8218002319336,74.57566833496094,-31.032201766967773,-59.56913757324219,-68.09756469726562,4.882628440856934,34.66407012939453,-11.686606407165527,0.8241415023803711,0.8069314956665039,0.9131338000297546,5.382263660430908,5.264984130859375,4.3156890869140625,nan
11.050,1,86.77030944824219,155.18707275390625,145.6747589111328,201.35377502441406,202.32801818847656,199.82151794433594,0.4339499771595001,0.47569555044174194,0.5119326710700989,37.65397262573242,73.8218002319336,74.57566833496094,-31.032201766967773,-59.56913757324219,-68.09756469726562,4.882628440856934,34.66407012939453,-11.686606407165527,0.8241415023803711,0.8069314956665039,0.9131338000297546,5.382263660430908,5.264984130859375,4.3156890869140625,nan
11.100,1,86.77030944824219,155.18707275390625,145.6747589111328,201.35377502441406,202.32801818847656,199.82151794433594,0.4339499771595001,0.47569555044174194,0.5119326710700989,37.65397262573242,73.8218002319336,74.57566833496094,-31.032201766967773,-59.56913757324219,-68.09756469726562,4.882628440856934,34.66407012939453,-11.686606407165527,0.8241415023803711,0.8069314956665039,0.9131338000297546,5.382263660430908,5.264984130859375,4.3156890869140625,nan
11.150,1,86.77030944824219,155.18707275390625,145.6747589111328,201.35377502441406,202.32801818847656,199.82151794433594,0.4339499771595001,0.47569555044174194,0.5119326710700989,37.65397262573242,73.8218002319336,74.57566833496094,-31.032201766967773,-59.56913757324219,-68.09756469726562,4.882628440856934,34.66407012939453,-11.686606407165527,0.8241415023803711,0.8069314956665039,0.9131338000297546,5.382263660430908,5.264984130859375,4.3156890869140625,nan
11.200,1,9.198238372802734,206.0273895263672,201.54974365234375,201.1005859375,203.04962158203125,200.26976013183594,0.4132383465766907,0.49125170707702637,0.5165360569953918,3.8010647296905518,101.2113037109375,104.10771179199219,1.147452473640442,-66.7616958618164,-92.3602523803711,2.154357433319092,73.74227905273438,-43.92314910888672,0.30187660455703735,0.6596269011497498,0.8871605396270752,5.405799388885498,5.291040420532227,4.360889434814453,nan
11.250,1,9.198238372802734,206.0273895263672,201.54974365234375,201.1005859375,203.04962158203125,200.26976013183594,0.4132383465766907,0.49125170707702637,0.5165360569953918,3.8010647296905518,101.2113037109375,104.10771179199219,1.147452473640442,-66.7616958618164,-92.3602523803711,2.154357433319092,73.74227905273438,-43.92314910888672,0.30187660455703735,0.6596269011497498,0.8871605396270752,5.405799388885498,5.291040420532227,4.360889434814453,nan
11.300,1,9.198238372802734,206.0273895263672,201.54974365234375,201.1005859375,203.04962158203125,200.26976013183594,0.4132383465766907,0.49125170707702637,0.5165360569953918,3.8010647296905518,101.2113037109375,104.10771179199219,1.147452473640442,-66.7616958618164,-92.3602523803711,2.154357433319092,73.74227905273438,-43.92314910888672,0.30187660455703735,0.6596269011497498,0.8871605396270752,5.405799388885498,5.291040420532227,4.360889434814453,nan
11.350,1,9.198238372802734,206.0273895263672,201.54974365234375,201.1005859375,203.04962158203125,200.26976013183594,0.4132383465766907,0.49125170707702637,0.5165360569953918,3.8010647296905518,101.2113037109375,104.10771179199219,1.147452473640442,-66.7616958618164,-92.3602523803711,2.154357433319092,73.74227905273438,-43.92314910888672,0.30187660455703735,0.6596269011497498,0.8871605396270752,5.405799388885498,5.291040420532227,4.360889434814453,nan
11.400,1,9.40107536315918,206.21791076660156,201.67149353027344,201.14459228515625,203.12698364257812,200.35667419433594,0.4205670654773712,0.4986584484577179,0.5244314074516296,3.953782796859741,102.83230590820312,105.76286315917969,1.1852458715438843,-68.28318786621094,-93.51099395751953,2.2148687839508057,74.54080200195312,-44.96409225463867,0.2997751533985138,0.6640246510505676,0.8841571807861328,5.338688373565674,5.237399578094482,4.327739238739014,nan
11.450,1,9.40107536315918,206.21791076660156,201.67149353027344,201.14459228515625,203.12698364257812,200.35667419433594,0.4205670654773712,0.4986584484577179,0.5244314074516296,3.953782796859741,102.83230590820312,105.76286315917969,1.1852458715438843,-68.28318786621094,-93.51099395751953,2.2148687839508057,74.54080200195312,-44.96409225463867,0.2997751533985138,0.6640246510505676,0.8841571807861328,5.338688373565674,5.237399578094482,4.327739238739014,nan
11.500,1,9.40107536315918,206.21791076660156,201.67149353027344,201.14459228515625,203.12698364257812,200.35667419433594,0.4205670654773712,0.4986584484577179,0.5244314074516296,3.953782796859741,102.83230590820312,105.76286315917969,1.1852458715438843,-68.28318786621094,-93.51099395751953,2.2148687839508057,74.54080200195312,-44.96409225463867,0.2997751533985138,0.6640246510505676,0.8841571807861328,5.338688373565674,5.237399578094482,4.327739238739014,nan
11.550,1,9.40107536315918,206.21791076660156,201.67149353027344,201.14459228515625,203.12698364257812,200.35667419433594,0.4205670654773712,0.4986584484577179,0.5244314074516296,3.953782796859741,102.83230590820312,105.76286315917969,1.1852458715438843,-68.28318786621094,-93.51099395751953,2.2148687839508057,74.54080200195312,-44.96409225463867,0.2997751533985138,0.6640246510505676,0.8841571807861328,5.338688373565674,5.237399578094482,4.327739238739014,nan
11.600,1,9.304535865783691,206.28514099121094,201.7065887451172,201.2025604248047,203.10511779785156,200.33468627929688,0.4194694459438324,0.4942333996295929,0.5176516771316528,3.902968406677246,101.9530029296875,104.41375732421875,1.192102313041687,-68.31471252441406,-92.04398345947266,2.2286853790283203,73.01506805419922,-44.68115997314453,0.30543479323387146,0.6700608134269714,0.8815311789512634,5.350517749786377,5.239941596984863,4.265092849731445,nan
11.650,1,9.304535865783691,206.28514099121094,201.7065887451172,201.2025604248047,203.10511779785156,200.33468627929688,0.4194694459438324,0.4942333996295929,0.5176516771316528,3.902968406677246,101.9530029296875,104.41375732421875,1.192102313041687,-68.31471252441406,-92.04398345947266,2.2286853790283203,73.01506805419922,-44.68115997314453,0.30543479323387146,0.6700608134269714,0.8815311789512634,5.350517749786377,5.239941596984863,4.265092849731445,nan
11.700,1,9.304535865783691,206.28514099121094,201.7065887451172,201.2025604248047,203.10511779785156,200.33468627929688,0.4194694459438324,0.4942333996295929,0.5176516771316528,3.902968406677246,101.9530029296875,104.41375732421875,1.192102313041687,-68.31471252441406,-92.04398345947266,2.2286853790283203,73.01506805419922,-44.68115997314453,0.30543479323387146,0.6700608134269714,0.8815311789512634,5.350517749786377,5.239941596984863,4.265092849731445,nan
11.750,1,9.304535865783691,206.28514099121094,201.7065887451172,201.2025604248047,203.10511779785156,200.33468627929688,0.4194694459438324,0.4942333996295929,0.5176516771316528,3.902968406677246,101.9530029296875,104.41375732421875,1.192102313041687,-68.31471252441406,-92.04398345947266,2.2286853790283203,73.01506805419922,-44.68115997314453,0.30543479323387146,0.6700608134269714,0.8815311789512634,5.350517749786377,5.239941596984863,4.265092849731445,nan
11.800,1,9.084345817565918,206.07020568847656,201.6367950439453,201.1056671142578,203.0870361328125,200.32652282714844,0.4147401750087738,0.49247249960899353,0.5176883339881897,3.7676432132720947,101.4839096069336,104.38501739501953,1.1741706132888794,-66.48661804199219,-92.97542572021484,2.132708787918091,74.31725311279297,-42.96746826171875,0.3116459250450134,0.655144453048706,0.8906970620155334,5.356306076049805,5.224781036376953,4.236083984375,nan
11.850,1,9.084345817565918,206.07020568847656,201.6367950439453,201.1056671142578,203.0870361328125,200.32652282714844,0.4147401750087738,0.49247249960899353,0.5176883339881897,3.7676432132720947,101.4839096069336,104.38501739501953,1.1741706132888794,-66.48661804199219,-92.97542572021484,2.132708787918091,74.31725311279297,-42.96746826171875,0.3116459250450134,0.655144453048706,0.8906970620155334,5.356306076049805,5.224781036376953,4.236083984375,nan
11.900,1,9.084345817565918,206.07020568847656,201.6367950439453,201.1056671142578,203.0870361328125,200.32652282714844,0.4147401750087738,0.49247249960899353,0.5176883339881897,3.7676432132720947,101.4839096069336,104.38501739501953,1.1741706132888794,-66.48661804199219,-92.97542572021484,2.132708787918091,74.31725311279297,-42.96746826171875,0.3116459250450134,0.655144453048706,0.8906970620155334,5.356306076049805,5.224781036376953,4.236083984375,nan
11.950,1,9.084345817565918,206.07020568847656,201.6367950439453,201.1056671142578,203.0870361328125,200.32652282714844,0.4147401750087738,0.49247249960899353,0.5176883339881897,3.7676432132720947,101.4839096069336,104.38501739501953,1.1741706132888794,-66.48661804199219,-92.97542572021484,2.132708787918091,74.31725311279297,-42.96746826171875,0.3116459250450134,0.655144453048706,0.8906970620155334,5.356306076049805,5.224781036376953,4.236083984375,nan
12.000,1,9.532453536987305,206.2584991455078,201.7145538330078,201.19068908691406,203.17120361328125,200.4200439453125,0.419347882270813,0.4947340190410614,0.5204959511756897,3.9974141120910645,102.04309844970703,104.99160766601562,1.1884602308273315,-67.71849060058594,-93.19087982177734,2.2359538078308105,74.0116195678711,-44.19452667236328,0.29730725288391113,0.6636263728141785,0.8876031041145325,5.380708694458008,5.224247455596924,4.2862138748168945,nan
12.050,1,9.532453536987305,206.2584991455078,201.7145538330078,201.19068908691406,203.17120361328125,200.4200439453125,0.419347882270813,0.4947340190410614,0.5204959511756897,3.9974141120910645,102.04309844970703,104.99160766601562,1.1884602308273315,-67.71849060058594,-93.19087982177734,2.2359538078308105,74.0116195678711,-44.19452667236328,0.29730725288391113,0.6636263728141785,0.8876031041145325,5.380708694458008,5.224247455596924,4.2862138748168945,nan
12.100,1,9.532453536987305,206.2584991455078,201.7145538330078,201.19068908691406,203.17120361328125,200.4200439453125,0.419347882270813,0.4947340190410614,0.5204959511756897,3.9974141120910645,102.04309844970703,104.99160766601562,1.1884602308273315,-67.71849060058594,-93.19087982177734,2.2359538078308105,74.0116195678711,-44.19452667236328,0.29730725288391113,0.6636263728141785,0.8876031041145325,5.380708694458008,5.224247455596924,4.2862138748168945,nan
12.150,1,9.532453536987305,206.2584991455078,201.7145538330078,201.19068908691406,203.17120361328125,200.4200439453125,0.419347882270813,0.4947340190410614,0.5204959511756897,3.9974141120910645,102.04309844970703,104.99160766601562,1.1884602308273315,-67.71849060058594,-93.19087982177734,2.2359538078308105,74.0116195678711,-44.19452667236328,0.29730725288391113,0.6636263728141785,0.8876031041145325,5.380708694458008,5.224247455596924,4.2862138748168945,nan
12.200,1,9.175500869750977,206.21221923828125,201.77146911621094,201.18031311035156,203.13558959960938,200.33697509765625,0.4157445430755615,0.4892885088920593,0.5159541964530945,3.814664363861084,100.89727020263672,104.1048355102539,1.1808714866638184,-67.62529754638672,-91.48761749267578,2.1724283695220947,72.40837097167969,-45.159629821777344,0.3095610439777374,0.6702390909194946,0.8788027763366699,5.344420433044434,5.201612949371338,4.286043167114258,nan
12.250,1,9.175500869750977,206.21221923828125,201.77146911621094,201.18031311035156,203.13558959960938,200.33697509765625,0.4157445430755615,0.4892885088920593,0.5159541964530945,3.814664363861084,100.89727020263672,104.1048355102539,1.1808714866638184,-67.62529754638672,-91.48761749267578,2.1724283695220947,72.40837097167969,-45.159629821777344,0.3095610439777374,0.6702390909194946,0.8788027763366699,5.344420433044434,5.201612949371338,4.286043167114258,nan
12.300,1,9.175500869750977,206.21221923828125,201.77146911621094,201.18031311035156,203.13558959960938,200.33697509765625,0.4157445430755615,0.4892885088920593,0.5159541964530945,3.814664363861084,100.89727020263672,104.1048355102539,1.1808714866638184,-67.62529754638672,-91.48761749267578,2.1724283695220947,72.40837097167969,-45.159629821777344,0.3095610439777374,0.6702390909194946,0.8788027763366699,5.344420433044434,5.201612949371338,4.286043167114258,nan
12.350,1,9.175500869750977,206.21221923828125,201.77146911621094,201.18031311035156,203.13558959960938,200.33697509765625,0.4157445430755615,0.4892885088920593,0.5159541964530945,3.814664363861084,100.89727020263672,104.1048355102539,1.1808714866638184,-67.62529754638672,-91.48761749267578,2.1724283695220947,72.40837097167969,-45.159629821777344,0.3095610439777374,0.6702390909194946,0.8788027763366699,5.344420433044434,5.201612949371338,4.286043167114258,nan
12.400,1,9.385444641113281,206.15707397460938,201.6249542236328,201.08831787109375,203.1570587158203,200.27218627929688,0.41703611612319946,0.4927061200141907,0.5195339322090149,3.914069414138794,101.5748519897461,104.75100708007812,1.1924992799758911,-66.83732604980469,-92.76205444335938,2.1868605613708496,73.6711654663086,-43.761837005615234,0.30466994643211365,0.6580105423927307,0.8855481147766113,5.350064277648926,5.238519668579102,4.325836181640625,nan
12.450,1,9.385444641113281,206.15707397460938,201.6249542236328,201.08831787109375,203.1570587158203,200.27218627929688,0.41703611612319946,0.4927061200141907,0.5195339322090149,3.914069414138794,101.5748519897461,104.75100708007812,1.1924992799758911,-66.83732604980469,-92.76205444335938,2.1868605613708496,73.6711654663086,-43.761837005615234,0.30466994643211365,0.6580105423927307,0.8855481147766113,5.350064277648926,5.238519668579102,4.325836181640625,nan
12.500,1,9.385444641113281,206.15707397460938,201.6249542236328,201.08831787109375,203.1570587158203,200.27218627929688,0.41703611612319946,0.4927061200141907,0.5195339322090149,3.914069414138794,101.5748519897461,104.75100708007812,1.1924992799758911,-66.83732604980469,-92.76205444335938,2.1868605613708496,73.6711654663086,-43.761837005615234,0.30466994643211365,0.6580105423927307,0.8855481147766113,5.350064277648926,5.238519668579102,4.325836181640625,nan
12.550,1,9.385444641113281,206.15707397460938,201.6249542236328,201.08831787109375,203.1570587158203,200.27218627929688,0.41703611612319946,0.4927061200141907,0.5195339322090149,3.914069414138794,101.5748519897461,104.75100708007812,1.1924992799758911,-66.83732604980469,-92.76205444335938,2.1868605613708496,73.6711654663086,-43.761837005615234,0.30466994643211365,0.6580105423927307,0.8855481147766113,5.350064277648926,5.238519668579102,4.325836181640625,nan
12.600,1,9.31705379486084,206.23919677734375,201.69448852539062,201.18568420410156,203.19573974609375,200.33200073242188,0.41960206627845764,0.49280574917793274,0.520292341709137,3.9094550609588623,101.6358642578125,104.94009399414062,1.1815528869628906,-67.97604370117188,-92.55493927001953,2.2202699184417725,73.13634490966797,-45.00619888305664,0.30222955346107483,0.6688194870948792,0.8819788098335266,5.337940692901611,5.271290302276611,4.2632527351379395,nan
12.650,1,9.31705379486084,206.23919677734375,201.69448852539062,201.18568420410156,203.19573974609375,200.33200073242188,0.41960206627845764,0.49280574917793274,0.520292341709137,3.9094550609588623,101.6358642578125,104.94009399414062,1.1815528869628906,-67.97604370117188,-92.55493927001953,2.2202699184417725,73.13634490966797,-45.00619888305664,0.30222955346107483,0.6688194870948792,0.8819788098335266,5.337940692901611,5.271290302276611,4.2632527351379395,nan
12.700,1,9.31705379486084,206.23919677734375,201.69448852539062,201.18568420410156,203.19573974609375,200.33200073242188,0.41960206627845764,0.49280574917793274,0.520292341709137,3.9094550609588623,101.6358642578125,104.94009399414062,1.1815528869628906,-67.97604370117188,-92.55493927001953,2.2202699184417725,73.13634490966797,-45.00619888305664,0.30222955346107483,0.6688194870948792,0.8819788098335266,5.337940692901611,5.271290302276611,4.2632527351379395,nan
12.750,1,9.31705379486084,206.23919677734375,201.69448852539062,201.18568420410156,203.19573974609375,200.33200073242188,0.41960206627845764,0.49280574917793274,0.520292341709137,3.9094550609588623,101.6358642578125,104.94009399414062,1.1815528869628906,-67.97604370117188,-92.55493927001953,2.2202699184417725,73.13634490966797,-45.00619888305664,0.30222955346107483,0.6688194870948792,0.8819788098335266,5.337940692901611,5.271290302276611,4.2632527351379395,nan
12.800,1,9.215666770935059,206.15562438964844,201.7366943359375,201.0671844482422,203.09451293945312,200.2886199951172,0.41594114899635315,0.4890863597393036,0.5151344537734985,3.83317494392395,100.8279037475586,103.92152404785156,1.1804641485214233,-67.43136596679688,-91.732177734375,2.1663618087768555,72.4900894165039,-44.61573028564453,0.3079598844051361,0.66877681016922,0.8827062249183655,5.297298431396484,5.231708526611328,4.233279228210449,nan
12.850,1,9.215666770935059,206.15562438964844,201.7366943359375,201.0671844482422,203.09451293945312,200.2886199951172,0.41594114899635315,0.4890863597393036,0.5151344537734985,3.83317494392395,100.8279037475586,103.92152404785156,1.1804641485214233,-67.43136596679688,-91.732177734375,2.1663618087768555,72.4900894165039,-44.61573028564453,0.3079598844051361,0.66877681016922,0.8827062249183655,5.297298431396484,5.231708526611328,4.233279228210449,nan
12.900,1,9.215666770935059,206.15562438964844,201.7366943359375,201.0671844482422,203.09451293945312,200.2886199951172,0.41594114899635315,0.4890863597393036,0.5151344537734985,3.83317494392395,100.8279037475586,103.92152404785156,1.1804641485214233,-67.43136596679688,-91.732177734375,2.1663618087768555,72.4900894165039,-44.61573028564453,0.3079598844051361,0.66877681016922,0.8827062249183655,5.297298431396484,5.231708526611328,4.233279228210449,nan
12.950,1,9.215666770935059,206.15562438964844,201.7366943359375,201.0671844482422,203.09451293945312,200.2886199951172,0.41594114899635315,0.4890863597393036,0.5151344537734985,3.83317494392395,100.8279037475586,103.92152404785156,1.1804641485214233,-67.43136596679688,-91.732177734375,2.1663618087768555,72.4900894165039,-44.61573028564453,0.3079598844051361,0.66877681016922,0.8827062249183655,5.297298431396484,5.231708526611328,4.233279228210449,nan
13.000,1,60.46857833862305,187.5258331298828,189.05418395996094,201.07138061523438,202.81768798828125,200.18209838867188,0.4195065200328827,0.49150747060775757,0.5274251103401184,25.366962432861328,92.17034912109375,99.71192169189453,-9.876091003417969,-60.849815368652344,-88.42897033691406,0.008210982196033001,62.40087890625,-28.97879409790039,0.38932886719703674,0.660188615322113,0.8868445158004761,5.3120036125183105,5.182255268096924,4.2058329582214355,nan
13.050,1,60.46857833862305,187.5258331298828,189.05418395996094,201.07138061523438,202.81768798828125,200.18209838867188,0.4195065200328827,0.49150747060775757,0.5274251103401184,25.366962432861328,92.17034912109375,99.71192169189453,-9.876091003417969,-60.849815368652344,-88.42897033691406,0.008210982196033001,62.40087890625,-28.97879409790039,0.38932886719703674,0.660188615322113,0.8868445158004761,5.3120036125183105,5.182255268096924,4.2058329582214355,nan
13.100,1,60.46857833862305,187.5258331298828,189.05418395996094,201.07138061523438,202.81768798828125,200.18209838867188,0.4195065200328827,0.49150747060775757,0.5274251103401184,25.366962432861328,92.17034912109375,99.71192169189453,-9.876091003417969,-60.849815368652344,-88.42897033691406,0.008210982196033001,62.40087890625,-28.97879409790039,0.38932886719703674,0.660188615322113,0.8868445158004761,5.3120036125183105,5.182255268096924,4.2058329582214355,nan
13.150,0,60.46857833862305,187.5258331298828,189.05418395996094,201.07138061523438,202.81768798828125,200.18209838867188,0.4195065200328827,0.49150747060775757,0.5274251103401184,25.366962432861328,92.17034912109375,99.71192169189453,-9.876091003417969,-60.849815368652344,-88.42897033691406,0.008210982196033001,62.40087890625,-28.97879409790039,0.38932886719703674,0.660188615322113,0.8868445158004761,5.3120036125183105,5.182255268096924,4.2058329582214355,nan
13.200,0,102.760498046875,127.73444366455078,119.13253021240234,201.53744506835938,202.02468872070312,199.6439666748047,0.4584219455718994,0.474639892578125,0.5151538252830505,47.107666015625,60.62786102294922,61.371578216552734,-45.41331481933594,-55.742637634277344,-59.89870834350586,5.788949966430664,18.86029624938965,3.2372992038726807,0.9640323519706726,0.9194228053092957,0.9760007858276367,5.235223293304443,5.157725811004639,4.13820219039917,nan
13.250,0,102.760498046875,127.73444366455078,119.13253021240234,201.53744506835938,202.02468872070312,199.6439666748047,0.4584219455718994,0.474639892578125,0.5151538252830505,47.107666015625,60.62786102294922,61.371578216552734,-45.41331481933594,-55.742637634277344,-59.89870834350586,5.788949966430664,18.86029624938965,3.2372992038726807,0.9640323519706726,0.9194228053092957,0.9760007858276367,5.235223293304443,5.157725811004639,4.13820219039917,nan
13.300,0,102.760498046875,127.73444366455078,119.13253021240234,201.53744506835938,202.02468872070312,199.6439666748047,0.4584219455718994,0.474639892578125,0.5151538252830505,47.107666015625,60.62786102294922,61.371578216552734,-45.41331481933594,-55.742637634277344,-59.89870834350586,5.788949966430664,18.86029624938965,3.2372992038726807,0.9640323519706726,0.9194228053092957,0.9760007858276367,5.235223293304443,5.157725811004639,4.13820219039917,nan
13.350,0,102.760498046875,127.73444366455078,119.13253021240234,201.53744506835938,202.02468872070312,199.6439666748047,0.4584219455718994,0.474639892578125,0.5151538252830505,47.107666015625,60.62786102294922,61.371578216552734,-45.41331481933594,-55.742637634277344,-59.89870834350586,5.788949966430664,18.86029624938965,3.2372992038726807,0.9640323519706726,0.9194228053092957,0.9760007858276367,5.235223293304443,5.157725811004639,4.13820219039917,nan
13.400,0,102.697509765625,128.0640106201172,118.53741455078125,201.43899536132812,201.96458435058594,199.58441162109375,0.45104870200157166,0.4654446244239807,0.5089229941368103,46.32157897949219,59.60670471191406,60.326416015625,-44.83805847167969,-55.09090805053711,-59.04338073730469,5.723938465118408,18.626625061035156,2.9265263080596924,0.9679734706878662,0.9242401123046875,0.9787318110466003,5.209237098693848,5.126344203948975,4.126857280731201,nan
13.450,0,102.697509765625,128.0640106201172,118.53741455078125,201.43899536132812,201.96458435058594,199.58441162109375,0.45104870200157166,0.4654446244239807,0.5089229941368103,46.32157897949219,59.60670471191406,60.326416015625,-44.83805847167969,-55.09090805053711,-59.04338073730469,5.723938465118408,18.626625061035156,2.9265263080596924,0.9679734706878662,0.9242401123046875,0.9787318110466003,5.209237098693848,5.126344203948975,4.126857280731201,nan
13.500,0,102.697509765625,128.0640106201172,118.53741455078125,201.43899536132812,201.96458435058594,199.58441162109375,0.45104870200157166,0.4654446244239807,0.5089229941368103,46.32157897949219,59.60670471191406,60.326416015625,-44.83805847167969,-55.09090805053711,-59.04338073730469,5.723938465118408,18.626625061035156,2.9265263080596924,0.9679734706878662,0.9242401123046875,0.9787318110466003,5.209237098693848,5.126344203948975,4.126857280731201,nan
13.550,0,102.697509765625,128.0640106201172,118.53741455078125,201.43899536132812,201.96458435058594,199.58441162109375,0.45104870200157166,0.4654446244239807,0.5089229941368103,46.32157897949219,59.60670471191406,60.326416015625,-44.83805847167969,-55.09090805053711,-59.04338073730469,5.723938465118408,18.626625061035156,2.9265263080596924,0.9679734706878662,0.9242401123046875,0.9787318110466003,5.209237098693848,5.126344203948975,4.126857280731201,nan
13.600,0,102.70882415771484,128.1206817626953,118.48922729492188,201.43307495117188,202.01002502441406,199.58094787597656,0.4560855031013489,0.4737189710140228,0.5154651403427124,46.8440055847168,60.693199157714844,61.077064514160156,-45.22078323364258,-55.860626220703125,-59.84716033935547,6.433686256408691,19.65387725830078,3.4535810947418213,0.9653483629226685,0.9203770160675049,0.9798630475997925,5.157257556915283,5.149940013885498,4.109030723571777,nan
13.650,0,102.70882415771484,128.1206817626953,118.48922729492188,201.43307495117188,202.01002502441406,199.58094787597656,0.4560855031013489,0.4737189710140228,0.5154651403427124,46.8440055847168,60.693199157714844,61.077064514160156,-45.22078323364258,-55.860626220703125,-59.84716033935547,6.433686256408691,19.65387725830078,3.4535810947418213,0.9653483629226685,0.9203770160675049,0.9798630475997925,5.157257556915283,5.149940013885498,4.109030723571777,nan
13.700,0,102.70882415771484,128.1206817626953,118.48922729492188,201.43307495117188,202.01002502441406,199.58094787597656,0.4560855031013489,0.4737189710140228,0.5154651403427124,46.8440055847168,60.693199157714844,61.077064514160156,-45.22078323364258,-55.860626220703125,-59.84716033935547,6.433686256408691,19.65387725830078,3.4535810947418213,0.9653483629226685,0.9203770160675049,0.9798630475997925,5.157257556915283,5.149940013885498,4.109030723571777,nan
13.750,0,102.70882415771484,128.1206817626953,118.48922729492188,201.43307495117188,202.01002502441406,199.58094787597656,0.4560855031013489,0.4737189710140228,0.5154651403427124,46.8440055847168,60.693199157714844,61.077064514160156,-45.22078323364258,-55.860626220703125,-59.84716033935547,6.433686256408691,19.65387725830078,3.4535810947418213,0.9653483629226685,0.9203770160675049,0.9798630475997925,5.157257556915283,5.149940013885498,4.109030723571777,nan
13.800,0,102.72505187988281,128.1575927734375,118.48332977294922,201.4661865234375,202.0224609375,199.61190795898438,0.4579073190689087,0.4761642515659332,0.5167831778526306,47.038551330566406,61.02406311035156,61.23019027709961,-45.415199279785156,-56.38288879394531,-59.872581481933594,6.233256816864014,19.130229949951172,2.831555128097534,0.9654889106750488,0.9239451885223389,0.977827787399292,5.115490913391113,5.117475986480713,4.0865478515625,nan
13.850,0,102.72505187988281,128.1575927734375,118.48332977294922,201.4661865234375,202.0224609375,199.61190795898438,0.4579073190689087,0.4761642515659332,0.5167831778526306,47.038551330566406,61.02406311035156,61.23019027709961,-45.415199279785156,-56.38288879394531,-59.872581481933594,6.233256816864014,19.130229949951172,2.831555128097534,0.9654889106750488,0.9239451885223389,0.977827787399292,5.115490913391113,5.117475986480713,4.0865478515625,nan
13.900,0,102.72505187988281,128.1575927734375,118.48332977294922,201.4661865234375,202.0224609375,199.61190795898438,0.4579073190689087,0.4761642515659332,0.5167831778526306,47.038551330566406,61.02406311035156,61.23019027709961,-45.415199279785156,-56.38288879394531,-59.872581481933594,6.233256816864014,19.130229949951172,2.831555128097534,0.9654889106750488,0.9239451885223389,0.977827787399292,5.115490913391113,5.117475986480713,4.0865478515625,nan
13.950,0,102.72505187988281,128.1575927734375,118.48332977294922,201.4661865234375,202.0224609375,199.61190795898438,0.4579073190689087,0.4761642515659332,0.5167831778526306,47.038551330566406,61.02406311035156,61.23019027709961,-45.415199279785156,-56.38288879394531,-59.872581481933594,6.233256816864014,19.130229949951172,2.831555128097534,0.9654889106750488,0.9239451885223389,0.977827787399292,5.115490913391113,5.117475986480713,4.0865478515625,nan
14.000,0,102.72537231445312,128.15628051757812,118.45317077636719,201.48902893066406,201.97491455078125,199.58099365234375,0.4553411900997162,0.47228512167930603,0.5094082951545715,46.77509307861328,60.52630615234375,60.341026306152344,-45.074520111083984,-55.78479766845703,-58.944828033447266,6.5392632484436035,18.936626434326172,3.2036895751953125,0.9636436104774475,0.9216620326042175,0.9768615365028381,5.15062952041626,5.141521453857422,4.05620002746582,nan
14.050,0,102.72537231445312,128.15628051757812,118.45317077636719,201.48902893066406,201.97491455078125,199.58099365234375,0.4553411900997162,0.47228512167930603,0.5094082951545715,46.77509307861328,60.52630615234375,60.341026306152344,-45.074520111083984,-55.78479766845703,-58.944828033447266,6.5392632484436035,18.936626434326172,3.2036895751953125,0.9636436104774475,0.9216620326042175,0.9768615365028381,5.15062952041626,5.141521453857422,4.05620002746582,nan
14.100,0,102.72537231445312,128.15628051757812,118.45317077636719,201.48902893066406,201.97491455078125,199.58099365234375,0.4553411900997162,0.47228512167930603,0.5094082951545715,46.77509307861328,60.52630615234375,60.341026306152344,-45.074520111083984,-55.78479766845703,-58.944828033447266,6.5392632484436035,18.936626434326172,3.2036895751953125,0.9636436104774475,0.9216620326042175,0.9768615365028381,5.15062952041626,5.141521453857422,4.05620002746582,nan
14.150,0,102.72537231445312,128.15628051757812,118.45317077636719,201.48902893066406,201.97491455078125,199.58099365234375,0.4553411900997162,0.47228512167930603,0.5094082951545715,46.77509307861328,60.52630615234375,60.341026306152344,-45.074520111083984,-55.78479766845703,-58.944828033447266,6.5392632484436035,18.936626434326172,3.2036895751953125,0.9636436104774475,0.9216620326042175,0.9768615365028381,5.15062952041626,5.141521453857422,4.05620002746582,nan
14.200,0,102.76420593261719,128.14479064941406,118.50945281982422,201.5227508544922,202.0146942138672,199.65463256835938,0.45942142605781555,0.4730878174304962,0.5155479311943054,47.21207809448242,60.623741149902344,61.0973014831543,-45.55783462524414,-55.780967712402344,-59.76027297973633,6.77366304397583,19.686559677124023,4.03305196762085,0.9649614095687866,0.9201175570487976,0.9781163930892944,5.187139987945557,5.1478657722473145,4.096093654632568,nan
14.250,0,102.76420593261719,128.14479064941406,118.50945281982422,201.5227508544922,202.0146942138672,199.65463256835938,0.45942142605781555,0.4730878174304962,0.5155479311943054,47.21207809448242,60.623741149902344,61.0973014831543,-45.55783462524414,-55.780967712402344,-59.76027297973633,6.77366304397583,19.686559677124023,4.03305196762085,0.9649614095687866,0.9201175570487976,0.9781163930892944,5.187139987945557,5.1478657722473145,4.096093654632568,nan
14.300,0,102.76420593261719,128.14479064941406,118.50945281982422,201.5227508544922,202.0146942138672,199.65463256835938,0.45942142605781555,0.4730878174304962,0.5155479311943054,47.21207809448242,60.623741149902344,61.0973014831543,-45.55783462524414,-55.780967712402344,-59.76027297973633,6.77366304397583,19.686559677124023,4.03305196762085,0.9649614095687866,0.9201175570487976,0.9781163930892944,5.187139987945557,5.1478657722473145,4.096093654632568,nan
14.350,0,102.76420593261719,128.14479064941406,118.50945281982422,201.5227508544922,202.0146942138672,199.65463256835938,0.45942142605781555,0.4730878174304962,0.5155479311943054,47.21207809448242,60.623741149902344,61.0973014831543,-45.55783462524414,-55.780967712402344,-59.76027297973633,6.77366304397583,19.686559677124023,4.03305196762085,0.9649614095687866,0.9201175570487976,0.9781163930892944,5.187139987945557,5.1478657722473145,4.096093654632568,nan
14.400,0,102.76844787597656,128.15740966796875,118.51841735839844,201.53099060058594,202.0408935546875,199.6664581298828,0.457399845123291,0.47149235010147095,0.5142574310302734,47.00627136230469,60.42523956298828,60.948978424072266,-45.48453903198242,-55.903770446777344,-59.7260627746582,5.967446804046631,18.83837127685547,3.0190980434417725,0.9676270484924316,0.9251725077629089,0.9799354076385498,5.200479984283447,5.148869037628174,4.112509727478027,nan
14.450,0,102.76844787597656,128.15740966796875,118.51841735839844,201.53099060058594,202.0408935546875,199.6664581298828,0.457399845123291,0.47149235010147095,0.5142574310302734,47.00627136230469,60.42523956298828,60.948978424072266,-45.48453903198242,-55.903770446777344,-59.7260627746582,5.967446804046631,18.83837127685547,3.0190980434417725,0.9676270484924316,0.9251725077629089,0.9799354076385498,5.200479984283447,5.148869037628174,4.112509727478027,nan
14.500,0,102.76844787597656,128.15740966796875,118.51841735839844,201.53099060058594,202.0408935546875,199.6664581298828,0.457399845123291,0.47149235010147095,0.5142574310302734,47.00627136230469,60.42523956298828,60.948978424072266,-45.48453903198242,-55.903770446777344,-59.7260627746582,5.967446804046631,18.83837127685547,3.0190980434417725,0.9676270484924316,0.9251725077629089,0.9799354076385498,5.200479984283447,5.148869037628174,4.112509727478027,nan
14.550,0,102.76844787597656,128.15740966796875,118.51841735839844,201.53099060058594,202.0408935546875,199.6664581298828,0.457399845123291,0.47149235010147095,0.5142574310302734,47.00627136230469,60.42523956298828,60.948978424072266,-45.48453903198242,-55.903770446777344,-59.7260627746582,5.967446804046631,18.83837127685547,3.0190980434417725,0.9676270484924316,0.9251725077629089,0.9799354076385498,5.200479984283447,5.148869037628174,4.112509727478027,nan
14.600,0,102.71744537353516,128.1202850341797,118.43415832519531,201.4409942626953,201.94940185546875,199.5478515625,0.4490458369255066,0.4661458432674408,0.5082003474235535,46.124839782714844,59.722740173339844,60.18828201293945,-44.538204193115234,-55.01634979248047,-58.847755432128906,6.090271949768066,19.055465698242188,3.1104607582092285,0.9656012654304504,0.9211959838867188,0.9777277708053589,5.198343753814697,5.162876129150391,4.1266937255859375,nan
14.650,0,102.71744537353516,128.1202850341797,118.43415832519531,201.4409942626953,201.94940185546875,199.5478515625,0.4490458369255066,0.4661458432674408,0.5082003474235535,46.124839782714844,59.722740173339844,60.18828201293945,-44.538204193115234,-55.01634979248047,-58.847755432128906,6.090271949768066,19.055465698242188,3.1104607582092285,0.9656012654304504,0.9211959838867188,0.9777277708053589,5.198343753814697,5.162876129150391,4.1266937255859375,nan
14.700,0,102.71744537353516,128.1202850341797,118.43415832519531,201.4409942626953,201.94940185546875,199.5478515625,0.4490458369255066,0.4661458432674408,0.5082003474235535,46.124839782714844,59.722740173339844,60.18828201293945,-44.538204193115234,-55.01634979248047,-58.847755432128906,6.090271949768066,19.055465698242188,3.1104607582092285,0.9656012654304504,0.9211959838867188,0.9777277708053589,5.198343753814697,5.162876129150391,4.1266937255859375,nan
14.750,0,102.71744537353516,128.1202850341797,118.43415832519531,201.4409942626953,201.94940185546875,199.5478515625,0.4490458369255066,0.4661458432674408,0.5082003474235535,46.124839782714844,59.722740173339844,60.18828201293945,-44.538204193115234,-55.01634979248047,-58.847755432128906,6.090271949768066,19.055465698242188,3.1104607582092285,0.9656012654304504,0.9211959838867188,0.9777277708053589,5.198343753814697,5.162876129150391,4.1266937255859375,nan
14.800,0,102.73286437988281,128.14756774902344,118.43319702148438,201.48602294921875,201.95663452148438,199.56442260742188,0.45726278424263,0.476351261138916,0.513140857219696,46.975914001464844,61.04325485229492,60.772911071777344,-45.234779357910156,-56.17172622680664,-59.40351104736328,6.687337398529053,19.35239028930664,3.2497661113739014,0.9629355669021606,0.920195460319519,0.9774669408798218,5.188384056091309,5.164092540740967,4.107650279998779,nan
14.850,0,102.73286437988281,128.14756774902344,118.43319702148438,201.48602294921875,201.95663452148438,199.56442260742188,0.45726278424263,0.476351261138916,0.513140857219696,46.975914001464844,61.04325485229492,60.772911071777344,-45.234779357910156,-56.17172622680664,-59.40351104736328,6.687337398529053,19.35239028930664,3.2497661113739014,0.9629355669021606,0.920195460319519,0.9774669408798218,5.188384056091309,5.164092540740967,4.107650279998779,nan
14.900,0,102.73286437988281,128.14756774902344,118.43319702148438,201.48602294921875,201.95663452148438,199.56442260742188,0.45726278424263,0.476351261138916,0.513140857219696,46.975914001464844,61.04325485229492,60.772911071777344,-45.234779357910156,-56.17172622680664,-59.40351104736328,6.687337398529053,19.35239028930664,3.2497661113739014,0.9629355669021606,0.920195460319519,0.9774669408798218,5.188384056091309,5.164092540740967,4.107650279998779,nan
14.950,0,102.73286437988281,128.14756774902344,118.43319702148438,201.48602294921875,201.95663452148438,199.56442260742188,0.45726278424263,0.476351261138916,0.513140857219696,46.975914001464844,61.04325485229492,60.772911071777344,-45.234779357910156,-56.17172622680664,-59.40351104736328,6.687337398529053,19.35239028930664,3.2497661113739014,0.9629355669021606,0.920195460319519,0.9774669408798218,5.188384056091309,5.164092540740967,4.107650279998779,nan
15.000,0,102.77417755126953,128.18368530273438,118.4808120727539,201.54954528808594,202.01113891601562,199.65895080566406,0.4583258330821991,0.4751667082309723,0.5136957168579102,47.104061126708984,60.90861892700195,60.86308670043945,-45.55705261230469,-56.45394515991211,-59.59638595581055,6.295753479003906,18.78789520263672,2.808764696121216,0.9671576619148254,0.9268630146980286,0.9791877269744873,5.167383670806885,5.2066874504089355,4.094870567321777,nan
15.050,0,102.77417755126953,128.18368530273438,118.4808120727539,201.54954528808594,202.01113891601562,199.65895080566406,0.4583258330821991,0.4751667082309723,0.5136957168579102,47.104061126708984,60.90861892700195,60.86308670043945,-45.55705261230469,-56.45394515991211,-59.59638595581055,6.295753479003906,18.78789520263672,2.808764696121216,0.9671576619148254,0.9268630146980286,0.9791877269744873,5.167383670806885,5.2066874504089355,4.094870567321777,nan
15.100,0,102.77417755126953,128.18368530273438,118.4808120727539,201.54954528808594,202.01113891601562,199.65895080566406,0.4583258330821991,0.4751667082309723,0.5136957168579102,47.104061126708984,60.90861892700195,60.86308670043945,-45.55705261230469,-56.45394515991211,-59.59638595581055,6.295753479003906,18.78789520263672,2.808764696121216,0.9671576619148254,0.9268630146980286,0.9791877269744873,5.167383670806885,5.2066874504089355,4.094870567321777,nan
15.150,0,102.77417755126953,128.18368530273438,118.4808120727539,201.54954528808594,202.01113891601562,199.65895080566406,0.4583258330821991,0.4751667082309723,0.5136957168579102,47.104061126708984,60.90861892700195,60.86308670043945,-45.55705261230469,-56.45394515991211,-59.59638595581055,6.295753479003906,18.78789520263672,2.808764696121216,0.9671576619148254,0.9268630146980286,0.9791877269744873,5.167383670806885,5.2066874504089355,4.094870567321777,nan
15.200,0,102.72936248779297,128.13482666015625,118.4449462890625,201.48265075683594,201.94529724121094,199.57232666015625,0.45099571347236633,0.4675329923629761,0.5075798034667969,46.330501556396484,59.907257080078125,60.120262145996094,-44.738887786865234,-55.14288330078125,-58.85158920288086,6.489887237548828,19.29261589050293,3.517106771469116,0.965646505355835,0.9204708337783813,0.978897750377655,5.222270965576172,5.16915225982666,4.104179382324219,nan
15.250,0,102.72936248779297,128.13482666015625,118.4449462890625,201.48265075683594,201.94529724121094,199.57232666015625,0.45099571347236633,0.4675329923629761,0.5075798034667969,46.330501556396484,59.907257080078125,60.120262145996094,-44.738887786865234,-55.14288330078125,-58.85158920288086,6.489887237548828,19.29261589050293,3.517106771469116,0.965646505355835,0.9204708337783813,0.978897750377655,5.222270965576172,5.16915225982666,4.104179382324219,nan
15.300,0,102.72936248779297,128.13482666015625,118.4449462890625,201.48265075683594,201.94529724121094,199.57232666015625,0.45099571347236633,0.4675329923629761,0.5075798034667969,46.330501556396484,59.907257080078125,60.120262145996094,-44.738887786865234,-55.14288330078125,-58.85158920288086,6.489887237548828,19.29261589050293,3.517106771469116,0.965646505355835,0.9204708337783813,0.978897750377655,5.222270965576172,5.16915225982666,4.104179382324219,nan
15.350,0,102.72936248779297,128.13482666015625,118.4449462890625,201.48265075683594,201.94529724121094,199.57232666015625,0.45099571347236633,0.4675329923629761,0.5075798034667969,46.330501556396484,59.907257080078125,60.120262145996094,-44.738887786865234,-55.14288330078125,-58.85158920288086,6.489887237548828,19.29261589050293,3.517106771469116,0.965646505355835,0.9204708337783813,0.978897750377655,5.222270965576172,5.16915225982666,4.104179382324219,nan
15.400,0,102.76274108886719,128.14181518554688,118.50089263916016,201.5104522705078,202.0130615234375,199.64891052246094,0.45758020877838135,0.4711124897003174,0.5132007002830505,47.02219772338867,60.36920928955078,60.81473922729492,-45.45004653930664,-55.752925872802734,-59.52522659301758,6.443490982055664,19.17742156982422,3.5704751014709473,0.9665657877922058,0.9235324859619141,0.9787960648536682,5.228027820587158,5.154780864715576,4.062598705291748,nan
15.450,0,102.76274108886719,128.14181518554688,118.50089263916016,201.5104522705078,202.0130615234375,199.64891052246094,0.45758020877838135,0.4711124897003174,0.5132007002830505,47.02219772338867,60.36920928955078,60.81473922729492,-45.45004653930664,-55.752925872802734,-59.52522659301758,6.443490982055664,19.17742156982422,3.5704751014709473,0.9665657877922058,0.9235324859619141,0.9787960648536682,5.228027820587158,5.154780864715576,4.062598705291748,nan
15.500,0,102.76274108886719,128.14181518554688,118.50089263916016,201.5104522705078,202.0130615234375,199.64891052246094,0.45758020877838135,0.4711124897003174,0.5132007002830505,47.02219772338867,60.36920928955078,60.81473922729492,-45.45004653930664,-55.752925872802734,-59.52522659301758,6.443490982055664,19.17742156982422,3.5704751014709473,0.9665657877922058,0.9235324859619141,0.9787960648536682,5.228027820587158,5.154780864715576,4.062598705291748,nan
15.550,0,102.76274108886719,128.14181518554688,118.50089263916016,201.5104522705078,202.0130615234375,199.64891052246094,0.45758020877838135,0.4711124897003174,0.5132007002830505,47.02219772338867,60.36920928955078,60.81473922729492,-45.45004653930664,-55.752925872802734,-59.52522659301758,6.443490982055664,19.17742156982422,3.5704751014709473,0.9665657877922058,0.9235324859619141,0.9787960648536682,5.228027820587158,5.154780864715576,4.062598705291748,nan
15.600,0,102.76358795166016,128.14854431152344,118.5099105834961,201.52549743652344,202.02293395996094,199.64942932128906,0.4584532082080841,0.4703959822654724,0.5117916464805603,47.11229705810547,60.28055953979492,60.652381896972656,-45.406227111816406,-55.69257354736328,-59.24256134033203,5.932513236999512,18.368587493896484,2.9486782550811768,0.9637871384620667,0.9238894581794739,0.9767557382583618,5.228825092315674,5.168142795562744,4.127978324890137,nan
15.650,0,102.76358795166016,128.14854431152344,118.5099105834961,201.52549743652344,202.02293395996094,199.64942932128906,0.4584532082080841,0.4703959822654724,0.5117916464805603,47.11229705810547,60.28055953979492,60.652381896972656,-45.406227111816406,-55.69257354736328,-59.24256134033203,5.932513236999512,18.368587493896484,2.9486782550811768,0.9637871384620667,0.9238894581794739,0.9767557382583618,5.228825092315674,5.168142795562744,4.127978324890137,nan
15.700,0,102.76358795166016,128.14854431152344,118.5099105834961,201.52549743652344,202.02293395996094,199.64942932128906,0.4584532082080841,0.4703959822654724,0.5117916464805603,47.11229705810547,60.28055953979492,60.652381896972656,-45.406227111816406,-55.69257354736328,-59.24256134033203,5.932513236999512,18.368587493896484,2.9486782550811768,0.9637871384620667,0.9238894581794739,0.9767557382583618,5.228825092315674,5.168142795562744,4.127978324890137,nan
15.750,0,102.76358795166016,128.14854431152344,118.5099105834961,201.52549743652344,202.02293395996094,199.64942932128906,0.4584532082080841,0.4703959822654724,0.5117916464805603,47.11229705810547,60.28055953979492,60.652381896972656,-45.406227111816406,-55.69257354736328,-59.24256134033203,5.932513236999512,18.368587493896484,2.9486782550811768,0.9637871384620667,0.9238894581794739,0.9767557382583618,5.228825092315674,5.168142795562744,4.127978324890137,nan
15.800,0,102.7380142211914,128.12242126464844,118.4831771850586,201.46832275390625,201.98207092285156,199.61062622070312,0.4513816833496094,0.4683307409286499,0.5098115801811218,46.37405776977539,60.00366973876953,60.40409469604492,-44.82307815551758,-55.261268615722656,-59.06928634643555,6.339278221130371,19.248811721801758,3.3844852447509766,0.9665549993515015,0.9209648370742798,0.9779019951820374,5.193051815032959,5.165462970733643,4.1019673347473145,nan
15.850,0,102.7380142211914,128.12242126464844,118.4831771850586,201.46832275390625,201.98207092285156,199.61062622070312,0.4513816833496094,0.4683307409286499,0.5098115801811218,46.37405776977539,60.00366973876953,60.40409469604492,-44.82307815551758,-55.261268615722656,-59.06928634643555,6.339278221130371,19.248811721801758,3.3844852447509766,0.9665549993515015,0.9209648370742798,0.9779019951820374,5.193051815032959,5.165462970733643,4.1019673347473145,nan
15.900,0,102.7380142211914,128.12242126464844,118.4831771850586,201.46832275390625,201.98207092285156,199.61062622070312,0.4513816833496094,0.4683307409286499,0.5098115801811218,46.37405776977539,60.00366973876953,60.40409469604492,-44.82307815551758,-55.261268615722656,-59.06928634643555,6.339278221130371,19.248811721801758,3.3844852447509766,0.9665549993515015,0.9209648370742798,0.9779019951820374,5.193051815032959,5.165462970733643,4.1019673347473145,nan
15.950,0,102.7380142211914,128.12242126464844,118.4831771850586,201.46832275390625,201.98207092285156,199.61062622070312,0.4513816833496094,0.4683307409286499,0.5098115801811218,46.37405776977539,60.00366973876953,60.40409469604492,-44.82307815551758,-55.261268615722656,-59.06928634643555,6.339278221130371,19.248811721801758,3.3844852447509766,0.9665549993515015,0.9209648370742798,0.9779019951820374,5.193051815032959,5.165462970733643,4.1019673347473145,nan
16.000,0,102.7940673828125,128.2050018310547,118.53388214111328,201.57667541503906,202.09341430664062,199.71595764160156,0.4569776654243469,0.4738326370716095,0.5148952603340149,46.97459411621094,60.74771499633789,61.032535552978516,-45.46632766723633,-56.201080322265625,-59.87925720214844,6.088112831115723,19.026777267456055,2.902628183364868,0.9678918719291687,0.9251554608345032,0.9811038970947266,5.145191669464111,5.158613204956055,4.080450057983398,nan
16.050,0,102.7940673828125,128.2050018310547,118.53388214111328,201.57667541503906,202.09341430664062,199.71595764160156,0.4569776654243469,0.4738326370716095,0.5148952603340149,46.97459411621094,60.74771499633789,61.032535552978516,-45.46632766723633,-56.201080322265625,-59.87925720214844,6.088112831115723,19.026777267456055,2.902628183364868,0.9678918719291687,0.9251554608345032,0.9811038970947266,5.145191669464111,5.158613204956055,4.080450057983398,nan
16.100,0,102.7940673828125,128.2050018310547,118.53388214111328,201.57667541503906,202.09341430664062,199.71595764160156,0.4569776654243469,0.4738326370716095,0.5148952603340149,46.97459411621094,60.74771499633789,61.032535552978516,-45.46632766723633,-56.201080322265625,-59.87925720214844,6.088112831115723,19.026777267456055,2.902628183364868,0.9678918719291687,0.9251554608345032,0.9811038970947266,5.145191669464111,5.158613204956055,4.080450057983398,nan
16.150,0,102.7940673828125,128.2050018310547,118.53388214111328,201.57667541503906,202.09341430664062,199.71595764160156,0.4569776654243469,0.4738326370716095,0.5148952603340149,46.97459411621094,60.74771499633789,61.032535552978516,-45.46632766723633,-56.201080322265625,-59.87925720214844,6.088112831115723,19.026777267456055,2.902628183364868,0.9678918719291687,0.9251554608345032,0.9811038970947266,5.145191669464111,5.158613204956055,4.080450057983398,nan
16.200,0,102.77385711669922,128.24452209472656,118.5160140991211,201.60682678222656,202.1016082763672,199.67982482910156,0.45657533407211304,0.4753800332546234,0.5149486064910889,46.924007415771484,60.96488571166992,61.02965545654297,-45.2391242980957,-56.258399963378906,-59.5991096496582,6.248069763183594,19.06817626953125,2.774837017059326,0.9640933871269226,0.9228000640869141,0.9765598177909851,5.18288516998291,5.140552520751953,4.080312252044678,nan
16.250,0,102.77385711669922,128.24452209472656,118.5160140991211,201.60682678222656,202.1016082763672,199.67982482910156,0.45657533407211304,0.4753800332546234,0.5149486064910889,46.924007415771484,60.96488571166992,61.02965545654297,-45.2391242980957,-56.258399963378906,-59.5991096496582,6.248069763183594,19.06817626953125,2.774837017059326,0.9640933871269226,0.9228000640869141,0.9765598177909851,5.18288516998291,5.140552520751953,4.080312252044678,nan
16.300,0,102.77385711669922,128.24452209472656,118.5160140991211,201.60682678222656,202.1016082763672,199.67982482910156,0.45657533407211304,0.4753800332546234,0.5149486064910889,46.924007415771484,60.96488571166992,61.02965545654297,-45.2391242980957,-56.258399963378906,-59.5991096496582,6.248069763183594,19.06817626953125,2.774837017059326,0.9640933871269226,0.9228000640869141,0.9765598177909851,5.18288516998291,5.140552520751953,4.080312252044678,nan
16.350,0,102.77385711669922,128.24452209472656,118.5160140991211,201.60682678222656,202.1016082763672,199.67982482910156,0.45657533407211304,0.4753800332546234,0.5149486064910889,46.924007415771484,60.96488571166992,61.02965545654297,-45.2391242980957,-56.258399963378906,-59.5991096496582,6.248069763183594,19.06817626953125,2.774837017059326,0.9640933871269226,0.9228000640869141,0.9765598177909851,5.18288516998291,5.140552520751953,4.080312252044678,nan
16.400,0,102.77105712890625,128.181884765625,118.48200988769531,201.575927734375,202.0087432861328,199.63377380371094,0.45497822761535645,0.47212451696395874,0.5097768902778625,46.75859451293945,60.5178108215332,60.399391174316406,-45.011783599853516,-55.56330108642578,-59.018123626708984,7.016396999359131,19.66153907775879,3.8970279693603516,0.9626419544219971,0.9181313514709473,0.9771311283111572,5.232444763183594,5.20344352722168,4.090624809265137,nan
16.450,0,102.77105712890625,128.181884765625,118.48200988769531,201.575927734375,202.0087432861328,199.63377380371094,0.45497822761535645,0.47212451696395874,0.5097768902778625,46.75859451293945,60.5178108215332,60.399391174316406,-45.011783599853516,-55.56330108642578,-59.018123626708984,7.016396999359131,19.66153907775879,3.8970279693603516,0.9626419544219971,0.9181313514709473,0.9771311283111572,5.232444763183594,5.20344352722168,4.090624809265137,nan
16.500,0,102.77105712890625,128.181884765625,118.48200988769531,201.575927734375,202.0087432861328,199.63377380371094,0.45497822761535645,0.47212451696395874,0.5097768902778625,46.75859451293945,60.5178108215332,60.399391174316406,-45.011783599853516,-55.56330108642578,-59.018123626708984,7.016396999359131,19.66153907775879,3.8970279693603516,0.9626419544219971,0.9181313514709473,0.9771311283111572,5.232444763183594,5.20344352722168,4.090624809265137,nan
16.550,0,102.77105712890625,128.181884765625,118.48200988769531,201.575927734375,202.0087432861328,199.63377380371094,0.45497822761535645,0.47212451696395874,0.5097768902778625,46.75859451293945,60.5178108215332,60.399391174316406,-45.011783599853516,-55.56330108642578,-59.018123626708984,7.016396999359131,19.66153907775879,3.8970279693603516,0.9626419544219971,0.9181313514709473,0.9771311283111572,5.232444763183594,5.20344352722168,4.090624809265137,nan
16.600,0,102.79591369628906,128.18809509277344,118.52933502197266,201.60760498046875,202.0463409423828,199.6982421875,0.45702069997787476,0.4725584387779236,0.5144273042678833,46.979862213134766,60.57636642456055,60.974727630615234,-45.488094329833984,-55.97760772705078,-59.80134963989258,6.361545085906982,19.31858253479004,3.3808135986328125,0.9682466387748718,0.9240832924842834,0.9807563424110413,5.2531208992004395,5.2031569480896,4.149059295654297,nan
16.650,0,102.79591369628906,128.18809509277344,118.52933502197266,201.60760498046875,202.0463409423828,199.6982421875,0.45702069997787476,0.4725584387779236,0.5144273042678833,46.979862213134766,60.57636642456055,60.974727630615234,-45.488094329833984,-55.97760772705078,-59.80134963989258,6.361545085906982,19.31858253479004,3.3808135986328125,0.9682466387748718,0.9240832924842834,0.9807563424110413,5.2531208992004395,5.2031569480896,4.149059295654297,nan
16.700,0,102.79591369628906,128.18809509277344,118.52933502197266,201.60760498046875,202.0463409423828,199.6982421875,0.45702069997787476,0.4725584387779236,0.5144273042678833,46.979862213134766,60.57636642456055,60.974727630615234,-45.488094329833984,-55.97760772705078,-59.80134963989258,6.361545085906982,19.31858253479004,3.3808135986328125,0.9682466387748718,0.9240832924842834,0.9807563424110413,5.2531208992004395,5.2031569480896,4.149059295654297,nan
16.750,0,102.79591369628906,128.18809509277344,118.52933502197266,201.60760498046875,202.0463409423828,199.6982421875,0.45702069997787476,0.4725584387779236,0.5144273042678833,46.979862213134766,60.57636642456055,60.974727630615234,-45.488094329833984,-55.97760772705078,-59.80134963989258,6.361545085906982,19.31858253479004,3.3808135986328125,0.9682466387748718,0.9240832924842834,0.9807563424110413,5.2531208992004395,5.2031569480896,4.149059295654297,nan
16.800,0,102.77532196044922,128.14157104492188,118.49638366699219,201.53073120117188,201.97715759277344,199.66650390625,0.4550507664680481,0.46972402930259705,0.5102583169937134,46.76799011230469,60.1911735534668,60.46376419067383,-45.18268585205078,-55.62002944946289,-59.1868896484375,6.1935296058654785,18.83095359802246,3.1198110580444336,0.9661027789115906,0.9240562319755554,0.9788820147514343,5.2299275398254395,5.191221237182617,4.118530750274658,nan
16.850,0,102.77532196044922,128.14157104492188,118.49638366699219,201.53073120117188,201.97715759277344,199.66650390625,0.4550507664680481,0.46972402930259705,0.5102583169937134,46.76799011230469,60.1911735534668,60.46376419067383,-45.18268585205078,-55.62002944946289,-59.1868896484375,6.1935296058654785,18.83095359802246,3.1198110580444336,0.9661027789115906,0.9240562319755554,0.9788820147514343,5.2299275398254395,5.191221237182617,4.118530750274658,nan
16.900,0,102.77532196044922,128.14157104492188,118.49638366699219,201.53073120117188,201.97715759277344,199.66650390625,0.4550507664680481,0.46972402930259705,0.5102583169937134,46.76799011230469,60.1911735534668,60.46376419067383,-45.18268585205078,-55.62002944946289,-59.1868896484375,6.1935296058654785,18.83095359802246,3.1198110580444336,0.9661027789115906,0.9240562319755554,0.9788820147514343,5.2299275398254395,5.191221237182617,4.118530750274658,nan
16.950,0,102.77532196044922,128.14157104492188,118.49638366699219,201.53073120117188,201.97715759277344,199.66650390625,0.4550507664680481,0.46972402930259705,0.5102583169937134,46.76799011230469,60.1911735534668,60.46376419067383,-45.18268585205078,-55.62002944946289,-59.1868896484375,6.1935296058654785,18.83095359802246,3.1198110580444336,0.9661027789115906,0.9240562319755554,0.9788820147514343,5.2299275398254395,5.191221237182617,4.118530750274658,nan
17.000,0,102.7634506225586,128.10830688476562,118.46337890625,201.47845458984375,201.92515563964844,199.63206481933594,0.45398107171058655,0.472421795129776,0.5104842782020569,46.65266036987305,60.521156311035156,60.47369384765625,-44.974246978759766,-55.71042251586914,-59.06853103637695,6.740044593811035,19.3616886138916,3.4223148822784424,0.9640231728553772,0.9205115437507629,0.9767640829086304,5.150657653808594,5.146646499633789,4.093697547912598,nan
17.050,0,102.7634506225586,128.10830688476562,118.46337890625,201.47845458984375,201.92515563964844,199.63206481933594,0.45398107171058655,0.472421795129776,0.5104842782020569,46.65266036987305,60.521156311035156,60.47369384765625,-44.974246978759766,-55.71042251586914,-59.06853103637695,6.740044593811035,19.3616886138916,3.4223148822784424,0.9640231728553772,0.9205115437507629,0.9767640829086304,5.150657653808594,5.146646499633789,4.093697547912598,nan
17.100,0,102.7634506225586,128.10830688476562,118.46337890625,201.47845458984375,201.92515563964844,199.63206481933594,0.45398107171058655,0.472421795129776,0.5104842782020569,46.65266036987305,60.521156311035156,60.47369384765625,-44.974246978759766,-55.71042251586914,-59.06853103637695,6.740044593811035,19.3616886138916,3.4223148822784424,0.9640231728553772,0.9205115437507629,0.9767640829086304,5.150657653808594,5.146646499633789,4.093697547912598,nan
17.150,0,102.7634506225586,128.10830688476562,118.46337890625,201.47845458984375,201.92515563964844,199.63206481933594,0.45398107171058655,0.472421795129776,0.5104842782020569,46.65266036987305,60.521156311035156,60.47369384765625,-44.974246978759766,-55.71042251586914,-59.06853103637695,6.740044593811035,19.3616886138916,3.4223148822784424,0.9640231728553772,0.9205115437507629,0.9767640829086304,5.150657653808594,5.146646499633789,4.093697547912598,nan
17.200,0,102.78913116455078,128.19607543945312,118.48494720458984,201.5963134765625,202.01553344726562,199.66055297851562,0.45898473262786865,0.47672832012176514,0.513881504535675,47.17864227294922,61.11470031738281,60.88722229003906,-45.41241455078125,-56.34356689453125,-59.4877815246582,6.232580184936523,18.77982521057129,2.716226100921631,0.9625629782676697,0.9219315052032471,0.9770158529281616,5.172848224639893,5.154111385345459,4.0941057205200195,nan
17.250,0,102.78913116455078,128.19607543945312,118.48494720458984,201.5963134765625,202.01553344726562,199.66055297851562,0.45898473262786865,0.47672832012176514,0.513881504535675,47.17864227294922,61.11470031738281,60.88722229003906,-45.41241455078125,-56.34356689453125,-59.4877815246582,6.232580184936523,18.77982521057129,2.716226100921631,0.9625629782676697,0.9219315052032471,0.9770158529281616,5.172848224639893,5.154111385345459,4.0941057205200195,nan
17.300,0,102.78913116455078,128.19607543945312,118.48494720458984,201.5963134765625,202.01553344726562,199.66055297851562,0.45898473262786865,0.47672832012176514,0.513881504535675,47.17864227294922,61.11470031738281,60.88722229003906,-45.41241455078125,-56.34356689453125,-59.4877815246582,6.232580184936523,18.77982521057129,2.716226100921631,0.9625629782676697,0.9219315052032471,0.9770158529281616,5.172848224639893,5.154111385345459,4.0941057205200195,nan
17.350,0,102.78913116455078,128.19607543945312,118.48494720458984,201.5963134765625,202.01553344726562,199.66055297851562,0.45898473262786865,0.47672832012176514,0.513881504535675,47.17864227294922,61.11470031738281,60.88722229003906,-45.41241455078125,-56.34356689453125,-59.4877815246582,6.232580184936523,18.77982521057129,2.716226100921631,0.9625629782676697,0.9219315052032471,0.9770158529281616,5.172848224639893,5.154111385345459,4.0941057205200195,nan
17.400,0,102.7620620727539,128.1875,118.46369171142578,201.56280517578125,201.99208068847656,199.62139892578125,0.453726589679718,0.47006142139434814,0.5109425783157349,46.62588119506836,60.25599670410156,60.52814483642578,-45.01051712036133,-55.62944412231445,-59.210044860839844,6.047967433929443,18.8573055267334,2.8846418857574463,0.9653548002243042,0.9232183694839478,0.9782233834266663,5.1800031661987305,5.155567646026611,4.064116954803467,nan
17.450,0,102.7620620727539,128.1875,118.46369171142578,201.56280517578125,201.99208068847656,199.62139892578125,0.453726589679718,0.47006142139434814,0.5109425783157349,46.62588119506836,60.25599670410156,60.52814483642578,-45.01051712036133,-55.62944412231445,-59.210044860839844,6.047967433929443,18.8573055267334,2.8846418857574463,0.9653548002243042,0.9232183694839478,0.9782233834266663,5.1800031661987305,5.155567646026611,4.064116954803467,nan
17.500,0,102.7620620727539,128.1875,118.46369171142578,201.56280517578125,201.99208068847656,199.62139892578125,0.453726589679718,0.47006142139434814,0.5109425783157349,46.62588119506836,60.25599670410156,60.52814483642578,-45.01051712036133,-55.62944412231445,-59.210044860839844,6.047967433929443,18.8573055267334,2.8846418857574463,0.9653548002243042,0.9232183694839478,0.9782233834266663,5.1800031661987305,5.155567646026611,4.064116954803467,nan
17.550,0,102.7620620727539,128.1875,118.46369171142578,201.56280517578125,201.99208068847656,199.62139892578125,0.453726589679718,0.47006142139434814,0.5109425783157349,46.62588119506836,60.25599670410156,60.52814483642578,-45.01051712036133,-55.62944412231445,-59.210044860839844,6.047967433929443,18.8573055267334,2.8846418857574463,0.9653548002243042,0.9232183694839478,0.9782233834266663,5.1800031661987305,5.155567646026611,4.064116954803467,nan
17.600,0,102.7617416381836,128.16558837890625,118.47799682617188,201.5568084716797,201.9955596923828,199.6162872314453,0.4549981355667114,0.47403720021247864,0.513072669506073,46.75640106201172,60.75525665283203,60.78782272338867,-45.00940704345703,-55.697715759277344,-59.414642333984375,7.018894672393799,20.062875747680664,3.916165828704834,0.9626362323760986,0.9167554974555969,0.9774102568626404,5.197904109954834,5.151655673980713,4.082566738128662,nan
17.650,0,102.7617416381836,128.16558837890625,118.47799682617188,201.5568084716797,201.9955596923828,199.6162872314453,0.4549981355667114,0.47403720021247864,0.513072669506073,46.75640106201172,60.75525665283203,60.78782272338867,-45.00940704345703,-55.697715759277344,-59.414642333984375,7.018894672393799,20.062875747680664,3.916165828704834,0.9626362323760986,0.9167554974555969,0.9774102568626404,5.197904109954834,5.151655673980713,4.082566738128662,nan
17.700,0,102.7617416381836,128.16558837890625,118.47799682617188,201.5568084716797,201.9955596923828,199.6162872314453,0.4549981355667114,0.47403720021247864,0.513072669506073,46.75640106201172,60.75525665283203,60.78782272338867,-45.00940704345703,-55.697715759277344,-59.414642333984375,7.018894672393799,20.062875747680664,3.916165828704834,0.9626362323760986,0.9167554974555969,0.9774102568626404,5.197904109954834,5.151655673980713,4.082566738128662,nan
17.750,0,102.7617416381836,128.16558837890625,118.47799682617188,201.5568084716797,201.9955596923828,199.6162872314453,0.4549981355667114,0.47403720021247864,0.513072669506073,46.75640106201172,60.75525665283203,60.78782272338867,-45.00940704345703,-55.697715759277344,-59.414642333984375,7.018894672393799,20.062875747680664,3.916165828704834,0.9626362323760986,0.9167554974555969,0.9774102568626404,5.197904109954834,5.151655673980713,4.082566738128662,nan
17.800,0,102.78346252441406,128.16702270507812,118.50029754638672,201.57664489746094,202.01353454589844,199.6576385498047,0.4556303024291992,0.47183918952941895,0.511803388595581,46.831260681152344,60.47422409057617,60.64885330200195,-45.3082160949707,-55.947288513183594,-59.386173248291016,6.176784992218018,18.840476989746094,2.9701194763183594,0.9674780368804932,0.9251427054405212,0.9791804552078247,5.231204986572266,5.159250259399414,4.090531349182129,nan
17.850,0,102.78346252441406,128.16702270507812,118.50029754638672,201.57664489746094,202.01353454589844,199.6576385498047,0.4556303024291992,0.47183918952941895,0.511803388595581,46.831260681152344,60.47422409057617,60.64885330200195,-45.3082160949707,-55.947288513183594,-59.386173248291016,6.176784992218018,18.840476989746094,2.9701194763183594,0.9674780368804932,0.9251427054405212,0.9791804552078247,5.231204986572266,5.159250259399414,4.090531349182129,nan
17.900,0,102.78346252441406,128.16702270507812,118.50029754638672,201.57664489746094,202.01353454589844,199.6576385498047,0.4556303024291992,0.47183918952941895,0.511803388595581,46.831260681152344,60.47422409057617,60.64885330200195,-45.3082160949707,-55.947288513183594,-59.386173248291016,6.176784992218018,18.840476989746094,2.9701194763183594,0.9674780368804932,0.9251427054405212,0.9791804552078247,5.231204986572266,5.159250259399414,4.090531349182129,nan
17.950,0,102.78346252441406,128.16702270507812,118.50029754638672,201.57664489746094,202.01353454589844,199.6576385498047,0.4556303024291992,0.47183918952941895,0.511803388595581,46.831260681152344,60.47422409057617,60.64885330200195,-45.3082160949707,-55.947288513183594,-59.386173248291016,6.176784992218018,18.840476989746094,2.9701194763183594,0.9674780368804932,0.9251427054405212,0.9791804552078247,5.231204986572266,5.159250259399414,4.090531349182129,nan
18.000,0,102.74414825439453,128.12115478515625,118.46639251708984,201.49798583984375,201.94070434570312,199.59678649902344,0.4513992667198181,0.46666857600212097,0.5064661502838135,46.378631591796875,59.79011535644531,59.99921798706055,-44.664756774902344,-55.125389099121094,-58.61993408203125,6.134411334991455,18.70496940612793,3.018582820892334,0.9630460143089294,0.9219816327095032,0.9770116209983826,5.1975626945495605,5.158572673797607,4.148347854614258,nan
18.050,0,102.74414825439453,128.12115478515625,118.46639251708984,201.49798583984375,201.94070434570312,199.59678649902344,0.4513992667198181,0.46666857600212097,0.5064661502838135,46.378631591796875,59.79011535644531,59.99921798706055,-44.664756774902344,-55.125389099121094,-58.61993408203125,6.134411334991455,18.70496940612793,3.018582820892334,0.9630460143089294,0.9219816327095032,0.9770116209983826,5.1975626945495605,5.158572673797607,4.148347854614258,nan
18.100,0,102.74414825439453,128.12115478515625,118.46639251708984,201.49798583984375,201.94070434570312,199.59678649902344,0.4513992667198181,0.46666857600212097,0.5064661502838135,46.378631591796875,59.79011535644531,59.99921798706055,-44.664756774902344,-55.125389099121094,-58.61993408203125,6.134411334991455,18.70496940612793,3.018582820892334,0.9630460143089294,0.9219816327095032,0.9770116209983826,5.1975626945495605,5.158572673797607,4.148347854614258,nan
18.150,0,102.74414825439453,128.12115478515625,118.46639251708984,201.49798583984375,201.94070434570312,199.59678649902344,0.4513992667198181,0.46666857600212097,0.5064661502838135,46.378631591796875,59.79011535644531,59.99921798706055,-44.664756774902344,-55.125389099121094,-58.61993408203125,6.134411334991455,18.70496940612793,3.018582820892334,0.9630460143089294,0.9219816327095032,0.9770116209983826,5.1975626945495605,5.158572673797607,4.148347854614258,nan
18.200,0,102.78750610351562,128.14454650878906,118.50287628173828,201.55653381347656,201.9705352783203,199.681640625,0.4545649290084839,0.4724002778530121,0.5142677426338196,46.723594665527344,60.535518646240234,60.94220733642578,-45.176368713378906,-55.722049713134766,-59.68071365356445,6.507755279541016,19.66294288635254,3.5122556686401367,0.9668855667114258,0.9204851984977722,0.9793001413345337,5.116063117980957,5.091943740844727,4.050095081329346,nan
18.250,0,102.78750610351562,128.14454650878906,118.50287628173828,201.55653381347656,201.9705352783203,199.681640625,0.4545649290084839,0.4724002778530121,0.5142677426338196,46.723594665527344,60.535518646240234,60.94220733642578,-45.176368713378906,-55.722049713134766,-59.68071365356445,6.507755279541016,19.66294288635254,3.5122556686401367,0.9668855667114258,0.9204851984977722,0.9793001413345337,5.116063117980957,5.091943740844727,4.050095081329346,nan
18.300,0,102.78750610351562,128.14454650878906,118.50287628173828,201.55653381347656,201.9705352783203,199.681640625,0.4545649290084839,0.4724002778530121,0.5142677426338196,46.723594665527344,60.535518646240234,60.94220733642578,-45.176368713378906,-55.722049713134766,-59.68071365356445,6.507755279541016,19.66294288635254,3.5122556686401367,0.9668855667114258,0.9204851984977722,0.9793001413345337,5.116063117980957,5.091943740844727,4.050095081329346,nan
18.350,0,102.78750610351562,128.14454650878906,118.50287628173828,201.55653381347656,201.9705352783203,199.681640625,0.4545649290084839,0.4724002778530121,0.5142677426338196,46.723594665527344,60.535518646240234,60.94220733642578,-45.176368713378906,-55.722049713134766,-59.68071365356445,6.507755279541016,19.66294288635254,3.5122556686401367,0.9668855667114258,0.9204851984977722,0.9793001413345337,5.116063117980957,5.091943740844727,4.050095081329346,nan
18.400,0,102.80118560791016,128.19680786132812,118.52996063232422,201.5955810546875,202.03955078125,199.73223876953125,0.458356648683548,0.47697949409484863,0.5172313451766968,47.119606018066406,61.147247314453125,61.307411193847656,-45.41265106201172,-56.38877487182617,-59.98240280151367,6.201679229736328,19.26148796081543,2.8137025833129883,0.9637740254402161,0.9221801161766052,0.9783874750137329,5.152314186096191,5.106817722320557,4.09072208404541,nan
18.450,0,102.80118560791016,128.19680786132812,118.52996063232422,201.5955810546875,202.03955078125,199.73223876953125,0.458356648683548,0.47697949409484863,0.5172313451766968,47.119606018066406,61.147247314453125,61.307411193847656,-45.41265106201172,-56.38877487182617,-59.98240280151367,6.201679229736328,19.26148796081543,2.8137025833129883,0.9637740254402161,0.9221801161766052,0.9783874750137329,5.152314186096191,5.106817722320557,4.09072208404541,nan
18.500,0,102.80118560791016,128.19680786132812,118.52996063232422,201.5955810546875,202.03955078125,199.73223876953125,0.458356648683548,0.47697949409484863,0.5172313451766968,47.119606018066406,61.147247314453125,61.307411193847656,-45.41265106201172,-56.38877487182617,-59.98240280151367,6.201679229736328,19.26148796081543,2.8137025833129883,0.9637740254402161,0.9221801161766052,0.9783874750137329,5.152314186096191,5.106817722320557,4.09072208404541,nan
18.550,0,102.80118560791016,128.19680786132812,118.52996063232422,201.5955810546875,202.03955078125,199.73223876953125,0.458356648683548,0.47697949409484863,0.5172313451766968,47.119606018066406,61.147247314453125,61.307411193847656,-45.41265106201172,-56.38877487182617,-59.98240280151367,6.201679229736328,19.26148796081543,2.8137025833129883,0.9637740254402161,0.9221801161766052,0.9783874750137329,5.152314186096191,5.106817722320557,4.09072208404541,nan
18.600,0,102.76318359375,128.16978454589844,118.4827880859375,201.53709411621094,201.98655700683594,199.65179443359375,0.45407089591026306,0.4740344285964966,0.5119490623474121,46.66176986694336,60.75688934326172,60.65715408325195,-44.917205810546875,-55.87811279296875,-59.19321060180664,6.593879699707031,19.37604522705078,3.141716718673706,0.9626125693321228,0.919700026512146,0.9758653044700623,5.11506986618042,5.106235027313232,4.081332683563232,nan
18.650,0,102.76318359375,128.16978454589844,118.4827880859375,201.53709411621094,201.98655700683594,199.65179443359375,0.45407089591026306,0.4740344285964966,0.5119490623474121,46.66176986694336,60.75688934326172,60.65715408325195,-44.917205810546875,-55.87811279296875,-59.19321060180664,6.593879699707031,19.37604522705078,3.141716718673706,0.9626125693321228,0.919700026512146,0.9758653044700623,5.11506986618042,5.106235027313232,4.081332683563232,nan
18.700,0,102.76318359375,128.16978454589844,118.4827880859375,201.53709411621094,201.98655700683594,199.65179443359375,0.45407089591026306,0.4740344285964966,0.5119490623474121,46.66176986694336,60.75688934326172,60.65715408325195,-44.917205810546875,-55.87811279296875,-59.19321060180664,6.593879699707031,19.37604522705078,3.141716718673706,0.9626125693321228,0.919700026512146,0.9758653044700623,5.11506986618042,5.106235027313232,4.081332683563232,nan
18.750,0,102.76318359375,128.16978454589844,118.4827880859375,201.53709411621094,201.98655700683594,199.65179443359375,0.45407089591026306,0.4740344285964966,0.5119490623474121,46.66176986694336,60.75688934326172,60.65715408325195,-44.917205810546875,-55.87811279296875,-59.19321060180664,6.593879699707031,19.37604522705078,3.141716718673706,0.9626125693321228,0.919700026512146,0.9758653044700623,5.11506986618042,5.106235027313232,4.081332683563232,nan
18.800,0,102.80770874023438,128.1368408203125,118.5230712890625,201.55784606933594,201.9757537841797,199.72816467285156,0.4604988992214203,0.47661110758781433,0.5142527222633362,47.342838287353516,61.071441650390625,60.95081329345703,-45.51011657714844,-56.070472717285156,-59.514976501464844,7.142227649688721,19.745433807373047,3.976163864135742,0.9612882733345032,0.9181128144264221,0.9764426946640015,5.0865302085876465,5.055342197418213,4.034852027893066,nan
18.850,0,102.80770874023438,128.1368408203125,118.5230712890625,201.55784606933594,201.9757537841797,199.72816467285156,0.4604988992214203,0.47661110758781433,0.5142527222633362,47.342838287353516,61.071441650390625,60.95081329345703,-45.51011657714844,-56.070472717285156,-59.514976501464844,7.142227649688721,19.745433807373047,3.976163864135742,0.9612882733345032,0.9181128144264221,0.9764426946640015,5.0865302085876465,5.055342197418213,4.034852027893066,nan
18.900,0,102.80770874023438,128.1368408203125,118.5230712890625,201.55784606933594,201.9757537841797,199.72816467285156,0.4604988992214203,0.47661110758781433,0.5142527222633362,47.342838287353516,61.071441650390625,60.95081329345703,-45.51011657714844,-56.070472717285156,-59.514976501464844,7.142227649688721,19.745433807373047,3.976163864135742,0.9612882733345032,0.9181128144264221,0.9764426946640015,5.0865302085876465,5.055342197418213,4.034852027893066,nan
18.950,0,102.80770874023438,128.1368408203125,118.5230712890625,201.55784606933594,201.9757537841797,199.72816467285156,0.4604988992214203,0.47661110758781433,0.5142527222633362,47.342838287353516,61.071441650390625,60.95081329345703,-45.51011657714844,-56.070472717285156,-59.514976501464844,7.142227649688721,19.745433807373047,3.976163864135742,0.9612882733345032,0.9181128144264221,0.9764426946640015,5.0865302085876465,5.055342197418213,4.034852027893066,nan
19.000,0,102.8083267211914,128.12228393554688,118.56697845458984,201.52554321289062,202.00181579589844,199.78375244140625,0.4562370777130127,0.47130128741264343,0.5125693678855896,46.904972076416016,60.38419723510742,60.773799896240234,-45.41145706176758,-55.85548400878906,-59.592708587646484,6.3108954429626465,19.09100914001465,3.2546324729919434,0.9681587219238281,0.9250016808509827,0.9805657863616943,5.0814313888549805,5.050702095031738,4.059909343719482,nan
19.050,0,102.8083267211914,128.12228393554688,118.56697845458984,201.52554321289062,202.00181579589844,199.78375244140625,0.4562370777130127,0.47130128741264343,0.5125693678855896,46.904972076416016,60.38419723510742,60.773799896240234,-45.41145706176758,-55.85548400878906,-59.592708587646484,6.3108954429626465,19.09100914001465,3.2546324729919434,0.9681587219238281,0.9250016808509827,0.9805657863616943,5.0814313888549805,5.050702095031738,4.059909343719482,nan
19.100,0,102.8083267211914,128.12228393554688,118.56697845458984,201.52554321289062,202.00181579589844,199.78375244140625,0.4562370777130127,0.47130128741264343,0.5125693678855896,46.904972076416016,60.38419723510742,60.773799896240234,-45.41145706176758,-55.85548400878906,-59.592708587646484,6.3108954429626465,19.09100914001465,3.2546324729919434,0.9681587219238281,0.9250016808509827,0.9805657863616943,5.0814313888549805,5.050702095031738,4.059909343719482,nan
19.150,0,102.8083267211914,128.12228393554688,118.56697845458984,201.52554321289062,202.00181579589844,199.78375244140625,0.4562370777130127,0.47130128741264343,0.5125693678855896,46.904972076416016,60.38419723510742,60.773799896240234,-45.41145706176758,-55.85548400878906,-59.592708587646484,6.3108954429626465,19.09100914001465,3.2546324729919434,0.9681587219238281,0.9250016808509827,0.9805657863616943,5.0814313888549805,5.050702095031738,4.059909343719482,nan
19.200,0,102.76757049560547,128.10964965820312,118.5240707397461,201.4703826904297,201.984130859375,199.69744873046875,0.4529353380203247,0.468034952878952,0.5105594396591187,46.54706573486328,59.95979309082031,60.51358413696289,-44.79705047607422,-55.074832916259766,-59.055519104003906,6.250246047973633,19.18681526184082,3.389026641845703,0.9624032974243164,0.9185293912887573,0.975905179977417,5.125784397125244,5.077884674072266,4.038680553436279,nan
19.250,0,102.76757049560547,128.10964965820312,118.5240707397461,201.4703826904297,201.984130859375,199.69744873046875,0.4529353380203247,0.468034952878952,0.5105594396591187,46.54706573486328,59.95979309082031,60.51358413696289,-44.79705047607422,-55.074832916259766,-59.055519104003906,6.250246047973633,19.18681526184082,3.389026641845703,0.9624032974243164,0.9185293912887573,0.975905179977417,5.125784397125244,5.077884674072266,4.038680553436279,nan
19.300,0,102.76757049560547,128.10964965820312,118.5240707397461,201.4703826904297,201.984130859375,199.69744873046875,0.4529353380203247,0.468034952878952,0.5105594396591187,46.54706573486328,59.95979309082031,60.51358413696289,-44.79705047607422,-55.074832916259766,-59.055519104003906,6.250246047973633,19.18681526184082,3.389026641845703,0.9624032974243164,0.9185293912887573,0.975905179977417,5.125784397125244,5.077884674072266,4.038680553436279,nan
19.350,0,102.76757049560547,128.10964965820312,118.5240707397461,201.4703826904297,201.984130859375,199.69744873046875,0.4529353380203247,0.468034952878952,0.5105594396591187,46.54706573486328,59.95979309082031,60.51358413696289,-44.79705047607422,-55.074832916259766,-59.055519104003906,6.250246047973633,19.18681526184082,3.389026641845703,0.9624032974243164,0.9185293912887573,0.975905179977417,5.125784397125244,5.077884674072266,4.038680553436279,nan
19.400,0,102.76827239990234,128.16232299804688,118.56419372558594,201.51339721679688,202.08074951171875,199.72515869140625,0.4567103087902069,0.4759267270565033,0.5167738199234009,46.93532943725586,60.99587631225586,61.270870208740234,-45.2120246887207,-56.03366470336914,-59.81636428833008,6.372282028198242,19.46572494506836,3.148428201675415,0.9632834196090698,0.9186467528343201,0.9762610793113708,5.108747959136963,5.058609485626221,4.0009026527404785,nan
19.450,0,102.76827239990234,128.16232299804688,118.56419372558594,201.51339721679688,202.08074951171875,199.72515869140625,0.4567103087902069,0.4759267270565033,0.5167738199234009,46.93532943725586,60.99587631225586,61.270870208740234,-45.2120246887207,-56.03366470336914,-59.81636428833008,6.372282028198242,19.46572494506836,3.148428201675415,0.9632834196090698,0.9186467528343201,0.9762610793113708,5.108747959136963,5.058609485626221,4.0009026527404785,nan
19.500,0,102.76827239990234,128.16232299804688,118.56419372558594,201.51339721679688,202.08074951171875,199.72515869140625,0.4567103087902069,0.4759267270565033,0.5167738199234009,46.93532943725586,60.99587631225586,61.270870208740234,-45.2120246887207,-56.03366470336914,-59.81636428833008,6.372282028198242,19.46572494506836,3.148428201675415,0.9632834196090698,0.9186467528343201,0.9762610793113708,5.108747959136963,5.058609485626221,4.0009026527404785,nan
19.550,0,102.76827239990234,128.16232299804688,118.56419372558594,201.51339721679688,202.08074951171875,199.72515869140625,0.4567103087902069,0.4759267270565033,0.5167738199234009,46.93532943725586,60.99587631225586,61.270870208740234,-45.2120246887207,-56.03366470336914,-59.81636428833008,6.372282028198242,19.46572494506836,3.148428201675415,0.9632834196090698,0.9186467528343201,0.9762610793113708,5.108747959136963,5.058609485626221,4.0009026527404785,nan
19.600,0,102.75981140136719,128.1577606201172,118.54066467285156,201.50982666015625,202.03712463378906,199.7050018310547,0.45956048369407654,0.4717678725719452,0.514100968837738,47.22434997558594,60.46071243286133,60.941871643066406,-45.51803207397461,-55.85756301879883,-59.57442855834961,5.89439582824707,18.534122467041016,2.918832540512085,0.9638678431510925,0.9238654375076294,0.9775615334510803,5.091605186462402,5.021942615509033,3.9750630855560303,nan
19.650,0,102.75981140136719,128.1577606201172,118.54066467285156,201.50982666015625,202.03712463378906,199.7050018310547,0.45956048369407654,0.4717678725719452,0.514100968837738,47.22434997558594,60.46071243286133,60.941871643066406,-45.51803207397461,-55.85756301879883,-59.57442855834961,5.89439582824707,18.534122467041016,2.918832540512085,0.9638678431510925,0.9238654375076294,0.9775615334510803,5.091605186462402,5.021942615509033,3.9750630855560303,nan
19.700,0,102.75981140136719,128.1577606201172,118.54066467285156,201.50982666015625,202.03712463378906,199.7050018310547,0.45956048369407654,0.4717678725719452,0.514100968837738,47.22434997558594,60.46071243286133,60.941871643066406,-45.51803207397461,-55.85756301879883,-59.57442855834961,5.89439582824707,18.534122467041016,2.918832540512085,0.9638678431510925,0.9238654375076294,0.9775615334510803,5.091605186462402,5.021942615509033,3.9750630855560303,nan
19.750,0,102.75981140136719,128.1577606201172,118.54066467285156,201.50982666015625,202.03712463378906,199.7050018310547,0.45956048369407654,0.4717678725719452,0.514100968837738,47.22434997558594,60.46071243286133,60.941871643066406,-45.51803207397461,-55.85756301879883,-59.57442855834961,5.89439582824707,18.534122467041016,2.918832540512085,0.9638678431510925,0.9238654375076294,0.9775615334510803,5.091605186462402,5.021942615509033,3.9750630855560303,nan
19.800,0,102.72395324707031,128.11117553710938,118.49333953857422,201.4304656982422,201.9681396484375,199.6298828125,0.45230329036712646,0.46899697184562683,0.508879542350769,46.46238327026367,60.0837516784668,60.29883575439453,-44.81938552856445,-55.34733963012695,-58.94049835205078,6.555159091949463,19.25474739074707,3.4516148567199707,0.9646381139755249,0.9211698174476624,0.977473258972168,5.120770454406738,5.069818496704102,4.019914150238037,nan
19.850,0,102.72395324707031,128.11117553710938,118.49333953857422,201.4304656982422,201.9681396484375,199.6298828125,0.45230329036712646,0.46899697184562683,0.508879542350769,46.46238327026367,60.0837516784668,60.29883575439453,-44.81938552856445,-55.34733963012695,-58.94049835205078,6.555159091949463,19.25474739074707,3.4516148567199707,0.9646381139755249,0.9211698174476624,0.977473258972168,5.120770454406738,5.069818496704102,4.019914150238037,nan
19.900,0,102.72395324707031,128.11117553710938,118.49333953857422,201.4304656982422,201.9681396484375,199.6298828125,0.45230329036712646,0.46899697184562683,0.508879542350769,46.46238327026367,60.0837516784668,60.29883575439453,-44.81938552856445,-55.34733963012695,-58.94049835205078,6.555159091949463,19.25474739074707,3.4516148567199707,0.9646381139755249,0.9211698174476624,0.977473258972168,5.120770454406738,5.069818496704102,4.019914150238037,nan
19.950,0,102.72395324707031,128.11117553710938,118.49333953857422,201.4304656982422,201.9681396484375,199.6298828125,0.45230329036712646,0.46899697184562683,0.508879542350769,46.46238327026367,60.0837516784668,60.29883575439453,-44.81938552856445,-55.34733963012695,-58.94049835205078,6.555159091949463,19.25474739074707,3.4516148567199707,0.9646381139755249,0.9211698174476624,0.977473258972168,5.120770454406738,5.069818496704102,4.019914150238037,nan
