t+,class,V_L1,V_L2,V_L3,V_L12,V_L23,V_L31,A_L1,A_L2,A_L3,VA_L1,VA_L2,VA_L3,W_L1,W_L2,W_L3,Q_L1,Q_L2,Q_L3,PF_L1,PF_L2,PF_L3,THD_L1,THD_L2,THD_L3
0.000,0,99.14315795898438,126.94727325439453,115.67703247070312,197.6256866455078,197.1597900390625,194.63839721679688,0.13301876187324524,0.10522016882896423,0.13533300161361694,13.18790054321289,13.357413291931152,15.654919624328613,10.562498092651367,10.34488582611084,13.243880271911621,7.21476411819458,7.154151439666748,7.588768005371094,0.8009234070777893,0.7744677662849426,0.845988392829895,5.9052958488464355,5.585259437561035,4.664422035217285,nan
0.050,0,99.1792984008789,126.8274154663086,115.68587493896484,197.54298400878906,197.05233764648438,194.6990509033203,0.1331280618906021,0.1056738942861557,0.13517919182777405,13.203547477722168,13.40234661102295,15.638322830200195,10.574546813964844,10.390115737915039,13.257787704467773,7.196273326873779,7.143445014953613,7.613491535186768,0.8008868098258972,0.7752460241317749,0.8477755188941956,5.917644023895264,5.4711127281188965,4.791540145874023,nan
0.100,0,99.1792984008789,126.8274154663086,115.68587493896484,197.54298400878906,197.05233764648438,194.6990509033203,0.1331280618906021,0.1056738942861557,0.13517919182777405,13.203547477722168,13.40234661102295,15.638322830200195,10.574546813964844,10.390115737915039,13.257787704467773,7.196273326873779,7.143445014953613,7.613491535186768,0.8008868098258972,0.7752460241317749,0.8477755188941956,5.917644023895264,5.4711127281188965,4.791540145874023,nan
0.150,0,99.1792984008789,126.8274154663086,115.68587493896484,197.54298400878906,197.05233764648438,194.6990509033203,0.1331280618906021,0.1056738942861557,0.13517919182777405,13.203547477722168,13.40234661102295,15.638322830200195,10.574546813964844,10.390115737915039,13.257787704467773,7.196273326873779,7.143445014953613,7.613491535186768,0.8008868098258972,0.7752460241317749,0.8477755188941956,5.917644023895264,5.4711127281188965,4.791540145874023,nan
0.200,0,99.1792984008789,126.8274154663086,115.68587493896484,197.54298400878906,197.05233764648438,194.6990509033203,0.1331280618906021,0.1056738942861557,0.13517919182777405,13.203547477722168,13.40234661102295,15.638322830200195,10.574546813964844,10.390115737915039,13.257787704467773,7.196273326873779,7.143445014953613,7.613491535186768,0.8008868098258972,0.7752460241317749,0.8477755188941956,5.917644023895264,5.4711127281188965,4.791540145874023,nan
0.250,0,99.14008331298828,126.9098129272461,115.64310455322266,197.5666046142578,197.1282196044922,194.59857177734375,0.1340697854757309,0.10510286688804626,0.13382290303707123,13.2916898727417,13.338584899902344,15.475695610046387,10.724532127380371,10.263607025146484,13.245467185974121,7.195402145385742,7.252896308898926,7.393161773681641,0.8068599700927734,0.7694674730300903,0.855888307094574,5.865859508514404,5.580877304077148,4.780982494354248,nan
0.300,0,99.14008331298828,126.9098129272461,115.64310455322266,197.5666046142578,197.1282196044922,194.59857177734375,0.1340697854757309,0.10510286688804626,0.13382290303707123,13.2916898727417,13.338584899902344,15.475695610046387,10.724532127380371,10.263607025146484,13.245467185974121,7.195402145385742,7.252896308898926,7.393161773681641,0.8068599700927734,0.7694674730300903,0.855888307094574,5.865859508514404,5.580877304077148,4.780982494354248,nan
0.350,0,99.14008331298828,126.9098129272461,115.64310455322266,197.5666046142578,197.1282196044922,194.59857177734375,0.1340697854757309,0.10510286688804626,0.13382290303707123,13.2916898727417,13.338584899902344,15.475695610046387,10.724532127380371,10.263607025146484,13.245467185974121,7.195402145385742,7.252896308898926,7.393161773681641,0.8068599700927734,0.7694674730300903,0.855888307094574,5.865859508514404,5.580877304077148,4.780982494354248,nan
0.400,0,99.14008331298828,126.9098129272461,115.64310455322266,197.5666046142578,197.1282196044922,194.59857177734375,0.1340697854757309,0.10510286688804626,0.13382290303707123,13.2916898727417,13.338584899902344,15.475695610046387,10.724532127380371,10.263607025146484,13.245467185974121,7.195402145385742,7.252896308898926,7.393161773681641,0.8068599700927734,0.7694674730300903,0.855888307094574,5.865859508514404,5.580877304077148,4.780982494354248,nan
0.450,0,99.14312744140625,126.9059066772461,115.68856811523438,197.61209106445312,197.12100219726562,194.64767456054688,0.13287556171417236,0.10470309853553772,0.13380755484104156,13.173698425292969,13.28744125366211,15.48000431060791,10.63899040222168,10.318647384643555,13.204103469848633,7.162455081939697,7.198401927947998,7.467258453369141,0.8075932860374451,0.7765714526176453,0.8529780507087708,6.018405914306641,5.53613805770874,4.729044437408447,nan
0.500,0,99.14312744140625,126.9059066772461,115.68856811523438,197.61209106445312,197.12100219726562,194.64767456054688,0.13287556171417236,0.10470309853553772,0.13380755484104156,13.173698425292969,13.28744125366211,15.48000431060791,10.63899040222168,10.318647384643555,13.204103469848633,7.162455081939697,7.198401927947998,7.467258453369141,0.8075932860374451,0.7765714526176453,0.8529780507087708,6.018405914306641,5.53613805770874,4.729044437408447,nan
0.550,0,99.14312744140625,126.9059066772461,115.68856811523438,197.61209106445312,197.12100219726562,194.64767456054688,0.13287556171417236,0.10470309853553772,0.13380755484104156,13.173698425292969,13.28744125366211,15.48000431060791,10.63899040222168,10.318647384643555,13.204103469848633,7.162455081939697,7.198401927947998,7.467258453369141,0.8075932860374451,0.7765714526176453,0.8529780507087708,6.018405914306641,5.53613805770874,4.729044437408447,nan
0.600,0,99.14312744140625,126.9059066772461,115.68856811523438,197.61209106445312,197.12100219726562,194.64767456054688,0.13287556171417236,0.10470309853553772,0.13380755484104156,13.173698425292969,13.28744125366211,15.48000431060791,10.63899040222168,10.318647384643555,13.204103469848633,7.162455081939697,7.198401927947998,7.467258453369141,0.8075932860374451,0.7765714526176453,0.8529780507087708,6.018405914306641,5.53613805770874,4.729044437408447,nan
0.650,0,99.13615417480469,126.87842559814453,115.65568542480469,197.5272674560547,197.13934326171875,194.59800720214844,0.13195587694644928,0.1049966812133789,0.1335642784833908,13.081598281860352,13.321813583374023,15.447467803955078,10.61766529083252,10.421679496765137,13.169563293457031,7.057027816772461,7.1572794914245605,7.484173774719238,0.8116489052772522,0.7823018431663513,0.8525386452674866,5.922143459320068,5.566748142242432,4.808405876159668,nan
0.700,0,99.13615417480469,126.87842559814453,115.65568542480469,197.5272674560547,197.13934326171875,194.59800720214844,0.13195587694644928,0.1049966812133789,0.1335642784833908,13.081598281860352,13.321813583374023,15.447467803955078,10.61766529083252,10.421679496765137,13.169563293457031,7.057027816772461,7.1572794914245605,7.484173774719238,0.8116489052772522,0.7823018431663513,0.8525386452674866,5.922143459320068,5.566748142242432,4.808405876159668,nan
0.750,0,99.13615417480469,126.87842559814453,115.65568542480469,197.5272674560547,197.13934326171875,194.59800720214844,0.13195587694644928,0.1049966812133789,0.1335642784833908,13.081598281860352,13.321813583374023,15.447467803955078,10.61766529083252,10.421679496765137,13.169563293457031,7.057027816772461,7.1572794914245605,7.484173774719238,0.8116489052772522,0.7823018431663513,0.8525386452674866,5.922143459320068,5.566748142242432,4.808405876159668,nan
0.800,0,99.13615417480469,126.87842559814453,115.65568542480469,197.5272674560547,197.13934326171875,194.59800720214844,0.13195587694644928,0.1049966812133789,0.1335642784833908,13.081598281860352,13.321813583374023,15.447467803955078,10.61766529083252,10.421679496765137,13.169563293457031,7.057027816772461,7.1572794914245605,7.484173774719238,0.8116489052772522,0.7823018431663513,0.8525386452674866,5.922143459320068,5.566748142242432,4.808405876159668,nan
0.850,0,99.16625213623047,126.90991973876953,115.70109558105469,197.5903778076172,197.1275634765625,194.71453857421875,0.13132859766483307,0.10466639697551727,0.1338861882686615,13.023365020751953,13.283204078674316,15.490778923034668,10.544888496398926,10.434731483459473,13.176815032958984,7.021225452423096,7.045384407043457,7.522170066833496,0.809689998626709,0.7855583429336548,0.8506231307983398,5.865527629852295,5.561374664306641,4.62404727935791,nan
0.900,0,99.16625213623047,126.90991973876953,115.70109558105469,197.5903778076172,197.1275634765625,194.71453857421875,0.13132859766483307,0.10466639697551727,0.1338861882686615,13.023365020751953,13.283204078674316,15.490778923034668,10.544888496398926,10.434731483459473,13.176815032958984,7.021225452423096,7.045384407043457,7.522170066833496,0.809689998626709,0.7855583429336548,0.8506231307983398,5.865527629852295,5.561374664306641,4.62404727935791,nan
0.950,0,99.16625213623047,126.90991973876953,115.70109558105469,197.5903778076172,197.1275634765625,194.71453857421875,0.13132859766483307,0.10466639697551727,0.1338861882686615,13.023365020751953,13.283204078674316,15.490778923034668,10.544888496398926,10.434731483459473,13.176815032958984,7.021225452423096,7.045384407043457,7.522170066833496,0.809689998626709,0.7855583429336548,0.8506231307983398,5.865527629852295,5.561374664306641,4.62404727935791,nan
1.000,0,99.16625213623047,126.90991973876953,115.70109558105469,197.5903778076172,197.1275634765625,194.71453857421875,0.13132859766483307,0.10466639697551727,0.1338861882686615,13.023365020751953,13.283204078674316,15.490778923034668,10.544888496398926,10.434731483459473,13.176815032958984,7.021225452423096,7.045384407043457,7.522170066833496,0.809689998626709,0.7855583429336548,0.8506231307983398,5.865527629852295,5.561374664306641,4.62404727935791,nan
1.050,0,99.21607971191406,126.83283233642578,115.74601745605469,197.5423126220703,197.1092071533203,194.81222534179688,0.13146671652793884,0.10490527749061584,0.1329539567232132,13.043612480163574,13.30543327331543,15.388891220092773,10.588862419128418,10.438532829284668,13.125971794128418,6.94827938079834,7.079317569732666,7.452307224273682,0.8118044137954712,0.7845315933227539,0.8529511094093323,5.893953323364258,5.512801170349121,4.7835612297058105,nan
1.100,0,99.21607971191406,126.83283233642578,115.74601745605469,197.5423126220703,197.1092071533203,194.81222534179688,0.13146671652793884,0.10490527749061584,0.1329539567232132,13.043612480163574,13.30543327331543,15.388891220092773,10.588862419128418,10.438532829284668,13.125971794128418,6.94827938079834,7.079317569732666,7.452307224273682,0.8118044137954712,0.7845315933227539,0.8529511094093323,5.893953323364258,5.512801170349121,4.7835612297058105,nan
1.150,0,99.21607971191406,126.83283233642578,115.74601745605469,197.5423126220703,197.1092071533203,194.81222534179688,0.13146671652793884,0.10490527749061584,0.1329539567232132,13.043612480163574,13.30543327331543,15.388891220092773,10.588862419128418,10.438532829284668,13.125971794128418,6.94827938079834,7.079317569732666,7.452307224273682,0.8118044137954712,0.7845315933227539,0.8529511094093323,5.893953323364258,5.512801170349121,4.7835612297058105,nan
1.200,0,99.21607971191406,126.83283233642578,115.74601745605469,197.5423126220703,197.1092071533203,194.81222534179688,0.13146671652793884,0.10490527749061584,0.1329539567232132,13.043612480163574,13.30543327331543,15.388891220092773,10.588862419128418,10.438532829284668,13.125971794128418,6.94827938079834,7.079317569732666,7.452307224273682,0.8118044137954712,0.7845315933227539,0.8529511094093323,5.893953323364258,5.512801170349121,4.7835612297058105,nan
1.250,0,99.19103240966797,126.92207336425781,115.66879272460938,197.61636352539062,197.1427459716797,194.68275451660156,0.13133245706558228,0.10472466796636581,0.13307330012321472,13.027002334594727,13.291872024536133,15.392428398132324,10.596012115478516,10.4652738571167,13.153644561767578,6.969406604766846,7.0741286277771,7.469642639160156,0.8133883476257324,0.7873438596725464,0.8545529246330261,5.855058193206787,5.578594207763672,4.720108509063721,nan
1.300,0,99.19103240966797,126.92207336425781,115.66879272460938,197.61636352539062,197.1427459716797,194.68275451660156,0.13133245706558228,0.10472466796636581,0.13307330012321472,13.027002334594727,13.291872024536133,15.392428398132324,10.596012115478516,10.4652738571167,13.153644561767578,6.969406604766846,7.0741286277771,7.469642639160156,0.8133883476257324,0.7873438596725464,0.8545529246330261,5.855058193206787,5.578594207763672,4.720108509063721,nan
1.350,0,99.19103240966797,126.92207336425781,115.66879272460938,197.61636352539062,197.1427459716797,194.68275451660156,0.13133245706558228,0.10472466796636581,0.13307330012321472,13.027002334594727,13.291872024536133,15.392428398132324,10.596012115478516,10.4652738571167,13.153644561767578,6.969406604766846,7.0741286277771,7.469642639160156,0.8133883476257324,0.7873438596725464,0.8545529246330261,5.855058193206787,5.578594207763672,4.720108509063721,nan
1.400,0,99.19103240966797,126.92207336425781,115.66879272460938,197.61636352539062,197.1427459716797,194.68275451660156,0.13133245706558228,0.10472466796636581,0.13307330012321472,13.027002334594727,13.291872024536133,15.392428398132324,10.596012115478516,10.4652738571167,13.153644561767578,6.969406604766846,7.0741286277771,7.469642639160156,0.8133883476257324,0.7873438596725464,0.8545529246330261,5.855058193206787,5.578594207763672,4.720108509063721,nan
1.450,0,99.17850494384766,126.90787506103516,115.71622467041016,197.62451171875,197.14389038085938,194.72198486328125,0.13211412727832794,0.10521432012319565,0.13311748206615448,13.10288143157959,13.35252571105957,15.403852462768555,10.588327407836914,10.396446228027344,13.092201232910156,7.110970973968506,7.262866973876953,7.571463108062744,0.8080915212631226,0.7786127328872681,0.8499303460121155,5.965816020965576,5.484155654907227,4.715806484222412,nan
1.500,0,99.17850494384766,126.90787506103516,115.71622467041016,197.62451171875,197.14389038085938,194.72198486328125,0.13211412727832794,0.10521432012319565,0.13311748206615448,13.10288143157959,13.35252571105957,15.403852462768555,10.588327407836914,10.396446228027344,13.092201232910156,7.110970973968506,7.262866973876953,7.571463108062744,0.8080915212631226,0.7786127328872681,0.8499303460121155,5.965816020965576,5.484155654907227,4.715806484222412,nan
1.550,0,99.17850494384766,126.90787506103516,115.71622467041016,197.62451171875,197.14389038085938,194.72198486328125,0.13211412727832794,0.10521432012319565,0.13311748206615448,13.10288143157959,13.35252571105957,15.403852462768555,10.588327407836914,10.396446228027344,13.092201232910156,7.110970973968506,7.262866973876953,7.571463108062744,0.8080915212631226,0.7786127328872681,0.8499303460121155,5.965816020965576,5.484155654907227,4.715806484222412,nan
1.600,0,99.17850494384766,126.90787506103516,115.71622467041016,197.62451171875,197.14389038085938,194.72198486328125,0.13211412727832794,0.10521432012319565,0.13311748206615448,13.10288143157959,13.35252571105957,15.403852462768555,10.588327407836914,10.396446228027344,13.092201232910156,7.110970973968506,7.262866973876953,7.571463108062744,0.8080915212631226,0.7786127328872681,0.8499303460121155,5.965816020965576,5.484155654907227,4.715806484222412,nan
1.650,0,99.12785339355469,126.89302062988281,115.62389373779297,197.532470703125,197.13455200195312,194.55584716796875,0.13404801487922668,0.10556565225124359,0.13308309018611908,13.28789234161377,13.395544052124023,15.387584686279297,10.737747192382812,10.271649360656738,13.139904022216797,7.160549163818359,7.35263729095459,7.377041816711426,0.808085024356842,0.7667959928512573,0.8539289236068726,5.913024425506592,5.53592586517334,4.794301986694336,nan
1.700,0,99.12785339355469,126.89302062988281,115.62389373779297,197.532470703125,197.13455200195312,194.55584716796875,0.13404801487922668,0.10556565225124359,0.13308309018611908,13.28789234161377,13.395544052124023,15.387584686279297,10.737747192382812,10.271649360656738,13.139904022216797,7.160549163818359,7.35263729095459,7.377041816711426,0.808085024356842,0.7667959928512573,0.8539289236068726,5.913024425506592,5.53592586517334,4.794301986694336,nan
1.750,0,99.12785339355469,126.89302062988281,115.62389373779297,197.532470703125,197.13455200195312,194.55584716796875,0.13404801487922668,0.10556565225124359,0.13308309018611908,13.28789234161377,13.395544052124023,15.387584686279297,10.737747192382812,10.271649360656738,13.139904022216797,7.160549163818359,7.35263729095459,7.377041816711426,0.808085024356842,0.7667959928512573,0.8539289236068726,5.913024425506592,5.53592586517334,4.794301986694336,nan
1.800,0,99.12785339355469,126.89302062988281,115.62389373779297,197.532470703125,197.13455200195312,194.55584716796875,0.13404801487922668,0.10556565225124359,0.13308309018611908,13.28789234161377,13.395544052124023,15.387584686279297,10.737747192382812,10.271649360656738,13.139904022216797,7.160549163818359,7.35263729095459,7.377041816711426,0.808085024356842,0.7667959928512573,0.8539289236068726,5.913024425506592,5.53592586517334,4.794301986694336,nan
1.850,0,99.10726928710938,126.88410186767578,115.64115905761719,197.53196716308594,197.06910705566406,194.59109497070312,0.1333625763654709,0.10703413933515549,0.1337604969739914,13.217201232910156,13.580930709838867,15.468218803405762,10.65440559387207,10.465447425842285,13.093704223632812,7.080838203430176,7.316184043884277,7.5638322830200195,0.8061015009880066,0.7705987095832825,0.846490740776062,5.890089988708496,5.521927356719971,4.5877685546875,nan
1.900,0,99.10726928710938,126.88410186767578,115.64115905761719,197.53196716308594,197.06910705566406,194.59109497070312,0.1333625763654709,0.10703413933515549,0.1337604969739914,13.217201232910156,13.580930709838867,15.468218803405762,10.65440559387207,10.465447425842285,13.093704223632812,7.080838203430176,7.316184043884277,7.5638322830200195,0.8061015009880066,0.7705987095832825,0.846490740776062,5.890089988708496,5.521927356719971,4.5877685546875,nan
1.950,0,99.10726928710938,126.88410186767578,115.64115905761719,197.53196716308594,197.06910705566406,194.59109497070312,0.1333625763654709,0.10703413933515549,0.1337604969739914,13.217201232910156,13.580930709838867,15.468218803405762,10.65440559387207,10.465447425842285,13.093704223632812,7.080838203430176,7.316184043884277,7.5638322830200195,0.8061015009880066,0.7705987095832825,0.846490740776062,5.890089988708496,5.521927356719971,4.5877685546875,nan
2.000,0,99.10726928710938,126.88410186767578,115.64115905761719,197.53196716308594,197.06910705566406,194.59109497070312,0.1333625763654709,0.10703413933515549,0.1337604969739914,13.217201232910156,13.580930709838867,15.468218803405762,10.65440559387207,10.465447425842285,13.093704223632812,7.080838203430176,7.316184043884277,7.5638322830200195,0.8061015009880066,0.7705987095832825,0.846490740776062,5.890089988708496,5.521927356719971,4.5877685546875,nan
2.050,0,99.19573974609375,126.86698913574219,115.71402740478516,197.56900024414062,197.13267517089844,194.73760986328125,0.1335338056087494,0.10616930574178696,0.13329510390758514,13.24598503112793,13.469380378723145,15.424113273620605,10.68382453918457,10.366395950317383,13.132183074951172,7.097548961639404,7.288683891296387,7.457696914672852,0.8065707683563232,0.769626796245575,0.8514060378074646,5.913406848907471,5.5111589431762695,4.8245768547058105,nan
2.100,0,99.19573974609375,126.86698913574219,115.71402740478516,197.56900024414062,197.13267517089844,194.73760986328125,0.1335338056087494,0.10616930574178696,0.13329510390758514,13.24598503112793,13.469380378723145,15.424113273620605,10.68382453918457,10.366395950317383,13.132183074951172,7.097548961639404,7.288683891296387,7.457696914672852,0.8065707683563232,0.769626796245575,0.8514060378074646,5.913406848907471,5.5111589431762695,4.8245768547058105,nan
2.150,0,99.19573974609375,126.86698913574219,115.71402740478516,197.56900024414062,197.13267517089844,194.73760986328125,0.1335338056087494,0.10616930574178696,0.13329510390758514,13.24598503112793,13.469380378723145,15.424113273620605,10.68382453918457,10.366395950317383,13.132183074951172,7.097548961639404,7.288683891296387,7.457696914672852,0.8065707683563232,0.769626796245575,0.8514060378074646,5.913406848907471,5.5111589431762695,4.8245768547058105,nan
2.200,0,99.19573974609375,126.86698913574219,115.71402740478516,197.56900024414062,197.13267517089844,194.73760986328125,0.1335338056087494,0.10616930574178696,0.13329510390758514,13.24598503112793,13.469380378723145,15.424113273620605,10.68382453918457,10.366395950317383,13.132183074951172,7.097548961639404,7.288683891296387,7.457696914672852,0.8065707683563232,0.769626796245575,0.8514060378074646,5.913406848907471,5.5111589431762695,4.8245768547058105,nan
2.250,0,99.16084289550781,126.91632843017578,115.64393615722656,197.60049438476562,197.10536193847656,194.63046264648438,0.13379064202308655,0.10570307075977325,0.13328592479228973,13.266793251037598,13.415445327758789,15.413708686828613,10.708573341369629,10.305272102355957,13.129382133483887,7.151899814605713,7.3351898193359375,7.4359307289123535,0.8071711659431458,0.7681647539138794,0.8517990112304688,5.870924472808838,5.595221042633057,4.693690299987793,nan
2.300,0,99.16084289550781,126.91632843017578,115.64393615722656,197.60049438476562,197.10536193847656,194.63046264648438,0.13379064202308655,0.10570307075977325,0.13328592479228973,13.266793251037598,13.415445327758789,15.413708686828613,10.708573341369629,10.305272102355957,13.129382133483887,7.151899814605713,7.3351898193359375,7.4359307289123535,0.8071711659431458,0.7681647539138794,0.8517990112304688,5.870924472808838,5.595221042633057,4.693690299987793,nan
2.350,0,99.16084289550781,126.91632843017578,115.64393615722656,197.60049438476562,197.10536193847656,194.63046264648438,0.13379064202308655,0.10570307075977325,0.13328592479228973,13.266793251037598,13.415445327758789,15.413708686828613,10.708573341369629,10.305272102355957,13.129382133483887,7.151899814605713,7.3351898193359375,7.4359307289123535,0.8071711659431458,0.7681647539138794,0.8517990112304688,5.870924472808838,5.595221042633057,4.693690299987793,nan
2.400,0,99.16084289550781,126.91632843017578,115.64393615722656,197.60049438476562,197.10536193847656,194.63046264648438,0.13379064202308655,0.10570307075977325,0.13328592479228973,13.266793251037598,13.415445327758789,15.413708686828613,10.708573341369629,10.305272102355957,13.129382133483887,7.151899814605713,7.3351898193359375,7.4359307289123535,0.8071711659431458,0.7681647539138794,0.8517990112304688,5.870924472808838,5.595221042633057,4.693690299987793,nan
2.450,0,99.17097473144531,126.90878295898438,115.69793701171875,197.6380615234375,197.130859375,194.6807861328125,0.1337418109178543,0.10558918118476868,0.13482363522052765,13.2633056640625,13.40019416809082,15.598816871643066,10.63017749786377,10.327579498291016,13.238037109375,7.310825824737549,7.305848598480225,7.623895168304443,0.8014727234840393,0.7707037329673767,0.8486564755439758,5.9701032638549805,5.4948883056640625,4.707953453063965,nan
2.500,0,99.17097473144531,126.90878295898438,115.69793701171875,197.6380615234375,197.130859375,194.6807861328125,0.1337418109178543,0.10558918118476868,0.13482363522052765,13.2633056640625,13.40019416809082,15.598816871643066,10.63017749786377,10.327579498291016,13.238037109375,7.310825824737549,7.305848598480225,7.623895168304443,0.8014727234840393,0.7707037329673767,0.8486564755439758,5.9701032638549805,5.4948883056640625,4.707953453063965,nan
2.550,0,99.17097473144531,126.90878295898438,115.69793701171875,197.6380615234375,197.130859375,194.6807861328125,0.1337418109178543,0.10558918118476868,0.13482363522052765,13.2633056640625,13.40019416809082,15.598816871643066,10.63017749786377,10.327579498291016,13.238037109375,7.310825824737549,7.305848598480225,7.623895168304443,0.8014727234840393,0.7707037329673767,0.8486564755439758,5.9701032638549805,5.4948883056640625,4.707953453063965,nan
2.600,0,99.17097473144531,126.90878295898438,115.69793701171875,197.6380615234375,197.130859375,194.6807861328125,0.1337418109178543,0.10558918118476868,0.13482363522052765,13.2633056640625,13.40019416809082,15.598816871643066,10.63017749786377,10.327579498291016,13.238037109375,7.310825824737549,7.305848598480225,7.623895168304443,0.8014727234840393,0.7707037329673767,0.8486564755439758,5.9701032638549805,5.4948883056640625,4.707953453063965,nan
2.650,0,99.15505981445312,126.94441986083984,115.65410614013672,197.6212615966797,197.18943786621094,194.59698486328125,0.133943110704422,0.10641482472419739,0.135020911693573,13.281137466430664,13.508768081665039,15.61572265625,10.619409561157227,10.355408668518066,13.214113235473633,7.274774074554443,7.307363033294678,7.626934051513672,0.7995858192443848,0.7665694355964661,0.8462057113647461,5.901756763458252,5.560157299041748,4.801594257354736,nan
2.700,0,99.15505981445312,126.94441986083984,115.65410614013672,197.6212615966797,197.18943786621094,194.59698486328125,0.133943110704422,0.10641482472419739,0.135020911693573,13.281137466430664,13.508768081665039,15.61572265625,10.619409561157227,10.355408668518066,13.214113235473633,7.274774074554443,7.307363033294678,7.626934051513672,0.7995858192443848,0.7665694355964661,0.8462057113647461,5.901756763458252,5.560157299041748,4.801594257354736,nan
2.750,0,99.15505981445312,126.94441986083984,115.65410614013672,197.6212615966797,197.18943786621094,194.59698486328125,0.133943110704422,0.10641482472419739,0.135020911693573,13.281137466430664,13.508768081665039,15.61572265625,10.619409561157227,10.355408668518066,13.214113235473633,7.274774074554443,7.307363033294678,7.626934051513672,0.7995858192443848,0.7665694355964661,0.8462057113647461,5.901756763458252,5.560157299041748,4.801594257354736,nan
2.800,0,99.15505981445312,126.94441986083984,115.65410614013672,197.6212615966797,197.18943786621094,194.59698486328125,0.133943110704422,0.10641482472419739,0.135020911693573,13.281137466430664,13.508768081665039,15.61572265625,10.619409561157227,10.355408668518066,13.214113235473633,7.274774074554443,7.307363033294678,7.626934051513672,0.7995858192443848,0.7665694355964661,0.8462057113647461,5.901756763458252,5.560157299041748,4.801594257354736,nan
2.850,0,99.14602661132812,126.89778900146484,115.6924057006836,197.590576171875,197.10340881347656,194.6736602783203,0.13382640480995178,0.10615573078393936,0.13388270139694214,13.268356323242188,13.470927238464355,15.489212036132812,10.686841011047363,10.340093612670898,13.147629737854004,7.138935089111328,7.292172908782959,7.461640357971191,0.805438220500946,0.7675858736038208,0.8488249778747559,5.963818550109863,5.573456287384033,4.647140979766846,nan
2.900,0,99.14602661132812,126.89778900146484,115.6924057006836,197.590576171875,197.10340881347656,194.6736602783203,0.13382640480995178,0.10615573078393936,0.13388270139694214,13.268356323242188,13.470927238464355,15.489212036132812,10.686841011047363,10.340093612670898,13.147629737854004,7.138935089111328,7.292172908782959,7.461640357971191,0.805438220500946,0.7675858736038208,0.8488249778747559,5.963818550109863,5.573456287384033,4.647140979766846,nan
2.950,0,99.14602661132812,126.89778900146484,115.6924057006836,197.590576171875,197.10340881347656,194.6736602783203,0.13382640480995178,0.10615573078393936,0.13388270139694214,13.268356323242188,13.470927238464355,15.489212036132812,10.686841011047363,10.340093612670898,13.147629737854004,7.138935089111328,7.292172908782959,7.461640357971191,0.805438220500946,0.7675858736038208,0.8488249778747559,5.963818550109863,5.573456287384033,4.647140979766846,nan
3.000,0,99.14602661132812,126.89778900146484,115.6924057006836,197.590576171875,197.10340881347656,194.6736602783203,0.13382640480995178,0.10615573078393936,0.13388270139694214,13.268356323242188,13.470927238464355,15.489212036132812,10.686841011047363,10.340093612670898,13.147629737854004,7.138935089111328,7.292172908782959,7.461640357971191,0.805438220500946,0.7675858736038208,0.8488249778747559,5.963818550109863,5.573456287384033,4.647140979766846,nan
3.050,0,99.17953491210938,126.85997009277344,115.68949127197266,197.55801391601562,197.11764526367188,194.68307495117188,0.13411687314510345,0.10625052452087402,0.13415585458278656,13.30164909362793,13.478938102722168,15.52042293548584,10.678712844848633,10.342655181884766,13.187386512756348,7.227248668670654,7.342739105224609,7.55476713180542,0.8028112053871155,0.7673197388648987,0.8496795892715454,5.931883811950684,5.559916973114014,4.824085712432861,nan
3.100,0,99.17953491210938,126.85997009277344,115.68949127197266,197.55801391601562,197.11764526367188,194.68307495117188,0.13411687314510345,0.10625052452087402,0.13415585458278656,13.30164909362793,13.478938102722168,15.52042293548584,10.678712844848633,10.342655181884766,13.187386512756348,7.227248668670654,7.342739105224609,7.55476713180542,0.8028112053871155,0.7673197388648987,0.8496795892715454,5.931883811950684,5.559916973114014,4.824085712432861,nan
3.150,0,99.17953491210938,126.85997009277344,115.68949127197266,197.55801391601562,197.11764526367188,194.68307495117188,0.13411687314510345,0.10625052452087402,0.13415585458278656,13.30164909362793,13.478938102722168,15.52042293548584,10.678712844848633,10.342655181884766,13.187386512756348,7.227248668670654,7.342739105224609,7.55476713180542,0.8028112053871155,0.7673197388648987,0.8496795892715454,5.931883811950684,5.559916973114014,4.824085712432861,nan
3.200,0,99.12189483642578,126.89681243896484,115.6418685913086,197.5594940185547,197.08041381835938,194.59365844726562,0.13354936242103577,0.10499715059995651,0.13473930954933167,13.237666130065918,13.323803901672363,15.58150577545166,10.607660293579102,10.262496948242188,13.256054878234863,7.27354621887207,7.2197370529174805,7.548775672912598,0.8013240694999695,0.7702377438545227,0.8507556915283203,5.860789775848389,5.564947605133057,4.649171829223633,nan
3.250,0,99.12189483642578,126.89681243896484,115.6418685913086,197.5594940185547,197.08041381835938,194.59365844726562,0.13354936242103577,0.10499715059995651,0.13473930954933167,13.237666130065918,13.323803901672363,15.58150577545166,10.607660293579102,10.262496948242188,13.256054878234863,7.27354621887207,7.2197370529174805,7.548775672912598,0.8013240694999695,0.7702377438545227,0.8507556915283203,5.860789775848389,5.564947605133057,4.649171829223633,nan
3.300,0,99.12189483642578,126.89681243896484,115.6418685913086,197.5594940185547,197.08041381835938,194.59365844726562,0.13354936242103577,0.10499715059995651,0.13473930954933167,13.237666130065918,13.323803901672363,15.58150577545166,10.607660293579102,10.262496948242188,13.256054878234863,7.27354621887207,7.2197370529174805,7.548775672912598,0.8013240694999695,0.7702377438545227,0.8507556915283203,5.860789775848389,5.564947605133057,4.649171829223633,nan
3.350,0,99.12189483642578,126.89681243896484,115.6418685913086,197.5594940185547,197.08041381835938,194.59365844726562,0.13354936242103577,0.10499715059995651,0.13473930954933167,13.237666130065918,13.323803901672363,15.58150577545166,10.607660293579102,10.262496948242188,13.256054878234863,7.27354621887207,7.2197370529174805,7.548775672912598,0.8013240694999695,0.7702377438545227,0.8507556915283203,5.860789775848389,5.564947605133057,4.649171829223633,nan
3.400,0,99.12279510498047,126.85765075683594,115.68516540527344,197.53872680664062,197.08860778808594,194.62896728515625,0.13431060314178467,0.10498325526714325,0.13461849093437195,13.313241958618164,13.3179292678833,15.573362350463867,10.679184913635254,10.216222763061523,13.267232894897461,7.331236362457275,7.308703422546387,7.501065254211426,0.8021475672721863,0.7671029567718506,0.8519183397293091,5.953609466552734,5.478898048400879,4.704671859741211,nan
3.450,0,99.12279510498047,126.85765075683594,115.68516540527344,197.53872680664062,197.08860778808594,194.62896728515625,0.13431060314178467,0.10498325526714325,0.13461849093437195,13.313241958618164,13.3179292678833,15.573362350463867,10.679184913635254,10.216222763061523,13.267232894897461,7.331236362457275,7.308703422546387,7.501065254211426,0.8021475672721863,0.7671029567718506,0.8519183397293091,5.953609466552734,5.478898048400879,4.704671859741211,nan
3.500,0,99.12279510498047,126.85765075683594,115.68516540527344,197.53872680664062,197.08860778808594,194.62896728515625,0.13431060314178467,0.10498325526714325,0.13461849093437195,13.313241958618164,13.3179292678833,15.573362350463867,10.679184913635254,10.216222763061523,13.267232894897461,7.331236362457275,7.308703422546387,7.501065254211426,0.8021475672721863,0.7671029567718506,0.8519183397293091,5.953609466552734,5.478898048400879,4.704671859741211,nan
3.550,0,99.12279510498047,126.85765075683594,115.68516540527344,197.53872680664062,197.08860778808594,194.62896728515625,0.13431060314178467,0.10498325526714325,0.13461849093437195,13.313241958618164,13.3179292678833,15.573362350463867,10.679184913635254,10.216222763061523,13.267232894897461,7.331236362457275,7.308703422546387,7.501065254211426,0.8021475672721863,0.7671029567718506,0.8519183397293091,5.953609466552734,5.478898048400879,4.704671859741211,nan
3.600,0,99.12279510498047,126.85765075683594,115.68516540527344,197.53872680664062,197.08860778808594,194.62896728515625,0.13431060314178467,0.10498325526714325,0.13461849093437195,13.313241958618164,13.3179292678833,15.573362350463867,10.679184913635254,10.216222763061523,13.267232894897461,7.331236362457275,7.308703422546387,7.501065254211426,0.8021475672721863,0.7671029567718506,0.8519183397293091,5.953609466552734,5.478898048400879,4.704671859741211,nan
3.650,0,99.04998016357422,126.89750671386719,115.63349914550781,197.46823120117188,197.17120361328125,194.47967529296875,0.13489952683448792,0.1073787659406662,0.13371872901916504,13.361795425415039,13.626097679138184,15.462364196777344,10.750353813171387,10.310400009155273,13.095160484313965,7.2193803787231445,7.5131731033325195,7.488419055938721,0.804559051990509,0.7566656470298767,0.8469054698944092,5.834592342376709,5.566611289978027,4.716691493988037,nan
3.700,0,99.04998016357422,126.89750671386719,115.63349914550781,197.46823120117188,197.17120361328125,194.47967529296875,0.13489952683448792,0.1073787659406662,0.13371872901916504,13.361795425415039,13.626097679138184,15.462364196777344,10.750353813171387,10.310400009155273,13.095160484313965,7.2193803787231445,7.5131731033325195,7.488419055938721,0.804559051990509,0.7566656470298767,0.8469054698944092,5.834592342376709,5.566611289978027,4.716691493988037,nan
3.750,0,99.04998016357422,126.89750671386719,115.63349914550781,197.46823120117188,197.17120361328125,194.47967529296875,0.13489952683448792,0.1073787659406662,0.13371872901916504,13.361795425415039,13.626097679138184,15.462364196777344,10.750353813171387,10.310400009155273,13.095160484313965,7.2193803787231445,7.5131731033325195,7.488419055938721,0.804559051990509,0.7566656470298767,0.8469054698944092,5.834592342376709,5.566611289978027,4.716691493988037,nan
3.800,0,99.06712341308594,126.88307189941406,115.66783142089844,197.51393127441406,197.11033630371094,194.5565643310547,0.13490764796733856,0.1064423993229866,0.1341342031955719,13.364912986755371,13.505738258361816,15.515012741088867,10.724267959594727,10.280251502990723,13.176076889038086,7.204493045806885,7.357024192810059,7.4336957931518555,0.8024196028709412,0.761176586151123,0.8492469191551208,5.903557777404785,5.504065990447998,4.611117839813232,nan
3.850,0,99.06712341308594,126.88307189941406,115.66783142089844,197.51393127441406,197.11033630371094,194.5565643310547,0.13490764796733856,0.1064423993229866,0.1341342031955719,13.364912986755371,13.505738258361816,15.515012741088867,10.724267959594727,10.280251502990723,13.176076889038086,7.204493045806885,7.357024192810059,7.4336957931518555,0.8024196028709412,0.761176586151123,0.8492469191551208,5.903557777404785,5.504065990447998,4.611117839813232,nan
3.900,0,99.06712341308594,126.88307189941406,115.66783142089844,197.51393127441406,197.11033630371094,194.5565643310547,0.13490764796733856,0.1064423993229866,0.1341342031955719,13.364912986755371,13.505738258361816,15.515012741088867,10.724267959594727,10.280251502990723,13.176076889038086,7.204493045806885,7.357024192810059,7.4336957931518555,0.8024196028709412,0.761176586151123,0.8492469191551208,5.903557777404785,5.504065990447998,4.611117839813232,nan
3.950,0,99.06712341308594,126.88307189941406,115.66783142089844,197.51393127441406,197.11033630371094,194.5565643310547,0.13490764796733856,0.1064423993229866,0.1341342031955719,13.364912986755371,13.505738258361816,15.515012741088867,10.724267959594727,10.280251502990723,13.176076889038086,7.204493045806885,7.357024192810059,7.4336957931518555,0.8024196028709412,0.761176586151123,0.8492469191551208,5.903557777404785,5.504065990447998,4.611117839813232,nan
4.000,0,99.12104797363281,126.8296127319336,115.66178894042969,197.47169494628906,197.07821655273438,194.6056365966797,0.1341751217842102,0.10555656254291534,0.13411879539489746,13.299578666687012,13.38769817352295,15.512419700622559,10.679739952087402,10.2684965133667,13.246872901916504,7.216452598571777,7.249683380126953,7.459601879119873,0.8024196028709412,0.761176586151123,0.8492469191551208,5.903557777404785,5.504065990447998,4.611117839813232,nan
4.050,0,99.12104797363281,126.8296127319336,115.66178894042969,197.47169494628906,197.07821655273438,194.6056365966797,0.1341751217842102,0.10555656254291534,0.13411879539489746,13.299578666687012,13.38769817352295,15.512419700622559,10.679739952087402,10.2684965133667,13.246872901916504,7.216452598571777,7.249683380126953,7.459601879119873,0.8030133843421936,0.7670098543167114,0.8539527058601379,5.86314058303833,5.55907678604126,4.819629192352295,nan
4.100,0,99.12104797363281,126.8296127319336,115.66178894042969,197.47169494628906,197.07821655273438,194.6056365966797,0.1341751217842102,0.10555656254291534,0.13411879539489746,13.299578666687012,13.38769817352295,15.512419700622559,10.679739952087402,10.2684965133667,13.246872901916504,7.216452598571777,7.249683380126953,7.459601879119873,0.8030133843421936,0.7670098543167114,0.8539527058601379,5.86314058303833,5.55907678604126,4.819629192352295,nan
4.150,0,99.12104797363281,126.8296127319336,115.66178894042969,197.47169494628906,197.07821655273438,194.6056365966797,0.1341751217842102,0.10555656254291534,0.13411879539489746,13.299578666687012,13.38769817352295,15.512419700622559,10.679739952087402,10.2684965133667,13.246872901916504,7.216452598571777,7.249683380126953,7.459601879119873,0.8030133843421936,0.7670098543167114,0.8539527058601379,5.86314058303833,5.55907678604126,4.819629192352295,nan
4.200,0,99.07571411132812,126.8906478881836,115.67012786865234,197.50486755371094,197.12013244628906,194.57545471191406,0.1327727884054184,0.10542730987071991,0.13377521932125092,13.154559135437012,13.377739906311035,15.473796844482422,10.625648498535156,10.383234024047852,13.17773723602295,7.1016459465026855,7.2025628089904785,7.5025811195373535,0.8077540397644043,0.776157557964325,0.8516162633895874,5.908839225769043,5.6365742683410645,4.651077747344971,nan
4.250,0,99.07571411132812,126.8906478881836,115.67012786865234,197.50486755371094,197.12013244628906,194.57545471191406,0.1327727884054184,0.10542730987071991,0.13377521932125092,13.154559135437012,13.377739906311035,15.473796844482422,10.625648498535156,10.383234024047852,13.17773723602295,7.1016459465026855,7.2025628089904785,7.5025811195373535,0.8077540397644043,0.776157557964325,0.8516162633895874,5.908839225769043,5.6365742683410645,4.651077747344971,nan
4.300,0,99.07571411132812,126.8906478881836,115.67012786865234,197.50486755371094,197.12013244628906,194.57545471191406,0.1327727884054184,0.10542730987071991,0.13377521932125092,13.154559135437012,13.377739906311035,15.473796844482422,10.625648498535156,10.383234024047852,13.17773723602295,7.1016459465026855,7.2025628089904785,7.5025811195373535,0.8077540397644043,0.776157557964325,0.8516162633895874,5.908839225769043,5.6365742683410645,4.651077747344971,nan
4.350,0,99.07571411132812,126.8906478881836,115.67012786865234,197.50486755371094,197.12013244628906,194.57545471191406,0.1327727884054184,0.10542730987071991,0.13377521932125092,13.154559135437012,13.377739906311035,15.473796844482422,10.625648498535156,10.383234024047852,13.17773723602295,7.1016459465026855,7.2025628089904785,7.5025811195373535,0.8077540397644043,0.776157557964325,0.8516162633895874,5.908839225769043,5.6365742683410645,4.651077747344971,nan
4.400,0,99.07571411132812,126.8906478881836,115.67012786865234,197.50486755371094,197.12013244628906,194.57545471191406,0.1327727884054184,0.10542730987071991,0.13377521932125092,13.154559135437012,13.377739906311035,15.473796844482422,10.625648498535156,10.383234024047852,13.17773723602295,7.1016459465026855,7.2025628089904785,7.5025811195373535,0.8077540397644043,0.776157557964325,0.8516162633895874,5.908839225769043,5.6365742683410645,4.651077747344971,nan
4.450,0,99.07819366455078,126.8535385131836,115.69493103027344,197.49038696289062,197.09986877441406,194.6001434326172,0.13456064462661743,0.1070081815123558,0.1339608132839203,13.332025527954102,13.574366569519043,15.498586654663086,10.71961498260498,10.356084823608398,13.127214431762695,7.17912483215332,7.41083288192749,7.5100531578063965,0.8040499687194824,0.762914776802063,0.8469942808151245,6.018265247344971,5.616031169891357,4.727662086486816,nan
4.500,0,99.07819366455078,126.8535385131836,115.69493103027344,197.49038696289062,197.09986877441406,194.6001434326172,0.13456064462661743,0.1070081815123558,0.1339608132839203,13.332025527954102,13.574366569519043,15.498586654663086,10.71961498260498,10.356084823608398,13.127214431762695,7.17912483215332,7.41083288192749,7.5100531578063965,0.8040499687194824,0.762914776802063,0.8469942808151245,6.018265247344971,5.616031169891357,4.727662086486816,nan
4.550,0,99.07819366455078,126.8535385131836,115.69493103027344,197.49038696289062,197.09986877441406,194.6001434326172,0.13456064462661743,0.1070081815123558,0.1339608132839203,13.332025527954102,13.574366569519043,15.498586654663086,10.71961498260498,10.356084823608398,13.127214431762695,7.17912483215332,7.41083288192749,7.5100531578063965,0.8040499687194824,0.762914776802063,0.8469942808151245,6.018265247344971,5.616031169891357,4.727662086486816,nan
4.600,0,99.07819366455078,126.8535385131836,115.69493103027344,197.49038696289062,197.09986877441406,194.6001434326172,0.13456064462661743,0.1070081815123558,0.1339608132839203,13.332025527954102,13.574366569519043,15.498586654663086,10.71961498260498,10.356084823608398,13.127214431762695,7.17912483215332,7.41083288192749,7.5100531578063965,0.8040499687194824,0.762914776802063,0.8469942808151245,6.018265247344971,5.616031169891357,4.727662086486816,nan
4.650,0,99.04474639892578,126.85063171386719,115.62755584716797,197.42166137695312,197.12403869628906,194.47186279296875,0.13438744843006134,0.10670624673366547,0.13388150930404663,13.310370445251465,13.535755157470703,15.480391502380371,10.693697929382324,10.322456359863281,13.148341178894043,7.213520050048828,7.407711505889893,7.520033359527588,0.8034110069274902,0.7626066207885742,0.8493545651435852,5.93625020980835,5.623922348022461,4.795119285583496,nan
4.700,0,99.04474639892578,126.85063171386719,115.62755584716797,197.42166137695312,197.12403869628906,194.47186279296875,0.13438744843006134,0.10670624673366547,0.13388150930404663,13.310370445251465,13.535755157470703,15.480391502380371,10.693697929382324,10.322456359863281,13.148341178894043,7.213520050048828,7.407711505889893,7.520033359527588,0.8034110069274902,0.7626066207885742,0.8493545651435852,5.93625020980835,5.623922348022461,4.795119285583496,nan
4.750,0,99.04474639892578,126.85063171386719,115.62755584716797,197.42166137695312,197.12403869628906,194.47186279296875,0.13438744843006134,0.10670624673366547,0.13388150930404663,13.310370445251465,13.535755157470703,15.480391502380371,10.693697929382324,10.322456359863281,13.148341178894043,7.213520050048828,7.407711505889893,7.520033359527588,0.8034110069274902,0.7626066207885742,0.8493545651435852,5.93625020980835,5.623922348022461,4.795119285583496,nan
4.800,0,99.06208038330078,126.87059783935547,115.6997299194336,197.4673309326172,197.12258911132812,194.60348510742188,0.1334436684846878,0.10703538358211517,0.13459807634353638,13.219207763671875,13.579643249511719,15.57296085357666,10.62063980102539,10.470293045043945,13.133187294006348,7.220343589782715,7.408914089202881,7.734385967254639,0.8034248352050781,0.7710285782814026,0.8433327078819275,5.89613676071167,5.617974758148193,4.6131591796875,nan
4.850,0,99.06208038330078,126.87059783935547,115.6997299194336,197.4673309326172,197.12258911132812,194.60348510742188,0.1334436684846878,0.10703538358211517,0.13459807634353638,13.219207763671875,13.579643249511719,15.57296085357666,10.62063980102539,10.470293045043945,13.133187294006348,7.220343589782715,7.408914089202881,7.734385967254639,0.8034248352050781,0.7710285782814026,0.8433327078819275,5.89613676071167,5.617974758148193,4.6131591796875,nan
4.900,0,99.06208038330078,126.87059783935547,115.6997299194336,197.4673309326172,197.12258911132812,194.60348510742188,0.1334436684846878,0.10703538358211517,0.13459807634353638,13.219207763671875,13.579643249511719,15.57296085357666,10.62063980102539,10.470293045043945,13.133187294006348,7.220343589782715,7.408914089202881,7.734385967254639,0.8034248352050781,0.7710285782814026,0.8433327078819275,5.89613676071167,5.617974758148193,4.6131591796875,nan
4.950,0,99.06208038330078,126.87059783935547,115.6997299194336,197.4673309326172,197.12258911132812,194.60348510742188,0.1334436684846878,0.10703538358211517,0.13459807634353638,13.219207763671875,13.579643249511719,15.57296085357666,10.62063980102539,10.470293045043945,13.133187294006348,7.220343589782715,7.408914089202881,7.734385967254639,0.8034248352050781,0.7710285782814026,0.8433327078819275,5.89613676071167,5.617974758148193,4.6131591796875,nan
5.000,0,99.11772155761719,126.81822204589844,115.75406646728516,197.4409637451172,197.1544952392578,194.70089721679688,0.13311614096164703,0.10500183701515198,0.13482163846492767,13.194169044494629,13.316145896911621,15.606152534484863,10.583210945129395,10.311476707458496,13.270005226135254,7.244043350219727,7.193089962005615,7.5900702476501465,0.8021127581596375,0.7743589282035828,0.8503060340881348,5.8948235511779785,5.594752788543701,4.828711032867432,nan
5.050,0,99.11772155761719,126.81822204589844,115.75406646728516,197.4409637451172,197.1544952392578,194.70089721679688,0.13311614096164703,0.10500183701515198,0.13482163846492767,13.194169044494629,13.316145896911621,15.606152534484863,10.583210945129395,10.311476707458496,13.270005226135254,7.244043350219727,7.193089962005615,7.5900702476501465,0.8021127581596375,0.7743589282035828,0.8503060340881348,5.8948235511779785,5.594752788543701,4.828711032867432,nan
5.100,0,99.11772155761719,126.81822204589844,115.75406646728516,197.4409637451172,197.1544952392578,194.70089721679688,0.13311614096164703,0.10500183701515198,0.13482163846492767,13.194169044494629,13.316145896911621,15.606152534484863,10.583210945129395,10.311476707458496,13.270005226135254,7.244043350219727,7.193089962005615,7.5900702476501465,0.8021127581596375,0.7743589282035828,0.8503060340881348,5.8948235511779785,5.594752788543701,4.828711032867432,nan
5.150,0,99.11772155761719,126.81822204589844,115.75406646728516,197.4409637451172,197.1544952392578,194.70089721679688,0.13311614096164703,0.10500183701515198,0.13482163846492767,13.194169044494629,13.316145896911621,15.606152534484863,10.583210945129395,10.311476707458496,13.270005226135254,7.244043350219727,7.193089962005615,7.5900702476501465,0.8021127581596375,0.7743589282035828,0.8503060340881348,5.8948235511779785,5.594752788543701,4.828711032867432,nan
5.200,0,99.09285736083984,126.88011932373047,115.7042007446289,197.4691925048828,197.17129516601562,194.62826538085938,0.13290338218212128,0.10543063282966614,0.13443323969841003,13.16977596282959,13.37705135345459,15.554490089416504,10.605395317077637,10.345693588256836,13.214594841003418,7.170992374420166,7.206658363342285,7.548847675323486,0.8052828907966614,0.7733911871910095,0.8495678305625916,5.8486247062683105,5.6363983154296875,4.668553829193115,nan
5.250,0,99.09285736083984,126.88011932373047,115.7042007446289,197.4691925048828,197.17129516601562,194.62826538085938,0.13290338218212128,0.10543063282966614,0.13443323969841003,13.16977596282959,13.37705135345459,15.554490089416504,10.605395317077637,10.345693588256836,13.214594841003418,7.170992374420166,7.206658363342285,7.548847675323486,0.8052828907966614,0.7733911871910095,0.8495678305625916,5.8486247062683105,5.6363983154296875,4.668553829193115,nan
5.300,0,99.09285736083984,126.88011932373047,115.7042007446289,197.4691925048828,197.17129516601562,194.62826538085938,0.13290338218212128,0.10543063282966614,0.13443323969841003,13.16977596282959,13.37705135345459,15.554490089416504,10.605395317077637,10.345693588256836,13.214594841003418,7.170992374420166,7.206658363342285,7.548847675323486,0.8052828907966614,0.7733911871910095,0.8495678305625916,5.8486247062683105,5.6363983154296875,4.668553829193115,nan
5.350,0,99.09285736083984,126.88011932373047,115.7042007446289,197.4691925048828,197.17129516601562,194.62826538085938,0.13290338218212128,0.10543063282966614,0.13443323969841003,13.16977596282959,13.37705135345459,15.554490089416504,10.605395317077637,10.345693588256836,13.214594841003418,7.170992374420166,7.206658363342285,7.548847675323486,0.8052828907966614,0.7733911871910095,0.8495678305625916,5.8486247062683105,5.6363983154296875,4.668553829193115,nan
5.400,0,99.1426010131836,126.9149169921875,115.80862426757812,197.57656860351562,197.26809692382812,194.76417541503906,0.13229314982891083,0.10508193075656891,0.13429957628250122,13.115886688232422,13.336464881896973,15.553049087524414,10.562732696533203,10.393315315246582,13.220804214477539,7.100582599639893,7.110797882080078,7.536278247833252,0.8053387999534607,0.7793155908584595,0.8500458002090454,5.968324661254883,5.5580058097839355,4.672329425811768,nan
5.450,0,99.1426010131836,126.9149169921875,115.80862426757812,197.57656860351562,197.26809692382812,194.76417541503906,0.13229314982891083,0.10508193075656891,0.13429957628250122,13.115886688232422,13.336464881896973,15.553049087524414,10.562732696533203,10.393315315246582,13.220804214477539,7.100582599639893,7.110797882080078,7.536278247833252,0.8053387999534607,0.7793155908584595,0.8500458002090454,5.968324661254883,5.5580058097839355,4.672329425811768,nan
5.500,0,99.1426010131836,126.9149169921875,115.80862426757812,197.57656860351562,197.26809692382812,194.76417541503906,0.13229314982891083,0.10508193075656891,0.13429957628250122,13.115886688232422,13.336464881896973,15.553049087524414,10.562732696533203,10.393315315246582,13.220804214477539,7.100582599639893,7.110797882080078,7.536278247833252,0.8053387999534607,0.7793155908584595,0.8500458002090454,5.968324661254883,5.5580058097839355,4.672329425811768,nan
5.550,0,99.1426010131836,126.9149169921875,115.80862426757812,197.57656860351562,197.26809692382812,194.76417541503906,0.13229314982891083,0.10508193075656891,0.13429957628250122,13.115886688232422,13.336464881896973,15.553049087524414,10.562732696533203,10.393315315246582,13.220804214477539,7.100582599639893,7.110797882080078,7.536278247833252,0.8053387999534607,0.7793155908584595,0.8500458002090454,5.968324661254883,5.5580058097839355,4.672329425811768,nan
5.600,0,99.15274810791016,126.94517517089844,115.74644470214844,197.58482360839844,197.29566955566406,194.68809509277344,0.13291232287883759,0.10462276637554169,0.13422337174415588,13.178622245788574,13.281355857849121,15.53587818145752,10.611051559448242,10.304825782775879,13.276473999023438,7.173868656158447,7.137495040893555,7.481094837188721,0.805171549320221,0.775886595249176,0.854568600654602,5.858423233032227,5.614990234375,4.757689476013184,nan
5.650,0,99.15274810791016,126.94517517089844,115.74644470214844,197.58482360839844,197.29566955566406,194.68809509277344,0.13291232287883759,0.10462276637554169,0.13422337174415588,13.178622245788574,13.281355857849121,15.53587818145752,10.611051559448242,10.304825782775879,13.276473999023438,7.173868656158447,7.137495040893555,7.481094837188721,0.805171549320221,0.775886595249176,0.854568600654602,5.858423233032227,5.614990234375,4.757689476013184,nan
5.700,0,99.15274810791016,126.94517517089844,115.74644470214844,197.58482360839844,197.29566955566406,194.68809509277344,0.13291232287883759,0.10462276637554169,0.13422337174415588,13.178622245788574,13.281355857849121,15.53587818145752,10.611051559448242,10.304825782775879,13.276473999023438,7.173868656158447,7.137495040893555,7.481094837188721,0.805171549320221,0.775886595249176,0.854568600654602,5.858423233032227,5.614990234375,4.757689476013184,nan
5.750,0,99.15274810791016,126.94517517089844,115.74644470214844,197.58482360839844,197.29566955566406,194.68809509277344,0.13291232287883759,0.10462276637554169,0.13422337174415588,13.178622245788574,13.281355857849121,15.53587818145752,10.611051559448242,10.304825782775879,13.276473999023438,7.173868656158447,7.137495040893555,7.481094837188721,0.805171549320221,0.775886595249176,0.854568600654602,5.858423233032227,5.614990234375,4.757689476013184,nan
5.800,0,99.1434097290039,126.91389465332031,115.78474426269531,197.57742309570312,197.21473693847656,194.7625732421875,0.1313503384590149,0.10440678149461746,0.13371507823467255,13.022520065307617,13.25067138671875,15.482166290283203,10.54050064086914,10.409794807434082,13.19089412689209,7.055911064147949,7.079024314880371,7.54425573348999,0.8094056248664856,0.7856050729751587,0.8520057201385498,5.905122756958008,5.556510925292969,4.609323024749756,nan
5.850,0,99.1434097290039,126.91389465332031,115.78474426269531,197.57742309570312,197.21473693847656,194.7625732421875,0.1313503384590149,0.10440678149461746,0.13371507823467255,13.022520065307617,13.25067138671875,15.482166290283203,10.54050064086914,10.409794807434082,13.19089412689209,7.055911064147949,7.079024314880371,7.54425573348999,0.8094056248664856,0.7856050729751587,0.8520057201385498,5.905122756958008,5.556510925292969,4.609323024749756,nan
5.900,0,99.1434097290039,126.91389465332031,115.78474426269531,197.57742309570312,197.21473693847656,194.7625732421875,0.1313503384590149,0.10440678149461746,0.13371507823467255,13.022520065307617,13.25067138671875,15.482166290283203,10.54050064086914,10.409794807434082,13.19089412689209,7.055911064147949,7.079024314880371,7.54425573348999,0.8094056248664856,0.7856050729751587,0.8520057201385498,5.905122756958008,5.556510925292969,4.609323024749756,nan
5.950,0,99.1434097290039,126.91389465332031,115.78474426269531,197.57742309570312,197.21473693847656,194.7625732421875,0.1313503384590149,0.10440678149461746,0.13371507823467255,13.022520065307617,13.25067138671875,15.482166290283203,10.54050064086914,10.409794807434082,13.19089412689209,7.055911064147949,7.079024314880371,7.54425573348999,0.8094056248664856,0.7856050729751587,0.8520057201385498,5.905122756958008,5.556510925292969,4.609323024749756,nan
6.000,0,99.21485900878906,126.87276458740234,115.79791259765625,197.57447814941406,197.21835327148438,194.83230590820312,0.1316896229982376,0.10481048375368118,0.1330379992723465,13.065567016601562,13.297595977783203,15.405522346496582,10.62878131866455,10.376749992370605,13.145434379577637,6.99708890914917,7.129982948303223,7.408285140991211,0.8134955763816833,0.7803478240966797,0.8532936573028564,5.882414817810059,5.570448398590088,4.831544876098633,nan
6.050,0,99.21485900878906,126.87276458740234,115.79791259765625,197.57447814941406,197.21835327148438,194.83230590820312,0.1316896229982376,0.10481048375368118,0.1330379992723465,13.065567016601562,13.297595977783203,15.405522346496582,10.62878131866455,10.376749992370605,13.145434379577637,6.99708890914917,7.129982948303223,7.408285140991211,0.8134955763816833,0.7803478240966797,0.8532936573028564,5.882414817810059,5.570448398590088,4.831544876098633,nan
6.100,0,99.21485900878906,126.87276458740234,115.79791259765625,197.57447814941406,197.21835327148438,194.83230590820312,0.1316896229982376,0.10481048375368118,0.1330379992723465,13.065567016601562,13.297595977783203,15.405522346496582,10.62878131866455,10.376749992370605,13.145434379577637,6.99708890914917,7.129982948303223,7.408285140991211,0.8134955763816833,0.7803478240966797,0.8532936573028564,5.882414817810059,5.570448398590088,4.831544876098633,nan
6.150,0,99.21485900878906,126.87276458740234,115.79791259765625,197.57447814941406,197.21835327148438,194.83230590820312,0.1316896229982376,0.10481048375368118,0.1330379992723465,13.065567016601562,13.297595977783203,15.405522346496582,10.62878131866455,10.376749992370605,13.145434379577637,6.99708890914917,7.129982948303223,7.408285140991211,0.8134955763816833,0.7803478240966797,0.8532936573028564,5.882414817810059,5.570448398590088,4.831544876098633,nan
6.200,0,99.19482421875,126.98483276367188,115.76187896728516,197.69674682617188,197.272705078125,194.75514221191406,0.13346122205257416,0.10517416149377823,0.13405221700668335,13.238662719726562,13.355523109436035,15.518136978149414,10.692042350769043,10.315287590026855,13.225027084350586,7.1540422439575195,7.220454216003418,7.429662227630615,0.807637631893158,0.772361159324646,0.8522303104400635,5.9519829750061035,5.674167156219482,4.773914813995361,nan
6.250,0,99.19482421875,126.98483276367188,115.76187896728516,197.69674682617188,197.272705078125,194.75514221191406,0.13346122205257416,0.10517416149377823,0.13405221700668335,13.238662719726562,13.355523109436035,15.518136978149414,10.692042350769043,10.315287590026855,13.225027084350586,7.1540422439575195,7.220454216003418,7.429662227630615,0.807637631893158,0.772361159324646,0.8522303104400635,5.9519829750061035,5.674167156219482,4.773914813995361,nan
6.300,0,99.19482421875,126.98483276367188,115.76187896728516,197.69674682617188,197.272705078125,194.75514221191406,0.13346122205257416,0.10517416149377823,0.13405221700668335,13.238662719726562,13.355523109436035,15.518136978149414,10.692042350769043,10.315287590026855,13.225027084350586,7.1540422439575195,7.220454216003418,7.429662227630615,0.807637631893158,0.772361159324646,0.8522303104400635,5.9519829750061035,5.674167156219482,4.773914813995361,nan
6.350,0,99.19482421875,126.98483276367188,115.76187896728516,197.69674682617188,197.272705078125,194.75514221191406,0.13346122205257416,0.10517416149377823,0.13405221700668335,13.238662719726562,13.355523109436035,15.518136978149414,10.692042350769043,10.315287590026855,13.225027084350586,7.1540422439575195,7.220454216003418,7.429662227630615,0.807637631893158,0.772361159324646,0.8522303104400635,5.9519829750061035,5.674167156219482,4.773914813995361,nan
6.400,0,99.20865631103516,126.94268798828125,115.77388763427734,197.6976318359375,197.24012756347656,194.76947021484375,0.13297584652900696,0.10638045519590378,0.1344977617263794,13.192355155944824,13.504220962524414,15.571329116821289,10.55036449432373,10.41133975982666,13.156328201293945,7.188259124755859,7.238034248352051,7.658828258514404,0.7997332215309143,0.7709692716598511,0.8449072241783142,6.074880599975586,5.579797744750977,4.858072280883789,nan
6.450,0,99.20865631103516,126.94268798828125,115.77388763427734,197.6976318359375,197.24012756347656,194.76947021484375,0.13297584652900696,0.10638045519590378,0.1344977617263794,13.192355155944824,13.504220962524414,15.571329116821289,10.55036449432373,10.41133975982666,13.156328201293945,7.188259124755859,7.238034248352051,7.658828258514404,0.7997332215309143,0.7709692716598511,0.8449072241783142,6.074880599975586,5.579797744750977,4.858072280883789,nan
6.500,0,99.20865631103516,126.94268798828125,115.77388763427734,197.6976318359375,197.24012756347656,194.76947021484375,0.13297584652900696,0.10638045519590378,0.1344977617263794,13.192355155944824,13.504220962524414,15.571329116821289,10.55036449432373,10.41133975982666,13.156328201293945,7.188259124755859,7.238034248352051,7.658828258514404,0.7997332215309143,0.7709692716598511,0.8449072241783142,6.074880599975586,5.579797744750977,4.858072280883789,nan
6.550,0,99.20865631103516,126.94268798828125,115.77388763427734,197.6976318359375,197.24012756347656,194.76947021484375,0.13297584652900696,0.10638045519590378,0.1344977617263794,13.192355155944824,13.504220962524414,15.571329116821289,10.55036449432373,10.41133975982666,13.156328201293945,7.188259124755859,7.238034248352051,7.658828258514404,0.7997332215309143,0.7709692716598511,0.8449072241783142,6.074880599975586,5.579797744750977,4.858072280883789,nan
6.600,0,99.15755462646484,127.0013656616211,115.7026138305664,197.68470764160156,197.29324340820312,194.6226348876953,0.1351427435874939,0.10578575730323792,0.1355709433555603,13.400424003601074,13.434935569763184,15.685912132263184,10.661408424377441,10.233012199401855,13.326370239257812,7.4164862632751465,7.333960056304932,7.594509601593018,0.7956023216247559,0.7616718411445618,0.8495757579803467,5.983067989349365,5.68543004989624,4.830336093902588,nan
6.650,0,99.15755462646484,127.0013656616211,115.7026138305664,197.68470764160156,197.29324340820312,194.6226348876953,0.1351427435874939,0.10578575730323792,0.1355709433555603,13.400424003601074,13.434935569763184,15.685912132263184,10.661408424377441,10.233012199401855,13.326370239257812,7.4164862632751465,7.333960056304932,7.594509601593018,0.7956023216247559,0.7616718411445618,0.8495757579803467,5.983067989349365,5.68543004989624,4.830336093902588,nan
6.700,0,99.15755462646484,127.0013656616211,115.7026138305664,197.68470764160156,197.29324340820312,194.6226348876953,0.1351427435874939,0.10578575730323792,0.1355709433555603,13.400424003601074,13.434935569763184,15.685912132263184,10.661408424377441,10.233012199401855,13.326370239257812,7.4164862632751465,7.333960056304932,7.594509601593018,0.7956023216247559,0.7616718411445618,0.8495757579803467,5.983067989349365,5.68543004989624,4.830336093902588,nan
6.750,0,99.15755462646484,127.0013656616211,115.7026138305664,197.68470764160156,197.29324340820312,194.6226348876953,0.1351427435874939,0.10578575730323792,0.1355709433555603,13.400424003601074,13.434935569763184,15.685912132263184,10.661408424377441,10.233012199401855,13.326370239257812,7.4164862632751465,7.333960056304932,7.594509601593018,0.7956023216247559,0.7616718411445618,0.8495757579803467,5.983067989349365,5.68543004989624,4.830336093902588,nan
6.800,0,99.11974334716797,126.97793579101562,115.74484252929688,197.65936279296875,197.26560974121094,194.64990234375,0.1351313591003418,0.10620380938053131,0.1347038298845291,13.394186019897461,13.485540390014648,15.591273307800293,10.704215049743652,10.246779441833496,13.2323579788208,7.378660202026367,7.446559906005859,7.566832542419434,0.7991687655448914,0.7598345279693604,0.8487028479576111,6.085838794708252,5.622061729431152,4.743961334228516,nan
6.850,0,99.11974334716797,126.97793579101562,115.74484252929688,197.65936279296875,197.26560974121094,194.64990234375,0.1351313591003418,0.10620380938053131,0.1347038298845291,13.394186019897461,13.485540390014648,15.591273307800293,10.704215049743652,10.246779441833496,13.2323579788208,7.378660202026367,7.446559906005859,7.566832542419434,0.7991687655448914,0.7598345279693604,0.8487028479576111,6.085838794708252,5.622061729431152,4.743961334228516,nan
6.900,0,99.11974334716797,126.97793579101562,115.74484252929688,197.65936279296875,197.26560974121094,194.64990234375,0.1351313591003418,0.10620380938053131,0.1347038298845291,13.394186019897461,13.485540390014648,15.591273307800293,10.704215049743652,10.246779441833496,13.2323579788208,7.378660202026367,7.446559906005859,7.566832542419434,0.7991687655448914,0.7598345279693604,0.8487028479576111,6.085838794708252,5.622061729431152,4.743961334228516,nan
6.950,0,99.11974334716797,126.97793579101562,115.74484252929688,197.65936279296875,197.26560974121094,194.64990234375,0.1351313591003418,0.10620380938053131,0.1347038298845291,13.394186019897461,13.485540390014648,15.591273307800293,10.704215049743652,10.246779441833496,13.2323579788208,7.378660202026367,7.446559906005859,7.566832542419434,0.7991687655448914,0.7598345279693604,0.8487028479576111,6.085838794708252,5.622061729431152,4.743961334228516,nan
7.000,0,99.20623016357422,126.88410186767578,115.74180603027344,197.59722900390625,197.18496704101562,194.75039672851562,0.13399355113506317,0.10619141906499863,0.13554558157920837,13.29299545288086,13.474002838134766,15.6882905960083,10.627423286437988,10.345756530761719,13.264481544494629,7.327720642089844,7.313192844390869,7.676790237426758,0.7994754314422607,0.7678309679031372,0.8455020189285278,5.94955587387085,5.654065132141113,4.92333984375,nan
7.050,0,99.20623016357422,126.88410186767578,115.74180603027344,197.59722900390625,197.18496704101562,194.75039672851562,0.13399355113506317,0.10619141906499863,0.13554558157920837,13.29299545288086,13.474002838134766,15.6882905960083,10.627423286437988,10.345756530761719,13.264481544494629,7.327720642089844,7.313192844390869,7.676790237426758,0.7994754314422607,0.7678309679031372,0.8455020189285278,5.94955587387085,5.654065132141113,4.92333984375,nan
7.100,0,99.20623016357422,126.88410186767578,115.74180603027344,197.59722900390625,197.18496704101562,194.75039672851562,0.13399355113506317,0.10619141906499863,0.13554558157920837,13.29299545288086,13.474002838134766,15.6882905960083,10.627423286437988,10.345756530761719,13.264481544494629,7.327720642089844,7.313192844390869,7.676790237426758,0.7994754314422607,0.7678309679031372,0.8455020189285278,5.94955587387085,5.654065132141113,4.92333984375,nan
7.150,0,99.20623016357422,126.88410186767578,115.74180603027344,197.59722900390625,197.18496704101562,194.75039672851562,0.13399355113506317,0.10619141906499863,0.13554558157920837,13.29299545288086,13.474002838134766,15.6882905960083,10.627423286437988,10.345756530761719,13.264481544494629,7.327720642089844,7.313192844390869,7.676790237426758,0.7994754314422607,0.7678309679031372,0.8455020189285278,5.94955587387085,5.654065132141113,4.92333984375,nan
7.200,0,99.17221069335938,126.98310089111328,115.75614929199219,197.69244384765625,197.2509002685547,194.72962951660156,0.13600869476795197,0.10696233808994293,0.13665995001792908,13.488283157348633,13.582408905029297,15.819229125976562,10.662172317504883,10.231660842895508,13.328038215637207,7.478990077972412,7.387604713439941,7.669811248779297,0.7904766201972961,0.7533023953437805,0.8425213694572449,6.029177665710449,5.740311145782471,4.775369167327881,nan
7.250,0,99.17221069335938,126.98310089111328,115.75614929199219,197.69244384765625,197.2509002685547,194.72962951660156,0.13600869476795197,0.10696233808994293,0.13665995001792908,13.488283157348633,13.582408905029297,15.819229125976562,10.662172317504883,10.231660842895508,13.328038215637207,7.478990077972412,7.387604713439941,7.669811248779297,0.7904766201972961,0.7533023953437805,0.8425213694572449,6.029177665710449,5.740311145782471,4.775369167327881,nan
7.300,0,99.17221069335938,126.98310089111328,115.75614929199219,197.69244384765625,197.2509002685547,194.72962951660156,0.13600869476795197,0.10696233808994293,0.13665995001792908,13.488283157348633,13.582408905029297,15.819229125976562,10.662172317504883,10.231660842895508,13.328038215637207,7.478990077972412,7.387604713439941,7.669811248779297,0.7904766201972961,0.7533023953437805,0.8425213694572449,6.029177665710449,5.740311145782471,4.775369167327881,nan
7.350,0,99.17221069335938,126.98310089111328,115.75614929199219,197.69244384765625,197.2509002685547,194.72962951660156,0.13600869476795197,0.10696233808994293,0.13665995001792908,13.488283157348633,13.582408905029297,15.819229125976562,10.662172317504883,10.231660842895508,13.328038215637207,7.478990077972412,7.387604713439941,7.669811248779297,0.7904766201972961,0.7533023953437805,0.8425213694572449,6.029177665710449,5.740311145782471,4.775369167327881,nan
7.400,0,99.18075561523438,126.94684600830078,115.77075958251953,197.66580200195312,197.28672790527344,194.71788024902344,0.13687099516391754,0.10774204134941101,0.13646304607391357,13.574968338012695,13.677512168884277,15.798430442810059,10.692564964294434,10.242411613464355,13.297222137451172,7.57597541809082,7.5573883056640625,7.76481294631958,0.7876677513122559,0.7488504648208618,0.8416799306869507,6.102651119232178,5.669609546661377,4.936193943023682,nan
7.450,0,99.18075561523438,126.94684600830078,115.77075958251953,197.66580200195312,197.28672790527344,194.71788024902344,0.13687099516391754,0.10774204134941101,0.13646304607391357,13.574968338012695,13.677512168884277,15.798430442810059,10.692564964294434,10.242411613464355,13.297222137451172,7.57597541809082,7.5573883056640625,7.76481294631958,0.7876677513122559,0.7488504648208618,0.8416799306869507,6.102651119232178,5.669609546661377,4.936193943023682,nan
7.500,0,99.18075561523438,126.94684600830078,115.77075958251953,197.66580200195312,197.28672790527344,194.71788024902344,0.13687099516391754,0.10774204134941101,0.13646304607391357,13.574968338012695,13.677512168884277,15.798430442810059,10.692564964294434,10.242411613464355,13.297222137451172,7.57597541809082,7.5573883056640625,7.76481294631958,0.7876677513122559,0.7488504648208618,0.8416799306869507,6.102651119232178,5.669609546661377,4.936193943023682,nan
7.550,0,99.18075561523438,126.94684600830078,115.77075958251953,197.66580200195312,197.28672790527344,194.71788024902344,0.13687099516391754,0.10774204134941101,0.13646304607391357,13.574968338012695,13.677512168884277,15.798430442810059,10.692564964294434,10.242411613464355,13.297222137451172,7.57597541809082,7.5573883056640625,7.76481294631958,0.7876677513122559,0.7488504648208618,0.8416799306869507,6.102651119232178,5.669609546661377,4.936193943023682,nan
7.600,0,99.09846496582031,126.9870376586914,115.68336486816406,197.61729431152344,197.26951599121094,194.55650329589844,0.13642707467079163,0.10628397762775421,0.136585533618927,13.519713401794434,13.496687889099121,15.800674438476562,10.703189849853516,10.184042930603027,13.38798713684082,7.5680742263793945,7.448849201202393,7.666496276855469,0.7916728258132935,0.7545586824417114,0.8473047614097595,5.951354026794434,5.658773899078369,4.780900001525879,nan
7.650,0,99.09846496582031,126.9870376586914,115.68336486816406,197.61729431152344,197.26951599121094,194.55650329589844,0.13642707467079163,0.10628397762775421,0.136585533618927,13.519713401794434,13.496687889099121,15.800674438476562,10.703189849853516,10.184042930603027,13.38798713684082,7.5680742263793945,7.448849201202393,7.666496276855469,0.7916728258132935,0.7545586824417114,0.8473047614097595,5.951354026794434,5.658773899078369,4.780900001525879,nan
7.700,0,99.09846496582031,126.9870376586914,115.68336486816406,197.61729431152344,197.26951599121094,194.55650329589844,0.13642707467079163,0.10628397762775421,0.136585533618927,13.519713401794434,13.496687889099121,15.800674438476562,10.703189849853516,10.184042930603027,13.38798713684082,7.5680742263793945,7.448849201202393,7.666496276855469,0.7916728258132935,0.7545586824417114,0.8473047614097595,5.951354026794434,5.658773899078369,4.780900001525879,nan
7.750,0,99.09846496582031,126.9870376586914,115.68336486816406,197.61729431152344,197.26951599121094,194.55650329589844,0.13642707467079163,0.10628397762775421,0.136585533618927,13.519713401794434,13.496687889099121,15.800674438476562,10.703189849853516,10.184042930603027,13.38798713684082,7.5680742263793945,7.448849201202393,7.666496276855469,0.7916728258132935,0.7545586824417114,0.8473047614097595,5.951354026794434,5.658773899078369,4.780900001525879,nan
7.800,0,99.10658264160156,126.98745727539062,115.75135040283203,197.65301513671875,197.30943298339844,194.6283721923828,0.13716332614421844,0.10660543292760849,0.13667497038841248,13.593788146972656,13.537552833557129,15.8203125,10.708792686462402,10.119751930236816,13.359149932861328,7.651113510131836,7.54172945022583,7.677898406982422,0.7877710461616516,0.7475318312644958,0.8444302082061768,6.084410190582275,5.572986602783203,4.773202896118164,nan
7.850,0,99.10658264160156,126.98745727539062,115.75135040283203,197.65301513671875,197.30943298339844,194.6283721923828,0.13716332614421844,0.10660543292760849,0.13667497038841248,13.593788146972656,13.537552833557129,15.8203125,10.708792686462402,10.119751930236816,13.359149932861328,7.651113510131836,7.54172945022583,7.677898406982422,0.7877710461616516,0.7475318312644958,0.8444302082061768,6.084410190582275,5.572986602783203,4.773202896118164,nan
7.900,0,99.10658264160156,126.98745727539062,115.75135040283203,197.65301513671875,197.30943298339844,194.6283721923828,0.13716332614421844,0.10660543292760849,0.13667497038841248,13.593788146972656,13.537552833557129,15.8203125,10.708792686462402,10.119751930236816,13.359149932861328,7.651113510131836,7.54172945022583,7.677898406982422,0.7877710461616516,0.7475318312644958,0.8444302082061768,6.084410190582275,5.572986602783203,4.773202896118164,nan
7.950,0,99.10658264160156,126.98745727539062,115.75135040283203,197.65301513671875,197.30943298339844,194.6283721923828,0.13716332614421844,0.10660543292760849,0.13667497038841248,13.593788146972656,13.537552833557129,15.8203125,10.708792686462402,10.119751930236816,13.359149932861328,7.651113510131836,7.54172945022583,7.677898406982422,0.7877710461616516,0.7475318312644958,0.8444302082061768,6.084410190582275,5.572986602783203,4.773202896118164,nan
8.000,0,99.15406036376953,126.89677429199219,115.7405014038086,197.53164672851562,197.2384490966797,194.7010955810547,0.13508090376853943,0.10704566538333893,0.13658200204372406,13.393819808959961,13.583749771118164,15.808069229125977,10.62065601348877,10.299863815307617,13.280985832214355,7.469078063964844,7.433182239532471,7.781092166900635,0.7929520010948181,0.7582489252090454,0.840139627456665,5.87710428237915,5.65158748626709,4.837009906768799,nan
8.050,0,99.15406036376953,126.89677429199219,115.7405014038086,197.53164672851562,197.2384490966797,194.7010955810547,0.13508090376853943,0.10704566538333893,0.13658200204372406,13.393819808959961,13.583749771118164,15.808069229125977,10.62065601348877,10.299863815307617,13.280985832214355,7.469078063964844,7.433182239532471,7.781092166900635,0.7929520010948181,0.7582489252090454,0.840139627456665,5.87710428237915,5.65158748626709,4.837009906768799,nan
8.100,0,99.15406036376953,126.89677429199219,115.7405014038086,197.53164672851562,197.2384490966797,194.7010955810547,0.13508090376853943,0.10704566538333893,0.13658200204372406,13.393819808959961,13.583749771118164,15.808069229125977,10.62065601348877,10.299863815307617,13.280985832214355,7.469078063964844,7.433182239532471,7.781092166900635,0.7929520010948181,0.7582489252090454,0.840139627456665,5.87710428237915,5.65158748626709,4.837009906768799,nan
8.150,0,99.15406036376953,126.89677429199219,115.7405014038086,197.53164672851562,197.2384490966797,194.7010955810547,0.13508090376853943,0.10704566538333893,0.13658200204372406,13.393819808959961,13.583749771118164,15.808069229125977,10.62065601348877,10.299863815307617,13.280985832214355,7.469078063964844,7.433182239532471,7.781092166900635,0.7929520010948181,0.7582489252090454,0.840139627456665,5.87710428237915,5.65158748626709,4.837009906768799,nan
8.200,0,99.13056945800781,126.96211242675781,115.777587890625,197.61329650878906,197.27395629882812,194.72373962402344,0.13566343486309052,0.1059408187866211,0.136182501912117,13.448393821716309,13.450469970703125,15.766881942749023,10.706281661987305,10.200448036193848,13.364013671875,7.4268999099731445,7.332458019256592,7.550032138824463,0.7961011528968811,0.758371114730835,0.8476002812385559,5.952056407928467,5.615894794464111,4.663986682891846,nan
8.250,0,99.13056945800781,126.96211242675781,115.777587890625,197.61329650878906,197.27395629882812,194.72373962402344,0.13566343486309052,0.1059408187866211,0.136182501912117,13.448393821716309,13.450469970703125,15.766881942749023,10.706281661987305,10.200448036193848,13.364013671875,7.4268999099731445,7.332458019256592,7.550032138824463,0.7961011528968811,0.758371114730835,0.8476002812385559,5.952056407928467,5.615894794464111,4.663986682891846,nan
8.300,0,99.13056945800781,126.96211242675781,115.777587890625,197.61329650878906,197.27395629882812,194.72373962402344,0.13566343486309052,0.1059408187866211,0.136182501912117,13.448393821716309,13.450469970703125,15.766881942749023,10.706281661987305,10.200448036193848,13.364013671875,7.4268999099731445,7.332458019256592,7.550032138824463,0.7961011528968811,0.758371114730835,0.8476002812385559,5.952056407928467,5.615894794464111,4.663986682891846,nan
8.350,0,99.13056945800781,126.96211242675781,115.777587890625,197.61329650878906,197.27395629882812,194.72373962402344,0.13566343486309052,0.1059408187866211,0.136182501912117,13.448393821716309,13.450469970703125,15.766881942749023,10.706281661987305,10.200448036193848,13.364013671875,7.4268999099731445,7.332458019256592,7.550032138824463,0.7961011528968811,0.758371114730835,0.8476002812385559,5.952056407928467,5.615894794464111,4.663986682891846,nan
8.400,0,99.18941497802734,126.9255599975586,115.7988052368164,197.612548828125,197.3011474609375,194.7770233154297,0.1352510303258896,0.1065962016582489,0.13485607504844666,13.415470123291016,13.52978229522705,15.616172790527344,10.696615219116211,10.2333984375,13.22765827178955,7.336855888366699,7.404585361480713,7.546865463256836,0.7973343729972839,0.7563608884811401,0.8470486402511597,5.985739707946777,5.579771041870117,4.880834102630615,nan
8.450,0,99.18941497802734,126.9255599975586,115.7988052368164,197.612548828125,197.3011474609375,194.7770233154297,0.1352510303258896,0.1065962016582489,0.13485607504844666,13.415470123291016,13.52978229522705,15.616172790527344,10.696615219116211,10.2333984375,13.22765827178955,7.336855888366699,7.404585361480713,7.546865463256836,0.7973343729972839,0.7563608884811401,0.8470486402511597,5.985739707946777,5.579771041870117,4.880834102630615,nan
8.500,0,99.18941497802734,126.9255599975586,115.7988052368164,197.612548828125,197.3011474609375,194.7770233154297,0.1352510303258896,0.1065962016582489,0.13485607504844666,13.415470123291016,13.52978229522705,15.616172790527344,10.696615219116211,10.2333984375,13.22765827178955,7.336855888366699,7.404585361480713,7.546865463256836,0.7973343729972839,0.7563608884811401,0.8470486402511597,5.985739707946777,5.579771041870117,4.880834102630615,nan
8.550,0,99.18941497802734,126.9255599975586,115.7988052368164,197.612548828125,197.3011474609375,194.7770233154297,0.1352510303258896,0.1065962016582489,0.13485607504844666,13.415470123291016,13.52978229522705,15.616172790527344,10.696615219116211,10.2333984375,13.22765827178955,7.336855888366699,7.404585361480713,7.546865463256836,0.7973343729972839,0.7563608884811401,0.8470486402511597,5.985739707946777,5.579771041870117,4.880834102630615,nan
8.600,0,99.08170318603516,126.93561553955078,115.70235443115234,197.53280639648438,197.23777770996094,194.5859375,0.13642047345638275,0.10721293091773987,0.13610631227493286,13.516773223876953,13.609139442443848,15.747820854187012,10.714554786682129,10.243172645568848,13.30622386932373,7.53506326675415,7.548139572143555,7.72012996673584,0.792685866355896,0.7526686787605286,0.8449565172195435,5.8694047927856445,5.621747970581055,4.646705627441406,nan
8.650,0,99.08170318603516,126.93561553955078,115.70235443115234,197.53280639648438,197.23777770996094,194.5859375,0.13642047345638275,0.10721293091773987,0.13610631227493286,13.516773223876953,13.609139442443848,15.747820854187012,10.714554786682129,10.243172645568848,13.30622386932373,7.53506326675415,7.548139572143555,7.72012996673584,0.792685866355896,0.7526686787605286,0.8449565172195435,5.8694047927856445,5.621747970581055,4.646705627441406,nan
8.700,0,99.08170318603516,126.93561553955078,115.70235443115234,197.53280639648438,197.23777770996094,194.5859375,0.13642047345638275,0.10721293091773987,0.13610631227493286,13.516773223876953,13.609139442443848,15.747820854187012,10.714554786682129,10.243172645568848,13.30622386932373,7.53506326675415,7.548139572143555,7.72012996673584,0.792685866355896,0.7526686787605286,0.8449565172195435,5.8694047927856445,5.621747970581055,4.646705627441406,nan
8.750,0,99.08170318603516,126.93561553955078,115.70235443115234,197.53280639648438,197.23777770996094,194.5859375,0.13642047345638275,0.10721293091773987,0.13610631227493286,13.516773223876953,13.609139442443848,15.747820854187012,10.714554786682129,10.243172645568848,13.30622386932373,7.53506326675415,7.548139572143555,7.72012996673584,0.792685866355896,0.7526686787605286,0.8449565172195435,5.8694047927856445,5.621747970581055,4.646705627441406,nan
8.800,0,99.08817291259766,126.88299560546875,115.73194885253906,197.5138397216797,197.19569396972656,194.6253662109375,0.135355606675148,0.10544618964195251,0.13623332977294922,13.412139892578125,13.379328727722168,15.766549110412598,10.60792064666748,10.145890235900879,13.343558311462402,7.587209701538086,7.4213175773620605,7.73057222366333,0.790919303894043,0.7583258152008057,0.8463208079338074,5.975173473358154,5.515860557556152,4.741912841796875,nan
8.850,0,99.08817291259766,126.88299560546875,115.73194885253906,197.5138397216797,197.19569396972656,194.6253662109375,0.135355606675148,0.10544618964195251,0.13623332977294922,13.412139892578125,13.379328727722168,15.766549110412598,10.60792064666748,10.145890235900879,13.343558311462402,7.587209701538086,7.4213175773620605,7.73057222366333,0.790919303894043,0.7583258152008057,0.8463208079338074,5.975173473358154,5.515860557556152,4.741912841796875,nan
8.900,0,99.08817291259766,126.88299560546875,115.73194885253906,197.5138397216797,197.19569396972656,194.6253662109375,0.135355606675148,0.10544618964195251,0.13623332977294922,13.412139892578125,13.379328727722168,15.766549110412598,10.60792064666748,10.145890235900879,13.343558311462402,7.587209701538086,7.4213175773620605,7.73057222366333,0.790919303894043,0.7583258152008057,0.8463208079338074,5.975173473358154,5.515860557556152,4.741912841796875,nan
8.950,0,99.08817291259766,126.88299560546875,115.73194885253906,197.5138397216797,197.19569396972656,194.6253662109375,0.135355606675148,0.10544618964195251,0.13623332977294922,13.412139892578125,13.379328727722168,15.766549110412598,10.60792064666748,10.145890235900879,13.343558311462402,7.587209701538086,7.4213175773620605,7.73057222366333,0.790919303894043,0.7583258152008057,0.8463208079338074,5.975173473358154,5.515860557556152,4.741912841796875,nan
9.000,0,99.14025115966797,126.85901641845703,115.73090362548828,197.4794464111328,197.16867065429688,194.70376586914062,0.13680453598499298,0.10713449865579605,0.13559699058532715,13.562835693359375,13.59097671508789,15.69276237487793,10.801223754882812,10.15579891204834,13.268877983093262,7.492673397064209,7.578393459320068,7.564899444580078,0.7963838577270508,0.747245728969574,0.84554123878479,5.855362415313721,5.676156044006348,4.836380958557129,nan
9.050,0,99.14025115966797,126.85901641845703,115.73090362548828,197.4794464111328,197.16867065429688,194.70376586914062,0.13680453598499298,0.10713449865579605,0.13559699058532715,13.562835693359375,13.59097671508789,15.69276237487793,10.801223754882812,10.15579891204834,13.268877983093262,7.492673397064209,7.578393459320068,7.564899444580078,0.7963838577270508,0.747245728969574,0.84554123878479,5.855362415313721,5.676156044006348,4.836380958557129,nan
9.100,0,99.14025115966797,126.85901641845703,115.73090362548828,197.4794464111328,197.16867065429688,194.70376586914062,0.13680453598499298,0.10713449865579605,0.13559699058532715,13.562835693359375,13.59097671508789,15.69276237487793,10.801223754882812,10.15579891204834,13.268877983093262,7.492673397064209,7.578393459320068,7.564899444580078,0.7963838577270508,0.747245728969574,0.84554123878479,5.855362415313721,5.676156044006348,4.836380958557129,nan
9.150,0,99.14025115966797,126.85901641845703,115.73090362548828,197.4794464111328,197.16867065429688,194.70376586914062,0.13680453598499298,0.10713449865579605,0.13559699058532715,13.562835693359375,13.59097671508789,15.69276237487793,10.801223754882812,10.15579891204834,13.268877983093262,7.492673397064209,7.578393459320068,7.564899444580078,0.7963838577270508,0.747245728969574,0.84554123878479,5.855362415313721,5.676156044006348,4.836380958557129,nan
9.200,0,99.13482666015625,126.90870666503906,115.73918914794922,197.5964813232422,197.1624755859375,194.69412231445312,0.13616548478603363,0.10727915167808533,0.13629530370235443,13.49874210357666,13.61465835571289,15.774707794189453,10.690498352050781,10.25671672821045,13.296354293823242,7.481947422027588,7.462223052978516,7.691796779632568,0.7919625639915466,0.7533583641052246,0.8428906798362732,5.997137069702148,5.63007116317749,4.7121076583862305,nan
9.250,0,99.13482666015625,126.90870666503906,115.73918914794922,197.5964813232422,197.1624755859375,194.69412231445312,0.13616548478603363,0.10727915167808533,0.13629530370235443,13.49874210357666,13.61465835571289,15.774707794189453,10.690498352050781,10.25671672821045,13.296354293823242,7.481947422027588,7.462223052978516,7.691796779632568,0.7919625639915466,0.7533583641052246,0.8428906798362732,5.997137069702148,5.63007116317749,4.7121076583862305,nan
9.300,0,99.13482666015625,126.90870666503906,115.73918914794922,197.5964813232422,197.1624755859375,194.69412231445312,0.13616548478603363,0.10727915167808533,0.13629530370235443,13.49874210357666,13.61465835571289,15.774707794189453,10.690498352050781,10.25671672821045,13.296354293823242,7.481947422027588,7.462223052978516,7.691796779632568,0.7919625639915466,0.7533583641052246,0.8428906798362732,5.997137069702148,5.63007116317749,4.7121076583862305,nan
9.350,0,99.13482666015625,126.90870666503906,115.73918914794922,197.5964813232422,197.1624755859375,194.69412231445312,0.13616548478603363,0.10727915167808533,0.13629530370235443,13.49874210357666,13.61465835571289,15.774707794189453,10.690498352050781,10.25671672821045,13.296354293823242,7.481947422027588,7.462223052978516,7.691796779632568,0.7919625639915466,0.7533583641052246,0.8428906798362732,5.997137069702148,5.63007116317749,4.7121076583862305,nan
9.400,0,99.14581298828125,126.87672424316406,115.72686004638672,197.54322814941406,197.1904754638672,194.66647338867188,0.13565391302108765,0.10692767798900604,0.13538241386413574,13.449517250061035,13.566633224487305,15.667381286621094,10.694037437438965,10.269824028015137,13.2542085647583,7.410374641418457,7.4492340087890625,7.645818710327148,0.7951242327690125,0.7569913268089294,0.8459747433662415,5.97873592376709,5.620835781097412,4.946784019470215,nan
9.450,0,99.14581298828125,126.87672424316406,115.72686004638672,197.54322814941406,197.1904754638672,194.66647338867188,0.13565391302108765,0.10692767798900604,0.13538241386413574,13.449517250061035,13.566633224487305,15.667381286621094,10.694037437438965,10.269824028015137,13.2542085647583,7.410374641418457,7.4492340087890625,7.645818710327148,0.7951242327690125,0.7569913268089294,0.8459747433662415,5.97873592376709,5.620835781097412,4.946784019470215,nan
9.500,0,99.14581298828125,126.87672424316406,115.72686004638672,197.54322814941406,197.1904754638672,194.66647338867188,0.13565391302108765,0.10692767798900604,0.13538241386413574,13.449517250061035,13.566633224487305,15.667381286621094,10.694037437438965,10.269824028015137,13.2542085647583,7.410374641418457,7.4492340087890625,7.645818710327148,0.7951242327690125,0.7569913268089294,0.8459747433662415,5.97873592376709,5.620835781097412,4.946784019470215,nan
9.550,0,99.14581298828125,126.87672424316406,115.72686004638672,197.54322814941406,197.1904754638672,194.66647338867188,0.13565391302108765,0.10692767798900604,0.13538241386413574,13.449517250061035,13.566633224487305,15.667381286621094,10.694037437438965,10.269824028015137,13.2542085647583,7.410374641418457,7.4492340087890625,7.645818710327148,0.7951242327690125,0.7569913268089294,0.8459747433662415,5.97873592376709,5.620835781097412,4.946784019470215,nan
9.600,0,99.09169006347656,126.94644927978516,115.69568634033203,197.58653259277344,197.20143127441406,194.5865478515625,0.13579046726226807,0.10730331391096115,0.13547968864440918,13.455706596374512,13.621774673461914,15.674415588378906,10.677735328674316,10.272189140319824,13.214590072631836,7.491199493408203,7.567547798156738,7.750470161437988,0.7935469746589661,0.7541006207466125,0.843067467212677,6.036870002746582,5.696694374084473,4.793667316436768,nan
9.650,0,99.09169006347656,126.94644927978516,115.69568634033203,197.58653259277344,197.20143127441406,194.5865478515625,0.13579046726226807,0.10730331391096115,0.13547968864440918,13.455706596374512,13.621774673461914,15.674415588378906,10.677735328674316,10.272189140319824,13.214590072631836,7.491199493408203,7.567547798156738,7.750470161437988,0.7935469746589661,0.7541006207466125,0.843067467212677,6.036870002746582,5.696694374084473,4.793667316436768,nan
9.700,0,99.09169006347656,126.94644927978516,115.69568634033203,197.58653259277344,197.20143127441406,194.5865478515625,0.13579046726226807,0.10730331391096115,0.13547968864440918,13.455706596374512,13.621774673461914,15.674415588378906,10.677735328674316,10.272189140319824,13.214590072631836,7.491199493408203,7.567547798156738,7.750470161437988,0.7935469746589661,0.7541006207466125,0.843067467212677,6.036870002746582,5.696694374084473,4.793667316436768,nan
9.750,0,99.09169006347656,126.94644927978516,115.69568634033203,197.58653259277344,197.20143127441406,194.5865478515625,0.13579046726226807,0.10730331391096115,0.13547968864440918,13.455706596374512,13.621774673461914,15.674415588378906,10.677735328674316,10.272189140319824,13.214590072631836,7.491199493408203,7.567547798156738,7.750470161437988,0.7935469746589661,0.7541006207466125,0.843067467212677,6.036870002746582,5.696694374084473,4.793667316436768,nan
9.800,0,99.10889434814453,126.84236907958984,115.7266616821289,197.49853515625,197.13885498046875,194.6420440673828,0.13599252700805664,0.10639727860689163,0.13565383851528168,13.478069305419922,13.495682716369629,15.698765754699707,10.740267753601074,10.189769744873047,13.304791450500488,7.47719669342041,7.467702865600586,7.585597038269043,0.7968698740005493,0.7550392150878906,0.8475055694580078,6.160905361175537,5.710753440856934,5.027393817901611,nan
9.850,0,99.10889434814453,126.84236907958984,115.7266616821289,197.49853515625,197.13885498046875,194.6420440673828,0.13599252700805664,0.10639727860689163,0.13565383851528168,13.478069305419922,13.495682716369629,15.698765754699707,10.740267753601074,10.189769744873047,13.304791450500488,7.47719669342041,7.467702865600586,7.585597038269043,0.7968698740005493,0.7550392150878906,0.8475055694580078,6.160905361175537,5.710753440856934,5.027393817901611,nan
9.900,0,99.10889434814453,126.84236907958984,115.7266616821289,197.49853515625,197.13885498046875,194.6420440673828,0.13599252700805664,0.10639727860689163,0.13565383851528168,13.478069305419922,13.495682716369629,15.698765754699707,10.740267753601074,10.189769744873047,13.304791450500488,7.47719669342041,7.467702865600586,7.585597038269043,0.7968698740005493,0.7550392150878906,0.8475055694580078,6.160905361175537,5.710753440856934,5.027393817901611,nan
9.950,0,99.10889434814453,126.84236907958984,115.7266616821289,197.49853515625,197.13885498046875,194.6420440673828,0.13599252700805664,0.10639727860689163,0.13565383851528168,13.478069305419922,13.495682716369629,15.698765754699707,10.740267753601074,10.189769744873047,13.304791450500488,7.47719669342041,7.467702865600586,7.585597038269043,0.7968698740005493,0.7550392150878906,0.8475055694580078,6.160905361175537,5.710753440856934,5.027393817901611,nan
10.000,0,99.12136840820312,126.83695983886719,115.67433166503906,197.47064208984375,197.06370544433594,194.63912963867188,0.1349252164363861,0.10640096664428711,0.1358025074005127,13.373971939086914,13.495574951171875,15.708864212036133,10.673440933227539,10.277200698852539,13.281953811645508,7.312891960144043,7.285545349121094,7.567236423492432,0.7980756163597107,0.7615237236022949,0.8455069661140442,5.942111968994141,5.720475196838379,4.96789026260376,nan
10.050,0,99.12136840820312,126.83695983886719,115.67433166503906,197.47064208984375,197.06370544433594,194.63912963867188,0.1349252164363861,0.10640096664428711,0.1358025074005127,13.373971939086914,13.495574951171875,15.708864212036133,10.673440933227539,10.277200698852539,13.281953811645508,7.312891960144043,7.285545349121094,7.567236423492432,0.7980756163597107,0.7615237236022949,0.8455069661140442,5.942111968994141,5.720475196838379,4.96789026260376,nan
10.100,0,99.12136840820312,126.83695983886719,115.67433166503906,197.47064208984375,197.06370544433594,194.63912963867188,0.1349252164363861,0.10640096664428711,0.1358025074005127,13.373971939086914,13.495574951171875,15.708864212036133,10.673440933227539,10.277200698852539,13.281953811645508,7.312891960144043,7.285545349121094,7.567236423492432,0.7980756163597107,0.7615237236022949,0.8455069661140442,5.942111968994141,5.720475196838379,4.96789026260376,nan
10.150,0,99.12136840820312,126.83695983886719,115.67433166503906,197.47064208984375,197.06370544433594,194.63912963867188,0.1349252164363861,0.10640096664428711,0.1358025074005127,13.373971939086914,13.495574951171875,15.708864212036133,10.673440933227539,10.277200698852539,13.281953811645508,7.312891960144043,7.285545349121094,7.567236423492432,0.7980756163597107,0.7615237236022949,0.8455069661140442,5.942111968994141,5.720475196838379,4.96789026260376,nan
10.200,0,99.12918853759766,126.87199401855469,115.7020034790039,197.57080078125,197.09820556640625,194.64683532714844,0.13429661095142365,0.10694581270217896,0.13493861258029938,13.312713623046875,13.568428039550781,15.61266803741455,10.625815391540527,10.372892379760742,13.155765533447266,7.253382205963135,7.358458995819092,7.655705451965332,0.7981705069541931,0.7644873857498169,0.8426340222358704,6.173736572265625,5.747782230377197,4.979996204376221,nan
10.250,0,99.12918853759766,126.87199401855469,115.7020034790039,197.57080078125,197.09820556640625,194.64683532714844,0.13429661095142365,0.10694581270217896,0.13493861258029938,13.312713623046875,13.568428039550781,15.61266803741455,10.625815391540527,10.372892379760742,13.155765533447266,7.253382205963135,7.358458995819092,7.655705451965332,0.7981705069541931,0.7644873857498169,0.8426340222358704,6.173736572265625,5.747782230377197,4.979996204376221,nan
10.300,0,99.12918853759766,126.87199401855469,115.7020034790039,197.57080078125,197.09820556640625,194.64683532714844,0.13429661095142365,0.10694581270217896,0.13493861258029938,13.312713623046875,13.568428039550781,15.61266803741455,10.625815391540527,10.372892379760742,13.155765533447266,7.253382205963135,7.358458995819092,7.655705451965332,0.7981705069541931,0.7644873857498169,0.8426340222358704,6.173736572265625,5.747782230377197,4.979996204376221,nan
10.350,1,99.12918853759766,126.87199401855469,115.7020034790039,197.57080078125,197.09820556640625,194.64683532714844,0.13429661095142365,0.10694581270217896,0.13493861258029938,13.312713623046875,13.568428039550781,15.61266803741455,10.625815391540527,10.372892379760742,13.155765533447266,7.253382205963135,7.358458995819092,7.655705451965332,0.7981705069541931,0.7644873857498169,0.8426340222358704,6.173736572265625,5.747782230377197,4.979996204376221,nan
10.400,1,99.13313293457031,126.86579132080078,115.64220428466797,197.54537963867188,197.08917236328125,194.56910705566406,0.13452892005443573,0.10685315728187561,0.13503047823905945,13.336273193359375,13.556010246276855,15.615221977233887,10.675271987915039,10.379182815551758,13.220276832580566,7.278039932250977,7.353546619415283,7.629096031188965,0.800468921661377,0.7656517624855042,0.8466275334358215,6.102077484130859,5.771495342254639,5.137720584869385,nan
10.450,1,99.13313293457031,126.86579132080078,115.64220428466797,197.54537963867188,197.08917236328125,194.56910705566406,0.13452892005443573,0.10685315728187561,0.13503047823905945,13.336273193359375,13.556010246276855,15.615221977233887,10.675271987915039,10.379182815551758,13.220276832580566,7.278039932250977,7.353546619415283,7.629096031188965,0.800468921661377,0.7656517624855042,0.8466275334358215,6.102077484130859,5.771495342254639,5.137720584869385,nan
10.500,1,99.13313293457031,126.86579132080078,115.64220428466797,197.54537963867188,197.08917236328125,194.56910705566406,0.13452892005443573,0.10685315728187561,0.13503047823905945,13.336273193359375,13.556010246276855,15.615221977233887,10.675271987915039,10.379182815551758,13.220276832580566,7.278039932250977,7.353546619415283,7.629096031188965,0.800468921661377,0.7656517624855042,0.8466275334358215,6.102077484130859,5.771495342254639,5.137720584869385,nan
10.550,1,99.13313293457031,126.86579132080078,115.64220428466797,197.54537963867188,197.08917236328125,194.56910705566406,0.13452892005443573,0.10685315728187561,0.13503047823905945,13.336273193359375,13.556010246276855,15.615221977233887,10.675271987915039,10.379182815551758,13.220276832580566,7.278039932250977,7.353546619415283,7.629096031188965,0.800468921661377,0.7656517624855042,0.8466275334358215,6.102077484130859,5.771495342254639,5.137720584869385,nan
10.600,1,99.10588073730469,126.92131805419922,115.63238525390625,197.6119842529297,197.0691375732422,194.553466796875,0.133822962641716,0.10577313601970673,0.13463672995567322,13.262642860412598,13.42486572265625,15.568366050720215,10.60842227935791,10.298392295837402,13.190730094909668,7.299969673156738,7.319262981414795,7.620250225067139,0.7998723983764648,0.7671132683753967,0.8472777605056763,6.084787845611572,5.6756696701049805,4.883797645568848,nan
10.650,1,99.10588073730469,126.92131805419922,115.63238525390625,197.6119842529297,197.0691375732422,194.553466796875,0.133822962641716,0.10577313601970673,0.13463672995567322,13.262642860412598,13.42486572265625,15.568366050720215,10.60842227935791,10.298392295837402,13.190730094909668,7.299969673156738,7.319262981414795,7.620250225067139,0.7998723983764648,0.7671132683753967,0.8472777605056763,6.084787845611572,5.6756696701049805,4.883797645568848,nan
10.700,1,99.10588073730469,126.92131805419922,115.63238525390625,197.6119842529297,197.0691375732422,194.553466796875,0.133822962641716,0.10577313601970673,0.13463672995567322,13.262642860412598,13.42486572265625,15.568366050720215,10.60842227935791,10.298392295837402,13.190730094909668,7.299969673156738,7.319262981414795,7.620250225067139,0.7998723983764648,0.7671132683753967,0.8472777605056763,6.084787845611572,5.6756696701049805,4.883797645568848,nan
10.750,1,99.10588073730469,126.92131805419922,115.63238525390625,197.6119842529297,197.0691375732422,194.553466796875,0.133822962641716,0.10577313601970673,0.13463672995567322,13.262642860412598,13.42486572265625,15.568366050720215,10.60842227935791,10.298392295837402,13.190730094909668,7.299969673156738,7.319262981414795,7.620250225067139,0.7998723983764648,0.7671132683753967,0.8472777605056763,6.084787845611572,5.6756696701049805,4.883797645568848,nan
10.800,1,98.3397445678711,128.04185485839844,115.5824966430664,197.5724334716797,197.0763397216797,194.66259765625,0.13189451396465302,0.10568717867136002,0.13550426065921783,12.970473289489746,13.532382011413574,15.661920547485352,10.559621810913086,10.564221382141113,13.30362606048584,6.900136947631836,7.1463165283203125,7.639859676361084,0.8141277432441711,0.7806623578071594,0.8494249582290649,6.20060920715332,5.7301554679870605,5.172365665435791,nan
10.850,1,98.3397445678711,128.04185485839844,115.5824966430664,197.5724334716797,197.0763397216797,194.66259765625,0.13189451396465302,0.10568717867136002,0.13550426065921783,12.970473289489746,13.532382011413574,15.661920547485352,10.559621810913086,10.564221382141113,13.30362606048584,6.900136947631836,7.1463165283203125,7.639859676361084,0.8141277432441711,0.7806623578071594,0.8494249582290649,6.20060920715332,5.7301554679870605,5.172365665435791,nan
10.900,1,98.3397445678711,128.04185485839844,115.5824966430664,197.5724334716797,197.0763397216797,194.66259765625,0.13189451396465302,0.10568717867136002,0.13550426065921783,12.970473289489746,13.532382011413574,15.661920547485352,10.559621810913086,10.564221382141113,13.30362606048584,6.900136947631836,7.1463165283203125,7.639859676361084,0.8141277432441711,0.7806623578071594,0.8494249582290649,6.20060920715332,5.7301554679870605,5.172365665435791,nan
10.950,1,98.3397445678711,128.04185485839844,115.5824966430664,197.5724334716797,197.0763397216797,194.66259765625,0.13189451396465302,0.10568717867136002,0.13550426065921783,12.970473289489746,13.532382011413574,15.661920547485352,10.559621810913086,10.564221382141113,13.30362606048584,6.900136947631836,7.1463165283203125,7.639859676361084,0.8141277432441711,0.7806623578071594,0.8494249582290649,6.20060920715332,5.7301554679870605,5.172365665435791,nan
11.000,1,97.84123229980469,128.73318481445312,115.51139831542969,197.50167846679688,197.00941467285156,194.6917266845703,0.1292455941438675,0.10552482306957245,0.13495811820030212,12.645547866821289,13.584546089172363,15.589200973510742,10.431882858276367,10.755108833312988,13.211525917053223,6.507856369018555,6.9864182472229,7.658761501312256,0.8249450922012329,0.791716456413269,0.8474793434143066,6.044248104095459,5.794027805328369,5.040730953216553,nan
11.050,1,97.84123229980469,128.73318481445312,115.51139831542969,197.50167846679688,197.00941467285156,194.6917266845703,0.1292455941438675,0.10552482306957245,0.13495811820030212,12.645547866821289,13.584546089172363,15.589200973510742,10.431882858276367,10.755108833312988,13.211525917053223,6.507856369018555,6.9864182472229,7.658761501312256,0.8249450922012329,0.791716456413269,0.8474793434143066,6.044248104095459,5.794027805328369,5.040730953216553,nan
11.100,1,97.84123229980469,128.73318481445312,115.51139831542969,197.50167846679688,197.00941467285156,194.6917266845703,0.1292455941438675,0.10552482306957245,0.13495811820030212,12.645547866821289,13.584546089172363,15.589200973510742,10.431882858276367,10.755108833312988,13.211525917053223,6.507856369018555,6.9864182472229,7.658761501312256,0.8249450922012329,0.791716456413269,0.8474793434143066,6.044248104095459,5.794027805328369,5.040730953216553,nan
11.150,1,97.84123229980469,128.73318481445312,115.51139831542969,197.50167846679688,197.00941467285156,194.6917266845703,0.1292455941438675,0.10552482306957245,0.13495811820030212,12.645547866821289,13.584546089172363,15.589200973510742,10.431882858276367,10.755108833312988,13.211525917053223,6.507856369018555,6.9864182472229,7.658761501312256,0.8249450922012329,0.791716456413269,0.8474793434143066,6.044248104095459,5.794027805328369,5.040730953216553,nan
11.200,0,99.1404037475586,126.91334533691406,115.75881958007812,197.6250762939453,197.15118408203125,194.71617126464844,0.13343146443367004,0.10537242889404297,0.13357217609882355,13.228448867797852,13.373167037963867,15.462157249450684,10.686873435974121,10.356992721557617,13.19306468963623,7.065161228179932,7.174242973327637,7.391656875610352,0.8078705072402954,0.7744607329368591,0.853248655796051,6.2366437911987305,5.742733001708984,5.048182964324951,nan
11.250,0,99.1404037475586,126.91334533691406,115.75881958007812,197.6250762939453,197.15118408203125,194.71617126464844,0.13343146443367004,0.10537242889404297,0.13357217609882355,13.228448867797852,13.373167037963867,15.462157249450684,10.686873435974121,10.356992721557617,13.19306468963623,7.065161228179932,7.174242973327637,7.391656875610352,0.8078705072402954,0.7744607329368591,0.853248655796051,6.2366437911987305,5.742733001708984,5.048182964324951,nan
11.300,0,99.1404037475586,126.91334533691406,115.75881958007812,197.6250762939453,197.15118408203125,194.71617126464844,0.13343146443367004,0.10537242889404297,0.13357217609882355,13.228448867797852,13.373167037963867,15.462157249450684,10.686873435974121,10.356992721557617,13.19306468963623,7.065161228179932,7.174242973327637,7.391656875610352,0.8078705072402954,0.7744607329368591,0.853248655796051,6.2366437911987305,5.742733001708984,5.048182964324951,nan
11.350,0,99.1404037475586,126.91334533691406,115.75881958007812,197.6250762939453,197.15118408203125,194.71617126464844,0.13343146443367004,0.10537242889404297,0.13357217609882355,13.228448867797852,13.373167037963867,15.462157249450684,10.686873435974121,10.356992721557617,13.19306468963623,7.065161228179932,7.174242973327637,7.391656875610352,0.8078705072402954,0.7744607329368591,0.853248655796051,6.2366437911987305,5.742733001708984,5.048182964324951,nan
11.400,0,99.16492462158203,126.9134521484375,115.68997955322266,197.59402465820312,197.1732940673828,194.65304565429688,0.13225454092025757,0.10509651899337769,0.1340426355600357,13.115011215209961,13.338162422180176,15.507390022277832,10.559284210205078,10.407533645629883,13.197951316833496,7.097047328948975,7.1082587242126465,7.552402973175049,0.8051296472549438,0.7802824378013611,0.8510749340057373,6.087325096130371,5.793459892272949,5.036518573760986,nan
11.450,0,99.16492462158203,126.9134521484375,115.68997955322266,197.59402465820312,197.1732940673828,194.65304565429688,0.13225454092025757,0.10509651899337769,0.1340426355600357,13.115011215209961,13.338162422180176,15.507390022277832,10.559284210205078,10.407533645629883,13.197951316833496,7.097047328948975,7.1082587242126465,7.552402973175049,0.8051296472549438,0.7802824378013611,0.8510749340057373,6.087325096130371,5.793459892272949,5.036518573760986,nan
11.500,0,99.16492462158203,126.9134521484375,115.68997955322266,197.59402465820312,197.1732940673828,194.65304565429688,0.13225454092025757,0.10509651899337769,0.1340426355600357,13.115011215209961,13.338162422180176,15.507390022277832,10.559284210205078,10.407533645629883,13.197951316833496,7.097047328948975,7.1082587242126465,7.552402973175049,0.8051296472549438,0.7802824378013611,0.8510749340057373,6.087325096130371,5.793459892272949,5.036518573760986,nan
11.550,0,99.16492462158203,126.9134521484375,115.68997955322266,197.59402465820312,197.1732940673828,194.65304565429688,0.13225454092025757,0.10509651899337769,0.1340426355600357,13.115011215209961,13.338162422180176,15.507390022277832,10.559284210205078,10.407533645629883,13.197951316833496,7.097047328948975,7.1082587242126465,7.552402973175049,0.8051296472549438,0.7802824378013611,0.8510749340057373,6.087325096130371,5.793459892272949,5.036518573760986,nan
11.600,0,99.1007308959961,126.91355895996094,115.68016815185547,197.5789031982422,197.13136291503906,194.59507751464844,0.13175928592681885,0.10497982054948807,0.1325187385082245,13.057441711425781,13.323362350463867,15.329790115356445,10.621726989746094,10.420889854431152,13.081235885620117,6.971553325653076,7.177220821380615,7.425270080566406,0.8134615421295166,0.7821516394615173,0.8533212542533875,6.094036102294922,5.673785209655762,4.773210525512695,nan
11.650,0,99.1007308959961,126.91355895996094,115.68016815185547,197.5789031982422,197.13136291503906,194.59507751464844,0.13175928592681885,0.10497982054948807,0.1325187385082245,13.057441711425781,13.323362350463867,15.329790115356445,10.621726989746094,10.420889854431152,13.081235885620117,6.971553325653076,7.177220821380615,7.425270080566406,0.8134615421295166,0.7821516394615173,0.8533212542533875,6.094036102294922,5.673785209655762,4.773210525512695,nan
11.700,0,99.1007308959961,126.91355895996094,115.68016815185547,197.5789031982422,197.13136291503906,194.59507751464844,0.13175928592681885,0.10497982054948807,0.1325187385082245,13.057441711425781,13.323362350463867,15.329790115356445,10.621726989746094,10.420889854431152,13.081235885620117,6.971553325653076,7.177220821380615,7.425270080566406,0.8134615421295166,0.7821516394615173,0.8533212542533875,6.094036102294922,5.673785209655762,4.773210525512695,nan
11.750,0,99.1007308959961,126.91355895996094,115.68016815185547,197.5789031982422,197.13136291503906,194.59507751464844,0.13175928592681885,0.10497982054948807,0.1325187385082245,13.057441711425781,13.323362350463867,15.329790115356445,10.621726989746094,10.420889854431152,13.081235885620117,6.971553325653076,7.177220821380615,7.425270080566406,0.8134615421295166,0.7821516394615173,0.8533212542533875,6.094036102294922,5.673785209655762,4.773210525512695,nan
11.800,0,99.12928009033203,126.87884521484375,115.69737243652344,197.5353546142578,197.17230224609375,194.61976623535156,0.1321435421705246,0.10492082685232162,0.13387328386306763,13.099294662475586,13.312232971191406,15.488787651062012,10.591936111450195,10.393926620483398,13.214607238769531,7.09138298034668,7.117403507232666,7.501705646514893,0.8085882663726807,0.7807800769805908,0.8531724810600281,6.077552318572998,5.7120747566223145,4.999662399291992,nan
11.850,0,99.12928009033203,126.87884521484375,115.69737243652344,197.5353546142578,197.17230224609375,194.61976623535156,0.1321435421705246,0.10492082685232162,0.13387328386306763,13.099294662475586,13.312232971191406,15.488787651062012,10.591936111450195,10.393926620483398,13.214607238769531,7.09138298034668,7.117403507232666,7.501705646514893,0.8085882663726807,0.7807800769805908,0.8531724810600281,6.077552318572998,5.7120747566223145,4.999662399291992,nan
11.900,0,99.12928009033203,126.87884521484375,115.69737243652344,197.5353546142578,197.17230224609375,194.61976623535156,0.1321435421705246,0.10492082685232162,0.13387328386306763,13.099294662475586,13.312232971191406,15.488787651062012,10.591936111450195,10.393926620483398,13.214607238769531,7.09138298034668,7.117403507232666,7.501705646514893,0.8085882663726807,0.7807800769805908,0.8531724810600281,6.077552318572998,5.7120747566223145,4.999662399291992,nan
11.950,0,99.12928009033203,126.87884521484375,115.69737243652344,197.5353546142578,197.17230224609375,194.61976623535156,0.1321435421705246,0.10492082685232162,0.13387328386306763,13.099294662475586,13.312232971191406,15.488787651062012,10.591936111450195,10.393926620483398,13.214607238769531,7.09138298034668,7.117403507232666,7.501705646514893,0.8085882663726807,0.7807800769805908,0.8531724810600281,6.077552318572998,5.7120747566223145,4.999662399291992,nan
12.000,0,99.11695098876953,126.87409973144531,115.69087982177734,197.5126953125,197.0998077392578,194.6519775390625,0.13318130373954773,0.10682924091815948,0.1334201544523239,13.20052433013916,13.553863525390625,15.435495376586914,10.685503959655762,10.450041770935059,13.05843734741211,7.047069549560547,7.345343112945557,7.520771503448486,0.8094757199287415,0.7710009813308716,0.8460005521774292,5.9683427810668945,5.73772668838501,4.813586711883545,nan
12.050,0,99.11695098876953,126.87409973144531,115.69087982177734,197.5126953125,197.0998077392578,194.6519775390625,0.13318130373954773,0.10682924091815948,0.1334201544523239,13.20052433013916,13.553863525390625,15.435495376586914,10.685503959655762,10.450041770935059,13.05843734741211,7.047069549560547,7.345343112945557,7.520771503448486,0.8094757199287415,0.7710009813308716,0.8460005521774292,5.9683427810668945,5.73772668838501,4.813586711883545,nan
12.100,0,99.11695098876953,126.87409973144531,115.69087982177734,197.5126953125,197.0998077392578,194.6519775390625,0.13318130373954773,0.10682924091815948,0.1334201544523239,13.20052433013916,13.553863525390625,15.435495376586914,10.685503959655762,10.450041770935059,13.05843734741211,7.047069549560547,7.345343112945557,7.520771503448486,0.8094757199287415,0.7710009813308716,0.8460005521774292,5.9683427810668945,5.73772668838501,4.813586711883545,nan
12.150,0,99.11695098876953,126.87409973144531,115.69087982177734,197.5126953125,197.0998077392578,194.6519775390625,0.13318130373954773,0.10682924091815948,0.1334201544523239,13.20052433013916,13.553863525390625,15.435495376586914,10.685503959655762,10.450041770935059,13.05843734741211,7.047069549560547,7.345343112945557,7.520771503448486,0.8094757199287415,0.7710009813308716,0.8460005521774292,5.9683427810668945,5.73772668838501,4.813586711883545,nan
12.200,0,99.13990783691406,126.85421752929688,115.70903015136719,197.54672241210938,197.11785888671875,194.65638732910156,0.13332383334636688,0.10599985718727112,0.13408297300338745,13.21771240234375,13.446529388427734,15.514610290527344,10.627647399902344,10.41033935546875,13.163933753967285,7.1277923583984375,7.2387871742248535,7.556313514709473,0.8040459156036377,0.7742027044296265,0.8484862446784973,6.145658016204834,5.670897483825684,4.965784549713135,nan
12.250,0,99.13990783691406,126.85421752929688,115.70903015136719,197.54672241210938,197.11785888671875,194.65638732910156,0.13332383334636688,0.10599985718727112,0.13408297300338745,13.21771240234375,13.446529388427734,15.514610290527344,10.627647399902344,10.41033935546875,13.163933753967285,7.1277923583984375,7.2387871742248535,7.556313514709473,0.8040459156036377,0.7742027044296265,0.8484862446784973,6.145658016204834,5.670897483825684,4.965784549713135,nan
12.300,0,99.13990783691406,126.85421752929688,115.70903015136719,197.54672241210938,197.11785888671875,194.65638732910156,0.13332383334636688,0.10599985718727112,0.13408297300338745,13.21771240234375,13.446529388427734,15.514610290527344,10.627647399902344,10.41033935546875,13.163933753967285,7.1277923583984375,7.2387871742248535,7.556313514709473,0.8040459156036377,0.7742027044296265,0.8484862446784973,6.145658016204834,5.670897483825684,4.965784549713135,nan
12.350,0,99.13990783691406,126.85421752929688,115.70903015136719,197.54672241210938,197.11785888671875,194.65638732910156,0.13332383334636688,0.10599985718727112,0.13408297300338745,13.21771240234375,13.446529388427734,15.514610290527344,10.627647399902344,10.41033935546875,13.163933753967285,7.1277923583984375,7.2387871742248535,7.556313514709473,0.8040459156036377,0.7742027044296265,0.8484862446784973,6.145658016204834,5.670897483825684,4.965784549713135,nan
12.400,0,99.10920715332031,126.91699981689453,115.66459655761719,197.55043029785156,197.1641082763672,194.57591247558594,0.1329406201839447,0.10549753159284592,0.13384100794792175,13.175639152526855,13.389430046081543,15.480666160583496,10.602505683898926,10.353288650512695,13.165719032287598,7.128779411315918,7.210043430328369,7.5185546875,0.8047052025794983,0.7732434272766113,0.850462019443512,6.052341938018799,5.806232452392578,4.934194564819336,nan
12.450,0,99.10920715332031,126.91699981689453,115.66459655761719,197.55043029785156,197.1641082763672,194.57591247558594,0.1329406201839447,0.10549753159284592,0.13384100794792175,13.175639152526855,13.389430046081543,15.480666160583496,10.602505683898926,10.353288650512695,13.165719032287598,7.128779411315918,7.210043430328369,7.5185546875,0.8047052025794983,0.7732434272766113,0.850462019443512,6.052341938018799,5.806232452392578,4.934194564819336,nan
12.500,0,99.10920715332031,126.91699981689453,115.66459655761719,197.55043029785156,197.1641082763672,194.57591247558594,0.1329406201839447,0.10549753159284592,0.13384100794792175,13.175639152526855,13.389430046081543,15.480666160583496,10.602505683898926,10.353288650512695,13.165719032287598,7.128779411315918,7.210043430328369,7.5185546875,0.8047052025794983,0.7732434272766113,0.850462019443512,6.052341938018799,5.806232452392578,4.934194564819336,nan
12.550,0,99.10920715332031,126.91699981689453,115.66459655761719,197.55043029785156,197.1641082763672,194.57591247558594,0.1329406201839447,0.10549753159284592,0.13384100794792175,13.175639152526855,13.389430046081543,15.480666160583496,10.602505683898926,10.353288650512695,13.165719032287598,7.128779411315918,7.210043430328369,7.5185546875,0.8047052025794983,0.7732434272766113,0.850462019443512,6.052341938018799,5.806232452392578,4.934194564819336,nan
12.600,0,99.07378387451172,126.9427490234375,115.71640014648438,197.5901641845703,197.2343292236328,194.5664825439453,0.13300006091594696,0.10523824393749237,0.1335591971874237,13.17681884765625,13.359231948852539,15.454989433288574,10.675092697143555,10.364219665527344,13.195436477661133,7.087119102478027,7.204195499420166,7.4087324142456055,0.8101418614387512,0.7758095264434814,0.8537978529930115,6.240751266479492,5.755554676055908,4.902881145477295,nan
12.650,0,99.07378387451172,126.9427490234375,115.71640014648438,197.5901641845703,197.2343292236328,194.5664825439453,0.13300006091594696,0.10523824393749237,0.1335591971874237,13.17681884765625,13.359231948852539,15.454989433288574,10.675092697143555,10.364219665527344,13.195436477661133,7.087119102478027,7.204195499420166,7.4087324142456055,0.8101418614387512,0.7758095264434814,0.8537978529930115,6.240751266479492,5.755554676055908,4.902881145477295,nan
12.700,0,99.07378387451172,126.9427490234375,115.71640014648438,197.5901641845703,197.2343292236328,194.5664825439453,0.13300006091594696,0.10523824393749237,0.1335591971874237,13.17681884765625,13.359231948852539,15.454989433288574,10.675092697143555,10.364219665527344,13.195436477661133,7.087119102478027,7.204195499420166,7.4087324142456055,0.8101418614387512,0.7758095264434814,0.8537978529930115,6.240751266479492,5.755554676055908,4.902881145477295,nan
12.750,0,99.07378387451172,126.9427490234375,115.71640014648438,197.5901641845703,197.2343292236328,194.5664825439453,0.13300006091594696,0.10523824393749237,0.1335591971874237,13.17681884765625,13.359231948852539,15.454989433288574,10.675092697143555,10.364219665527344,13.195436477661133,7.087119102478027,7.204195499420166,7.4087324142456055,0.8101418614387512,0.7758095264434814,0.8537978529930115,6.240751266479492,5.755554676055908,4.902881145477295,nan
12.800,0,99.08197021484375,126.905029296875,115.68177795410156,197.51927185058594,197.22010803222656,194.5325469970703,0.1333404779434204,0.10531336814165115,0.13390743732452393,13.211637496948242,13.364795684814453,15.490650177001953,10.64301872253418,10.28311538696289,13.201333045959473,7.152177810668945,7.208252429962158,7.419656276702881,0.8055790662765503,0.7694180607795715,0.8522129654884338,6.215987682342529,5.855918884277344,5.070162296295166,nan
12.850,0,99.08197021484375,126.905029296875,115.68177795410156,197.51927185058594,197.22010803222656,194.5325469970703,0.1333404779434204,0.10531336814165115,0.13390743732452393,13.211637496948242,13.364795684814453,15.490650177001953,10.64301872253418,10.28311538696289,13.201333045959473,7.152177810668945,7.208252429962158,7.419656276702881,0.8055790662765503,0.7694180607795715,0.8522129654884338,6.215987682342529,5.855918884277344,5.070162296295166,nan
12.900,0,99.08197021484375,126.905029296875,115.68177795410156,197.51927185058594,197.22010803222656,194.5325469970703,0.1333404779434204,0.10531336814165115,0.13390743732452393,13.211637496948242,13.364795684814453,15.490650177001953,10.64301872253418,10.28311538696289,13.201333045959473,7.152177810668945,7.208252429962158,7.419656276702881,0.8055790662765503,0.7694180607795715,0.8522129654884338,6.215987682342529,5.855918884277344,5.070162296295166,nan
12.950,0,99.08197021484375,126.905029296875,115.68177795410156,197.51927185058594,197.22010803222656,194.5325469970703,0.1333404779434204,0.10531336814165115,0.13390743732452393,13.211637496948242,13.364795684814453,15.490650177001953,10.64301872253418,10.28311538696289,13.201333045959473,7.152177810668945,7.208252429962158,7.419656276702881,0.8055790662765503,0.7694180607795715,0.8522129654884338,6.215987682342529,5.855918884277344,5.070162296295166,nan
13.000,0,99.08634185791016,126.92475128173828,115.70954895019531,197.5533447265625,197.18875122070312,194.60597229003906,0.13435325026512146,0.10689404606819153,0.13421565294265747,13.312572479248047,13.567500114440918,15.530033111572266,10.683049201965332,10.335366249084473,13.139464378356934,7.191917419433594,7.367574691772461,7.5221171379089355,0.8024781942367554,0.7617738246917725,0.8460680246353149,6.156906604766846,5.849971294403076,4.883900165557861,nan
13.050,0,99.08634185791016,126.92475128173828,115.70954895019531,197.5533447265625,197.18875122070312,194.60597229003906,0.13435325026512146,0.10689404606819153,0.13421565294265747,13.312572479248047,13.567500114440918,15.530033111572266,10.683049201965332,10.335366249084473,13.139464378356934,7.191917419433594,7.367574691772461,7.5221171379089355,0.8024781942367554,0.7617738246917725,0.8460680246353149,6.156906604766846,5.849971294403076,4.883900165557861,nan
13.100,0,99.08634185791016,126.92475128173828,115.70954895019531,197.5533447265625,197.18875122070312,194.60597229003906,0.13435325026512146,0.10689404606819153,0.13421565294265747,13.312572479248047,13.567500114440918,15.530033111572266,10.683049201965332,10.335366249084473,13.139464378356934,7.191917419433594,7.367574691772461,7.5221171379089355,0.8024781942367554,0.7617738246917725,0.8460680246353149,6.156906604766846,5.849971294403076,4.883900165557861,nan
13.150,0,99.08634185791016,126.92475128173828,115.70954895019531,197.5533447265625,197.18875122070312,194.60597229003906,0.13435325026512146,0.10689404606819153,0.13421565294265747,13.312572479248047,13.567500114440918,15.530033111572266,10.683049201965332,10.335366249084473,13.139464378356934,7.191917419433594,7.367574691772461,7.5221171379089355,0.8024781942367554,0.7617738246917725,0.8460680246353149,6.156906604766846,5.849971294403076,4.883900165557861,nan
13.200,0,99.13040924072266,126.93099212646484,115.72293853759766,197.62054443359375,197.23851013183594,194.61474609375,0.13601981103420258,0.10725567489862442,0.13571923971176147,13.483699798583984,13.614068984985352,15.705829620361328,10.688972473144531,10.285097122192383,13.275721549987793,7.433215618133545,7.453161239624023,7.660737991333008,0.7927328944206238,0.755475640296936,0.845273494720459,6.2758026123046875,5.811450004577637,5.1078901290893555,nan
13.250,0,99.13040924072266,126.93099212646484,115.72293853759766,197.62054443359375,197.23851013183594,194.61474609375,0.13601981103420258,0.10725567489862442,0.13571923971176147,13.483699798583984,13.614068984985352,15.705829620361328,10.688972473144531,10.285097122192383,13.275721549987793,7.433215618133545,7.453161239624023,7.660737991333008,0.7927328944206238,0.755475640296936,0.845273494720459,6.2758026123046875,5.811450004577637,5.1078901290893555,nan
13.300,0,99.13040924072266,126.93099212646484,115.72293853759766,197.62054443359375,197.23851013183594,194.61474609375,0.13601981103420258,0.10725567489862442,0.13571923971176147,13.483699798583984,13.614068984985352,15.705829620361328,10.688972473144531,10.285097122192383,13.275721549987793,7.433215618133545,7.453161239624023,7.660737991333008,0.7927328944206238,0.755475640296936,0.845273494720459,6.2758026123046875,5.811450004577637,5.1078901290893555,nan
13.350,0,99.13040924072266,126.93099212646484,115.72293853759766,197.62054443359375,197.23851013183594,194.61474609375,0.13601981103420258,0.10725567489862442,0.13571923971176147,13.483699798583984,13.614068984985352,15.705829620361328,10.688972473144531,10.285097122192383,13.275721549987793,7.433215618133545,7.453161239624023,7.660737991333008,0.7927328944206238,0.755475640296936,0.845273494720459,6.2758026123046875,5.811450004577637,5.1078901290893555,nan
13.400,0,99.10755920410156,126.97513580322266,115.68067169189453,197.6199951171875,197.24424743652344,194.56300354003906,0.13412374258041382,0.10624123364686966,0.13453678786754608,13.29267692565918,13.489995002746582,15.563305854797363,10.645208358764648,10.336852073669434,13.211379051208496,7.2854228019714355,7.350789546966553,7.607281684875488,0.8008325695991516,0.7662606239318848,0.8488799929618835,6.140909671783447,5.85465145111084,4.933847904205322,nan
13.450,0,99.10755920410156,126.97513580322266,115.68067169189453,197.6199951171875,197.24424743652344,194.56300354003906,0.13412374258041382,0.10624123364686966,0.13453678786754608,13.29267692565918,13.489995002746582,15.563305854797363,10.645208358764648,10.336852073669434,13.211379051208496,7.2854228019714355,7.350789546966553,7.607281684875488,0.8008325695991516,0.7662606239318848,0.8488799929618835,6.140909671783447,5.85465145111084,4.933847904205322,nan
13.500,0,99.10755920410156,126.97513580322266,115.68067169189453,197.6199951171875,197.24424743652344,194.56300354003906,0.13412374258041382,0.10624123364686966,0.13453678786754608,13.29267692565918,13.489995002746582,15.563305854797363,10.645208358764648,10.336852073669434,13.211379051208496,7.2854228019714355,7.350789546966553,7.607281684875488,0.8008325695991516,0.7662606239318848,0.8488799929618835,6.140909671783447,5.85465145111084,4.933847904205322,nan
13.550,0,99.10755920410156,126.97513580322266,115.68067169189453,197.6199951171875,197.24424743652344,194.56300354003906,0.13412374258041382,0.10624123364686966,0.13453678786754608,13.29267692565918,13.489995002746582,15.563305854797363,10.645208358764648,10.336852073669434,13.211379051208496,7.2854228019714355,7.350789546966553,7.607281684875488,0.8008325695991516,0.7662606239318848,0.8488799929618835,6.140909671783447,5.85465145111084,4.933847904205322,nan
13.600,0,99.11087036132812,126.9833984375,115.73101806640625,197.66831970214844,197.2898712158203,194.59860229492188,0.1334298700094223,0.10569248348474503,0.13407021760940552,13.224350929260254,13.421191215515137,15.516082763671875,10.642443656921387,10.364239692687988,13.201062202453613,7.180265426635742,7.264826774597168,7.517358779907227,0.8047611117362976,0.7722294926643372,0.8507986664772034,6.217240810394287,5.718291759490967,4.883459568023682,nan
13.650,0,99.11087036132812,126.9833984375,115.73101806640625,197.66831970214844,197.2898712158203,194.59860229492188,0.1334298700094223,0.10569248348474503,0.13407021760940552,13.224350929260254,13.421191215515137,15.516082763671875,10.642443656921387,10.364239692687988,13.201062202453613,7.180265426635742,7.264826774597168,7.517358779907227,0.8047611117362976,0.7722294926643372,0.8507986664772034,6.217240810394287,5.718291759490967,4.883459568023682,nan
13.700,0,99.11087036132812,126.9833984375,115.73101806640625,197.66831970214844,197.2898712158203,194.59860229492188,0.1334298700094223,0.10569248348474503,0.13407021760940552,13.224350929260254,13.421191215515137,15.516082763671875,10.642443656921387,10.364239692687988,13.201062202453613,7.180265426635742,7.264826774597168,7.517358779907227,0.8047611117362976,0.7722294926643372,0.8507986664772034,6.217240810394287,5.718291759490967,4.883459568023682,nan
13.750,0,99.11087036132812,126.9833984375,115.73101806640625,197.66831970214844,197.2898712158203,194.59860229492188,0.1334298700094223,0.10569248348474503,0.13407021760940552,13.224350929260254,13.421191215515137,15.516082763671875,10.642443656921387,10.364239692687988,13.201062202453613,7.180265426635742,7.264826774597168,7.517358779907227,0.8047611117362976,0.7722294926643372,0.8507986664772034,6.217240810394287,5.718291759490967,4.883459568023682,nan
13.800,0,99.112060546875,126.96187591552734,115.68505096435547,197.60638427734375,197.27459716796875,194.55140686035156,0.13327588140964508,0.10599173605442047,0.13295257091522217,13.209247589111328,13.4569091796875,15.380624771118164,10.698336601257324,10.351738929748535,13.100284576416016,7.090095520019531,7.332878589630127,7.414265155792236,0.8099126219749451,0.7692508697509766,0.8517394065856934,6.056772232055664,5.727635383605957,4.946293830871582,nan
13.850,0,99.112060546875,126.96187591552734,115.68505096435547,197.60638427734375,197.27459716796875,194.55140686035156,0.13327588140964508,0.10599173605442047,0.13295257091522217,13.209247589111328,13.4569091796875,15.380624771118164,10.698336601257324,10.351738929748535,13.100284576416016,7.090095520019531,7.332878589630127,7.414265155792236,0.8099126219749451,0.7692508697509766,0.8517394065856934,6.056772232055664,5.727635383605957,4.946293830871582,nan
13.900,0,99.112060546875,126.96187591552734,115.68505096435547,197.60638427734375,197.27459716796875,194.55140686035156,0.13327588140964508,0.10599173605442047,0.13295257091522217,13.209247589111328,13.4569091796875,15.380624771118164,10.698336601257324,10.351738929748535,13.100284576416016,7.090095520019531,7.332878589630127,7.414265155792236,0.8099126219749451,0.7692508697509766,0.8517394065856934,6.056772232055664,5.727635383605957,4.946293830871582,nan
13.950,0,99.112060546875,126.96187591552734,115.68505096435547,197.60638427734375,197.27459716796875,194.55140686035156,0.13327588140964508,0.10599173605442047,0.13295257091522217,13.209247589111328,13.4569091796875,15.380624771118164,10.698336601257324,10.351738929748535,13.100284576416016,7.090095520019531,7.332878589630127,7.414265155792236,0.8099126219749451,0.7692508697509766,0.8517394065856934,6.056772232055664,5.727635383605957,4.946293830871582,nan
14.000,0,99.12745666503906,126.94821166992188,115.71694946289062,197.6216583251953,197.1936798095703,194.65869140625,0.13353672623634338,0.10648366063833237,0.13398118317127228,13.23715591430664,13.51791000366211,15.503893852233887,10.654208183288574,10.383135795593262,13.143999099731445,7.116567611694336,7.270966053009033,7.500342845916748,0.8048713803291321,0.7681021690368652,0.8477869629859924,5.995585918426514,5.632171154022217,4.709493637084961,nan
14.050,0,99.12745666503906,126.94821166992188,115.71694946289062,197.6216583251953,197.1936798095703,194.65869140625,0.13353672623634338,0.10648366063833237,0.13398118317127228,13.23715591430664,13.51791000366211,15.503893852233887,10.654208183288574,10.383135795593262,13.143999099731445,7.116567611694336,7.270966053009033,7.500342845916748,0.8048713803291321,0.7681021690368652,0.8477869629859924,5.995585918426514,5.632171154022217,4.709493637084961,nan
14.100,0,99.12745666503906,126.94821166992188,115.71694946289062,197.6216583251953,197.1936798095703,194.65869140625,0.13353672623634338,0.10648366063833237,0.13398118317127228,13.23715591430664,13.51791000366211,15.503893852233887,10.654208183288574,10.383135795593262,13.143999099731445,7.116567611694336,7.270966053009033,7.500342845916748,0.8048713803291321,0.7681021690368652,0.8477869629859924,5.995585918426514,5.632171154022217,4.709493637084961,nan
14.150,0,99.12745666503906,126.94821166992188,115.71694946289062,197.6216583251953,197.1936798095703,194.65869140625,0.13353672623634338,0.10648366063833237,0.13398118317127228,13.23715591430664,13.51791000366211,15.503893852233887,10.654208183288574,10.383135795593262,13.143999099731445,7.116567611694336,7.270966053009033,7.500342845916748,0.8048713803291321,0.7681021690368652,0.8477869629859924,5.995585918426514,5.632171154022217,4.709493637084961,nan
14.200,0,99.17271423339844,126.9601058959961,115.73991394042969,197.67630004882812,197.28323364257812,194.667724609375,0.13423429429531097,0.1062055230140686,0.13365396857261658,13.312378883361816,13.483864784240723,15.469099044799805,10.714855194091797,10.313315391540527,13.178264617919922,7.179708480834961,7.333206653594971,7.440057754516602,0.8048790693283081,0.7648634314537048,0.8519089818000793,6.0770039558410645,5.661904811859131,4.9502410888671875,nan
14.250,0,99.17271423339844,126.9601058959961,115.73991394042969,197.67630004882812,197.28323364257812,194.667724609375,0.13423429429531097,0.1062055230140686,0.13365396857261658,13.312378883361816,13.483864784240723,15.469099044799805,10.714855194091797,10.313315391540527,13.178264617919922,7.179708480834961,7.333206653594971,7.440057754516602,0.8048790693283081,0.7648634314537048,0.8519089818000793,6.0770039558410645,5.661904811859131,4.9502410888671875,nan
14.300,0,99.17271423339844,126.9601058959961,115.73991394042969,197.67630004882812,197.28323364257812,194.667724609375,0.13423429429531097,0.1062055230140686,0.13365396857261658,13.312378883361816,13.483864784240723,15.469099044799805,10.714855194091797,10.313315391540527,13.178264617919922,7.179708480834961,7.333206653594971,7.440057754516602,0.8048790693283081,0.7648634314537048,0.8519089818000793,6.0770039558410645,5.661904811859131,4.9502410888671875,nan
14.350,0,99.17271423339844,126.9601058959961,115.73991394042969,197.67630004882812,197.28323364257812,194.667724609375,0.13423429429531097,0.1062055230140686,0.13365396857261658,13.312378883361816,13.483864784240723,15.469099044799805,10.714855194091797,10.313315391540527,13.178264617919922,7.179708480834961,7.333206653594971,7.440057754516602,0.8048790693283081,0.7648634314537048,0.8519089818000793,6.0770039558410645,5.661904811859131,4.9502410888671875,nan
14.400,0,99.12220001220703,126.98809051513672,115.69232177734375,197.64627075195312,197.25509643554688,194.5934600830078,0.13298417627811432,0.10656049847602844,0.13407555222511292,13.181684494018555,13.531913757324219,15.51151180267334,10.627223014831543,10.444441795349121,13.125093460083008,7.089865684509277,7.27006721496582,7.549952030181885,0.8062112927436829,0.7718377709388733,0.8461517691612244,5.9670867919921875,5.718133926391602,4.765407562255859,nan
14.450,0,99.12220001220703,126.98809051513672,115.69232177734375,197.64627075195312,197.25509643554688,194.5934600830078,0.13298417627811432,0.10656049847602844,0.13407555222511292,13.181684494018555,13.531913757324219,15.51151180267334,10.627223014831543,10.444441795349121,13.125093460083008,7.089865684509277,7.27006721496582,7.549952030181885,0.8062112927436829,0.7718377709388733,0.8461517691612244,5.9670867919921875,5.718133926391602,4.765407562255859,nan
14.500,0,99.12220001220703,126.98809051513672,115.69232177734375,197.64627075195312,197.25509643554688,194.5934600830078,0.13298417627811432,0.10656049847602844,0.13407555222511292,13.181684494018555,13.531913757324219,15.51151180267334,10.627223014831543,10.444441795349121,13.125093460083008,7.089865684509277,7.27006721496582,7.549952030181885,0.8062112927436829,0.7718377709388733,0.8461517691612244,5.9670867919921875,5.718133926391602,4.765407562255859,nan
14.550,0,99.12220001220703,126.98809051513672,115.69232177734375,197.64627075195312,197.25509643554688,194.5934600830078,0.13298417627811432,0.10656049847602844,0.13407555222511292,13.181684494018555,13.531913757324219,15.51151180267334,10.627223014831543,10.444441795349121,13.125093460083008,7.089865684509277,7.27006721496582,7.549952030181885,0.8062112927436829,0.7718377709388733,0.8461517691612244,5.9670867919921875,5.718133926391602,4.765407562255859,nan
14.600,0,99.07350158691406,127.02481842041016,115.6836166381836,197.65647888183594,197.29258728027344,194.5250244140625,0.13362230360507965,0.1060524508357048,0.13442973792552948,13.238429069519043,13.471293449401855,15.551318168640137,10.616909980773926,10.339655876159668,13.187751770019531,7.1679511070251465,7.237215518951416,7.496655464172363,0.8019765615463257,0.7675325274467468,0.8480150699615479,6.039668083190918,5.669139385223389,4.692135810852051,nan
14.650,0,99.07350158691406,127.02481842041016,115.6836166381836,197.65647888183594,197.29258728027344,194.5250244140625,0.13362230360507965,0.1060524508357048,0.13442973792552948,13.238429069519043,13.471293449401855,15.551318168640137,10.616909980773926,10.339655876159668,13.187751770019531,7.1679511070251465,7.237215518951416,7.496655464172363,0.8019765615463257,0.7675325274467468,0.8480150699615479,6.039668083190918,5.669139385223389,4.692135810852051,nan
14.700,0,99.07350158691406,127.02481842041016,115.6836166381836,197.65647888183594,197.29258728027344,194.5250244140625,0.13362230360507965,0.1060524508357048,0.13442973792552948,13.238429069519043,13.471293449401855,15.551318168640137,10.616909980773926,10.339655876159668,13.187751770019531,7.1679511070251465,7.237215518951416,7.496655464172363,0.8019765615463257,0.7675325274467468,0.8480150699615479,6.039668083190918,5.669139385223389,4.692135810852051,nan
14.750,0,99.07350158691406,127.02481842041016,115.6836166381836,197.65647888183594,197.29258728027344,194.5250244140625,0.13362230360507965,0.1060524508357048,0.13442973792552948,13.238429069519043,13.471293449401855,15.551318168640137,10.616909980773926,10.339655876159668,13.187751770019531,7.1679511070251465,7.237215518951416,7.496655464172363,0.8019765615463257,0.7675325274467468,0.8480150699615479,6.039668083190918,5.669139385223389,4.692135810852051,nan
14.800,0,99.09255981445312,126.99371337890625,115.7392349243164,197.64353942871094,197.2830352783203,194.6176300048828,0.13369539380073547,0.10764571279287338,0.13325755298137665,13.248218536376953,13.670329093933105,15.423127174377441,10.690489768981934,10.424515724182129,13.029967308044434,7.060832500457764,7.402465343475342,7.484377861022949,0.8069379329681396,0.7625650763511658,0.8448330163955688,6.1309003829956055,5.7245941162109375,4.741698265075684,nan
14.850,0,99.09255981445312,126.99371337890625,115.7392349243164,197.64353942871094,197.2830352783203,194.6176300048828,0.13369539380073547,0.10764571279287338,0.13325755298137665,13.248218536376953,13.670329093933105,15.423127174377441,10.690489768981934,10.424515724182129,13.029967308044434,7.060832500457764,7.402465343475342,7.484377861022949,0.8069379329681396,0.7625650763511658,0.8448330163955688,6.1309003829956055,5.7245941162109375,4.741698265075684,nan
14.900,0,99.09255981445312,126.99371337890625,115.7392349243164,197.64353942871094,197.2830352783203,194.6176300048828,0.13369539380073547,0.10764571279287338,0.13325755298137665,13.248218536376953,13.670329093933105,15.423127174377441,10.690489768981934,10.424515724182129,13.029967308044434,7.060832500457764,7.402465343475342,7.484377861022949,0.8069379329681396,0.7625650763511658,0.8448330163955688,6.1309003829956055,5.7245941162109375,4.741698265075684,nan
14.950,0,99.09255981445312,126.99371337890625,115.7392349243164,197.64353942871094,197.2830352783203,194.6176300048828,0.13369539380073547,0.10764571279287338,0.13325755298137665,13.248218536376953,13.670329093933105,15.423127174377441,10.690489768981934,10.424515724182129,13.029967308044434,7.060832500457764,7.402465343475342,7.484377861022949,0.8069379329681396,0.7625650763511658,0.8448330163955688,6.1309003829956055,5.7245941162109375,4.741698265075684,nan
15.000,0,99.09463500976562,126.94775390625,115.75953674316406,197.6017303466797,197.255126953125,194.6481170654297,0.13444332778453827,0.10732979327440262,0.1350368708372116,13.322612762451172,13.625276565551758,15.631805419921875,10.654234886169434,10.397536277770996,13.188023567199707,7.23080587387085,7.356942653656006,7.617824554443359,0.7997106313705444,0.7631064653396606,0.8436660766601562,6.125559329986572,5.683368682861328,4.784764766693115,nan
15.050,0,99.09463500976562,126.94775390625,115.75953674316406,197.6017303466797,197.255126953125,194.6481170654297,0.13444332778453827,0.10732979327440262,0.1350368708372116,13.322612762451172,13.625276565551758,15.631805419921875,10.654234886169434,10.397536277770996,13.188023567199707,7.23080587387085,7.356942653656006,7.617824554443359,0.7997106313705444,0.7631064653396606,0.8436660766601562,6.125559329986572,5.683368682861328,4.784764766693115,nan
15.100,0,99.09463500976562,126.94775390625,115.75953674316406,197.6017303466797,197.255126953125,194.6481170654297,0.13444332778453827,0.10732979327440262,0.1350368708372116,13.322612762451172,13.625276565551758,15.631805419921875,10.654234886169434,10.397536277770996,13.188023567199707,7.23080587387085,7.356942653656006,7.617824554443359,0.7997106313705444,0.7631064653396606,0.8436660766601562,6.125559329986572,5.683368682861328,4.784764766693115,nan
15.150,0,99.09463500976562,126.94775390625,115.75953674316406,197.6017303466797,197.255126953125,194.6481170654297,0.13444332778453827,0.10732979327440262,0.1350368708372116,13.322612762451172,13.625276565551758,15.631805419921875,10.654234886169434,10.397536277770996,13.188023567199707,7.23080587387085,7.356942653656006,7.617824554443359,0.7997106313705444,0.7631064653396606,0.8436660766601562,6.125559329986572,5.683368682861328,4.784764766693115,nan
15.200,0,99.10975646972656,126.9609603881836,115.7564926147461,197.64572143554688,197.27662658691406,194.63507080078125,0.1340607851743698,0.10551344603300095,0.13467556238174438,13.286731719970703,13.396088600158691,15.589570999145508,10.617981910705566,10.273327827453613,13.249032974243164,7.241521835327148,7.221225261688232,7.499037265777588,0.7991417646408081,0.7668901085853577,0.8498651385307312,6.182843208312988,5.636749267578125,4.860453128814697,nan
15.250,0,99.10975646972656,126.9609603881836,115.7564926147461,197.64572143554688,197.27662658691406,194.63507080078125,0.1340607851743698,0.10551344603300095,0.13467556238174438,13.286731719970703,13.396088600158691,15.589570999145508,10.617981910705566,10.273327827453613,13.249032974243164,7.241521835327148,7.221225261688232,7.499037265777588,0.7991417646408081,0.7668901085853577,0.8498651385307312,6.182843208312988,5.636749267578125,4.860453128814697,nan
15.300,0,99.10975646972656,126.9609603881836,115.7564926147461,197.64572143554688,197.27662658691406,194.63507080078125,0.1340607851743698,0.10551344603300095,0.13467556238174438,13.286731719970703,13.396088600158691,15.589570999145508,10.617981910705566,10.273327827453613,13.249032974243164,7.241521835327148,7.221225261688232,7.499037265777588,0.7991417646408081,0.7668901085853577,0.8498651385307312,6.182843208312988,5.636749267578125,4.860453128814697,nan
15.350,0,99.10975646972656,126.9609603881836,115.7564926147461,197.64572143554688,197.27662658691406,194.63507080078125,0.1340607851743698,0.10551344603300095,0.13467556238174438,13.286731719970703,13.396088600158691,15.589570999145508,10.617981910705566,10.273327827453613,13.249032974243164,7.241521835327148,7.221225261688232,7.499037265777588,0.7991417646408081,0.7668901085853577,0.8498651385307312,6.182843208312988,5.636749267578125,4.860453128814697,nan
15.400,0,99.08895111083984,126.90255737304688,115.72602081298828,197.56295776367188,197.22171020507812,194.58444213867188,0.13245074450969696,0.10537336766719818,0.1333746612071991,13.124404907226562,13.372149467468262,15.434918403625488,10.619736671447754,10.410634994506836,13.161637306213379,7.026427745819092,7.142275333404541,7.432363986968994,0.8091594576835632,0.7785311341285706,0.8527182936668396,6.190027236938477,5.644491195678711,4.9309983253479,nan
15.450,0,99.08895111083984,126.90255737304688,115.72602081298828,197.56295776367188,197.22171020507812,194.58444213867188,0.13245074450969696,0.10537336766719818,0.1333746612071991,13.124404907226562,13.372149467468262,15.434918403625488,10.619736671447754,10.410634994506836,13.161637306213379,7.026427745819092,7.142275333404541,7.432363986968994,0.8091594576835632,0.7785311341285706,0.8527182936668396,6.190027236938477,5.644491195678711,4.9309983253479,nan
15.500,0,99.08895111083984,126.90255737304688,115.72602081298828,197.56295776367188,197.22171020507812,194.58444213867188,0.13245074450969696,0.10537336766719818,0.1333746612071991,13.124404907226562,13.372149467468262,15.434918403625488,10.619736671447754,10.410634994506836,13.161637306213379,7.026427745819092,7.142275333404541,7.432363986968994,0.8091594576835632,0.7785311341285706,0.8527182936668396,6.190027236938477,5.644491195678711,4.9309983253479,nan
15.550,0,99.08895111083984,126.90255737304688,115.72602081298828,197.56295776367188,197.22171020507812,194.58444213867188,0.13245074450969696,0.10537336766719818,0.1333746612071991,13.124404907226562,13.372149467468262,15.434918403625488,10.619736671447754,10.410634994506836,13.161637306213379,7.026427745819092,7.142275333404541,7.432363986968994,0.8091594576835632,0.7785311341285706,0.8527182936668396,6.190027236938477,5.644491195678711,4.9309983253479,nan
15.600,0,98.95991516113281,126.7718276977539,115.56144714355469,197.33282470703125,197.00665283203125,194.30001831054688,0.13152316212654114,0.10488386452198029,0.13340547680854797,13.015521049499512,13.296319007873535,15.416529655456543,10.552353858947754,10.42693042755127,13.177423477172852,6.936880588531494,6.976015567779541,7.381320476531982,0.8107515573501587,0.7841967940330505,0.8547593951225281,6.18497371673584,5.628203392028809,5.009721755981445,nan
15.650,0,98.95991516113281,126.7718276977539,115.56144714355469,197.33282470703125,197.00665283203125,194.30001831054688,0.13152316212654114,0.10488386452198029,0.13340547680854797,13.015521049499512,13.296319007873535,15.416529655456543,10.552353858947754,10.42693042755127,13.177423477172852,6.936880588531494,6.976015567779541,7.381320476531982,0.8107515573501587,0.7841967940330505,0.8547593951225281,6.18497371673584,5.628203392028809,5.009721755981445,nan
15.700,0,98.95991516113281,126.7718276977539,115.56144714355469,197.33282470703125,197.00665283203125,194.30001831054688,0.13152316212654114,0.10488386452198029,0.13340547680854797,13.015521049499512,13.296319007873535,15.416529655456543,10.552353858947754,10.42693042755127,13.177423477172852,6.936880588531494,6.976015567779541,7.381320476531982,0.8107515573501587,0.7841967940330505,0.8547593951225281,6.18497371673584,5.628203392028809,5.009721755981445,nan
15.750,0,98.95991516113281,126.7718276977539,115.56144714355469,197.33282470703125,197.00665283203125,194.30001831054688,0.13152316212654114,0.10488386452198029,0.13340547680854797,13.015521049499512,13.296319007873535,15.416529655456543,10.552353858947754,10.42693042755127,13.177423477172852,6.936880588531494,6.976015567779541,7.381320476531982,0.8107515573501587,0.7841967940330505,0.8547593951225281,6.18497371673584,5.628203392028809,5.009721755981445,nan
15.800,0,98.82286071777344,126.6234130859375,115.39005279541016,197.0543975830078,196.73069763183594,194.0480194091797,0.13176193833351135,0.10394175350666046,0.1337716430425644,13.02109146118164,13.161459922790527,15.435916900634766,10.532841682434082,10.331933975219727,13.234599113464355,6.99419641494751,6.92280387878418,7.353564739227295,0.8089061975479126,0.785014271736145,0.8573898673057556,6.144424915313721,5.66755485534668,5.057755947113037,nan
15.850,0,98.82286071777344,126.6234130859375,115.39005279541016,197.0543975830078,196.73069763183594,194.0480194091797,0.13176193833351135,0.10394175350666046,0.1337716430425644,13.02109146118164,13.161459922790527,15.435916900634766,10.532841682434082,10.331933975219727,13.234599113464355,6.99419641494751,6.92280387878418,7.353564739227295,0.8089061975479126,0.785014271736145,0.8573898673057556,6.144424915313721,5.66755485534668,5.057755947113037,nan
15.900,0,98.82286071777344,126.6234130859375,115.39005279541016,197.0543975830078,196.73069763183594,194.0480194091797,0.13176193833351135,0.10394175350666046,0.1337716430425644,13.02109146118164,13.161459922790527,15.435916900634766,10.532841682434082,10.331933975219727,13.234599113464355,6.99419641494751,6.92280387878418,7.353564739227295,0.8089061975479126,0.785014271736145,0.8573898673057556,6.144424915313721,5.66755485534668,5.057755947113037,nan
15.950,0,98.82286071777344,126.6234130859375,115.39005279541016,197.0543975830078,196.73069763183594,194.0480194091797,0.13176193833351135,0.10394175350666046,0.1337716430425644,13.02109146118164,13.161459922790527,15.435916900634766,10.532841682434082,10.331933975219727,13.234599113464355,6.99419641494751,6.92280387878418,7.353564739227295,0.8089061975479126,0.785014271736145,0.8573898673057556,6.144424915313721,5.66755485534668,5.057755947113037,nan
16.000,0,98.84807586669922,126.5672378540039,115.38368225097656,196.99142456054688,196.64385986328125,194.11001586914062,0.13250473141670227,0.10496283322572708,0.1342962682247162,13.097837448120117,13.284855842590332,15.495597839355469,10.587392807006836,10.387250900268555,13.243352890014648,7.046050548553467,7.031018257141113,7.449502944946289,0.8083313703536987,0.781886637210846,0.8546525835990906,5.9940185546875,5.689277172088623,5.008603096008301,nan
16.050,0,98.84807586669922,126.5672378540039,115.38368225097656,196.99142456054688,196.64385986328125,194.11001586914062,0.13250473141670227,0.10496283322572708,0.1342962682247162,13.097837448120117,13.284855842590332,15.495597839355469,10.587392807006836,10.387250900268555,13.243352890014648,7.046050548553467,7.031018257141113,7.449502944946289,0.8083313703536987,0.781886637210846,0.8546525835990906,5.9940185546875,5.689277172088623,5.008603096008301,nan
16.100,0,98.84807586669922,126.5672378540039,115.38368225097656,196.99142456054688,196.64385986328125,194.11001586914062,0.13250473141670227,0.10496283322572708,0.1342962682247162,13.097837448120117,13.284855842590332,15.495597839355469,10.587392807006836,10.387250900268555,13.243352890014648,7.046050548553467,7.031018257141113,7.449502944946289,0.8083313703536987,0.781886637210846,0.8546525835990906,5.9940185546875,5.689277172088623,5.008603096008301,nan
16.150,0,98.84807586669922,126.5672378540039,115.38368225097656,196.99142456054688,196.64385986328125,194.11001586914062,0.13250473141670227,0.10496283322572708,0.1342962682247162,13.097837448120117,13.284855842590332,15.495597839355469,10.587392807006836,10.387250900268555,13.243352890014648,7.046050548553467,7.031018257141113,7.449502944946289,0.8083313703536987,0.781886637210846,0.8546525835990906,5.9940185546875,5.689277172088623,5.008603096008301,nan
16.200,0,98.85599517822266,126.63117980957031,115.37555694580078,197.06744384765625,196.6935272216797,194.0958709716797,0.1310749053955078,0.10446089506149292,0.13414119184017181,12.957540512084961,13.228006362915039,15.476614952087402,10.468804359436035,10.4224853515625,13.189668655395508,6.999270439147949,6.940299987792969,7.51633358001709,0.8079314231872559,0.787910521030426,0.8522321581840515,5.985333442687988,5.68458890914917,4.936767578125,nan
16.250,0,98.85599517822266,126.63117980957031,115.37555694580078,197.06744384765625,196.6935272216797,194.0958709716797,0.1310749053955078,0.10446089506149292,0.13414119184017181,12.957540512084961,13.228006362915039,15.476614952087402,10.468804359436035,10.4224853515625,13.189668655395508,6.999270439147949,6.940299987792969,7.51633358001709,0.8079314231872559,0.787910521030426,0.8522321581840515,5.985333442687988,5.68458890914917,4.936767578125,nan
16.300,0,98.85599517822266,126.63117980957031,115.37555694580078,197.06744384765625,196.6935272216797,194.0958709716797,0.1310749053955078,0.10446089506149292,0.13414119184017181,12.957540512084961,13.228006362915039,15.476614952087402,10.468804359436035,10.4224853515625,13.189668655395508,6.999270439147949,6.940299987792969,7.51633358001709,0.8079314231872559,0.787910521030426,0.8522321581840515,5.985333442687988,5.68458890914917,4.936767578125,nan
16.350,0,98.85599517822266,126.63117980957031,115.37555694580078,197.06744384765625,196.6935272216797,194.0958709716797,0.1310749053955078,0.10446089506149292,0.13414119184017181,12.957540512084961,13.228006362915039,15.476614952087402,10.468804359436035,10.4224853515625,13.189668655395508,6.999270439147949,6.940299987792969,7.51633358001709,0.8079314231872559,0.787910521030426,0.8522321581840515,5.985333442687988,5.68458890914917,4.936767578125,nan
16.400,0,98.84387969970703,126.68202209472656,115.38678741455078,197.10768127441406,196.7543487548828,194.08746337890625,0.1331738382577896,0.10462281107902527,0.13392075896263123,13.163418769836426,13.253829002380371,15.452686309814453,10.630858421325684,10.287196159362793,13.205808639526367,7.126368045806885,7.155277252197266,7.407338619232178,0.8076061606407166,0.7761678695678711,0.8545963168144226,5.9505228996276855,5.693360328674316,4.838581085205078,nan
16.450,0,98.84387969970703,126.68202209472656,115.38678741455078,197.10768127441406,196.7543487548828,194.08746337890625,0.1331738382577896,0.10462281107902527,0.13392075896263123,13.163418769836426,13.253829002380371,15.452686309814453,10.630858421325684,10.287196159362793,13.205808639526367,7.126368045806885,7.155277252197266,7.407338619232178,0.8076061606407166,0.7761678695678711,0.8545963168144226,5.9505228996276855,5.693360328674316,4.838581085205078,nan
16.500,0,98.84387969970703,126.68202209472656,115.38678741455078,197.10768127441406,196.7543487548828,194.08746337890625,0.1331738382577896,0.10462281107902527,0.13392075896263123,13.163418769836426,13.253829002380371,15.452686309814453,10.630858421325684,10.287196159362793,13.205808639526367,7.126368045806885,7.155277252197266,7.407338619232178,0.8076061606407166,0.7761678695678711,0.8545963168144226,5.9505228996276855,5.693360328674316,4.838581085205078,nan
16.550,0,98.84387969970703,126.68202209472656,115.38678741455078,197.10768127441406,196.7543487548828,194.08746337890625,0.1331738382577896,0.10462281107902527,0.13392075896263123,13.163418769836426,13.253829002380371,15.452686309814453,10.630858421325684,10.287196159362793,13.205808639526367,7.126368045806885,7.155277252197266,7.407338619232178,0.8076061606407166,0.7761678695678711,0.8545963168144226,5.9505228996276855,5.693360328674316,4.838581085205078,nan
16.600,0,98.8029556274414,126.70426177978516,115.39498901367188,197.09783935546875,196.78355407714844,194.05767822265625,0.13249732553958893,0.10509859025478363,0.13336768746376038,13.091127395629883,13.316439628601074,15.389963150024414,10.617217063903809,10.371280670166016,13.151710510253906,7.028325080871582,7.148868083953857,7.41416072845459,0.8110238909721375,0.7788328528404236,0.8545641303062439,5.923295021057129,5.685245037078857,4.694033622741699,nan
16.650,0,98.8029556274414,126.70426177978516,115.39498901367188,197.09783935546875,196.78355407714844,194.05767822265625,0.13249732553958893,0.10509859025478363,0.13336768746376038,13.091127395629883,13.316439628601074,15.389963150024414,10.617217063903809,10.371280670166016,13.151710510253906,7.028325080871582,7.148868083953857,7.41416072845459,0.8110238909721375,0.7788328528404236,0.8545641303062439,5.923295021057129,5.685245037078857,4.694033622741699,nan
16.700,0,98.8029556274414,126.70426177978516,115.39498901367188,197.09783935546875,196.78355407714844,194.05767822265625,0.13249732553958893,0.10509859025478363,0.13336768746376038,13.091127395629883,13.316439628601074,15.389963150024414,10.617217063903809,10.371280670166016,13.151710510253906,7.028325080871582,7.148868083953857,7.41416072845459,0.8110238909721375,0.7788328528404236,0.8545641303062439,5.923295021057129,5.685245037078857,4.694033622741699,nan
16.750,0,98.8029556274414,126.70426177978516,115.39498901367188,197.09783935546875,196.78355407714844,194.05767822265625,0.13249732553958893,0.10509859025478363,0.13336768746376038,13.091127395629883,13.316439628601074,15.389963150024414,10.617217063903809,10.371280670166016,13.151710510253906,7.028325080871582,7.148868083953857,7.41416072845459,0.8110238909721375,0.7788328528404236,0.8545641303062439,5.923295021057129,5.685245037078857,4.694033622741699,nan
16.800,0,98.88861083984375,126.764892578125,115.50274658203125,197.23001098632812,196.88937377929688,194.2540740966797,0.1316453069448471,0.10478635877370834,0.1339654177427292,13.018221855163574,13.283231735229492,15.473373413085938,10.546428680419922,10.407526016235352,13.197717666625977,7.02921724319458,7.046751022338867,7.488588333129883,0.8101282119750977,0.7835085988044739,0.8529308438301086,5.933220863342285,5.656254291534424,4.638160228729248,nan
16.850,0,98.88861083984375,126.764892578125,115.50274658203125,197.23001098632812,196.88937377929688,194.2540740966797,0.1316453069448471,0.10478635877370834,0.1339654177427292,13.018221855163574,13.283231735229492,15.473373413085938,10.546428680419922,10.407526016235352,13.197717666625977,7.02921724319458,7.046751022338867,7.488588333129883,0.8101282119750977,0.7835085988044739,0.8529308438301086,5.933220863342285,5.656254291534424,4.638160228729248,nan
16.900,0,98.88861083984375,126.764892578125,115.50274658203125,197.23001098632812,196.88937377929688,194.2540740966797,0.1316453069448471,0.10478635877370834,0.1339654177427292,13.018221855163574,13.283231735229492,15.473373413085938,10.546428680419922,10.407526016235352,13.197717666625977,7.02921724319458,7.046751022338867,7.488588333129883,0.8101282119750977,0.7835085988044739,0.8529308438301086,5.933220863342285,5.656254291534424,4.638160228729248,nan
16.950,0,98.88861083984375,126.764892578125,115.50274658203125,197.23001098632812,196.88937377929688,194.2540740966797,0.1316453069448471,0.10478635877370834,0.1339654177427292,13.018221855163574,13.283231735229492,15.473373413085938,10.546428680419922,10.407526016235352,13.197717666625977,7.02921724319458,7.046751022338867,7.488588333129883,0.8101282119750977,0.7835085988044739,0.8529308438301086,5.933220863342285,5.656254291534424,4.638160228729248,nan
17.000,0,98.99458312988281,126.82144165039062,115.61847686767578,197.37884521484375,197.00364685058594,194.4701690673828,0.13190282881259918,0.10376244783401489,0.13450348377227783,13.057665824890137,13.159303665161133,15.551088333129883,10.54810619354248,10.3369140625,13.280442237854004,7.129051685333252,7.020680904388428,7.501551628112793,0.8078094720840454,0.7855213284492493,0.853987991809845,5.94417667388916,5.6036481857299805,4.6378607749938965,nan
17.050,0,98.99458312988281,126.82144165039062,115.61847686767578,197.37884521484375,197.00364685058594,194.4701690673828,0.13190282881259918,0.10376244783401489,0.13450348377227783,13.057665824890137,13.159303665161133,15.551088333129883,10.54810619354248,10.3369140625,13.280442237854004,7.129051685333252,7.020680904388428,7.501551628112793,0.8078094720840454,0.7855213284492493,0.853987991809845,5.94417667388916,5.6036481857299805,4.6378607749938965,nan
17.100,0,98.99458312988281,126.82144165039062,115.61847686767578,197.37884521484375,197.00364685058594,194.4701690673828,0.13190282881259918,0.10376244783401489,0.13450348377227783,13.057665824890137,13.159303665161133,15.551088333129883,10.54810619354248,10.3369140625,13.280442237854004,7.129051685333252,7.020680904388428,7.501551628112793,0.8078094720840454,0.7855213284492493,0.853987991809845,5.94417667388916,5.6036481857299805,4.6378607749938965,nan
17.150,0,98.99458312988281,126.82144165039062,115.61847686767578,197.37884521484375,197.00364685058594,194.4701690673828,0.13190282881259918,0.10376244783401489,0.13450348377227783,13.057665824890137,13.159303665161133,15.551088333129883,10.54810619354248,10.3369140625,13.280442237854004,7.129051685333252,7.020680904388428,7.501551628112793,0.8078094720840454,0.7855213284492493,0.853987991809845,5.94417667388916,5.6036481857299805,4.6378607749938965,nan
17.200,0,99.07281494140625,126.9343490600586,115.71585845947266,197.57424926757812,197.20516967773438,194.5894317626953,0.13196128606796265,0.10374260693788528,0.1339411586523056,13.073776245117188,13.168499946594238,15.499115943908691,10.583793640136719,10.331117630004883,13.266199111938477,7.09840726852417,7.038858413696289,7.432512283325195,0.8095437288284302,0.7845326066017151,0.8559326529502869,6.107685565948486,5.636752605438232,4.715473651885986,nan
17.250,0,99.07281494140625,126.9343490600586,115.71585845947266,197.57424926757812,197.20516967773438,194.5894317626953,0.13196128606796265,0.10374260693788528,0.1339411586523056,13.073776245117188,13.168499946594238,15.499115943908691,10.583793640136719,10.331117630004883,13.266199111938477,7.09840726852417,7.038858413696289,7.432512283325195,0.8095437288284302,0.7845326066017151,0.8559326529502869,6.107685565948486,5.636752605438232,4.715473651885986,nan
17.300,0,99.07281494140625,126.9343490600586,115.71585845947266,197.57424926757812,197.20516967773438,194.5894317626953,0.13196128606796265,0.10374260693788528,0.1339411586523056,13.073776245117188,13.168499946594238,15.499115943908691,10.583793640136719,10.331117630004883,13.266199111938477,7.09840726852417,7.038858413696289,7.432512283325195,0.8095437288284302,0.7845326066017151,0.8559326529502869,6.107685565948486,5.636752605438232,4.715473651885986,nan
17.350,0,99.07281494140625,126.9343490600586,115.71585845947266,197.57424926757812,197.20516967773438,194.5894317626953,0.13196128606796265,0.10374260693788528,0.1339411586523056,13.073776245117188,13.168499946594238,15.499115943908691,10.583793640136719,10.331117630004883,13.266199111938477,7.09840726852417,7.038858413696289,7.432512283325195,0.8095437288284302,0.7845326066017151,0.8559326529502869,6.107685565948486,5.636752605438232,4.715473651885986,nan
17.400,0,99.08163452148438,126.9215316772461,115.74199676513672,197.56304931640625,197.2379150390625,194.6132049560547,0.1312444806098938,0.10392697155475616,0.13287778198719025,13.003917694091797,13.190570831298828,15.379539489746094,10.550304412841797,10.357307434082031,13.14680004119873,7.009786128997803,7.065268516540527,7.4174957275390625,0.8113173842430115,0.7852054238319397,0.8548240661621094,6.143600940704346,5.634722709655762,4.831268310546875,nan
17.450,0,99.08163452148438,126.9215316772461,115.74199676513672,197.56304931640625,197.2379150390625,194.6132049560547,0.1312444806098938,0.10392697155475616,0.13287778198719025,13.003917694091797,13.190570831298828,15.379539489746094,10.550304412841797,10.357307434082031,13.14680004119873,7.009786128997803,7.065268516540527,7.4174957275390625,0.8113173842430115,0.7852054238319397,0.8548240661621094,6.143600940704346,5.634722709655762,4.831268310546875,nan
17.500,0,99.08163452148438,126.9215316772461,115.74199676513672,197.56304931640625,197.2379150390625,194.6132049560547,0.1312444806098938,0.10392697155475616,0.13287778198719025,13.003917694091797,13.190570831298828,15.379539489746094,10.550304412841797,10.357307434082031,13.14680004119873,7.009786128997803,7.065268516540527,7.4174957275390625,0.8113173842430115,0.7852054238319397,0.8548240661621094,6.143600940704346,5.634722709655762,4.831268310546875,nan
17.550,0,99.08163452148438,126.9215316772461,115.74199676513672,197.56304931640625,197.2379150390625,194.6132049560547,0.1312444806098938,0.10392697155475616,0.13287778198719025,13.003917694091797,13.190570831298828,15.379539489746094,10.550304412841797,10.357307434082031,13.14680004119873,7.009786128997803,7.065268516540527,7.4174957275390625,0.8113173842430115,0.7852054238319397,0.8548240661621094,6.143600940704346,5.634722709655762,4.831268310546875,nan
17.600,0,99.06486511230469,126.90708923339844,115.71253967285156,197.5367889404297,197.22369384765625,194.55377197265625,0.1320924609899521,0.10478652268648148,0.13305452466011047,13.085721969604492,13.298152923583984,15.396077156066895,10.632132530212402,10.406434059143066,13.168984413146973,7.012810707092285,7.137311935424805,7.40377950668335,0.8124987483024597,0.7825473546981812,0.8553467392921448,6.178678035736084,5.611085414886475,4.89677095413208,nan
17.650,0,99.06486511230469,126.90708923339844,115.71253967285156,197.5367889404297,197.22369384765625,194.55377197265625,0.1320924609899521,0.10478652268648148,0.13305452466011047,13.085721969604492,13.298152923583984,15.396077156066895,10.632132530212402,10.406434059143066,13.168984413146973,7.012810707092285,7.137311935424805,7.40377950668335,0.8124987483024597,0.7825473546981812,0.8553467392921448,6.178678035736084,5.611085414886475,4.89677095413208,nan
17.700,0,99.06486511230469,126.90708923339844,115.71253967285156,197.5367889404297,197.22369384765625,194.55377197265625,0.1320924609899521,0.10478652268648148,0.13305452466011047,13.085721969604492,13.298152923583984,15.396077156066895,10.632132530212402,10.406434059143066,13.168984413146973,7.012810707092285,7.137311935424805,7.40377950668335,0.8124987483024597,0.7825473546981812,0.8553467392921448,6.178678035736084,5.611085414886475,4.89677095413208,nan
17.750,0,99.06486511230469,126.90708923339844,115.71253967285156,197.5367889404297,197.22369384765625,194.55377197265625,0.1320924609899521,0.10478652268648148,0.13305452466011047,13.085721969604492,13.298152923583984,15.396077156066895,10.632132530212402,10.406434059143066,13.168984413146973,7.012810707092285,7.137311935424805,7.40377950668335,0.8124987483024597,0.7825473546981812,0.8553467392921448,6.178678035736084,5.611085414886475,4.89677095413208,nan
17.800,0,99.08246612548828,126.84009552001953,115.70323944091797,197.45301818847656,197.16712951660156,194.58251953125,0.13127544522285461,0.10518980026245117,0.134010449051857,13.007094383239746,13.342284202575684,15.50544261932373,10.502182960510254,10.474257469177246,13.156216621398926,7.051427364349365,7.106001853942871,7.615682125091553,0.8074195981025696,0.7850422859191895,0.8484902381896973,6.1160078048706055,5.650846481323242,4.944533348083496,nan
17.850,0,99.08246612548828,126.84009552001953,115.70323944091797,197.45301818847656,197.16712951660156,194.58251953125,0.13127544522285461,0.10518980026245117,0.134010449051857,13.007094383239746,13.342284202575684,15.50544261932373,10.502182960510254,10.474257469177246,13.156216621398926,7.051427364349365,7.106001853942871,7.615682125091553,0.8074195981025696,0.7850422859191895,0.8484902381896973,6.1160078048706055,5.650846481323242,4.944533348083496,nan
17.900,0,99.08246612548828,126.84009552001953,115.70323944091797,197.45301818847656,197.16712951660156,194.58251953125,0.13127544522285461,0.10518980026245117,0.134010449051857,13.007094383239746,13.342284202575684,15.50544261932373,10.502182960510254,10.474257469177246,13.156216621398926,7.051427364349365,7.106001853942871,7.615682125091553,0.8074195981025696,0.7850422859191895,0.8484902381896973,6.1160078048706055,5.650846481323242,4.944533348083496,nan
17.950,0,99.08246612548828,126.84009552001953,115.70323944091797,197.45301818847656,197.16712951660156,194.58251953125,0.13127544522285461,0.10518980026245117,0.134010449051857,13.007094383239746,13.342284202575684,15.50544261932373,10.502182960510254,10.474257469177246,13.156216621398926,7.051427364349365,7.106001853942871,7.615682125091553,0.8074195981025696,0.7850422859191895,0.8484902381896973,6.1160078048706055,5.650846481323242,4.944533348083496,nan
18.000,0,99.06771087646484,126.78726196289062,115.68368530273438,197.3556365966797,197.1087646484375,194.57594299316406,0.13287602365016937,0.10441166907548904,0.1350736767053604,13.163723945617676,13.238069534301758,15.625821113586426,10.578137397766113,10.280869483947754,13.318382263183594,7.23062801361084,7.114104270935059,7.53081750869751,0.8035824298858643,0.7766139507293701,0.8523316979408264,5.941193103790283,5.655620098114014,4.913458824157715,nan
18.050,0,99.06771087646484,126.78726196289062,115.68368530273438,197.3556365966797,197.1087646484375,194.57594299316406,0.13287602365016937,0.10441166907548904,0.1350736767053604,13.163723945617676,13.238069534301758,15.625821113586426,10.578137397766113,10.280869483947754,13.318382263183594,7.23062801361084,7.114104270935059,7.53081750869751,0.8035824298858643,0.7766139507293701,0.8523316979408264,5.941193103790283,5.655620098114014,4.913458824157715,nan
18.100,0,99.06771087646484,126.78726196289062,115.68368530273438,197.3556365966797,197.1087646484375,194.57594299316406,0.13287602365016937,0.10441166907548904,0.1350736767053604,13.163723945617676,13.238069534301758,15.625821113586426,10.578137397766113,10.280869483947754,13.318382263183594,7.23062801361084,7.114104270935059,7.53081750869751,0.8035824298858643,0.7766139507293701,0.8523316979408264,5.941193103790283,5.655620098114014,4.913458824157715,nan
18.150,0,99.06771087646484,126.78726196289062,115.68368530273438,197.3556365966797,197.1087646484375,194.57594299316406,0.13287602365016937,0.10441166907548904,0.1350736767053604,13.163723945617676,13.238069534301758,15.625821113586426,10.578137397766113,10.280869483947754,13.318382263183594,7.23062801361084,7.114104270935059,7.53081750869751,0.8035824298858643,0.7766139507293701,0.8523316979408264,5.941193103790283,5.655620098114014,4.913458824157715,nan
18.200,0,99.04694366455078,126.8187484741211,115.629150390625,197.37843322753906,197.10540771484375,194.4829559326172,0.13320620357990265,0.10551253706216812,0.1343330591917038,13.1936674118042,13.38096809387207,15.532817840576172,10.641204833984375,10.330023765563965,13.223968505859375,7.164902687072754,7.219244480133057,7.48463773727417,0.8065388202667236,0.7719937562942505,0.8513566851615906,5.928096771240234,5.653614044189453,4.8868818283081055,nan
18.250,0,99.04694366455078,126.8187484741211,115.629150390625,197.37843322753906,197.10540771484375,194.4829559326172,0.13320620357990265,0.10551253706216812,0.1343330591917038,13.1936674118042,13.38096809387207,15.532817840576172,10.641204833984375,10.330023765563965,13.223968505859375,7.164902687072754,7.219244480133057,7.48463773727417,0.8065388202667236,0.7719937562942505,0.8513566851615906,5.928096771240234,5.653614044189453,4.8868818283081055,nan
18.300,0,99.04694366455078,126.8187484741211,115.629150390625,197.37843322753906,197.10540771484375,194.4829559326172,0.13320620357990265,0.10551253706216812,0.1343330591917038,13.1936674118042,13.38096809387207,15.532817840576172,10.641204833984375,10.330023765563965,13.223968505859375,7.164902687072754,7.219244480133057,7.48463773727417,0.8065388202667236,0.7719937562942505,0.8513566851615906,5.928096771240234,5.653614044189453,4.8868818283081055,nan
18.350,0,99.04694366455078,126.8187484741211,115.629150390625,197.37843322753906,197.10540771484375,194.4829559326172,0.13320620357990265,0.10551253706216812,0.1343330591917038,13.1936674118042,13.38096809387207,15.532817840576172,10.641204833984375,10.330023765563965,13.223968505859375,7.164902687072754,7.219244480133057,7.48463773727417,0.8065388202667236,0.7719937562942505,0.8513566851615906,5.928096771240234,5.653614044189453,4.8868818283081055,nan
18.400,0,99.03485870361328,126.85499572753906,115.59207153320312,197.41502380371094,197.109375,194.4202117919922,0.13350220024585724,0.10573747754096985,0.13474488258361816,13.2213716506958,13.41332721710205,15.575440406799316,10.629400253295898,10.340938568115234,13.234119415283203,7.21520471572876,7.242001056671143,7.542429447174072,0.8039559125900269,0.7709450721740723,0.849678635597229,6.006883144378662,5.738953590393066,4.928671360015869,nan
18.450,0,99.03485870361328,126.85499572753906,115.59207153320312,197.41502380371094,197.109375,194.4202117919922,0.13350220024585724,0.10573747754096985,0.13474488258361816,13.2213716506958,13.41332721710205,15.575440406799316,10.629400253295898,10.340938568115234,13.234119415283203,7.21520471572876,7.242001056671143,7.542429447174072,0.8039559125900269,0.7709450721740723,0.849678635597229,6.006883144378662,5.738953590393066,4.928671360015869,nan
18.500,0,99.03485870361328,126.85499572753906,115.59207153320312,197.41502380371094,197.109375,194.4202117919922,0.13350220024585724,0.10573747754096985,0.13474488258361816,13.2213716506958,13.41332721710205,15.575440406799316,10.629400253295898,10.340938568115234,13.234119415283203,7.21520471572876,7.242001056671143,7.542429447174072,0.8039559125900269,0.7709450721740723,0.849678635597229,6.006883144378662,5.738953590393066,4.928671360015869,nan
18.550,0,99.03485870361328,126.85499572753906,115.59207153320312,197.41502380371094,197.109375,194.4202117919922,0.13350220024585724,0.10573747754096985,0.13474488258361816,13.2213716506958,13.41332721710205,15.575440406799316,10.629400253295898,10.340938568115234,13.234119415283203,7.21520471572876,7.242001056671143,7.542429447174072,0.8039559125900269,0.7709450721740723,0.849678635597229,6.006883144378662,5.738953590393066,4.928671360015869,nan
18.600,0,98.9993667602539,126.87713623046875,115.57592010498047,197.41329956054688,197.1176300048828,194.36492919921875,0.13271254301071167,0.10605016350746155,0.13415248692035675,13.138457298278809,13.455341339111328,15.504796981811523,10.593608856201172,10.405122756958008,13.132978439331055,7.09976053237915,7.228527069091797,7.536098957061768,0.8063054084777832,0.7733079791069031,0.8470267653465271,6.076810836791992,5.789381504058838,4.9285078048706055,nan
18.650,0,98.9993667602539,126.87713623046875,115.57592010498047,197.41329956054688,197.1176300048828,194.36492919921875,0.13271254301071167,0.10605016350746155,0.13415248692035675,13.138457298278809,13.455341339111328,15.504796981811523,10.593608856201172,10.405122756958008,13.132978439331055,7.09976053237915,7.228527069091797,7.536098957061768,0.8063054084777832,0.7733079791069031,0.8470267653465271,6.076810836791992,5.789381504058838,4.9285078048706055,nan
18.700,0,98.9993667602539,126.87713623046875,115.57592010498047,197.41329956054688,197.1176300048828,194.36492919921875,0.13271254301071167,0.10605016350746155,0.13415248692035675,13.138457298278809,13.455341339111328,15.504796981811523,10.593608856201172,10.405122756958008,13.132978439331055,7.09976053237915,7.228527069091797,7.536098957061768,0.8063054084777832,0.7733079791069031,0.8470267653465271,6.076810836791992,5.789381504058838,4.9285078048706055,nan
18.750,0,98.9993667602539,126.87713623046875,115.57592010498047,197.41329956054688,197.1176300048828,194.36492919921875,0.13271254301071167,0.10605016350746155,0.13415248692035675,13.138457298278809,13.455341339111328,15.504796981811523,10.593608856201172,10.405122756958008,13.132978439331055,7.09976053237915,7.228527069091797,7.536098957061768,0.8063054084777832,0.7733079791069031,0.8470267653465271,6.076810836791992,5.789381504058838,4.9285078048706055,nan
18.800,0,99.00597381591797,126.89666748046875,115.58984375,197.4538116455078,197.1058807373047,194.39776611328125,0.1334935426712036,0.10514026880264282,0.1350468397140503,13.216658592224121,13.341949462890625,15.6100435256958,10.62109375,10.305703163146973,13.276166915893555,7.196837902069092,7.147781848907471,7.4794769287109375,0.8036141395568848,0.772428572177887,0.8504887819290161,6.11498498916626,5.827835559844971,4.890049934387207,nan
18.850,0,99.00597381591797,126.89666748046875,115.58984375,197.4538116455078,197.1058807373047,194.39776611328125,0.1334935426712036,0.10514026880264282,0.1350468397140503,13.216658592224121,13.341949462890625,15.6100435256958,10.62109375,10.305703163146973,13.276166915893555,7.196837902069092,7.147781848907471,7.4794769287109375,0.8036141395568848,0.772428572177887,0.8504887819290161,6.11498498916626,5.827835559844971,4.890049934387207,nan
18.900,0,99.00597381591797,126.89666748046875,115.58984375,197.4538116455078,197.1058807373047,194.39776611328125,0.1334935426712036,0.10514026880264282,0.1350468397140503,13.216658592224121,13.341949462890625,15.6100435256958,10.62109375,10.305703163146973,13.276166915893555,7.196837902069092,7.147781848907471,7.4794769287109375,0.8036141395568848,0.772428572177887,0.8504887819290161,6.11498498916626,5.827835559844971,4.890049934387207,nan
18.950,0,99.00597381591797,126.89666748046875,115.58984375,197.4538116455078,197.1058807373047,194.39776611328125,0.1334935426712036,0.10514026880264282,0.1350468397140503,13.216658592224121,13.341949462890625,15.6100435256958,10.62109375,10.305703163146973,13.276166915893555,7.196837902069092,7.147781848907471,7.4794769287109375,0.8036141395568848,0.772428572177887,0.8504887819290161,6.11498498916626,5.827835559844971,4.890049934387207,nan
19.000,0,99.04015350341797,126.87482452392578,115.62679290771484,197.4693145751953,197.0688934326172,194.4940948486328,0.13315047323703766,0.1060873344540596,0.1353662759065628,13.187243461608887,13.45981216430664,15.651968002319336,10.569878578186035,10.401594161987305,13.231484413146973,7.177147388458252,7.162478446960449,7.610244274139404,0.801522970199585,0.772788941860199,0.8453559875488281,6.103821277618408,5.839614391326904,4.849743843078613,nan
19.050,0,99.04015350341797,126.87482452392578,115.62679290771484,197.4693145751953,197.0688934326172,194.4940948486328,0.13315047323703766,0.1060873344540596,0.1353662759065628,13.187243461608887,13.45981216430664,15.651968002319336,10.569878578186035,10.401594161987305,13.231484413146973,7.177147388458252,7.162478446960449,7.610244274139404,0.801522970199585,0.772788941860199,0.8453559875488281,6.103821277618408,5.839614391326904,4.849743843078613,nan
19.100,0,99.04015350341797,126.87482452392578,115.62679290771484,197.4693145751953,197.0688934326172,194.4940948486328,0.13315047323703766,0.1060873344540596,0.1353662759065628,13.187243461608887,13.45981216430664,15.651968002319336,10.569878578186035,10.401594161987305,13.231484413146973,7.177147388458252,7.162478446960449,7.610244274139404,0.801522970199585,0.772788941860199,0.8453559875488281,6.103821277618408,5.839614391326904,4.849743843078613,nan
19.150,0,99.04015350341797,126.87482452392578,115.62679290771484,197.4693145751953,197.0688934326172,194.4940948486328,0.13315047323703766,0.1060873344540596,0.1353662759065628,13.187243461608887,13.45981216430664,15.651968002319336,10.569878578186035,10.401594161987305,13.231484413146973,7.177147388458252,7.162478446960449,7.610244274139404,0.801522970199585,0.772788941860199,0.8453559875488281,6.103821277618408,5.839614391326904,4.849743843078613,nan
19.200,0,99.04191589355469,126.91464233398438,115.67060089111328,197.52711486816406,197.1497802734375,194.517333984375,0.1342703402042389,0.1064671203494072,0.13446596264839172,13.298391342163086,13.512236595153809,15.55375862121582,10.679701805114746,10.344964027404785,13.188405990600586,7.190371513366699,7.309958457946777,7.504790306091309,0.8030822277069092,0.7655996680259705,0.8479240536689758,6.191981315612793,5.800084590911865,4.839610576629639,nan
19.250,0,99.04191589355469,126.91464233398438,115.67060089111328,197.52711486816406,197.1497802734375,194.517333984375,0.1342703402042389,0.1064671203494072,0.13446596264839172,13.298391342163086,13.512236595153809,15.55375862121582,10.679701805114746,10.344964027404785,13.188405990600586,7.190371513366699,7.309958457946777,7.504790306091309,0.8030822277069092,0.7655996680259705,0.8479240536689758,6.191981315612793,5.800084590911865,4.839610576629639,nan
19.300,0,99.04191589355469,126.91464233398438,115.67060089111328,197.52711486816406,197.1497802734375,194.517333984375,0.1342703402042389,0.1064671203494072,0.13446596264839172,13.298391342163086,13.512236595153809,15.55375862121582,10.679701805114746,10.344964027404785,13.188405990600586,7.190371513366699,7.309958457946777,7.504790306091309,0.8030822277069092,0.7655996680259705,0.8479240536689758,6.191981315612793,5.800084590911865,4.839610576629639,nan
19.350,0,99.04191589355469,126.91464233398438,115.67060089111328,197.52711486816406,197.1497802734375,194.517333984375,0.1342703402042389,0.1064671203494072,0.13446596264839172,13.298391342163086,13.512236595153809,15.55375862121582,10.679701805114746,10.344964027404785,13.188405990600586,7.190371513366699,7.309958457946777,7.504790306091309,0.8030822277069092,0.7655996680259705,0.8479240536689758,6.191981315612793,5.800084590911865,4.839610576629639,nan
19.400,0,99.05070495605469,126.91358184814453,115.6865005493164,197.5402374267578,197.16824340820312,194.5354461669922,0.13472872972488403,0.10673965513706207,0.1344270557165146,13.344975471496582,13.546711921691895,15.551395416259766,10.703182220458984,10.339742660522461,13.199316024780273,7.2080512046813965,7.332742214202881,7.4984869956970215,0.8020383715629578,0.76326584815979,0.8487544655799866,6.208355903625488,5.723687171936035,4.853514194488525,nan
19.450,0,99.05070495605469,126.91358184814453,115.6865005493164,197.5402374267578,197.16824340820312,194.5354461669922,0.13472872972488403,0.10673965513706207,0.1344270557165146,13.344975471496582,13.546711921691895,15.551395416259766,10.703182220458984,10.339742660522461,13.199316024780273,7.2080512046813965,7.332742214202881,7.4984869956970215,0.8020383715629578,0.76326584815979,0.8487544655799866,6.208355903625488,5.723687171936035,4.853514194488525,nan
19.500,0,99.05070495605469,126.91358184814453,115.6865005493164,197.5402374267578,197.16824340820312,194.5354461669922,0.13472872972488403,0.10673965513706207,0.1344270557165146,13.344975471496582,13.546711921691895,15.551395416259766,10.703182220458984,10.339742660522461,13.199316024780273,7.2080512046813965,7.332742214202881,7.4984869956970215,0.8020383715629578,0.76326584815979,0.8487544655799866,6.208355903625488,5.723687171936035,4.853514194488525,nan
19.550,0,99.05070495605469,126.91358184814453,115.6865005493164,197.5402374267578,197.16824340820312,194.5354461669922,0.13472872972488403,0.10673965513706207,0.1344270557165146,13.344975471496582,13.546711921691895,15.551395416259766,10.703182220458984,10.339742660522461,13.199316024780273,7.2080512046813965,7.332742214202881,7.4984869956970215,0.8020383715629578,0.76326584815979,0.8487544655799866,6.208355903625488,5.723687171936035,4.853514194488525,nan
19.600,0,99.03002166748047,126.91334533691406,115.67073822021484,197.5312957763672,197.18353271484375,194.47927856445312,0.13346773386001587,0.10618212074041367,0.13355408608913422,13.217312812805176,13.47592830657959,15.448299407958984,10.646430015563965,10.374969482421875,13.136428833007812,7.079395771026611,7.238578796386719,7.439503192901611,0.8054912686347961,0.7698890566825867,0.8503478765487671,6.23303747177124,5.679063320159912,4.8507256507873535,nan
19.650,0,99.03002166748047,126.91334533691406,115.67073822021484,197.5312957763672,197.18353271484375,194.47927856445312,0.13346773386001587,0.10618212074041367,0.13355408608913422,13.217312812805176,13.47592830657959,15.448299407958984,10.646430015563965,10.374969482421875,13.136428833007812,7.079395771026611,7.238578796386719,7.439503192901611,0.8054912686347961,0.7698890566825867,0.8503478765487671,6.23303747177124,5.679063320159912,4.8507256507873535,nan
19.700,0,99.03002166748047,126.91334533691406,115.67073822021484,197.5312957763672,197.18353271484375,194.47927856445312,0.13346773386001587,0.10618212074041367,0.13355408608913422,13.217312812805176,13.47592830657959,15.448299407958984,10.646430015563965,10.374969482421875,13.136428833007812,7.079395771026611,7.238578796386719,7.439503192901611,0.8054912686347961,0.7698890566825867,0.8503478765487671,6.23303747177124,5.679063320159912,4.8507256507873535,nan
19.750,0,99.03002166748047,126.91334533691406,115.67073822021484,197.5312957763672,197.18353271484375,194.47927856445312,0.13346773386001587,0.10618212074041367,0.13355408608913422,13.217312812805176,13.47592830657959,15.448299407958984,10.646430015563965,10.374969482421875,13.136428833007812,7.079395771026611,7.238578796386719,7.439503192901611,0.8054912686347961,0.7698890566825867,0.8503478765487671,6.23303747177124,5.679063320159912,4.8507256507873535,nan
19.800,0,99.05310821533203,126.870361328125,115.67512512207031,197.49330139160156,197.14605712890625,194.52076721191406,0.13287906348705292,0.10526484251022339,0.13332708179950714,13.162084579467773,13.354989051818848,15.422626495361328,10.642685890197754,10.37574291229248,13.184439659118652,7.031494617462158,7.136340618133545,7.391689300537109,0.8085866570472717,0.776918888092041,0.8548763990402222,6.154002666473389,5.656741142272949,4.8971781730651855,nan
19.850,0,99.05310821533203,126.870361328125,115.67512512207031,197.49330139160156,197.14605712890625,194.52076721191406,0.13287906348705292,0.10526484251022339,0.13332708179950714,13.162084579467773,13.354989051818848,15.422626495361328,10.642685890197754,10.37574291229248,13.184439659118652,7.031494617462158,7.136340618133545,7.391689300537109,0.8085866570472717,0.776918888092041,0.8548763990402222,6.154002666473389,5.656741142272949,4.8971781730651855,nan
19.900,0,99.05310821533203,126.870361328125,115.67512512207031,197.49330139160156,197.14605712890625,194.52076721191406,0.13287906348705292,0.10526484251022339,0.13332708179950714,13.162084579467773,13.354989051818848,15.422626495361328,10.642685890197754,10.37574291229248,13.184439659118652,7.031494617462158,7.136340618133545,7.391689300537109,0.8085866570472717,0.776918888092041,0.8548763990402222,6.154002666473389,5.656741142272949,4.8971781730651855,nan
19.950,0,99.05310821533203,126.870361328125,115.67512512207031,197.49330139160156,197.14605712890625,194.52076721191406,0.13287906348705292,0.10526484251022339,0.13332708179950714,13.162084579467773,13.354989051818848,15.422626495361328,10.642685890197754,10.37574291229248,13.184439659118652,7.031494617462158,7.136340618133545,7.391689300537109,0.8085866570472717,0.776918888092041,0.8548763990402222,6.154002666473389,5.656741142272949,4.8971781730651855,nan
