t+,class,V_L1,V_L2,V_L3,V_L12,V_L23,V_L31,A_L1,A_L2,A_L3,VA_L1,VA_L2,VA_L3,W_L1,W_L2,W_L3,Q_L1,Q_L2,Q_L3,PF_L1,PF_L2,PF_L3,THD_L1,THD_L2,THD_L3
0.000,0,102.83527374267578,128.28701782226562,118.91829681396484,201.7967071533203,201.90505981445312,200.3535919189453,0.45083004236221313,0.47235846519470215,0.49815112352371216,46.361228942871094,60.59745788574219,59.23928451538086,-44.62851333618164,-56.247562408447266,-58.02589797973633,6.750308513641357,18.111297607421875,1.9622280597686768,0.9626257419586182,0.9282165169715881,0.9795172214508057,5.671096324920654,5.536305904388428,4.590832233428955,nan
0.050,0,102.83527374267578,128.28701782226562,118.91829681396484,201.7967071533203,201.90505981445312,200.3535919189453,0.45083004236221313,0.47235846519470215,0.49815112352371216,46.361228942871094,60.59745788574219,59.23928451538086,-44.62851333618164,-56.247562408447266,-58.02589797973633,6.750308513641357,18.111297607421875,1.9622280597686768,0.9626257419586182,0.9282165169715881,0.9795172214508057,5.671096324920654,5.536305904388428,4.590832233428955,nan
0.100,0,102.83527374267578,128.28701782226562,118.91829681396484,201.7967071533203,201.90505981445312,200.3535919189453,0.45083004236221313,0.47235846519470215,0.49815112352371216,46.361228942871094,60.59745788574219,59.23928451538086,-44.62851333618164,-56.247562408447266,-58.02589797973633,6.750308513641357,18.111297607421875,1.9622280597686768,0.9626257419586182,0.9282165169715881,0.9795172214508057,5.671096324920654,5.536305904388428,4.590832233428955,nan
0.150,0,102.83527374267578,128.28701782226562,118.91829681396484,201.7967071533203,201.90505981445312,200.3535919189453,0.45083004236221313,0.47235846519470215,0.49815112352371216,46.361228942871094,60.59745788574219,59.23928451538086,-44.62851333618164,-56.247562408447266,-58.02589797973633,6.750308513641357,18.111297607421875,1.9622280597686768,0.9626257419586182,0.9282165169715881,0.9795172214508057,5.671096324920654,5.536305904388428,4.590832233428955,nan
0.200,0,102.78058624267578,128.2053680419922,118.87309265136719,201.71693420410156,201.8024444580078,200.22901916503906,0.44728317856788635,0.4664658308029175,0.4904469847679138,45.97202682495117,59.80342483520508,58.30094909667969,-44.158538818359375,-55.41099166870117,-57.0092658996582,7.139957904815674,18.085594177246094,2.5477256774902344,0.9605523347854614,0.9265521764755249,0.9778445363044739,5.693382263183594,5.538086891174316,4.556038856506348,nan
0.250,0,102.78058624267578,128.2053680419922,118.87309265136719,201.71693420410156,201.8024444580078,200.22901916503906,0.44728317856788635,0.4664658308029175,0.4904469847679138,45.97202682495117,59.80342483520508,58.30094909667969,-44.158538818359375,-55.41099166870117,-57.0092658996582,7.139957904815674,18.085594177246094,2.5477256774902344,0.9605523347854614,0.9265521764755249,0.9778445363044739,5.693382263183594,5.538086891174316,4.556038856506348,nan
0.300,0,102.78058624267578,128.2053680419922,118.87309265136719,201.71693420410156,201.8024444580078,200.22901916503906,0.44728317856788635,0.4664658308029175,0.4904469847679138,45.97202682495117,59.80342483520508,58.30094909667969,-44.158538818359375,-55.41099166870117,-57.0092658996582,7.139957904815674,18.085594177246094,2.5477256774902344,0.9605523347854614,0.9265521764755249,0.9778445363044739,5.693382263183594,5.538086891174316,4.556038856506348,nan
0.350,0,102.78058624267578,128.2053680419922,118.87309265136719,201.71693420410156,201.8024444580078,200.22901916503906,0.44728317856788635,0.4664658308029175,0.4904469847679138,45.97202682495117,59.80342483520508,58.30094909667969,-44.158538818359375,-55.41099166870117,-57.0092658996582,7.139957904815674,18.085594177246094,2.5477256774902344,0.9605523347854614,0.9265521764755249,0.9778445363044739,5.693382263183594,5.538086891174316,4.556038856506348,nan
0.400,0,102.78395080566406,128.36474609375,118.91781616210938,201.8527069091797,201.99514770507812,200.26731872558594,0.4544011056423187,0.4793574810028076,0.5052260160446167,46.70513916015625,61.53260040283203,60.08037567138672,-44.893714904785156,-56.88670349121094,-58.87932205200195,7.596015453338623,19.53875160217285,2.778688907623291,0.9612157344818115,0.9244970083236694,0.9800091981887817,5.8392014503479,5.621156692504883,4.63156795501709,nan
0.450,0,102.78395080566406,128.36474609375,118.91781616210938,201.8527069091797,201.99514770507812,200.26731872558594,0.4544011056423187,0.4793574810028076,0.5052260160446167,46.70513916015625,61.53260040283203,60.08037567138672,-44.893714904785156,-56.88670349121094,-58.87932205200195,7.596015453338623,19.53875160217285,2.778688907623291,0.9612157344818115,0.9244970083236694,0.9800091981887817,5.8392014503479,5.621156692504883,4.63156795501709,nan
0.500,0,102.78395080566406,128.36474609375,118.91781616210938,201.8527069091797,201.99514770507812,200.26731872558594,0.4544011056423187,0.4793574810028076,0.5052260160446167,46.70513916015625,61.53260040283203,60.08037567138672,-44.893714904785156,-56.88670349121094,-58.87932205200195,7.596015453338623,19.53875160217285,2.778688907623291,0.9612157344818115,0.9244970083236694,0.9800091981887817,5.8392014503479,5.621156692504883,4.63156795501709,nan
0.550,0,102.78395080566406,128.36474609375,118.91781616210938,201.8527069091797,201.99514770507812,200.26731872558594,0.4544011056423187,0.4793574810028076,0.5052260160446167,46.70513916015625,61.53260040283203,60.08037567138672,-44.893714904785156,-56.88670349121094,-58.87932205200195,7.596015453338623,19.53875160217285,2.778688907623291,0.9612157344818115,0.9244970083236694,0.9800091981887817,5.8392014503479,5.621156692504883,4.63156795501709,nan
0.600,0,102.81163787841797,128.26358032226562,118.90193939208984,201.82028198242188,201.84432983398438,200.28477478027344,0.4523727297782898,0.4727780520915985,0.49761849641799927,46.50918197631836,60.64020538330078,59.16780471801758,-44.80577087402344,-56.29245376586914,-57.99284744262695,7.185787677764893,18.431432723999023,2.488192558288574,0.9633747339248657,0.9283024668693542,0.9801419377326965,5.798863410949707,5.59202241897583,4.680426120758057,nan
0.650,0,102.81163787841797,128.26358032226562,118.90193939208984,201.82028198242188,201.84432983398438,200.28477478027344,0.4523727297782898,0.4727780520915985,0.49761849641799927,46.50918197631836,60.64020538330078,59.16780471801758,-44.80577087402344,-56.29245376586914,-57.99284744262695,7.185787677764893,18.431432723999023,2.488192558288574,0.9633747339248657,0.9283024668693542,0.9801419377326965,5.798863410949707,5.59202241897583,4.680426120758057,nan
0.700,0,102.81163787841797,128.26358032226562,118.90193939208984,201.82028198242188,201.84432983398438,200.28477478027344,0.4523727297782898,0.4727780520915985,0.49761849641799927,46.50918197631836,60.64020538330078,59.16780471801758,-44.80577087402344,-56.29245376586914,-57.99284744262695,7.185787677764893,18.431432723999023,2.488192558288574,0.9633747339248657,0.9283024668693542,0.9801419377326965,5.798863410949707,5.59202241897583,4.680426120758057,nan
0.750,0,102.81163787841797,128.26358032226562,118.90193939208984,201.82028198242188,201.84432983398438,200.28477478027344,0.4523727297782898,0.4727780520915985,0.49761849641799927,46.50918197631836,60.64020538330078,59.16780471801758,-44.80577087402344,-56.29245376586914,-57.99284744262695,7.185787677764893,18.431432723999023,2.488192558288574,0.9633747339248657,0.9283024668693542,0.9801419377326965,5.798863410949707,5.59202241897583,4.680426120758057,nan
0.800,0,102.77207946777344,128.25418090820312,118.83659362792969,201.74713134765625,201.81781005859375,200.1936492919922,0.44487637281417847,0.47045591473579407,0.49451524019241333,45.72087097167969,60.33793640136719,58.76650619506836,-43.87527084350586,-55.66947937011719,-57.474937438964844,7.182028770446777,18.83299446105957,2.3625643253326416,0.9596332907676697,0.9226281642913818,0.978022038936615,5.84780216217041,5.637694358825684,4.767722129821777,nan
0.850,0,102.77207946777344,128.25418090820312,118.83659362792969,201.74713134765625,201.81781005859375,200.1936492919922,0.44487637281417847,0.47045591473579407,0.49451524019241333,45.72087097167969,60.33793640136719,58.76650619506836,-43.87527084350586,-55.66947937011719,-57.474937438964844,7.182028770446777,18.83299446105957,2.3625643253326416,0.9596332907676697,0.9226281642913818,0.978022038936615,5.84780216217041,5.637694358825684,4.767722129821777,nan
0.900,0,102.77207946777344,128.25418090820312,118.83659362792969,201.74713134765625,201.81781005859375,200.1936492919922,0.44487637281417847,0.47045591473579407,0.49451524019241333,45.72087097167969,60.33793640136719,58.76650619506836,-43.87527084350586,-55.66947937011719,-57.474937438964844,7.182028770446777,18.83299446105957,2.3625643253326416,0.9596332907676697,0.9226281642913818,0.978022038936615,5.84780216217041,5.637694358825684,4.767722129821777,nan
0.950,0,102.77207946777344,128.25418090820312,118.83659362792969,201.74713134765625,201.81781005859375,200.1936492919922,0.44487637281417847,0.47045591473579407,0.49451524019241333,45.72087097167969,60.33793640136719,58.76650619506836,-43.87527084350586,-55.66947937011719,-57.474937438964844,7.182028770446777,18.83299446105957,2.3625643253326416,0.9596332907676697,0.9226281642913818,0.978022038936615,5.84780216217041,5.637694358825684,4.767722129821777,nan
1.000,0,102.81436920166016,128.2245330810547,118.87818145751953,201.79104614257812,201.81692504882812,200.24276733398438,0.45099595189094543,0.47135984897613525,0.49661096930503845,46.368865966796875,60.43989562988281,59.03620910644531,-44.54654312133789,-56.01310348510742,-57.74966812133789,7.109011650085449,18.36530113220215,2.450230598449707,0.9606994390487671,0.9267570972442627,0.9782075881958008,5.8716511726379395,5.668785572052002,4.815246105194092,nan
1.050,0,102.81436920166016,128.2245330810547,118.87818145751953,201.79104614257812,201.81692504882812,200.24276733398438,0.45099595189094543,0.47135984897613525,0.49661096930503845,46.368865966796875,60.43989562988281,59.03620910644531,-44.54654312133789,-56.01310348510742,-57.74966812133789,7.109011650085449,18.36530113220215,2.450230598449707,0.9606994390487671,0.9267570972442627,0.9782075881958008,5.8716511726379395,5.668785572052002,4.815246105194092,nan
1.100,0,102.81436920166016,128.2245330810547,118.87818145751953,201.79104614257812,201.81692504882812,200.24276733398438,0.45099595189094543,0.47135984897613525,0.49661096930503845,46.368865966796875,60.43989562988281,59.03620910644531,-44.54654312133789,-56.01310348510742,-57.74966812133789,7.109011650085449,18.36530113220215,2.450230598449707,0.9606994390487671,0.9267570972442627,0.9782075881958008,5.8716511726379395,5.668785572052002,4.815246105194092,nan
1.150,0,102.81436920166016,128.2245330810547,118.87818145751953,201.79104614257812,201.81692504882812,200.24276733398438,0.45099595189094543,0.47135984897613525,0.49661096930503845,46.368865966796875,60.43989562988281,59.03620910644531,-44.54654312133789,-56.01310348510742,-57.74966812133789,7.109011650085449,18.36530113220215,2.450230598449707,0.9606994390487671,0.9267570972442627,0.9782075881958008,5.8716511726379395,5.668785572052002,4.815246105194092,nan
1.200,0,102.8167495727539,128.32012939453125,118.86679077148438,201.84165954589844,201.87278747558594,200.27438354492188,0.4535791873931885,0.48117130994796753,0.5030500888824463,46.635536193847656,61.74396514892578,59.79594802856445,-44.764984130859375,-57.17502975463867,-58.5070686340332,7.272910118103027,18.843782424926758,1.896003007888794,0.9598900079727173,0.9260019063949585,0.9784453511238098,5.767468452453613,5.6218719482421875,4.753284454345703,nan
1.250,0,102.8167495727539,128.32012939453125,118.86679077148438,201.84165954589844,201.87278747558594,200.27438354492188,0.4535791873931885,0.48117130994796753,0.5030500888824463,46.635536193847656,61.74396514892578,59.79594802856445,-44.764984130859375,-57.17502975463867,-58.5070686340332,7.272910118103027,18.843782424926758,1.896003007888794,0.9598900079727173,0.9260019063949585,0.9784453511238098,5.767468452453613,5.6218719482421875,4.753284454345703,nan
1.300,0,102.8167495727539,128.32012939453125,118.86679077148438,201.84165954589844,201.87278747558594,200.27438354492188,0.4535791873931885,0.48117130994796753,0.5030500888824463,46.635536193847656,61.74396514892578,59.79594802856445,-44.764984130859375,-57.17502975463867,-58.5070686340332,7.272910118103027,18.843782424926758,1.896003007888794,0.9598900079727173,0.9260019063949585,0.9784453511238098,5.767468452453613,5.6218719482421875,4.753284454345703,nan
1.350,0,102.8167495727539,128.32012939453125,118.86679077148438,201.84165954589844,201.87278747558594,200.27438354492188,0.4535791873931885,0.48117130994796753,0.5030500888824463,46.635536193847656,61.74396514892578,59.79594802856445,-44.764984130859375,-57.17502975463867,-58.5070686340332,7.272910118103027,18.843782424926758,1.896003007888794,0.9598900079727173,0.9260019063949585,0.9784453511238098,5.767468452453613,5.6218719482421875,4.753284454345703,nan
1.400,0,102.80068969726562,128.3055419921875,118.82398986816406,201.87220764160156,201.83346557617188,200.16891479492188,0.4475030303001404,0.4701129198074341,0.4965727925300598,46.00362014770508,60.318092346191406,59.0047607421875,-44.257755279541016,-55.69572067260742,-57.833900451660156,7.543641090393066,19.3552303314209,3.134791612625122,0.9620494246482849,0.9233667254447937,0.9801565408706665,5.822113037109375,5.62803840637207,4.695240497589111,nan
1.450,0,102.80068969726562,128.3055419921875,118.82398986816406,201.87220764160156,201.83346557617188,200.16891479492188,0.4475030303001404,0.4701129198074341,0.4965727925300598,46.00362014770508,60.318092346191406,59.0047607421875,-44.257755279541016,-55.69572067260742,-57.833900451660156,7.543641090393066,19.3552303314209,3.134791612625122,0.9620494246482849,0.9233667254447937,0.9801565408706665,5.822113037109375,5.62803840637207,4.695240497589111,nan
1.500,0,102.80068969726562,128.3055419921875,118.82398986816406,201.87220764160156,201.83346557617188,200.16891479492188,0.4475030303001404,0.4701129198074341,0.4965727925300598,46.00362014770508,60.318092346191406,59.0047607421875,-44.257755279541016,-55.69572067260742,-57.833900451660156,7.543641090393066,19.3552303314209,3.134791612625122,0.9620494246482849,0.9233667254447937,0.9801565408706665,5.822113037109375,5.62803840637207,4.695240497589111,nan
1.550,0,102.80068969726562,128.3055419921875,118.82398986816406,201.87220764160156,201.83346557617188,200.16891479492188,0.4475030303001404,0.4701129198074341,0.4965727925300598,46.00362014770508,60.318092346191406,59.0047607421875,-44.257755279541016,-55.69572067260742,-57.833900451660156,7.543641090393066,19.3552303314209,3.134791612625122,0.9620494246482849,0.9233667254447937,0.9801565408706665,5.822113037109375,5.62803840637207,4.695240497589111,nan
1.600,0,102.85008239746094,128.33309936523438,118.8597183227539,201.89892578125,201.8743133544922,200.290771484375,0.44937196373939514,0.47523701190948486,0.49982383847236633,46.21794509887695,60.98863983154297,59.40892028808594,-44.418479919433594,-56.46495819091797,-58.137054443359375,6.867334842681885,18.56836700439453,1.8054733276367188,0.9610656499862671,0.9258274435997009,0.9785913228988647,5.695887088775635,5.515379905700684,4.596189975738525,nan
1.650,0,102.85008239746094,128.33309936523438,118.8597183227539,201.89892578125,201.8743133544922,200.290771484375,0.44937196373939514,0.47523701190948486,0.49982383847236633,46.21794509887695,60.98863983154297,59.40892028808594,-44.418479919433594,-56.46495819091797,-58.137054443359375,6.867334842681885,18.56836700439453,1.8054733276367188,0.9610656499862671,0.9258274435997009,0.9785913228988647,5.695887088775635,5.515379905700684,4.596189975738525,nan
1.700,0,102.85008239746094,128.33309936523438,118.8597183227539,201.89892578125,201.8743133544922,200.290771484375,0.44937196373939514,0.47523701190948486,0.49982383847236633,46.21794509887695,60.98863983154297,59.40892028808594,-44.418479919433594,-56.46495819091797,-58.137054443359375,6.867334842681885,18.56836700439453,1.8054733276367188,0.9610656499862671,0.9258274435997009,0.9785913228988647,5.695887088775635,5.515379905700684,4.596189975738525,nan
1.750,0,102.85008239746094,128.33309936523438,118.8597183227539,201.89892578125,201.8743133544922,200.290771484375,0.44937196373939514,0.47523701190948486,0.49982383847236633,46.21794509887695,60.98863983154297,59.40892028808594,-44.418479919433594,-56.46495819091797,-58.137054443359375,6.867334842681885,18.56836700439453,1.8054733276367188,0.9610656499862671,0.9258274435997009,0.9785913228988647,5.695887088775635,5.515379905700684,4.596189975738525,nan
1.800,0,102.83589935302734,128.2865447998047,118.89981842041016,201.8873748779297,201.8638458251953,200.28135681152344,0.44334545731544495,0.46764305233955383,0.4924062192440033,45.591827392578125,59.9923095703125,58.5470085144043,-43.83396911621094,-55.537559509277344,-57.2850227355957,6.758947849273682,18.312095642089844,1.964531660079956,0.9614435434341431,0.9257446527481079,0.9784449338912964,5.700563430786133,5.4938554763793945,4.564274787902832,nan
1.850,0,102.83589935302734,128.2865447998047,118.89981842041016,201.8873748779297,201.8638458251953,200.28135681152344,0.44334545731544495,0.46764305233955383,0.4924062192440033,45.591827392578125,59.9923095703125,58.5470085144043,-43.83396911621094,-55.537559509277344,-57.2850227355957,6.758947849273682,18.312095642089844,1.964531660079956,0.9614435434341431,0.9257446527481079,0.9784449338912964,5.700563430786133,5.4938554763793945,4.564274787902832,nan
1.900,0,102.83589935302734,128.2865447998047,118.89981842041016,201.8873748779297,201.8638458251953,200.28135681152344,0.44334545731544495,0.46764305233955383,0.4924062192440033,45.591827392578125,59.9923095703125,58.5470085144043,-43.83396911621094,-55.537559509277344,-57.2850227355957,6.758947849273682,18.312095642089844,1.964531660079956,0.9614435434341431,0.9257446527481079,0.9784449338912964,5.700563430786133,5.4938554763793945,4.564274787902832,nan
1.950,0,102.83589935302734,128.2865447998047,118.89981842041016,201.8873748779297,201.8638458251953,200.28135681152344,0.44334545731544495,0.46764305233955383,0.4924062192440033,45.591827392578125,59.9923095703125,58.5470085144043,-43.83396911621094,-55.537559509277344,-57.2850227355957,6.758947849273682,18.312095642089844,1.964531660079956,0.9614435434341431,0.9257446527481079,0.9784449338912964,5.700563430786133,5.4938554763793945,4.564274787902832,nan
2.000,0,102.87496185302734,128.44044494628906,118.95439147949219,202.01161193847656,202.08633422851562,200.37228393554688,0.4538494348526001,0.480741024017334,0.5058180093765259,46.68974304199219,61.74658966064453,60.169273376464844,-44.86194610595703,-56.95602035522461,-58.9761962890625,7.894729137420654,20.01107406616211,3.047579526901245,0.9608522653579712,0.9224156737327576,0.9801713228225708,5.791737079620361,5.5388994216918945,4.598022937774658,nan
2.050,0,102.87496185302734,128.44044494628906,118.95439147949219,202.01161193847656,202.08633422851562,200.37228393554688,0.4538494348526001,0.480741024017334,0.5058180093765259,46.68974304199219,61.74658966064453,60.169273376464844,-44.86194610595703,-56.95602035522461,-58.9761962890625,7.894729137420654,20.01107406616211,3.047579526901245,0.9608522653579712,0.9224156737327576,0.9801713228225708,5.791737079620361,5.5388994216918945,4.598022937774658,nan
2.100,0,102.87496185302734,128.44044494628906,118.95439147949219,202.01161193847656,202.08633422851562,200.37228393554688,0.4538494348526001,0.480741024017334,0.5058180093765259,46.68974304199219,61.74658966064453,60.169273376464844,-44.86194610595703,-56.95602035522461,-58.9761962890625,7.894729137420654,20.01107406616211,3.047579526901245,0.9608522653579712,0.9224156737327576,0.9801713228225708,5.791737079620361,5.5388994216918945,4.598022937774658,nan
2.150,0,102.87496185302734,128.44044494628906,118.95439147949219,202.01161193847656,202.08633422851562,200.37228393554688,0.4538494348526001,0.480741024017334,0.5058180093765259,46.68974304199219,61.74658966064453,60.169273376464844,-44.86194610595703,-56.95602035522461,-58.9761962890625,7.894729137420654,20.01107406616211,3.047579526901245,0.9608522653579712,0.9224156737327576,0.9801713228225708,5.791737079620361,5.5388994216918945,4.598022937774658,nan
2.200,0,102.88581085205078,128.28121948242188,118.97205352783203,201.858154296875,201.92822265625,200.43841552734375,0.4510989487171173,0.4702243208885193,0.49462705850601196,46.41168212890625,60.32094955444336,58.846797943115234,-44.737396240234375,-56.11050796508789,-57.64537811279297,7.042882442474365,17.992340087890625,2.3381683826446533,0.9639253616333008,0.9301993250846863,0.9795839190483093,5.647833824157715,5.515524387359619,4.544029712677002,nan
2.250,0,102.88581085205078,128.28121948242188,118.97205352783203,201.858154296875,201.92822265625,200.43841552734375,0.4510989487171173,0.4702243208885193,0.49462705850601196,46.41168212890625,60.32094955444336,58.846797943115234,-44.737396240234375,-56.11050796508789,-57.64537811279297,7.042882442474365,17.992340087890625,2.3381683826446533,0.9639253616333008,0.9301993250846863,0.9795839190483093,5.647833824157715,5.515524387359619,4.544029712677002,nan
2.300,0,102.88581085205078,128.28121948242188,118.97205352783203,201.858154296875,201.92822265625,200.43841552734375,0.4510989487171173,0.4702243208885193,0.49462705850601196,46.41168212890625,60.32094955444336,58.846797943115234,-44.737396240234375,-56.11050796508789,-57.64537811279297,7.042882442474365,17.992340087890625,2.3381683826446533,0.9639253616333008,0.9301993250846863,0.9795839190483093,5.647833824157715,5.515524387359619,4.544029712677002,nan
2.350,0,102.88581085205078,128.28121948242188,118.97205352783203,201.858154296875,201.92822265625,200.43841552734375,0.4510989487171173,0.4702243208885193,0.49462705850601196,46.41168212890625,60.32094955444336,58.846797943115234,-44.737396240234375,-56.11050796508789,-57.64537811279297,7.042882442474365,17.992340087890625,2.3381683826446533,0.9639253616333008,0.9301993250846863,0.9795839190483093,5.647833824157715,5.515524387359619,4.544029712677002,nan
2.400,0,102.8194808959961,128.36891174316406,118.90668487548828,201.87533569335938,202.02377319335938,200.27362060546875,0.445403516292572,0.46967223286628723,0.49404075741767883,45.79615783691406,60.29131317138672,58.744747161865234,-43.90668487548828,-55.63656997680664,-57.452911376953125,7.199461460113525,18.785417556762695,2.473639488220215,0.9587416648864746,0.9227957725524902,0.9780093431472778,5.7653608322143555,5.595516204833984,4.584836959838867,nan
2.450,0,102.8194808959961,128.36891174316406,118.90668487548828,201.87533569335938,202.02377319335938,200.27362060546875,0.445403516292572,0.46967223286628723,0.49404075741767883,45.79615783691406,60.29131317138672,58.744747161865234,-43.90668487548828,-55.63656997680664,-57.452911376953125,7.199461460113525,18.785417556762695,2.473639488220215,0.9587416648864746,0.9227957725524902,0.9780093431472778,5.7653608322143555,5.595516204833984,4.584836959838867,nan
2.500,0,102.8194808959961,128.36891174316406,118.90668487548828,201.87533569335938,202.02377319335938,200.27362060546875,0.445403516292572,0.46967223286628723,0.49404075741767883,45.79615783691406,60.29131317138672,58.744747161865234,-43.90668487548828,-55.63656997680664,-57.452911376953125,7.199461460113525,18.785417556762695,2.473639488220215,0.9587416648864746,0.9227957725524902,0.9780093431472778,5.7653608322143555,5.595516204833984,4.584836959838867,nan
2.550,0,102.8194808959961,128.36891174316406,118.90668487548828,201.87533569335938,202.02377319335938,200.27362060546875,0.445403516292572,0.46967223286628723,0.49404075741767883,45.79615783691406,60.29131317138672,58.744747161865234,-43.90668487548828,-55.63656997680664,-57.452911376953125,7.199461460113525,18.785417556762695,2.473639488220215,0.9587416648864746,0.9227957725524902,0.9780093431472778,5.7653608322143555,5.595516204833984,4.584836959838867,nan
2.600,0,102.85747528076172,128.30575561523438,118.95658874511719,201.8785858154297,201.96176147460938,200.3622283935547,0.4484318494796753,0.4693065881729126,0.4961392879486084,46.124568939208984,60.21473693847656,59.01903533935547,-44.429725646972656,-55.78349304199219,-57.78630447387695,6.876516342163086,18.36857795715332,2.3747706413269043,0.9632551074028015,0.9264093041419983,0.979112982749939,5.666749000549316,5.536378860473633,4.519383907318115,nan
2.650,0,102.85747528076172,128.30575561523438,118.95658874511719,201.8785858154297,201.96176147460938,200.3622283935547,0.4484318494796753,0.4693065881729126,0.4961392879486084,46.124568939208984,60.21473693847656,59.01903533935547,-44.429725646972656,-55.78349304199219,-57.78630447387695,6.876516342163086,18.36857795715332,2.3747706413269043,0.9632551074028015,0.9264093041419983,0.979112982749939,5.666749000549316,5.536378860473633,4.519383907318115,nan
2.700,0,102.85747528076172,128.30575561523438,118.95658874511719,201.8785858154297,201.96176147460938,200.3622283935547,0.4484318494796753,0.4693065881729126,0.4961392879486084,46.124568939208984,60.21473693847656,59.01903533935547,-44.429725646972656,-55.78349304199219,-57.78630447387695,6.876516342163086,18.36857795715332,2.3747706413269043,0.9632551074028015,0.9264093041419983,0.979112982749939,5.666749000549316,5.536378860473633,4.519383907318115,nan
2.750,0,102.85747528076172,128.30575561523438,118.95658874511719,201.8785858154297,201.96176147460938,200.3622283935547,0.4484318494796753,0.4693065881729126,0.4961392879486084,46.124568939208984,60.21473693847656,59.01903533935547,-44.429725646972656,-55.78349304199219,-57.78630447387695,6.876516342163086,18.36857795715332,2.3747706413269043,0.9632551074028015,0.9264093041419983,0.979112982749939,5.666749000549316,5.536378860473633,4.519383907318115,nan
2.800,0,102.86881256103516,128.41354370117188,118.94700622558594,201.9661865234375,202.03652954101562,200.38787841796875,0.45322105288505554,0.4771600365638733,0.5019992589950562,46.622310638427734,61.27381134033203,59.711307525634766,-44.94196319580078,-56.89439392089844,-58.587486267089844,7.403425693511963,19.010602951049805,2.476790189743042,0.9639583230018616,0.9285271167755127,0.9811790585517883,5.693583011627197,5.515382289886475,4.49260139465332,nan
2.850,0,102.86881256103516,128.41354370117188,118.94700622558594,201.9661865234375,202.03652954101562,200.38787841796875,0.45322105288505554,0.4771600365638733,0.5019992589950562,46.622310638427734,61.27381134033203,59.711307525634766,-44.94196319580078,-56.89439392089844,-58.587486267089844,7.403425693511963,19.010602951049805,2.476790189743042,0.9639583230018616,0.9285271167755127,0.9811790585517883,5.693583011627197,5.515382289886475,4.49260139465332,nan
2.900,0,102.86881256103516,128.41354370117188,118.94700622558594,201.9661865234375,202.03652954101562,200.38787841796875,0.45322105288505554,0.4771600365638733,0.5019992589950562,46.622310638427734,61.27381134033203,59.711307525634766,-44.94196319580078,-56.89439392089844,-58.587486267089844,7.403425693511963,19.010602951049805,2.476790189743042,0.9639583230018616,0.9285271167755127,0.9811790585517883,5.693583011627197,5.515382289886475,4.49260139465332,nan
2.950,0,102.86881256103516,128.41354370117188,118.94700622558594,201.9661865234375,202.03652954101562,200.38787841796875,0.45322105288505554,0.4771600365638733,0.5019992589950562,46.622310638427734,61.27381134033203,59.711307525634766,-44.94196319580078,-56.89439392089844,-58.587486267089844,7.403425693511963,19.010602951049805,2.476790189743042,0.9639583230018616,0.9285271167755127,0.9811790585517883,5.693583011627197,5.515382289886475,4.49260139465332,nan
3.000,0,102.82772827148438,128.3291473388672,118.91287994384766,201.88934326171875,201.9441375732422,200.28857421875,0.44902411103248596,0.4675557315349579,0.4963763654232025,46.1721305847168,60.00102996826172,59.025543212890625,-44.396827697753906,-55.338539123535156,-57.77627944946289,7.23875093460083,18.931793212890625,3.199549913406372,0.9615503549575806,0.9222931265830994,0.9788352251052856,5.772411823272705,5.502208709716797,4.543746471405029,nan
3.050,0,102.82772827148438,128.3291473388672,118.91287994384766,201.88934326171875,201.9441375732422,200.28857421875,0.44902411103248596,0.4675557315349579,0.4963763654232025,46.1721305847168,60.00102996826172,59.025543212890625,-44.396827697753906,-55.338539123535156,-57.77627944946289,7.23875093460083,18.931793212890625,3.199549913406372,0.9615503549575806,0.9222931265830994,0.9788352251052856,5.772411823272705,5.502208709716797,4.543746471405029,nan
3.100,0,102.82772827148438,128.3291473388672,118.91287994384766,201.88934326171875,201.9441375732422,200.28857421875,0.44902411103248596,0.4675557315349579,0.4963763654232025,46.1721305847168,60.00102996826172,59.025543212890625,-44.396827697753906,-55.338539123535156,-57.77627944946289,7.23875093460083,18.931793212890625,3.199549913406372,0.9615503549575806,0.9222931265830994,0.9788352251052856,5.772411823272705,5.502208709716797,4.543746471405029,nan
3.150,0,102.82772827148438,128.3291473388672,118.91287994384766,201.88934326171875,201.9441375732422,200.28857421875,0.44902411103248596,0.4675557315349579,0.4963763654232025,46.1721305847168,60.00102996826172,59.025543212890625,-44.396827697753906,-55.338539123535156,-57.77627944946289,7.23875093460083,18.931793212890625,3.199549913406372,0.9615503549575806,0.9222931265830994,0.9788352251052856,5.772411823272705,5.502208709716797,4.543746471405029,nan
3.200,0,102.82546997070312,128.25869750976562,118.92577362060547,201.75006103515625,201.90185546875,200.3578643798828,0.45127254724502563,0.471525639295578,0.4969123303890228,46.402313232421875,60.477264404296875,59.09568405151367,-44.67002868652344,-56.17578125,-57.82808303833008,6.876518249511719,18.022768020629883,2.123931646347046,0.9626681208610535,0.9288743734359741,0.9785500168800354,5.663320541381836,5.485493183135986,4.514891147613525,nan
3.250,0,102.82546997070312,128.25869750976562,118.92577362060547,201.75006103515625,201.90185546875,200.3578643798828,0.45127254724502563,0.471525639295578,0.4969123303890228,46.402313232421875,60.477264404296875,59.09568405151367,-44.67002868652344,-56.17578125,-57.82808303833008,6.876518249511719,18.022768020629883,2.123931646347046,0.9626681208610535,0.9288743734359741,0.9785500168800354,5.663320541381836,5.485493183135986,4.514891147613525,nan
3.300,0,102.82546997070312,128.25869750976562,118.92577362060547,201.75006103515625,201.90185546875,200.3578643798828,0.45127254724502563,0.471525639295578,0.4969123303890228,46.402313232421875,60.477264404296875,59.09568405151367,-44.67002868652344,-56.17578125,-57.82808303833008,6.876518249511719,18.022768020629883,2.123931646347046,0.9626681208610535,0.9288743734359741,0.9785500168800354,5.663320541381836,5.485493183135986,4.514891147613525,nan
3.350,0,102.82546997070312,128.25869750976562,118.92577362060547,201.75006103515625,201.90185546875,200.3578643798828,0.45127254724502563,0.471525639295578,0.4969123303890228,46.402313232421875,60.477264404296875,59.09568405151367,-44.67002868652344,-56.17578125,-57.82808303833008,6.876518249511719,18.022768020629883,2.123931646347046,0.9626681208610535,0.9288743734359741,0.9785500168800354,5.663320541381836,5.485493183135986,4.514891147613525,nan
3.400,0,102.79304504394531,128.2344970703125,118.90503692626953,201.76193237304688,201.8682098388672,200.25318908691406,0.4464007318019867,0.463798463344574,0.4919596016407013,45.88689041137695,59.4749641418457,58.49647521972656,-44.23797607421875,-55.21674346923828,-57.29967498779297,6.613640785217285,17.868873596191406,2.3762712478637695,0.964065670967102,0.9284031391143799,0.9795406460762024,5.761991024017334,5.557311534881592,4.6216959953308105,nan
3.450,0,102.79304504394531,128.2344970703125,118.90503692626953,201.76193237304688,201.8682098388672,200.25318908691406,0.4464007318019867,0.463798463344574,0.4919596016407013,45.88689041137695,59.4749641418457,58.49647521972656,-44.23797607421875,-55.21674346923828,-57.29967498779297,6.613640785217285,17.868873596191406,2.3762712478637695,0.964065670967102,0.9284031391143799,0.9795406460762024,5.761991024017334,5.557311534881592,4.6216959953308105,nan
3.500,0,102.79304504394531,128.2344970703125,118.90503692626953,201.76193237304688,201.8682098388672,200.25318908691406,0.4464007318019867,0.463798463344574,0.4919596016407013,45.88689041137695,59.4749641418457,58.49647521972656,-44.23797607421875,-55.21674346923828,-57.29967498779297,6.613640785217285,17.868873596191406,2.3762712478637695,0.964065670967102,0.9284031391143799,0.9795406460762024,5.761991024017334,5.557311534881592,4.6216959953308105,nan
3.550,0,102.79304504394531,128.2344970703125,118.90503692626953,201.76193237304688,201.8682098388672,200.25318908691406,0.4464007318019867,0.463798463344574,0.4919596016407013,45.88689041137695,59.4749641418457,58.49647521972656,-44.23797607421875,-55.21674346923828,-57.29967498779297,6.613640785217285,17.868873596191406,2.3762712478637695,0.964065670967102,0.9284031391143799,0.9795406460762024,5.761991024017334,5.557311534881592,4.6216959953308105,nan
3.600,0,102.82196044921875,128.3259735107422,118.88969421386719,201.8391876220703,201.92410278320312,200.29306030273438,0.45540374517440796,0.4807773232460022,0.5046172738075256,46.825504302978516,61.69621658325195,59.99379348754883,-44.93388366699219,-57.01493453979492,-58.730934143066406,7.766726970672607,19.49712371826172,2.754302501678467,0.9596027731895447,0.9241237044334412,0.9789501428604126,5.722904205322266,5.579533576965332,4.6576128005981445,nan
3.650,0,102.82196044921875,128.3259735107422,118.88969421386719,201.8391876220703,201.92410278320312,200.29306030273438,0.45540374517440796,0.4807773232460022,0.5046172738075256,46.825504302978516,61.69621658325195,59.99379348754883,-44.93388366699219,-57.01493453979492,-58.730934143066406,7.766726970672607,19.49712371826172,2.754302501678467,0.9596027731895447,0.9241237044334412,0.9789501428604126,5.722904205322266,5.579533576965332,4.6576128005981445,nan
3.700,0,102.82196044921875,128.3259735107422,118.88969421386719,201.8391876220703,201.92410278320312,200.29306030273438,0.45540374517440796,0.4807773232460022,0.5046172738075256,46.825504302978516,61.69621658325195,59.99379348754883,-44.93388366699219,-57.01493453979492,-58.730934143066406,7.766726970672607,19.49712371826172,2.754302501678467,0.9596027731895447,0.9241237044334412,0.9789501428604126,5.722904205322266,5.579533576965332,4.6576128005981445,nan
3.750,0,102.82196044921875,128.3259735107422,118.88969421386719,201.8391876220703,201.92410278320312,200.29306030273438,0.45540374517440796,0.4807773232460022,0.5046172738075256,46.825504302978516,61.69621658325195,59.99379348754883,-44.93388366699219,-57.01493453979492,-58.730934143066406,7.766726970672607,19.49712371826172,2.754302501678467,0.9596027731895447,0.9241237044334412,0.9789501428604126,5.722904205322266,5.579533576965332,4.6576128005981445,nan
3.800,0,102.8123550415039,128.2726287841797,118.87713623046875,201.8193359375,201.83518981933594,200.26577758789062,0.45289286971092224,0.47310617566108704,0.4985587000846863,46.56298065185547,60.68657302856445,59.26723098754883,-44.8343505859375,-56.320499420166016,-58.08450698852539,7.170107841491699,18.495826721191406,2.525571584701538,0.9628754258155823,0.9280553460121155,0.9800442457199097,5.739082336425781,5.574123382568359,4.635721206665039,nan
3.850,0,102.8123550415039,128.2726287841797,118.87713623046875,201.8193359375,201.83518981933594,200.26577758789062,0.45289286971092224,0.47310617566108704,0.4985587000846863,46.56298065185547,60.68657302856445,59.26723098754883,-44.8343505859375,-56.320499420166016,-58.08450698852539,7.170107841491699,18.495826721191406,2.525571584701538,0.9628754258155823,0.9280553460121155,0.9800442457199097,5.739082336425781,5.574123382568359,4.635721206665039,nan
3.900,0,102.8123550415039,128.2726287841797,118.87713623046875,201.8193359375,201.83518981933594,200.26577758789062,0.45289286971092224,0.47310617566108704,0.4985587000846863,46.56298065185547,60.68657302856445,59.26723098754883,-44.8343505859375,-56.320499420166016,-58.08450698852539,7.170107841491699,18.495826721191406,2.525571584701538,0.9628754258155823,0.9280553460121155,0.9800442457199097,5.739082336425781,5.574123382568359,4.635721206665039,nan
3.950,0,102.8123550415039,128.2726287841797,118.87713623046875,201.8193359375,201.83518981933594,200.26577758789062,0.45289286971092224,0.47310617566108704,0.4985587000846863,46.56298065185547,60.68657302856445,59.26723098754883,-44.8343505859375,-56.320499420166016,-58.08450698852539,7.170107841491699,18.495826721191406,2.525571584701538,0.9628754258155823,0.9280553460121155,0.9800442457199097,5.739082336425781,5.574123382568359,4.635721206665039,nan
4.000,0,102.7601318359375,128.27426147460938,118.84033966064453,201.7450714111328,201.83773803710938,200.19505310058594,0.44409623742103577,0.46769604086875916,0.49393361806869507,45.6353874206543,59.99336242675781,58.69923782348633,-43.892845153808594,-55.427406311035156,-57.462764739990234,6.861593246459961,18.537904739379883,2.249241352081299,0.9618160128593445,0.9238923192024231,0.9789354205131531,5.7519989013671875,5.5599141120910645,4.599792003631592,nan
4.050,0,102.7601318359375,128.27426147460938,118.84033966064453,201.7450714111328,201.83773803710938,200.19505310058594,0.44409623742103577,0.46769604086875916,0.49393361806869507,45.6353874206543,59.99336242675781,58.69923782348633,-43.892845153808594,-55.427406311035156,-57.462764739990234,6.861593246459961,18.537904739379883,2.249241352081299,0.9618160128593445,0.9238923192024231,0.9789354205131531,5.7519989013671875,5.5599141120910645,4.599792003631592,nan
4.100,0,102.7601318359375,128.27426147460938,118.84033966064453,201.7450714111328,201.83773803710938,200.19505310058594,0.44409623742103577,0.46769604086875916,0.49393361806869507,45.6353874206543,59.99336242675781,58.69923782348633,-43.892845153808594,-55.427406311035156,-57.462764739990234,6.861593246459961,18.537904739379883,2.249241352081299,0.9618160128593445,0.9238923192024231,0.9789354205131531,5.7519989013671875,5.5599141120910645,4.599792003631592,nan
4.150,0,102.7601318359375,128.27426147460938,118.84033966064453,201.7450714111328,201.83773803710938,200.19505310058594,0.44409623742103577,0.46769604086875916,0.49393361806869507,45.6353874206543,59.99336242675781,58.69923782348633,-43.892845153808594,-55.427406311035156,-57.462764739990234,6.861593246459961,18.537904739379883,2.249241352081299,0.9618160128593445,0.9238923192024231,0.9789354205131531,5.7519989013671875,5.5599141120910645,4.599792003631592,nan
4.200,0,102.8126220703125,128.2438201904297,118.91661834716797,201.7794952392578,201.88180541992188,200.2935791015625,0.45163190364837646,0.4700451195240021,0.49565741419792175,46.4334602355957,60.28038024902344,58.94190216064453,-44.67813491821289,-55.946075439453125,-57.73035430908203,7.123368263244629,18.27198028564453,2.6188881397247314,0.962196946144104,0.9280976057052612,0.9794450402259827,5.694655895233154,5.511538505554199,4.527328968048096,nan
4.250,0,102.8126220703125,128.2438201904297,118.91661834716797,201.7794952392578,201.88180541992188,200.2935791015625,0.45163190364837646,0.4700451195240021,0.49565741419792175,46.4334602355957,60.28038024902344,58.94190216064453,-44.67813491821289,-55.946075439453125,-57.73035430908203,7.123368263244629,18.27198028564453,2.6188881397247314,0.962196946144104,0.9280976057052612,0.9794450402259827,5.694655895233154,5.511538505554199,4.527328968048096,nan
4.300,0,102.8126220703125,128.2438201904297,118.91661834716797,201.7794952392578,201.88180541992188,200.2935791015625,0.45163190364837646,0.4700451195240021,0.49565741419792175,46.4334602355957,60.28038024902344,58.94190216064453,-44.67813491821289,-55.946075439453125,-57.73035430908203,7.123368263244629,18.27198028564453,2.6188881397247314,0.962196946144104,0.9280976057052612,0.9794450402259827,5.694655895233154,5.511538505554199,4.527328968048096,nan
4.350,0,102.8126220703125,128.2438201904297,118.91661834716797,201.7794952392578,201.88180541992188,200.2935791015625,0.45163190364837646,0.4700451195240021,0.49565741419792175,46.4334602355957,60.28038024902344,58.94190216064453,-44.67813491821289,-55.946075439453125,-57.73035430908203,7.123368263244629,18.27198028564453,2.6188881397247314,0.962196946144104,0.9280976057052612,0.9794450402259827,5.694655895233154,5.511538505554199,4.527328968048096,nan
4.400,0,102.81036376953125,128.39295959472656,118.96540069580078,201.9066925048828,202.0546112060547,200.33123779296875,0.45171478390693665,0.4749547839164734,0.5041733980178833,46.44095993041992,60.98085021972656,59.979190826416016,-44.757022857666016,-56.528648376464844,-58.76163864135742,6.578425407409668,18.60660743713379,1.9343926906585693,0.9637402892112732,0.9269901514053345,0.9797004461288452,5.809629917144775,5.560852527618408,4.6564621925354,nan
4.450,0,102.81036376953125,128.39295959472656,118.96540069580078,201.9066925048828,202.0546112060547,200.33123779296875,0.45171478390693665,0.4749547839164734,0.5041733980178833,46.44095993041992,60.98085021972656,59.979190826416016,-44.757022857666016,-56.528648376464844,-58.76163864135742,6.578425407409668,18.60660743713379,1.9343926906585693,0.9637402892112732,0.9269901514053345,0.9797004461288452,5.809629917144775,5.560852527618408,4.6564621925354,nan
4.500,0,102.81036376953125,128.39295959472656,118.96540069580078,201.9066925048828,202.0546112060547,200.33123779296875,0.45171478390693665,0.4749547839164734,0.5041733980178833,46.44095993041992,60.98085021972656,59.979190826416016,-44.757022857666016,-56.528648376464844,-58.76163864135742,6.578425407409668,18.60660743713379,1.9343926906585693,0.9637402892112732,0.9269901514053345,0.9797004461288452,5.809629917144775,5.560852527618408,4.6564621925354,nan
4.550,0,102.81036376953125,128.39295959472656,118.96540069580078,201.9066925048828,202.0546112060547,200.33123779296875,0.45171478390693665,0.4749547839164734,0.5041733980178833,46.44095993041992,60.98085021972656,59.979190826416016,-44.757022857666016,-56.528648376464844,-58.76163864135742,6.578425407409668,18.60660743713379,1.9343926906585693,0.9637402892112732,0.9269901514053345,0.9797004461288452,5.809629917144775,5.560852527618408,4.6564621925354,nan
4.600,0,102.85031127929688,128.2819366455078,118.88681030273438,201.85919189453125,201.8654327392578,200.29946899414062,0.45014289021492004,0.47278812527656555,0.49600228667259216,46.29733657836914,60.650177001953125,58.9681282043457,-44.44948959350586,-56.01065444946289,-57.74394226074219,7.949286460876465,19.36768913269043,3.2835841178894043,0.9600874185562134,0.923503577709198,0.9792398810386658,5.744884014129639,5.542381286621094,4.658802509307861,nan
4.650,0,102.85031127929688,128.2819366455078,118.88681030273438,201.85919189453125,201.8654327392578,200.29946899414062,0.45014289021492004,0.47278812527656555,0.49600228667259216,46.29733657836914,60.650177001953125,58.9681282043457,-44.44948959350586,-56.01065444946289,-57.74394226074219,7.949286460876465,19.36768913269043,3.2835841178894043,0.9600874185562134,0.923503577709198,0.9792398810386658,5.744884014129639,5.542381286621094,4.658802509307861,nan
4.700,0,102.85031127929688,128.2819366455078,118.88681030273438,201.85919189453125,201.8654327392578,200.29946899414062,0.45014289021492004,0.47278812527656555,0.49600228667259216,46.29733657836914,60.650177001953125,58.9681282043457,-44.44948959350586,-56.01065444946289,-57.74394226074219,7.949286460876465,19.36768913269043,3.2835841178894043,0.9600874185562134,0.923503577709198,0.9792398810386658,5.744884014129639,5.542381286621094,4.658802509307861,nan
4.750,0,102.85031127929688,128.2819366455078,118.88681030273438,201.85919189453125,201.8654327392578,200.29946899414062,0.45014289021492004,0.47278812527656555,0.49600228667259216,46.29733657836914,60.650177001953125,58.9681282043457,-44.44948959350586,-56.01065444946289,-57.74394226074219,7.949286460876465,19.36768913269043,3.2835841178894043,0.9600874185562134,0.923503577709198,0.9792398810386658,5.744884014129639,5.542381286621094,4.658802509307861,nan
4.800,0,102.85575866699219,128.2971954345703,118.8866195678711,201.8614501953125,201.8701629638672,200.32171630859375,0.4478602111339569,0.47055840492248535,0.4959040880203247,46.06500244140625,60.37132263183594,58.95635986328125,-44.432289123535156,-56.1474723815918,-57.799888610839844,6.657289028167725,18.040803909301758,1.7914812564849854,0.9645563364028931,0.9300354719161987,0.9803842902183533,5.560424327850342,5.463122367858887,4.55293607711792,nan
4.850,0,102.85575866699219,128.2971954345703,118.8866195678711,201.8614501953125,201.8701629638672,200.32171630859375,0.4478602111339569,0.47055840492248535,0.4959040880203247,46.06500244140625,60.37132263183594,58.95635986328125,-44.432289123535156,-56.1474723815918,-57.799888610839844,6.657289028167725,18.040803909301758,1.7914812564849854,0.9645563364028931,0.9300354719161987,0.9803842902183533,5.560424327850342,5.463122367858887,4.55293607711792,nan
4.900,0,102.85575866699219,128.2971954345703,118.8866195678711,201.8614501953125,201.8701629638672,200.32171630859375,0.4478602111339569,0.47055840492248535,0.4959040880203247,46.06500244140625,60.37132263183594,58.95635986328125,-44.432289123535156,-56.1474723815918,-57.799888610839844,6.657289028167725,18.040803909301758,1.7914812564849854,0.9645563364028931,0.9300354719161987,0.9803842902183533,5.560424327850342,5.463122367858887,4.55293607711792,nan
4.950,0,102.85575866699219,128.2971954345703,118.8866195678711,201.8614501953125,201.8701629638672,200.32171630859375,0.4478602111339569,0.47055840492248535,0.4959040880203247,46.06500244140625,60.37132263183594,58.95635986328125,-44.432289123535156,-56.1474723815918,-57.799888610839844,6.657289028167725,18.040803909301758,1.7914812564849854,0.9645563364028931,0.9300354719161987,0.9803842902183533,5.560424327850342,5.463122367858887,4.55293607711792,nan
5.000,0,102.81861877441406,128.3290557861328,118.86405944824219,201.87069702148438,201.9178466796875,200.23390197753906,0.4450448155403137,0.46971216797828674,0.4933958351612091,45.75889205932617,60.27771759033203,58.64703369140625,-44.03245544433594,-55.837310791015625,-57.47762680053711,7.022647380828857,18.51717185974121,2.1501834392547607,0.9622710347175598,0.9263342022895813,0.9800602793693542,5.786190032958984,5.6017913818359375,4.624208450317383,nan
5.050,0,102.81861877441406,128.3290557861328,118.86405944824219,201.87069702148438,201.9178466796875,200.23390197753906,0.4450448155403137,0.46971216797828674,0.4933958351612091,45.75889205932617,60.27771759033203,58.64703369140625,-44.03245544433594,-55.837310791015625,-57.47762680053711,7.022647380828857,18.51717185974121,2.1501834392547607,0.9622710347175598,0.9263342022895813,0.9800602793693542,5.786190032958984,5.6017913818359375,4.624208450317383,nan
5.100,0,102.81861877441406,128.3290557861328,118.86405944824219,201.87069702148438,201.9178466796875,200.23390197753906,0.4450448155403137,0.46971216797828674,0.4933958351612091,45.75889205932617,60.27771759033203,58.64703369140625,-44.03245544433594,-55.837310791015625,-57.47762680053711,7.022647380828857,18.51717185974121,2.1501834392547607,0.9622710347175598,0.9263342022895813,0.9800602793693542,5.786190032958984,5.6017913818359375,4.624208450317383,nan
5.150,0,102.81861877441406,128.3290557861328,118.86405944824219,201.87069702148438,201.9178466796875,200.23390197753906,0.4450448155403137,0.46971216797828674,0.4933958351612091,45.75889205932617,60.27771759033203,58.64703369140625,-44.03245544433594,-55.837310791015625,-57.47762680053711,7.022647380828857,18.51717185974121,2.1501834392547607,0.9622710347175598,0.9263342022895813,0.9800602793693542,5.786190032958984,5.6017913818359375,4.624208450317383,nan
5.200,0,102.83162689208984,128.25503540039062,118.91116333007812,201.81101989746094,201.8405303955078,200.32940673828125,0.450556218624115,0.47215354442596436,0.4970678687095642,46.33142852783203,60.556068420410156,59.10691833496094,-44.55933380126953,-56.09025573730469,-57.88435363769531,7.27056360244751,18.668397903442383,2.5862340927124023,0.9617517590522766,0.9262532591819763,0.9793160557746887,5.673186302185059,5.517075061798096,4.514203071594238,nan
5.250,0,102.83162689208984,128.25503540039062,118.91116333007812,201.81101989746094,201.8405303955078,200.32940673828125,0.450556218624115,0.47215354442596436,0.4970678687095642,46.33142852783203,60.556068420410156,59.10691833496094,-44.55933380126953,-56.09025573730469,-57.88435363769531,7.27056360244751,18.668397903442383,2.5862340927124023,0.9617517590522766,0.9262532591819763,0.9793160557746887,5.673186302185059,5.517075061798096,4.514203071594238,nan
5.300,0,102.83162689208984,128.25503540039062,118.91116333007812,201.81101989746094,201.8405303955078,200.32940673828125,0.450556218624115,0.47215354442596436,0.4970678687095642,46.33142852783203,60.556068420410156,59.10691833496094,-44.55933380126953,-56.09025573730469,-57.88435363769531,7.27056360244751,18.668397903442383,2.5862340927124023,0.9617517590522766,0.9262532591819763,0.9793160557746887,5.673186302185059,5.517075061798096,4.514203071594238,nan
5.350,0,102.83162689208984,128.25503540039062,118.91116333007812,201.81101989746094,201.8405303955078,200.32940673828125,0.450556218624115,0.47215354442596436,0.4970678687095642,46.33142852783203,60.556068420410156,59.10691833496094,-44.55933380126953,-56.09025573730469,-57.88435363769531,7.27056360244751,18.668397903442383,2.5862340927124023,0.9617517590522766,0.9262532591819763,0.9793160557746887,5.673186302185059,5.517075061798096,4.514203071594238,nan
5.400,0,102.8694076538086,128.4202880859375,118.95193481445312,201.99575805664062,202.05812072753906,200.3662109375,0.45522505044937134,0.47987982630729675,0.5064266920089722,46.828731536865234,61.626304626464844,60.24043655395508,-45.069007873535156,-57.043800354003906,-59.02853012084961,7.337648868560791,19.293106079101562,2.498392105102539,0.9624221324920654,0.9256404638290405,0.9798821806907654,5.785861015319824,5.540719032287598,4.584096908569336,nan
5.450,0,102.8694076538086,128.4202880859375,118.95193481445312,201.99575805664062,202.05812072753906,200.3662109375,0.45522505044937134,0.47987982630729675,0.5064266920089722,46.828731536865234,61.626304626464844,60.24043655395508,-45.069007873535156,-57.043800354003906,-59.02853012084961,7.337648868560791,19.293106079101562,2.498392105102539,0.9624221324920654,0.9256404638290405,0.9798821806907654,5.785861015319824,5.540719032287598,4.584096908569336,nan
5.500,0,102.8694076538086,128.4202880859375,118.95193481445312,201.99575805664062,202.05812072753906,200.3662109375,0.45522505044937134,0.47987982630729675,0.5064266920089722,46.828731536865234,61.626304626464844,60.24043655395508,-45.069007873535156,-57.043800354003906,-59.02853012084961,7.337648868560791,19.293106079101562,2.498392105102539,0.9624221324920654,0.9256404638290405,0.9798821806907654,5.785861015319824,5.540719032287598,4.584096908569336,nan
5.550,0,102.8694076538086,128.4202880859375,118.95193481445312,201.99575805664062,202.05812072753906,200.3662109375,0.45522505044937134,0.47987982630729675,0.5064266920089722,46.828731536865234,61.626304626464844,60.24043655395508,-45.069007873535156,-57.043800354003906,-59.02853012084961,7.337648868560791,19.293106079101562,2.498392105102539,0.9624221324920654,0.9256404638290405,0.9798821806907654,5.785861015319824,5.540719032287598,4.584096908569336,nan
5.600,0,102.81996154785156,128.27078247070312,118.8813247680664,201.82859802246094,201.8451385498047,200.2698974609375,0.4439743757247925,0.46527767181396484,0.49157726764678955,45.64942932128906,59.6815299987793,58.43935775756836,-43.97581481933594,-55.33818054199219,-57.26216125488281,6.95500373840332,18.434349060058594,2.4385080337524414,0.9633376598358154,0.9272245764732361,0.9798560738563538,5.687884330749512,5.485966205596924,4.558512210845947,nan
5.650,0,102.81996154785156,128.27078247070312,118.8813247680664,201.82859802246094,201.8451385498047,200.2698974609375,0.4439743757247925,0.46527767181396484,0.49157726764678955,45.64942932128906,59.6815299987793,58.43935775756836,-43.97581481933594,-55.33818054199219,-57.26216125488281,6.95500373840332,18.434349060058594,2.4385080337524414,0.9633376598358154,0.9272245764732361,0.9798560738563538,5.687884330749512,5.485966205596924,4.558512210845947,nan
5.700,0,102.81996154785156,128.27078247070312,118.8813247680664,201.82859802246094,201.8451385498047,200.2698974609375,0.4439743757247925,0.46527767181396484,0.49157726764678955,45.64942932128906,59.6815299987793,58.43935775756836,-43.97581481933594,-55.33818054199219,-57.26216125488281,6.95500373840332,18.434349060058594,2.4385080337524414,0.9633376598358154,0.9272245764732361,0.9798560738563538,5.687884330749512,5.485966205596924,4.558512210845947,nan
5.750,0,102.81996154785156,128.27078247070312,118.8813247680664,201.82859802246094,201.8451385498047,200.2698974609375,0.4439743757247925,0.46527767181396484,0.49157726764678955,45.64942932128906,59.6815299987793,58.43935775756836,-43.97581481933594,-55.33818054199219,-57.26216125488281,6.95500373840332,18.434349060058594,2.4385080337524414,0.9633376598358154,0.9272245764732361,0.9798560738563538,5.687884330749512,5.485966205596924,4.558512210845947,nan
5.800,0,102.85781860351562,128.3338623046875,118.89818572998047,201.88714599609375,201.9237823486328,200.33447265625,0.4514385163784027,0.47633638978004456,0.5009914636611938,46.433982849121094,61.130088806152344,59.56697463989258,-44.55512237548828,-56.49822998046875,-58.2360954284668,7.191178321838379,18.844776153564453,2.247781991958618,0.9595369696617126,0.9242295026779175,0.9776574373245239,5.641144752502441,5.485323905944824,4.56027889251709,nan
5.850,0,102.85781860351562,128.3338623046875,118.89818572998047,201.88714599609375,201.9237823486328,200.33447265625,0.4514385163784027,0.47633638978004456,0.5009914636611938,46.433982849121094,61.130088806152344,59.56697463989258,-44.55512237548828,-56.49822998046875,-58.2360954284668,7.191178321838379,18.844776153564453,2.247781991958618,0.9595369696617126,0.9242295026779175,0.9776574373245239,5.641144752502441,5.485323905944824,4.56027889251709,nan
5.900,0,102.85781860351562,128.3338623046875,118.89818572998047,201.88714599609375,201.9237823486328,200.33447265625,0.4514385163784027,0.47633638978004456,0.5009914636611938,46.433982849121094,61.130088806152344,59.56697463989258,-44.55512237548828,-56.49822998046875,-58.2360954284668,7.191178321838379,18.844776153564453,2.247781991958618,0.9595369696617126,0.9242295026779175,0.9776574373245239,5.641144752502441,5.485323905944824,4.56027889251709,nan
5.950,0,102.85781860351562,128.3338623046875,118.89818572998047,201.88714599609375,201.9237823486328,200.33447265625,0.4514385163784027,0.47633638978004456,0.5009914636611938,46.433982849121094,61.130088806152344,59.56697463989258,-44.55512237548828,-56.49822998046875,-58.2360954284668,7.191178321838379,18.844776153564453,2.247781991958618,0.9595369696617126,0.9242295026779175,0.9776574373245239,5.641144752502441,5.485323905944824,4.56027889251709,nan
6.000,0,102.84137725830078,128.3248291015625,118.89568328857422,201.8983154296875,201.95306396484375,200.26202392578125,0.4509328305721283,0.471434623003006,0.49777400493621826,46.37455368041992,60.496768951416016,59.18318176269531,-44.571781158447266,-56.01368713378906,-57.92865753173828,6.886979579925537,18.39004898071289,2.351051092147827,0.9611258506774902,0.9258955121040344,0.9788026809692383,5.729592800140381,5.509542465209961,4.560682773590088,nan
6.050,0,102.84137725830078,128.3248291015625,118.89568328857422,201.8983154296875,201.95306396484375,200.26202392578125,0.4509328305721283,0.471434623003006,0.49777400493621826,46.37455368041992,60.496768951416016,59.18318176269531,-44.571781158447266,-56.01368713378906,-57.92865753173828,6.886979579925537,18.39004898071289,2.351051092147827,0.9611258506774902,0.9258955121040344,0.9788026809692383,5.729592800140381,5.509542465209961,4.560682773590088,nan
6.100,0,102.84137725830078,128.3248291015625,118.89568328857422,201.8983154296875,201.95306396484375,200.26202392578125,0.4509328305721283,0.471434623003006,0.49777400493621826,46.37455368041992,60.496768951416016,59.18318176269531,-44.571781158447266,-56.01368713378906,-57.92865753173828,6.886979579925537,18.39004898071289,2.351051092147827,0.9611258506774902,0.9258955121040344,0.9788026809692383,5.729592800140381,5.509542465209961,4.560682773590088,nan
6.150,0,102.84137725830078,128.3248291015625,118.89568328857422,201.8983154296875,201.95306396484375,200.26202392578125,0.4509328305721283,0.471434623003006,0.49777400493621826,46.37455368041992,60.496768951416016,59.18318176269531,-44.571781158447266,-56.01368713378906,-57.92865753173828,6.886979579925537,18.39004898071289,2.351051092147827,0.9611258506774902,0.9258955121040344,0.9788026809692383,5.729592800140381,5.509542465209961,4.560682773590088,nan
6.200,0,102.77741241455078,128.25653076171875,118.8900375366211,201.7358856201172,201.84780883789062,200.27105712890625,0.44665324687957764,0.4700276255607605,0.4967375099658966,45.90586471557617,60.28411102294922,59.0571403503418,-44.2457389831543,-55.90450668334961,-57.9123649597168,6.992279052734375,18.708629608154297,2.291376829147339,0.9638363122940063,0.9273505806922913,0.9806157946586609,5.6284098625183105,5.504550933837891,4.485374450683594,nan
6.250,0,102.77741241455078,128.25653076171875,118.8900375366211,201.7358856201172,201.84780883789062,200.27105712890625,0.44665324687957764,0.4700276255607605,0.4967375099658966,45.90586471557617,60.28411102294922,59.0571403503418,-44.2457389831543,-55.90450668334961,-57.9123649597168,6.992279052734375,18.708629608154297,2.291376829147339,0.9638363122940063,0.9273505806922913,0.9806157946586609,5.6284098625183105,5.504550933837891,4.485374450683594,nan
6.300,0,102.77741241455078,128.25653076171875,118.8900375366211,201.7358856201172,201.84780883789062,200.27105712890625,0.44665324687957764,0.4700276255607605,0.4967375099658966,45.90586471557617,60.28411102294922,59.0571403503418,-44.2457389831543,-55.90450668334961,-57.9123649597168,6.992279052734375,18.708629608154297,2.291376829147339,0.9638363122940063,0.9273505806922913,0.9806157946586609,5.6284098625183105,5.504550933837891,4.485374450683594,nan
6.350,0,102.77741241455078,128.25653076171875,118.8900375366211,201.7358856201172,201.84780883789062,200.27105712890625,0.44665324687957764,0.4700276255607605,0.4967375099658966,45.90586471557617,60.28411102294922,59.0571403503418,-44.2457389831543,-55.90450668334961,-57.9123649597168,6.992279052734375,18.708629608154297,2.291376829147339,0.9638363122940063,0.9273505806922913,0.9806157946586609,5.6284098625183105,5.504550933837891,4.485374450683594,nan
6.400,0,102.81690979003906,128.35720825195312,118.91205596923828,201.8856964111328,201.96633911132812,200.29478454589844,0.45699581503868103,0.47933337092399597,0.5032087564468384,46.98689651489258,61.52589416503906,59.837589263916016,-45.20639419555664,-56.948089599609375,-58.60175704956055,7.768331527709961,19.157991409301758,2.9745984077453613,0.9621064066886902,0.9255954623222351,0.9793468713760376,5.706401348114014,5.544313430786133,4.50646448135376,nan
6.450,0,102.81690979003906,128.35720825195312,118.91205596923828,201.8856964111328,201.96633911132812,200.29478454589844,0.45699581503868103,0.47933337092399597,0.5032087564468384,46.98689651489258,61.52589416503906,59.837589263916016,-45.20639419555664,-56.948089599609375,-58.60175704956055,7.768331527709961,19.157991409301758,2.9745984077453613,0.9621064066886902,0.9255954623222351,0.9793468713760376,5.706401348114014,5.544313430786133,4.50646448135376,nan
6.500,0,102.81690979003906,128.35720825195312,118.91205596923828,201.8856964111328,201.96633911132812,200.29478454589844,0.45699581503868103,0.47933337092399597,0.5032087564468384,46.98689651489258,61.52589416503906,59.837589263916016,-45.20639419555664,-56.948089599609375,-58.60175704956055,7.768331527709961,19.157991409301758,2.9745984077453613,0.9621064066886902,0.9255954623222351,0.9793468713760376,5.706401348114014,5.544313430786133,4.50646448135376,nan
6.550,0,102.81690979003906,128.35720825195312,118.91205596923828,201.8856964111328,201.96633911132812,200.29478454589844,0.45699581503868103,0.47933337092399597,0.5032087564468384,46.98689651489258,61.52589416503906,59.837589263916016,-45.20639419555664,-56.948089599609375,-58.60175704956055,7.768331527709961,19.157991409301758,2.9745984077453613,0.9621064066886902,0.9255954623222351,0.9793468713760376,5.706401348114014,5.544313430786133,4.50646448135376,nan
6.600,0,102.79692840576172,128.2469482421875,118.87886047363281,201.77703857421875,201.81332397460938,200.26333618164062,0.4500091075897217,0.4688408374786377,0.49492454528808594,46.25955581665039,60.12740707397461,58.83606719970703,-44.44920349121094,-55.766048431396484,-57.51224136352539,6.735678195953369,17.910093307495117,2.1513564586639404,0.960865318775177,0.9274647235870361,0.977499783039093,5.692817687988281,5.511697292327881,4.505313873291016,nan
6.650,0,102.79692840576172,128.2469482421875,118.87886047363281,201.77703857421875,201.81332397460938,200.26333618164062,0.4500091075897217,0.4688408374786377,0.49492454528808594,46.25955581665039,60.12740707397461,58.83606719970703,-44.44920349121094,-55.766048431396484,-57.51224136352539,6.735678195953369,17.910093307495117,2.1513564586639404,0.960865318775177,0.9274647235870361,0.977499783039093,5.692817687988281,5.511697292327881,4.505313873291016,nan
6.700,0,102.79692840576172,128.2469482421875,118.87886047363281,201.77703857421875,201.81332397460938,200.26333618164062,0.4500091075897217,0.4688408374786377,0.49492454528808594,46.25955581665039,60.12740707397461,58.83606719970703,-44.44920349121094,-55.766048431396484,-57.51224136352539,6.735678195953369,17.910093307495117,2.1513564586639404,0.960865318775177,0.9274647235870361,0.977499783039093,5.692817687988281,5.511697292327881,4.505313873291016,nan
6.750,0,102.79692840576172,128.2469482421875,118.87886047363281,201.77703857421875,201.81332397460938,200.26333618164062,0.4500091075897217,0.4688408374786377,0.49492454528808594,46.25955581665039,60.12740707397461,58.83606719970703,-44.44920349121094,-55.766048431396484,-57.51224136352539,6.735678195953369,17.910093307495117,2.1513564586639404,0.960865318775177,0.9274647235870361,0.977499783039093,5.692817687988281,5.511697292327881,4.505313873291016,nan
6.800,0,102.83409118652344,128.31260681152344,118.87512969970703,201.86334228515625,201.8973388671875,200.2755889892578,0.4501713216304779,0.4732200801372528,0.4990360736846924,46.2929573059082,60.72010040283203,59.32297897338867,-44.489463806152344,-56.119510650634766,-58.08381652832031,7.3159379959106445,19.01243782043457,2.6633777618408203,0.9610417485237122,0.9242328405380249,0.9791116118431091,5.732283592224121,5.516718864440918,4.566568374633789,nan
6.850,0,102.83409118652344,128.31260681152344,118.87512969970703,201.86334228515625,201.8973388671875,200.2755889892578,0.4501713216304779,0.4732200801372528,0.4990360736846924,46.2929573059082,60.72010040283203,59.32297897338867,-44.489463806152344,-56.119510650634766,-58.08381652832031,7.3159379959106445,19.01243782043457,2.6633777618408203,0.9610417485237122,0.9242328405380249,0.9791116118431091,5.732283592224121,5.516718864440918,4.566568374633789,nan
6.900,0,102.83409118652344,128.31260681152344,118.87512969970703,201.86334228515625,201.8973388671875,200.2755889892578,0.4501713216304779,0.4732200801372528,0.4990360736846924,46.2929573059082,60.72010040283203,59.32297897338867,-44.489463806152344,-56.119510650634766,-58.08381652832031,7.3159379959106445,19.01243782043457,2.6633777618408203,0.9610417485237122,0.9242328405380249,0.9791116118431091,5.732283592224121,5.516718864440918,4.566568374633789,nan
6.950,0,102.83409118652344,128.31260681152344,118.87512969970703,201.86334228515625,201.8973388671875,200.2755889892578,0.4501713216304779,0.4732200801372528,0.4990360736846924,46.2929573059082,60.72010040283203,59.32297897338867,-44.489463806152344,-56.119510650634766,-58.08381652832031,7.3159379959106445,19.01243782043457,2.6633777618408203,0.9610417485237122,0.9242328405380249,0.9791116118431091,5.732283592224121,5.516718864440918,4.566568374633789,nan
7.000,0,102.82743835449219,128.30154418945312,118.9159927368164,201.87513732910156,201.9485626220703,200.26097106933594,0.4515545666217804,0.47166410088539124,0.5002683997154236,46.43219757080078,60.51523208618164,59.48991394042969,-44.644535064697266,-56.009605407714844,-58.15175247192383,6.723648548126221,18.40204620361328,2.309800386428833,0.9614995121955872,0.9255455732345581,0.9775061011314392,5.7834625244140625,5.545476913452148,4.608207702636719,nan
7.050,0,102.82743835449219,128.30154418945312,118.9159927368164,201.87513732910156,201.9485626220703,200.26097106933594,0.4515545666217804,0.47166410088539124,0.5002683997154236,46.43219757080078,60.51523208618164,59.48991394042969,-44.644535064697266,-56.009605407714844,-58.15175247192383,6.723648548126221,18.40204620361328,2.309800386428833,0.9614995121955872,0.9255455732345581,0.9775061011314392,5.7834625244140625,5.545476913452148,4.608207702636719,nan
7.100,0,102.82743835449219,128.30154418945312,118.9159927368164,201.87513732910156,201.9485626220703,200.26097106933594,0.4515545666217804,0.47166410088539124,0.5002683997154236,46.43219757080078,60.51523208618164,59.48991394042969,-44.644535064697266,-56.009605407714844,-58.15175247192383,6.723648548126221,18.40204620361328,2.309800386428833,0.9614995121955872,0.9255455732345581,0.9775061011314392,5.7834625244140625,5.545476913452148,4.608207702636719,nan
7.150,0,102.82743835449219,128.30154418945312,118.9159927368164,201.87513732910156,201.9485626220703,200.26097106933594,0.4515545666217804,0.47166410088539124,0.5002683997154236,46.43219757080078,60.51523208618164,59.48991394042969,-44.644535064697266,-56.009605407714844,-58.15175247192383,6.723648548126221,18.40204620361328,2.309800386428833,0.9614995121955872,0.9255455732345581,0.9775061011314392,5.7834625244140625,5.545476913452148,4.608207702636719,nan
7.200,0,102.7884292602539,128.2722930908203,118.88506317138672,201.7501220703125,201.84628295898438,200.28976440429688,0.45119738578796387,0.47694718837738037,0.49871620535850525,46.377872467041016,61.179107666015625,59.28990936279297,-44.527896881103516,-56.712284088134766,-58.04542922973633,7.282869338989258,18.622251510620117,2.0279691219329834,0.9601108431816101,0.9269877672195435,0.9790102243423462,5.614030838012695,5.506564617156982,4.556912422180176,nan
7.250,0,102.7884292602539,128.2722930908203,118.88506317138672,201.7501220703125,201.84628295898438,200.28976440429688,0.45119738578796387,0.47694718837738037,0.49871620535850525,46.377872467041016,61.179107666015625,59.28990936279297,-44.527896881103516,-56.712284088134766,-58.04542922973633,7.282869338989258,18.622251510620117,2.0279691219329834,0.9601108431816101,0.9269877672195435,0.9790102243423462,5.614030838012695,5.506564617156982,4.556912422180176,nan
7.300,0,102.7884292602539,128.2722930908203,118.88506317138672,201.7501220703125,201.84628295898438,200.28976440429688,0.45119738578796387,0.47694718837738037,0.49871620535850525,46.377872467041016,61.179107666015625,59.28990936279297,-44.527896881103516,-56.712284088134766,-58.04542922973633,7.282869338989258,18.622251510620117,2.0279691219329834,0.9601108431816101,0.9269877672195435,0.9790102243423462,5.614030838012695,5.506564617156982,4.556912422180176,nan
7.350,0,102.7884292602539,128.2722930908203,118.88506317138672,201.7501220703125,201.84628295898438,200.28976440429688,0.45119738578796387,0.47694718837738037,0.49871620535850525,46.377872467041016,61.179107666015625,59.28990936279297,-44.527896881103516,-56.712284088134766,-58.04542922973633,7.282869338989258,18.622251510620117,2.0279691219329834,0.9601108431816101,0.9269877672195435,0.9790102243423462,5.614030838012695,5.506564617156982,4.556912422180176,nan
7.400,0,102.82947540283203,128.30345153808594,118.88288879394531,201.86801147460938,201.8857421875,200.2665252685547,0.45590314269065857,0.47669896483421326,0.502051591873169,46.880279541015625,61.1621208190918,59.68534469604492,-44.96429443359375,-56.36016082763672,-58.380306243896484,7.880038261413574,19.455184936523438,3.4276533126831055,0.9591302275657654,0.9214879870414734,0.9781346917152405,5.773902893066406,5.565516471862793,4.609724998474121,nan
7.450,0,102.82947540283203,128.30345153808594,118.88288879394531,201.86801147460938,201.8857421875,200.2665252685547,0.45590314269065857,0.47669896483421326,0.502051591873169,46.880279541015625,61.1621208190918,59.68534469604492,-44.96429443359375,-56.36016082763672,-58.380306243896484,7.880038261413574,19.455184936523438,3.4276533126831055,0.9591302275657654,0.9214879870414734,0.9781346917152405,5.773902893066406,5.565516471862793,4.609724998474121,nan
7.500,0,102.82947540283203,128.30345153808594,118.88288879394531,201.86801147460938,201.8857421875,200.2665252685547,0.45590314269065857,0.47669896483421326,0.502051591873169,46.880279541015625,61.1621208190918,59.68534469604492,-44.96429443359375,-56.36016082763672,-58.380306243896484,7.880038261413574,19.455184936523438,3.4276533126831055,0.9591302275657654,0.9214879870414734,0.9781346917152405,5.773902893066406,5.565516471862793,4.609724998474121,nan
7.550,0,102.82947540283203,128.30345153808594,118.88288879394531,201.86801147460938,201.8857421875,200.2665252685547,0.45590314269065857,0.47669896483421326,0.502051591873169,46.880279541015625,61.1621208190918,59.68534469604492,-44.96429443359375,-56.36016082763672,-58.380306243896484,7.880038261413574,19.455184936523438,3.4276533126831055,0.9591302275657654,0.9214879870414734,0.9781346917152405,5.773902893066406,5.565516471862793,4.609724998474121,nan
7.600,0,102.81903839111328,128.3021697998047,118.90917205810547,201.84933471679688,201.8807373046875,200.30841064453125,0.4501689672470093,0.472255676984787,0.49883195757865906,46.28594207763672,60.591426849365234,59.315696716308594,-44.65009689331055,-56.36444091796875,-58.125282287597656,6.40373420715332,17.88800811767578,1.569407343864441,0.9646578431129456,0.930237889289856,0.9799308776855469,5.721351146697998,5.540615081787109,4.578835487365723,nan
7.650,0,102.81903839111328,128.3021697998047,118.90917205810547,201.84933471679688,201.8807373046875,200.30841064453125,0.4501689672470093,0.472255676984787,0.49883195757865906,46.28594207763672,60.591426849365234,59.315696716308594,-44.65009689331055,-56.36444091796875,-58.125282287597656,6.40373420715332,17.88800811767578,1.569407343864441,0.9646578431129456,0.930237889289856,0.9799308776855469,5.721351146697998,5.540615081787109,4.578835487365723,nan
7.700,0,102.81903839111328,128.3021697998047,118.90917205810547,201.84933471679688,201.8807373046875,200.30841064453125,0.4501689672470093,0.472255676984787,0.49883195757865906,46.28594207763672,60.591426849365234,59.315696716308594,-44.65009689331055,-56.36444091796875,-58.125282287597656,6.40373420715332,17.88800811767578,1.569407343864441,0.9646578431129456,0.930237889289856,0.9799308776855469,5.721351146697998,5.540615081787109,4.578835487365723,nan
7.750,0,102.81903839111328,128.3021697998047,118.90917205810547,201.84933471679688,201.8807373046875,200.30841064453125,0.4501689672470093,0.472255676984787,0.49883195757865906,46.28594207763672,60.591426849365234,59.315696716308594,-44.65009689331055,-56.36444091796875,-58.125282287597656,6.40373420715332,17.88800811767578,1.569407343864441,0.9646578431129456,0.930237889289856,0.9799308776855469,5.721351146697998,5.540615081787109,4.578835487365723,nan
7.800,0,102.80693054199219,128.26527404785156,118.8575439453125,201.81260681152344,201.83326721191406,200.23068237304688,0.4458374083042145,0.4696896970272064,0.4945402145385742,45.835174560546875,60.244876861572266,58.77983474731445,-44.02893829345703,-55.6556396484375,-57.55332565307617,7.389742851257324,19.023649215698242,2.7062432765960693,0.9605928063392639,0.9238235950469971,0.9791338443756104,5.772795677185059,5.567275047302246,4.656044006347656,nan
7.850,0,102.80693054199219,128.26527404785156,118.8575439453125,201.81260681152344,201.83326721191406,200.23068237304688,0.4458374083042145,0.4696896970272064,0.4945402145385742,45.835174560546875,60.244876861572266,58.77983474731445,-44.02893829345703,-55.6556396484375,-57.55332565307617,7.389742851257324,19.023649215698242,2.7062432765960693,0.9605928063392639,0.9238235950469971,0.9791338443756104,5.772795677185059,5.567275047302246,4.656044006347656,nan
7.900,0,102.80693054199219,128.26527404785156,118.8575439453125,201.81260681152344,201.83326721191406,200.23068237304688,0.4458374083042145,0.4696896970272064,0.4945402145385742,45.835174560546875,60.244876861572266,58.77983474731445,-44.02893829345703,-55.6556396484375,-57.55332565307617,7.389742851257324,19.023649215698242,2.7062432765960693,0.9605928063392639,0.9238235950469971,0.9791338443756104,5.772795677185059,5.567275047302246,4.656044006347656,nan
7.950,0,102.80693054199219,128.26527404785156,118.8575439453125,201.81260681152344,201.83326721191406,200.23068237304688,0.4458374083042145,0.4696896970272064,0.4945402145385742,45.835174560546875,60.244876861572266,58.77983474731445,-44.02893829345703,-55.6556396484375,-57.55332565307617,7.389742851257324,19.023649215698242,2.7062432765960693,0.9605928063392639,0.9238235950469971,0.9791338443756104,5.772795677185059,5.567275047302246,4.656044006347656,nan
8.000,0,102.81161499023438,128.29364013671875,118.93148803710938,201.8570098876953,201.94021606445312,200.2706756591797,0.45210862159729004,0.4723756015300751,0.5002280473709106,46.482017517089844,60.602787017822266,59.49286651611328,-44.654808044433594,-56.04639434814453,-58.09877014160156,6.652124404907227,18.22613525390625,2.1816318035125732,0.9606899619102478,0.9248154759407043,0.9765669703483582,5.856463432312012,5.5968708992004395,4.681692123413086,nan
8.050,0,102.81161499023438,128.29364013671875,118.93148803710938,201.8570098876953,201.94021606445312,200.2706756591797,0.45210862159729004,0.4723756015300751,0.5002280473709106,46.482017517089844,60.602787017822266,59.49286651611328,-44.654808044433594,-56.04639434814453,-58.09877014160156,6.652124404907227,18.22613525390625,2.1816318035125732,0.9606899619102478,0.9248154759407043,0.9765669703483582,5.856463432312012,5.5968708992004395,4.681692123413086,nan
8.100,0,102.81161499023438,128.29364013671875,118.93148803710938,201.8570098876953,201.94021606445312,200.2706756591797,0.45210862159729004,0.4723756015300751,0.5002280473709106,46.482017517089844,60.602787017822266,59.49286651611328,-44.654808044433594,-56.04639434814453,-58.09877014160156,6.652124404907227,18.22613525390625,2.1816318035125732,0.9606899619102478,0.9248154759407043,0.9765669703483582,5.856463432312012,5.5968708992004395,4.681692123413086,nan
8.150,0,102.81161499023438,128.29364013671875,118.93148803710938,201.8570098876953,201.94021606445312,200.2706756591797,0.45210862159729004,0.4723756015300751,0.5002280473709106,46.482017517089844,60.602787017822266,59.49286651611328,-44.654808044433594,-56.04639434814453,-58.09877014160156,6.652124404907227,18.22613525390625,2.1816318035125732,0.9606899619102478,0.9248154759407043,0.9765669703483582,5.856463432312012,5.5968708992004395,4.681692123413086,nan
8.200,0,102.80631256103516,128.33856201171875,118.90450286865234,201.8414306640625,201.94090270996094,200.29310607910156,0.45494285225868225,0.47905269265174866,0.5039007067680359,46.77099609375,61.480934143066406,59.91606140136719,-44.89897155761719,-56.94408416748047,-58.63087844848633,7.055059432983398,18.68792724609375,2.032881498336792,0.9599746465682983,0.9262071847915649,0.9785502552986145,5.796140670776367,5.590382099151611,4.661380290985107,nan
8.250,0,102.80631256103516,128.33856201171875,118.90450286865234,201.8414306640625,201.94090270996094,200.29310607910156,0.45494285225868225,0.47905269265174866,0.5039007067680359,46.77099609375,61.480934143066406,59.91606140136719,-44.89897155761719,-56.94408416748047,-58.63087844848633,7.055059432983398,18.68792724609375,2.032881498336792,0.9599746465682983,0.9262071847915649,0.9785502552986145,5.796140670776367,5.590382099151611,4.661380290985107,nan
8.300,0,102.80631256103516,128.33856201171875,118.90450286865234,201.8414306640625,201.94090270996094,200.29310607910156,0.45494285225868225,0.47905269265174866,0.5039007067680359,46.77099609375,61.480934143066406,59.91606140136719,-44.89897155761719,-56.94408416748047,-58.63087844848633,7.055059432983398,18.68792724609375,2.032881498336792,0.9599746465682983,0.9262071847915649,0.9785502552986145,5.796140670776367,5.590382099151611,4.661380290985107,nan
8.350,0,102.80631256103516,128.33856201171875,118.90450286865234,201.8414306640625,201.94090270996094,200.29310607910156,0.45494285225868225,0.47905269265174866,0.5039007067680359,46.77099609375,61.480934143066406,59.91606140136719,-44.89897155761719,-56.94408416748047,-58.63087844848633,7.055059432983398,18.68792724609375,2.032881498336792,0.9599746465682983,0.9262071847915649,0.9785502552986145,5.796140670776367,5.590382099151611,4.661380290985107,nan
8.400,0,102.79838562011719,128.29342651367188,118.88636016845703,201.824951171875,201.90464782714844,200.23123168945312,0.45108655095100403,0.4718797504901886,0.49909961223602295,46.370967864990234,60.53907012939453,59.33613586425781,-44.57554626464844,-55.860137939453125,-58.10887145996094,7.651381015777588,19.408971786499023,3.373997449874878,0.9612813591957092,0.9227122068405151,0.979316771030426,5.815248012542725,5.612752437591553,4.6516194343566895,nan
8.450,0,102.79838562011719,128.29342651367188,118.88636016845703,201.824951171875,201.90464782714844,200.23123168945312,0.45108655095100403,0.4718797504901886,0.49909961223602295,46.370967864990234,60.53907012939453,59.33613586425781,-44.57554626464844,-55.860137939453125,-58.10887145996094,7.651381015777588,19.408971786499023,3.373997449874878,0.9612813591957092,0.9227122068405151,0.979316771030426,5.815248012542725,5.612752437591553,4.6516194343566895,nan
8.500,0,102.79838562011719,128.29342651367188,118.88636016845703,201.824951171875,201.90464782714844,200.23123168945312,0.45108655095100403,0.4718797504901886,0.49909961223602295,46.370967864990234,60.53907012939453,59.33613586425781,-44.57554626464844,-55.860137939453125,-58.10887145996094,7.651381015777588,19.408971786499023,3.373997449874878,0.9612813591957092,0.9227122068405151,0.979316771030426,5.815248012542725,5.612752437591553,4.6516194343566895,nan
8.550,0,102.81056213378906,128.32101440429688,118.88397979736328,201.84588623046875,201.91119384765625,200.26356506347656,0.4496115446090698,0.47270479798316956,0.49907922744750977,46.224815368652344,60.657958984375,59.332523345947266,-44.4632453918457,-56.23414993286133,-58.067222595214844,6.634281635284424,18.250316619873047,1.8221598863601685,0.961891233921051,0.9270696043968201,0.9786744117736816,5.729975700378418,5.5538153648376465,4.628682613372803,nan
8.600,0,102.81056213378906,128.32101440429688,118.88397979736328,201.84588623046875,201.91119384765625,200.26356506347656,0.4496115446090698,0.47270479798316956,0.49907922744750977,46.224815368652344,60.657958984375,59.332523345947266,-44.4632453918457,-56.23414993286133,-58.067222595214844,6.634281635284424,18.250316619873047,1.8221598863601685,0.961891233921051,0.9270696043968201,0.9786744117736816,5.729975700378418,5.5538153648376465,4.628682613372803,nan
8.650,0,102.81056213378906,128.32101440429688,118.88397979736328,201.84588623046875,201.91119384765625,200.26356506347656,0.4496115446090698,0.47270479798316956,0.49907922744750977,46.224815368652344,60.657958984375,59.332523345947266,-44.4632453918457,-56.23414993286133,-58.067222595214844,6.634281635284424,18.250316619873047,1.8221598863601685,0.961891233921051,0.9270696043968201,0.9786744117736816,5.729975700378418,5.5538153648376465,4.628682613372803,nan
8.700,0,102.81056213378906,128.32101440429688,118.88397979736328,201.84588623046875,201.91119384765625,200.26356506347656,0.4496115446090698,0.47270479798316956,0.49907922744750977,46.224815368652344,60.657958984375,59.332523345947266,-44.4632453918457,-56.23414993286133,-58.067222595214844,6.634281635284424,18.250316619873047,1.8221598863601685,0.961891233921051,0.9270696043968201,0.9786744117736816,5.729975700378418,5.5538153648376465,4.628682613372803,nan
8.750,0,102.79627227783203,128.3095245361328,118.8592758178711,201.85272216796875,201.89199829101562,200.19822692871094,0.44861602783203125,0.47263556718826294,0.4968399107456207,46.11605453491211,60.643646240234375,59.05403137207031,-44.21238327026367,-55.97085952758789,-57.71046829223633,7.00993537902832,18.561410903930664,2.211780309677124,0.9587199687957764,0.9229468107223511,0.9772486090660095,5.787909984588623,5.541520118713379,4.608470916748047,nan
8.800,0,102.79627227783203,128.3095245361328,118.8592758178711,201.85272216796875,201.89199829101562,200.19822692871094,0.44861602783203125,0.47263556718826294,0.4968399107456207,46.11605453491211,60.643646240234375,59.05403137207031,-44.21238327026367,-55.97085952758789,-57.71046829223633,7.00993537902832,18.561410903930664,2.211780309677124,0.9587199687957764,0.9229468107223511,0.9772486090660095,5.787909984588623,5.541520118713379,4.608470916748047,nan
8.850,0,102.79627227783203,128.3095245361328,118.8592758178711,201.85272216796875,201.89199829101562,200.19822692871094,0.44861602783203125,0.47263556718826294,0.4968399107456207,46.11605453491211,60.643646240234375,59.05403137207031,-44.21238327026367,-55.97085952758789,-57.71046829223633,7.00993537902832,18.561410903930664,2.211780309677124,0.9587199687957764,0.9229468107223511,0.9772486090660095,5.787909984588623,5.541520118713379,4.608470916748047,nan
8.900,0,102.79627227783203,128.3095245361328,118.8592758178711,201.85272216796875,201.89199829101562,200.19822692871094,0.44861602783203125,0.47263556718826294,0.4968399107456207,46.11605453491211,60.643646240234375,59.05403137207031,-44.21238327026367,-55.97085952758789,-57.71046829223633,7.00993537902832,18.561410903930664,2.211780309677124,0.9587199687957764,0.9229468107223511,0.9772486090660095,5.787909984588623,5.541520118713379,4.608470916748047,nan
8.950,0,102.77366638183594,128.32034301757812,118.91320037841797,201.8430938720703,201.95716857910156,200.219970703125,0.45022889971733093,0.47211605310440063,0.5027285218238831,46.27167510986328,60.58209228515625,59.78105926513672,-44.540103912353516,-55.996002197265625,-58.5508918762207,6.846343517303467,19.052324295043945,2.5527942180633545,0.9625781774520874,0.9242995977401733,0.9794220924377441,5.8475775718688965,5.546929836273193,4.5847487449646,nan
9.000,0,102.77366638183594,128.32034301757812,118.91320037841797,201.8430938720703,201.95716857910156,200.219970703125,0.45022889971733093,0.47211605310440063,0.5027285218238831,46.27167510986328,60.58209228515625,59.78105926513672,-44.540103912353516,-55.996002197265625,-58.5508918762207,6.846343517303467,19.052324295043945,2.5527942180633545,0.9625781774520874,0.9242995977401733,0.9794220924377441,5.8475775718688965,5.546929836273193,4.5847487449646,nan
9.050,0,102.77366638183594,128.32034301757812,118.91320037841797,201.8430938720703,201.95716857910156,200.219970703125,0.45022889971733093,0.47211605310440063,0.5027285218238831,46.27167510986328,60.58209228515625,59.78105926513672,-44.540103912353516,-55.996002197265625,-58.5508918762207,6.846343517303467,19.052324295043945,2.5527942180633545,0.9625781774520874,0.9242995977401733,0.9794220924377441,5.8475775718688965,5.546929836273193,4.5847487449646,nan
9.100,0,102.77366638183594,128.32034301757812,118.91320037841797,201.8430938720703,201.95716857910156,200.219970703125,0.45022889971733093,0.47211605310440063,0.5027285218238831,46.27167510986328,60.58209228515625,59.78105926513672,-44.540103912353516,-55.996002197265625,-58.5508918762207,6.846343517303467,19.052324295043945,2.5527942180633545,0.9625781774520874,0.9242995977401733,0.9794220924377441,5.8475775718688965,5.546929836273193,4.5847487449646,nan
9.150,0,102.77366638183594,128.32034301757812,118.91320037841797,201.8430938720703,201.95716857910156,200.219970703125,0.45022889971733093,0.47211605310440063,0.5027285218238831,46.27167510986328,60.58209228515625,59.78105926513672,-44.540103912353516,-55.996002197265625,-58.5508918762207,6.846343517303467,19.052324295043945,2.5527942180633545,0.9625781774520874,0.9242995977401733,0.9794220924377441,5.8475775718688965,5.546929836273193,4.5847487449646,nan
9.200,0,102.81314086914062,128.33326721191406,118.91167449951172,201.86485290527344,201.9460906982422,200.28857421875,0.4575043320655823,0.48044246435165405,0.5050696730613708,47.03745651245117,61.6567497253418,60.05868148803711,-45.24311065673828,-57.12945556640625,-58.83889389038086,7.5972490310668945,19.150270462036133,2.7209887504577637,0.9618528485298157,0.9265726208686829,0.9796900749206543,5.711667060852051,5.47787618637085,4.5809645652771,nan
9.250,0,102.81314086914062,128.33326721191406,118.91167449951172,201.86485290527344,201.9460906982422,200.28857421875,0.4575043320655823,0.48044246435165405,0.5050696730613708,47.03745651245117,61.6567497253418,60.05868148803711,-45.24311065673828,-57.12945556640625,-58.83889389038086,7.5972490310668945,19.150270462036133,2.7209887504577637,0.9618528485298157,0.9265726208686829,0.9796900749206543,5.711667060852051,5.47787618637085,4.5809645652771,nan
9.300,0,102.81314086914062,128.33326721191406,118.91167449951172,201.86485290527344,201.9460906982422,200.28857421875,0.4575043320655823,0.48044246435165405,0.5050696730613708,47.03745651245117,61.6567497253418,60.05868148803711,-45.24311065673828,-57.12945556640625,-58.83889389038086,7.5972490310668945,19.150270462036133,2.7209887504577637,0.9618528485298157,0.9265726208686829,0.9796900749206543,5.711667060852051,5.47787618637085,4.5809645652771,nan
9.350,0,102.75091552734375,128.23934936523438,118.83988189697266,201.74374389648438,201.80422973632812,200.15379333496094,0.4453480839729309,0.4664806127548218,0.4940001666545868,45.75992202758789,59.821170806884766,58.7069206237793,-44.002357482910156,-55.331443786621094,-57.45337677001953,6.89548397064209,18.54032325744629,2.4898829460144043,0.9615916013717651,0.9249475002288818,0.9786474108695984,5.810493469238281,5.564828395843506,4.672449588775635,nan
9.400,0,102.75091552734375,128.23934936523438,118.83988189697266,201.74374389648438,201.80422973632812,200.15379333496094,0.4453480839729309,0.4664806127548218,0.4940001666545868,45.75992202758789,59.821170806884766,58.7069206237793,-44.002357482910156,-55.331443786621094,-57.45337677001953,6.89548397064209,18.54032325744629,2.4898829460144043,0.9615916013717651,0.9249475002288818,0.9786474108695984,5.810493469238281,5.564828395843506,4.672449588775635,nan
9.450,0,102.8218994140625,128.25155639648438,118.93071746826172,201.79251098632812,201.87094116210938,200.33236694335938,0.4489699900150299,0.46849003434181213,0.4943770468235016,46.16394805908203,60.08457565307617,58.79661560058594,-44.442047119140625,-55.85371780395508,-57.55290222167969,6.592068195343018,17.743152618408203,1.9116816520690918,0.9627003073692322,0.9295849800109863,0.9788472056388855,5.758636951446533,5.544388294219971,4.606725692749023,nan
9.500,0,102.83485412597656,128.25735473632812,118.88134002685547,201.7922821044922,201.84664916992188,200.30564880371094,0.45215681195259094,0.47581353783607483,0.4979035258293152,46.49747848510742,61.02658462524414,59.191436767578125,-44.62739562988281,-56.46156311035156,-57.966773986816406,7.798504829406738,19.07909393310547,2.838852643966675,0.9597809910774231,0.9251961708068848,0.979310154914856,5.697726726531982,5.512925624847412,4.6163482666015625,nan
9.550,0,102.83485412597656,128.25735473632812,118.88134002685547,201.7922821044922,201.84664916992188,200.30564880371094,0.45215681195259094,0.47581353783607483,0.4979035258293152,46.49747848510742,61.02658462524414,59.191436767578125,-44.62739562988281,-56.46156311035156,-57.966773986816406,7.798504829406738,19.07909393310547,2.838852643966675,0.9597809910774231,0.9251961708068848,0.979310154914856,5.697726726531982,5.512925624847412,4.6163482666015625,nan
9.600,0,102.83485412597656,128.25735473632812,118.88134002685547,201.7922821044922,201.84664916992188,200.30564880371094,0.45215681195259094,0.47581353783607483,0.4979035258293152,46.49747848510742,61.02658462524414,59.191436767578125,-44.62739562988281,-56.46156311035156,-57.966773986816406,7.798504829406738,19.07909393310547,2.838852643966675,0.9597809910774231,0.9251961708068848,0.979310154914856,5.697726726531982,5.512925624847412,4.6163482666015625,nan
9.650,0,102.83485412597656,128.25735473632812,118.88134002685547,201.7922821044922,201.84664916992188,200.30564880371094,0.45215681195259094,0.47581353783607483,0.4979035258293152,46.49747848510742,61.02658462524414,59.191436767578125,-44.62739562988281,-56.46156311035156,-57.966773986816406,7.798504829406738,19.07909393310547,2.838852643966675,0.9597809910774231,0.9251961708068848,0.979310154914856,5.697726726531982,5.512925624847412,4.6163482666015625,nan
9.700,0,102.83566284179688,128.25743103027344,118.90621185302734,201.8355255126953,201.8748779296875,200.28451538085938,0.4491346776485443,0.46945926547050476,0.4970267415046692,46.18706130981445,60.211639404296875,59.09956741333008,-44.45438003540039,-55.81774139404297,-57.85320281982422,6.772024631500244,18.32231903076172,2.281339645385742,0.9624855518341064,0.9270257949829102,0.9789107441902161,5.738070487976074,5.502713680267334,4.668135166168213,nan
9.750,0,102.83566284179688,128.25743103027344,118.90621185302734,201.8355255126953,201.8748779296875,200.28451538085938,0.4491346776485443,0.46945926547050476,0.4970267415046692,46.18706130981445,60.211639404296875,59.09956741333008,-44.45438003540039,-55.81774139404297,-57.85320281982422,6.772024631500244,18.32231903076172,2.281339645385742,0.9624855518341064,0.9270257949829102,0.9789107441902161,5.738070487976074,5.502713680267334,4.668135166168213,nan
9.800,0,102.83566284179688,128.25743103027344,118.90621185302734,201.8355255126953,201.8748779296875,200.28451538085938,0.4491346776485443,0.46945926547050476,0.4970267415046692,46.18706130981445,60.211639404296875,59.09956741333008,-44.45438003540039,-55.81774139404297,-57.85320281982422,6.772024631500244,18.32231903076172,2.281339645385742,0.9624855518341064,0.9270257949829102,0.9789107441902161,5.738070487976074,5.502713680267334,4.668135166168213,nan
9.850,0,102.83566284179688,128.25743103027344,118.90621185302734,201.8355255126953,201.8748779296875,200.28451538085938,0.4491346776485443,0.46945926547050476,0.4970267415046692,46.18706130981445,60.211639404296875,59.09956741333008,-44.45438003540039,-55.81774139404297,-57.85320281982422,6.772024631500244,18.32231903076172,2.281339645385742,0.9624855518341064,0.9270257949829102,0.9789107441902161,5.738070487976074,5.502713680267334,4.668135166168213,nan
9.900,0,102.77249145507812,128.3621063232422,118.88179779052734,201.8504180908203,201.95257568359375,200.22119140625,0.44917532801628113,0.47573232650756836,0.499985933303833,46.16286849975586,61.066001892089844,59.43922805786133,-44.37591552734375,-56.543548583984375,-58.24443817138672,7.144473552703857,18.93037986755371,2.097930431365967,0.9612902402877808,0.925941526889801,0.979898989200592,5.779468536376953,5.565664291381836,4.658192157745361,nan
9.950,0,102.77249145507812,128.3621063232422,118.88179779052734,201.8504180908203,201.95257568359375,200.22119140625,0.44917532801628113,0.47573232650756836,0.499985933303833,46.16286849975586,61.066001892089844,59.43922805786133,-44.37591552734375,-56.543548583984375,-58.24443817138672,7.144473552703857,18.93037986755371,2.097930431365967,0.9612902402877808,0.925941526889801,0.979898989200592,5.779468536376953,5.565664291381836,4.658192157745361,nan
10.000,0,102.77249145507812,128.3621063232422,118.88179779052734,201.8504180908203,201.95257568359375,200.22119140625,0.44917532801628113,0.47573232650756836,0.499985933303833,46.16286849975586,61.066001892089844,59.43922805786133,-44.37591552734375,-56.543548583984375,-58.24443817138672,7.144473552703857,18.93037986755371,2.097930431365967,0.9612902402877808,0.925941526889801,0.979898989200592,5.779468536376953,5.565664291381836,4.658192157745361,nan
10.050,0,102.77249145507812,128.3621063232422,118.88179779052734,201.8504180908203,201.95257568359375,200.22119140625,0.44917532801628113,0.47573232650756836,0.499985933303833,46.16286849975586,61.066001892089844,59.43922805786133,-44.37591552734375,-56.543548583984375,-58.24443817138672,7.144473552703857,18.93037986755371,2.097930431365967,0.9612902402877808,0.925941526889801,0.979898989200592,5.779468536376953,5.565664291381836,4.658192157745361,nan
10.100,0,102.82535552978516,128.22024536132812,118.86835479736328,201.77903747558594,201.77110290527344,200.28265380859375,0.4550263583660126,0.47535276412963867,0.4978361427783966,46.788246154785156,60.94984817504883,59.176963806152344,-44.91254806518555,-56.34555435180664,-57.92672348022461,8.193807601928711,19.266162872314453,3.5159075260162354,0.9599109292030334,0.9244576692581177,0.9788728356361389,5.707855701446533,5.557591438293457,4.640254974365234,nan
10.150,0,102.82535552978516,128.22024536132812,118.86835479736328,201.77903747558594,201.77110290527344,200.28265380859375,0.4550263583660126,0.47535276412963867,0.4978361427783966,46.788246154785156,60.94984817504883,59.176963806152344,-44.91254806518555,-56.34555435180664,-57.92672348022461,8.193807601928711,19.266162872314453,3.5159075260162354,0.9599109292030334,0.9244576692581177,0.9788728356361389,5.707855701446533,5.557591438293457,4.640254974365234,nan
10.200,0,102.82535552978516,128.22024536132812,118.86835479736328,201.77903747558594,201.77110290527344,200.28265380859375,0.4550263583660126,0.47535276412963867,0.4978361427783966,46.788246154785156,60.94984817504883,59.176963806152344,-44.91254806518555,-56.34555435180664,-57.92672348022461,8.193807601928711,19.266162872314453,3.5159075260162354,0.9599109292030334,0.9244576692581177,0.9788728356361389,5.707855701446533,5.557591438293457,4.640254974365234,nan
10.250,0,102.82535552978516,128.22024536132812,118.86835479736328,201.77903747558594,201.77110290527344,200.28265380859375,0.4550263583660126,0.47535276412963867,0.4978361427783966,46.788246154785156,60.94984817504883,59.176963806152344,-44.91254806518555,-56.34555435180664,-57.92672348022461,8.193807601928711,19.266162872314453,3.5159075260162354,0.9599109292030334,0.9244576692581177,0.9788728356361389,5.707855701446533,5.557591438293457,4.640254974365234,nan
10.300,0,102.79767608642578,128.27914428710938,118.87776947021484,201.8101806640625,201.82955932617188,200.2657012939453,0.45063841342926025,0.4721619188785553,0.49854063987731934,46.324581146240234,60.56852722167969,59.26539993286133,-44.65413284301758,-56.29444122314453,-58.07236862182617,6.718735218048096,18.172388076782227,1.957051157951355,0.9639403223991394,0.9294338822364807,0.9798696637153625,5.829127311706543,5.607908725738525,4.714086055755615,nan
10.350,0,102.79767608642578,128.27914428710938,118.87776947021484,201.8101806640625,201.82955932617188,200.2657012939453,0.45063841342926025,0.4721619188785553,0.49854063987731934,46.324581146240234,60.56852722167969,59.26539993286133,-44.65413284301758,-56.29444122314453,-58.07236862182617,6.718735218048096,18.172388076782227,1.957051157951355,0.9639403223991394,0.9294338822364807,0.9798696637153625,5.829127311706543,5.607908725738525,4.714086055755615,nan
10.400,0,102.79767608642578,128.27914428710938,118.87776947021484,201.8101806640625,201.82955932617188,200.2657012939453,0.45063841342926025,0.4721619188785553,0.49854063987731934,46.324581146240234,60.56852722167969,59.26539993286133,-44.65413284301758,-56.29444122314453,-58.07236862182617,6.718735218048096,18.172388076782227,1.957051157951355,0.9639403223991394,0.9294338822364807,0.9798696637153625,5.829127311706543,5.607908725738525,4.714086055755615,nan
10.450,0,102.79767608642578,128.27914428710938,118.87776947021484,201.8101806640625,201.82955932617188,200.2657012939453,0.45063841342926025,0.4721619188785553,0.49854063987731934,46.324581146240234,60.56852722167969,59.26539993286133,-44.65413284301758,-56.29444122314453,-58.07236862182617,6.718735218048096,18.172388076782227,1.957051157951355,0.9639403223991394,0.9294338822364807,0.9798696637153625,5.829127311706543,5.607908725738525,4.714086055755615,nan
10.500,0,102.79511260986328,128.20042419433594,118.81597900390625,201.75494384765625,201.7302703857422,200.18218994140625,0.4456489682197571,0.47165560722351074,0.49269238114356995,45.8105354309082,60.46644973754883,58.53972625732422,-43.86363983154297,-55.783626556396484,-57.21490478515625,7.510302543640137,18.85147476196289,2.463629722595215,0.9575011134147644,0.9225550293922424,0.9773688316345215,5.800954818725586,5.587559700012207,4.71111536026001,nan
10.550,0,102.79511260986328,128.20042419433594,118.81597900390625,201.75494384765625,201.7302703857422,200.18218994140625,0.4456489682197571,0.47165560722351074,0.49269238114356995,45.8105354309082,60.46644973754883,58.53972625732422,-43.86363983154297,-55.783626556396484,-57.21490478515625,7.510302543640137,18.85147476196289,2.463629722595215,0.9575011134147644,0.9225550293922424,0.9773688316345215,5.800954818725586,5.587559700012207,4.71111536026001,nan
10.600,0,102.79511260986328,128.20042419433594,118.81597900390625,201.75494384765625,201.7302703857422,200.18218994140625,0.4456489682197571,0.47165560722351074,0.49269238114356995,45.8105354309082,60.46644973754883,58.53972625732422,-43.86363983154297,-55.783626556396484,-57.21490478515625,7.510302543640137,18.85147476196289,2.463629722595215,0.9575011134147644,0.9225550293922424,0.9773688316345215,5.800954818725586,5.587559700012207,4.71111536026001,nan
10.650,0,102.79511260986328,128.20042419433594,118.81597900390625,201.75494384765625,201.7302703857422,200.18218994140625,0.4456489682197571,0.47165560722351074,0.49269238114356995,45.8105354309082,60.46644973754883,58.53972625732422,-43.86363983154297,-55.783626556396484,-57.21490478515625,7.510302543640137,18.85147476196289,2.463629722595215,0.9575011134147644,0.9225550293922424,0.9773688316345215,5.800954818725586,5.587559700012207,4.71111536026001,nan
10.700,0,102.81332397460938,128.2380828857422,118.88765716552734,201.79519653320312,201.8124237060547,200.27285766601562,0.44993361830711365,0.4717879891395569,0.4996308982372284,46.25917053222656,60.50118637084961,59.39994812011719,-44.595458984375,-56.18793869018555,-58.19237518310547,6.617135524749756,18.296422958374023,1.9482862949371338,0.9640349745750427,0.9287080764770508,0.9796704649925232,5.825326442718506,5.608210563659668,4.743781089782715,nan
10.750,0,102.81332397460938,128.2380828857422,118.88765716552734,201.79519653320312,201.8124237060547,200.27285766601562,0.44993361830711365,0.4717879891395569,0.4996308982372284,46.25917053222656,60.50118637084961,59.39994812011719,-44.595458984375,-56.18793869018555,-58.19237518310547,6.617135524749756,18.296422958374023,1.9482862949371338,0.9640349745750427,0.9287080764770508,0.9796704649925232,5.825326442718506,5.608210563659668,4.743781089782715,nan
10.800,2,102.81332397460938,128.2380828857422,118.88765716552734,201.79519653320312,201.8124237060547,200.27285766601562,0.44993361830711365,0.4717879891395569,0.4996308982372284,46.25917053222656,60.50118637084961,59.39994812011719,-44.595458984375,-56.18793869018555,-58.19237518310547,6.617135524749756,18.296422958374023,1.9482862949371338,0.9640349745750427,0.9287080764770508,0.9796704649925232,5.825326442718506,5.608210563659668,4.743781089782715,nan
10.850,2,102.81332397460938,128.2380828857422,118.88765716552734,201.79519653320312,201.8124237060547,200.27285766601562,0.44993361830711365,0.4717879891395569,0.4996308982372284,46.25917053222656,60.50118637084961,59.39994812011719,-44.595458984375,-56.18793869018555,-58.19237518310547,6.617135524749756,18.296422958374023,1.9482862949371338,0.9640349745750427,0.9287080764770508,0.9796704649925232,5.825326442718506,5.608210563659668,4.743781089782715,nan
10.900,2,102.78125,128.3214874267578,118.87686920166016,201.8206024169922,201.9046173095703,200.23056030273438,0.45403340458869934,0.4778752028942108,0.5022090077400208,46.66612243652344,61.3216552734375,59.70103454589844,-44.84376907348633,-56.841651916503906,-58.425838470458984,7.3187336921691895,18.81098747253418,2.3272624015808105,0.9609491229057312,0.9269425272941589,0.9786403179168701,5.881035804748535,5.685251235961914,4.801782131195068,nan
10.950,2,102.78125,128.3214874267578,118.87686920166016,201.8206024169922,201.9046173095703,200.23056030273438,0.45403340458869934,0.4778752028942108,0.5022090077400208,46.66612243652344,61.3216552734375,59.70103454589844,-44.84376907348633,-56.841651916503906,-58.425838470458984,7.3187336921691895,18.81098747253418,2.3272624015808105,0.9609491229057312,0.9269425272941589,0.9786403179168701,5.881035804748535,5.685251235961914,4.801782131195068,nan
11.000,2,102.78125,128.3214874267578,118.87686920166016,201.8206024169922,201.9046173095703,200.23056030273438,0.45403340458869934,0.4778752028942108,0.5022090077400208,46.66612243652344,61.3216552734375,59.70103454589844,-44.84376907348633,-56.841651916503906,-58.425838470458984,7.3187336921691895,18.81098747253418,2.3272624015808105,0.9609491229057312,0.9269425272941589,0.9786403179168701,5.881035804748535,5.685251235961914,4.801782131195068,nan
11.050,2,102.78125,128.3214874267578,118.87686920166016,201.8206024169922,201.9046173095703,200.23056030273438,0.45403340458869934,0.4778752028942108,0.5022090077400208,46.66612243652344,61.3216552734375,59.70103454589844,-44.84376907348633,-56.841651916503906,-58.425838470458984,7.3187336921691895,18.81098747253418,2.3272624015808105,0.9609491229057312,0.9269425272941589,0.9786403179168701,5.881035804748535,5.685251235961914,4.801782131195068,nan
11.100,2,102.78926086425781,128.1866912841797,118.85563659667969,201.70738220214844,201.74476623535156,200.2368621826172,0.4514249265193939,0.4718015193939209,0.4965899884700775,46.401634216308594,60.478675842285156,59.022518157958984,-44.541534423828125,-55.8913459777832,-57.74092102050781,7.61345911026001,18.91399574279785,3.0578389167785645,0.9599130749702454,0.9241496324539185,0.9782863259315491,5.8310723304748535,5.704631805419922,4.77235746383667,nan
11.150,2,102.78926086425781,128.1866912841797,118.85563659667969,201.70738220214844,201.74476623535156,200.2368621826172,0.4514249265193939,0.4718015193939209,0.4965899884700775,46.401634216308594,60.478675842285156,59.022518157958984,-44.541534423828125,-55.8913459777832,-57.74092102050781,7.61345911026001,18.91399574279785,3.0578389167785645,0.9599130749702454,0.9241496324539185,0.9782863259315491,5.8310723304748535,5.704631805419922,4.77235746383667,nan
11.200,2,102.78926086425781,128.1866912841797,118.85563659667969,201.70738220214844,201.74476623535156,200.2368621826172,0.4514249265193939,0.4718015193939209,0.4965899884700775,46.401634216308594,60.478675842285156,59.022518157958984,-44.541534423828125,-55.8913459777832,-57.74092102050781,7.61345911026001,18.91399574279785,3.0578389167785645,0.9599130749702454,0.9241496324539185,0.9782863259315491,5.8310723304748535,5.704631805419922,4.77235746383667,nan
11.250,2,102.78926086425781,128.1866912841797,118.85563659667969,201.70738220214844,201.74476623535156,200.2368621826172,0.4514249265193939,0.4718015193939209,0.4965899884700775,46.401634216308594,60.478675842285156,59.022518157958984,-44.541534423828125,-55.8913459777832,-57.74092102050781,7.61345911026001,18.91399574279785,3.0578389167785645,0.9599130749702454,0.9241496324539185,0.9782863259315491,5.8310723304748535,5.704631805419922,4.77235746383667,nan
11.300,2,102.03145599365234,128.2064666748047,118.9410629272461,200.7193603515625,201.64227294921875,200.0302276611328,0.5166391730308533,0.6012601852416992,0.5095481872558594,52.71344757080078,77.08544158935547,60.606201171875,-38.215484619140625,-50.46271896362305,-58.83885192871094,4.748420238494873,24.88567352294922,2.6521997451782227,0.7249665260314941,0.6546335816383362,0.9708387851715088,5.9299821853637695,5.746237754821777,4.776110649108887,nan
11.350,2,102.03145599365234,128.2064666748047,118.9410629272461,200.7193603515625,201.64227294921875,200.0302276611328,0.5166391730308533,0.6012601852416992,0.5095481872558594,52.71344757080078,77.08544158935547,60.606201171875,-38.215484619140625,-50.46271896362305,-58.83885192871094,4.748420238494873,24.88567352294922,2.6521997451782227,0.7249665260314941,0.6546335816383362,0.9708387851715088,5.9299821853637695,5.746237754821777,4.776110649108887,nan
11.400,2,102.03145599365234,128.2064666748047,118.9410629272461,200.7193603515625,201.64227294921875,200.0302276611328,0.5166391730308533,0.6012601852416992,0.5095481872558594,52.71344757080078,77.08544158935547,60.606201171875,-38.215484619140625,-50.46271896362305,-58.83885192871094,4.748420238494873,24.88567352294922,2.6521997451782227,0.7249665260314941,0.6546335816383362,0.9708387851715088,5.9299821853637695,5.746237754821777,4.776110649108887,nan
11.450,2,102.03145599365234,128.2064666748047,118.9410629272461,200.7193603515625,201.64227294921875,200.0302276611328,0.5166391730308533,0.6012601852416992,0.5095481872558594,52.71344757080078,77.08544158935547,60.606201171875,-38.215484619140625,-50.46271896362305,-58.83885192871094,4.748420238494873,24.88567352294922,2.6521997451782227,0.7249665260314941,0.6546335816383362,0.9708387851715088,5.9299821853637695,5.746237754821777,4.776110649108887,nan
11.500,2,89.51376342773438,125.28638458251953,118.66864013671875,184.27940368652344,204.54283142089844,188.020751953125,2.128753662109375,2.997330665588379,1.198129415512085,190.55274963378906,375.52471923828125,142.18038940429688,96.23658752441406,-88.86042022705078,-97.73711395263672,162.98052978515625,363.97967529296875,100.37407684326172,0.5050390958786011,0.23663002252578735,0.6874162554740906,6.635758876800537,5.4379963874816895,5.330849647521973,nan
11.550,2,89.51376342773438,125.28638458251953,118.66864013671875,184.27940368652344,204.54283142089844,188.020751953125,2.128753662109375,2.997330665588379,1.198129415512085,190.55274963378906,375.52471923828125,142.18038940429688,96.23658752441406,-88.86042022705078,-97.73711395263672,162.98052978515625,363.97967529296875,100.37407684326172,0.5050390958786011,0.23663002252578735,0.6874162554740906,6.635758876800537,5.4379963874816895,5.330849647521973,nan
11.600,2,89.51376342773438,125.28638458251953,118.66864013671875,184.27940368652344,204.54283142089844,188.020751953125,2.128753662109375,2.997330665588379,1.198129415512085,190.55274963378906,375.52471923828125,142.18038940429688,96.23658752441406,-88.86042022705078,-97.73711395263672,162.98052978515625,363.97967529296875,100.37407684326172,0.5050390958786011,0.23663002252578735,0.6874162554740906,6.635758876800537,5.4379963874816895,5.330849647521973,nan
11.650,2,89.51376342773438,125.28638458251953,118.66864013671875,184.27940368652344,204.54283142089844,188.020751953125,2.128753662109375,2.997330665588379,1.198129415512085,190.55274963378906,375.52471923828125,142.18038940429688,96.23658752441406,-88.86042022705078,-97.73711395263672,162.98052978515625,363.97967529296875,100.37407684326172,0.5050390958786011,0.23663002252578735,0.6874162554740906,6.635758876800537,5.4379963874816895,5.330849647521973,nan
11.700,2,89.38069152832031,125.21051025390625,118.6443099975586,184.10646057128906,204.4130096435547,187.93524169921875,2.0953142642974854,2.958574056625366,1.1610910892486572,187.2806396484375,370.444580078125,137.75685119628906,97.92987060546875,-84.0423355102539,-95.70037841796875,158.9067840576172,360.1940612792969,97.30429077148438,0.5229043960571289,0.22686885297298431,0.6947050094604492,6.656239986419678,5.400537014007568,5.341102600097656,nan
11.750,2,89.38069152832031,125.21051025390625,118.6443099975586,184.10646057128906,204.4130096435547,187.93524169921875,2.0953142642974854,2.958574056625366,1.1610910892486572,187.2806396484375,370.444580078125,137.75685119628906,97.92987060546875,-84.0423355102539,-95.70037841796875,158.9067840576172,360.1940612792969,97.30429077148438,0.5229043960571289,0.22686885297298431,0.6947050094604492,6.656239986419678,5.400537014007568,5.341102600097656,nan
11.800,2,89.38069152832031,125.21051025390625,118.6443099975586,184.10646057128906,204.4130096435547,187.93524169921875,2.0953142642974854,2.958574056625366,1.1610910892486572,187.2806396484375,370.444580078125,137.75685119628906,97.92987060546875,-84.0423355102539,-95.70037841796875,158.9067840576172,360.1940612792969,97.30429077148438,0.5229043960571289,0.22686885297298431,0.6947050094604492,6.656239986419678,5.400537014007568,5.341102600097656,nan
11.850,2,89.38069152832031,125.21051025390625,118.6443099975586,184.10646057128906,204.4130096435547,187.93524169921875,2.0953142642974854,2.958574056625366,1.1610910892486572,187.2806396484375,370.444580078125,137.75685119628906,97.92987060546875,-84.0423355102539,-95.70037841796875,158.9067840576172,360.1940612792969,97.30429077148438,0.5229043960571289,0.22686885297298431,0.6947050094604492,6.656239986419678,5.400537014007568,5.341102600097656,nan
11.900,2,96.22005462646484,127.7740707397461,118.9329833984375,193.8383026123047,203.6444549560547,194.6320343017578,1.5171411037445068,2.115489959716797,0.9142314195632935,145.97940063476562,270.30474853515625,108.73226928710938,23.375774383544922,-75.69635009765625,-80.28665924072266,80.95796203613281,186.77764892578125,45.117225646972656,0.16013063490390778,0.28004077076911926,0.7383885383605957,6.425961017608643,5.555487632751465,5.093372344970703,nan
11.950,2,96.22005462646484,127.7740707397461,118.9329833984375,193.8383026123047,203.6444549560547,194.6320343017578,1.5171411037445068,2.115489959716797,0.9142314195632935,145.97940063476562,270.30474853515625,108.73226928710938,23.375774383544922,-75.69635009765625,-80.28665924072266,80.95796203613281,186.77764892578125,45.117225646972656,0.16013063490390778,0.28004077076911926,0.7383885383605957,6.425961017608643,5.555487632751465,5.093372344970703,nan
12.000,2,96.22005462646484,127.7740707397461,118.9329833984375,193.8383026123047,203.6444549560547,194.6320343017578,1.5171411037445068,2.115489959716797,0.9142314195632935,145.97940063476562,270.30474853515625,108.73226928710938,23.375774383544922,-75.69635009765625,-80.28665924072266,80.95796203613281,186.77764892578125,45.117225646972656,0.16013063490390778,0.28004077076911926,0.7383885383605957,6.425961017608643,5.555487632751465,5.093372344970703,nan
12.050,0,96.22005462646484,127.7740707397461,118.9329833984375,193.8383026123047,203.6444549560547,194.6320343017578,1.5171411037445068,2.115489959716797,0.9142314195632935,145.97940063476562,270.30474853515625,108.73226928710938,23.375774383544922,-75.69635009765625,-80.28665924072266,80.95796203613281,186.77764892578125,45.117225646972656,0.16013063490390778,0.28004077076911926,0.7383885383605957,6.425961017608643,5.555487632751465,5.093372344970703,nan
12.100,0,102.99722290039062,128.57733154296875,119.22773742675781,202.2471160888672,202.4028778076172,200.72251892089844,0.4739837646484375,0.49043041467666626,0.5239068865776062,48.81901168823242,63.05823516845703,62.4642333984375,-47.6961669921875,-60.66013717651367,-61.0941276550293,0.5003806352615356,11.294293403625488,-5.852801322937012,0.976999819278717,0.9619700908660889,0.9780657291412354,5.84650993347168,5.700679302215576,4.704442501068115,nan
12.150,0,102.99722290039062,128.57733154296875,119.22773742675781,202.2471160888672,202.4028778076172,200.72251892089844,0.4739837646484375,0.49043041467666626,0.5239068865776062,48.81901168823242,63.05823516845703,62.4642333984375,-47.6961669921875,-60.66013717651367,-61.0941276550293,0.5003806352615356,11.294293403625488,-5.852801322937012,0.976999819278717,0.9619700908660889,0.9780657291412354,5.84650993347168,5.700679302215576,4.704442501068115,nan
12.200,0,102.99722290039062,128.57733154296875,119.22773742675781,202.2471160888672,202.4028778076172,200.72251892089844,0.4739837646484375,0.49043041467666626,0.5239068865776062,48.81901168823242,63.05823516845703,62.4642333984375,-47.6961669921875,-60.66013717651367,-61.0941276550293,0.5003806352615356,11.294293403625488,-5.852801322937012,0.976999819278717,0.9619700908660889,0.9780657291412354,5.84650993347168,5.700679302215576,4.704442501068115,nan
12.250,0,102.99722290039062,128.57733154296875,119.22773742675781,202.2471160888672,202.4028778076172,200.72251892089844,0.4739837646484375,0.49043041467666626,0.5239068865776062,48.81901168823242,63.05823516845703,62.4642333984375,-47.6961669921875,-60.66013717651367,-61.0941276550293,0.5003806352615356,11.294293403625488,-5.852801322937012,0.976999819278717,0.9619700908660889,0.9780657291412354,5.84650993347168,5.700679302215576,4.704442501068115,nan
12.300,0,103.0142822265625,128.45489501953125,119.06903076171875,202.1320037841797,202.20079040527344,200.5996856689453,0.4624975919723511,0.4756004810333252,0.5082722902297974,47.643856048583984,61.09320831298828,60.51948928833008,-46.684200286865234,-58.929649353027344,-59.38608169555664,0.643359899520874,10.782965660095215,-5.228537082672119,0.9798577427864075,0.9645859599113464,0.9812720417976379,5.7921624183654785,5.673890590667725,4.7325263023376465,nan
12.350,0,103.0142822265625,128.45489501953125,119.06903076171875,202.1320037841797,202.20079040527344,200.5996856689453,0.4624975919723511,0.4756004810333252,0.5082722902297974,47.643856048583984,61.09320831298828,60.51948928833008,-46.684200286865234,-58.929649353027344,-59.38608169555664,0.643359899520874,10.782965660095215,-5.228537082672119,0.9798577427864075,0.9645859599113464,0.9812720417976379,5.7921624183654785,5.673890590667725,4.7325263023376465,nan
12.400,0,103.0142822265625,128.45489501953125,119.06903076171875,202.1320037841797,202.20079040527344,200.5996856689453,0.4624975919723511,0.4756004810333252,0.5082722902297974,47.643856048583984,61.09320831298828,60.51948928833008,-46.684200286865234,-58.929649353027344,-59.38608169555664,0.643359899520874,10.782965660095215,-5.228537082672119,0.9798577427864075,0.9645859599113464,0.9812720417976379,5.7921624183654785,5.673890590667725,4.7325263023376465,nan
12.450,0,103.0142822265625,128.45489501953125,119.06903076171875,202.1320037841797,202.20079040527344,200.5996856689453,0.4624975919723511,0.4756004810333252,0.5082722902297974,47.643856048583984,61.09320831298828,60.51948928833008,-46.684200286865234,-58.929649353027344,-59.38608169555664,0.643359899520874,10.782965660095215,-5.228537082672119,0.9798577427864075,0.9645859599113464,0.9812720417976379,5.7921624183654785,5.673890590667725,4.7325263023376465,nan
12.500,0,102.89973449707031,128.3179931640625,118.90801239013672,201.9209747314453,201.90475463867188,200.37879943847656,0.4503302276134491,0.4655281901359558,0.4947153627872467,46.33885955810547,59.73564147949219,58.825618743896484,-45.388771057128906,-57.01071548461914,-57.99662780761719,3.3827853202819824,13.817875862121582,-1.8510726690292358,0.979496955871582,0.9543836116790771,0.9859076738357544,5.77760124206543,5.654139995574951,4.696717262268066,nan
12.550,0,102.89973449707031,128.3179931640625,118.90801239013672,201.9209747314453,201.90475463867188,200.37879943847656,0.4503302276134491,0.4655281901359558,0.4947153627872467,46.33885955810547,59.73564147949219,58.825618743896484,-45.388771057128906,-57.01071548461914,-57.99662780761719,3.3827853202819824,13.817875862121582,-1.8510726690292358,0.979496955871582,0.9543836116790771,0.9859076738357544,5.77760124206543,5.654139995574951,4.696717262268066,nan
12.600,0,102.89973449707031,128.3179931640625,118.90801239013672,201.9209747314453,201.90475463867188,200.37879943847656,0.4503302276134491,0.4655281901359558,0.4947153627872467,46.33885955810547,59.73564147949219,58.825618743896484,-45.388771057128906,-57.01071548461914,-57.99662780761719,3.3827853202819824,13.817875862121582,-1.8510726690292358,0.979496955871582,0.9543836116790771,0.9859076738357544,5.77760124206543,5.654139995574951,4.696717262268066,nan
12.650,0,102.89973449707031,128.3179931640625,118.90801239013672,201.9209747314453,201.90475463867188,200.37879943847656,0.4503302276134491,0.4655281901359558,0.4947153627872467,46.33885955810547,59.73564147949219,58.825618743896484,-45.388771057128906,-57.01071548461914,-57.99662780761719,3.3827853202819824,13.817875862121582,-1.8510726690292358,0.979496955871582,0.9543836116790771,0.9859076738357544,5.77760124206543,5.654139995574951,4.696717262268066,nan
12.700,0,102.87332153320312,128.34344482421875,118.90614318847656,201.92532348632812,201.9311065673828,200.34783935546875,0.4477607309818268,0.4640651345252991,0.49232369661331177,46.0626335144043,59.55971908569336,58.540313720703125,-45.092105865478516,-56.8821907043457,-57.7099723815918,3.387909412384033,13.787212371826172,-1.9652180671691895,0.9789302349090576,0.9550446271896362,0.9858158826828003,5.840494155883789,5.691798210144043,4.676562309265137,nan
12.750,0,102.87332153320312,128.34344482421875,118.90614318847656,201.92532348632812,201.9311065673828,200.34783935546875,0.4477607309818268,0.4640651345252991,0.49232369661331177,46.0626335144043,59.55971908569336,58.540313720703125,-45.092105865478516,-56.8821907043457,-57.7099723815918,3.387909412384033,13.787212371826172,-1.9652180671691895,0.9789302349090576,0.9550446271896362,0.9858158826828003,5.840494155883789,5.691798210144043,4.676562309265137,nan
12.800,0,102.87332153320312,128.34344482421875,118.90614318847656,201.92532348632812,201.9311065673828,200.34783935546875,0.4477607309818268,0.4640651345252991,0.49232369661331177,46.0626335144043,59.55971908569336,58.540313720703125,-45.092105865478516,-56.8821907043457,-57.7099723815918,3.387909412384033,13.787212371826172,-1.9652180671691895,0.9789302349090576,0.9550446271896362,0.9858158826828003,5.840494155883789,5.691798210144043,4.676562309265137,nan
12.850,0,102.87332153320312,128.34344482421875,118.90614318847656,201.92532348632812,201.9311065673828,200.34783935546875,0.4477607309818268,0.4640651345252991,0.49232369661331177,46.0626335144043,59.55971908569336,58.540313720703125,-45.092105865478516,-56.8821907043457,-57.7099723815918,3.387909412384033,13.787212371826172,-1.9652180671691895,0.9789302349090576,0.9550446271896362,0.9858158826828003,5.840494155883789,5.691798210144043,4.676562309265137,nan
12.900,0,102.80473327636719,128.3095245361328,118.87564086914062,201.8344268798828,201.90602111816406,200.24365234375,0.4402335286140442,0.45904165506362915,0.4885980784893036,45.25809097290039,58.899417877197266,58.0824089050293,-44.17530822753906,-55.68983459472656,-57.242767333984375,4.2304911613464355,15.268975257873535,-0.6542638540267944,0.9760753512382507,0.9455074071884155,0.985543966293335,5.875345706939697,5.662777423858643,4.673320770263672,nan
12.950,0,102.80473327636719,128.3095245361328,118.87564086914062,201.8344268798828,201.90602111816406,200.24365234375,0.4402335286140442,0.45904165506362915,0.4885980784893036,45.25809097290039,58.899417877197266,58.0824089050293,-44.17530822753906,-55.68983459472656,-57.242767333984375,4.2304911613464355,15.268975257873535,-0.6542638540267944,0.9760753512382507,0.9455074071884155,0.985543966293335,5.875345706939697,5.662777423858643,4.673320770263672,nan
13.000,0,102.80473327636719,128.3095245361328,118.87564086914062,201.8344268798828,201.90602111816406,200.24365234375,0.4402335286140442,0.45904165506362915,0.4885980784893036,45.25809097290039,58.899417877197266,58.0824089050293,-44.17530822753906,-55.68983459472656,-57.242767333984375,4.2304911613464355,15.268975257873535,-0.6542638540267944,0.9760753512382507,0.9455074071884155,0.985543966293335,5.875345706939697,5.662777423858643,4.673320770263672,nan
13.050,0,102.80473327636719,128.3095245361328,118.87564086914062,201.8344268798828,201.90602111816406,200.24365234375,0.4402335286140442,0.45904165506362915,0.4885980784893036,45.25809097290039,58.899417877197266,58.0824089050293,-44.17530822753906,-55.68983459472656,-57.242767333984375,4.2304911613464355,15.268975257873535,-0.6542638540267944,0.9760753512382507,0.9455074071884155,0.985543966293335,5.875345706939697,5.662777423858643,4.673320770263672,nan
13.100,0,102.8162612915039,128.26309204101562,118.8924331665039,201.7787628173828,201.85281372070312,200.3082733154297,0.4427943229675293,0.4591384828090668,0.4878380000591278,45.52645492553711,58.89052200317383,58.000247955322266,-44.472267150878906,-55.87518310546875,-57.148807525634766,4.179007053375244,14.796515464782715,-0.7691575288772583,0.9768444895744324,0.9487975239753723,0.9853200316429138,5.728653907775879,5.571815490722656,4.589234352111816,nan
13.150,0,102.8162612915039,128.26309204101562,118.8924331665039,201.7787628173828,201.85281372070312,200.3082733154297,0.4427943229675293,0.4591384828090668,0.4878380000591278,45.52645492553711,58.89052200317383,58.000247955322266,-44.472267150878906,-55.87518310546875,-57.148807525634766,4.179007053375244,14.796515464782715,-0.7691575288772583,0.9768444895744324,0.9487975239753723,0.9853200316429138,5.728653907775879,5.571815490722656,4.589234352111816,nan
13.200,0,102.8162612915039,128.26309204101562,118.8924331665039,201.7787628173828,201.85281372070312,200.3082733154297,0.4427943229675293,0.4591384828090668,0.4878380000591278,45.52645492553711,58.89052200317383,58.000247955322266,-44.472267150878906,-55.87518310546875,-57.148807525634766,4.179007053375244,14.796515464782715,-0.7691575288772583,0.9768444895744324,0.9487975239753723,0.9853200316429138,5.728653907775879,5.571815490722656,4.589234352111816,nan
13.250,0,102.8162612915039,128.26309204101562,118.8924331665039,201.7787628173828,201.85281372070312,200.3082733154297,0.4427943229675293,0.4591384828090668,0.4878380000591278,45.52645492553711,58.89052200317383,58.000247955322266,-44.472267150878906,-55.87518310546875,-57.148807525634766,4.179007053375244,14.796515464782715,-0.7691575288772583,0.9768444895744324,0.9487975239753723,0.9853200316429138,5.728653907775879,5.571815490722656,4.589234352111816,nan
13.300,0,102.77604675292969,128.2258758544922,118.83829498291016,201.7205047607422,201.79550170898438,200.20228576660156,0.43569621443748474,0.45454731583595276,0.4810096025466919,44.77913284301758,58.28472900390625,57.16236114501953,-43.65720748901367,-54.99198913574219,-56.3564453125,5.111242771148682,15.832846641540527,0.29830828309059143,0.9749453663825989,0.9435059428215027,0.9859012961387634,5.747611999511719,5.603343486785889,4.6125288009643555,nan
13.350,0,102.77604675292969,128.2258758544922,118.83829498291016,201.7205047607422,201.79550170898438,200.20228576660156,0.43569621443748474,0.45454731583595276,0.4810096025466919,44.77913284301758,58.28472900390625,57.16236114501953,-43.65720748901367,-54.99198913574219,-56.3564453125,5.111242771148682,15.832846641540527,0.29830828309059143,0.9749453663825989,0.9435059428215027,0.9859012961387634,5.747611999511719,5.603343486785889,4.6125288009643555,nan
13.400,0,102.77604675292969,128.2258758544922,118.83829498291016,201.7205047607422,201.79550170898438,200.20228576660156,0.43569621443748474,0.45454731583595276,0.4810096025466919,44.77913284301758,58.28472900390625,57.16236114501953,-43.65720748901367,-54.99198913574219,-56.3564453125,5.111242771148682,15.832846641540527,0.29830828309059143,0.9749453663825989,0.9435059428215027,0.9859012961387634,5.747611999511719,5.603343486785889,4.6125288009643555,nan
13.450,0,102.77604675292969,128.2258758544922,118.83829498291016,201.7205047607422,201.79550170898438,200.20228576660156,0.43569621443748474,0.45454731583595276,0.4810096025466919,44.77913284301758,58.28472900390625,57.16236114501953,-43.65720748901367,-54.99198913574219,-56.3564453125,5.111242771148682,15.832846641540527,0.29830828309059143,0.9749453663825989,0.9435059428215027,0.9859012961387634,5.747611999511719,5.603343486785889,4.6125288009643555,nan
13.500,0,102.80620574951172,128.24954223632812,118.86811828613281,201.7472381591797,201.8209686279297,200.28343200683594,0.43741583824157715,0.45810213685035706,0.4855329692363739,44.96906280517578,58.75138854980469,57.71438980102539,-43.92985153198242,-55.56327819824219,-56.91552734375,4.721560001373291,15.652913093566895,-0.32750973105430603,0.976890504360199,0.9457355737686157,0.9861583709716797,5.733146667480469,5.597222805023193,4.610915660858154,nan
13.550,0,102.80620574951172,128.24954223632812,118.86811828613281,201.7472381591797,201.8209686279297,200.28343200683594,0.43741583824157715,0.45810213685035706,0.4855329692363739,44.96906280517578,58.75138854980469,57.71438980102539,-43.92985153198242,-55.56327819824219,-56.91552734375,4.721560001373291,15.652913093566895,-0.32750973105430603,0.976890504360199,0.9457355737686157,0.9861583709716797,5.733146667480469,5.597222805023193,4.610915660858154,nan
13.600,0,102.80620574951172,128.24954223632812,118.86811828613281,201.7472381591797,201.8209686279297,200.28343200683594,0.43741583824157715,0.45810213685035706,0.4855329692363739,44.96906280517578,58.75138854980469,57.71438980102539,-43.92985153198242,-55.56327819824219,-56.91552734375,4.721560001373291,15.652913093566895,-0.32750973105430603,0.976890504360199,0.9457355737686157,0.9861583709716797,5.733146667480469,5.597222805023193,4.610915660858154,nan
13.650,0,102.80620574951172,128.24954223632812,118.86811828613281,201.7472381591797,201.8209686279297,200.28343200683594,0.43741583824157715,0.45810213685035706,0.4855329692363739,44.96906280517578,58.75138854980469,57.71438980102539,-43.92985153198242,-55.56327819824219,-56.91552734375,4.721560001373291,15.652913093566895,-0.32750973105430603,0.976890504360199,0.9457355737686157,0.9861583709716797,5.733146667480469,5.597222805023193,4.610915660858154,nan
13.700,0,102.69851684570312,128.1630859375,118.71363067626953,201.64105224609375,201.585205078125,200.02557373046875,0.4329829514026642,0.45319053530693054,0.479811429977417,44.466705322265625,58.082298278808594,56.96015548706055,-43.32467269897461,-54.59968185424805,-56.19451904296875,5.561613082885742,16.59744644165039,0.8957406878471375,0.9743171334266663,0.9400399923324585,0.9865583777427673,5.743276119232178,5.569534778594971,4.535181522369385,nan
13.750,0,102.69851684570312,128.1630859375,118.71363067626953,201.64105224609375,201.585205078125,200.02557373046875,0.4329829514026642,0.45319053530693054,0.479811429977417,44.466705322265625,58.082298278808594,56.96015548706055,-43.32467269897461,-54.59968185424805,-56.19451904296875,5.561613082885742,16.59744644165039,0.8957406878471375,0.9743171334266663,0.9400399923324585,0.9865583777427673,5.743276119232178,5.569534778594971,4.535181522369385,nan
13.800,0,102.69851684570312,128.1630859375,118.71363067626953,201.64105224609375,201.585205078125,200.02557373046875,0.4329829514026642,0.45319053530693054,0.479811429977417,44.466705322265625,58.082298278808594,56.96015548706055,-43.32467269897461,-54.59968185424805,-56.19451904296875,5.561613082885742,16.59744644165039,0.8957406878471375,0.9743171334266663,0.9400399923324585,0.9865583777427673,5.743276119232178,5.569534778594971,4.535181522369385,nan
13.850,0,102.69851684570312,128.1630859375,118.71363067626953,201.64105224609375,201.585205078125,200.02557373046875,0.4329829514026642,0.45319053530693054,0.479811429977417,44.466705322265625,58.082298278808594,56.96015548706055,-43.32467269897461,-54.59968185424805,-56.19451904296875,5.561613082885742,16.59744644165039,0.8957406878471375,0.9743171334266663,0.9400399923324585,0.9865583777427673,5.743276119232178,5.569534778594971,4.535181522369385,nan
13.900,0,102.73198699951172,128.2477569580078,118.78645324707031,201.69955444335938,201.79872131347656,200.0923309326172,0.4396895468235016,0.45898208022117615,0.48805513978004456,45.17018127441406,58.86342239379883,57.97433853149414,-43.958160400390625,-55.3199577331543,-57.12529373168945,5.206397533416748,16.446962356567383,0.5819427967071533,0.9731676578521729,0.9398019313812256,0.9853548407554626,5.881328582763672,5.736948490142822,4.759028434753418,nan
13.950,0,102.73198699951172,128.2477569580078,118.78645324707031,201.69955444335938,201.79872131347656,200.0923309326172,0.4396895468235016,0.45898208022117615,0.48805513978004456,45.17018127441406,58.86342239379883,57.97433853149414,-43.958160400390625,-55.3199577331543,-57.12529373168945,5.206397533416748,16.446962356567383,0.5819427967071533,0.9731676578521729,0.9398019313812256,0.9853548407554626,5.881328582763672,5.736948490142822,4.759028434753418,nan
14.000,0,102.73198699951172,128.2477569580078,118.78645324707031,201.69955444335938,201.79872131347656,200.0923309326172,0.4396895468235016,0.45898208022117615,0.48805513978004456,45.17018127441406,58.86342239379883,57.97433853149414,-43.958160400390625,-55.3199577331543,-57.12529373168945,5.206397533416748,16.446962356567383,0.5819427967071533,0.9731676578521729,0.9398019313812256,0.9853548407554626,5.881328582763672,5.736948490142822,4.759028434753418,nan
14.050,0,102.73198699951172,128.2477569580078,118.78645324707031,201.69955444335938,201.79872131347656,200.0923309326172,0.4396895468235016,0.45898208022117615,0.48805513978004456,45.17018127441406,58.86342239379883,57.97433853149414,-43.958160400390625,-55.3199577331543,-57.12529373168945,5.206397533416748,16.446962356567383,0.5819427967071533,0.9731676578521729,0.9398019313812256,0.9853548407554626,5.881328582763672,5.736948490142822,4.759028434753418,nan
14.100,0,102.70079040527344,128.19322204589844,118.75739288330078,201.66580200195312,201.67001342773438,200.0578155517578,0.43376702070236206,0.45465347170829773,0.48164981603622437,44.5482177734375,58.28349304199219,57.19947814941406,-43.22462844848633,-54.42399597167969,-56.33863830566406,6.1759467124938965,17.498382568359375,1.6833360195159912,0.9702886343002319,0.9337806105613708,0.9849502444267273,5.986840724945068,5.668856143951416,4.711565971374512,nan
14.150,0,102.70079040527344,128.19322204589844,118.75739288330078,201.66580200195312,201.67001342773438,200.0578155517578,0.43376702070236206,0.45465347170829773,0.48164981603622437,44.5482177734375,58.28349304199219,57.19947814941406,-43.22462844848633,-54.42399597167969,-56.33863830566406,6.1759467124938965,17.498382568359375,1.6833360195159912,0.9702886343002319,0.9337806105613708,0.9849502444267273,5.986840724945068,5.668856143951416,4.711565971374512,nan
14.200,0,102.70079040527344,128.19322204589844,118.75739288330078,201.66580200195312,201.67001342773438,200.0578155517578,0.43376702070236206,0.45465347170829773,0.48164981603622437,44.5482177734375,58.28349304199219,57.19947814941406,-43.22462844848633,-54.42399597167969,-56.33863830566406,6.1759467124938965,17.498382568359375,1.6833360195159912,0.9702886343002319,0.9337806105613708,0.9849502444267273,5.986840724945068,5.668856143951416,4.711565971374512,nan
14.250,0,102.70079040527344,128.19322204589844,118.75739288330078,201.66580200195312,201.67001342773438,200.0578155517578,0.43376702070236206,0.45465347170829773,0.48164981603622437,44.5482177734375,58.28349304199219,57.19947814941406,-43.22462844848633,-54.42399597167969,-56.33863830566406,6.1759467124938965,17.498382568359375,1.6833360195159912,0.9702886343002319,0.9337806105613708,0.9849502444267273,5.986840724945068,5.668856143951416,4.711565971374512,nan
14.300,0,102.73711395263672,128.1853485107422,118.74038696289062,201.6444091796875,201.6703643798828,200.0846710205078,0.4362729489803314,0.45975738763809204,0.48339319229125977,44.8214225769043,58.93416213989258,57.39829635620117,-43.523006439208984,-55.237369537353516,-56.497352600097656,5.999626159667969,16.975570678710938,0.9661921858787537,0.9710313677787781,0.9372724890708923,0.9843036532402039,5.771662712097168,5.661185264587402,4.7477240562438965,nan
14.350,0,102.73711395263672,128.1853485107422,118.74038696289062,201.6444091796875,201.6703643798828,200.0846710205078,0.4362729489803314,0.45975738763809204,0.48339319229125977,44.8214225769043,58.93416213989258,57.39829635620117,-43.523006439208984,-55.237369537353516,-56.497352600097656,5.999626159667969,16.975570678710938,0.9661921858787537,0.9710313677787781,0.9372724890708923,0.9843036532402039,5.771662712097168,5.661185264587402,4.7477240562438965,nan
14.400,0,102.73711395263672,128.1853485107422,118.74038696289062,201.6444091796875,201.6703643798828,200.0846710205078,0.4362729489803314,0.45975738763809204,0.48339319229125977,44.8214225769043,58.93416213989258,57.39829635620117,-43.523006439208984,-55.237369537353516,-56.497352600097656,5.999626159667969,16.975570678710938,0.9661921858787537,0.9710313677787781,0.9372724890708923,0.9843036532402039,5.771662712097168,5.661185264587402,4.7477240562438965,nan
14.450,0,102.73711395263672,128.1853485107422,118.74038696289062,201.6444091796875,201.6703643798828,200.0846710205078,0.4362729489803314,0.45975738763809204,0.48339319229125977,44.8214225769043,58.93416213989258,57.39829635620117,-43.523006439208984,-55.237369537353516,-56.497352600097656,5.999626159667969,16.975570678710938,0.9661921858787537,0.9710313677787781,0.9372724890708923,0.9843036532402039,5.771662712097168,5.661185264587402,4.7477240562438965,nan
14.500,0,102.6858139038086,128.1093292236328,118.72110748291016,201.57643127441406,201.54075622558594,200.0326385498047,0.4252566993236542,0.44860154390335083,0.47251856327056885,43.66783142089844,57.47004318237305,56.09792709350586,-42.367557525634766,-53.79243469238281,-55.235870361328125,5.811448574066162,16.820730209350586,0.9693666100502014,0.9702235460281372,0.9360082745552063,0.9846330285072327,5.840872764587402,5.6152544021606445,4.6263275146484375,nan
14.550,0,102.6858139038086,128.1093292236328,118.72110748291016,201.57643127441406,201.54075622558594,200.0326385498047,0.4252566993236542,0.44860154390335083,0.47251856327056885,43.66783142089844,57.47004318237305,56.09792709350586,-42.367557525634766,-53.79243469238281,-55.235870361328125,5.811448574066162,16.820730209350586,0.9693666100502014,0.9702235460281372,0.9360082745552063,0.9846330285072327,5.840872764587402,5.6152544021606445,4.6263275146484375,nan
14.600,0,102.6858139038086,128.1093292236328,118.72110748291016,201.57643127441406,201.54075622558594,200.0326385498047,0.4252566993236542,0.44860154390335083,0.47251856327056885,43.66783142089844,57.47004318237305,56.09792709350586,-42.367557525634766,-53.79243469238281,-55.235870361328125,5.811448574066162,16.820730209350586,0.9693666100502014,0.9702235460281372,0.9360082745552063,0.9846330285072327,5.840872764587402,5.6152544021606445,4.6263275146484375,nan
14.650,0,102.6858139038086,128.1093292236328,118.72110748291016,201.57643127441406,201.54075622558594,200.0326385498047,0.4252566993236542,0.44860154390335083,0.47251856327056885,43.66783142089844,57.47004318237305,56.09792709350586,-42.367557525634766,-53.79243469238281,-55.235870361328125,5.811448574066162,16.820730209350586,0.9693666100502014,0.9702235460281372,0.9360082745552063,0.9846330285072327,5.840872764587402,5.6152544021606445,4.6263275146484375,nan
14.700,0,102.77490997314453,128.18959045410156,118.7542724609375,201.6776123046875,201.69491577148438,200.1283416748047,0.4350917935371399,0.45761460065841675,0.4822576344013214,44.71651840209961,58.66142654418945,57.2701530456543,-43.44061279296875,-54.98356628417969,-56.46049880981445,6.046685218811035,17.107505798339844,1.1993472576141357,0.9714667797088623,0.9373036026954651,0.9858625531196594,5.747532844543457,5.616922855377197,4.728712558746338,nan
14.750,0,102.77490997314453,128.18959045410156,118.7542724609375,201.6776123046875,201.69491577148438,200.1283416748047,0.4350917935371399,0.45761460065841675,0.4822576344013214,44.71651840209961,58.66142654418945,57.2701530456543,-43.44061279296875,-54.98356628417969,-56.46049880981445,6.046685218811035,17.107505798339844,1.1993472576141357,0.9714667797088623,0.9373036026954651,0.9858625531196594,5.747532844543457,5.616922855377197,4.728712558746338,nan
14.800,0,102.77490997314453,128.18959045410156,118.7542724609375,201.6776123046875,201.69491577148438,200.1283416748047,0.4350917935371399,0.45761460065841675,0.4822576344013214,44.71651840209961,58.66142654418945,57.2701530456543,-43.44061279296875,-54.98356628417969,-56.46049880981445,6.046685218811035,17.107505798339844,1.1993472576141357,0.9714667797088623,0.9373036026954651,0.9858625531196594,5.747532844543457,5.616922855377197,4.728712558746338,nan
14.850,0,102.77490997314453,128.18959045410156,118.7542724609375,201.6776123046875,201.69491577148438,200.1283416748047,0.4350917935371399,0.45761460065841675,0.4822576344013214,44.71651840209961,58.66142654418945,57.2701530456543,-43.44061279296875,-54.98356628417969,-56.46049880981445,6.046685218811035,17.107505798339844,1.1993472576141357,0.9714667797088623,0.9373036026954651,0.9858625531196594,5.747532844543457,5.616922855377197,4.728712558746338,nan
14.900,0,102.64704895019531,128.22402954101562,118.76840209960938,201.63954162597656,201.72006225585938,200.01644897460938,0.42962419986724854,0.45244017243385315,0.48065826296806335,44.09965515136719,58.013702392578125,57.087013244628906,-42.81667709350586,-54.0325813293457,-56.2360954284668,6.219540596008301,17.8961238861084,1.8565731048583984,0.9709072709083557,0.9313762187957764,0.9850943684577942,5.8218994140625,5.557725429534912,4.547386169433594,nan
14.950,0,102.64704895019531,128.22402954101562,118.76840209960938,201.63954162597656,201.72006225585938,200.01644897460938,0.42962419986724854,0.45244017243385315,0.48065826296806335,44.09965515136719,58.013702392578125,57.087013244628906,-42.81667709350586,-54.0325813293457,-56.2360954284668,6.219540596008301,17.8961238861084,1.8565731048583984,0.9709072709083557,0.9313762187957764,0.9850943684577942,5.8218994140625,5.557725429534912,4.547386169433594,nan
15.000,0,102.64704895019531,128.22402954101562,118.76840209960938,201.63954162597656,201.72006225585938,200.01644897460938,0.42962419986724854,0.45244017243385315,0.48065826296806335,44.09965515136719,58.013702392578125,57.087013244628906,-42.81667709350586,-54.0325813293457,-56.2360954284668,6.219540596008301,17.8961238861084,1.8565731048583984,0.9709072709083557,0.9313762187957764,0.9850943684577942,5.8218994140625,5.557725429534912,4.547386169433594,nan
15.050,0,102.76642608642578,128.21546936035156,118.81983947753906,201.6728515625,201.7855682373047,200.18898010253906,0.44296178221702576,0.4634459316730499,0.48822659254074097,45.52159881591797,59.420936584472656,58.01100540161133,-44.116119384765625,-55.513267517089844,-57.10877990722656,6.860517978668213,17.934423446655273,2.199352502822876,0.969124972820282,0.9342374801635742,0.9844473600387573,5.693070888519287,5.523437976837158,4.611369609832764,nan
15.100,0,102.76642608642578,128.21546936035156,118.81983947753906,201.6728515625,201.7855682373047,200.18898010253906,0.44296178221702576,0.4634459316730499,0.48822659254074097,45.52159881591797,59.420936584472656,58.01100540161133,-44.116119384765625,-55.513267517089844,-57.10877990722656,6.860517978668213,17.934423446655273,2.199352502822876,0.969124972820282,0.9342374801635742,0.9844473600387573,5.693070888519287,5.523437976837158,4.611369609832764,nan
15.150,0,102.76642608642578,128.21546936035156,118.81983947753906,201.6728515625,201.7855682373047,200.18898010253906,0.44296178221702576,0.4634459316730499,0.48822659254074097,45.52159881591797,59.420936584472656,58.01100540161133,-44.116119384765625,-55.513267517089844,-57.10877990722656,6.860517978668213,17.934423446655273,2.199352502822876,0.969124972820282,0.9342374801635742,0.9844473600387573,5.693070888519287,5.523437976837158,4.611369609832764,nan
15.200,0,102.76642608642578,128.21546936035156,118.81983947753906,201.6728515625,201.7855682373047,200.18898010253906,0.44296178221702576,0.4634459316730499,0.48822659254074097,45.52159881591797,59.420936584472656,58.01100540161133,-44.116119384765625,-55.513267517089844,-57.10877990722656,6.860517978668213,17.934423446655273,2.199352502822876,0.969124972820282,0.9342374801635742,0.9844473600387573,5.693070888519287,5.523437976837158,4.611369609832764,nan
15.250,0,102.76642608642578,128.21546936035156,118.81983947753906,201.6728515625,201.7855682373047,200.18898010253906,0.44296178221702576,0.4634459316730499,0.48822659254074097,45.52159881591797,59.420936584472656,58.01100540161133,-44.116119384765625,-55.513267517089844,-57.10877990722656,6.860517978668213,17.934423446655273,2.199352502822876,0.969124972820282,0.9342374801635742,0.9844473600387573,5.693070888519287,5.523437976837158,4.611369609832764,nan
15.300,0,102.69105529785156,128.15447998046875,118.7415771484375,201.61056518554688,201.62786865234375,200.04188537597656,0.428231418132782,0.4514846205711365,0.47670993208885193,43.97553634643555,57.85977554321289,56.605289459228516,-42.668601989746094,-54.071048736572266,-55.71329879760742,5.959542274475098,17.164329528808594,1.2522313594818115,0.9702804088592529,0.9345188140869141,0.9842419028282166,5.713557243347168,5.500981330871582,4.46333646774292,nan
15.350,0,102.69105529785156,128.15447998046875,118.7415771484375,201.61056518554688,201.62786865234375,200.04188537597656,0.428231418132782,0.4514846205711365,0.47670993208885193,43.97553634643555,57.85977554321289,56.605289459228516,-42.668601989746094,-54.071048736572266,-55.71329879760742,5.959542274475098,17.164329528808594,1.2522313594818115,0.9702804088592529,0.9345188140869141,0.9842419028282166,5.713557243347168,5.500981330871582,4.46333646774292,nan
15.400,0,102.69105529785156,128.15447998046875,118.7415771484375,201.61056518554688,201.62786865234375,200.04188537597656,0.428231418132782,0.4514846205711365,0.47670993208885193,43.97553634643555,57.85977554321289,56.605289459228516,-42.668601989746094,-54.071048736572266,-55.71329879760742,5.959542274475098,17.164329528808594,1.2522313594818115,0.9702804088592529,0.9345188140869141,0.9842419028282166,5.713557243347168,5.500981330871582,4.46333646774292,nan
15.450,0,102.76421356201172,128.2104034423828,118.7771987915039,201.696533203125,201.71409606933594,200.1466827392578,0.44037625193595886,0.4628003239631653,0.48771563172340393,45.254920959472656,59.3358154296875,57.92949676513672,-43.86283874511719,-55.36029815673828,-57.08821487426758,7.00825834274292,18.322124481201172,2.316269636154175,0.9692391157150269,0.9329997301101685,0.9854775071144104,5.716391086578369,5.493163108825684,4.662714004516602,nan
15.500,0,102.76421356201172,128.2104034423828,118.7771987915039,201.696533203125,201.71409606933594,200.1466827392578,0.44037625193595886,0.4628003239631653,0.48771563172340393,45.254920959472656,59.3358154296875,57.92949676513672,-43.86283874511719,-55.36029815673828,-57.08821487426758,7.00825834274292,18.322124481201172,2.316269636154175,0.9692391157150269,0.9329997301101685,0.9854775071144104,5.716391086578369,5.493163108825684,4.662714004516602,nan
15.550,0,102.76421356201172,128.2104034423828,118.7771987915039,201.696533203125,201.71409606933594,200.1466827392578,0.44037625193595886,0.4628003239631653,0.48771563172340393,45.254920959472656,59.3358154296875,57.92949676513672,-43.86283874511719,-55.36029815673828,-57.08821487426758,7.00825834274292,18.322124481201172,2.316269636154175,0.9692391157150269,0.9329997301101685,0.9854775071144104,5.716391086578369,5.493163108825684,4.662714004516602,nan
15.600,0,102.76421356201172,128.2104034423828,118.7771987915039,201.696533203125,201.71409606933594,200.1466827392578,0.44037625193595886,0.4628003239631653,0.48771563172340393,45.254920959472656,59.3358154296875,57.92949676513672,-43.86283874511719,-55.36029815673828,-57.08821487426758,7.00825834274292,18.322124481201172,2.316269636154175,0.9692391157150269,0.9329997301101685,0.9854775071144104,5.716391086578369,5.493163108825684,4.662714004516602,nan
15.650,0,102.71556091308594,128.1984405517578,118.76183319091797,201.66709899902344,201.65679931640625,200.0990447998047,0.4393233060836792,0.46229514479637146,0.4876268208026886,45.12533950805664,59.26551818847656,57.91145324707031,-43.67519760131836,-55.21458053588867,-56.99021911621094,6.656008243560791,18.079130172729492,1.9097524881362915,0.9678641557693481,0.9316476583480835,0.9840923547744751,5.674875259399414,5.495226860046387,4.536676406860352,nan
15.700,0,102.71556091308594,128.1984405517578,118.76183319091797,201.66709899902344,201.65679931640625,200.0990447998047,0.4393233060836792,0.46229514479637146,0.4876268208026886,45.12533950805664,59.26551818847656,57.91145324707031,-43.67519760131836,-55.21458053588867,-56.99021911621094,6.656008243560791,18.079130172729492,1.9097524881362915,0.9678641557693481,0.9316476583480835,0.9840923547744751,5.674875259399414,5.495226860046387,4.536676406860352,nan
15.750,0,102.71556091308594,128.1984405517578,118.76183319091797,201.66709899902344,201.65679931640625,200.0990447998047,0.4393233060836792,0.46229514479637146,0.4876268208026886,45.12533950805664,59.26551818847656,57.91145324707031,-43.67519760131836,-55.21458053588867,-56.99021911621094,6.656008243560791,18.079130172729492,1.9097524881362915,0.9678641557693481,0.9316476583480835,0.9840923547744751,5.674875259399414,5.495226860046387,4.536676406860352,nan
15.800,0,102.71556091308594,128.1984405517578,118.76183319091797,201.66709899902344,201.65679931640625,200.0990447998047,0.4393233060836792,0.46229514479637146,0.4876268208026886,45.12533950805664,59.26551818847656,57.91145324707031,-43.67519760131836,-55.21458053588867,-56.99021911621094,6.656008243560791,18.079130172729492,1.9097524881362915,0.9678641557693481,0.9316476583480835,0.9840923547744751,5.674875259399414,5.495226860046387,4.536676406860352,nan
15.850,0,102.70249938964844,128.1393280029297,118.71336364746094,201.61480712890625,201.64097595214844,199.9805145263672,0.43218696117401123,0.45523905754089355,0.4827682375907898,44.386680603027344,58.33402633666992,57.31104278564453,-42.93528747558594,-54.18735122680664,-56.32749938964844,6.5359416007995605,18.200180053710938,2.1779274940490723,0.9673011302947998,0.9289149641990662,0.98283851146698,5.877469539642334,5.524188041687012,4.774946212768555,nan
15.900,0,102.70249938964844,128.1393280029297,118.71336364746094,201.61480712890625,201.64097595214844,199.9805145263672,0.43218696117401123,0.45523905754089355,0.4827682375907898,44.386680603027344,58.33402633666992,57.31104278564453,-42.93528747558594,-54.18735122680664,-56.32749938964844,6.5359416007995605,18.200180053710938,2.1779274940490723,0.9673011302947998,0.9289149641990662,0.98283851146698,5.877469539642334,5.524188041687012,4.774946212768555,nan
15.950,0,102.70249938964844,128.1393280029297,118.71336364746094,201.61480712890625,201.64097595214844,199.9805145263672,0.43218696117401123,0.45523905754089355,0.4827682375907898,44.386680603027344,58.33402633666992,57.31104278564453,-42.93528747558594,-54.18735122680664,-56.32749938964844,6.5359416007995605,18.200180053710938,2.1779274940490723,0.9673011302947998,0.9289149641990662,0.98283851146698,5.877469539642334,5.524188041687012,4.774946212768555,nan
16.000,0,102.70249938964844,128.1393280029297,118.71336364746094,201.61480712890625,201.64097595214844,199.9805145263672,0.43218696117401123,0.45523905754089355,0.4827682375907898,44.386680603027344,58.33402633666992,57.31104278564453,-42.93528747558594,-54.18735122680664,-56.32749938964844,6.5359416007995605,18.200180053710938,2.1779274940490723,0.9673011302947998,0.9289149641990662,0.98283851146698,5.877469539642334,5.524188041687012,4.774946212768555,nan
16.050,0,102.69419860839844,128.22891235351562,118.72940826416016,201.6766815185547,201.66171264648438,200.0426788330078,0.4386632740497589,0.4633152484893799,0.48870211839675903,45.04817199707031,59.4104118347168,58.023311614990234,-43.58258819580078,-55.25310134887695,-57.08798599243164,6.7444562911987305,18.361825942993164,1.9909934997558594,0.9674662947654724,0.9300238490104675,0.9838801622390747,5.7354936599731445,5.577817440032959,4.60731315612793,nan
16.100,0,102.69419860839844,128.22891235351562,118.72940826416016,201.6766815185547,201.66171264648438,200.0426788330078,0.4386632740497589,0.4633152484893799,0.48870211839675903,45.04817199707031,59.4104118347168,58.023311614990234,-43.58258819580078,-55.25310134887695,-57.08798599243164,6.7444562911987305,18.361825942993164,1.9909934997558594,0.9674662947654724,0.9300238490104675,0.9838801622390747,5.7354936599731445,5.577817440032959,4.60731315612793,nan
16.150,0,102.69419860839844,128.22891235351562,118.72940826416016,201.6766815185547,201.66171264648438,200.0426788330078,0.4386632740497589,0.4633152484893799,0.48870211839675903,45.04817199707031,59.4104118347168,58.023311614990234,-43.58258819580078,-55.25310134887695,-57.08798599243164,6.7444562911987305,18.361825942993164,1.9909934997558594,0.9674662947654724,0.9300238490104675,0.9838801622390747,5.7354936599731445,5.577817440032959,4.60731315612793,nan
16.200,0,102.69419860839844,128.22891235351562,118.72940826416016,201.6766815185547,201.66171264648438,200.0426788330078,0.4386632740497589,0.4633152484893799,0.48870211839675903,45.04817199707031,59.4104118347168,58.023311614990234,-43.58258819580078,-55.25310134887695,-57.08798599243164,6.7444562911987305,18.361825942993164,1.9909934997558594,0.9674662947654724,0.9300238490104675,0.9838801622390747,5.7354936599731445,5.577817440032959,4.60731315612793,nan
16.250,0,102.7064208984375,128.13211059570312,118.72511291503906,201.6034393310547,201.5940704345703,200.03758239746094,0.4327913522720337,0.4616544544696808,0.48471951484680176,44.4504508972168,59.15275955200195,57.548377990722656,-42.797794342041016,-54.77547073364258,-56.5028190612793,7.075559616088867,18.834861755371094,2.0892395973205566,0.9628202319145203,0.9260002374649048,0.9818316698074341,5.783123016357422,5.5373711585998535,4.813961505889893,nan
16.300,0,102.7064208984375,128.13211059570312,118.72511291503906,201.6034393310547,201.5940704345703,200.03758239746094,0.4327913522720337,0.4616544544696808,0.48471951484680176,44.4504508972168,59.15275955200195,57.548377990722656,-42.797794342041016,-54.77547073364258,-56.5028190612793,7.075559616088867,18.834861755371094,2.0892395973205566,0.9628202319145203,0.9260002374649048,0.9818316698074341,5.783123016357422,5.5373711585998535,4.813961505889893,nan
16.350,0,102.7064208984375,128.13211059570312,118.72511291503906,201.6034393310547,201.5940704345703,200.03758239746094,0.4327913522720337,0.4616544544696808,0.48471951484680176,44.4504508972168,59.15275955200195,57.548377990722656,-42.797794342041016,-54.77547073364258,-56.5028190612793,7.075559616088867,18.834861755371094,2.0892395973205566,0.9628202319145203,0.9260002374649048,0.9818316698074341,5.783123016357422,5.5373711585998535,4.813961505889893,nan
16.400,0,102.7064208984375,128.13211059570312,118.72511291503906,201.6034393310547,201.5940704345703,200.03758239746094,0.4327913522720337,0.4616544544696808,0.48471951484680176,44.4504508972168,59.15275955200195,57.548377990722656,-42.797794342041016,-54.77547073364258,-56.5028190612793,7.075559616088867,18.834861755371094,2.0892395973205566,0.9628202319145203,0.9260002374649048,0.9818316698074341,5.783123016357422,5.5373711585998535,4.813961505889893,nan
16.450,0,102.75245666503906,128.22222900390625,118.75060272216797,201.70448303222656,201.66917419433594,200.1271514892578,0.43926388025283813,0.4639950692653656,0.4893229603767395,45.13544464111328,59.49448013305664,58.10739517211914,-43.615806579589844,-55.32817077636719,-57.08918762207031,6.432724952697754,17.97648811340332,1.5586706399917603,0.9663316011428833,0.9299715161323547,0.9824771285057068,5.7009358406066895,5.592009544372559,4.691352367401123,nan
16.500,0,102.75245666503906,128.22222900390625,118.75060272216797,201.70448303222656,201.66917419433594,200.1271514892578,0.43926388025283813,0.4639950692653656,0.4893229603767395,45.13544464111328,59.49448013305664,58.10739517211914,-43.615806579589844,-55.32817077636719,-57.08918762207031,6.432724952697754,17.97648811340332,1.5586706399917603,0.9663316011428833,0.9299715161323547,0.9824771285057068,5.7009358406066895,5.592009544372559,4.691352367401123,nan
16.550,0,102.75245666503906,128.22222900390625,118.75060272216797,201.70448303222656,201.66917419433594,200.1271514892578,0.43926388025283813,0.4639950692653656,0.4893229603767395,45.13544464111328,59.49448013305664,58.10739517211914,-43.615806579589844,-55.32817077636719,-57.08918762207031,6.432724952697754,17.97648811340332,1.5586706399917603,0.9663316011428833,0.9299715161323547,0.9824771285057068,5.7009358406066895,5.592009544372559,4.691352367401123,nan
16.600,0,102.75245666503906,128.22222900390625,118.75060272216797,201.70448303222656,201.66917419433594,200.1271514892578,0.43926388025283813,0.4639950692653656,0.4893229603767395,45.13544464111328,59.49448013305664,58.10739517211914,-43.615806579589844,-55.32817077636719,-57.08918762207031,6.432724952697754,17.97648811340332,1.5586706399917603,0.9663316011428833,0.9299715161323547,0.9824771285057068,5.7009358406066895,5.592009544372559,4.691352367401123,nan
16.650,0,102.74266815185547,128.17135620117188,118.77129364013672,201.68487548828125,201.6469268798828,200.11160278320312,0.4388599395751953,0.4622814357280731,0.48687848448753357,45.08964157104492,59.25123977661133,57.827186584472656,-43.52791976928711,-54.96352005004883,-56.78474044799805,7.282121658325195,18.733091354370117,2.686760663986206,0.9653640389442444,0.9276349544525146,0.9819730520248413,5.873551845550537,5.566150665283203,4.771097183227539,nan
16.700,0,102.74266815185547,128.17135620117188,118.77129364013672,201.68487548828125,201.6469268798828,200.11160278320312,0.4388599395751953,0.4622814357280731,0.48687848448753357,45.08964157104492,59.25123977661133,57.827186584472656,-43.52791976928711,-54.96352005004883,-56.78474044799805,7.282121658325195,18.733091354370117,2.686760663986206,0.9653640389442444,0.9276349544525146,0.9819730520248413,5.873551845550537,5.566150665283203,4.771097183227539,nan
16.750,0,102.74266815185547,128.17135620117188,118.77129364013672,201.68487548828125,201.6469268798828,200.11160278320312,0.4388599395751953,0.4622814357280731,0.48687848448753357,45.08964157104492,59.25123977661133,57.827186584472656,-43.52791976928711,-54.96352005004883,-56.78474044799805,7.282121658325195,18.733091354370117,2.686760663986206,0.9653640389442444,0.9276349544525146,0.9819730520248413,5.873551845550537,5.566150665283203,4.771097183227539,nan
16.800,0,102.74266815185547,128.17135620117188,118.77129364013672,201.68487548828125,201.6469268798828,200.11160278320312,0.4388599395751953,0.4622814357280731,0.48687848448753357,45.08964157104492,59.25123977661133,57.827186584472656,-43.52791976928711,-54.96352005004883,-56.78474044799805,7.282121658325195,18.733091354370117,2.686760663986206,0.9653640389442444,0.9276349544525146,0.9819730520248413,5.873551845550537,5.566150665283203,4.771097183227539,nan
16.850,0,102.72966003417969,128.2782440185547,118.7645034790039,201.74403381347656,201.79312133789062,200.06629943847656,0.4396681487560272,0.46109727025032043,0.4886499345302582,45.16695785522461,59.148746490478516,58.03426742553711,-43.62302017211914,-54.910682678222656,-57.033172607421875,6.708706855773926,18.34600257873535,2.3422470092773438,0.9658170938491821,0.9283490777015686,0.9827499389648438,5.830101013183594,5.67269229888916,4.668829917907715,nan
16.900,0,102.72966003417969,128.2782440185547,118.7645034790039,201.74403381347656,201.79312133789062,200.06629943847656,0.4396681487560272,0.46109727025032043,0.4886499345302582,45.16695785522461,59.148746490478516,58.03426742553711,-43.62302017211914,-54.910682678222656,-57.033172607421875,6.708706855773926,18.34600257873535,2.3422470092773438,0.9658170938491821,0.9283490777015686,0.9827499389648438,5.830101013183594,5.67269229888916,4.668829917907715,nan
16.950,0,102.72966003417969,128.2782440185547,118.7645034790039,201.74403381347656,201.79312133789062,200.06629943847656,0.4396681487560272,0.46109727025032043,0.4886499345302582,45.16695785522461,59.148746490478516,58.03426742553711,-43.62302017211914,-54.910682678222656,-57.033172607421875,6.708706855773926,18.34600257873535,2.3422470092773438,0.9658170938491821,0.9283490777015686,0.9827499389648438,5.830101013183594,5.67269229888916,4.668829917907715,nan
17.000,0,102.72966003417969,128.2782440185547,118.7645034790039,201.74403381347656,201.79312133789062,200.06629943847656,0.4396681487560272,0.46109727025032043,0.4886499345302582,45.16695785522461,59.148746490478516,58.03426742553711,-43.62302017211914,-54.910682678222656,-57.033172607421875,6.708706855773926,18.34600257873535,2.3422470092773438,0.9658170938491821,0.9283490777015686,0.9827499389648438,5.830101013183594,5.67269229888916,4.668829917907715,nan
17.050,0,102.7635269165039,128.20384216308594,118.87561798095703,201.6970672607422,201.78208923339844,200.24119567871094,0.4440155625343323,0.4655347764492035,0.49096328020095825,45.628604888916016,59.683345794677734,58.363563537597656,-44.07352066040039,-55.476566314697266,-57.313838958740234,7.008756637573242,18.334903717041016,2.3902523517608643,0.9659186601638794,0.92951500415802,0.9820140600204468,5.780752182006836,5.540264129638672,4.629601001739502,nan
17.100,0,102.7635269165039,128.20384216308594,118.87561798095703,201.6970672607422,201.78208923339844,200.24119567871094,0.4440155625343323,0.4655347764492035,0.49096328020095825,45.628604888916016,59.683345794677734,58.363563537597656,-44.07352066040039,-55.476566314697266,-57.313838958740234,7.008756637573242,18.334903717041016,2.3902523517608643,0.9659186601638794,0.92951500415802,0.9820140600204468,5.780752182006836,5.540264129638672,4.629601001739502,nan
17.150,0,102.7635269165039,128.20384216308594,118.87561798095703,201.6970672607422,201.78208923339844,200.24119567871094,0.4440155625343323,0.4655347764492035,0.49096328020095825,45.628604888916016,59.683345794677734,58.363563537597656,-44.07352066040039,-55.476566314697266,-57.313838958740234,7.008756637573242,18.334903717041016,2.3902523517608643,0.9659186601638794,0.92951500415802,0.9820140600204468,5.780752182006836,5.540264129638672,4.629601001739502,nan
17.200,0,102.7635269165039,128.20384216308594,118.87561798095703,201.6970672607422,201.78208923339844,200.24119567871094,0.4440155625343323,0.4655347764492035,0.49096328020095825,45.628604888916016,59.683345794677734,58.363563537597656,-44.07352066040039,-55.476566314697266,-57.313838958740234,7.008756637573242,18.334903717041016,2.3902523517608643,0.9659186601638794,0.92951500415802,0.9820140600204468,5.780752182006836,5.540264129638672,4.629601001739502,nan
17.250,0,102.7229995727539,128.18606567382812,118.76445770263672,201.61488342285156,201.70120239257812,200.10409545898438,0.43938690423965454,0.4619889557361603,0.4873739778995514,45.13513946533203,59.22054672241211,57.88270568847656,-43.50316619873047,-54.85498809814453,-56.80836486816406,7.1322407722473145,18.596378326416016,2.5990636348724365,0.963842511177063,0.926283061504364,0.9814393520355225,5.641529560089111,5.579906463623047,4.587978363037109,nan
17.300,0,102.7229995727539,128.18606567382812,118.76445770263672,201.61488342285156,201.70120239257812,200.10409545898438,0.43938690423965454,0.4619889557361603,0.4873739778995514,45.13513946533203,59.22054672241211,57.88270568847656,-43.50316619873047,-54.85498809814453,-56.80836486816406,7.1322407722473145,18.596378326416016,2.5990636348724365,0.963842511177063,0.926283061504364,0.9814393520355225,5.641529560089111,5.579906463623047,4.587978363037109,nan
17.350,0,102.7229995727539,128.18606567382812,118.76445770263672,201.61488342285156,201.70120239257812,200.10409545898438,0.43938690423965454,0.4619889557361603,0.4873739778995514,45.13513946533203,59.22054672241211,57.88270568847656,-43.50316619873047,-54.85498809814453,-56.80836486816406,7.1322407722473145,18.596378326416016,2.5990636348724365,0.963842511177063,0.926283061504364,0.9814393520355225,5.641529560089111,5.579906463623047,4.587978363037109,nan
17.400,0,102.7229995727539,128.18606567382812,118.76445770263672,201.61488342285156,201.70120239257812,200.10409545898438,0.43938690423965454,0.4619889557361603,0.4873739778995514,45.13513946533203,59.22054672241211,57.88270568847656,-43.50316619873047,-54.85498809814453,-56.80836486816406,7.1322407722473145,18.596378326416016,2.5990636348724365,0.963842511177063,0.926283061504364,0.9814393520355225,5.641529560089111,5.579906463623047,4.587978363037109,nan
17.450,0,102.75157928466797,128.20436096191406,118.86277770996094,201.70025634765625,201.77696228027344,200.2073516845703,0.4437144994735718,0.4676581025123596,0.4915376603603363,45.59236526489258,59.955806732177734,58.425533294677734,-44.01528549194336,-55.81485366821289,-57.36540985107422,6.868429183959961,18.200769424438477,1.9185130596160889,0.9654091000556946,0.9309332370758057,0.9818551540374756,5.7043561935424805,5.458505153656006,4.509206295013428,nan
17.500,0,102.75157928466797,128.20436096191406,118.86277770996094,201.70025634765625,201.77696228027344,200.2073516845703,0.4437144994735718,0.4676581025123596,0.4915376603603363,45.59236526489258,59.955806732177734,58.425533294677734,-44.01528549194336,-55.81485366821289,-57.36540985107422,6.868429183959961,18.200769424438477,1.9185130596160889,0.9654091000556946,0.9309332370758057,0.9818551540374756,5.7043561935424805,5.458505153656006,4.509206295013428,nan
17.550,0,102.75157928466797,128.20436096191406,118.86277770996094,201.70025634765625,201.77696228027344,200.2073516845703,0.4437144994735718,0.4676581025123596,0.4915376603603363,45.59236526489258,59.955806732177734,58.425533294677734,-44.01528549194336,-55.81485366821289,-57.36540985107422,6.868429183959961,18.200769424438477,1.9185130596160889,0.9654091000556946,0.9309332370758057,0.9818551540374756,5.7043561935424805,5.458505153656006,4.509206295013428,nan
17.600,0,102.75157928466797,128.20436096191406,118.86277770996094,201.70025634765625,201.77696228027344,200.2073516845703,0.4437144994735718,0.4676581025123596,0.4915376603603363,45.59236526489258,59.955806732177734,58.425533294677734,-44.01528549194336,-55.81485366821289,-57.36540985107422,6.868429183959961,18.200769424438477,1.9185130596160889,0.9654091000556946,0.9309332370758057,0.9818551540374756,5.7043561935424805,5.458505153656006,4.509206295013428,nan
17.650,0,102.79489135742188,128.21641540527344,118.86784362792969,201.7169189453125,201.86045837402344,200.21665954589844,0.44695428013801575,0.466202050447464,0.494751513004303,45.944618225097656,59.774757385253906,58.8100471496582,-44.26659393310547,-55.40353775024414,-57.629661560058594,6.933568954467773,18.503276824951172,2.672623872756958,0.9634772539138794,0.9268718361854553,0.9799288511276245,5.793894290924072,5.608669281005859,4.71651029586792,nan
17.700,0,102.79489135742188,128.21641540527344,118.86784362792969,201.7169189453125,201.86045837402344,200.21665954589844,0.44695428013801575,0.466202050447464,0.494751513004303,45.944618225097656,59.774757385253906,58.8100471496582,-44.26659393310547,-55.40353775024414,-57.629661560058594,6.933568954467773,18.503276824951172,2.672623872756958,0.9634772539138794,0.9268718361854553,0.9799288511276245,5.793894290924072,5.608669281005859,4.71651029586792,nan
17.750,0,102.79489135742188,128.21641540527344,118.86784362792969,201.7169189453125,201.86045837402344,200.21665954589844,0.44695428013801575,0.466202050447464,0.494751513004303,45.944618225097656,59.774757385253906,58.8100471496582,-44.26659393310547,-55.40353775024414,-57.629661560058594,6.933568954467773,18.503276824951172,2.672623872756958,0.9634772539138794,0.9268718361854553,0.9799288511276245,5.793894290924072,5.608669281005859,4.71651029586792,nan
17.800,0,102.73953247070312,128.2877960205078,118.87792205810547,201.72982788085938,201.84014892578125,200.2480926513672,0.4486759603023529,0.47201234102249146,0.4938167631626129,46.09675979614258,60.55342102050781,58.70391082763672,-44.43880844116211,-56.2613639831543,-57.60905838012695,7.503744602203369,18.59163475036621,2.4983606338500977,0.9640332460403442,0.9291194677352905,0.9813495874404907,5.742259979248047,5.605630397796631,4.510674953460693,nan
17.850,0,102.73953247070312,128.2877960205078,118.87792205810547,201.72982788085938,201.84014892578125,200.2480926513672,0.4486759603023529,0.47201234102249146,0.4938167631626129,46.09675979614258,60.55342102050781,58.70391082763672,-44.43880844116211,-56.2613639831543,-57.60905838012695,7.503744602203369,18.59163475036621,2.4983606338500977,0.9640332460403442,0.9291194677352905,0.9813495874404907,5.742259979248047,5.605630397796631,4.510674953460693,nan
17.900,0,102.73953247070312,128.2877960205078,118.87792205810547,201.72982788085938,201.84014892578125,200.2480926513672,0.4486759603023529,0.47201234102249146,0.4938167631626129,46.09675979614258,60.55342102050781,58.70391082763672,-44.43880844116211,-56.2613639831543,-57.60905838012695,7.503744602203369,18.59163475036621,2.4983606338500977,0.9640332460403442,0.9291194677352905,0.9813495874404907,5.742259979248047,5.605630397796631,4.510674953460693,nan
17.950,0,102.73953247070312,128.2877960205078,118.87792205810547,201.72982788085938,201.84014892578125,200.2480926513672,0.4486759603023529,0.47201234102249146,0.4938167631626129,46.09675979614258,60.55342102050781,58.70391082763672,-44.43880844116211,-56.2613639831543,-57.60905838012695,7.503744602203369,18.59163475036621,2.4983606338500977,0.9640332460403442,0.9291194677352905,0.9813495874404907,5.742259979248047,5.605630397796631,4.510674953460693,nan
18.000,0,102.77861785888672,128.1578369140625,118.84295654296875,201.63475036621094,201.74456787109375,200.2272186279297,0.4419875144958496,0.46438807249069214,0.4880974590778351,45.42686462402344,59.51497268676758,58.0069465637207,-43.716148376464844,-55.20908737182617,-56.868309020996094,7.229745388031006,18.41403579711914,2.485586404800415,0.96234130859375,0.9276503920555115,0.9803706407546997,5.733197212219238,5.5852532386779785,4.7167158126831055,nan
18.050,0,102.77861785888672,128.1578369140625,118.84295654296875,201.63475036621094,201.74456787109375,200.2272186279297,0.4419875144958496,0.46438807249069214,0.4880974590778351,45.42686462402344,59.51497268676758,58.0069465637207,-43.716148376464844,-55.20908737182617,-56.868309020996094,7.229745388031006,18.41403579711914,2.485586404800415,0.96234130859375,0.9276503920555115,0.9803706407546997,5.733197212219238,5.5852532386779785,4.7167158126831055,nan
18.100,0,102.77861785888672,128.1578369140625,118.84295654296875,201.63475036621094,201.74456787109375,200.2272186279297,0.4419875144958496,0.46438807249069214,0.4880974590778351,45.42686462402344,59.51497268676758,58.0069465637207,-43.716148376464844,-55.20908737182617,-56.868309020996094,7.229745388031006,18.41403579711914,2.485586404800415,0.96234130859375,0.9276503920555115,0.9803706407546997,5.733197212219238,5.5852532386779785,4.7167158126831055,nan
18.150,0,102.77861785888672,128.1578369140625,118.84295654296875,201.63475036621094,201.74456787109375,200.2272186279297,0.4419875144958496,0.46438807249069214,0.4880974590778351,45.42686462402344,59.51497268676758,58.0069465637207,-43.716148376464844,-55.20908737182617,-56.868309020996094,7.229745388031006,18.41403579711914,2.485586404800415,0.96234130859375,0.9276503920555115,0.9803706407546997,5.733197212219238,5.5852532386779785,4.7167158126831055,nan
18.200,0,102.80621337890625,128.21768188476562,118.8486328125,201.7545928955078,201.7742156982422,200.24118041992188,0.44702470302581787,0.46842238306999207,0.4931924641132355,45.95691680908203,60.06003189086914,58.61524963378906,-44.263343811035156,-55.71652603149414,-57.40279006958008,6.813319206237793,18.017122268676758,2.096726179122925,0.9631486535072327,0.9276806116104126,0.979314923286438,5.739219665527344,5.639324188232422,4.5803070068359375,nan
18.250,0,102.80621337890625,128.21768188476562,118.8486328125,201.7545928955078,201.7742156982422,200.24118041992188,0.44702470302581787,0.46842238306999207,0.4931924641132355,45.95691680908203,60.06003189086914,58.61524963378906,-44.263343811035156,-55.71652603149414,-57.40279006958008,6.813319206237793,18.017122268676758,2.096726179122925,0.9631486535072327,0.9276806116104126,0.979314923286438,5.739219665527344,5.639324188232422,4.5803070068359375,nan
18.300,0,102.80621337890625,128.21768188476562,118.8486328125,201.7545928955078,201.7742156982422,200.24118041992188,0.44702470302581787,0.46842238306999207,0.4931924641132355,45.95691680908203,60.06003189086914,58.61524963378906,-44.263343811035156,-55.71652603149414,-57.40279006958008,6.813319206237793,18.017122268676758,2.096726179122925,0.9631486535072327,0.9276806116104126,0.979314923286438,5.739219665527344,5.639324188232422,4.5803070068359375,nan
18.350,0,102.80621337890625,128.21768188476562,118.8486328125,201.7545928955078,201.7742156982422,200.24118041992188,0.44702470302581787,0.46842238306999207,0.4931924641132355,45.95691680908203,60.06003189086914,58.61524963378906,-44.263343811035156,-55.71652603149414,-57.40279006958008,6.813319206237793,18.017122268676758,2.096726179122925,0.9631486535072327,0.9276806116104126,0.979314923286438,5.739219665527344,5.639324188232422,4.5803070068359375,nan
18.400,0,102.8080825805664,128.2829132080078,118.8795394897461,201.79873657226562,201.8539581298828,200.2821044921875,0.4471876323223114,0.47181040048599243,0.4944237172603607,45.97450256347656,60.525211334228516,58.77686309814453,-44.260250091552734,-56.073360443115234,-57.69144821166992,7.82234001159668,19.272607803344727,2.9640462398529053,0.9627130031585693,0.9264463186264038,0.9815332889556885,5.835766792297363,5.617806434631348,4.756136417388916,nan
18.450,0,102.8080825805664,128.2829132080078,118.8795394897461,201.79873657226562,201.8539581298828,200.2821044921875,0.4471876323223114,0.47181040048599243,0.4944237172603607,45.97450256347656,60.525211334228516,58.77686309814453,-44.260250091552734,-56.073360443115234,-57.69144821166992,7.82234001159668,19.272607803344727,2.9640462398529053,0.9627130031585693,0.9264463186264038,0.9815332889556885,5.835766792297363,5.617806434631348,4.756136417388916,nan
18.500,0,102.8080825805664,128.2829132080078,118.8795394897461,201.79873657226562,201.8539581298828,200.2821044921875,0.4471876323223114,0.47181040048599243,0.4944237172603607,45.97450256347656,60.525211334228516,58.77686309814453,-44.260250091552734,-56.073360443115234,-57.69144821166992,7.82234001159668,19.272607803344727,2.9640462398529053,0.9627130031585693,0.9264463186264038,0.9815332889556885,5.835766792297363,5.617806434631348,4.756136417388916,nan
18.550,0,102.8080825805664,128.2829132080078,118.8795394897461,201.79873657226562,201.8539581298828,200.2821044921875,0.4471876323223114,0.47181040048599243,0.4944237172603607,45.97450256347656,60.525211334228516,58.77686309814453,-44.260250091552734,-56.073360443115234,-57.69144821166992,7.82234001159668,19.272607803344727,2.9640462398529053,0.9627130031585693,0.9264463186264038,0.9815332889556885,5.835766792297363,5.617806434631348,4.756136417388916,nan
18.600,0,102.79061889648438,128.31907653808594,118.88154602050781,201.81387329101562,201.9141845703125,200.25,0.4465992748737335,0.4682202935218811,0.49596619606018066,45.90621566772461,60.08159637451172,58.96122741699219,-44.23832702636719,-55.67593002319336,-57.82649612426758,6.8724188804626465,18.596424102783203,2.3902668952941895,0.9636674523353577,0.9266719222068787,0.9807546138763428,5.811705589294434,5.703465938568115,4.626621723175049,nan
18.650,0,102.79061889648438,128.31907653808594,118.88154602050781,201.81387329101562,201.9141845703125,200.25,0.4465992748737335,0.4682202935218811,0.49596619606018066,45.90621566772461,60.08159637451172,58.96122741699219,-44.23832702636719,-55.67593002319336,-57.82649612426758,6.8724188804626465,18.596424102783203,2.3902668952941895,0.9636674523353577,0.9266719222068787,0.9807546138763428,5.811705589294434,5.703465938568115,4.626621723175049,nan
18.700,0,102.79061889648438,128.31907653808594,118.88154602050781,201.81387329101562,201.9141845703125,200.25,0.4465992748737335,0.4682202935218811,0.49596619606018066,45.90621566772461,60.08159637451172,58.96122741699219,-44.23832702636719,-55.67593002319336,-57.82649612426758,6.8724188804626465,18.596424102783203,2.3902668952941895,0.9636674523353577,0.9266719222068787,0.9807546138763428,5.811705589294434,5.703465938568115,4.626621723175049,nan
18.750,0,102.79061889648438,128.31907653808594,118.88154602050781,201.81387329101562,201.9141845703125,200.25,0.4465992748737335,0.4682202935218811,0.49596619606018066,45.90621566772461,60.08159637451172,58.96122741699219,-44.23832702636719,-55.67593002319336,-57.82649612426758,6.8724188804626465,18.596424102783203,2.3902668952941895,0.9636674523353577,0.9266719222068787,0.9807546138763428,5.811705589294434,5.703465938568115,4.626621723175049,nan
18.800,0,102.8440170288086,128.2241668701172,118.93362426757812,201.78277587890625,201.89263916015625,200.3318328857422,0.44627630710601807,0.46692955493927,0.49340641498565674,45.896846771240234,59.87165451049805,58.682613372802734,-44.24187469482422,-55.6036491394043,-57.51850891113281,6.801471710205078,18.158401489257812,2.22806978225708,0.9639415144920349,0.9287140965461731,0.9801626801490784,5.863165855407715,5.649477481842041,4.755375385284424,nan
18.850,0,102.8440170288086,128.2241668701172,118.93362426757812,201.78277587890625,201.89263916015625,200.3318328857422,0.44627630710601807,0.46692955493927,0.49340641498565674,45.896846771240234,59.87165451049805,58.682613372802734,-44.24187469482422,-55.6036491394043,-57.51850891113281,6.801471710205078,18.158401489257812,2.22806978225708,0.9639415144920349,0.9287140965461731,0.9801626801490784,5.863165855407715,5.649477481842041,4.755375385284424,nan
18.900,0,102.8440170288086,128.2241668701172,118.93362426757812,201.78277587890625,201.89263916015625,200.3318328857422,0.44627630710601807,0.46692955493927,0.49340641498565674,45.896846771240234,59.87165451049805,58.682613372802734,-44.24187469482422,-55.6036491394043,-57.51850891113281,6.801471710205078,18.158401489257812,2.22806978225708,0.9639415144920349,0.9287140965461731,0.9801626801490784,5.863165855407715,5.649477481842041,4.755375385284424,nan
18.950,0,102.8440170288086,128.2241668701172,118.93362426757812,201.78277587890625,201.89263916015625,200.3318328857422,0.44627630710601807,0.46692955493927,0.49340641498565674,45.896846771240234,59.87165451049805,58.682613372802734,-44.24187469482422,-55.6036491394043,-57.51850891113281,6.801471710205078,18.158401489257812,2.22806978225708,0.9639415144920349,0.9287140965461731,0.9801626801490784,5.863165855407715,5.649477481842041,4.755375385284424,nan
19.000,0,102.79085540771484,128.32528686523438,118.86474609375,201.81129455566406,201.8866424560547,200.25192260742188,0.44756051898002625,0.47381070256233215,0.4968082308769226,46.005126953125,60.80189514160156,59.052982330322266,-44.2237434387207,-56.15896224975586,-57.89037322998047,7.689108848571777,19.35540008544922,2.7623238563537598,0.9612785577774048,0.9236383438110352,0.9803124666213989,5.746822357177734,5.689730644226074,4.667682647705078,nan
19.050,0,102.79085540771484,128.32528686523438,118.86474609375,201.81129455566406,201.8866424560547,200.25192260742188,0.44756051898002625,0.47381070256233215,0.4968082308769226,46.005126953125,60.80189514160156,59.052982330322266,-44.2237434387207,-56.15896224975586,-57.89037322998047,7.689108848571777,19.35540008544922,2.7623238563537598,0.9612785577774048,0.9236383438110352,0.9803124666213989,5.746822357177734,5.689730644226074,4.667682647705078,nan
19.100,0,102.79085540771484,128.32528686523438,118.86474609375,201.81129455566406,201.8866424560547,200.25192260742188,0.44756051898002625,0.47381070256233215,0.4968082308769226,46.005126953125,60.80189514160156,59.052982330322266,-44.2237434387207,-56.15896224975586,-57.89037322998047,7.689108848571777,19.35540008544922,2.7623238563537598,0.9612785577774048,0.9236383438110352,0.9803124666213989,5.746822357177734,5.689730644226074,4.667682647705078,nan
19.150,0,102.79085540771484,128.32528686523438,118.86474609375,201.81129455566406,201.8866424560547,200.25192260742188,0.44756051898002625,0.47381070256233215,0.4968082308769226,46.005126953125,60.80189514160156,59.052982330322266,-44.2237434387207,-56.15896224975586,-57.89037322998047,7.689108848571777,19.35540008544922,2.7623238563537598,0.9612785577774048,0.9236383438110352,0.9803124666213989,5.746822357177734,5.689730644226074,4.667682647705078,nan
19.200,0,102.84989166259766,128.2334747314453,118.9244384765625,201.80484008789062,201.83990478515625,200.3577117919922,0.4473436772823334,0.4686681926250458,0.4947305917739868,46.00925064086914,60.09894943237305,58.83555603027344,-44.28645706176758,-55.68858337402344,-57.6114387512207,6.825729846954346,18.26120376586914,2.227904796600342,0.962555468082428,0.9266149401664734,0.9791942834854126,5.820461750030518,5.571772575378418,4.661709785461426,nan
19.250,0,102.84989166259766,128.2334747314453,118.9244384765625,201.80484008789062,201.83990478515625,200.3577117919922,0.4473436772823334,0.4686681926250458,0.4947305917739868,46.00925064086914,60.09894943237305,58.83555603027344,-44.28645706176758,-55.68858337402344,-57.6114387512207,6.825729846954346,18.26120376586914,2.227904796600342,0.962555468082428,0.9266149401664734,0.9791942834854126,5.820461750030518,5.571772575378418,4.661709785461426,nan
19.300,0,102.84989166259766,128.2334747314453,118.9244384765625,201.80484008789062,201.83990478515625,200.3577117919922,0.4473436772823334,0.4686681926250458,0.4947305917739868,46.00925064086914,60.09894943237305,58.83555603027344,-44.28645706176758,-55.68858337402344,-57.6114387512207,6.825729846954346,18.26120376586914,2.227904796600342,0.962555468082428,0.9266149401664734,0.9791942834854126,5.820461750030518,5.571772575378418,4.661709785461426,nan
19.350,0,102.84989166259766,128.2334747314453,118.9244384765625,201.80484008789062,201.83990478515625,200.3577117919922,0.4473436772823334,0.4686681926250458,0.4947305917739868,46.00925064086914,60.09894943237305,58.83555603027344,-44.28645706176758,-55.68858337402344,-57.6114387512207,6.825729846954346,18.26120376586914,2.227904796600342,0.962555468082428,0.9266149401664734,0.9791942834854126,5.820461750030518,5.571772575378418,4.661709785461426,nan
19.400,0,102.82909393310547,128.29898071289062,118.816162109375,201.8369903564453,201.82643127441406,200.22547912597656,0.4435669481754303,0.4688541293144226,0.4886718690395355,45.61158752441406,60.153507232666016,58.06211471557617,-43.817909240722656,-55.848785400390625,-56.86272048950195,7.162970066070557,18.132890701293945,1.9273308515548706,0.9606749415397644,0.9284377098083496,0.9793429374694824,5.716218948364258,5.667182445526123,4.6502275466918945,nan
19.450,0,102.82909393310547,128.29898071289062,118.816162109375,201.8369903564453,201.82643127441406,200.22547912597656,0.4435669481754303,0.4688541293144226,0.4886718690395355,45.61158752441406,60.153507232666016,58.06211471557617,-43.817909240722656,-55.848785400390625,-56.86272048950195,7.162970066070557,18.132890701293945,1.9273308515548706,0.9606749415397644,0.9284377098083496,0.9793429374694824,5.716218948364258,5.667182445526123,4.6502275466918945,nan
19.500,0,102.82909393310547,128.29898071289062,118.816162109375,201.8369903564453,201.82643127441406,200.22547912597656,0.4435669481754303,0.4688541293144226,0.4886718690395355,45.61158752441406,60.153507232666016,58.06211471557617,-43.817909240722656,-55.848785400390625,-56.86272048950195,7.162970066070557,18.132890701293945,1.9273308515548706,0.9606749415397644,0.9284377098083496,0.9793429374694824,5.716218948364258,5.667182445526123,4.6502275466918945,nan
19.550,0,102.82909393310547,128.29898071289062,118.816162109375,201.8369903564453,201.82643127441406,200.22547912597656,0.4435669481754303,0.4688541293144226,0.4886718690395355,45.61158752441406,60.153507232666016,58.06211471557617,-43.817909240722656,-55.848785400390625,-56.86272048950195,7.162970066070557,18.132890701293945,1.9273308515548706,0.9606749415397644,0.9284377098083496,0.9793429374694824,5.716218948364258,5.667182445526123,4.6502275466918945,nan
19.600,0,102.82002258300781,128.3282470703125,118.94410705566406,201.88758850097656,201.96072387695312,200.3140869140625,0.448218435049057,0.47156399488449097,0.49934566020965576,46.08583068847656,60.51498031616211,59.394222259521484,-44.27241134643555,-55.87727355957031,-58.141151428222656,7.093000411987305,19.083568572998047,2.534775972366333,0.9606512784957886,0.923362672328949,0.9789024591445923,5.886463642120361,5.58840274810791,4.692587375640869,nan
19.650,0,102.82002258300781,128.3282470703125,118.94410705566406,201.88758850097656,201.96072387695312,200.3140869140625,0.448218435049057,0.47156399488449097,0.49934566020965576,46.08583068847656,60.51498031616211,59.394222259521484,-44.27241134643555,-55.87727355957031,-58.141151428222656,7.093000411987305,19.083568572998047,2.534775972366333,0.9606512784957886,0.923362672328949,0.9789024591445923,5.886463642120361,5.58840274810791,4.692587375640869,nan
19.700,0,102.82002258300781,128.3282470703125,118.94410705566406,201.88758850097656,201.96072387695312,200.3140869140625,0.448218435049057,0.47156399488449097,0.49934566020965576,46.08583068847656,60.51498031616211,59.394222259521484,-44.27241134643555,-55.87727355957031,-58.141151428222656,7.093000411987305,19.083568572998047,2.534775972366333,0.9606512784957886,0.923362672328949,0.9789024591445923,5.886463642120361,5.58840274810791,4.692587375640869,nan
19.750,0,102.82002258300781,128.3282470703125,118.94410705566406,201.88758850097656,201.96072387695312,200.3140869140625,0.448218435049057,0.47156399488449097,0.49934566020965576,46.08583068847656,60.51498031616211,59.394222259521484,-44.27241134643555,-55.87727355957031,-58.141151428222656,7.093000411987305,19.083568572998047,2.534775972366333,0.9606512784957886,0.923362672328949,0.9789024591445923,5.886463642120361,5.58840274810791,4.692587375640869,nan
19.800,0,102.8652572631836,128.28123474121094,118.91496276855469,201.82376098632812,201.89373779296875,200.36888122558594,0.456484317779541,0.4776797592639923,0.49963152408599854,46.95637512207031,61.277347564697266,59.413665771484375,-45.2149658203125,-56.914798736572266,-58.23008346557617,7.869751453399658,18.815235137939453,2.9315621852874756,0.9629142880439758,0.928806483745575,0.980078935623169,5.644558906555176,5.5949320793151855,4.647517681121826,nan
19.850,0,102.8652572631836,128.28123474121094,118.91496276855469,201.82376098632812,201.89373779296875,200.36888122558594,0.456484317779541,0.4776797592639923,0.49963152408599854,46.95637512207031,61.277347564697266,59.413665771484375,-45.2149658203125,-56.914798736572266,-58.23008346557617,7.869751453399658,18.815235137939453,2.9315621852874756,0.9629142880439758,0.928806483745575,0.980078935623169,5.644558906555176,5.5949320793151855,4.647517681121826,nan
19.900,0,102.8652572631836,128.28123474121094,118.91496276855469,201.82376098632812,201.89373779296875,200.36888122558594,0.456484317779541,0.4776797592639923,0.49963152408599854,46.95637512207031,61.277347564697266,59.413665771484375,-45.2149658203125,-56.914798736572266,-58.23008346557617,7.869751453399658,18.815235137939453,2.9315621852874756,0.9629142880439758,0.928806483745575,0.980078935623169,5.644558906555176,5.5949320793151855,4.647517681121826,nan
19.950,0,102.8652572631836,128.28123474121094,118.91496276855469,201.82376098632812,201.89373779296875,200.36888122558594,0.456484317779541,0.4776797592639923,0.49963152408599854,46.95637512207031,61.277347564697266,59.413665771484375,-45.2149658203125,-56.914798736572266,-58.23008346557617,7.869751453399658,18.815235137939453,2.9315621852874756,0.9629142880439758,0.928806483745575,0.980078935623169,5.644558906555176,5.5949320793151855,4.647517681121826,nan
