t+,class,V_L1,V_L2,V_L3,V_L12,V_L23,V_L31,A_L1,A_L2,A_L3,VA_L1,VA_L2,VA_L3,W_L1,W_L2,W_L3,Q_L1,Q_L2,Q_L3,PF_L1,PF_L2,PF_L3,THD_L1,THD_L2,THD_L3
0.000,0,103.07904815673828,128.9677734375,119.31047821044922,202.6620635986328,203.0816650390625,200.73031616210938,0.4439507722854614,0.45790860056877136,0.5032691359519958,45.76202392578125,59.05545425415039,60.04528045654297,-44.33097839355469,-54.493507385253906,-58.867008209228516,5.463412284851074,18.8297061920166,2.8778369426727295,0.9687285423278809,0.9227514863014221,0.9803769588470459,5.0870513916015625,4.9780473709106445,4.014590740203857,nan
0.050,0,103.07904815673828,128.9677734375,119.31047821044922,202.6620635986328,203.0816650390625,200.73031616210938,0.4439507722854614,0.45790860056877136,0.5032691359519958,45.76202392578125,59.05545425415039,60.04528045654297,-44.33097839355469,-54.493507385253906,-58.867008209228516,5.463412284851074,18.8297061920166,2.8778369426727295,0.9687285423278809,0.9227514863014221,0.9803769588470459,5.0870513916015625,4.9780473709106445,4.014590740203857,nan
0.100,0,103.07904815673828,128.9677734375,119.31047821044922,202.6620635986328,203.0816650390625,200.73031616210938,0.4439507722854614,0.45790860056877136,0.5032691359519958,45.76202392578125,59.05545425415039,60.04528045654297,-44.33097839355469,-54.493507385253906,-58.867008209228516,5.463412284851074,18.8297061920166,2.8778369426727295,0.9687285423278809,0.9227514863014221,0.9803769588470459,5.0870513916015625,4.9780473709106445,4.014590740203857,nan
0.150,0,103.10052490234375,129.01663208007812,119.2823715209961,202.70303344726562,203.12037658691406,200.72837829589844,0.45065751671791077,0.4711197018623352,0.5134237408638,46.46302795410156,60.78227615356445,61.242401123046875,-44.929603576660156,-55.73175048828125,-60.09611129760742,7.139355182647705,21.054096221923828,4.261826992034912,0.9669969081878662,0.9169079065322876,0.9812827706336975,5.057287693023682,4.978250503540039,3.966757297515869,nan
0.200,0,103.10052490234375,129.01663208007812,119.2823715209961,202.70303344726562,203.12037658691406,200.72837829589844,0.45065751671791077,0.4711197018623352,0.5134237408638,46.46302795410156,60.78227615356445,61.242401123046875,-44.929603576660156,-55.73175048828125,-60.09611129760742,7.139355182647705,21.054096221923828,4.261826992034912,0.9669969081878662,0.9169079065322876,0.9812827706336975,5.057287693023682,4.978250503540039,3.966757297515869,nan
0.250,0,103.10052490234375,129.01663208007812,119.2823715209961,202.70303344726562,203.12037658691406,200.72837829589844,0.45065751671791077,0.4711197018623352,0.5134237408638,46.46302795410156,60.78227615356445,61.242401123046875,-44.929603576660156,-55.73175048828125,-60.09611129760742,7.139355182647705,21.054096221923828,4.261826992034912,0.9669969081878662,0.9169079065322876,0.9812827706336975,5.057287693023682,4.978250503540039,3.966757297515869,nan
0.300,0,103.10052490234375,129.01663208007812,119.2823715209961,202.70303344726562,203.12037658691406,200.72837829589844,0.45065751671791077,0.4711197018623352,0.5134237408638,46.46302795410156,60.78227615356445,61.242401123046875,-44.929603576660156,-55.73175048828125,-60.09611129760742,7.139355182647705,21.054096221923828,4.261826992034912,0.9669969081878662,0.9169079065322876,0.9812827706336975,5.057287693023682,4.978250503540039,3.966757297515869,nan
0.350,0,103.08904266357422,128.97601318359375,119.29767608642578,202.66946411132812,203.09027099609375,200.7258758544922,0.44593650102615356,0.45987993478775024,0.5048932433128357,45.971168518066406,59.313480377197266,60.23258972167969,-44.6009635925293,-54.91891098022461,-59.09601593017578,5.326709747314453,18.589338302612305,2.5693717002868652,0.9701942801475525,0.9259094595909119,0.9811302423477173,5.026791095733643,4.9331374168396,4.025826454162598,nan
0.400,0,103.08904266357422,128.97601318359375,119.29767608642578,202.66946411132812,203.09027099609375,200.7258758544922,0.44593650102615356,0.45987993478775024,0.5048932433128357,45.971168518066406,59.313480377197266,60.23258972167969,-44.6009635925293,-54.91891098022461,-59.09601593017578,5.326709747314453,18.589338302612305,2.5693717002868652,0.9701942801475525,0.9259094595909119,0.9811302423477173,5.026791095733643,4.9331374168396,4.025826454162598,nan
0.450,0,103.08904266357422,128.97601318359375,119.29767608642578,202.66946411132812,203.09027099609375,200.7258758544922,0.44593650102615356,0.45987993478775024,0.5048932433128357,45.971168518066406,59.313480377197266,60.23258972167969,-44.6009635925293,-54.91891098022461,-59.09601593017578,5.326709747314453,18.589338302612305,2.5693717002868652,0.9701942801475525,0.9259094595909119,0.9811302423477173,5.026791095733643,4.9331374168396,4.025826454162598,nan
0.500,0,103.08904266357422,128.97601318359375,119.29767608642578,202.66946411132812,203.09027099609375,200.7258758544922,0.44593650102615356,0.45987993478775024,0.5048932433128357,45.971168518066406,59.313480377197266,60.23258972167969,-44.6009635925293,-54.91891098022461,-59.09601593017578,5.326709747314453,18.589338302612305,2.5693717002868652,0.9701942801475525,0.9259094595909119,0.9811302423477173,5.026791095733643,4.9331374168396,4.025826454162598,nan
0.550,0,103.06388092041016,128.92835998535156,119.24369049072266,202.5851287841797,203.0211639404297,200.6649169921875,0.4389336407184601,0.45839136838912964,0.4996844530105591,45.23820495605469,59.099647521972656,59.5842170715332,-43.65383529663086,-54.15266036987305,-58.336647033691406,6.372737884521484,19.848873138427734,3.541673183441162,0.9649772047996521,0.9162941575050354,0.9790620803833008,5.007606506347656,4.94132661819458,3.9531569480895996,nan
0.600,0,103.06388092041016,128.92835998535156,119.24369049072266,202.5851287841797,203.0211639404297,200.6649169921875,0.4389336407184601,0.45839136838912964,0.4996844530105591,45.23820495605469,59.099647521972656,59.5842170715332,-43.65383529663086,-54.15266036987305,-58.336647033691406,6.372737884521484,19.848873138427734,3.541673183441162,0.9649772047996521,0.9162941575050354,0.9790620803833008,5.007606506347656,4.94132661819458,3.9531569480895996,nan
0.650,0,103.06388092041016,128.92835998535156,119.24369049072266,202.5851287841797,203.0211639404297,200.6649169921875,0.4389336407184601,0.45839136838912964,0.4996844530105591,45.23820495605469,59.099647521972656,59.5842170715332,-43.65383529663086,-54.15266036987305,-58.336647033691406,6.372737884521484,19.848873138427734,3.541673183441162,0.9649772047996521,0.9162941575050354,0.9790620803833008,5.007606506347656,4.94132661819458,3.9531569480895996,nan
0.700,0,103.06388092041016,128.92835998535156,119.24369049072266,202.5851287841797,203.0211639404297,200.6649169921875,0.4389336407184601,0.45839136838912964,0.4996844530105591,45.23820495605469,59.099647521972656,59.5842170715332,-43.65383529663086,-54.15266036987305,-58.336647033691406,6.372737884521484,19.848873138427734,3.541673183441162,0.9649772047996521,0.9162941575050354,0.9790620803833008,5.007606506347656,4.94132661819458,3.9531569480895996,nan
0.750,0,103.15010833740234,128.9584503173828,119.35063934326172,202.69467163085938,203.0877685546875,200.8564910888672,0.4508054852485657,0.46478673815727234,0.5075273513793945,46.500633239746094,59.93817901611328,60.57371520996094,-45.07830047607422,-55.39308166503906,-59.432308197021484,5.99001407623291,19.065345764160156,3.1740899085998535,0.969412624835968,0.9241702556610107,0.9811567068099976,4.965534210205078,4.973494052886963,3.9948112964630127,nan
0.800,0,103.15010833740234,128.9584503173828,119.35063934326172,202.69467163085938,203.0877685546875,200.8564910888672,0.4508054852485657,0.46478673815727234,0.5075273513793945,46.500633239746094,59.93817901611328,60.57371520996094,-45.07830047607422,-55.39308166503906,-59.432308197021484,5.99001407623291,19.065345764160156,3.1740899085998535,0.969412624835968,0.9241702556610107,0.9811567068099976,4.965534210205078,4.973494052886963,3.9948112964630127,nan
0.850,0,103.15010833740234,128.9584503173828,119.35063934326172,202.69467163085938,203.0877685546875,200.8564910888672,0.4508054852485657,0.46478673815727234,0.5075273513793945,46.500633239746094,59.93817901611328,60.57371520996094,-45.07830047607422,-55.39308166503906,-59.432308197021484,5.99001407623291,19.065345764160156,3.1740899085998535,0.969412624835968,0.9241702556610107,0.9811567068099976,4.965534210205078,4.973494052886963,3.9948112964630127,nan
0.900,0,103.15010833740234,128.9584503173828,119.35063934326172,202.69467163085938,203.0877685546875,200.8564910888672,0.4508054852485657,0.46478673815727234,0.5075273513793945,46.500633239746094,59.93817901611328,60.57371520996094,-45.07830047607422,-55.39308166503906,-59.432308197021484,5.99001407623291,19.065345764160156,3.1740899085998535,0.969412624835968,0.9241702556610107,0.9811567068099976,4.965534210205078,4.973494052886963,3.9948112964630127,nan
0.950,0,103.1793441772461,129.06300354003906,119.37469482421875,202.80068969726562,203.2116241455078,200.90777587890625,0.44514355063438416,0.466677725315094,0.5079288482666016,45.92961883544922,60.23082733154297,60.63385009765625,-44.495445251464844,-55.509613037109375,-59.53301239013672,6.419784069061279,20.0865478515625,3.198563814163208,0.9687745571136475,0.9216146469116211,0.9818444848060608,5.062807559967041,5.011144161224365,4.036835193634033,nan
1.000,0,103.1793441772461,129.06300354003906,119.37469482421875,202.80068969726562,203.2116241455078,200.90777587890625,0.44514355063438416,0.466677725315094,0.5079288482666016,45.92961883544922,60.23082733154297,60.63385009765625,-44.495445251464844,-55.509613037109375,-59.53301239013672,6.419784069061279,20.0865478515625,3.198563814163208,0.9687745571136475,0.9216146469116211,0.9818444848060608,5.062807559967041,5.011144161224365,4.036835193634033,nan
1.050,0,103.1793441772461,129.06300354003906,119.37469482421875,202.80068969726562,203.2116241455078,200.90777587890625,0.44514355063438416,0.466677725315094,0.5079288482666016,45.92961883544922,60.23082733154297,60.63385009765625,-44.495445251464844,-55.509613037109375,-59.53301239013672,6.419784069061279,20.0865478515625,3.198563814163208,0.9687745571136475,0.9216146469116211,0.9818444848060608,5.062807559967041,5.011144161224365,4.036835193634033,nan
1.100,0,103.1793441772461,129.06300354003906,119.37469482421875,202.80068969726562,203.2116241455078,200.90777587890625,0.44514355063438416,0.466677725315094,0.5079288482666016,45.92961883544922,60.23082733154297,60.63385009765625,-44.495445251464844,-55.509613037109375,-59.53301239013672,6.419784069061279,20.0865478515625,3.198563814163208,0.9687745571136475,0.9216146469116211,0.9818444848060608,5.062807559967041,5.011144161224365,4.036835193634033,nan
1.150,0,103.15340423583984,129.02069091796875,119.31847381591797,202.7709197998047,203.1406707763672,200.79824829101562,0.4408363103866577,0.4586840569972992,0.5012861490249634,45.4737663269043,59.17973327636719,59.81269836425781,-44.000274658203125,-54.38357162475586,-58.677791595458984,6.250267028808594,19.781402587890625,3.5268373489379883,0.9675968885421753,0.9189559817314148,0.9810256361961365,5.074525356292725,5.048691272735596,4.1050872802734375,nan
1.200,0,103.15340423583984,129.02069091796875,119.31847381591797,202.7709197998047,203.1406707763672,200.79824829101562,0.4408363103866577,0.4586840569972992,0.5012861490249634,45.4737663269043,59.17973327636719,59.81269836425781,-44.000274658203125,-54.38357162475586,-58.677791595458984,6.250267028808594,19.781402587890625,3.5268373489379883,0.9675968885421753,0.9189559817314148,0.9810256361961365,5.074525356292725,5.048691272735596,4.1050872802734375,nan
1.250,0,103.15340423583984,129.02069091796875,119.31847381591797,202.7709197998047,203.1406707763672,200.79824829101562,0.4408363103866577,0.4586840569972992,0.5012861490249634,45.4737663269043,59.17973327636719,59.81269836425781,-44.000274658203125,-54.38357162475586,-58.677791595458984,6.250267028808594,19.781402587890625,3.5268373489379883,0.9675968885421753,0.9189559817314148,0.9810256361961365,5.074525356292725,5.048691272735596,4.1050872802734375,nan
1.300,0,103.15340423583984,129.02069091796875,119.31847381591797,202.7709197998047,203.1406707763672,200.79824829101562,0.4408363103866577,0.4586840569972992,0.5012861490249634,45.4737663269043,59.17973327636719,59.81269836425781,-44.000274658203125,-54.38357162475586,-58.677791595458984,6.250267028808594,19.781402587890625,3.5268373489379883,0.9675968885421753,0.9189559817314148,0.9810256361961365,5.074525356292725,5.048691272735596,4.1050872802734375,nan
1.350,0,103.21501922607422,129.05960083007812,119.35570526123047,202.8522186279297,203.2158203125,200.885498046875,0.4451960623264313,0.46351978182792664,0.5064806938171387,45.95092010498047,59.821678161621094,60.451358795166016,-44.462398529052734,-55.12901306152344,-59.253074645996094,5.814675331115723,19.33560562133789,2.8422348499298096,0.967606246471405,0.921555757522583,0.9801777005195618,5.124654293060303,5.044757843017578,4.074620246887207,nan
1.400,0,103.21501922607422,129.05960083007812,119.35570526123047,202.8522186279297,203.2158203125,200.885498046875,0.4451960623264313,0.46351978182792664,0.5064806938171387,45.95092010498047,59.821678161621094,60.451358795166016,-44.462398529052734,-55.12901306152344,-59.253074645996094,5.814675331115723,19.33560562133789,2.8422348499298096,0.967606246471405,0.921555757522583,0.9801777005195618,5.124654293060303,5.044757843017578,4.074620246887207,nan
1.450,0,103.21501922607422,129.05960083007812,119.35570526123047,202.8522186279297,203.2158203125,200.885498046875,0.4451960623264313,0.46351978182792664,0.5064806938171387,45.95092010498047,59.821678161621094,60.451358795166016,-44.462398529052734,-55.12901306152344,-59.253074645996094,5.814675331115723,19.33560562133789,2.8422348499298096,0.967606246471405,0.921555757522583,0.9801777005195618,5.124654293060303,5.044757843017578,4.074620246887207,nan
1.500,0,103.21501922607422,129.05960083007812,119.35570526123047,202.8522186279297,203.2158203125,200.885498046875,0.4451960623264313,0.46351978182792664,0.5064806938171387,45.95092010498047,59.821678161621094,60.451358795166016,-44.462398529052734,-55.12901306152344,-59.253074645996094,5.814675331115723,19.33560562133789,2.8422348499298096,0.967606246471405,0.921555757522583,0.9801777005195618,5.124654293060303,5.044757843017578,4.074620246887207,nan
1.550,0,103.16663360595703,129.0148468017578,119.32133483886719,202.7935791015625,203.08935546875,200.83128356933594,0.4413922131061554,0.45870155096054077,0.5014992356300354,45.536949157714844,59.1793098449707,59.83955764770508,-44.10075378417969,-54.55016326904297,-58.69519805908203,5.663956165313721,19.062320709228516,2.7763335704803467,0.9684608578681946,0.921777606010437,0.9808762073516846,5.0449090003967285,5.013575553894043,4.0583062171936035,nan
1.600,0,103.16663360595703,129.0148468017578,119.32133483886719,202.7935791015625,203.08935546875,200.83128356933594,0.4413922131061554,0.45870155096054077,0.5014992356300354,45.536949157714844,59.1793098449707,59.83955764770508,-44.10075378417969,-54.55016326904297,-58.69519805908203,5.663956165313721,19.062320709228516,2.7763335704803467,0.9684608578681946,0.921777606010437,0.9808762073516846,5.0449090003967285,5.013575553894043,4.0583062171936035,nan
1.650,0,103.16663360595703,129.0148468017578,119.32133483886719,202.7935791015625,203.08935546875,200.83128356933594,0.4413922131061554,0.45870155096054077,0.5014992356300354,45.536949157714844,59.1793098449707,59.83955764770508,-44.10075378417969,-54.55016326904297,-58.69519805908203,5.663956165313721,19.062320709228516,2.7763335704803467,0.9684608578681946,0.921777606010437,0.9808762073516846,5.0449090003967285,5.013575553894043,4.0583062171936035,nan
1.700,0,103.16663360595703,129.0148468017578,119.32133483886719,202.7935791015625,203.08935546875,200.83128356933594,0.4413922131061554,0.45870155096054077,0.5014992356300354,45.536949157714844,59.1793098449707,59.83955764770508,-44.10075378417969,-54.55016326904297,-58.69519805908203,5.663956165313721,19.062320709228516,2.7763335704803467,0.9684608578681946,0.921777606010437,0.9808762073516846,5.0449090003967285,5.013575553894043,4.0583062171936035,nan
1.750,0,103.23644256591797,129.04537963867188,119.3523941040039,202.85353088378906,203.16873168945312,200.9259490966797,0.44819191098213196,0.47141462564468384,0.5112560987472534,46.269737243652344,60.83387756347656,61.01963806152344,-44.724830627441406,-55.833106994628906,-59.9047966003418,7.181826114654541,21.025955200195312,3.950533628463745,0.966610848903656,0.9177963137626648,0.9817298054695129,5.0416412353515625,4.9698004722595215,4.083329677581787,nan
1.800,0,103.23644256591797,129.04537963867188,119.3523941040039,202.85353088378906,203.16873168945312,200.9259490966797,0.44819191098213196,0.47141462564468384,0.5112560987472534,46.269737243652344,60.83387756347656,61.01963806152344,-44.724830627441406,-55.833106994628906,-59.9047966003418,7.181826114654541,21.025955200195312,3.950533628463745,0.966610848903656,0.9177963137626648,0.9817298054695129,5.0416412353515625,4.9698004722595215,4.083329677581787,nan
1.850,0,103.23644256591797,129.04537963867188,119.3523941040039,202.85353088378906,203.16873168945312,200.9259490966797,0.44819191098213196,0.47141462564468384,0.5112560987472534,46.269737243652344,60.83387756347656,61.01963806152344,-44.724830627441406,-55.833106994628906,-59.9047966003418,7.181826114654541,21.025955200195312,3.950533628463745,0.966610848903656,0.9177963137626648,0.9817298054695129,5.0416412353515625,4.9698004722595215,4.083329677581787,nan
1.900,0,103.23644256591797,129.04537963867188,119.3523941040039,202.85353088378906,203.16873168945312,200.9259490966797,0.44819191098213196,0.47141462564468384,0.5112560987472534,46.269737243652344,60.83387756347656,61.01963806152344,-44.724830627441406,-55.833106994628906,-59.9047966003418,7.181826114654541,21.025955200195312,3.950533628463745,0.966610848903656,0.9177963137626648,0.9817298054695129,5.0416412353515625,4.9698004722595215,4.083329677581787,nan
1.950,0,103.20396423339844,129.08973693847656,119.36949920654297,202.8833770751953,203.19664001464844,200.91317749023438,0.44505274295806885,0.4607897698879242,0.5052098631858826,45.93120574951172,59.48323059082031,60.30664825439453,-44.4428596496582,-54.910003662109375,-59.08518600463867,5.343562602996826,18.756452560424805,2.456221103668213,0.967596173286438,0.9231173992156982,0.9797458052635193,5.05734920501709,5.000442028045654,4.059772491455078,nan
2.000,0,103.20396423339844,129.08973693847656,119.36949920654297,202.8833770751953,203.19664001464844,200.91317749023438,0.44505274295806885,0.4607897698879242,0.5052098631858826,45.93120574951172,59.48323059082031,60.30664825439453,-44.4428596496582,-54.910003662109375,-59.08518600463867,5.343562602996826,18.756452560424805,2.456221103668213,0.967596173286438,0.9231173992156982,0.9797458052635193,5.05734920501709,5.000442028045654,4.059772491455078,nan
2.050,0,103.20396423339844,129.08973693847656,119.36949920654297,202.8833770751953,203.19664001464844,200.91317749023438,0.44505274295806885,0.4607897698879242,0.5052098631858826,45.93120574951172,59.48323059082031,60.30664825439453,-44.4428596496582,-54.910003662109375,-59.08518600463867,5.343562602996826,18.756452560424805,2.456221103668213,0.967596173286438,0.9231173992156982,0.9797458052635193,5.05734920501709,5.000442028045654,4.059772491455078,nan
2.100,0,103.20396423339844,129.08973693847656,119.36949920654297,202.8833770751953,203.19664001464844,200.91317749023438,0.44505274295806885,0.4607897698879242,0.5052098631858826,45.93120574951172,59.48323059082031,60.30664825439453,-44.4428596496582,-54.910003662109375,-59.08518600463867,5.343562602996826,18.756452560424805,2.456221103668213,0.967596173286438,0.9231173992156982,0.9797458052635193,5.05734920501709,5.000442028045654,4.059772491455078,nan
2.150,0,103.19285583496094,128.99195861816406,119.2970962524414,202.76937866210938,203.11624145507812,200.8097381591797,0.43914303183555603,0.4595995545387268,0.5004214644432068,45.31642532348633,59.284645080566406,59.69882583618164,-43.66596984863281,-54.32468032836914,-58.40142059326172,6.394218444824219,19.906715393066406,3.4190573692321777,0.9635792970657349,0.9163364171981812,0.9782674908638,5.0886664390563965,5.004325866699219,4.113836765289307,nan
2.200,0,103.19285583496094,128.99195861816406,119.2970962524414,202.76937866210938,203.11624145507812,200.8097381591797,0.43914303183555603,0.4595995545387268,0.5004214644432068,45.31642532348633,59.284645080566406,59.69882583618164,-43.66596984863281,-54.32468032836914,-58.40142059326172,6.394218444824219,19.906715393066406,3.4190573692321777,0.9635792970657349,0.9163364171981812,0.9782674908638,5.0886664390563965,5.004325866699219,4.113836765289307,nan
2.250,0,103.19285583496094,128.99195861816406,119.2970962524414,202.76937866210938,203.11624145507812,200.8097381591797,0.43914303183555603,0.4595995545387268,0.5004214644432068,45.31642532348633,59.284645080566406,59.69882583618164,-43.66596984863281,-54.32468032836914,-58.40142059326172,6.394218444824219,19.906715393066406,3.4190573692321777,0.9635792970657349,0.9163364171981812,0.9782674908638,5.0886664390563965,5.004325866699219,4.113836765289307,nan
2.300,0,103.19285583496094,128.99195861816406,119.2970962524414,202.76937866210938,203.11624145507812,200.8097381591797,0.43914303183555603,0.4595995545387268,0.5004214644432068,45.31642532348633,59.284645080566406,59.69882583618164,-43.66596984863281,-54.32468032836914,-58.40142059326172,6.394218444824219,19.906715393066406,3.4190573692321777,0.9635792970657349,0.9163364171981812,0.9782674908638,5.0886664390563965,5.004325866699219,4.113836765289307,nan
2.350,0,103.18411254882812,129.036865234375,119.41565704345703,202.80674743652344,203.20010375976562,200.94227600097656,0.4513087570667267,0.465007483959198,0.5081940293312073,46.567893981933594,60.003108978271484,60.68632507324219,-45.0414924621582,-55.34100341796875,-59.433692932128906,5.943419456481934,19.074480056762695,3.150785207748413,0.9672220349311829,0.92230224609375,0.9793589115142822,5.057765007019043,5.017931938171387,4.030363082885742,nan
2.400,0,103.18411254882812,129.036865234375,119.41565704345703,202.80674743652344,203.20010375976562,200.94227600097656,0.4513087570667267,0.465007483959198,0.5081940293312073,46.567893981933594,60.003108978271484,60.68632507324219,-45.0414924621582,-55.34100341796875,-59.433692932128906,5.943419456481934,19.074480056762695,3.150785207748413,0.9672220349311829,0.92230224609375,0.9793589115142822,5.057765007019043,5.017931938171387,4.030363082885742,nan
2.450,0,103.18411254882812,129.036865234375,119.41565704345703,202.80674743652344,203.20010375976562,200.94227600097656,0.4513087570667267,0.465007483959198,0.5081940293312073,46.567893981933594,60.003108978271484,60.68632507324219,-45.0414924621582,-55.34100341796875,-59.433692932128906,5.943419456481934,19.074480056762695,3.150785207748413,0.9672220349311829,0.92230224609375,0.9793589115142822,5.057765007019043,5.017931938171387,4.030363082885742,nan
2.500,0,103.18411254882812,129.036865234375,119.41565704345703,202.80674743652344,203.20010375976562,200.94227600097656,0.4513087570667267,0.465007483959198,0.5081940293312073,46.567893981933594,60.003108978271484,60.68632507324219,-45.0414924621582,-55.34100341796875,-59.433692932128906,5.943419456481934,19.074480056762695,3.150785207748413,0.9672220349311829,0.92230224609375,0.9793589115142822,5.057765007019043,5.017931938171387,4.030363082885742,nan
2.550,0,103.18025207519531,129.064453125,119.36896514892578,202.7917022705078,203.2441864013672,200.88619995117188,0.44611266255378723,0.46898457407951355,0.5086609721183777,46.0300178527832,60.52923583984375,60.71833419799805,-44.443603515625,-55.613250732421875,-59.5048713684082,6.663382530212402,20.306087493896484,3.3454785346984863,0.9655352234840393,0.9187833070755005,0.9800148606300354,5.078059196472168,5.012201309204102,4.090022087097168,nan
2.600,0,103.18025207519531,129.064453125,119.36896514892578,202.7917022705078,203.2441864013672,200.88619995117188,0.44611266255378723,0.46898457407951355,0.5086609721183777,46.0300178527832,60.52923583984375,60.71833419799805,-44.443603515625,-55.613250732421875,-59.5048713684082,6.663382530212402,20.306087493896484,3.3454785346984863,0.9655352234840393,0.9187833070755005,0.9800148606300354,5.078059196472168,5.012201309204102,4.090022087097168,nan
2.650,0,103.18025207519531,129.064453125,119.36896514892578,202.7917022705078,203.2441864013672,200.88619995117188,0.44611266255378723,0.46898457407951355,0.5086609721183777,46.0300178527832,60.52923583984375,60.71833419799805,-44.443603515625,-55.613250732421875,-59.5048713684082,6.663382530212402,20.306087493896484,3.3454785346984863,0.9655352234840393,0.9187833070755005,0.9800148606300354,5.078059196472168,5.012201309204102,4.090022087097168,nan
2.700,0,103.18025207519531,129.064453125,119.36896514892578,202.7917022705078,203.2441864013672,200.88619995117188,0.44611266255378723,0.46898457407951355,0.5086609721183777,46.0300178527832,60.52923583984375,60.71833419799805,-44.443603515625,-55.613250732421875,-59.5048713684082,6.663382530212402,20.306087493896484,3.3454785346984863,0.9655352234840393,0.9187833070755005,0.9800148606300354,5.078059196472168,5.012201309204102,4.090022087097168,nan
2.750,0,103.13302612304688,128.98251342773438,119.30998229980469,202.71568298339844,203.06532287597656,200.80224609375,0.4435194134712219,0.4579757750034332,0.5015660524368286,45.74150085449219,59.070865631103516,59.841835021972656,-44.166282653808594,-54.31108474731445,-58.60200500488281,5.986300468444824,19.293731689453125,3.3596537113189697,0.9655625820159912,0.9194225072860718,0.9792815446853638,5.02139949798584,5.015935897827148,4.048922061920166,nan
2.800,0,103.13302612304688,128.98251342773438,119.30998229980469,202.71568298339844,203.06532287597656,200.80224609375,0.4435194134712219,0.4579757750034332,0.5015660524368286,45.74150085449219,59.070865631103516,59.841835021972656,-44.166282653808594,-54.31108474731445,-58.60200500488281,5.986300468444824,19.293731689453125,3.3596537113189697,0.9655625820159912,0.9194225072860718,0.9792815446853638,5.02139949798584,5.015935897827148,4.048922061920166,nan
2.850,0,103.13302612304688,128.98251342773438,119.30998229980469,202.71568298339844,203.06532287597656,200.80224609375,0.4435194134712219,0.4579757750034332,0.5015660524368286,45.74150085449219,59.070865631103516,59.841835021972656,-44.166282653808594,-54.31108474731445,-58.60200500488281,5.986300468444824,19.293731689453125,3.3596537113189697,0.9655625820159912,0.9194225072860718,0.9792815446853638,5.02139949798584,5.015935897827148,4.048922061920166,nan
2.900,0,103.13302612304688,128.98251342773438,119.30998229980469,202.71568298339844,203.06532287597656,200.80224609375,0.4435194134712219,0.4579757750034332,0.5015660524368286,45.74150085449219,59.070865631103516,59.841835021972656,-44.166282653808594,-54.31108474731445,-58.60200500488281,5.986300468444824,19.293731689453125,3.3596537113189697,0.9655625820159912,0.9194225072860718,0.9792815446853638,5.02139949798584,5.015935897827148,4.048922061920166,nan
2.950,0,103.18688201904297,129.0079345703125,119.29801177978516,202.77783203125,203.13983154296875,200.799072265625,0.44646409153938293,0.46386536955833435,0.5063313245773315,46.069236755371094,59.84231185913086,60.404319763183594,-44.409236907958984,-55.0260009765625,-59.03884506225586,5.847332954406738,19.209367752075195,2.8790862560272217,0.9639672636985779,0.9195166230201721,0.9773944020271301,5.100680351257324,5.040805816650391,4.138988494873047,nan
3.000,0,103.18688201904297,129.0079345703125,119.29801177978516,202.77783203125,203.13983154296875,200.799072265625,0.44646409153938293,0.46386536955833435,0.5063313245773315,46.069236755371094,59.84231185913086,60.404319763183594,-44.409236907958984,-55.0260009765625,-59.03884506225586,5.847332954406738,19.209367752075195,2.8790862560272217,0.9639672636985779,0.9195166230201721,0.9773944020271301,5.100680351257324,5.040805816650391,4.138988494873047,nan
3.050,0,103.18688201904297,129.0079345703125,119.29801177978516,202.77783203125,203.13983154296875,200.799072265625,0.44646409153938293,0.46386536955833435,0.5063313245773315,46.069236755371094,59.84231185913086,60.404319763183594,-44.409236907958984,-55.0260009765625,-59.03884506225586,5.847332954406738,19.209367752075195,2.8790862560272217,0.9639672636985779,0.9195166230201721,0.9773944020271301,5.100680351257324,5.040805816650391,4.138988494873047,nan
3.100,0,103.18688201904297,129.0079345703125,119.29801177978516,202.77783203125,203.13983154296875,200.799072265625,0.44646409153938293,0.46386536955833435,0.5063313245773315,46.069236755371094,59.84231185913086,60.404319763183594,-44.409236907958984,-55.0260009765625,-59.03884506225586,5.847332954406738,19.209367752075195,2.8790862560272217,0.9639672636985779,0.9195166230201721,0.9773944020271301,5.100680351257324,5.040805816650391,4.138988494873047,nan
3.150,0,103.10468292236328,128.99856567382812,119.3096923828125,202.72723388671875,203.07728576660156,200.7600555419922,0.4434804320335388,0.4610612392425537,0.5043727159500122,45.724910736083984,59.47623825073242,60.176551818847656,-44.143211364746094,-54.618648529052734,-58.860530853271484,5.8322343826293945,19.351829528808594,2.995810031890869,0.9654083847999573,0.9183272123336792,0.9781306982040405,5.100155353546143,5.035355091094971,4.094552040100098,nan
3.200,0,103.10468292236328,128.99856567382812,119.3096923828125,202.72723388671875,203.07728576660156,200.7600555419922,0.4434804320335388,0.4610612392425537,0.5043727159500122,45.724910736083984,59.47623825073242,60.176551818847656,-44.143211364746094,-54.618648529052734,-58.860530853271484,5.8322343826293945,19.351829528808594,2.995810031890869,0.9654083847999573,0.9183272123336792,0.9781306982040405,5.100155353546143,5.035355091094971,4.094552040100098,nan
3.250,0,103.10468292236328,128.99856567382812,119.3096923828125,202.72723388671875,203.07728576660156,200.7600555419922,0.4434804320335388,0.4610612392425537,0.5043727159500122,45.724910736083984,59.47623825073242,60.176551818847656,-44.143211364746094,-54.618648529052734,-58.860530853271484,5.8322343826293945,19.351829528808594,2.995810031890869,0.9654083847999573,0.9183272123336792,0.9781306982040405,5.100155353546143,5.035355091094971,4.094552040100098,nan
3.300,0,103.10468292236328,128.99856567382812,119.3096923828125,202.72723388671875,203.07728576660156,200.7600555419922,0.4434804320335388,0.4610612392425537,0.5043727159500122,45.724910736083984,59.47623825073242,60.176551818847656,-44.143211364746094,-54.618648529052734,-58.860530853271484,5.8322343826293945,19.351829528808594,2.995810031890869,0.9654083847999573,0.9183272123336792,0.9781306982040405,5.100155353546143,5.035355091094971,4.094552040100098,nan
3.350,0,103.15897369384766,129.04978942871094,119.3014144897461,202.7861785888672,203.17337036132812,200.7857208251953,0.44815462827682495,0.4710780680179596,0.5113367438316345,46.231170654296875,60.79252624511719,61.003196716308594,-44.68049621582031,-55.7357177734375,-59.88718032836914,7.272339820861816,21.170455932617188,4.170966148376465,0.966458261013031,0.9168185591697693,0.9817056059837341,5.095266819000244,5.075979232788086,4.164413928985596,nan
3.400,0,103.15897369384766,129.04978942871094,119.3014144897461,202.7861785888672,203.17337036132812,200.7857208251953,0.44815462827682495,0.4710780680179596,0.5113367438316345,46.231170654296875,60.79252624511719,61.003196716308594,-44.68049621582031,-55.7357177734375,-59.88718032836914,7.272339820861816,21.170455932617188,4.170966148376465,0.966458261013031,0.9168185591697693,0.9817056059837341,5.095266819000244,5.075979232788086,4.164413928985596,nan
3.450,0,103.15897369384766,129.04978942871094,119.3014144897461,202.7861785888672,203.17337036132812,200.7857208251953,0.44815462827682495,0.4710780680179596,0.5113367438316345,46.231170654296875,60.79252624511719,61.003196716308594,-44.68049621582031,-55.7357177734375,-59.88718032836914,7.272339820861816,21.170455932617188,4.170966148376465,0.966458261013031,0.9168185591697693,0.9817056059837341,5.095266819000244,5.075979232788086,4.164413928985596,nan
3.500,0,103.15897369384766,129.04978942871094,119.3014144897461,202.7861785888672,203.17337036132812,200.7857208251953,0.44815462827682495,0.4710780680179596,0.5113367438316345,46.231170654296875,60.79252624511719,61.003196716308594,-44.68049621582031,-55.7357177734375,-59.88718032836914,7.272339820861816,21.170455932617188,4.170966148376465,0.966458261013031,0.9168185591697693,0.9817056059837341,5.095266819000244,5.075979232788086,4.164413928985596,nan
3.550,0,103.1282730102539,128.99337768554688,119.29905700683594,202.739013671875,203.0645751953125,200.7743377685547,0.4449298679828644,0.4604370594024658,0.5050009489059448,45.884849548339844,59.39332962036133,60.24613571166992,-44.483482360839844,-54.923980712890625,-59.111793518066406,5.343741416931152,18.74765968322754,2.491331100463867,0.969459056854248,0.9247499704360962,0.9811715483665466,5.120415687561035,5.060996055603027,4.111849784851074,nan
3.600,0,103.1282730102539,128.99337768554688,119.29905700683594,202.739013671875,203.0645751953125,200.7743377685547,0.4449298679828644,0.4604370594024658,0.5050009489059448,45.884849548339844,59.39332962036133,60.24613571166992,-44.483482360839844,-54.923980712890625,-59.111793518066406,5.343741416931152,18.74765968322754,2.491331100463867,0.969459056854248,0.9247499704360962,0.9811715483665466,5.120415687561035,5.060996055603027,4.111849784851074,nan
3.650,0,103.1282730102539,128.99337768554688,119.29905700683594,202.739013671875,203.0645751953125,200.7743377685547,0.4449298679828644,0.4604370594024658,0.5050009489059448,45.884849548339844,59.39332962036133,60.24613571166992,-44.483482360839844,-54.923980712890625,-59.111793518066406,5.343741416931152,18.74765968322754,2.491331100463867,0.969459056854248,0.9247499704360962,0.9811715483665466,5.120415687561035,5.060996055603027,4.111849784851074,nan
3.700,0,103.1282730102539,128.99337768554688,119.29905700683594,202.739013671875,203.0645751953125,200.7743377685547,0.4449298679828644,0.4604370594024658,0.5050009489059448,45.884849548339844,59.39332962036133,60.24613571166992,-44.483482360839844,-54.923980712890625,-59.111793518066406,5.343741416931152,18.74765968322754,2.491331100463867,0.969459056854248,0.9247499704360962,0.9811715483665466,5.120415687561035,5.060996055603027,4.111849784851074,nan
3.750,0,103.13024139404297,128.9546356201172,119.23808288574219,202.68035888671875,203.0245819091797,200.71109008789062,0.43952271342277527,0.4596537947654724,0.5002288818359375,45.32808303833008,59.27448654174805,59.646331787109375,-43.748538970947266,-54.349849700927734,-58.38639450073242,6.350782871246338,19.77073860168457,3.3888893127441406,0.9651530981063843,0.9169180989265442,0.978876531124115,5.098885536193848,5.088399887084961,4.143822193145752,nan
3.800,0,103.13024139404297,128.9546356201172,119.23808288574219,202.68035888671875,203.0245819091797,200.71109008789062,0.43952271342277527,0.4596537947654724,0.5002288818359375,45.32808303833008,59.27448654174805,59.646331787109375,-43.748538970947266,-54.349849700927734,-58.38639450073242,6.350782871246338,19.77073860168457,3.3888893127441406,0.9651530981063843,0.9169180989265442,0.978876531124115,5.098885536193848,5.088399887084961,4.143822193145752,nan
3.850,0,103.13024139404297,128.9546356201172,119.23808288574219,202.68035888671875,203.0245819091797,200.71109008789062,0.43952271342277527,0.4596537947654724,0.5002288818359375,45.32808303833008,59.27448654174805,59.646331787109375,-43.748538970947266,-54.349849700927734,-58.38639450073242,6.350782871246338,19.77073860168457,3.3888893127441406,0.9651530981063843,0.9169180989265442,0.978876531124115,5.098885536193848,5.088399887084961,4.143822193145752,nan
3.900,0,103.13024139404297,128.9546356201172,119.23808288574219,202.68035888671875,203.0245819091797,200.71109008789062,0.43952271342277527,0.4596537947654724,0.5002288818359375,45.32808303833008,59.27448654174805,59.646331787109375,-43.748538970947266,-54.349849700927734,-58.38639450073242,6.350782871246338,19.77073860168457,3.3888893127441406,0.9651530981063843,0.9169180989265442,0.978876531124115,5.098885536193848,5.088399887084961,4.143822193145752,nan
3.950,0,103.14578247070312,129.04095458984375,119.34883117675781,202.807373046875,203.16885375976562,200.80996704101562,0.44737157225608826,0.4634365439414978,0.5079030394554138,46.14448928833008,59.80229568481445,60.61763381958008,-44.714569091796875,-55.12950134277344,-59.45018005371094,5.772404670715332,19.321624755859375,3.038299083709717,0.9690121412277222,0.9218626022338867,0.9807406663894653,5.161798000335693,5.093479156494141,4.164497375488281,nan
4.000,0,103.14578247070312,129.04095458984375,119.34883117675781,202.807373046875,203.16885375976562,200.80996704101562,0.44737157225608826,0.4634365439414978,0.5079030394554138,46.14448928833008,59.80229568481445,60.61763381958008,-44.714569091796875,-55.12950134277344,-59.45018005371094,5.772404670715332,19.321624755859375,3.038299083709717,0.9690121412277222,0.9218626022338867,0.9807406663894653,5.161798000335693,5.093479156494141,4.164497375488281,nan
4.050,0,103.14578247070312,129.04095458984375,119.34883117675781,202.807373046875,203.16885375976562,200.80996704101562,0.44737157225608826,0.4634365439414978,0.5079030394554138,46.14448928833008,59.80229568481445,60.61763381958008,-44.714569091796875,-55.12950134277344,-59.45018005371094,5.772404670715332,19.321624755859375,3.038299083709717,0.9690121412277222,0.9218626022338867,0.9807406663894653,5.161798000335693,5.093479156494141,4.164497375488281,nan
4.100,0,103.14578247070312,129.04095458984375,119.34883117675781,202.807373046875,203.16885375976562,200.80996704101562,0.44737157225608826,0.4634365439414978,0.5079030394554138,46.14448928833008,59.80229568481445,60.61763381958008,-44.714569091796875,-55.12950134277344,-59.45018005371094,5.772404670715332,19.321624755859375,3.038299083709717,0.9690121412277222,0.9218626022338867,0.9807406663894653,5.161798000335693,5.093479156494141,4.164497375488281,nan
4.150,0,103.15100860595703,129.09661865234375,119.32962799072266,202.82847595214844,203.22833251953125,200.80393981933594,0.44521182775497437,0.46807020902633667,0.510939359664917,45.924049377441406,60.4262809753418,60.9702033996582,-44.44071960449219,-55.50228500366211,-59.827239990234375,6.353517532348633,20.43731117248535,3.263427734375,0.9677003622055054,0.9185123443603516,0.9812537431716919,5.154413223266602,5.089966297149658,4.150154113769531,nan
4.200,0,103.15100860595703,129.09661865234375,119.32962799072266,202.82847595214844,203.22833251953125,200.80393981933594,0.44521182775497437,0.46807020902633667,0.510939359664917,45.924049377441406,60.4262809753418,60.9702033996582,-44.44071960449219,-55.50228500366211,-59.827239990234375,6.353517532348633,20.43731117248535,3.263427734375,0.9677003622055054,0.9185123443603516,0.9812537431716919,5.154413223266602,5.089966297149658,4.150154113769531,nan
4.250,0,103.15100860595703,129.09661865234375,119.32962799072266,202.82847595214844,203.22833251953125,200.80393981933594,0.44521182775497437,0.46807020902633667,0.510939359664917,45.924049377441406,60.4262809753418,60.9702033996582,-44.44071960449219,-55.50228500366211,-59.827239990234375,6.353517532348633,20.43731117248535,3.263427734375,0.9677003622055054,0.9185123443603516,0.9812537431716919,5.154413223266602,5.089966297149658,4.150154113769531,nan
4.300,0,103.15100860595703,129.09661865234375,119.32962799072266,202.82847595214844,203.22833251953125,200.80393981933594,0.44521182775497437,0.46807020902633667,0.510939359664917,45.924049377441406,60.4262809753418,60.9702033996582,-44.44071960449219,-55.50228500366211,-59.827239990234375,6.353517532348633,20.43731117248535,3.263427734375,0.9677003622055054,0.9185123443603516,0.9812537431716919,5.154413223266602,5.089966297149658,4.150154113769531,nan
4.350,0,103.12493133544922,129.0044403076172,119.30343627929688,202.74075317382812,203.12069702148438,200.74908447265625,0.4424000382423401,0.4583342373371124,0.5022867918014526,45.622474670410156,59.12715148925781,59.92454147338867,-44.06991958618164,-54.29788589477539,-58.70791244506836,6.09867525100708,19.637388229370117,3.5259079933166504,0.9659695029258728,0.9183240532875061,0.9796972870826721,5.178085803985596,5.086461067199707,4.183962345123291,nan
4.400,0,103.12493133544922,129.0044403076172,119.30343627929688,202.74075317382812,203.12069702148438,200.74908447265625,0.4424000382423401,0.4583342373371124,0.5022867918014526,45.622474670410156,59.12715148925781,59.92454147338867,-44.06991958618164,-54.29788589477539,-58.70791244506836,6.09867525100708,19.637388229370117,3.5259079933166504,0.9659695029258728,0.9183240532875061,0.9796972870826721,5.178085803985596,5.086461067199707,4.183962345123291,nan
4.450,0,103.12493133544922,129.0044403076172,119.30343627929688,202.74075317382812,203.12069702148438,200.74908447265625,0.4424000382423401,0.4583342373371124,0.5022867918014526,45.622474670410156,59.12715148925781,59.92454147338867,-44.06991958618164,-54.29788589477539,-58.70791244506836,6.09867525100708,19.637388229370117,3.5259079933166504,0.9659695029258728,0.9183240532875061,0.9796972870826721,5.178085803985596,5.086461067199707,4.183962345123291,nan
4.500,0,103.12493133544922,129.0044403076172,119.30343627929688,202.74075317382812,203.12069702148438,200.74908447265625,0.4424000382423401,0.4583342373371124,0.5022867918014526,45.622474670410156,59.12715148925781,59.92454147338867,-44.06991958618164,-54.29788589477539,-58.70791244506836,6.09867525100708,19.637388229370117,3.5259079933166504,0.9659695029258728,0.9183240532875061,0.9796972870826721,5.178085803985596,5.086461067199707,4.183962345123291,nan
4.550,0,103.143310546875,129.02378845214844,119.29312896728516,202.76670837402344,203.14285278320312,200.75302124023438,0.4467175006866455,0.46520698070526123,0.5072692036628723,46.07592010498047,60.02276611328125,60.513729095458984,-44.46046447753906,-55.20335388183594,-59.17617416381836,5.957536220550537,19.386577606201172,2.9091618061065674,0.9649392366409302,0.9197069406509399,0.9778966903686523,5.155972957611084,5.087393283843994,4.125617027282715,nan
4.600,0,103.143310546875,129.02378845214844,119.29312896728516,202.76670837402344,203.14285278320312,200.75302124023438,0.4467175006866455,0.46520698070526123,0.5072692036628723,46.07592010498047,60.02276611328125,60.513729095458984,-44.46046447753906,-55.20335388183594,-59.17617416381836,5.957536220550537,19.386577606201172,2.9091618061065674,0.9649392366409302,0.9197069406509399,0.9778966903686523,5.155972957611084,5.087393283843994,4.125617027282715,nan
4.650,0,103.143310546875,129.02378845214844,119.29312896728516,202.76670837402344,203.14285278320312,200.75302124023438,0.4467175006866455,0.46520698070526123,0.5072692036628723,46.07592010498047,60.02276611328125,60.513729095458984,-44.46046447753906,-55.20335388183594,-59.17617416381836,5.957536220550537,19.386577606201172,2.9091618061065674,0.9649392366409302,0.9197069406509399,0.9778966903686523,5.155972957611084,5.087393283843994,4.125617027282715,nan
4.700,0,103.143310546875,129.02378845214844,119.29312896728516,202.76670837402344,203.14285278320312,200.75302124023438,0.4467175006866455,0.46520698070526123,0.5072692036628723,46.07592010498047,60.02276611328125,60.513729095458984,-44.46046447753906,-55.20335388183594,-59.17617416381836,5.957536220550537,19.386577606201172,2.9091618061065674,0.9649392366409302,0.9197069406509399,0.9778966903686523,5.155972957611084,5.087393283843994,4.125617027282715,nan
4.750,0,103.1069107055664,128.9560089111328,119.31324768066406,202.66757202148438,203.04917907714844,200.77980041503906,0.4450465142726898,0.45994648337364197,0.5026687383651733,45.88737106323242,59.312862396240234,59.975040435791016,-44.3291130065918,-54.59027862548828,-58.67915344238281,5.779852867126465,18.916322708129883,3.0052521228790283,0.9660416841506958,0.9203784465789795,0.9783928990364075,5.116499423980713,5.092017650604248,4.1720662117004395,nan
4.800,0,103.1069107055664,128.9560089111328,119.31324768066406,202.66757202148438,203.04917907714844,200.77980041503906,0.4450465142726898,0.45994648337364197,0.5026687383651733,45.88737106323242,59.312862396240234,59.975040435791016,-44.3291130065918,-54.59027862548828,-58.67915344238281,5.779852867126465,18.916322708129883,3.0052521228790283,0.9660416841506958,0.9203784465789795,0.9783928990364075,5.116499423980713,5.092017650604248,4.1720662117004395,nan
4.850,0,103.1069107055664,128.9560089111328,119.31324768066406,202.66757202148438,203.04917907714844,200.77980041503906,0.4450465142726898,0.45994648337364197,0.5026687383651733,45.88737106323242,59.312862396240234,59.975040435791016,-44.3291130065918,-54.59027862548828,-58.67915344238281,5.779852867126465,18.916322708129883,3.0052521228790283,0.9660416841506958,0.9203784465789795,0.9783928990364075,5.116499423980713,5.092017650604248,4.1720662117004395,nan
4.900,0,103.1069107055664,128.9560089111328,119.31324768066406,202.66757202148438,203.04917907714844,200.77980041503906,0.4450465142726898,0.45994648337364197,0.5026687383651733,45.88737106323242,59.312862396240234,59.975040435791016,-44.3291130065918,-54.59027862548828,-58.67915344238281,5.779852867126465,18.916322708129883,3.0052521228790283,0.9660416841506958,0.9203784465789795,0.9783928990364075,5.116499423980713,5.092017650604248,4.1720662117004395,nan
4.950,0,103.16558074951172,129.06002807617188,119.31768035888672,202.81732177734375,203.17784118652344,200.80697631835938,0.45018380880355835,0.47271037101745605,0.5136969685554504,46.44347381591797,61.00801467895508,61.293128967285156,-44.79032516479492,-55.79415512084961,-60.063438415527344,7.220973968505859,21.22472381591797,4.176705837249756,0.9644051194190979,0.9145381450653076,0.9799375534057617,5.2029242515563965,5.1177754402160645,4.167333602905273,nan
5.000,0,103.16558074951172,129.06002807617188,119.31768035888672,202.81732177734375,203.17784118652344,200.80697631835938,0.45018380880355835,0.47271037101745605,0.5136969685554504,46.44347381591797,61.00801467895508,61.293128967285156,-44.79032516479492,-55.79415512084961,-60.063438415527344,7.220973968505859,21.22472381591797,4.176705837249756,0.9644051194190979,0.9145381450653076,0.9799375534057617,5.2029242515563965,5.1177754402160645,4.167333602905273,nan
5.050,0,103.16558074951172,129.06002807617188,119.31768035888672,202.81732177734375,203.17784118652344,200.80697631835938,0.45018380880355835,0.47271037101745605,0.5136969685554504,46.44347381591797,61.00801467895508,61.293128967285156,-44.79032516479492,-55.79415512084961,-60.063438415527344,7.220973968505859,21.22472381591797,4.176705837249756,0.9644051194190979,0.9145381450653076,0.9799375534057617,5.2029242515563965,5.1177754402160645,4.167333602905273,nan
5.100,0,103.16558074951172,129.06002807617188,119.31768035888672,202.81732177734375,203.17784118652344,200.80697631835938,0.45018380880355835,0.47271037101745605,0.5136969685554504,46.44347381591797,61.00801467895508,61.293128967285156,-44.79032516479492,-55.79415512084961,-60.063438415527344,7.220973968505859,21.22472381591797,4.176705837249756,0.9644051194190979,0.9145381450653076,0.9799375534057617,5.2029242515563965,5.1177754402160645,4.167333602905273,nan
5.150,0,103.13045501708984,129.02955627441406,119.29222106933594,202.76687622070312,203.11932373046875,200.75094604492188,0.44666460156440735,0.4617118537425995,0.5062372088432312,46.06472396850586,59.5744743347168,60.390159606933594,-44.56510543823242,-55.02554702758789,-59.14426803588867,5.296604633331299,18.64579963684082,2.4453442096710205,0.9674453735351562,0.9236429929733276,0.9793692827224731,5.210473537445068,5.15057897567749,4.232150077819824,nan
5.200,0,103.13045501708984,129.02955627441406,119.29222106933594,202.76687622070312,203.11932373046875,200.75094604492188,0.44666460156440735,0.4617118537425995,0.5062372088432312,46.06472396850586,59.5744743347168,60.390159606933594,-44.56510543823242,-55.02554702758789,-59.14426803588867,5.296604633331299,18.64579963684082,2.4453442096710205,0.9674453735351562,0.9236429929733276,0.9793692827224731,5.210473537445068,5.15057897567749,4.232150077819824,nan
5.250,0,103.13045501708984,129.02955627441406,119.29222106933594,202.76687622070312,203.11932373046875,200.75094604492188,0.44666460156440735,0.4617118537425995,0.5062372088432312,46.06472396850586,59.5744743347168,60.390159606933594,-44.56510543823242,-55.02554702758789,-59.14426803588867,5.296604633331299,18.64579963684082,2.4453442096710205,0.9674453735351562,0.9236429929733276,0.9793692827224731,5.210473537445068,5.15057897567749,4.232150077819824,nan
5.300,0,103.13045501708984,129.02955627441406,119.29222106933594,202.76687622070312,203.11932373046875,200.75094604492188,0.44666460156440735,0.4617118537425995,0.5062372088432312,46.06472396850586,59.5744743347168,60.390159606933594,-44.56510543823242,-55.02554702758789,-59.14426803588867,5.296604633331299,18.64579963684082,2.4453442096710205,0.9674453735351562,0.9236429929733276,0.9793692827224731,5.210473537445068,5.15057897567749,4.232150077819824,nan
5.350,0,103.09310150146484,128.94325256347656,119.21837615966797,202.66314697265625,203.00047302246094,200.6422119140625,0.4384935796260834,0.4576933681964874,0.5001587271690369,45.20566177368164,59.01647186279297,59.62811279296875,-43.584434509277344,-53.961875915527344,-58.314823150634766,6.3388590812683105,19.981237411499023,3.6505541801452637,0.9641366600990295,0.9143527746200562,0.9779753088951111,5.235817909240723,5.135833740234375,4.204838752746582,nan
5.400,0,103.09310150146484,128.94325256347656,119.21837615966797,202.66314697265625,203.00047302246094,200.6422119140625,0.4384935796260834,0.4576933681964874,0.5001587271690369,45.20566177368164,59.01647186279297,59.62811279296875,-43.584434509277344,-53.961875915527344,-58.314823150634766,6.3388590812683105,19.981237411499023,3.6505541801452637,0.9641366600990295,0.9143527746200562,0.9779753088951111,5.235817909240723,5.135833740234375,4.204838752746582,nan
5.450,0,103.09310150146484,128.94325256347656,119.21837615966797,202.66314697265625,203.00047302246094,200.6422119140625,0.4384935796260834,0.4576933681964874,0.5001587271690369,45.20566177368164,59.01647186279297,59.62811279296875,-43.584434509277344,-53.961875915527344,-58.314823150634766,6.3388590812683105,19.981237411499023,3.6505541801452637,0.9641366600990295,0.9143527746200562,0.9779753088951111,5.235817909240723,5.135833740234375,4.204838752746582,nan
5.500,0,103.09310150146484,128.94325256347656,119.21837615966797,202.66314697265625,203.00047302246094,200.6422119140625,0.4384935796260834,0.4576933681964874,0.5001587271690369,45.20566177368164,59.01647186279297,59.62811279296875,-43.584434509277344,-53.961875915527344,-58.314823150634766,6.3388590812683105,19.981237411499023,3.6505541801452637,0.9641366600990295,0.9143527746200562,0.9779753088951111,5.235817909240723,5.135833740234375,4.204838752746582,nan
5.550,0,103.16191101074219,129.0308837890625,119.31693267822266,202.8126678466797,203.10731506347656,200.80978393554688,0.4514208137989044,0.46905916929244995,0.5118735432624817,46.569435119628906,60.52312088012695,61.07518005371094,-44.976898193359375,-55.66468048095703,-59.77345275878906,5.981623649597168,19.502891540527344,2.989820718765259,0.9658029675483704,0.9197258949279785,0.9786864519119263,5.158838272094727,5.107287883758545,4.224506855010986,nan
5.600,0,103.16191101074219,129.0308837890625,119.31693267822266,202.8126678466797,203.10731506347656,200.80978393554688,0.4514208137989044,0.46905916929244995,0.5118735432624817,46.569435119628906,60.52312088012695,61.07518005371094,-44.976898193359375,-55.66468048095703,-59.77345275878906,5.981623649597168,19.502891540527344,2.989820718765259,0.9658029675483704,0.9197258949279785,0.9786864519119263,5.158838272094727,5.107287883758545,4.224506855010986,nan
5.650,0,103.16191101074219,129.0308837890625,119.31693267822266,202.8126678466797,203.10731506347656,200.80978393554688,0.4514208137989044,0.46905916929244995,0.5118735432624817,46.569435119628906,60.52312088012695,61.07518005371094,-44.976898193359375,-55.66468048095703,-59.77345275878906,5.981623649597168,19.502891540527344,2.989820718765259,0.9658029675483704,0.9197258949279785,0.9786864519119263,5.158838272094727,5.107287883758545,4.224506855010986,nan
5.700,0,103.16191101074219,129.0308837890625,119.31693267822266,202.8126678466797,203.10731506347656,200.80978393554688,0.4514208137989044,0.46905916929244995,0.5118735432624817,46.569435119628906,60.52312088012695,61.07518005371094,-44.976898193359375,-55.66468048095703,-59.77345275878906,5.981623649597168,19.502891540527344,2.989820718765259,0.9658029675483704,0.9197258949279785,0.9786864519119263,5.158838272094727,5.107287883758545,4.224506855010986,nan
5.750,0,103.15110778808594,129.03611755371094,119.29183197021484,202.79428100585938,203.11407470703125,200.77574157714844,0.4440109133720398,0.46781960129737854,0.5073583722114563,45.80021667480469,60.365623474121094,60.52370834350586,-44.26020431518555,-55.520320892333984,-59.39592742919922,6.426140308380127,20.186405181884766,3.038679599761963,0.9663754105567932,0.9197340607643127,0.9813662767410278,5.207316875457764,5.07651948928833,4.225583076477051,nan
5.800,0,103.15110778808594,129.03611755371094,119.29183197021484,202.79428100585938,203.11407470703125,200.77574157714844,0.4440109133720398,0.46781960129737854,0.5073583722114563,45.80021667480469,60.365623474121094,60.52370834350586,-44.26020431518555,-55.520320892333984,-59.39592742919922,6.426140308380127,20.186405181884766,3.038679599761963,0.9663754105567932,0.9197340607643127,0.9813662767410278,5.207316875457764,5.07651948928833,4.225583076477051,nan
5.850,0,103.15110778808594,129.03611755371094,119.29183197021484,202.79428100585938,203.11407470703125,200.77574157714844,0.4440109133720398,0.46781960129737854,0.5073583722114563,45.80021667480469,60.365623474121094,60.52370834350586,-44.26020431518555,-55.520320892333984,-59.39592742919922,6.426140308380127,20.186405181884766,3.038679599761963,0.9663754105567932,0.9197340607643127,0.9813662767410278,5.207316875457764,5.07651948928833,4.225583076477051,nan
5.900,0,103.15110778808594,129.03611755371094,119.29183197021484,202.79428100585938,203.11407470703125,200.77574157714844,0.4440109133720398,0.46781960129737854,0.5073583722114563,45.80021667480469,60.365623474121094,60.52370834350586,-44.26020431518555,-55.520320892333984,-59.39592742919922,6.426140308380127,20.186405181884766,3.038679599761963,0.9663754105567932,0.9197340607643127,0.9813662767410278,5.207316875457764,5.07651948928833,4.225583076477051,nan
5.950,0,103.1175537109375,128.98977661132812,119.250244140625,202.7424774169922,203.0214080810547,200.70443725585938,0.44087719917297363,0.4585683047771454,0.5008496642112732,45.46217727661133,59.1506233215332,59.726444244384766,-43.937103271484375,-54.352596282958984,-58.539485931396484,6.22108268737793,19.693737030029297,3.4348859786987305,0.966454029083252,0.9188845753669739,0.9801267385482788,5.185705661773682,5.112449645996094,4.188248157501221,nan
6.000,0,103.1175537109375,128.98977661132812,119.250244140625,202.7424774169922,203.0214080810547,200.70443725585938,0.44087719917297363,0.4585683047771454,0.5008496642112732,45.46217727661133,59.1506233215332,59.726444244384766,-43.937103271484375,-54.352596282958984,-58.539485931396484,6.22108268737793,19.693737030029297,3.4348859786987305,0.966454029083252,0.9188845753669739,0.9801267385482788,5.185705661773682,5.112449645996094,4.188248157501221,nan
6.050,0,103.1175537109375,128.98977661132812,119.250244140625,202.7424774169922,203.0214080810547,200.70443725585938,0.44087719917297363,0.4585683047771454,0.5008496642112732,45.46217727661133,59.1506233215332,59.726444244384766,-43.937103271484375,-54.352596282958984,-58.539485931396484,6.22108268737793,19.693737030029297,3.4348859786987305,0.966454029083252,0.9188845753669739,0.9801267385482788,5.185705661773682,5.112449645996094,4.188248157501221,nan
6.100,0,103.1175537109375,128.98977661132812,119.250244140625,202.7424774169922,203.0214080810547,200.70443725585938,0.44087719917297363,0.4585683047771454,0.5008496642112732,45.46217727661133,59.1506233215332,59.726444244384766,-43.937103271484375,-54.352596282958984,-58.539485931396484,6.22108268737793,19.693737030029297,3.4348859786987305,0.966454029083252,0.9188845753669739,0.9801267385482788,5.185705661773682,5.112449645996094,4.188248157501221,nan
6.150,0,103.16741180419922,128.9921417236328,119.28146362304688,202.7682342529297,203.0984649658203,200.76095581054688,0.4448946416378021,0.46440014243125916,0.506594717502594,45.89862823486328,59.903968811035156,60.42736053466797,-44.380287170410156,-55.168949127197266,-59.204185485839844,5.8785319328308105,19.422073364257812,2.8107314109802246,0.9669196605682373,0.9209564924240112,0.9797579050064087,5.234475135803223,5.1058783531188965,4.274120807647705,nan
6.200,0,103.16741180419922,128.9921417236328,119.28146362304688,202.7682342529297,203.0984649658203,200.76095581054688,0.4448946416378021,0.46440014243125916,0.506594717502594,45.89862823486328,59.903968811035156,60.42736053466797,-44.380287170410156,-55.168949127197266,-59.204185485839844,5.8785319328308105,19.422073364257812,2.8107314109802246,0.9669196605682373,0.9209564924240112,0.9797579050064087,5.234475135803223,5.1058783531188965,4.274120807647705,nan
6.250,0,103.16741180419922,128.9921417236328,119.28146362304688,202.7682342529297,203.0984649658203,200.76095581054688,0.4448946416378021,0.46440014243125916,0.506594717502594,45.89862823486328,59.903968811035156,60.42736053466797,-44.380287170410156,-55.168949127197266,-59.204185485839844,5.8785319328308105,19.422073364257812,2.8107314109802246,0.9669196605682373,0.9209564924240112,0.9797579050064087,5.234475135803223,5.1058783531188965,4.274120807647705,nan
6.300,0,103.16741180419922,128.9921417236328,119.28146362304688,202.7682342529297,203.0984649658203,200.76095581054688,0.4448946416378021,0.46440014243125916,0.506594717502594,45.89862823486328,59.903968811035156,60.42736053466797,-44.380287170410156,-55.168949127197266,-59.204185485839844,5.8785319328308105,19.422073364257812,2.8107314109802246,0.9669196605682373,0.9209564924240112,0.9797579050064087,5.234475135803223,5.1058783531188965,4.274120807647705,nan
6.350,0,103.07498931884766,128.9774932861328,119.29121398925781,202.6760711669922,203.0389862060547,200.7266082763672,0.4429945945739746,0.459136039018631,0.5035462975502014,45.66166305541992,59.21821594238281,60.06864929199219,-44.246238708496094,-54.589569091796875,-58.93983459472656,5.695125579833984,19.21230125427246,2.9723875522613525,0.9690018892288208,0.9218374490737915,0.9812079071998596,5.172430515289307,5.092809200286865,4.1929612159729,nan
6.400,0,103.07498931884766,128.9774932861328,119.29121398925781,202.6760711669922,203.0389862060547,200.7266082763672,0.4429945945739746,0.459136039018631,0.5035462975502014,45.66166305541992,59.21821594238281,60.06864929199219,-44.246238708496094,-54.589569091796875,-58.93983459472656,5.695125579833984,19.21230125427246,2.9723875522613525,0.9690018892288208,0.9218374490737915,0.9812079071998596,5.172430515289307,5.092809200286865,4.1929612159729,nan
6.450,0,103.07498931884766,128.9774932861328,119.29121398925781,202.6760711669922,203.0389862060547,200.7266082763672,0.4429945945739746,0.459136039018631,0.5035462975502014,45.66166305541992,59.21821594238281,60.06864929199219,-44.246238708496094,-54.589569091796875,-58.93983459472656,5.695125579833984,19.21230125427246,2.9723875522613525,0.9690018892288208,0.9218374490737915,0.9812079071998596,5.172430515289307,5.092809200286865,4.1929612159729,nan
6.500,0,103.07498931884766,128.9774932861328,119.29121398925781,202.6760711669922,203.0389862060547,200.7266082763672,0.4429945945739746,0.459136039018631,0.5035462975502014,45.66166305541992,59.21821594238281,60.06864929199219,-44.246238708496094,-54.589569091796875,-58.93983459472656,5.695125579833984,19.21230125427246,2.9723875522613525,0.9690018892288208,0.9218374490737915,0.9812079071998596,5.172430515289307,5.092809200286865,4.1929612159729,nan
6.550,0,103.14408111572266,128.99716186523438,119.29666137695312,202.72669982910156,203.11907958984375,200.77188110351562,0.448422372341156,0.46834537386894226,0.5095059871673584,46.252113342285156,60.41522216796875,60.78236389160156,-44.652610778808594,-55.36425018310547,-59.59294891357422,7.140985012054443,20.83664321899414,4.258632659912109,0.965417742729187,0.9163957238197327,0.9804315567016602,5.177353382110596,5.0774922370910645,4.204462051391602,nan
6.600,0,103.14408111572266,128.99716186523438,119.29666137695312,202.72669982910156,203.11907958984375,200.77188110351562,0.448422372341156,0.46834537386894226,0.5095059871673584,46.252113342285156,60.41522216796875,60.78236389160156,-44.652610778808594,-55.36425018310547,-59.59294891357422,7.140985012054443,20.83664321899414,4.258632659912109,0.965417742729187,0.9163957238197327,0.9804315567016602,5.177353382110596,5.0774922370910645,4.204462051391602,nan
6.650,0,103.14408111572266,128.99716186523438,119.29666137695312,202.72669982910156,203.11907958984375,200.77188110351562,0.448422372341156,0.46834537386894226,0.5095059871673584,46.252113342285156,60.41522216796875,60.78236389160156,-44.652610778808594,-55.36425018310547,-59.59294891357422,7.140985012054443,20.83664321899414,4.258632659912109,0.965417742729187,0.9163957238197327,0.9804315567016602,5.177353382110596,5.0774922370910645,4.204462051391602,nan
6.700,0,103.14408111572266,128.99716186523438,119.29666137695312,202.72669982910156,203.11907958984375,200.77188110351562,0.448422372341156,0.46834537386894226,0.5095059871673584,46.252113342285156,60.41522216796875,60.78236389160156,-44.652610778808594,-55.36425018310547,-59.59294891357422,7.140985012054443,20.83664321899414,4.258632659912109,0.965417742729187,0.9163957238197327,0.9804315567016602,5.177353382110596,5.0774922370910645,4.204462051391602,nan
6.750,0,103.15023803710938,129.0293731689453,119.33113098144531,202.79345703125,203.12144470214844,200.81939697265625,0.4469265937805176,0.4604751169681549,0.5047625303268433,46.1005859375,59.41481399536133,60.233882904052734,-44.70695495605469,-55.03112030029297,-59.06951141357422,5.300098896026611,18.425764083862305,2.477830648422241,0.9697697758674622,0.9262188673019409,0.9806691408157349,5.149603843688965,5.048120021820068,4.147830009460449,nan
6.800,0,103.15023803710938,129.0293731689453,119.33113098144531,202.79345703125,203.12144470214844,200.81939697265625,0.4469265937805176,0.4604751169681549,0.5047625303268433,46.1005859375,59.41481399536133,60.233882904052734,-44.70695495605469,-55.03112030029297,-59.06951141357422,5.300098896026611,18.425764083862305,2.477830648422241,0.9697697758674622,0.9262188673019409,0.9806691408157349,5.149603843688965,5.048120021820068,4.147830009460449,nan
6.850,0,103.15023803710938,129.0293731689453,119.33113098144531,202.79345703125,203.12144470214844,200.81939697265625,0.4469265937805176,0.4604751169681549,0.5047625303268433,46.1005859375,59.41481399536133,60.233882904052734,-44.70695495605469,-55.03112030029297,-59.06951141357422,5.300098896026611,18.425764083862305,2.477830648422241,0.9697697758674622,0.9262188673019409,0.9806691408157349,5.149603843688965,5.048120021820068,4.147830009460449,nan
6.900,0,103.15023803710938,129.0293731689453,119.33113098144531,202.79345703125,203.12144470214844,200.81939697265625,0.4469265937805176,0.4604751169681549,0.5047625303268433,46.1005859375,59.41481399536133,60.233882904052734,-44.70695495605469,-55.03112030029297,-59.06951141357422,5.300098896026611,18.425764083862305,2.477830648422241,0.9697697758674622,0.9262188673019409,0.9806691408157349,5.149603843688965,5.048120021820068,4.147830009460449,nan
6.950,0,103.12854766845703,128.97518920898438,119.26718139648438,202.70553588867188,203.09059143066406,200.71290588378906,0.43672141432762146,0.45807355642318726,0.5003259181976318,45.03844451904297,59.08012390136719,59.672462463378906,-43.42763137817383,-53.96896743774414,-58.39894104003906,6.379779815673828,20.22184944152832,3.6305644512176514,0.9642347097396851,0.9134877324104309,0.978658139705658,5.169221878051758,5.098701000213623,4.228884696960449,nan
7.000,0,103.12854766845703,128.97518920898438,119.26718139648438,202.70553588867188,203.09059143066406,200.71290588378906,0.43672141432762146,0.45807355642318726,0.5003259181976318,45.03844451904297,59.08012390136719,59.672462463378906,-43.42763137817383,-53.96896743774414,-58.39894104003906,6.379779815673828,20.22184944152832,3.6305644512176514,0.9642347097396851,0.9134877324104309,0.978658139705658,5.169221878051758,5.098701000213623,4.228884696960449,nan
7.050,0,103.12854766845703,128.97518920898438,119.26718139648438,202.70553588867188,203.09059143066406,200.71290588378906,0.43672141432762146,0.45807355642318726,0.5003259181976318,45.03844451904297,59.08012390136719,59.672462463378906,-43.42763137817383,-53.96896743774414,-58.39894104003906,6.379779815673828,20.22184944152832,3.6305644512176514,0.9642347097396851,0.9134877324104309,0.978658139705658,5.169221878051758,5.098701000213623,4.228884696960449,nan
7.100,0,103.12854766845703,128.97518920898438,119.26718139648438,202.70553588867188,203.09059143066406,200.71290588378906,0.43672141432762146,0.45807355642318726,0.5003259181976318,45.03844451904297,59.08012390136719,59.672462463378906,-43.42763137817383,-53.96896743774414,-58.39894104003906,6.379779815673828,20.22184944152832,3.6305644512176514,0.9642347097396851,0.9134877324104309,0.978658139705658,5.169221878051758,5.098701000213623,4.228884696960449,nan
7.150,0,103.22162628173828,129.11521911621094,119.42180633544922,202.938232421875,203.26739501953125,200.9586944580078,0.45231062173843384,0.4670126736164093,0.512887179851532,46.688236236572266,60.29844284057617,61.24991226196289,-45.25477981567383,-55.627174377441406,-60.07450866699219,5.8694376945495605,19.510635375976562,3.204787492752075,0.9692972898483276,0.9225308895111084,0.9808096885681152,5.160216331481934,5.055495738983154,4.14546537399292,nan
7.200,0,103.22162628173828,129.11521911621094,119.42180633544922,202.938232421875,203.26739501953125,200.9586944580078,0.45231062173843384,0.4670126736164093,0.512887179851532,46.688236236572266,60.29844284057617,61.24991226196289,-45.25477981567383,-55.627174377441406,-60.07450866699219,5.8694376945495605,19.510635375976562,3.204787492752075,0.9692972898483276,0.9225308895111084,0.9808096885681152,5.160216331481934,5.055495738983154,4.14546537399292,nan
7.250,0,103.22162628173828,129.11521911621094,119.42180633544922,202.938232421875,203.26739501953125,200.9586944580078,0.45231062173843384,0.4670126736164093,0.512887179851532,46.688236236572266,60.29844284057617,61.24991226196289,-45.25477981567383,-55.627174377441406,-60.07450866699219,5.8694376945495605,19.510635375976562,3.204787492752075,0.9692972898483276,0.9225308895111084,0.9808096885681152,5.160216331481934,5.055495738983154,4.14546537399292,nan
7.300,0,103.22162628173828,129.11521911621094,119.42180633544922,202.938232421875,203.26739501953125,200.9586944580078,0.45231062173843384,0.4670126736164093,0.512887179851532,46.688236236572266,60.29844284057617,61.24991226196289,-45.25477981567383,-55.627174377441406,-60.07450866699219,5.8694376945495605,19.510635375976562,3.204787492752075,0.9692972898483276,0.9225308895111084,0.9808096885681152,5.160216331481934,5.055495738983154,4.14546537399292,nan
7.350,0,103.21100616455078,129.10838317871094,119.35841369628906,202.89138793945312,203.2566375732422,200.8829803466797,0.4442532956600189,0.46570485830307007,0.506716251373291,45.851829528808594,60.126399993896484,60.4808464050293,-44.294166564941406,-55.212501525878906,-59.267906188964844,6.301207065582275,19.96976661682129,3.194768190383911,0.9660283327102661,0.9182738661766052,0.9799450635910034,5.170772552490234,5.083832740783691,4.173644542694092,nan
7.400,0,103.21100616455078,129.10838317871094,119.35841369628906,202.89138793945312,203.2566375732422,200.8829803466797,0.4442532956600189,0.46570485830307007,0.506716251373291,45.851829528808594,60.126399993896484,60.4808464050293,-44.294166564941406,-55.212501525878906,-59.267906188964844,6.301207065582275,19.96976661682129,3.194768190383911,0.9660283327102661,0.9182738661766052,0.9799450635910034,5.170772552490234,5.083832740783691,4.173644542694092,nan
7.450,0,103.21100616455078,129.10838317871094,119.35841369628906,202.89138793945312,203.2566375732422,200.8829803466797,0.4442532956600189,0.46570485830307007,0.506716251373291,45.851829528808594,60.126399993896484,60.4808464050293,-44.294166564941406,-55.212501525878906,-59.267906188964844,6.301207065582275,19.96976661682129,3.194768190383911,0.9660283327102661,0.9182738661766052,0.9799450635910034,5.170772552490234,5.083832740783691,4.173644542694092,nan
7.500,0,103.21100616455078,129.10838317871094,119.35841369628906,202.89138793945312,203.2566375732422,200.8829803466797,0.4442532956600189,0.46570485830307007,0.506716251373291,45.851829528808594,60.126399993896484,60.4808464050293,-44.294166564941406,-55.212501525878906,-59.267906188964844,6.301207065582275,19.96976661682129,3.194768190383911,0.9660283327102661,0.9182738661766052,0.9799450635910034,5.170772552490234,5.083832740783691,4.173644542694092,nan
7.550,0,103.19722747802734,129.0299072265625,119.34957122802734,202.83615112304688,203.1443328857422,200.87060546875,0.4404655992984772,0.45835936069488525,0.5009375214576721,45.454830169677734,59.142066955566406,59.786678314208984,-43.982200622558594,-54.408809661865234,-58.63883590698242,6.167428970336914,19.66180419921875,3.3739819526672363,0.9676023721694946,0.9199680089950562,0.9808010458946228,5.185763359069824,5.052592754364014,4.165441036224365,nan
7.600,0,103.19722747802734,129.0299072265625,119.34957122802734,202.83615112304688,203.1443328857422,200.87060546875,0.4404655992984772,0.45835936069488525,0.5009375214576721,45.454830169677734,59.142066955566406,59.786678314208984,-43.982200622558594,-54.408809661865234,-58.63883590698242,6.167428970336914,19.66180419921875,3.3739819526672363,0.9676023721694946,0.9199680089950562,0.9808010458946228,5.185763359069824,5.052592754364014,4.165441036224365,nan
7.650,0,103.19722747802734,129.0299072265625,119.34957122802734,202.83615112304688,203.1443328857422,200.87060546875,0.4404655992984772,0.45835936069488525,0.5009375214576721,45.454830169677734,59.142066955566406,59.786678314208984,-43.982200622558594,-54.408809661865234,-58.63883590698242,6.167428970336914,19.66180419921875,3.3739819526672363,0.9676023721694946,0.9199680089950562,0.9808010458946228,5.185763359069824,5.052592754364014,4.165441036224365,nan
7.700,0,103.19722747802734,129.0299072265625,119.34957122802734,202.83615112304688,203.1443328857422,200.87060546875,0.4404655992984772,0.45835936069488525,0.5009375214576721,45.454830169677734,59.142066955566406,59.786678314208984,-43.982200622558594,-54.408809661865234,-58.63883590698242,6.167428970336914,19.66180419921875,3.3739819526672363,0.9676023721694946,0.9199680089950562,0.9808010458946228,5.185763359069824,5.052592754364014,4.165441036224365,nan
7.750,0,103.23806762695312,129.03598022460938,119.36593627929688,202.84999084472656,203.1776885986328,200.9324951171875,0.44357001781463623,0.46153905987739563,0.5024412870407104,45.793312072753906,59.555145263671875,59.97437286376953,-44.34425354003906,-54.975257873535156,-58.858680725097656,5.902223587036133,19.11800193786621,2.8250303268432617,0.9683565497398376,0.9230983853340149,0.9813972115516663,5.087559223175049,5.055256366729736,4.127155303955078,nan
7.800,0,103.23806762695312,129.03598022460938,119.36593627929688,202.84999084472656,203.1776885986328,200.9324951171875,0.44357001781463623,0.46153905987739563,0.5024412870407104,45.793312072753906,59.555145263671875,59.97437286376953,-44.34425354003906,-54.975257873535156,-58.858680725097656,5.902223587036133,19.11800193786621,2.8250303268432617,0.9683565497398376,0.9230983853340149,0.9813972115516663,5.087559223175049,5.055256366729736,4.127155303955078,nan
7.850,0,103.23806762695312,129.03598022460938,119.36593627929688,202.84999084472656,203.1776885986328,200.9324951171875,0.44357001781463623,0.46153905987739563,0.5024412870407104,45.793312072753906,59.555145263671875,59.97437286376953,-44.34425354003906,-54.975257873535156,-58.858680725097656,5.902223587036133,19.11800193786621,2.8250303268432617,0.9683565497398376,0.9230983853340149,0.9813972115516663,5.087559223175049,5.055256366729736,4.127155303955078,nan
7.900,0,103.23806762695312,129.03598022460938,119.36593627929688,202.84999084472656,203.1776885986328,200.9324951171875,0.44357001781463623,0.46153905987739563,0.5024412870407104,45.793312072753906,59.555145263671875,59.97437286376953,-44.34425354003906,-54.975257873535156,-58.858680725097656,5.902223587036133,19.11800193786621,2.8250303268432617,0.9683565497398376,0.9230983853340149,0.9813972115516663,5.087559223175049,5.055256366729736,4.127155303955078,nan
7.950,0,103.18639373779297,129.0595245361328,119.40189361572266,202.83352661132812,203.21533203125,200.92156982421875,0.44370511174201965,0.4579029381275177,0.5045945048332214,45.78432846069336,59.096736907958984,60.24953842163086,-44.366641998291016,-54.4473991394043,-59.09048080444336,5.636066436767578,19.270238876342773,3.189415216445923,0.9690355658531189,0.9213266372680664,0.9807623624801636,5.204021453857422,5.100950241088867,4.2057695388793945,nan
8.000,0,103.18639373779297,129.0595245361328,119.40189361572266,202.83352661132812,203.21533203125,200.92156982421875,0.44370511174201965,0.4579029381275177,0.5045945048332214,45.78432846069336,59.096736907958984,60.24953842163086,-44.366641998291016,-54.4473991394043,-59.09048080444336,5.636066436767578,19.270238876342773,3.189415216445923,0.9690355658531189,0.9213266372680664,0.9807623624801636,5.204021453857422,5.100950241088867,4.2057695388793945,nan
8.050,0,103.18639373779297,129.0595245361328,119.40189361572266,202.83352661132812,203.21533203125,200.92156982421875,0.44370511174201965,0.4579029381275177,0.5045945048332214,45.78432846069336,59.096736907958984,60.24953842163086,-44.366641998291016,-54.4473991394043,-59.09048080444336,5.636066436767578,19.270238876342773,3.189415216445923,0.9690355658531189,0.9213266372680664,0.9807623624801636,5.204021453857422,5.100950241088867,4.2057695388793945,nan
8.100,0,103.18639373779297,129.0595245361328,119.40189361572266,202.83352661132812,203.21533203125,200.92156982421875,0.44370511174201965,0.4579029381275177,0.5045945048332214,45.78432846069336,59.096736907958984,60.24953842163086,-44.366641998291016,-54.4473991394043,-59.09048080444336,5.636066436767578,19.270238876342773,3.189415216445923,0.9690355658531189,0.9213266372680664,0.9807623624801636,5.204021453857422,5.100950241088867,4.2057695388793945,nan
8.150,0,103.2005844116211,129.08795166015625,119.37610626220703,202.86825561523438,203.25997924804688,200.8855743408203,0.44697386026382446,0.46914252638816833,0.5093738436698914,46.12796401977539,60.560646057128906,60.80706787109375,-44.563106536865234,-55.520328521728516,-59.66233444213867,7.20225191116333,21.005870819091797,4.140587329864502,0.9660757184028625,0.9167723655700684,0.9811743497848511,5.161174774169922,5.079517841339111,4.150081157684326,nan
8.200,0,103.2005844116211,129.08795166015625,119.37610626220703,202.86825561523438,203.25997924804688,200.8855743408203,0.44697386026382446,0.46914252638816833,0.5093738436698914,46.12796401977539,60.560646057128906,60.80706787109375,-44.563106536865234,-55.520328521728516,-59.66233444213867,7.20225191116333,21.005870819091797,4.140587329864502,0.9660757184028625,0.9167723655700684,0.9811743497848511,5.161174774169922,5.079517841339111,4.150081157684326,nan
8.250,0,103.2005844116211,129.08795166015625,119.37610626220703,202.86825561523438,203.25997924804688,200.8855743408203,0.44697386026382446,0.46914252638816833,0.5093738436698914,46.12796401977539,60.560646057128906,60.80706787109375,-44.563106536865234,-55.520328521728516,-59.66233444213867,7.20225191116333,21.005870819091797,4.140587329864502,0.9660757184028625,0.9167723655700684,0.9811743497848511,5.161174774169922,5.079517841339111,4.150081157684326,nan
8.300,0,103.2005844116211,129.08795166015625,119.37610626220703,202.86825561523438,203.25997924804688,200.8855743408203,0.44697386026382446,0.46914252638816833,0.5093738436698914,46.12796401977539,60.560646057128906,60.80706787109375,-44.563106536865234,-55.520328521728516,-59.66233444213867,7.20225191116333,21.005870819091797,4.140587329864502,0.9660757184028625,0.9167723655700684,0.9811743497848511,5.161174774169922,5.079517841339111,4.150081157684326,nan
8.350,0,103.19414520263672,129.0615997314453,119.3937759399414,202.83261108398438,203.22830200195312,200.9168243408203,0.4455920159816742,0.45812419056892395,0.50523442029953,45.982486724853516,59.12623977661133,60.32184600830078,-44.61286163330078,-54.770957946777344,-59.194236755371094,5.104608058929443,18.50302505493164,2.507654905319214,0.9702141880989075,0.9263392686843872,0.981306791305542,5.1710405349731445,5.059624671936035,4.202979564666748,nan
8.400,0,103.19414520263672,129.0615997314453,119.3937759399414,202.83261108398438,203.22830200195312,200.9168243408203,0.4455920159816742,0.45812419056892395,0.50523442029953,45.982486724853516,59.12623977661133,60.32184600830078,-44.61286163330078,-54.770957946777344,-59.194236755371094,5.104608058929443,18.50302505493164,2.507654905319214,0.9702141880989075,0.9263392686843872,0.981306791305542,5.1710405349731445,5.059624671936035,4.202979564666748,nan
8.450,0,103.19414520263672,129.0615997314453,119.3937759399414,202.83261108398438,203.22830200195312,200.9168243408203,0.4455920159816742,0.45812419056892395,0.50523442029953,45.982486724853516,59.12623977661133,60.32184600830078,-44.61286163330078,-54.770957946777344,-59.194236755371094,5.104608058929443,18.50302505493164,2.507654905319214,0.9702141880989075,0.9263392686843872,0.981306791305542,5.1710405349731445,5.059624671936035,4.202979564666748,nan
8.500,0,103.19414520263672,129.0615997314453,119.3937759399414,202.83261108398438,203.22830200195312,200.9168243408203,0.4455920159816742,0.45812419056892395,0.50523442029953,45.982486724853516,59.12623977661133,60.32184600830078,-44.61286163330078,-54.770957946777344,-59.194236755371094,5.104608058929443,18.50302505493164,2.507654905319214,0.9702141880989075,0.9263392686843872,0.981306791305542,5.1710405349731445,5.059624671936035,4.202979564666748,nan
8.550,0,103.14212799072266,128.99050903320312,119.31425476074219,202.728515625,203.1339111328125,200.77809143066406,0.4375811517238617,0.45861536264419556,0.4991580545902252,45.133052825927734,59.15702819824219,59.556671142578125,-43.56916046142578,-54.20616149902344,-58.34689712524414,6.3806023597717285,19.928638458251953,3.451711893081665,0.9653493165969849,0.9163097739219666,0.9796870350837708,5.157064914703369,5.069713115692139,4.136174201965332,nan
8.600,0,103.14212799072266,128.99050903320312,119.31425476074219,202.728515625,203.1339111328125,200.77809143066406,0.4375811517238617,0.45861536264419556,0.4991580545902252,45.133052825927734,59.15702819824219,59.556671142578125,-43.56916046142578,-54.20616149902344,-58.34689712524414,6.3806023597717285,19.928638458251953,3.451711893081665,0.9653493165969849,0.9163097739219666,0.9796870350837708,5.157064914703369,5.069713115692139,4.136174201965332,nan
8.650,0,103.14212799072266,128.99050903320312,119.31425476074219,202.728515625,203.1339111328125,200.77809143066406,0.4375811517238617,0.45861536264419556,0.4991580545902252,45.133052825927734,59.15702819824219,59.556671142578125,-43.56916046142578,-54.20616149902344,-58.34689712524414,6.3806023597717285,19.928638458251953,3.451711893081665,0.9653493165969849,0.9163097739219666,0.9796870350837708,5.157064914703369,5.069713115692139,4.136174201965332,nan
8.700,0,103.14212799072266,128.99050903320312,119.31425476074219,202.728515625,203.1339111328125,200.77809143066406,0.4375811517238617,0.45861536264419556,0.4991580545902252,45.133052825927734,59.15702819824219,59.556671142578125,-43.56916046142578,-54.20616149902344,-58.34689712524414,6.3806023597717285,19.928638458251953,3.451711893081665,0.9653493165969849,0.9163097739219666,0.9796870350837708,5.157064914703369,5.069713115692139,4.136174201965332,nan
8.750,0,103.20935821533203,129.06851196289062,119.41575622558594,202.85728454589844,203.2348175048828,200.95555114746094,0.4506138265132904,0.4657473862171173,0.5105119943618774,46.507564544677734,60.11332321166992,60.96317672729492,-45.110496520996094,-55.50117874145508,-59.85649490356445,5.965567588806152,19.496763229370117,3.234365224838257,0.9699603915214539,0.9232758283615112,0.9818466901779175,5.133612632751465,5.061036109924316,4.181288719177246,nan
8.800,0,103.20935821533203,129.06851196289062,119.41575622558594,202.85728454589844,203.2348175048828,200.95555114746094,0.4506138265132904,0.4657473862171173,0.5105119943618774,46.507564544677734,60.11332321166992,60.96317672729492,-45.110496520996094,-55.50117874145508,-59.85649490356445,5.965567588806152,19.496763229370117,3.234365224838257,0.9699603915214539,0.9232758283615112,0.9818466901779175,5.133612632751465,5.061036109924316,4.181288719177246,nan
8.850,0,103.20935821533203,129.06851196289062,119.41575622558594,202.85728454589844,203.2348175048828,200.95555114746094,0.4506138265132904,0.4657473862171173,0.5105119943618774,46.507564544677734,60.11332321166992,60.96317672729492,-45.110496520996094,-55.50117874145508,-59.85649490356445,5.965567588806152,19.496763229370117,3.234365224838257,0.9699603915214539,0.9232758283615112,0.9818466901779175,5.133612632751465,5.061036109924316,4.181288719177246,nan
8.900,0,103.19812774658203,129.0851287841797,119.35420989990234,202.8803253173828,203.21470642089844,200.8671875,0.4439799189567566,0.4638480544090271,0.5051352381706238,45.81789779663086,59.875885009765625,60.290016174316406,-44.31624984741211,-55.141090393066406,-59.134971618652344,6.159560203552246,19.69080352783203,3.058264970779419,0.9672257304191589,0.9209231734275818,0.980841875076294,5.212095737457275,5.066281795501709,4.163023948669434,nan
8.950,0,103.19812774658203,129.0851287841797,119.35420989990234,202.8803253173828,203.21470642089844,200.8671875,0.4439799189567566,0.4638480544090271,0.5051352381706238,45.81789779663086,59.875885009765625,60.290016174316406,-44.31624984741211,-55.141090393066406,-59.134971618652344,6.159560203552246,19.69080352783203,3.058264970779419,0.9672257304191589,0.9209231734275818,0.980841875076294,5.212095737457275,5.066281795501709,4.163023948669434,nan
9.000,0,103.19812774658203,129.0851287841797,119.35420989990234,202.8803253173828,203.21470642089844,200.8671875,0.4439799189567566,0.4638480544090271,0.5051352381706238,45.81789779663086,59.875885009765625,60.290016174316406,-44.31624984741211,-55.141090393066406,-59.134971618652344,6.159560203552246,19.69080352783203,3.058264970779419,0.9672257304191589,0.9209231734275818,0.980841875076294,5.212095737457275,5.066281795501709,4.163023948669434,nan
9.050,0,103.19812774658203,129.0851287841797,119.35420989990234,202.8803253173828,203.21470642089844,200.8671875,0.4439799189567566,0.4638480544090271,0.5051352381706238,45.81789779663086,59.875885009765625,60.290016174316406,-44.31624984741211,-55.141090393066406,-59.134971618652344,6.159560203552246,19.69080352783203,3.058264970779419,0.9672257304191589,0.9209231734275818,0.980841875076294,5.212095737457275,5.066281795501709,4.163023948669434,nan
9.100,0,103.145263671875,129.027099609375,119.31073760986328,202.7738037109375,203.13070678710938,200.78646850585938,0.4417046308517456,0.4590255916118622,0.5027329325675964,45.55974197387695,59.226741790771484,59.98143768310547,-44.01277542114258,-54.42042922973633,-58.74659729003906,6.088512897491455,19.656238555908203,3.3595926761627197,0.9660453200340271,0.9188489317893982,0.9794129729270935,5.149093151092529,5.093811511993408,4.187944412231445,nan
9.150,0,103.145263671875,129.027099609375,119.31073760986328,202.7738037109375,203.13070678710938,200.78646850585938,0.4417046308517456,0.4590255916118622,0.5027329325675964,45.55974197387695,59.226741790771484,59.98143768310547,-44.01277542114258,-54.42042922973633,-58.74659729003906,6.088512897491455,19.656238555908203,3.3595926761627197,0.9660453200340271,0.9188489317893982,0.9794129729270935,5.149093151092529,5.093811511993408,4.187944412231445,nan
9.200,0,103.145263671875,129.027099609375,119.31073760986328,202.7738037109375,203.13070678710938,200.78646850585938,0.4417046308517456,0.4590255916118622,0.5027329325675964,45.55974197387695,59.226741790771484,59.98143768310547,-44.01277542114258,-54.42042922973633,-58.74659729003906,6.088512897491455,19.656238555908203,3.3595926761627197,0.9660453200340271,0.9188489317893982,0.9794129729270935,5.149093151092529,5.093811511993408,4.187944412231445,nan
9.250,0,103.145263671875,129.027099609375,119.31073760986328,202.7738037109375,203.13070678710938,200.78646850585938,0.4417046308517456,0.4590255916118622,0.5027329325675964,45.55974197387695,59.226741790771484,59.98143768310547,-44.01277542114258,-54.42042922973633,-58.74659729003906,6.088512897491455,19.656238555908203,3.3595926761627197,0.9660453200340271,0.9188489317893982,0.9794129729270935,5.149093151092529,5.093811511993408,4.187944412231445,nan
9.300,0,103.1890869140625,129.0253448486328,119.33290100097656,202.81845092773438,203.1713104248047,200.82398986816406,0.44476768374443054,0.46401727199554443,0.5060896873474121,45.895172119140625,59.86998748779297,60.393150329589844,-44.308589935302734,-55.05807876586914,-59.14542770385742,5.903101444244385,19.46539306640625,2.877418041229248,0.9654303193092346,0.9196273684501648,0.9793400168418884,5.19941520690918,5.073465347290039,4.190938472747803,nan
9.350,0,103.1890869140625,129.0253448486328,119.33290100097656,202.81845092773438,203.1713104248047,200.82398986816406,0.44476768374443054,0.46401727199554443,0.5060896873474121,45.895172119140625,59.86998748779297,60.393150329589844,-44.308589935302734,-55.05807876586914,-59.14542770385742,5.903101444244385,19.46539306640625,2.877418041229248,0.9654303193092346,0.9196273684501648,0.9793400168418884,5.19941520690918,5.073465347290039,4.190938472747803,nan
9.400,0,103.1890869140625,129.0253448486328,119.33290100097656,202.81845092773438,203.1713104248047,200.82398986816406,0.44476768374443054,0.46401727199554443,0.5060896873474121,45.895172119140625,59.86998748779297,60.393150329589844,-44.308589935302734,-55.05807876586914,-59.14542770385742,5.903101444244385,19.46539306640625,2.877418041229248,0.9654303193092346,0.9196273684501648,0.9793400168418884,5.19941520690918,5.073465347290039,4.190938472747803,nan
9.450,0,103.1890869140625,129.0253448486328,119.33290100097656,202.81845092773438,203.1713104248047,200.82398986816406,0.44476768374443054,0.46401727199554443,0.5060896873474121,45.895172119140625,59.86998748779297,60.393150329589844,-44.308589935302734,-55.05807876586914,-59.14542770385742,5.903101444244385,19.46539306640625,2.877418041229248,0.9654303193092346,0.9196273684501648,0.9793400168418884,5.19941520690918,5.073465347290039,4.190938472747803,nan
9.500,4,103.13816833496094,129.01193237304688,119.32669067382812,202.7567596435547,203.0801544189453,200.82644653320312,0.44504550099372864,0.46109503507614136,0.5034475922584534,45.90117645263672,59.48676300048828,60.07473373413086,-44.414608001708984,-54.84212875366211,-58.885921478271484,5.935915946960449,19.182918548583984,3.053018569946289,0.967613697052002,0.9219215512275696,0.9802111387252808,5.114459037780762,5.077579498291016,4.1535964012146,nan
9.550,4,103.13816833496094,129.01193237304688,119.32669067382812,202.7567596435547,203.0801544189453,200.82644653320312,0.44504550099372864,0.46109503507614136,0.5034475922584534,45.90117645263672,59.48676300048828,60.07473373413086,-44.414608001708984,-54.84212875366211,-58.885921478271484,5.935915946960449,19.182918548583984,3.053018569946289,0.967613697052002,0.9219215512275696,0.9802111387252808,5.114459037780762,5.077579498291016,4.1535964012146,nan
9.600,4,103.13816833496094,129.01193237304688,119.32669067382812,202.7567596435547,203.0801544189453,200.82644653320312,0.44504550099372864,0.46109503507614136,0.5034475922584534,45.90117645263672,59.48676300048828,60.07473373413086,-44.414608001708984,-54.84212875366211,-58.885921478271484,5.935915946960449,19.182918548583984,3.053018569946289,0.967613697052002,0.9219215512275696,0.9802111387252808,5.114459037780762,5.077579498291016,4.1535964012146,nan
9.650,4,103.13816833496094,129.01193237304688,119.32669067382812,202.7567596435547,203.0801544189453,200.82644653320312,0.44504550099372864,0.46109503507614136,0.5034475922584534,45.90117645263672,59.48676300048828,60.07473373413086,-44.414608001708984,-54.84212875366211,-58.885921478271484,5.935915946960449,19.182918548583984,3.053018569946289,0.967613697052002,0.9219215512275696,0.9802111387252808,5.114459037780762,5.077579498291016,4.1535964012146,nan
9.700,4,99.70098114013672,125.44854736328125,115.04754638671875,196.29507446289062,196.17156982421875,194.1154327392578,1.9760805368423462,1.8954397439956665,1.9258275032043457,197.0171661376953,237.78016662597656,221.5617218017578,-11.47022533416748,-14.410079956054688,-35.78672790527344,96.74239349365234,128.10977172851562,104.69560241699219,0.05821942165493965,0.06060253083705902,0.1615203619003296,5.562397003173828,5.511354446411133,4.578856945037842,nan
9.750,4,99.70098114013672,125.44854736328125,115.04754638671875,196.29507446289062,196.17156982421875,194.1154327392578,1.9760805368423462,1.8954397439956665,1.9258275032043457,197.0171661376953,237.78016662597656,221.5617218017578,-11.47022533416748,-14.410079956054688,-35.78672790527344,96.74239349365234,128.10977172851562,104.69560241699219,0.05821942165493965,0.06060253083705902,0.1615203619003296,5.562397003173828,5.511354446411133,4.578856945037842,nan
9.800,4,99.70098114013672,125.44854736328125,115.04754638671875,196.29507446289062,196.17156982421875,194.1154327392578,1.9760805368423462,1.8954397439956665,1.9258275032043457,197.0171661376953,237.78016662597656,221.5617218017578,-11.47022533416748,-14.410079956054688,-35.78672790527344,96.74239349365234,128.10977172851562,104.69560241699219,0.05821942165493965,0.06060253083705902,0.1615203619003296,5.562397003173828,5.511354446411133,4.578856945037842,nan
9.850,4,99.70098114013672,125.44854736328125,115.04754638671875,196.29507446289062,196.17156982421875,194.1154327392578,1.9760805368423462,1.8954397439956665,1.9258275032043457,197.0171661376953,237.78016662597656,221.5617218017578,-11.47022533416748,-14.410079956054688,-35.78672790527344,96.74239349365234,128.10977172851562,104.69560241699219,0.05821942165493965,0.06060253083705902,0.1615203619003296,5.562397003173828,5.511354446411133,4.578856945037842,nan
9.900,4,89.4858627319336,118.66361999511719,105.75618743896484,180.92698669433594,180.1929931640625,179.17933654785156,3.3755810260772705,3.450745105743408,3.430461883544922,302.0667724609375,409.4779052734375,362.7925720214844,61.026397705078125,85.34514617919922,-13.64951229095459,295.1417541503906,399.7868347167969,362.06195068359375,0.2020294964313507,0.20842429995536804,0.037623461335897446,6.394352912902832,6.305771827697754,5.188572883605957,nan
9.950,4,89.4858627319336,118.66361999511719,105.75618743896484,180.92698669433594,180.1929931640625,179.17933654785156,3.3755810260772705,3.450745105743408,3.430461883544922,302.0667724609375,409.4779052734375,362.7925720214844,61.026397705078125,85.34514617919922,-13.64951229095459,295.1417541503906,399.7868347167969,362.06195068359375,0.2020294964313507,0.20842429995536804,0.037623461335897446,6.394352912902832,6.305771827697754,5.188572883605957,nan
10.000,4,89.4858627319336,118.66361999511719,105.75618743896484,180.92698669433594,180.1929931640625,179.17933654785156,3.3755810260772705,3.450745105743408,3.430461883544922,302.0667724609375,409.4779052734375,362.7925720214844,61.026397705078125,85.34514617919922,-13.64951229095459,295.1417541503906,399.7868347167969,362.06195068359375,0.2020294964313507,0.20842429995536804,0.037623461335897446,6.394352912902832,6.305771827697754,5.188572883605957,nan
10.050,4,89.4858627319336,118.66361999511719,105.75618743896484,180.92698669433594,180.1929931640625,179.17933654785156,3.3755810260772705,3.450745105743408,3.430461883544922,302.0667724609375,409.4779052734375,362.7925720214844,61.026397705078125,85.34514617919922,-13.64951229095459,295.1417541503906,399.7868347167969,362.06195068359375,0.2020294964313507,0.20842429995536804,0.037623461335897446,6.394352912902832,6.305771827697754,5.188572883605957,nan
10.100,4,89.45195007324219,118.65379333496094,105.75865936279297,180.88357543945312,180.18544006347656,179.1567840576172,3.3750486373901367,3.450420379638672,3.430368423461914,301.9046936035156,409.40545654296875,362.7911682128906,61.02504348754883,85.36564636230469,-13.667275428771973,294.99041748046875,399.711181640625,362.06414794921875,0.20213347673416138,0.20851126313209534,0.03767256811261177,6.3506669998168945,6.298618793487549,5.12142276763916,nan
10.150,4,89.45195007324219,118.65379333496094,105.75865936279297,180.88357543945312,180.18544006347656,179.1567840576172,3.3750486373901367,3.450420379638672,3.430368423461914,301.9046936035156,409.40545654296875,362.7911682128906,61.02504348754883,85.36564636230469,-13.667275428771973,294.99041748046875,399.711181640625,362.06414794921875,0.20213347673416138,0.20851126313209534,0.03767256811261177,6.3506669998168945,6.298618793487549,5.12142276763916,nan
10.200,4,89.45195007324219,118.65379333496094,105.75865936279297,180.88357543945312,180.18544006347656,179.1567840576172,3.3750486373901367,3.450420379638672,3.430368423461914,301.9046936035156,409.40545654296875,362.7911682128906,61.02504348754883,85.36564636230469,-13.667275428771973,294.99041748046875,399.711181640625,362.06414794921875,0.20213347673416138,0.20851126313209534,0.03767256811261177,6.3506669998168945,6.298618793487549,5.12142276763916,nan
10.250,4,89.45195007324219,118.65379333496094,105.75865936279297,180.88357543945312,180.18544006347656,179.1567840576172,3.3750486373901367,3.450420379638672,3.430368423461914,301.9046936035156,409.40545654296875,362.7911682128906,61.02504348754883,85.36564636230469,-13.667275428771973,294.99041748046875,399.711181640625,362.06414794921875,0.20213347673416138,0.20851126313209534,0.03767256811261177,6.3506669998168945,6.298618793487549,5.12142276763916,nan
10.300,4,89.3983154296875,118.60497283935547,105.74365234375,180.7677001953125,180.1422119140625,179.11085510253906,3.3735060691833496,3.448948621749878,3.4300413131713867,301.58575439453125,409.0624694824219,362.7051086425781,60.99972915649414,85.31396484375,-13.686860084533691,294.69488525390625,399.3914489746094,361.9817199707031,0.20226329565048218,0.20855975151062012,0.037735503166913986,6.211711883544922,6.241672515869141,5.049509048461914,nan
10.350,4,89.3983154296875,118.60497283935547,105.74365234375,180.7677001953125,180.1422119140625,179.11085510253906,3.3735060691833496,3.448948621749878,3.4300413131713867,301.58575439453125,409.0624694824219,362.7051086425781,60.99972915649414,85.31396484375,-13.686860084533691,294.69488525390625,399.3914489746094,361.9817199707031,0.20226329565048218,0.20855975151062012,0.037735503166913986,6.211711883544922,6.241672515869141,5.049509048461914,nan
10.400,4,89.3983154296875,118.60497283935547,105.74365234375,180.7677001953125,180.1422119140625,179.11085510253906,3.3735060691833496,3.448948621749878,3.4300413131713867,301.58575439453125,409.0624694824219,362.7051086425781,60.99972915649414,85.31396484375,-13.686860084533691,294.69488525390625,399.3914489746094,361.9817199707031,0.20226329565048218,0.20855975151062012,0.037735503166913986,6.211711883544922,6.241672515869141,5.049509048461914,nan
10.450,4,89.3983154296875,118.60497283935547,105.74365234375,180.7677001953125,180.1422119140625,179.11085510253906,3.3735060691833496,3.448948621749878,3.4300413131713867,301.58575439453125,409.0624694824219,362.7051086425781,60.99972915649414,85.31396484375,-13.686860084533691,294.69488525390625,399.3914489746094,361.9817199707031,0.20226329565048218,0.20855975151062012,0.037735503166913986,6.211711883544922,6.241672515869141,5.049509048461914,nan
10.500,4,89.39361572265625,118.61372375488281,105.78156280517578,180.75503540039062,180.19784545898438,179.14317321777344,3.373464822769165,3.449232339859009,3.4312379360198975,301.56622314453125,409.12628173828125,362.9617004394531,61.006771087646484,85.34970092773438,-13.673138618469238,294.67633056640625,399.4444274902344,362.2389221191406,0.20229974389076233,0.2086145579814911,0.03767102211713791,6.224947929382324,6.266940593719482,5.020259857177734,nan
10.550,4,89.39361572265625,118.61372375488281,105.78156280517578,180.75503540039062,180.19784545898438,179.14317321777344,3.373464822769165,3.449232339859009,3.4312379360198975,301.56622314453125,409.12628173828125,362.9617004394531,61.006771087646484,85.34970092773438,-13.673138618469238,294.67633056640625,399.4444274902344,362.2389221191406,0.20229974389076233,0.2086145579814911,0.03767102211713791,6.224947929382324,6.266940593719482,5.020259857177734,nan
10.600,4,89.39361572265625,118.61372375488281,105.78156280517578,180.75503540039062,180.19784545898438,179.14317321777344,3.373464822769165,3.449232339859009,3.4312379360198975,301.56622314453125,409.12628173828125,362.9617004394531,61.006771087646484,85.34970092773438,-13.673138618469238,294.67633056640625,399.4444274902344,362.2389221191406,0.20229974389076233,0.2086145579814911,0.03767102211713791,6.224947929382324,6.266940593719482,5.020259857177734,nan
10.650,4,89.39361572265625,118.61372375488281,105.78156280517578,180.75503540039062,180.19784545898438,179.14317321777344,3.373464822769165,3.449232339859009,3.4312379360198975,301.56622314453125,409.12628173828125,362.9617004394531,61.006771087646484,85.34970092773438,-13.673138618469238,294.67633056640625,399.4444274902344,362.2389221191406,0.20229974389076233,0.2086145579814911,0.03767102211713791,6.224947929382324,6.266940593719482,5.020259857177734,nan
10.700,4,89.42233276367188,118.60099029541016,105.7869644165039,180.7764892578125,180.17587280273438,179.1761016845703,3.3741793632507324,3.4490129947662354,3.431337594985962,301.72698974609375,409.0563659667969,362.99078369140625,61.00618362426758,85.33963775634766,-13.653157234191895,294.837646484375,399.3803405761719,362.2765197753906,0.20219001173973083,0.20862561464309692,0.03761295974254608,6.229484558105469,6.217679500579834,5.004330635070801,nan
10.750,4,89.42233276367188,118.60099029541016,105.7869644165039,180.7764892578125,180.17587280273438,179.1761016845703,3.3741793632507324,3.4490129947662354,3.431337594985962,301.72698974609375,409.0563659667969,362.99078369140625,61.00618362426758,85.33963775634766,-13.653157234191895,294.837646484375,399.3803405761719,362.2765197753906,0.20219001173973083,0.20862561464309692,0.03761295974254608,6.229484558105469,6.217679500579834,5.004330635070801,nan
10.800,4,89.42233276367188,118.60099029541016,105.7869644165039,180.7764892578125,180.17587280273438,179.1761016845703,3.3741793632507324,3.4490129947662354,3.431337594985962,301.72698974609375,409.0563659667969,362.99078369140625,61.00618362426758,85.33963775634766,-13.653157234191895,294.837646484375,399.3803405761719,362.2765197753906,0.20219001173973083,0.20862561464309692,0.03761295974254608,6.229484558105469,6.217679500579834,5.004330635070801,nan
10.850,4,89.42233276367188,118.60099029541016,105.7869644165039,180.7764892578125,180.17587280273438,179.1761016845703,3.3741793632507324,3.4490129947662354,3.431337594985962,301.72698974609375,409.0563659667969,362.99078369140625,61.00618362426758,85.33963775634766,-13.653157234191895,294.837646484375,399.3803405761719,362.2765197753906,0.20219001173973083,0.20862561464309692,0.03761295974254608,6.229484558105469,6.217679500579834,5.004330635070801,nan
10.900,4,89.40119171142578,118.63127136230469,105.7533187866211,180.8008575439453,180.18557739257812,179.10816955566406,3.3735718727111816,3.4497623443603516,3.4303996562957764,301.6013488769531,409.24969482421875,362.7761535644531,60.996402740478516,85.36181640625,-13.672052383422852,294.7047424316406,399.5570068359375,362.05621337890625,0.20224180817604065,0.20858125388622284,0.03768729791045189,6.305272102355957,6.285915374755859,5.015050411224365,nan
10.950,4,89.40119171142578,118.63127136230469,105.7533187866211,180.8008575439453,180.18557739257812,179.10816955566406,3.3735718727111816,3.4497623443603516,3.4303996562957764,301.6013488769531,409.24969482421875,362.7761535644531,60.996402740478516,85.36181640625,-13.672052383422852,294.7047424316406,399.5570068359375,362.05621337890625,0.20224180817604065,0.20858125388622284,0.03768729791045189,6.305272102355957,6.285915374755859,5.015050411224365,nan
11.000,4,89.40119171142578,118.63127136230469,105.7533187866211,180.8008575439453,180.18557739257812,179.10816955566406,3.3735718727111816,3.4497623443603516,3.4303996562957764,301.6013488769531,409.24969482421875,362.7761535644531,60.996402740478516,85.36181640625,-13.672052383422852,294.7047424316406,399.5570068359375,362.05621337890625,0.20224180817604065,0.20858125388622284,0.03768729791045189,6.305272102355957,6.285915374755859,5.015050411224365,nan
11.050,4,89.40119171142578,118.63127136230469,105.7533187866211,180.8008575439453,180.18557739257812,179.10816955566406,3.3735718727111816,3.4497623443603516,3.4303996562957764,301.6013488769531,409.24969482421875,362.7761535644531,60.996402740478516,85.36181640625,-13.672052383422852,294.7047424316406,399.5570068359375,362.05621337890625,0.20224180817604065,0.20858125388622284,0.03768729791045189,6.305272102355957,6.285915374755859,5.015050411224365,nan
11.100,4,89.38504028320312,118.62057495117188,105.74136352539062,180.78594970703125,180.163818359375,179.0780792236328,3.3731281757354736,3.4495127201080322,3.4298720359802246,301.5072021484375,409.1831970214844,362.6793518066406,60.964820861816406,85.36589050292969,-13.676654815673828,294.61236572265625,399.48846435546875,361.96142578125,0.20220021903514862,0.20862510800361633,0.0377100445330143,6.316455364227295,6.276581287384033,5.013092517852783,nan
11.150,4,89.38504028320312,118.62057495117188,105.74136352539062,180.78594970703125,180.163818359375,179.0780792236328,3.3731281757354736,3.4495127201080322,3.4298720359802246,301.5072021484375,409.1831970214844,362.6793518066406,60.964820861816406,85.36589050292969,-13.676654815673828,294.61236572265625,399.48846435546875,361.96142578125,0.20220021903514862,0.20862510800361633,0.0377100445330143,6.316455364227295,6.276581287384033,5.013092517852783,nan
11.200,4,89.38504028320312,118.62057495117188,105.74136352539062,180.78594970703125,180.163818359375,179.0780792236328,3.3731281757354736,3.4495127201080322,3.4298720359802246,301.5072021484375,409.1831970214844,362.6793518066406,60.964820861816406,85.36589050292969,-13.676654815673828,294.61236572265625,399.48846435546875,361.96142578125,0.20220021903514862,0.20862510800361633,0.0377100445330143,6.316455364227295,6.276581287384033,5.013092517852783,nan
11.250,4,89.38504028320312,118.62057495117188,105.74136352539062,180.78594970703125,180.163818359375,179.0780792236328,3.3731281757354736,3.4495127201080322,3.4298720359802246,301.5072021484375,409.1831970214844,362.6793518066406,60.964820861816406,85.36589050292969,-13.676654815673828,294.61236572265625,399.48846435546875,361.96142578125,0.20220021903514862,0.20862510800361633,0.0377100445330143,6.316455364227295,6.276581287384033,5.013092517852783,nan
11.300,4,89.362060546875,118.59793853759766,105.72431182861328,180.74221801757812,180.1217803955078,179.05104064941406,3.3726019859313965,3.448831081390381,3.4293460845947266,301.3826599121094,409.0242614746094,362.56524658203125,60.961849212646484,85.35175323486328,-13.691349029541016,294.4929504394531,399.3439636230469,361.8524169921875,0.2022739052772522,0.20867161452770233,0.037762440741062164,6.244630336761475,6.204516410827637,4.999098300933838,nan
11.350,4,89.362060546875,118.59793853759766,105.72431182861328,180.74221801757812,180.1217803955078,179.05104064941406,3.3726019859313965,3.448831081390381,3.4293460845947266,301.3826599121094,409.0242614746094,362.56524658203125,60.961849212646484,85.35175323486328,-13.691349029541016,294.4929504394531,399.3439636230469,361.8524169921875,0.2022739052772522,0.20867161452770233,0.037762440741062164,6.244630336761475,6.204516410827637,4.999098300933838,nan
11.400,4,89.362060546875,118.59793853759766,105.72431182861328,180.74221801757812,180.1217803955078,179.05104064941406,3.3726019859313965,3.448831081390381,3.4293460845947266,301.3826599121094,409.0242614746094,362.56524658203125,60.961849212646484,85.35175323486328,-13.691349029541016,294.4929504394531,399.3439636230469,361.8524169921875,0.2022739052772522,0.20867161452770233,0.037762440741062164,6.244630336761475,6.204516410827637,4.999098300933838,nan
11.450,4,89.362060546875,118.59793853759766,105.72431182861328,180.74221801757812,180.1217803955078,179.05104064941406,3.3726019859313965,3.448831081390381,3.4293460845947266,301.3826599121094,409.0242614746094,362.56524658203125,60.961849212646484,85.35175323486328,-13.691349029541016,294.4929504394531,399.3439636230469,361.8524169921875,0.2022739052772522,0.20867161452770233,0.037762440741062164,6.244630336761475,6.204516410827637,4.999098300933838,nan
11.500,4,89.37842559814453,118.60155487060547,105.71949768066406,180.76507568359375,180.11026000976562,179.06332397460938,3.3731088638305664,3.4488303661346436,3.4291865825653076,301.483154296875,409.0366516113281,362.5318908691406,60.98112106323242,85.3452377319336,-13.681467056274414,294.5914611816406,399.3555908203125,361.8192138671875,0.20227040350437164,0.20864936709403992,0.03773865848779678,6.248265743255615,6.203808784484863,5.0056915283203125,nan
11.550,4,89.37842559814453,118.60155487060547,105.71949768066406,180.76507568359375,180.11026000976562,179.06332397460938,3.3731088638305664,3.4488303661346436,3.4291865825653076,301.483154296875,409.0366516113281,362.5318908691406,60.98112106323242,85.3452377319336,-13.681467056274414,294.5914611816406,399.3555908203125,361.8192138671875,0.20227040350437164,0.20864936709403992,0.03773865848779678,6.248265743255615,6.203808784484863,5.0056915283203125,nan
11.600,4,89.37842559814453,118.60155487060547,105.71949768066406,180.76507568359375,180.11026000976562,179.06332397460938,3.3731088638305664,3.4488303661346436,3.4291865825653076,301.483154296875,409.0366516113281,362.5318908691406,60.98112106323242,85.3452377319336,-13.681467056274414,294.5914611816406,399.3555908203125,361.8192138671875,0.20227040350437164,0.20864936709403992,0.03773865848779678,6.248265743255615,6.203808784484863,5.0056915283203125,nan
11.650,4,89.37842559814453,118.60155487060547,105.71949768066406,180.76507568359375,180.11026000976562,179.06332397460938,3.3731088638305664,3.4488303661346436,3.4291865825653076,301.483154296875,409.0366516113281,362.5318908691406,60.98112106323242,85.3452377319336,-13.681467056274414,294.5914611816406,399.3555908203125,361.8192138671875,0.20227040350437164,0.20864936709403992,0.03773865848779678,6.248265743255615,6.203808784484863,5.0056915283203125,nan
11.700,4,93.15738677978516,121.08721160888672,109.08138275146484,186.58270263671875,185.8788299560547,184.4503631591797,2.8657913208007812,2.9145865440368652,2.9133999347686768,266.9696350097656,352.9191589355469,317.7976989746094,35.23774337768555,54.432281494140625,-18.32615852355957,221.72352600097656,298.3008117675781,272.09478759765625,0.13199158012866974,0.15423442423343658,0.05766611546278,6.067108631134033,6.077566623687744,4.8954339027404785,nan
11.750,4,93.15738677978516,121.08721160888672,109.08138275146484,186.58270263671875,185.8788299560547,184.4503631591797,2.8657913208007812,2.9145865440368652,2.9133999347686768,266.9696350097656,352.9191589355469,317.7976989746094,35.23774337768555,54.432281494140625,-18.32615852355957,221.72352600097656,298.3008117675781,272.09478759765625,0.13199158012866974,0.15423442423343658,0.05766611546278,6.067108631134033,6.077566623687744,4.8954339027404785,nan
11.800,4,93.15738677978516,121.08721160888672,109.08138275146484,186.58270263671875,185.8788299560547,184.4503631591797,2.8657913208007812,2.9145865440368652,2.9133999347686768,266.9696350097656,352.9191589355469,317.7976989746094,35.23774337768555,54.432281494140625,-18.32615852355957,221.72352600097656,298.3008117675781,272.09478759765625,0.13199158012866974,0.15423442423343658,0.05766611546278,6.067108631134033,6.077566623687744,4.8954339027404785,nan
11.850,4,93.15738677978516,121.08721160888672,109.08138275146484,186.58270263671875,185.8788299560547,184.4503631591797,2.8657913208007812,2.9145865440368652,2.9133999347686768,266.9696350097656,352.9191589355469,317.7976989746094,35.23774337768555,54.432281494140625,-18.32615852355957,221.72352600097656,298.3008117675781,272.09478759765625,0.13199158012866974,0.15423442423343658,0.05766611546278,6.067108631134033,6.077566623687744,4.8954339027404785,nan
11.900,0,103.91817474365234,131.89918518066406,120.84500885009766,205.88975524902344,205.92379760742188,203.43707275390625,0.7425186634063721,0.7400010824203491,0.7688290476799011,77.16118621826172,97.60553741455078,92.9091567993164,-72.95391082763672,-90.89717864990234,-87.76695251464844,8.262482643127441,18.430374145507812,-1.214434027671814,0.9454742074012756,0.9312707185745239,0.9446533918380737,4.960659980773926,4.8479461669921875,4.009525775909424,nan
11.950,0,103.91817474365234,131.89918518066406,120.84500885009766,205.88975524902344,205.92379760742188,203.43707275390625,0.7425186634063721,0.7400010824203491,0.7688290476799011,77.16118621826172,97.60553741455078,92.9091567993164,-72.95391082763672,-90.89717864990234,-87.76695251464844,8.262482643127441,18.430374145507812,-1.214434027671814,0.9454742074012756,0.9312707185745239,0.9446533918380737,4.960659980773926,4.8479461669921875,4.009525775909424,nan
12.000,0,103.91817474365234,131.89918518066406,120.84500885009766,205.88975524902344,205.92379760742188,203.43707275390625,0.7425186634063721,0.7400010824203491,0.7688290476799011,77.16118621826172,97.60553741455078,92.9091567993164,-72.95391082763672,-90.89717864990234,-87.76695251464844,8.262482643127441,18.430374145507812,-1.214434027671814,0.9454742074012756,0.9312707185745239,0.9446533918380737,4.960659980773926,4.8479461669921875,4.009525775909424,nan
12.050,0,103.91817474365234,131.89918518066406,120.84500885009766,205.88975524902344,205.92379760742188,203.43707275390625,0.7425186634063721,0.7400010824203491,0.7688290476799011,77.16118621826172,97.60553741455078,92.9091567993164,-72.95391082763672,-90.89717864990234,-87.76695251464844,8.262482643127441,18.430374145507812,-1.214434027671814,0.9454742074012756,0.9312707185745239,0.9446533918380737,4.960659980773926,4.8479461669921875,4.009525775909424,nan
12.100,0,106.26669311523438,132.20069885253906,122.5774917602539,208.3233642578125,208.69134521484375,206.298828125,0.9401328563690186,0.9403932094573975,0.989637553691864,99.9048080444336,124.32064056396484,121.30728912353516,-99.11304473876953,-121.93583679199219,-120.61115264892578,5.79571008682251,20.172584533691406,-5.77482271194458,0.9920748472213745,0.9808173179626465,0.9942613840103149,4.8946428298950195,4.789068698883057,3.9167091846466064,nan
12.150,0,106.26669311523438,132.20069885253906,122.5774917602539,208.3233642578125,208.69134521484375,206.298828125,0.9401328563690186,0.9403932094573975,0.989637553691864,99.9048080444336,124.32064056396484,121.30728912353516,-99.11304473876953,-121.93583679199219,-120.61115264892578,5.79571008682251,20.172584533691406,-5.77482271194458,0.9920748472213745,0.9808173179626465,0.9942613840103149,4.8946428298950195,4.789068698883057,3.9167091846466064,nan
12.200,0,106.26669311523438,132.20069885253906,122.5774917602539,208.3233642578125,208.69134521484375,206.298828125,0.9401328563690186,0.9403932094573975,0.989637553691864,99.9048080444336,124.32064056396484,121.30728912353516,-99.11304473876953,-121.93583679199219,-120.61115264892578,5.79571008682251,20.172584533691406,-5.77482271194458,0.9920748472213745,0.9808173179626465,0.9942613840103149,4.8946428298950195,4.789068698883057,3.9167091846466064,nan
12.250,0,106.26669311523438,132.20069885253906,122.5774917602539,208.3233642578125,208.69134521484375,206.298828125,0.9401328563690186,0.9403932094573975,0.989637553691864,99.9048080444336,124.32064056396484,121.30728912353516,-99.11304473876953,-121.93583679199219,-120.61115264892578,5.79571008682251,20.172584533691406,-5.77482271194458,0.9920748472213745,0.9808173179626465,0.9942613840103149,4.8946428298950195,4.789068698883057,3.9167091846466064,nan
12.300,0,105.73672485351562,131.69625854492188,122.08837127685547,207.38417053222656,207.861083984375,205.42138671875,0.857124924659729,0.8640218377113342,0.9146859049797058,90.62958526611328,113.78844451904297,111.67251586914062,-89.7618408203125,-111.10646057128906,-110.97552490234375,5.884000778198242,20.793649673461914,-4.454928874969482,0.9904253482818604,0.9764300584793091,0.9937586188316345,4.953289031982422,4.872715950012207,4.0076985359191895,nan
12.350,0,105.73672485351562,131.69625854492188,122.08837127685547,207.38417053222656,207.861083984375,205.42138671875,0.857124924659729,0.8640218377113342,0.9146859049797058,90.62958526611328,113.78844451904297,111.67251586914062,-89.7618408203125,-111.10646057128906,-110.97552490234375,5.884000778198242,20.793649673461914,-4.454928874969482,0.9904253482818604,0.9764300584793091,0.9937586188316345,4.953289031982422,4.872715950012207,4.0076985359191895,nan
12.400,0,105.73672485351562,131.69625854492188,122.08837127685547,207.38417053222656,207.861083984375,205.42138671875,0.857124924659729,0.8640218377113342,0.9146859049797058,90.62958526611328,113.78844451904297,111.67251586914062,-89.7618408203125,-111.10646057128906,-110.97552490234375,5.884000778198242,20.793649673461914,-4.454928874969482,0.9904253482818604,0.9764300584793091,0.9937586188316345,4.953289031982422,4.872715950012207,4.0076985359191895,nan
12.450,0,105.73672485351562,131.69625854492188,122.08837127685547,207.38417053222656,207.861083984375,205.42138671875,0.857124924659729,0.8640218377113342,0.9146859049797058,90.62958526611328,113.78844451904297,111.67251586914062,-89.7618408203125,-111.10646057128906,-110.97552490234375,5.884000778198242,20.793649673461914,-4.454928874969482,0.9904253482818604,0.9764300584793091,0.9937586188316345,4.953289031982422,4.872715950012207,4.0076985359191895,nan
12.500,0,105.42215728759766,131.37046813964844,121.77394104003906,206.79598999023438,207.3555145263672,204.87118530273438,0.8029225468635559,0.8184841871261597,0.8684514760971069,84.64582824707031,107.52465057373047,105.7547607421875,-83.76255798339844,-104.45980072021484,-105.13372802734375,6.309676170349121,21.84355926513672,-3.3990049362182617,0.9895651340484619,0.9714962840080261,0.994127631187439,4.97598123550415,4.8812761306762695,3.9881129264831543,nan
12.550,0,105.42215728759766,131.37046813964844,121.77394104003906,206.79598999023438,207.3555145263672,204.87118530273438,0.8029225468635559,0.8184841871261597,0.8684514760971069,84.64582824707031,107.52465057373047,105.7547607421875,-83.76255798339844,-104.45980072021484,-105.13372802734375,6.309676170349121,21.84355926513672,-3.3990049362182617,0.9895651340484619,0.9714962840080261,0.994127631187439,4.97598123550415,4.8812761306762695,3.9881129264831543,nan
12.600,0,105.42215728759766,131.37046813964844,121.77394104003906,206.79598999023438,207.3555145263672,204.87118530273438,0.8029225468635559,0.8184841871261597,0.8684514760971069,84.64582824707031,107.52465057373047,105.7547607421875,-83.76255798339844,-104.45980072021484,-105.13372802734375,6.309676170349121,21.84355926513672,-3.3990049362182617,0.9895651340484619,0.9714962840080261,0.994127631187439,4.97598123550415,4.8812761306762695,3.9881129264831543,nan
12.650,0,105.42215728759766,131.37046813964844,121.77394104003906,206.79598999023438,207.3555145263672,204.87118530273438,0.8029225468635559,0.8184841871261597,0.8684514760971069,84.64582824707031,107.52465057373047,105.7547607421875,-83.76255798339844,-104.45980072021484,-105.13372802734375,6.309676170349121,21.84355926513672,-3.3990049362182617,0.9895651340484619,0.9714962840080261,0.994127631187439,4.97598123550415,4.8812761306762695,3.9881129264831543,nan
12.700,0,105.20970153808594,130.99896240234375,121.52886199951172,206.2436981201172,206.74078369140625,204.56292724609375,0.7622142434120178,0.7618311047554016,0.8341751098632812,80.19232940673828,99.79908752441406,101.37635040283203,-79.64161682128906,-96.63552856445312,-100.90149688720703,4.6848602294921875,21.507083892822266,-1.8464618921279907,0.9931325912475586,0.9683007001876831,0.9953159093856812,4.964739799499512,4.888538837432861,4.013062953948975,nan
12.750,0,105.20970153808594,130.99896240234375,121.52886199951172,206.2436981201172,206.74078369140625,204.56292724609375,0.7622142434120178,0.7618311047554016,0.8341751098632812,80.19232940673828,99.79908752441406,101.37635040283203,-79.64161682128906,-96.63552856445312,-100.90149688720703,4.6848602294921875,21.507083892822266,-1.8464618921279907,0.9931325912475586,0.9683007001876831,0.9953159093856812,4.964739799499512,4.888538837432861,4.013062953948975,nan
12.800,0,105.20970153808594,130.99896240234375,121.52886199951172,206.2436981201172,206.74078369140625,204.56292724609375,0.7622142434120178,0.7618311047554016,0.8341751098632812,80.19232940673828,99.79908752441406,101.37635040283203,-79.64161682128906,-96.63552856445312,-100.90149688720703,4.6848602294921875,21.507083892822266,-1.8464618921279907,0.9931325912475586,0.9683007001876831,0.9953159093856812,4.964739799499512,4.888538837432861,4.013062953948975,nan
12.850,0,105.20970153808594,130.99896240234375,121.52886199951172,206.2436981201172,206.74078369140625,204.56292724609375,0.7622142434120178,0.7618311047554016,0.8341751098632812,80.19232940673828,99.79908752441406,101.37635040283203,-79.64161682128906,-96.63552856445312,-100.90149688720703,4.6848602294921875,21.507083892822266,-1.8464618921279907,0.9931325912475586,0.9683007001876831,0.9953159093856812,4.964739799499512,4.888538837432861,4.013062953948975,nan
12.900,0,104.93112182617188,130.88400268554688,121.24633026123047,205.95599365234375,206.44131469726562,203.99957275390625,0.7223936915397644,0.7372899055480957,0.787462055683136,75.80158233642578,96.49945068359375,95.47688293457031,-75.04437255859375,-93.5571060180664,-94.90251159667969,5.640243053436279,20.674842834472656,-2.674790143966675,0.9900106191635132,0.9695091843605042,0.9939841628074646,4.992392063140869,4.904565811157227,4.0040178298950195,nan
12.950,0,104.93112182617188,130.88400268554688,121.24633026123047,205.95599365234375,206.44131469726562,203.99957275390625,0.7223936915397644,0.7372899055480957,0.787462055683136,75.80158233642578,96.49945068359375,95.47688293457031,-75.04437255859375,-93.5571060180664,-94.90251159667969,5.640243053436279,20.674842834472656,-2.674790143966675,0.9900106191635132,0.9695091843605042,0.9939841628074646,4.992392063140869,4.904565811157227,4.0040178298950195,nan
13.000,0,104.93112182617188,130.88400268554688,121.24633026123047,205.95599365234375,206.44131469726562,203.99957275390625,0.7223936915397644,0.7372899055480957,0.787462055683136,75.80158233642578,96.49945068359375,95.47688293457031,-75.04437255859375,-93.5571060180664,-94.90251159667969,5.640243053436279,20.674842834472656,-2.674790143966675,0.9900106191635132,0.9695091843605042,0.9939841628074646,4.992392063140869,4.904565811157227,4.0040178298950195,nan
13.050,0,104.93112182617188,130.88400268554688,121.24633026123047,205.95599365234375,206.44131469726562,203.99957275390625,0.7223936915397644,0.7372899055480957,0.787462055683136,75.80158233642578,96.49945068359375,95.47688293457031,-75.04437255859375,-93.5571060180664,-94.90251159667969,5.640243053436279,20.674842834472656,-2.674790143966675,0.9900106191635132,0.9695091843605042,0.9939841628074646,4.992392063140869,4.904565811157227,4.0040178298950195,nan
13.100,0,104.74860382080078,130.6646728515625,121.03718566894531,205.62850952148438,206.0446319580078,203.65744018554688,0.6946136951446533,0.7042394876480103,0.7550544142723083,72.75981140136719,92.01922607421875,91.38966369628906,-72.01866912841797,-89.03995513916016,-90.82634735107422,5.710574626922607,20.26714324951172,-1.6013915538787842,0.9898138642311096,0.9676234126091003,0.9938361048698425,5.023042678833008,4.901155948638916,3.9982471466064453,nan
13.150,0,104.74860382080078,130.6646728515625,121.03718566894531,205.62850952148438,206.0446319580078,203.65744018554688,0.6946136951446533,0.7042394876480103,0.7550544142723083,72.75981140136719,92.01922607421875,91.38966369628906,-72.01866912841797,-89.03995513916016,-90.82634735107422,5.710574626922607,20.26714324951172,-1.6013915538787842,0.9898138642311096,0.9676234126091003,0.9938361048698425,5.023042678833008,4.901155948638916,3.9982471466064453,nan
13.200,0,104.74860382080078,130.6646728515625,121.03718566894531,205.62850952148438,206.0446319580078,203.65744018554688,0.6946136951446533,0.7042394876480103,0.7550544142723083,72.75981140136719,92.01922607421875,91.38966369628906,-72.01866912841797,-89.03995513916016,-90.82634735107422,5.710574626922607,20.26714324951172,-1.6013915538787842,0.9898138642311096,0.9676234126091003,0.9938361048698425,5.023042678833008,4.901155948638916,3.9982471466064453,nan
13.250,0,104.74860382080078,130.6646728515625,121.03718566894531,205.62850952148438,206.0446319580078,203.65744018554688,0.6946136951446533,0.7042394876480103,0.7550544142723083,72.75981140136719,92.01922607421875,91.38966369628906,-72.01866912841797,-89.03995513916016,-90.82634735107422,5.710574626922607,20.26714324951172,-1.6013915538787842,0.9898138642311096,0.9676234126091003,0.9938361048698425,5.023042678833008,4.901155948638916,3.9982471466064453,nan
13.300,0,104.59616088867188,130.49110412597656,120.85292053222656,205.33802795410156,205.7466278076172,203.3611297607422,0.6681089997291565,0.6784895062446594,0.7285261154174805,69.88163757324219,88.5368423461914,88.04450988769531,-69.11540222167969,-85.5722427368164,-87.41523742675781,5.2165422439575195,19.517162322998047,-1.7943580150604248,0.9890352487564087,0.9665156602859497,0.9928528070449829,5.034333229064941,4.920088291168213,4.029356002807617,nan
13.350,0,104.59616088867188,130.49110412597656,120.85292053222656,205.33802795410156,205.7466278076172,203.3611297607422,0.6681089997291565,0.6784895062446594,0.7285261154174805,69.88163757324219,88.5368423461914,88.04450988769531,-69.11540222167969,-85.5722427368164,-87.41523742675781,5.2165422439575195,19.517162322998047,-1.7943580150604248,0.9890352487564087,0.9665156602859497,0.9928528070449829,5.034333229064941,4.920088291168213,4.029356002807617,nan
13.400,0,104.59616088867188,130.49110412597656,120.85292053222656,205.33802795410156,205.7466278076172,203.3611297607422,0.6681089997291565,0.6784895062446594,0.7285261154174805,69.88163757324219,88.5368423461914,88.04450988769531,-69.11540222167969,-85.5722427368164,-87.41523742675781,5.2165422439575195,19.517162322998047,-1.7943580150604248,0.9890352487564087,0.9665156602859497,0.9928528070449829,5.034333229064941,4.920088291168213,4.029356002807617,nan
13.450,0,104.59616088867188,130.49110412597656,120.85292053222656,205.33802795410156,205.7466278076172,203.3611297607422,0.6681089997291565,0.6784895062446594,0.7285261154174805,69.88163757324219,88.5368423461914,88.04450988769531,-69.11540222167969,-85.5722427368164,-87.41523742675781,5.2165422439575195,19.517162322998047,-1.7943580150604248,0.9890352487564087,0.9665156602859497,0.9928528070449829,5.034333229064941,4.920088291168213,4.029356002807617,nan
13.500,0,104.47322845458984,130.3578338623047,120.68173217773438,205.1050567626953,205.45059204101562,203.1331787109375,0.6482213735580444,0.6572502851486206,0.7074819803237915,67.7217788696289,85.67772674560547,85.3801498413086,-66.89398193359375,-82.65009307861328,-84.68365478515625,5.090784072875977,19.182931900024414,-1.5029164552688599,0.987776517868042,0.9646625518798828,0.9918424487113953,5.013604164123535,4.938275337219238,4.037891387939453,nan
13.550,0,104.47322845458984,130.3578338623047,120.68173217773438,205.1050567626953,205.45059204101562,203.1331787109375,0.6482213735580444,0.6572502851486206,0.7074819803237915,67.7217788696289,85.67772674560547,85.3801498413086,-66.89398193359375,-82.65009307861328,-84.68365478515625,5.090784072875977,19.182931900024414,-1.5029164552688599,0.987776517868042,0.9646625518798828,0.9918424487113953,5.013604164123535,4.938275337219238,4.037891387939453,nan
13.600,0,104.47322845458984,130.3578338623047,120.68173217773438,205.1050567626953,205.45059204101562,203.1331787109375,0.6482213735580444,0.6572502851486206,0.7074819803237915,67.7217788696289,85.67772674560547,85.3801498413086,-66.89398193359375,-82.65009307861328,-84.68365478515625,5.090784072875977,19.182931900024414,-1.5029164552688599,0.987776517868042,0.9646625518798828,0.9918424487113953,5.013604164123535,4.938275337219238,4.037891387939453,nan
13.650,0,104.47322845458984,130.3578338623047,120.68173217773438,205.1050567626953,205.45059204101562,203.1331787109375,0.6482213735580444,0.6572502851486206,0.7074819803237915,67.7217788696289,85.67772674560547,85.3801498413086,-66.89398193359375,-82.65009307861328,-84.68365478515625,5.090784072875977,19.182931900024414,-1.5029164552688599,0.987776517868042,0.9646625518798828,0.9918424487113953,5.013604164123535,4.938275337219238,4.037891387939453,nan
13.700,0,104.36056518554688,130.20706176757812,120.54344177246094,204.86988830566406,205.21937561035156,202.90565490722656,0.6282835602760315,0.6434136033058167,0.6891249418258667,65.56802368164062,83.77699279785156,83.06948852539062,-64.51251983642578,-80.27777099609375,-82.22091674804688,5.86080265045166,19.986215591430664,-0.7643960118293762,0.9839021563529968,0.9582316875457764,0.9897847771644592,5.015318393707275,4.9429931640625,4.0227580070495605,nan
13.750,0,104.36056518554688,130.20706176757812,120.54344177246094,204.86988830566406,205.21937561035156,202.90565490722656,0.6282835602760315,0.6434136033058167,0.6891249418258667,65.56802368164062,83.77699279785156,83.06948852539062,-64.51251983642578,-80.27777099609375,-82.22091674804688,5.86080265045166,19.986215591430664,-0.7643960118293762,0.9839021563529968,0.9582316875457764,0.9897847771644592,5.015318393707275,4.9429931640625,4.0227580070495605,nan
13.800,0,104.36056518554688,130.20706176757812,120.54344177246094,204.86988830566406,205.21937561035156,202.90565490722656,0.6282835602760315,0.6434136033058167,0.6891249418258667,65.56802368164062,83.77699279785156,83.06948852539062,-64.51251983642578,-80.27777099609375,-82.22091674804688,5.86080265045166,19.986215591430664,-0.7643960118293762,0.9839021563529968,0.9582316875457764,0.9897847771644592,5.015318393707275,4.9429931640625,4.0227580070495605,nan
13.850,0,104.36056518554688,130.20706176757812,120.54344177246094,204.86988830566406,205.21937561035156,202.90565490722656,0.6282835602760315,0.6434136033058167,0.6891249418258667,65.56802368164062,83.77699279785156,83.06948852539062,-64.51251983642578,-80.27777099609375,-82.22091674804688,5.86080265045166,19.986215591430664,-0.7643960118293762,0.9839021563529968,0.9582316875457764,0.9897847771644592,5.015318393707275,4.9429931640625,4.0227580070495605,nan
13.900,0,104.19332885742188,130.126708984375,120.43282318115234,204.7201690673828,205.0091094970703,202.63986206054688,0.6131101846694946,0.6243411898612976,0.6675063967704773,63.88199234008789,81.24346160888672,80.38967895507812,-62.527061462402344,-77.58771514892578,-79.27195739746094,5.999402046203613,19.41303825378418,-0.28828445076942444,0.9787901043891907,0.9550026059150696,0.986096203327179,5.087775707244873,4.978876113891602,4.069448471069336,nan
13.950,0,104.19332885742188,130.126708984375,120.43282318115234,204.7201690673828,205.0091094970703,202.63986206054688,0.6131101846694946,0.6243411898612976,0.6675063967704773,63.88199234008789,81.24346160888672,80.38967895507812,-62.527061462402344,-77.58771514892578,-79.27195739746094,5.999402046203613,19.41303825378418,-0.28828445076942444,0.9787901043891907,0.9550026059150696,0.986096203327179,5.087775707244873,4.978876113891602,4.069448471069336,nan
14.000,0,104.19332885742188,130.126708984375,120.43282318115234,204.7201690673828,205.0091094970703,202.63986206054688,0.6131101846694946,0.6243411898612976,0.6675063967704773,63.88199234008789,81.24346160888672,80.38967895507812,-62.527061462402344,-77.58771514892578,-79.27195739746094,5.999402046203613,19.41303825378418,-0.28828445076942444,0.9787901043891907,0.9550026059150696,0.986096203327179,5.087775707244873,4.978876113891602,4.069448471069336,nan
14.050,0,104.19332885742188,130.126708984375,120.43282318115234,204.7201690673828,205.0091094970703,202.63986206054688,0.6131101846694946,0.6243411898612976,0.6675063967704773,63.88199234008789,81.24346160888672,80.38967895507812,-62.527061462402344,-77.58771514892578,-79.27195739746094,5.999402046203613,19.41303825378418,-0.28828445076942444,0.9787901043891907,0.9550026059150696,0.986096203327179,5.087775707244873,4.978876113891602,4.069448471069336,nan
14.100,0,104.14312744140625,130.07102966308594,120.39014434814453,204.5257568359375,205.028564453125,202.572021484375,0.5962967276573181,0.622360110282898,0.6682616472244263,62.10020446777344,80.95101928710938,80.45211791992188,-60.53200149536133,-76.40716552734375,-78.96146392822266,5.727059364318848,20.729373931884766,-0.7243374586105347,0.9747472405433655,0.9438691139221191,0.9814715385437012,5.13672399520874,4.98576545715332,4.078676700592041,nan
14.150,0,104.14312744140625,130.07102966308594,120.39014434814453,204.5257568359375,205.028564453125,202.572021484375,0.5962967276573181,0.622360110282898,0.6682616472244263,62.10020446777344,80.95101928710938,80.45211791992188,-60.53200149536133,-76.40716552734375,-78.96146392822266,5.727059364318848,20.729373931884766,-0.7243374586105347,0.9747472405433655,0.9438691139221191,0.9814715385437012,5.13672399520874,4.98576545715332,4.078676700592041,nan
14.200,0,104.14312744140625,130.07102966308594,120.39014434814453,204.5257568359375,205.028564453125,202.572021484375,0.5962967276573181,0.622360110282898,0.6682616472244263,62.10020446777344,80.95101928710938,80.45211791992188,-60.53200149536133,-76.40716552734375,-78.96146392822266,5.727059364318848,20.729373931884766,-0.7243374586105347,0.9747472405433655,0.9438691139221191,0.9814715385437012,5.13672399520874,4.98576545715332,4.078676700592041,nan
14.250,0,104.14312744140625,130.07102966308594,120.39014434814453,204.5257568359375,205.028564453125,202.572021484375,0.5962967276573181,0.622360110282898,0.6682616472244263,62.10020446777344,80.95101928710938,80.45211791992188,-60.53200149536133,-76.40716552734375,-78.96146392822266,5.727059364318848,20.729373931884766,-0.7243374586105347,0.9747472405433655,0.9438691139221191,0.9814715385437012,5.13672399520874,4.98576545715332,4.078676700592041,nan
14.300,0,104.01647186279297,129.9394073486328,120.28498077392578,204.32716369628906,204.77926635742188,202.37806701660156,0.5888981223106384,0.6045224666595459,0.6451178193092346,61.255104064941406,78.5512924194336,77.59798431396484,-59.33023452758789,-74.1528091430664,-75.94003295898438,5.965261936187744,19.334169387817383,-0.179611474275589,0.968576192855835,0.9440049529075623,0.9786341190338135,5.069407939910889,4.995621681213379,4.077869892120361,nan
14.350,0,104.01647186279297,129.9394073486328,120.28498077392578,204.32716369628906,204.77926635742188,202.37806701660156,0.5888981223106384,0.6045224666595459,0.6451178193092346,61.255104064941406,78.5512924194336,77.59798431396484,-59.33023452758789,-74.1528091430664,-75.94003295898438,5.965261936187744,19.334169387817383,-0.179611474275589,0.968576192855835,0.9440049529075623,0.9786341190338135,5.069407939910889,4.995621681213379,4.077869892120361,nan
14.400,0,104.01647186279297,129.9394073486328,120.28498077392578,204.32716369628906,204.77926635742188,202.37806701660156,0.5888981223106384,0.6045224666595459,0.6451178193092346,61.255104064941406,78.5512924194336,77.59798431396484,-59.33023452758789,-74.1528091430664,-75.94003295898438,5.965261936187744,19.334169387817383,-0.179611474275589,0.968576192855835,0.9440049529075623,0.9786341190338135,5.069407939910889,4.995621681213379,4.077869892120361,nan
14.450,0,104.01647186279297,129.9394073486328,120.28498077392578,204.32716369628906,204.77926635742188,202.37806701660156,0.5888981223106384,0.6045224666595459,0.6451178193092346,61.255104064941406,78.5512924194336,77.59798431396484,-59.33023452758789,-74.1528091430664,-75.94003295898438,5.965261936187744,19.334169387817383,-0.179611474275589,0.968576192855835,0.9440049529075623,0.9786341190338135,5.069407939910889,4.995621681213379,4.077869892120361,nan
14.500,0,103.9820785522461,129.88705444335938,120.2364273071289,204.2135467529297,204.69137573242188,202.33909606933594,0.5830274820327759,0.5934895873069763,0.6415155529975891,60.62440872192383,77.08661651611328,77.13353729248047,-58.73122787475586,-72.42697143554688,-75.42526245117188,6.066691875457764,19.96814727783203,1.0184868574142456,0.9687719941139221,0.9395531415939331,0.977853000164032,5.038810729980469,5.01840353012085,4.0556440353393555,nan
14.550,0,103.9820785522461,129.88705444335938,120.2364273071289,204.2135467529297,204.69137573242188,202.33909606933594,0.5830274820327759,0.5934895873069763,0.6415155529975891,60.62440872192383,77.08661651611328,77.13353729248047,-58.73122787475586,-72.42697143554688,-75.42526245117188,6.066691875457764,19.96814727783203,1.0184868574142456,0.9687719941139221,0.9395531415939331,0.977853000164032,5.038810729980469,5.01840353012085,4.0556440353393555,nan
14.600,0,103.9820785522461,129.88705444335938,120.2364273071289,204.2135467529297,204.69137573242188,202.33909606933594,0.5830274820327759,0.5934895873069763,0.6415155529975891,60.62440872192383,77.08661651611328,77.13353729248047,-58.73122787475586,-72.42697143554688,-75.42526245117188,6.066691875457764,19.96814727783203,1.0184868574142456,0.9687719941139221,0.9395531415939331,0.977853000164032,5.038810729980469,5.01840353012085,4.0556440353393555,nan
14.650,0,103.9820785522461,129.88705444335938,120.2364273071289,204.2135467529297,204.69137573242188,202.33909606933594,0.5830274820327759,0.5934895873069763,0.6415155529975891,60.62440872192383,77.08661651611328,77.13353729248047,-58.73122787475586,-72.42697143554688,-75.42526245117188,6.066691875457764,19.96814727783203,1.0184868574142456,0.9687719941139221,0.9395531415939331,0.977853000164032,5.038810729980469,5.01840353012085,4.0556440353393555,nan
14.700,0,103.91060638427734,129.7904815673828,120.13475036621094,204.12237548828125,204.4698944091797,202.17848205566406,0.5636513829231262,0.5771622657775879,0.6225392818450928,58.569358825683594,74.91017150878906,74.78860473632812,-56.939300537109375,-70.62269592285156,-73.33959197998047,5.654989719390869,19.336830139160156,0.4563189148902893,0.9721687436103821,0.9427651166915894,0.9806252121925354,4.967648983001709,4.926790237426758,4.040410995483398,nan
14.750,0,103.91060638427734,129.7904815673828,120.13475036621094,204.12237548828125,204.4698944091797,202.17848205566406,0.5636513829231262,0.5771622657775879,0.6225392818450928,58.569358825683594,74.91017150878906,74.78860473632812,-56.939300537109375,-70.62269592285156,-73.33959197998047,5.654989719390869,19.336830139160156,0.4563189148902893,0.9721687436103821,0.9427651166915894,0.9806252121925354,4.967648983001709,4.926790237426758,4.040410995483398,nan
14.800,0,103.91060638427734,129.7904815673828,120.13475036621094,204.12237548828125,204.4698944091797,202.17848205566406,0.5636513829231262,0.5771622657775879,0.6225392818450928,58.569358825683594,74.91017150878906,74.78860473632812,-56.939300537109375,-70.62269592285156,-73.33959197998047,5.654989719390869,19.336830139160156,0.4563189148902893,0.9721687436103821,0.9427651166915894,0.9806252121925354,4.967648983001709,4.926790237426758,4.040410995483398,nan
14.850,0,103.91060638427734,129.7904815673828,120.13475036621094,204.12237548828125,204.4698944091797,202.17848205566406,0.5636513829231262,0.5771622657775879,0.6225392818450928,58.569358825683594,74.91017150878906,74.78860473632812,-56.939300537109375,-70.62269592285156,-73.33959197998047,5.654989719390869,19.336830139160156,0.4563189148902893,0.9721687436103821,0.9427651166915894,0.9806252121925354,4.967648983001709,4.926790237426758,4.040410995483398,nan
14.900,0,103.88641357421875,129.7589874267578,120.06605529785156,204.08473205566406,204.40521240234375,202.0742950439453,0.5530598163604736,0.5705400705337524,0.6140002012252808,57.45540237426758,74.03269958496094,73.7205810546875,-55.802677154541016,-69.5396957397461,-72.39817810058594,6.4351606369018555,20.44390106201172,1.3150792121887207,0.9712346196174622,0.9393105506896973,0.9820619821548462,5.017606735229492,4.928216934204102,4.065579414367676,nan
14.950,0,103.88641357421875,129.7589874267578,120.06605529785156,204.08473205566406,204.40521240234375,202.0742950439453,0.5530598163604736,0.5705400705337524,0.6140002012252808,57.45540237426758,74.03269958496094,73.7205810546875,-55.802677154541016,-69.5396957397461,-72.39817810058594,6.4351606369018555,20.44390106201172,1.3150792121887207,0.9712346196174622,0.9393105506896973,0.9820619821548462,5.017606735229492,4.928216934204102,4.065579414367676,nan
15.000,0,103.88641357421875,129.7589874267578,120.06605529785156,204.08473205566406,204.40521240234375,202.0742950439453,0.5530598163604736,0.5705400705337524,0.6140002012252808,57.45540237426758,74.03269958496094,73.7205810546875,-55.802677154541016,-69.5396957397461,-72.39817810058594,6.4351606369018555,20.44390106201172,1.3150792121887207,0.9712346196174622,0.9393105506896973,0.9820619821548462,5.017606735229492,4.928216934204102,4.065579414367676,nan
15.050,0,103.88641357421875,129.7589874267578,120.06605529785156,204.08473205566406,204.40521240234375,202.0742950439453,0.5530598163604736,0.5705400705337524,0.6140002012252808,57.45540237426758,74.03269958496094,73.7205810546875,-55.802677154541016,-69.5396957397461,-72.39817810058594,6.4351606369018555,20.44390106201172,1.3150792121887207,0.9712346196174622,0.9393105506896973,0.9820619821548462,5.017606735229492,4.928216934204102,4.065579414367676,nan
15.100,0,103.82085418701172,129.67742919921875,119.97723388671875,203.95455932617188,204.28118896484375,201.9257354736328,0.5395380854606628,0.559607207775116,0.6011022329330444,56.01530456542969,72.56842041015625,72.11858367919922,-54.51898956298828,-68.21439361572266,-70.97636413574219,6.429775714874268,20.353090286254883,1.3018637895584106,0.9732874035835266,0.9400010704994202,0.984161913394928,4.997059345245361,4.926516056060791,4.101494312286377,nan
15.150,0,103.82085418701172,129.67742919921875,119.97723388671875,203.95455932617188,204.28118896484375,201.9257354736328,0.5395380854606628,0.559607207775116,0.6011022329330444,56.01530456542969,72.56842041015625,72.11858367919922,-54.51898956298828,-68.21439361572266,-70.97636413574219,6.429775714874268,20.353090286254883,1.3018637895584106,0.9732874035835266,0.9400010704994202,0.984161913394928,4.997059345245361,4.926516056060791,4.101494312286377,nan
15.200,0,103.82085418701172,129.67742919921875,119.97723388671875,203.95455932617188,204.28118896484375,201.9257354736328,0.5395380854606628,0.559607207775116,0.6011022329330444,56.01530456542969,72.56842041015625,72.11858367919922,-54.51898956298828,-68.21439361572266,-70.97636413574219,6.429775714874268,20.353090286254883,1.3018637895584106,0.9732874035835266,0.9400010704994202,0.984161913394928,4.997059345245361,4.926516056060791,4.101494312286377,nan
15.250,0,103.82085418701172,129.67742919921875,119.97723388671875,203.95455932617188,204.28118896484375,201.9257354736328,0.5395380854606628,0.559607207775116,0.6011022329330444,56.01530456542969,72.56842041015625,72.11858367919922,-54.51898956298828,-68.21439361572266,-70.97636413574219,6.429775714874268,20.353090286254883,1.3018637895584106,0.9732874035835266,0.9400010704994202,0.984161913394928,4.997059345245361,4.926516056060791,4.101494312286377,nan
15.300,0,103.74878692626953,129.63470458984375,119.93526458740234,203.8572540283203,204.15447998046875,201.859619140625,0.5354779958724976,0.5481880903244019,0.5937790870666504,55.55519104003906,71.06420135498047,71.21504974365234,-54.09636688232422,-66.83585357666016,-70.07384490966797,6.061539173126221,19.790523529052734,1.6349256038665771,0.9737409949302673,0.9404996037483215,0.9839752316474915,4.976628303527832,4.9507365226745605,4.075616836547852,nan
15.350,0,103.74878692626953,129.63470458984375,119.93526458740234,203.8572540283203,204.15447998046875,201.859619140625,0.5354779958724976,0.5481880903244019,0.5937790870666504,55.55519104003906,71.06420135498047,71.21504974365234,-54.09636688232422,-66.83585357666016,-70.07384490966797,6.061539173126221,19.790523529052734,1.6349256038665771,0.9737409949302673,0.9404996037483215,0.9839752316474915,4.976628303527832,4.9507365226745605,4.075616836547852,nan
15.400,0,103.74878692626953,129.63470458984375,119.93526458740234,203.8572540283203,204.15447998046875,201.859619140625,0.5354779958724976,0.5481880903244019,0.5937790870666504,55.55519104003906,71.06420135498047,71.21504974365234,-54.09636688232422,-66.83585357666016,-70.07384490966797,6.061539173126221,19.790523529052734,1.6349256038665771,0.9737409949302673,0.9404996037483215,0.9839752316474915,4.976628303527832,4.9507365226745605,4.075616836547852,nan
15.450,0,103.74878692626953,129.63470458984375,119.93526458740234,203.8572540283203,204.15447998046875,201.859619140625,0.5354779958724976,0.5481880903244019,0.5937790870666504,55.55519104003906,71.06420135498047,71.21504974365234,-54.09636688232422,-66.83585357666016,-70.07384490966797,6.061539173126221,19.790523529052734,1.6349256038665771,0.9737409949302673,0.9404996037483215,0.9839752316474915,4.976628303527832,4.9507365226745605,4.075616836547852,nan
15.500,0,103.66422271728516,129.51925659179688,119.84248352050781,203.671142578125,204.00535583496094,201.6962890625,0.5241383910179138,0.5390888452529907,0.5838925242424011,54.33440017700195,69.8223876953125,69.97512817382812,-53.02583312988281,-65.74152374267578,-68.95027160644531,5.915356159210205,19.608768463134766,1.4645882844924927,0.9759164452552795,0.9415536522865295,0.9853540062904358,5.010853290557861,4.956097602844238,4.024847507476807,nan
15.550,0,103.66422271728516,129.51925659179688,119.84248352050781,203.671142578125,204.00535583496094,201.6962890625,0.5241383910179138,0.5390888452529907,0.5838925242424011,54.33440017700195,69.8223876953125,69.97512817382812,-53.02583312988281,-65.74152374267578,-68.95027160644531,5.915356159210205,19.608768463134766,1.4645882844924927,0.9759164452552795,0.9415536522865295,0.9853540062904358,5.010853290557861,4.956097602844238,4.024847507476807,nan
15.600,0,103.66422271728516,129.51925659179688,119.84248352050781,203.671142578125,204.00535583496094,201.6962890625,0.5241383910179138,0.5390888452529907,0.5838925242424011,54.33440017700195,69.8223876953125,69.97512817382812,-53.02583312988281,-65.74152374267578,-68.95027160644531,5.915356159210205,19.608768463134766,1.4645882844924927,0.9759164452552795,0.9415536522865295,0.9853540062904358,5.010853290557861,4.956097602844238,4.024847507476807,nan
15.650,0,103.66422271728516,129.51925659179688,119.84248352050781,203.671142578125,204.00535583496094,201.6962890625,0.5241383910179138,0.5390888452529907,0.5838925242424011,54.33440017700195,69.8223876953125,69.97512817382812,-53.02583312988281,-65.74152374267578,-68.95027160644531,5.915356159210205,19.608768463134766,1.4645882844924927,0.9759164452552795,0.9415536522865295,0.9853540062904358,5.010853290557861,4.956097602844238,4.024847507476807,nan
15.700,0,103.675537109375,129.51809692382812,119.85919189453125,203.70423889160156,203.9806671142578,201.72653198242188,0.5229237079620361,0.5339996814727783,0.5761546492576599,54.21439743041992,69.1626205444336,69.05743408203125,-52.864418029785156,-65.03990173339844,-68.0650863647461,6.371102809906006,19.492185592651367,2.1962528228759766,0.9750992655754089,0.940390944480896,0.9856300950050354,5.036246299743652,4.958645343780518,4.056482315063477,nan
15.750,0,103.675537109375,129.51809692382812,119.85919189453125,203.70423889160156,203.9806671142578,201.72653198242188,0.5229237079620361,0.5339996814727783,0.5761546492576599,54.21439743041992,69.1626205444336,69.05743408203125,-52.864418029785156,-65.03990173339844,-68.0650863647461,6.371102809906006,19.492185592651367,2.1962528228759766,0.9750992655754089,0.940390944480896,0.9856300950050354,5.036246299743652,4.958645343780518,4.056482315063477,nan
15.800,0,103.675537109375,129.51809692382812,119.85919189453125,203.70423889160156,203.9806671142578,201.72653198242188,0.5229237079620361,0.5339996814727783,0.5761546492576599,54.21439743041992,69.1626205444336,69.05743408203125,-52.864418029785156,-65.03990173339844,-68.0650863647461,6.371102809906006,19.492185592651367,2.1962528228759766,0.9750992655754089,0.940390944480896,0.9856300950050354,5.036246299743652,4.958645343780518,4.056482315063477,nan
15.850,0,103.675537109375,129.51809692382812,119.85919189453125,203.70423889160156,203.9806671142578,201.72653198242188,0.5229237079620361,0.5339996814727783,0.5761546492576599,54.21439743041992,69.1626205444336,69.05743408203125,-52.864418029785156,-65.03990173339844,-68.0650863647461,6.371102809906006,19.492185592651367,2.1962528228759766,0.9750992655754089,0.940390944480896,0.9856300950050354,5.036246299743652,4.958645343780518,4.056482315063477,nan
15.900,0,103.60404205322266,129.495849609375,119.84329223632812,203.59120178222656,203.99400329589844,201.64552307128906,0.5135437846183777,0.5280633568763733,0.576603889465332,53.2052116394043,68.38201141357422,69.10211181640625,-51.92304992675781,-64.0360107421875,-68.14374542236328,6.2647294998168945,20.55120086669922,2.5327372550964355,0.9759016036987305,0.9364452362060547,0.9861311316490173,5.11867094039917,5.004971504211426,4.092374324798584,nan
15.950,0,103.60404205322266,129.495849609375,119.84329223632812,203.59120178222656,203.99400329589844,201.64552307128906,0.5135437846183777,0.5280633568763733,0.576603889465332,53.2052116394043,68.38201141357422,69.10211181640625,-51.92304992675781,-64.0360107421875,-68.14374542236328,6.2647294998168945,20.55120086669922,2.5327372550964355,0.9759016036987305,0.9364452362060547,0.9861311316490173,5.11867094039917,5.004971504211426,4.092374324798584,nan
16.000,0,103.60404205322266,129.495849609375,119.84329223632812,203.59120178222656,203.99400329589844,201.64552307128906,0.5135437846183777,0.5280633568763733,0.576603889465332,53.2052116394043,68.38201141357422,69.10211181640625,-51.92304992675781,-64.0360107421875,-68.14374542236328,6.2647294998168945,20.55120086669922,2.5327372550964355,0.9759016036987305,0.9364452362060547,0.9861311316490173,5.11867094039917,5.004971504211426,4.092374324798584,nan
16.050,0,103.60404205322266,129.495849609375,119.84329223632812,203.59120178222656,203.99400329589844,201.64552307128906,0.5135437846183777,0.5280633568763733,0.576603889465332,53.2052116394043,68.38201141357422,69.10211181640625,-51.92304992675781,-64.0360107421875,-68.14374542236328,6.2647294998168945,20.55120086669922,2.5327372550964355,0.9759016036987305,0.9364452362060547,0.9861311316490173,5.11867094039917,5.004971504211426,4.092374324798584,nan
16.100,0,103.59437561035156,129.50221252441406,119.76736450195312,203.5790557861328,203.97158813476562,201.55227661132812,0.5087025165557861,0.5266430377960205,0.5698419213294983,52.6987190246582,68.2014389038086,68.24846649169922,-51.385562896728516,-63.923770904541016,-67.29286193847656,6.436509609222412,20.266260147094727,2.2126224040985107,0.9750818014144897,0.9372789263725281,0.9859981536865234,5.100907802581787,5.013148307800293,4.08839225769043,nan
16.150,0,103.59437561035156,129.50221252441406,119.76736450195312,203.5790557861328,203.97158813476562,201.55227661132812,0.5087025165557861,0.5266430377960205,0.5698419213294983,52.6987190246582,68.2014389038086,68.24846649169922,-51.385562896728516,-63.923770904541016,-67.29286193847656,6.436509609222412,20.266260147094727,2.2126224040985107,0.9750818014144897,0.9372789263725281,0.9859981536865234,5.100907802581787,5.013148307800293,4.08839225769043,nan
16.200,0,103.59437561035156,129.50221252441406,119.76736450195312,203.5790557861328,203.97158813476562,201.55227661132812,0.5087025165557861,0.5266430377960205,0.5698419213294983,52.6987190246582,68.2014389038086,68.24846649169922,-51.385562896728516,-63.923770904541016,-67.29286193847656,6.436509609222412,20.266260147094727,2.2126224040985107,0.9750818014144897,0.9372789263725281,0.9859981536865234,5.100907802581787,5.013148307800293,4.08839225769043,nan
16.250,0,103.59437561035156,129.50221252441406,119.76736450195312,203.5790557861328,203.97158813476562,201.55227661132812,0.5087025165557861,0.5266430377960205,0.5698419213294983,52.6987190246582,68.2014389038086,68.24846649169922,-51.385562896728516,-63.923770904541016,-67.29286193847656,6.436509609222412,20.266260147094727,2.2126224040985107,0.9750818014144897,0.9372789263725281,0.9859981536865234,5.100907802581787,5.013148307800293,4.08839225769043,nan
16.300,0,103.4067153930664,129.31642150878906,119.63684844970703,203.27752685546875,203.669921875,201.27586364746094,0.4987184703350067,0.5124377608299255,0.5579779148101807,51.570838928222656,66.26661682128906,66.75472259521484,-50.363243103027344,-62.2430534362793,-65.81707763671875,5.640228271484375,19.191997528076172,1.8246285915374756,0.97658371925354,0.9392821788787842,0.9859538674354553,5.0853095054626465,5.008508682250977,4.069051742553711,nan
16.350,0,103.4067153930664,129.31642150878906,119.63684844970703,203.27752685546875,203.669921875,201.27586364746094,0.4987184703350067,0.5124377608299255,0.5579779148101807,51.570838928222656,66.26661682128906,66.75472259521484,-50.363243103027344,-62.2430534362793,-65.81707763671875,5.640228271484375,19.191997528076172,1.8246285915374756,0.97658371925354,0.9392821788787842,0.9859538674354553,5.0853095054626465,5.008508682250977,4.069051742553711,nan
16.400,0,103.4067153930664,129.31642150878906,119.63684844970703,203.27752685546875,203.669921875,201.27586364746094,0.4987184703350067,0.5124377608299255,0.5579779148101807,51.570838928222656,66.26661682128906,66.75472259521484,-50.363243103027344,-62.2430534362793,-65.81707763671875,5.640228271484375,19.191997528076172,1.8246285915374756,0.97658371925354,0.9392821788787842,0.9859538674354553,5.0853095054626465,5.008508682250977,4.069051742553711,nan
16.450,0,103.4067153930664,129.31642150878906,119.63684844970703,203.27752685546875,203.669921875,201.27586364746094,0.4987184703350067,0.5124377608299255,0.5579779148101807,51.570838928222656,66.26661682128906,66.75472259521484,-50.363243103027344,-62.2430534362793,-65.81707763671875,5.640228271484375,19.191997528076172,1.8246285915374756,0.97658371925354,0.9392821788787842,0.9859538674354553,5.0853095054626465,5.008508682250977,4.069051742553711,nan
16.500,0,103.46658325195312,129.3640594482422,119.68010711669922,203.3339080810547,203.7554931640625,201.39273071289062,0.4975535571575165,0.5152491331100464,0.5607516765594482,51.480167388916016,66.65471649169922,67.1108169555664,-50.18293380737305,-62.234981536865234,-66.17889404296875,6.392661094665527,20.521883010864258,2.628110408782959,0.9748013019561768,0.9336920976638794,0.9861136674880981,5.061668872833252,4.964168548583984,4.047880172729492,nan
16.550,0,103.46658325195312,129.3640594482422,119.68010711669922,203.3339080810547,203.7554931640625,201.39273071289062,0.4975535571575165,0.5152491331100464,0.5607516765594482,51.480167388916016,66.65471649169922,67.1108169555664,-50.18293380737305,-62.234981536865234,-66.17889404296875,6.392661094665527,20.521883010864258,2.628110408782959,0.9748013019561768,0.9336920976638794,0.9861136674880981,5.061668872833252,4.964168548583984,4.047880172729492,nan
16.600,0,103.46658325195312,129.3640594482422,119.68010711669922,203.3339080810547,203.7554931640625,201.39273071289062,0.4975535571575165,0.5152491331100464,0.5607516765594482,51.480167388916016,66.65471649169922,67.1108169555664,-50.18293380737305,-62.234981536865234,-66.17889404296875,6.392661094665527,20.521883010864258,2.628110408782959,0.9748013019561768,0.9336920976638794,0.9861136674880981,5.061668872833252,4.964168548583984,4.047880172729492,nan
16.650,0,103.46658325195312,129.3640594482422,119.68010711669922,203.3339080810547,203.7554931640625,201.39273071289062,0.4975535571575165,0.5152491331100464,0.5607516765594482,51.480167388916016,66.65471649169922,67.1108169555664,-50.18293380737305,-62.234981536865234,-66.17889404296875,6.392661094665527,20.521883010864258,2.628110408782959,0.9748013019561768,0.9336920976638794,0.9861136674880981,5.061668872833252,4.964168548583984,4.047880172729492,nan
16.700,0,103.45187377929688,129.3182373046875,119.68191528320312,203.3028564453125,203.68701171875,201.38307189941406,0.49366331100463867,0.5071127414703369,0.5537248849868774,51.070396423339844,65.57892608642578,66.2708511352539,-49.85245895385742,-61.2797737121582,-65.38463592529297,6.370058536529541,20.208288192749023,3.0207691192626953,0.9761517643928528,0.9344430565834045,0.9866273999214172,5.053504467010498,4.965918064117432,4.067806720733643,nan
16.750,0,103.45187377929688,129.3182373046875,119.68191528320312,203.3028564453125,203.68701171875,201.38307189941406,0.49366331100463867,0.5071127414703369,0.5537248849868774,51.070396423339844,65.57892608642578,66.2708511352539,-49.85245895385742,-61.2797737121582,-65.38463592529297,6.370058536529541,20.208288192749023,3.0207691192626953,0.9761517643928528,0.9344430565834045,0.9866273999214172,5.053504467010498,4.965918064117432,4.067806720733643,nan
16.800,0,103.45187377929688,129.3182373046875,119.68191528320312,203.3028564453125,203.68701171875,201.38307189941406,0.49366331100463867,0.5071127414703369,0.5537248849868774,51.070396423339844,65.57892608642578,66.2708511352539,-49.85245895385742,-61.2797737121582,-65.38463592529297,6.370058536529541,20.208288192749023,3.0207691192626953,0.9761517643928528,0.9344430565834045,0.9866273999214172,5.053504467010498,4.965918064117432,4.067806720733643,nan
16.850,0,103.45187377929688,129.3182373046875,119.68191528320312,203.3028564453125,203.68701171875,201.38307189941406,0.49366331100463867,0.5071127414703369,0.5537248849868774,51.070396423339844,65.57892608642578,66.2708511352539,-49.85245895385742,-61.2797737121582,-65.38463592529297,6.370058536529541,20.208288192749023,3.0207691192626953,0.9761517643928528,0.9344430565834045,0.9866273999214172,5.053504467010498,4.965918064117432,4.067806720733643,nan
16.900,0,103.42029571533203,129.28257751464844,119.61746215820312,203.23509216308594,203.63784790039062,201.28135681152344,0.491009384393692,0.5066155195236206,0.5508914589881897,50.78033447265625,65.4965591430664,65.896240234375,-49.536312103271484,-61.2467041015625,-64.98152923583984,6.314461708068848,19.977630615234375,2.6794257164001465,0.9755018949508667,0.9351133108139038,0.9861189126968384,5.062098503112793,5.009850978851318,4.093605995178223,nan
16.950,0,103.42029571533203,129.28257751464844,119.61746215820312,203.23509216308594,203.63784790039062,201.28135681152344,0.491009384393692,0.5066155195236206,0.5508914589881897,50.78033447265625,65.4965591430664,65.896240234375,-49.536312103271484,-61.2467041015625,-64.98152923583984,6.314461708068848,19.977630615234375,2.6794257164001465,0.9755018949508667,0.9351133108139038,0.9861189126968384,5.062098503112793,5.009850978851318,4.093605995178223,nan
17.000,0,103.42029571533203,129.28257751464844,119.61746215820312,203.23509216308594,203.63784790039062,201.28135681152344,0.491009384393692,0.5066155195236206,0.5508914589881897,50.78033447265625,65.4965591430664,65.896240234375,-49.536312103271484,-61.2467041015625,-64.98152923583984,6.314461708068848,19.977630615234375,2.6794257164001465,0.9755018949508667,0.9351133108139038,0.9861189126968384,5.062098503112793,5.009850978851318,4.093605995178223,nan
17.050,0,103.42029571533203,129.28257751464844,119.61746215820312,203.23509216308594,203.63784790039062,201.28135681152344,0.491009384393692,0.5066155195236206,0.5508914589881897,50.78033447265625,65.4965591430664,65.896240234375,-49.536312103271484,-61.2467041015625,-64.98152923583984,6.314461708068848,19.977630615234375,2.6794257164001465,0.9755018949508667,0.9351133108139038,0.9861189126968384,5.062098503112793,5.009850978851318,4.093605995178223,nan
17.100,0,103.34370422363281,129.25169372558594,119.56432342529297,203.14439392089844,203.56137084960938,201.16954040527344,0.48310166597366333,0.5022006034851074,0.5450994372367859,49.925514221191406,64.9102783203125,65.17444610595703,-48.69048309326172,-60.6534309387207,-64.25922393798828,6.199319839477539,19.927213668823242,2.3420684337615967,0.9752625226974487,0.9344195127487183,0.9859573245048523,4.9946465492248535,4.943653583526611,4.031604766845703,nan
17.150,0,103.34370422363281,129.25169372558594,119.56432342529297,203.14439392089844,203.56137084960938,201.16954040527344,0.48310166597366333,0.5022006034851074,0.5450994372367859,49.925514221191406,64.9102783203125,65.17444610595703,-48.69048309326172,-60.6534309387207,-64.25922393798828,6.199319839477539,19.927213668823242,2.3420684337615967,0.9752625226974487,0.9344195127487183,0.9859573245048523,4.9946465492248535,4.943653583526611,4.031604766845703,nan
17.200,0,103.34370422363281,129.25169372558594,119.56432342529297,203.14439392089844,203.56137084960938,201.16954040527344,0.48310166597366333,0.5022006034851074,0.5450994372367859,49.925514221191406,64.9102783203125,65.17444610595703,-48.69048309326172,-60.6534309387207,-64.25922393798828,6.199319839477539,19.927213668823242,2.3420684337615967,0.9752625226974487,0.9344195127487183,0.9859573245048523,4.9946465492248535,4.943653583526611,4.031604766845703,nan
17.250,0,103.34370422363281,129.25169372558594,119.56432342529297,203.14439392089844,203.56137084960938,201.16954040527344,0.48310166597366333,0.5022006034851074,0.5450994372367859,49.925514221191406,64.9102783203125,65.17444610595703,-48.69048309326172,-60.6534309387207,-64.25922393798828,6.199319839477539,19.927213668823242,2.3420684337615967,0.9752625226974487,0.9344195127487183,0.9859573245048523,4.9946465492248535,4.943653583526611,4.031604766845703,nan
17.300,0,103.32878112792969,129.20950317382812,119.52896118164062,203.10057067871094,203.47000122070312,201.13766479492188,0.48307904601097107,0.499938428401947,0.5429782867431641,49.91596984863281,64.59679412841797,64.9016342163086,-48.66310119628906,-60.34599304199219,-63.9941520690918,6.305993556976318,19.890644073486328,2.625443458557129,0.9749004244804382,0.9341948628425598,0.9860175848007202,4.985550880432129,4.897511959075928,3.991028308868408,nan
17.350,0,103.32878112792969,129.20950317382812,119.52896118164062,203.10057067871094,203.47000122070312,201.13766479492188,0.48307904601097107,0.499938428401947,0.5429782867431641,49.91596984863281,64.59679412841797,64.9016342163086,-48.66310119628906,-60.34599304199219,-63.9941520690918,6.305993556976318,19.890644073486328,2.625443458557129,0.9749004244804382,0.9341948628425598,0.9860175848007202,4.985550880432129,4.897511959075928,3.991028308868408,nan
17.400,0,103.32878112792969,129.20950317382812,119.52896118164062,203.10057067871094,203.47000122070312,201.13766479492188,0.48307904601097107,0.499938428401947,0.5429782867431641,49.91596984863281,64.59679412841797,64.9016342163086,-48.66310119628906,-60.34599304199219,-63.9941520690918,6.305993556976318,19.890644073486328,2.625443458557129,0.9749004244804382,0.9341948628425598,0.9860175848007202,4.985550880432129,4.897511959075928,3.991028308868408,nan
17.450,0,103.32878112792969,129.20950317382812,119.52896118164062,203.10057067871094,203.47000122070312,201.13766479492188,0.48307904601097107,0.499938428401947,0.5429782867431641,49.91596984863281,64.59679412841797,64.9016342163086,-48.66310119628906,-60.34599304199219,-63.9941520690918,6.305993556976318,19.890644073486328,2.625443458557129,0.9749004244804382,0.9341948628425598,0.9860175848007202,4.985550880432129,4.897511959075928,3.991028308868408,nan
17.500,0,103.32703399658203,129.19503784179688,119.51347351074219,203.09129333496094,203.4413604736328,201.12013244628906,0.479269802570343,0.5002764463424683,0.541366457939148,49.52152633666992,64.63323211669922,64.7005844116211,-48.3004035949707,-60.37746047973633,-63.812870025634766,6.42427921295166,20.104867935180664,2.4183833599090576,0.9753415584564209,0.9341550469398499,0.9862796664237976,5.032571792602539,4.927014350891113,4.064358234405518,nan
17.550,0,103.32703399658203,129.19503784179688,119.51347351074219,203.09129333496094,203.4413604736328,201.12013244628906,0.479269802570343,0.5002764463424683,0.541366457939148,49.52152633666992,64.63323211669922,64.7005844116211,-48.3004035949707,-60.37746047973633,-63.812870025634766,6.42427921295166,20.104867935180664,2.4183833599090576,0.9753415584564209,0.9341550469398499,0.9862796664237976,5.032571792602539,4.927014350891113,4.064358234405518,nan
17.600,0,103.32703399658203,129.19503784179688,119.51347351074219,203.09129333496094,203.4413604736328,201.12013244628906,0.479269802570343,0.5002764463424683,0.541366457939148,49.52152633666992,64.63323211669922,64.7005844116211,-48.3004035949707,-60.37746047973633,-63.812870025634766,6.42427921295166,20.104867935180664,2.4183833599090576,0.9753415584564209,0.9341550469398499,0.9862796664237976,5.032571792602539,4.927014350891113,4.064358234405518,nan
17.650,0,103.32703399658203,129.19503784179688,119.51347351074219,203.09129333496094,203.4413604736328,201.12013244628906,0.479269802570343,0.5002764463424683,0.541366457939148,49.52152633666992,64.63323211669922,64.7005844116211,-48.3004035949707,-60.37746047973633,-63.812870025634766,6.42427921295166,20.104867935180664,2.4183833599090576,0.9753415584564209,0.9341550469398499,0.9862796664237976,5.032571792602539,4.927014350891113,4.064358234405518,nan
17.700,0,103.30465698242188,129.18556213378906,119.46611022949219,203.0481719970703,203.41517639160156,201.05548095703125,0.4705234169960022,0.49130380153656006,0.5339799523353577,48.607261657714844,63.469356536865234,63.79250717163086,-47.391212463378906,-59.24666976928711,-62.88380432128906,5.923835277557373,19.679426193237305,2.098973512649536,0.9749821424484253,0.9334688782691956,0.9857553243637085,5.055968761444092,4.952766418457031,4.108203411102295,nan
17.750,0,103.30465698242188,129.18556213378906,119.46611022949219,203.0481719970703,203.41517639160156,201.05548095703125,0.4705234169960022,0.49130380153656006,0.5339799523353577,48.607261657714844,63.469356536865234,63.79250717163086,-47.391212463378906,-59.24666976928711,-62.88380432128906,5.923835277557373,19.679426193237305,2.098973512649536,0.9749821424484253,0.9334688782691956,0.9857553243637085,5.055968761444092,4.952766418457031,4.108203411102295,nan
17.800,0,103.30465698242188,129.18556213378906,119.46611022949219,203.0481719970703,203.41517639160156,201.05548095703125,0.4705234169960022,0.49130380153656006,0.5339799523353577,48.607261657714844,63.469356536865234,63.79250717163086,-47.391212463378906,-59.24666976928711,-62.88380432128906,5.923835277557373,19.679426193237305,2.098973512649536,0.9749821424484253,0.9334688782691956,0.9857553243637085,5.055968761444092,4.952766418457031,4.108203411102295,nan
17.850,0,103.30465698242188,129.18556213378906,119.46611022949219,203.0481719970703,203.41517639160156,201.05548095703125,0.4705234169960022,0.49130380153656006,0.5339799523353577,48.607261657714844,63.469356536865234,63.79250717163086,-47.391212463378906,-59.24666976928711,-62.88380432128906,5.923835277557373,19.679426193237305,2.098973512649536,0.9749821424484253,0.9334688782691956,0.9857553243637085,5.055968761444092,4.952766418457031,4.108203411102295,nan
17.900,0,103.28560638427734,129.13323974609375,119.45044708251953,203.01339721679688,203.33961486816406,201.01393127441406,0.4689542055130005,0.48579469323158264,0.5283835530281067,48.43621826171875,62.732242584228516,63.11565017700195,-47.154884338378906,-58.35805130004883,-62.18313217163086,6.3196845054626465,19.82655143737793,2.9856765270233154,0.9735459685325623,0.9302720427513123,0.985225260257721,5.06791877746582,4.970201015472412,4.088843822479248,nan
17.950,0,103.28560638427734,129.13323974609375,119.45044708251953,203.01339721679688,203.33961486816406,201.01393127441406,0.4689542055130005,0.48579469323158264,0.5283835530281067,48.43621826171875,62.732242584228516,63.11565017700195,-47.154884338378906,-58.35805130004883,-62.18313217163086,6.3196845054626465,19.82655143737793,2.9856765270233154,0.9735459685325623,0.9302720427513123,0.985225260257721,5.06791877746582,4.970201015472412,4.088843822479248,nan
18.000,0,103.28560638427734,129.13323974609375,119.45044708251953,203.01339721679688,203.33961486816406,201.01393127441406,0.4689542055130005,0.48579469323158264,0.5283835530281067,48.43621826171875,62.732242584228516,63.11565017700195,-47.154884338378906,-58.35805130004883,-62.18313217163086,6.3196845054626465,19.82655143737793,2.9856765270233154,0.9735459685325623,0.9302720427513123,0.985225260257721,5.06791877746582,4.970201015472412,4.088843822479248,nan
18.050,0,103.28560638427734,129.13323974609375,119.45044708251953,203.01339721679688,203.33961486816406,201.01393127441406,0.4689542055130005,0.48579469323158264,0.5283835530281067,48.43621826171875,62.732242584228516,63.11565017700195,-47.154884338378906,-58.35805130004883,-62.18313217163086,6.3196845054626465,19.82655143737793,2.9856765270233154,0.9735459685325623,0.9302720427513123,0.985225260257721,5.06791877746582,4.970201015472412,4.088843822479248,nan
18.100,0,103.31210327148438,129.21160888671875,119.52958679199219,203.08863830566406,203.45791625976562,201.13235473632812,0.47563230991363525,0.49319663643836975,0.5377078652381897,49.138572692871094,63.72673034667969,64.2719955444336,-47.86585998535156,-59.2451286315918,-63.34397888183594,6.663493633270264,20.56437110900879,3.3272883892059326,0.9740995168685913,0.9296746850013733,0.9855611324310303,5.073984146118164,4.967066287994385,4.067050933837891,nan
18.150,0,103.31210327148438,129.21160888671875,119.52958679199219,203.08863830566406,203.45791625976562,201.13235473632812,0.47563230991363525,0.49319663643836975,0.5377078652381897,49.138572692871094,63.72673034667969,64.2719955444336,-47.86585998535156,-59.2451286315918,-63.34397888183594,6.663493633270264,20.56437110900879,3.3272883892059326,0.9740995168685913,0.9296746850013733,0.9855611324310303,5.073984146118164,4.967066287994385,4.067050933837891,nan
18.200,0,103.31210327148438,129.21160888671875,119.52958679199219,203.08863830566406,203.45791625976562,201.13235473632812,0.47563230991363525,0.49319663643836975,0.5377078652381897,49.138572692871094,63.72673034667969,64.2719955444336,-47.86585998535156,-59.2451286315918,-63.34397888183594,6.663493633270264,20.56437110900879,3.3272883892059326,0.9740995168685913,0.9296746850013733,0.9855611324310303,5.073984146118164,4.967066287994385,4.067050933837891,nan
18.250,0,103.31210327148438,129.21160888671875,119.52958679199219,203.08863830566406,203.45791625976562,201.13235473632812,0.47563230991363525,0.49319663643836975,0.5377078652381897,49.138572692871094,63.72673034667969,64.2719955444336,-47.86585998535156,-59.2451286315918,-63.34397888183594,6.663493633270264,20.56437110900879,3.3272883892059326,0.9740995168685913,0.9296746850013733,0.9855611324310303,5.073984146118164,4.967066287994385,4.067050933837891,nan
18.300,0,103.31076049804688,129.16290283203125,119.49585723876953,203.0161895751953,203.4257049560547,201.09950256347656,0.4705016613006592,0.48734697699546814,0.5309098958969116,48.60788345336914,62.94715118408203,63.441532135009766,-47.38633346557617,-58.67657470703125,-62.528656005859375,6.053342819213867,19.589418411254883,2.6493613719940186,0.9748693108558655,0.9321561455726624,0.9856107234954834,5.0612335205078125,4.947806358337402,4.069455146789551,nan
18.350,0,103.31076049804688,129.16290283203125,119.49585723876953,203.0161895751953,203.4257049560547,201.09950256347656,0.4705016613006592,0.48734697699546814,0.5309098958969116,48.60788345336914,62.94715118408203,63.441532135009766,-47.38633346557617,-58.67657470703125,-62.528656005859375,6.053342819213867,19.589418411254883,2.6493613719940186,0.9748693108558655,0.9321561455726624,0.9856107234954834,5.0612335205078125,4.947806358337402,4.069455146789551,nan
18.400,0,103.31076049804688,129.16290283203125,119.49585723876953,203.0161895751953,203.4257049560547,201.09950256347656,0.4705016613006592,0.48734697699546814,0.5309098958969116,48.60788345336914,62.94715118408203,63.441532135009766,-47.38633346557617,-58.67657470703125,-62.528656005859375,6.053342819213867,19.589418411254883,2.6493613719940186,0.9748693108558655,0.9321561455726624,0.9856107234954834,5.0612335205078125,4.947806358337402,4.069455146789551,nan
18.450,0,103.31076049804688,129.16290283203125,119.49585723876953,203.0161895751953,203.4257049560547,201.09950256347656,0.4705016613006592,0.48734697699546814,0.5309098958969116,48.60788345336914,62.94715118408203,63.441532135009766,-47.38633346557617,-58.67657470703125,-62.528656005859375,6.053342819213867,19.589418411254883,2.6493613719940186,0.9748693108558655,0.9321561455726624,0.9856107234954834,5.0612335205078125,4.947806358337402,4.069455146789551,nan
18.500,0,103.26739501953125,129.13046264648438,119.50948333740234,202.9547119140625,203.392578125,201.08001708984375,0.46957868337631226,0.48325449228286743,0.5284421443939209,48.49216842651367,62.40287780761719,63.153846740722656,-47.22905731201172,-58.15110397338867,-62.19322204589844,5.879185199737549,19.325881958007812,2.7442409992218018,0.9739522933959961,0.9318657517433167,0.9847891330718994,5.035099983215332,4.967308044433594,4.074276447296143,nan
18.550,0,103.26739501953125,129.13046264648438,119.50948333740234,202.9547119140625,203.392578125,201.08001708984375,0.46957868337631226,0.48325449228286743,0.5284421443939209,48.49216842651367,62.40287780761719,63.153846740722656,-47.22905731201172,-58.15110397338867,-62.19322204589844,5.879185199737549,19.325881958007812,2.7442409992218018,0.9739522933959961,0.9318657517433167,0.9847891330718994,5.035099983215332,4.967308044433594,4.074276447296143,nan
18.600,0,103.26739501953125,129.13046264648438,119.50948333740234,202.9547119140625,203.392578125,201.08001708984375,0.46957868337631226,0.48325449228286743,0.5284421443939209,48.49216842651367,62.40287780761719,63.153846740722656,-47.22905731201172,-58.15110397338867,-62.19322204589844,5.879185199737549,19.325881958007812,2.7442409992218018,0.9739522933959961,0.9318657517433167,0.9847891330718994,5.035099983215332,4.967308044433594,4.074276447296143,nan
18.650,0,103.26739501953125,129.13046264648438,119.50948333740234,202.9547119140625,203.392578125,201.08001708984375,0.46957868337631226,0.48325449228286743,0.5284421443939209,48.49216842651367,62.40287780761719,63.153846740722656,-47.22905731201172,-58.15110397338867,-62.19322204589844,5.879185199737549,19.325881958007812,2.7442409992218018,0.9739522933959961,0.9318657517433167,0.9847891330718994,5.035099983215332,4.967308044433594,4.074276447296143,nan
18.700,0,103.22235107421875,129.072021484375,119.39410400390625,202.85923767089844,203.2578125,200.9346160888672,0.4612443447113037,0.478186696767807,0.5202681422233582,47.61072540283203,61.720523834228516,62.116947174072266,-46.287132263183594,-57.255611419677734,-61.11891174316406,6.479520320892334,19.844390869140625,3.2821784019470215,0.9721996784210205,0.9276592135429382,0.9839329719543457,5.036858081817627,4.977195739746094,4.061723709106445,nan
18.750,0,103.22235107421875,129.072021484375,119.39410400390625,202.85923767089844,203.2578125,200.9346160888672,0.4612443447113037,0.478186696767807,0.5202681422233582,47.61072540283203,61.720523834228516,62.116947174072266,-46.287132263183594,-57.255611419677734,-61.11891174316406,6.479520320892334,19.844390869140625,3.2821784019470215,0.9721996784210205,0.9276592135429382,0.9839329719543457,5.036858081817627,4.977195739746094,4.061723709106445,nan
18.800,0,103.22235107421875,129.072021484375,119.39410400390625,202.85923767089844,203.2578125,200.9346160888672,0.4612443447113037,0.478186696767807,0.5202681422233582,47.61072540283203,61.720523834228516,62.116947174072266,-46.287132263183594,-57.255611419677734,-61.11891174316406,6.479520320892334,19.844390869140625,3.2821784019470215,0.9721996784210205,0.9276592135429382,0.9839329719543457,5.036858081817627,4.977195739746094,4.061723709106445,nan
18.850,0,103.22235107421875,129.072021484375,119.39410400390625,202.85923767089844,203.2578125,200.9346160888672,0.4612443447113037,0.478186696767807,0.5202681422233582,47.61072540283203,61.720523834228516,62.116947174072266,-46.287132263183594,-57.255611419677734,-61.11891174316406,6.479520320892334,19.844390869140625,3.2821784019470215,0.9721996784210205,0.9276592135429382,0.9839329719543457,5.036858081817627,4.977195739746094,4.061723709106445,nan
18.900,0,103.2121353149414,129.13858032226562,119.45415496826172,202.94847106933594,203.34210205078125,200.9630889892578,0.4688161313533783,0.48661860823631287,0.528886079788208,48.38751220703125,62.84123611450195,63.17763900756836,-47.054290771484375,-58.28443145751953,-62.18900680541992,6.695096015930176,20.308914184570312,3.4037094116210938,0.9724469780921936,0.9274870157241821,0.9843515753746033,5.067607879638672,4.971614837646484,4.068796157836914,nan
18.950,0,103.2121353149414,129.13858032226562,119.45415496826172,202.94847106933594,203.34210205078125,200.9630889892578,0.4688161313533783,0.48661860823631287,0.528886079788208,48.38751220703125,62.84123611450195,63.17763900756836,-47.054290771484375,-58.28443145751953,-62.18900680541992,6.695096015930176,20.308914184570312,3.4037094116210938,0.9724469780921936,0.9274870157241821,0.9843515753746033,5.067607879638672,4.971614837646484,4.068796157836914,nan
19.000,0,103.2121353149414,129.13858032226562,119.45415496826172,202.94847106933594,203.34210205078125,200.9630889892578,0.4688161313533783,0.48661860823631287,0.528886079788208,48.38751220703125,62.84123611450195,63.17763900756836,-47.054290771484375,-58.28443145751953,-62.18900680541992,6.695096015930176,20.308914184570312,3.4037094116210938,0.9724469780921936,0.9274870157241821,0.9843515753746033,5.067607879638672,4.971614837646484,4.068796157836914,nan
19.050,0,103.2121353149414,129.13858032226562,119.45415496826172,202.94847106933594,203.34210205078125,200.9630889892578,0.4688161313533783,0.48661860823631287,0.528886079788208,48.38751220703125,62.84123611450195,63.17763900756836,-47.054290771484375,-58.28443145751953,-62.18900680541992,6.695096015930176,20.308914184570312,3.4037094116210938,0.9724469780921936,0.9274870157241821,0.9843515753746033,5.067607879638672,4.971614837646484,4.068796157836914,nan
19.100,0,103.22190856933594,129.0780487060547,119.41191101074219,202.8922119140625,203.29344177246094,200.91786193847656,0.4613930284976959,0.4788360297679901,0.5223668813705444,47.62586975097656,61.807220458984375,62.376827239990234,-46.38124465942383,-57.608009338378906,-61.36039352416992,5.429846286773682,18.83933448791504,2.0028369426727295,0.9738666415214539,0.9320595264434814,0.9837049245834351,5.069697856903076,4.9519362449646,4.092382431030273,nan
19.150,0,103.22190856933594,129.0780487060547,119.41191101074219,202.8922119140625,203.29344177246094,200.91786193847656,0.4613930284976959,0.4788360297679901,0.5223668813705444,47.62586975097656,61.807220458984375,62.376827239990234,-46.38124465942383,-57.608009338378906,-61.36039352416992,5.429846286773682,18.83933448791504,2.0028369426727295,0.9738666415214539,0.9320595264434814,0.9837049245834351,5.069697856903076,4.9519362449646,4.092382431030273,nan
19.200,0,103.22190856933594,129.0780487060547,119.41191101074219,202.8922119140625,203.29344177246094,200.91786193847656,0.4613930284976959,0.4788360297679901,0.5223668813705444,47.62586975097656,61.807220458984375,62.376827239990234,-46.38124465942383,-57.608009338378906,-61.36039352416992,5.429846286773682,18.83933448791504,2.0028369426727295,0.9738666415214539,0.9320595264434814,0.9837049245834351,5.069697856903076,4.9519362449646,4.092382431030273,nan
19.250,0,103.22190856933594,129.0780487060547,119.41191101074219,202.8922119140625,203.29344177246094,200.91786193847656,0.4613930284976959,0.4788360297679901,0.5223668813705444,47.62586975097656,61.807220458984375,62.376827239990234,-46.38124465942383,-57.608009338378906,-61.36039352416992,5.429846286773682,18.83933448791504,2.0028369426727295,0.9738666415214539,0.9320595264434814,0.9837049245834351,5.069697856903076,4.9519362449646,4.092382431030273,nan
19.300,0,103.22486877441406,129.06427001953125,119.37306213378906,202.85464477539062,203.24822998046875,200.90769958496094,0.46324995160102844,0.47859635949134827,0.5237385034561157,47.81891632080078,61.769691467285156,62.520267486572266,-46.39862060546875,-57.12003707885742,-61.4361686706543,6.194828987121582,19.883705139160156,3.3138720989227295,0.9702984690666199,0.9247259497642517,0.9826600551605225,5.074075698852539,4.963659286499023,4.099645614624023,nan
19.350,0,103.22486877441406,129.06427001953125,119.37306213378906,202.85464477539062,203.24822998046875,200.90769958496094,0.46324995160102844,0.47859635949134827,0.5237385034561157,47.81891632080078,61.769691467285156,62.520267486572266,-46.39862060546875,-57.12003707885742,-61.4361686706543,6.194828987121582,19.883705139160156,3.3138720989227295,0.9702984690666199,0.9247259497642517,0.9826600551605225,5.074075698852539,4.963659286499023,4.099645614624023,nan
19.400,0,103.22486877441406,129.06427001953125,119.37306213378906,202.85464477539062,203.24822998046875,200.90769958496094,0.46324995160102844,0.47859635949134827,0.5237385034561157,47.81891632080078,61.769691467285156,62.520267486572266,-46.39862060546875,-57.12003707885742,-61.4361686706543,6.194828987121582,19.883705139160156,3.3138720989227295,0.9702984690666199,0.9247259497642517,0.9826600551605225,5.074075698852539,4.963659286499023,4.099645614624023,nan
19.450,0,103.22486877441406,129.06427001953125,119.37306213378906,202.85464477539062,203.24822998046875,200.90769958496094,0.46324995160102844,0.47859635949134827,0.5237385034561157,47.81891632080078,61.769691467285156,62.520267486572266,-46.39862060546875,-57.12003707885742,-61.4361686706543,6.194828987121582,19.883705139160156,3.3138720989227295,0.9702984690666199,0.9247259497642517,0.9826600551605225,5.074075698852539,4.963659286499023,4.099645614624023,nan
19.500,0,103.18148040771484,129.04209899902344,119.38416290283203,202.83103942871094,203.21099853515625,200.8708953857422,0.46113646030426025,0.4805316627025604,0.5222257971763611,47.58074188232422,62.00881576538086,62.345489501953125,-46.177093505859375,-57.29310607910156,-61.31809997558594,6.835346221923828,20.526277542114258,3.6205012798309326,0.9704996347427368,0.9239509701728821,0.983521044254303,5.097167491912842,4.999164581298828,4.0988078117370605,nan
19.550,0,103.18148040771484,129.04209899902344,119.38416290283203,202.83103942871094,203.21099853515625,200.8708953857422,0.46113646030426025,0.4805316627025604,0.5222257971763611,47.58074188232422,62.00881576538086,62.345489501953125,-46.177093505859375,-57.29310607910156,-61.31809997558594,6.835346221923828,20.526277542114258,3.6205012798309326,0.9704996347427368,0.9239509701728821,0.983521044254303,5.097167491912842,4.999164581298828,4.0988078117370605,nan
19.600,0,103.18148040771484,129.04209899902344,119.38416290283203,202.83103942871094,203.21099853515625,200.8708953857422,0.46113646030426025,0.4805316627025604,0.5222257971763611,47.58074188232422,62.00881576538086,62.345489501953125,-46.177093505859375,-57.29310607910156,-61.31809997558594,6.835346221923828,20.526277542114258,3.6205012798309326,0.9704996347427368,0.9239509701728821,0.983521044254303,5.097167491912842,4.999164581298828,4.0988078117370605,nan
19.650,0,103.18148040771484,129.04209899902344,119.38416290283203,202.83103942871094,203.21099853515625,200.8708953857422,0.46113646030426025,0.4805316627025604,0.5222257971763611,47.58074188232422,62.00881576538086,62.345489501953125,-46.177093505859375,-57.29310607910156,-61.31809997558594,6.835346221923828,20.526277542114258,3.6205012798309326,0.9704996347427368,0.9239509701728821,0.983521044254303,5.097167491912842,4.999164581298828,4.0988078117370605,nan
19.700,0,103.23277282714844,129.02146911621094,119.392578125,202.84042358398438,203.2034149169922,200.9356231689453,0.4636370539665222,0.47789832949638367,0.5224003791809082,47.8625373840332,61.65914535522461,62.3707275390625,-46.407142639160156,-57.101261138916016,-61.2149543762207,6.0571136474609375,19.4893856048584,3.0674848556518555,0.9695922136306763,0.9260793328285217,0.9814692735671997,5.083261966705322,4.969351291656494,4.06631326675415,nan
19.750,0,103.23277282714844,129.02146911621094,119.392578125,202.84042358398438,203.2034149169922,200.9356231689453,0.4636370539665222,0.47789832949638367,0.5224003791809082,47.8625373840332,61.65914535522461,62.3707275390625,-46.407142639160156,-57.101261138916016,-61.2149543762207,6.0571136474609375,19.4893856048584,3.0674848556518555,0.9695922136306763,0.9260793328285217,0.9814692735671997,5.083261966705322,4.969351291656494,4.06631326675415,nan
19.800,0,103.23277282714844,129.02146911621094,119.392578125,202.84042358398438,203.2034149169922,200.9356231689453,0.4636370539665222,0.47789832949638367,0.5224003791809082,47.8625373840332,61.65914535522461,62.3707275390625,-46.407142639160156,-57.101261138916016,-61.2149543762207,6.0571136474609375,19.4893856048584,3.0674848556518555,0.9695922136306763,0.9260793328285217,0.9814692735671997,5.083261966705322,4.969351291656494,4.06631326675415,nan
19.850,0,103.23277282714844,129.02146911621094,119.392578125,202.84042358398438,203.2034149169922,200.9356231689453,0.4636370539665222,0.47789832949638367,0.5224003791809082,47.8625373840332,61.65914535522461,62.3707275390625,-46.407142639160156,-57.101261138916016,-61.2149543762207,6.0571136474609375,19.4893856048584,3.0674848556518555,0.9695922136306763,0.9260793328285217,0.9814692735671997,5.083261966705322,4.969351291656494,4.06631326675415,nan
19.900,0,103.17645263671875,129.04067993164062,119.39213562011719,202.8356170654297,203.22457885742188,200.86068725585938,0.45685750246047974,0.47209230065345764,0.5159125924110413,47.13693618774414,60.91911315917969,61.59590530395508,-45.757781982421875,-56.55428695678711,-60.43006896972656,5.338821887969971,18.585201263427734,2.2005908489227295,0.9707415103912354,0.9283504486083984,0.9810728430747986,5.143722057342529,5.002158164978027,4.089516639709473,nan
19.950,0,103.17645263671875,129.04067993164062,119.39213562011719,202.8356170654297,203.22457885742188,200.86068725585938,0.45685750246047974,0.47209230065345764,0.5159125924110413,47.13693618774414,60.91911315917969,61.59590530395508,-45.757781982421875,-56.55428695678711,-60.43006896972656,5.338821887969971,18.585201263427734,2.2005908489227295,0.9707415103912354,0.9283504486083984,0.9810728430747986,5.143722057342529,5.002158164978027,4.089516639709473,nan
