t+,class,V_L1,V_L2,V_L3,V_L12,V_L23,V_L31,A_L1,A_L2,A_L3,VA_L1,VA_L2,VA_L3,W_L1,W_L2,W_L3,Q_L1,Q_L2,Q_L3,PF_L1,PF_L2,PF_L3,THD_L1,THD_L2,THD_L3
0.000,0,99.88775634765625,125.93634033203125,115.7333755493164,197.5684051513672,197.1750030517578,194.64968872070312,0.1378205120563507,0.10859858244657516,0.13217341899871826,13.766581535339355,13.676507949829102,15.296875953674316,10.929616928100586,10.095647811889648,12.977972984313965,7.554301738739014,7.801513195037842,7.408522605895996,0.7939237952232361,0.7381743788719177,0.8484067320823669,6.25846529006958,5.726280689239502,5.000494956970215,nan
0.050,0,99.88775634765625,125.93634033203125,115.7333755493164,197.5684051513672,197.1750030517578,194.64968872070312,0.1378205120563507,0.10859858244657516,0.13217341899871826,13.766581535339355,13.676507949829102,15.296875953674316,10.929616928100586,10.095647811889648,12.977972984313965,7.554301738739014,7.801513195037842,7.408522605895996,0.7939237952232361,0.7381743788719177,0.8484067320823669,6.25846529006958,5.726280689239502,5.000494956970215,nan
0.100,0,99.88775634765625,125.93634033203125,115.7333755493164,197.5684051513672,197.1750030517578,194.64968872070312,0.1378205120563507,0.10859858244657516,0.13217341899871826,13.766581535339355,13.676507949829102,15.296875953674316,10.929616928100586,10.095647811889648,12.977972984313965,7.554301738739014,7.801513195037842,7.408522605895996,0.7939237952232361,0.7381743788719177,0.8484067320823669,6.25846529006958,5.726280689239502,5.000494956970215,nan
0.150,0,99.86597442626953,125.9085693359375,115.69302368164062,197.5303192138672,197.09844970703125,194.60455322265625,0.13656598329544067,0.10795585066080093,0.13335667550563812,13.63829517364502,13.59256649017334,15.428437232971191,10.80505084991455,10.156941413879395,13.042906761169434,7.526432514190674,7.6024322509765625,7.488863468170166,0.7922582030296326,0.7472423315048218,0.845380961894989,6.220058917999268,5.679812431335449,4.93678092956543,nan
0.200,0,99.86597442626953,125.9085693359375,115.69302368164062,197.5303192138672,197.09844970703125,194.60455322265625,0.13656598329544067,0.10795585066080093,0.13335667550563812,13.63829517364502,13.59256649017334,15.428437232971191,10.80505084991455,10.156941413879395,13.042906761169434,7.526432514190674,7.6024322509765625,7.488863468170166,0.7922582030296326,0.7472423315048218,0.845380961894989,6.220058917999268,5.679812431335449,4.93678092956543,nan
0.250,0,99.86597442626953,125.9085693359375,115.69302368164062,197.5303192138672,197.09844970703125,194.60455322265625,0.13656598329544067,0.10795585066080093,0.13335667550563812,13.63829517364502,13.59256649017334,15.428437232971191,10.80505084991455,10.156941413879395,13.042906761169434,7.526432514190674,7.6024322509765625,7.488863468170166,0.7922582030296326,0.7472423315048218,0.845380961894989,6.220058917999268,5.679812431335449,4.93678092956543,nan
0.300,0,99.85242462158203,125.87848663330078,115.66159057617188,197.4787139892578,197.0589599609375,194.56382751464844,0.13713349401950836,0.10778236389160156,0.13331377506256104,13.693111419677734,13.56748104095459,15.419282913208008,10.85959529876709,10.085906028747559,13.080068588256836,7.55608606338501,7.6158671379089355,7.407435417175293,0.7930699586868286,0.7433882355690002,0.8482929468154907,6.200338363647461,5.716728210449219,4.981590747833252,nan
0.350,0,99.85242462158203,125.87848663330078,115.66159057617188,197.4787139892578,197.0589599609375,194.56382751464844,0.13713349401950836,0.10778236389160156,0.13331377506256104,13.693111419677734,13.56748104095459,15.419282913208008,10.85959529876709,10.085906028747559,13.080068588256836,7.55608606338501,7.6158671379089355,7.407435417175293,0.7930699586868286,0.7433882355690002,0.8482929468154907,6.200338363647461,5.716728210449219,4.981590747833252,nan
0.400,0,99.85242462158203,125.87848663330078,115.66159057617188,197.4787139892578,197.0589599609375,194.56382751464844,0.13713349401950836,0.10778236389160156,0.13331377506256104,13.693111419677734,13.56748104095459,15.419282913208008,10.85959529876709,10.085906028747559,13.080068588256836,7.55608606338501,7.6158671379089355,7.407435417175293,0.7930699586868286,0.7433882355690002,0.8482929468154907,6.200338363647461,5.716728210449219,4.981590747833252,nan
0.450,0,99.85242462158203,125.87848663330078,115.66159057617188,197.4787139892578,197.0589599609375,194.56382751464844,0.13713349401950836,0.10778236389160156,0.13331377506256104,13.693111419677734,13.56748104095459,15.419282913208008,10.85959529876709,10.085906028747559,13.080068588256836,7.55608606338501,7.6158671379089355,7.407435417175293,0.7930699586868286,0.7433882355690002,0.8482929468154907,6.200338363647461,5.716728210449219,4.981590747833252,nan
0.500,0,99.85242462158203,125.87848663330078,115.66159057617188,197.4787139892578,197.0589599609375,194.56382751464844,0.13713349401950836,0.10778236389160156,0.13331377506256104,13.693111419677734,13.56748104095459,15.419282913208008,10.85959529876709,10.085906028747559,13.080068588256836,7.55608606338501,7.6158671379089355,7.407435417175293,0.7930699586868286,0.7433882355690002,0.8482929468154907,6.200338363647461,5.716728210449219,4.981590747833252,nan
0.550,0,99.87967681884766,125.86579132080078,115.67637634277344,197.50108337402344,197.02215576171875,194.6211395263672,0.13670362532138824,0.10815536975860596,0.13400641083717346,13.653913497924805,13.61306095123291,15.501376152038574,10.791162490844727,10.14510440826416,13.094863891601562,7.570155143737793,7.571076393127441,7.524062633514404,0.7903347611427307,0.7452478408813477,0.8447549343109131,6.197962760925293,5.698904991149902,5.005268573760986,nan
0.600,0,99.87967681884766,125.86579132080078,115.67637634277344,197.50108337402344,197.02215576171875,194.6211395263672,0.13670362532138824,0.10815536975860596,0.13400641083717346,13.653913497924805,13.61306095123291,15.501376152038574,10.791162490844727,10.14510440826416,13.094863891601562,7.570155143737793,7.571076393127441,7.524062633514404,0.7903347611427307,0.7452478408813477,0.8447549343109131,6.197962760925293,5.698904991149902,5.005268573760986,nan
0.650,0,99.87967681884766,125.86579132080078,115.67637634277344,197.50108337402344,197.02215576171875,194.6211395263672,0.13670362532138824,0.10815536975860596,0.13400641083717346,13.653913497924805,13.61306095123291,15.501376152038574,10.791162490844727,10.14510440826416,13.094863891601562,7.570155143737793,7.571076393127441,7.524062633514404,0.7903347611427307,0.7452478408813477,0.8447549343109131,6.197962760925293,5.698904991149902,5.005268573760986,nan
0.700,0,99.87967681884766,125.86579132080078,115.67637634277344,197.50108337402344,197.02215576171875,194.6211395263672,0.13670362532138824,0.10815536975860596,0.13400641083717346,13.653913497924805,13.61306095123291,15.501376152038574,10.791162490844727,10.14510440826416,13.094863891601562,7.570155143737793,7.571076393127441,7.524062633514404,0.7903347611427307,0.7452478408813477,0.8447549343109131,6.197962760925293,5.698904991149902,5.005268573760986,nan
0.750,0,99.85831451416016,125.88926696777344,115.6598129272461,197.5032958984375,197.0482940673828,194.57337951660156,0.13750557601451874,0.10812012106180191,0.1342582255601883,13.731075286865234,13.611163139343262,15.528281211853027,10.816411018371582,10.089448928833008,13.114592552185059,7.67635440826416,7.659045219421387,7.553409576416016,0.7877322435379028,0.7412627935409546,0.844561755657196,6.201971530914307,5.72368860244751,4.960132122039795,nan
0.800,0,99.85831451416016,125.88926696777344,115.6598129272461,197.5032958984375,197.0482940673828,194.57337951660156,0.13750557601451874,0.10812012106180191,0.1342582255601883,13.731075286865234,13.611163139343262,15.528281211853027,10.816411018371582,10.089448928833008,13.114592552185059,7.67635440826416,7.659045219421387,7.553409576416016,0.7877322435379028,0.7412627935409546,0.844561755657196,6.201971530914307,5.72368860244751,4.960132122039795,nan
0.850,0,99.85831451416016,125.88926696777344,115.6598129272461,197.5032958984375,197.0482940673828,194.57337951660156,0.13750557601451874,0.10812012106180191,0.1342582255601883,13.731075286865234,13.611163139343262,15.528281211853027,10.816411018371582,10.089448928833008,13.114592552185059,7.67635440826416,7.659045219421387,7.553409576416016,0.7877322435379028,0.7412627935409546,0.844561755657196,6.201971530914307,5.72368860244751,4.960132122039795,nan
0.900,0,99.85284423828125,125.89458465576172,115.66643524169922,197.49081420898438,197.0822296142578,194.56698608398438,0.13775423169136047,0.10923605412244797,0.13410566747188568,13.755151748657227,13.752227783203125,15.511524200439453,10.821579933166504,10.109647750854492,13.034600257873535,7.691683769226074,7.789859771728516,7.6137189865112305,0.7877322435379028,0.7412627935409546,0.844561755657196,6.201971530914307,5.72368860244751,4.960132122039795,nan
0.950,0,99.85284423828125,125.89458465576172,115.66643524169922,197.49081420898438,197.0822296142578,194.56698608398438,0.13775423169136047,0.10923605412244797,0.13410566747188568,13.755151748657227,13.752227783203125,15.511524200439453,10.821579933166504,10.109647750854492,13.034600257873535,7.691683769226074,7.789859771728516,7.6137189865112305,0.7867292165756226,0.7351279854774475,0.8403171896934509,6.193062782287598,5.7447028160095215,4.98226261138916,nan
1.000,0,99.85284423828125,125.89458465576172,115.66643524169922,197.49081420898438,197.0822296142578,194.56698608398438,0.13775423169136047,0.10923605412244797,0.13410566747188568,13.755151748657227,13.752227783203125,15.511524200439453,10.821579933166504,10.109647750854492,13.034600257873535,7.691683769226074,7.789859771728516,7.6137189865112305,0.7867292165756226,0.7351279854774475,0.8403171896934509,6.193062782287598,5.7447028160095215,4.98226261138916,nan
1.050,0,99.85284423828125,125.89458465576172,115.66643524169922,197.49081420898438,197.0822296142578,194.56698608398438,0.13775423169136047,0.10923605412244797,0.13410566747188568,13.755151748657227,13.752227783203125,15.511524200439453,10.821579933166504,10.109647750854492,13.034600257873535,7.691683769226074,7.789859771728516,7.6137189865112305,0.7867292165756226,0.7351279854774475,0.8403171896934509,6.193062782287598,5.7447028160095215,4.98226261138916,nan
1.100,0,99.84285736083984,125.86961364746094,115.6412353515625,197.46998596191406,197.0245361328125,194.5430450439453,0.1392042338848114,0.11028973013162613,0.13464565575122833,13.898548126220703,13.882125854492188,15.570590019226074,10.9035062789917,10.135640144348145,13.059937477111816,7.762451648712158,7.907106399536133,7.647388458251953,0.7845068573951721,0.7301216125488281,0.8387567400932312,6.10548734664917,5.592221260070801,4.907748222351074,nan
1.150,0,99.84285736083984,125.86961364746094,115.6412353515625,197.46998596191406,197.0245361328125,194.5430450439453,0.1392042338848114,0.11028973013162613,0.13464565575122833,13.898548126220703,13.882125854492188,15.570590019226074,10.9035062789917,10.135640144348145,13.059937477111816,7.762451648712158,7.907106399536133,7.647388458251953,0.7845068573951721,0.7301216125488281,0.8387567400932312,6.10548734664917,5.592221260070801,4.907748222351074,nan
1.200,0,99.84285736083984,125.86961364746094,115.6412353515625,197.46998596191406,197.0245361328125,194.5430450439453,0.1392042338848114,0.11028973013162613,0.13464565575122833,13.898548126220703,13.882125854492188,15.570590019226074,10.9035062789917,10.135640144348145,13.059937477111816,7.762451648712158,7.907106399536133,7.647388458251953,0.7845068573951721,0.7301216125488281,0.8387567400932312,6.10548734664917,5.592221260070801,4.907748222351074,nan
1.250,0,99.84285736083984,125.86961364746094,115.6412353515625,197.46998596191406,197.0245361328125,194.5430450439453,0.1392042338848114,0.11028973013162613,0.13464565575122833,13.898548126220703,13.882125854492188,15.570590019226074,10.9035062789917,10.135640144348145,13.059937477111816,7.762451648712158,7.907106399536133,7.647388458251953,0.7845068573951721,0.7301216125488281,0.8387567400932312,6.10548734664917,5.592221260070801,4.907748222351074,nan
1.300,0,99.84285736083984,125.86961364746094,115.6412353515625,197.46998596191406,197.0245361328125,194.5430450439453,0.1392042338848114,0.11028973013162613,0.13464565575122833,13.898548126220703,13.882125854492188,15.570590019226074,10.9035062789917,10.135640144348145,13.059937477111816,7.762451648712158,7.907106399536133,7.647388458251953,0.7845068573951721,0.7301216125488281,0.8387567400932312,6.10548734664917,5.592221260070801,4.907748222351074,nan
1.350,0,99.85376739501953,125.93241119384766,115.66838073730469,197.54296875,197.10955810546875,194.56077575683594,0.1393611580133438,0.10978004336357117,0.13549993932247162,13.915736198425293,13.824865341186523,15.67305850982666,10.832952499389648,10.053850173950195,13.126591682434082,7.884708881378174,7.871602535247803,7.711408615112305,0.7784677743911743,0.7272295355796814,0.8375258445739746,6.1821136474609375,5.718551158905029,4.9348673820495605,nan
1.400,0,99.85376739501953,125.93241119384766,115.66838073730469,197.54296875,197.10955810546875,194.56077575683594,0.1393611580133438,0.10978004336357117,0.13549993932247162,13.915736198425293,13.824865341186523,15.67305850982666,10.832952499389648,10.053850173950195,13.126591682434082,7.884708881378174,7.871602535247803,7.711408615112305,0.7784677743911743,0.7272295355796814,0.8375258445739746,6.1821136474609375,5.718551158905029,4.9348673820495605,nan
1.450,0,99.85376739501953,125.93241119384766,115.66838073730469,197.54296875,197.10955810546875,194.56077575683594,0.1393611580133438,0.10978004336357117,0.13549993932247162,13.915736198425293,13.824865341186523,15.67305850982666,10.832952499389648,10.053850173950195,13.126591682434082,7.884708881378174,7.871602535247803,7.711408615112305,0.7784677743911743,0.7272295355796814,0.8375258445739746,6.1821136474609375,5.718551158905029,4.9348673820495605,nan
1.500,0,99.90067291259766,125.92964172363281,115.70201110839844,197.570068359375,197.13011169433594,194.6433868408203,0.13966718316078186,0.10951702296733856,0.13562582433223724,13.952845573425293,13.791439056396484,15.692180633544922,10.890710830688477,10.023255348205566,13.175577163696289,7.886244297027588,7.846661567687988,7.634775161743164,0.7805368900299072,0.726773738861084,0.8396269083023071,6.140426158905029,5.679572582244873,4.9826154708862305,nan
1.550,0,99.90067291259766,125.92964172363281,115.70201110839844,197.570068359375,197.13011169433594,194.6433868408203,0.13966718316078186,0.10951702296733856,0.13562582433223724,13.952845573425293,13.791439056396484,15.692180633544922,10.890710830688477,10.023255348205566,13.175577163696289,7.886244297027588,7.846661567687988,7.634775161743164,0.7805368900299072,0.726773738861084,0.8396269083023071,6.140426158905029,5.679572582244873,4.9826154708862305,nan
1.600,0,99.90067291259766,125.92964172363281,115.70201110839844,197.570068359375,197.13011169433594,194.6433868408203,0.13966718316078186,0.10951702296733856,0.13562582433223724,13.952845573425293,13.791439056396484,15.692180633544922,10.890710830688477,10.023255348205566,13.175577163696289,7.886244297027588,7.846661567687988,7.634775161743164,0.7805368900299072,0.726773738861084,0.8396269083023071,6.140426158905029,5.679572582244873,4.9826154708862305,nan
1.650,0,99.90067291259766,125.92964172363281,115.70201110839844,197.570068359375,197.13011169433594,194.6433868408203,0.13966718316078186,0.10951702296733856,0.13562582433223724,13.952845573425293,13.791439056396484,15.692180633544922,10.890710830688477,10.023255348205566,13.175577163696289,7.886244297027588,7.846661567687988,7.634775161743164,0.7805368900299072,0.726773738861084,0.8396269083023071,6.140426158905029,5.679572582244873,4.9826154708862305,nan
1.700,0,99.90067291259766,125.92964172363281,115.70201110839844,197.570068359375,197.13011169433594,194.6433868408203,0.13966718316078186,0.10951702296733856,0.13562582433223724,13.952845573425293,13.791439056396484,15.692180633544922,10.890710830688477,10.023255348205566,13.175577163696289,7.886244297027588,7.846661567687988,7.634775161743164,0.7805368900299072,0.726773738861084,0.8396269083023071,6.140426158905029,5.679572582244873,4.9826154708862305,nan
1.750,0,99.90383911132812,125.95718383789062,115.70346069335938,197.62098693847656,197.1492919921875,194.63426208496094,0.14020560681819916,0.10934402048587799,0.13636857271194458,14.007078170776367,13.772665023803711,15.778315544128418,10.85171890258789,9.943195343017578,13.228848457336426,8.00916862487793,7.850546836853027,7.681094169616699,0.7747310996055603,0.721951425075531,0.8384195566177368,6.217703819274902,5.691112041473389,4.959847927093506,nan
1.800,0,99.90383911132812,125.95718383789062,115.70346069335938,197.62098693847656,197.1492919921875,194.63426208496094,0.14020560681819916,0.10934402048587799,0.13636857271194458,14.007078170776367,13.772665023803711,15.778315544128418,10.85171890258789,9.943195343017578,13.228848457336426,8.00916862487793,7.850546836853027,7.681094169616699,0.7747310996055603,0.721951425075531,0.8384195566177368,6.217703819274902,5.691112041473389,4.959847927093506,nan
1.850,0,99.90383911132812,125.95718383789062,115.70346069335938,197.62098693847656,197.1492919921875,194.63426208496094,0.14020560681819916,0.10934402048587799,0.13636857271194458,14.007078170776367,13.772665023803711,15.778315544128418,10.85171890258789,9.943195343017578,13.228848457336426,8.00916862487793,7.850546836853027,7.681094169616699,0.7747310996055603,0.721951425075531,0.8384195566177368,6.217703819274902,5.691112041473389,4.959847927093506,nan
1.900,0,99.87484741210938,125.96531677246094,115.68041229248047,197.5964813232422,197.15785217285156,194.5763702392578,0.13926111161708832,0.10837709903717041,0.13442108035087585,13.908681869506836,13.651755332946777,15.549885749816895,10.922987937927246,9.929510116577148,13.167201042175293,7.823038101196289,7.788942813873291,7.446545600891113,0.7853359580039978,0.7273430824279785,0.8467715382575989,6.225719451904297,5.7460455894470215,4.950953960418701,nan
1.950,0,99.87484741210938,125.96531677246094,115.68041229248047,197.5964813232422,197.15785217285156,194.5763702392578,0.13926111161708832,0.10837709903717041,0.13442108035087585,13.908681869506836,13.651755332946777,15.549885749816895,10.922987937927246,9.929510116577148,13.167201042175293,7.823038101196289,7.788942813873291,7.446545600891113,0.7853359580039978,0.7273430824279785,0.8467715382575989,6.225719451904297,5.7460455894470215,4.950953960418701,nan
2.000,0,99.87484741210938,125.96531677246094,115.68041229248047,197.5964813232422,197.15785217285156,194.5763702392578,0.13926111161708832,0.10837709903717041,0.13442108035087585,13.908681869506836,13.651755332946777,15.549885749816895,10.922987937927246,9.929510116577148,13.167201042175293,7.823038101196289,7.788942813873291,7.446545600891113,0.7853359580039978,0.7273430824279785,0.8467715382575989,6.225719451904297,5.7460455894470215,4.950953960418701,nan
2.050,0,99.87484741210938,125.96531677246094,115.68041229248047,197.5964813232422,197.15785217285156,194.5763702392578,0.13926111161708832,0.10837709903717041,0.13442108035087585,13.908681869506836,13.651755332946777,15.549885749816895,10.922987937927246,9.929510116577148,13.167201042175293,7.823038101196289,7.788942813873291,7.446545600891113,0.7853359580039978,0.7273430824279785,0.8467715382575989,6.225719451904297,5.7460455894470215,4.950953960418701,nan
2.100,0,99.86962127685547,125.91315460205078,115.6647720336914,197.5328826904297,197.09532165527344,194.574462890625,0.13711458444595337,0.10747838765382767,0.1331392228603363,13.693581581115723,13.532942771911621,15.399518013000488,10.8620023727417,10.066099166870117,13.085308074951172,7.575725078582764,7.62298059463501,7.3977837562561035,0.7932184934616089,0.743821918964386,0.8497219085693359,6.108524799346924,5.629911422729492,4.908384799957275,nan
2.150,0,99.86962127685547,125.91315460205078,115.6647720336914,197.5328826904297,197.09532165527344,194.574462890625,0.13711458444595337,0.10747838765382767,0.1331392228603363,13.693581581115723,13.532942771911621,15.399518013000488,10.8620023727417,10.066099166870117,13.085308074951172,7.575725078582764,7.62298059463501,7.3977837562561035,0.7932184934616089,0.743821918964386,0.8497219085693359,6.108524799346924,5.629911422729492,4.908384799957275,nan
2.200,0,99.86962127685547,125.91315460205078,115.6647720336914,197.5328826904297,197.09532165527344,194.574462890625,0.13711458444595337,0.10747838765382767,0.1331392228603363,13.693581581115723,13.532942771911621,15.399518013000488,10.8620023727417,10.066099166870117,13.085308074951172,7.575725078582764,7.62298059463501,7.3977837562561035,0.7932184934616089,0.743821918964386,0.8497219085693359,6.108524799346924,5.629911422729492,4.908384799957275,nan
2.250,0,99.86962127685547,125.91315460205078,115.6647720336914,197.5328826904297,197.09532165527344,194.574462890625,0.13711458444595337,0.10747838765382767,0.1331392228603363,13.693581581115723,13.532942771911621,15.399518013000488,10.8620023727417,10.066099166870117,13.085308074951172,7.575725078582764,7.62298059463501,7.3977837562561035,0.7932184934616089,0.743821918964386,0.8497219085693359,6.108524799346924,5.629911422729492,4.908384799957275,nan
2.300,0,99.86530303955078,125.90338134765625,115.66452026367188,197.5284423828125,197.05670166015625,194.58624267578125,0.13578428328037262,0.10657831281423569,0.13305488228797913,13.560138702392578,13.418569564819336,15.389729499816895,10.76696491241455,10.111583709716797,13.083159446716309,7.457934856414795,7.433226108551025,7.381434917449951,0.7940158247947693,0.7535515427589417,0.8501227498054504,6.105758190155029,5.633252143859863,4.824343204498291,nan
2.350,0,99.86530303955078,125.90338134765625,115.66452026367188,197.5284423828125,197.05670166015625,194.58624267578125,0.13578428328037262,0.10657831281423569,0.13305488228797913,13.560138702392578,13.418569564819336,15.389729499816895,10.76696491241455,10.111583709716797,13.083159446716309,7.457934856414795,7.433226108551025,7.381434917449951,0.7940158247947693,0.7535515427589417,0.8501227498054504,6.105758190155029,5.633252143859863,4.824343204498291,nan
2.400,0,99.86530303955078,125.90338134765625,115.66452026367188,197.5284423828125,197.05670166015625,194.58624267578125,0.13578428328037262,0.10657831281423569,0.13305488228797913,13.560138702392578,13.418569564819336,15.389729499816895,10.76696491241455,10.111583709716797,13.083159446716309,7.457934856414795,7.433226108551025,7.381434917449951,0.7940158247947693,0.7535515427589417,0.8501227498054504,6.105758190155029,5.633252143859863,4.824343204498291,nan
2.450,0,99.86530303955078,125.90338134765625,115.66452026367188,197.5284423828125,197.05670166015625,194.58624267578125,0.13578428328037262,0.10657831281423569,0.13305488228797913,13.560138702392578,13.418569564819336,15.389729499816895,10.76696491241455,10.111583709716797,13.083159446716309,7.457934856414795,7.433226108551025,7.381434917449951,0.7940158247947693,0.7535515427589417,0.8501227498054504,6.105758190155029,5.633252143859863,4.824343204498291,nan
2.500,0,99.90214538574219,125.9029541015625,115.69982147216797,197.53720092773438,197.0855255126953,194.66505432128906,0.13550066947937012,0.1073710173368454,0.1320422738790512,13.536808013916016,13.518328666687012,15.277267456054688,10.855432510375977,10.19735336303711,13.002291679382324,7.306163311004639,7.485034465789795,7.294877529144287,0.8019196391105652,0.754335343837738,0.8510875105857849,6.097104072570801,5.680544853210449,4.921905517578125,nan
2.550,0,99.90214538574219,125.9029541015625,115.69982147216797,197.53720092773438,197.0855255126953,194.66505432128906,0.13550066947937012,0.1073710173368454,0.1320422738790512,13.536808013916016,13.518328666687012,15.277267456054688,10.855432510375977,10.19735336303711,13.002291679382324,7.306163311004639,7.485034465789795,7.294877529144287,0.8019196391105652,0.754335343837738,0.8510875105857849,6.097104072570801,5.680544853210449,4.921905517578125,nan
2.600,0,99.90214538574219,125.9029541015625,115.69982147216797,197.53720092773438,197.0855255126953,194.66505432128906,0.13550066947937012,0.1073710173368454,0.1320422738790512,13.536808013916016,13.518328666687012,15.277267456054688,10.855432510375977,10.19735336303711,13.002291679382324,7.306163311004639,7.485034465789795,7.294877529144287,0.8019196391105652,0.754335343837738,0.8510875105857849,6.097104072570801,5.680544853210449,4.921905517578125,nan
2.650,0,99.90214538574219,125.9029541015625,115.69982147216797,197.53720092773438,197.0855255126953,194.66505432128906,0.13550066947937012,0.1073710173368454,0.1320422738790512,13.536808013916016,13.518328666687012,15.277267456054688,10.855432510375977,10.19735336303711,13.002291679382324,7.306163311004639,7.485034465789795,7.294877529144287,0.8019196391105652,0.754335343837738,0.8510875105857849,6.097104072570801,5.680544853210449,4.921905517578125,nan
2.700,0,99.90900421142578,125.91924285888672,115.68499755859375,197.57662963867188,197.0968780517578,194.6368408203125,0.13613753020763397,0.10769381374120712,0.13321544229984283,13.601365089416504,13.560723304748535,15.411027908325195,10.795612335205078,10.163809776306152,13.040176391601562,7.502795696258545,7.567978382110596,7.477834701538086,0.7937153577804565,0.749503493309021,0.8461587429046631,6.186169624328613,5.693802833557129,4.954559326171875,nan
2.750,0,99.90900421142578,125.91924285888672,115.68499755859375,197.57662963867188,197.0968780517578,194.6368408203125,0.13613753020763397,0.10769381374120712,0.13321544229984283,13.601365089416504,13.560723304748535,15.411027908325195,10.795612335205078,10.163809776306152,13.040176391601562,7.502795696258545,7.567978382110596,7.477834701538086,0.7937153577804565,0.749503493309021,0.8461587429046631,6.186169624328613,5.693802833557129,4.954559326171875,nan
2.800,0,99.90900421142578,125.91924285888672,115.68499755859375,197.57662963867188,197.0968780517578,194.6368408203125,0.13613753020763397,0.10769381374120712,0.13321544229984283,13.601365089416504,13.560723304748535,15.411027908325195,10.795612335205078,10.163809776306152,13.040176391601562,7.502795696258545,7.567978382110596,7.477834701538086,0.7937153577804565,0.749503493309021,0.8461587429046631,6.186169624328613,5.693802833557129,4.954559326171875,nan
2.850,0,99.90900421142578,125.91924285888672,115.68499755859375,197.57662963867188,197.0968780517578,194.6368408203125,0.13613753020763397,0.10769381374120712,0.13321544229984283,13.601365089416504,13.560723304748535,15.411027908325195,10.795612335205078,10.163809776306152,13.040176391601562,7.502795696258545,7.567978382110596,7.477834701538086,0.7937153577804565,0.749503493309021,0.8461587429046631,6.186169624328613,5.693802833557129,4.954559326171875,nan
2.900,0,99.75414276123047,125.79377746582031,115.55477905273438,197.33836364746094,196.87783813476562,194.38339233398438,0.1359245330095291,0.10794203728437424,0.1333933174610138,13.559035301208496,13.578436851501465,15.41423511505127,10.793435096740723,10.213682174682617,13.050856590270996,7.4109272956848145,7.481281757354736,7.427364349365234,0.7960326671600342,0.7521986961364746,0.8466755747795105,6.188106536865234,5.71366548538208,4.906219005584717,nan
2.950,0,99.75414276123047,125.79377746582031,115.55477905273438,197.33836364746094,196.87783813476562,194.38339233398438,0.1359245330095291,0.10794203728437424,0.1333933174610138,13.559035301208496,13.578436851501465,15.41423511505127,10.793435096740723,10.213682174682617,13.050856590270996,7.4109272956848145,7.481281757354736,7.427364349365234,0.7960326671600342,0.7521986961364746,0.8466755747795105,6.188106536865234,5.71366548538208,4.906219005584717,nan
3.000,0,99.75414276123047,125.79377746582031,115.55477905273438,197.33836364746094,196.87783813476562,194.38339233398438,0.1359245330095291,0.10794203728437424,0.1333933174610138,13.559035301208496,13.578436851501465,15.41423511505127,10.793435096740723,10.213682174682617,13.050856590270996,7.4109272956848145,7.481281757354736,7.427364349365234,0.7960326671600342,0.7521986961364746,0.8466755747795105,6.188106536865234,5.71366548538208,4.906219005584717,nan
3.050,0,99.75414276123047,125.79377746582031,115.55477905273438,197.33836364746094,196.87783813476562,194.38339233398438,0.1359245330095291,0.10794203728437424,0.1333933174610138,13.559035301208496,13.578436851501465,15.41423511505127,10.793435096740723,10.213682174682617,13.050856590270996,7.4109272956848145,7.481281757354736,7.427364349365234,0.7960326671600342,0.7521986961364746,0.8466755747795105,6.188106536865234,5.71366548538208,4.906219005584717,nan
3.100,0,99.70994567871094,125.75265502929688,115.50706481933594,197.241455078125,196.81161499023438,194.31333923339844,0.13737791776657104,0.10775246471166611,0.13278581202030182,13.697944641113281,13.550158500671387,15.337698936462402,10.863738059997559,10.01114559173584,13.028393745422363,7.5250654220581055,7.625269412994385,7.31810188293457,0.7930925488471985,0.738821268081665,0.8494359850883484,6.080820560455322,5.606296539306641,4.866274833679199,nan
3.150,0,99.70994567871094,125.75265502929688,115.50706481933594,197.241455078125,196.81161499023438,194.31333923339844,0.13737791776657104,0.10775246471166611,0.13278581202030182,13.697944641113281,13.550158500671387,15.337698936462402,10.863738059997559,10.01114559173584,13.028393745422363,7.5250654220581055,7.625269412994385,7.31810188293457,0.7930925488471985,0.738821268081665,0.8494359850883484,6.080820560455322,5.606296539306641,4.866274833679199,nan
3.200,0,99.70994567871094,125.75265502929688,115.50706481933594,197.241455078125,196.81161499023438,194.31333923339844,0.13737791776657104,0.10775246471166611,0.13278581202030182,13.697944641113281,13.550158500671387,15.337698936462402,10.863738059997559,10.01114559173584,13.028393745422363,7.5250654220581055,7.625269412994385,7.31810188293457,0.7930925488471985,0.738821268081665,0.8494359850883484,6.080820560455322,5.606296539306641,4.866274833679199,nan
3.250,0,99.70994567871094,125.75265502929688,115.50706481933594,197.241455078125,196.81161499023438,194.31333923339844,0.13737791776657104,0.10775246471166611,0.13278581202030182,13.697944641113281,13.550158500671387,15.337698936462402,10.863738059997559,10.01114559173584,13.028393745422363,7.5250654220581055,7.625269412994385,7.31810188293457,0.7930925488471985,0.738821268081665,0.8494359850883484,6.080820560455322,5.606296539306641,4.866274833679199,nan
3.300,0,99.74476623535156,125.71380615234375,115.54505157470703,197.2198944091797,196.78744506835938,194.4097442626953,0.13711920380592346,0.10832661390304565,0.13361427187919617,13.676922798156738,13.61815071105957,15.438467979431152,10.826253890991211,10.155054092407227,13.071760177612305,7.552868843078613,7.615807056427002,7.506598949432373,0.7915709018707275,0.745699942111969,0.8467006087303162,6.109079837799072,5.6318039894104,4.858757495880127,nan
3.350,0,99.74476623535156,125.71380615234375,115.54505157470703,197.2198944091797,196.78744506835938,194.4097442626953,0.13711920380592346,0.10832661390304565,0.13361427187919617,13.676922798156738,13.61815071105957,15.438467979431152,10.826253890991211,10.155054092407227,13.071760177612305,7.552868843078613,7.615807056427002,7.506598949432373,0.7915709018707275,0.745699942111969,0.8467006087303162,6.109079837799072,5.6318039894104,4.858757495880127,nan
3.400,0,99.74476623535156,125.71380615234375,115.54505157470703,197.2198944091797,196.78744506835938,194.4097442626953,0.13711920380592346,0.10832661390304565,0.13361427187919617,13.676922798156738,13.61815071105957,15.438467979431152,10.826253890991211,10.155054092407227,13.071760177612305,7.552868843078613,7.615807056427002,7.506598949432373,0.7915709018707275,0.745699942111969,0.8467006087303162,6.109079837799072,5.6318039894104,4.858757495880127,nan
3.450,0,99.74476623535156,125.71380615234375,115.54505157470703,197.2198944091797,196.78744506835938,194.4097442626953,0.13711920380592346,0.10832661390304565,0.13361427187919617,13.676922798156738,13.61815071105957,15.438467979431152,10.826253890991211,10.155054092407227,13.071760177612305,7.552868843078613,7.615807056427002,7.506598949432373,0.7915709018707275,0.745699942111969,0.8467006087303162,6.109079837799072,5.6318039894104,4.858757495880127,nan
3.500,0,99.74059295654297,125.68167877197266,115.58130645751953,197.16119384765625,196.77978515625,194.46923828125,0.137497678399086,0.10894795507192612,0.13275769352912903,13.714099884033203,13.692761421203613,15.344307899475098,10.892843246459961,10.130770683288574,12.965544700622559,7.505805969238281,7.752209186553955,7.452297210693359,0.7942805886268616,0.7398632168769836,0.8449742197990417,5.975773334503174,5.626348972320557,4.810647487640381,nan
3.550,0,99.74059295654297,125.68167877197266,115.58130645751953,197.16119384765625,196.77978515625,194.46923828125,0.137497678399086,0.10894795507192612,0.13275769352912903,13.714099884033203,13.692761421203613,15.344307899475098,10.892843246459961,10.130770683288574,12.965544700622559,7.505805969238281,7.752209186553955,7.452297210693359,0.7942805886268616,0.7398632168769836,0.8449742197990417,5.975773334503174,5.626348972320557,4.810647487640381,nan
3.600,0,99.74059295654297,125.68167877197266,115.58130645751953,197.16119384765625,196.77978515625,194.46923828125,0.137497678399086,0.10894795507192612,0.13275769352912903,13.714099884033203,13.692761421203613,15.344307899475098,10.892843246459961,10.130770683288574,12.965544700622559,7.505805969238281,7.752209186553955,7.452297210693359,0.7942805886268616,0.7398632168769836,0.8449742197990417,5.975773334503174,5.626348972320557,4.810647487640381,nan
3.650,0,99.74059295654297,125.68167877197266,115.58130645751953,197.16119384765625,196.77978515625,194.46923828125,0.137497678399086,0.10894795507192612,0.13275769352912903,13.714099884033203,13.692761421203613,15.344307899475098,10.892843246459961,10.130770683288574,12.965544700622559,7.505805969238281,7.752209186553955,7.452297210693359,0.7942805886268616,0.7398632168769836,0.8449742197990417,5.975773334503174,5.626348972320557,4.810647487640381,nan
3.700,0,99.76044464111328,125.77391815185547,115.58444213867188,197.27455139160156,196.9074249267578,194.44210815429688,0.13760949671268463,0.10853040963411331,0.13337163627147675,13.727984428405762,13.65029525756836,15.41568660736084,10.882044792175293,10.073531150817871,13.061126708984375,7.531936168670654,7.634749412536621,7.373744010925293,0.792690634727478,0.7379716634750366,0.8472620844841003,6.106088161468506,5.654965400695801,4.885856628417969,nan
3.750,0,99.76044464111328,125.77391815185547,115.58444213867188,197.27455139160156,196.9074249267578,194.44210815429688,0.13760949671268463,0.10853040963411331,0.13337163627147675,13.727984428405762,13.65029525756836,15.41568660736084,10.882044792175293,10.073531150817871,13.061126708984375,7.531936168670654,7.634749412536621,7.373744010925293,0.792690634727478,0.7379716634750366,0.8472620844841003,6.106088161468506,5.654965400695801,4.885856628417969,nan
3.800,0,99.76044464111328,125.77391815185547,115.58444213867188,197.27455139160156,196.9074249267578,194.44210815429688,0.13760949671268463,0.10853040963411331,0.13337163627147675,13.727984428405762,13.65029525756836,15.41568660736084,10.882044792175293,10.073531150817871,13.061126708984375,7.531936168670654,7.634749412536621,7.373744010925293,0.792690634727478,0.7379716634750366,0.8472620844841003,6.106088161468506,5.654965400695801,4.885856628417969,nan
3.850,0,99.76044464111328,125.77391815185547,115.58444213867188,197.27455139160156,196.9074249267578,194.44210815429688,0.13760949671268463,0.10853040963411331,0.13337163627147675,13.727984428405762,13.65029525756836,15.41568660736084,10.882044792175293,10.073531150817871,13.061126708984375,7.531936168670654,7.634749412536621,7.373744010925293,0.792690634727478,0.7379716634750366,0.8472620844841003,6.106088161468506,5.654965400695801,4.885856628417969,nan
3.900,0,99.74500274658203,125.79049682617188,115.58504486083984,197.3014678955078,196.9261932373047,194.40817260742188,0.14003115892410278,0.11022605746984482,0.1348845213651657,13.967408180236816,13.86539077758789,15.590633392333984,10.922709465026855,10.03774356842041,13.082223892211914,7.837517738342285,7.949785232543945,7.611564636230469,0.7820140719413757,0.7239423394203186,0.8391079306602478,6.185369491577148,5.657138347625732,4.8880085945129395,nan
3.950,0,99.74500274658203,125.79049682617188,115.58504486083984,197.3014678955078,196.9261932373047,194.40817260742188,0.14003115892410278,0.11022605746984482,0.1348845213651657,13.967408180236816,13.86539077758789,15.590633392333984,10.922709465026855,10.03774356842041,13.082223892211914,7.837517738342285,7.949785232543945,7.611564636230469,0.7820140719413757,0.7239423394203186,0.8391079306602478,6.185369491577148,5.657138347625732,4.8880085945129395,nan
4.000,0,99.74500274658203,125.79049682617188,115.58504486083984,197.3014678955078,196.9261932373047,194.40817260742188,0.14003115892410278,0.11022605746984482,0.1348845213651657,13.967408180236816,13.86539077758789,15.590633392333984,10.922709465026855,10.03774356842041,13.082223892211914,7.837517738342285,7.949785232543945,7.611564636230469,0.7820140719413757,0.7239423394203186,0.8391079306602478,6.185369491577148,5.657138347625732,4.8880085945129395,nan
4.050,0,99.74500274658203,125.79049682617188,115.58504486083984,197.3014678955078,196.9261932373047,194.40817260742188,0.14003115892410278,0.11022605746984482,0.1348845213651657,13.967408180236816,13.86539077758789,15.590633392333984,10.922709465026855,10.03774356842041,13.082223892211914,7.837517738342285,7.949785232543945,7.611564636230469,0.7820140719413757,0.7239423394203186,0.8391079306602478,6.185369491577148,5.657138347625732,4.8880085945129395,nan
4.100,0,99.94606018066406,125.94705200195312,115.7044677734375,197.61074829101562,197.1425018310547,194.7018585205078,0.13522681593894958,0.10751959681510925,0.13252529501914978,13.515387535095215,13.541776657104492,15.333768844604492,10.740396499633789,10.210569381713867,12.97144603729248,7.418606281280518,7.544943332672119,7.506864070892334,0.7946791648864746,0.7540051341056824,0.8459398150444031,6.043649673461914,5.634823799133301,4.852942943572998,nan
4.150,0,99.94606018066406,125.94705200195312,115.7044677734375,197.61074829101562,197.1425018310547,194.7018585205078,0.13522681593894958,0.10751959681510925,0.13252529501914978,13.515387535095215,13.541776657104492,15.333768844604492,10.740396499633789,10.210569381713867,12.97144603729248,7.418606281280518,7.544943332672119,7.506864070892334,0.7946791648864746,0.7540051341056824,0.8459398150444031,6.043649673461914,5.634823799133301,4.852942943572998,nan
4.200,0,99.94606018066406,125.94705200195312,115.7044677734375,197.61074829101562,197.1425018310547,194.7018585205078,0.13522681593894958,0.10751959681510925,0.13252529501914978,13.515387535095215,13.541776657104492,15.333768844604492,10.740396499633789,10.210569381713867,12.97144603729248,7.418606281280518,7.544943332672119,7.506864070892334,0.7946791648864746,0.7540051341056824,0.8459398150444031,6.043649673461914,5.634823799133301,4.852942943572998,nan
4.250,0,99.94606018066406,125.94705200195312,115.7044677734375,197.61074829101562,197.1425018310547,194.7018585205078,0.13522681593894958,0.10751959681510925,0.13252529501914978,13.515387535095215,13.541776657104492,15.333768844604492,10.740396499633789,10.210569381713867,12.97144603729248,7.418606281280518,7.544943332672119,7.506864070892334,0.7946791648864746,0.7540051341056824,0.8459398150444031,6.043649673461914,5.634823799133301,4.852942943572998,nan
4.300,0,99.92731475830078,125.97828674316406,115.70986938476562,197.63864135742188,197.1771240234375,194.67640686035156,0.13639505207538605,0.10724853724241257,0.13155344128608704,13.62959098815918,13.510987281799316,15.222031593322754,10.919829368591309,10.125177383422852,13.01315975189209,7.375075340270996,7.56926155090332,7.238100528717041,0.8011854290962219,0.7494032382965088,0.8548898100852966,6.112018585205078,5.6278581619262695,4.833643913269043,nan
4.350,0,99.92731475830078,125.97828674316406,115.70986938476562,197.63864135742188,197.1771240234375,194.67640686035156,0.13639505207538605,0.10724853724241257,0.13155344128608704,13.62959098815918,13.510987281799316,15.222031593322754,10.919829368591309,10.125177383422852,13.01315975189209,7.375075340270996,7.56926155090332,7.238100528717041,0.8011854290962219,0.7494032382965088,0.8548898100852966,6.112018585205078,5.6278581619262695,4.833643913269043,nan
4.400,0,99.92731475830078,125.97828674316406,115.70986938476562,197.63864135742188,197.1771240234375,194.67640686035156,0.13639505207538605,0.10724853724241257,0.13155344128608704,13.62959098815918,13.510987281799316,15.222031593322754,10.919829368591309,10.125177383422852,13.01315975189209,7.375075340270996,7.56926155090332,7.238100528717041,0.8011854290962219,0.7494032382965088,0.8548898100852966,6.112018585205078,5.6278581619262695,4.833643913269043,nan
4.450,0,99.92731475830078,125.97828674316406,115.70986938476562,197.63864135742188,197.1771240234375,194.67640686035156,0.13639505207538605,0.10724853724241257,0.13155344128608704,13.62959098815918,13.510987281799316,15.222031593322754,10.919829368591309,10.125177383422852,13.01315975189209,7.375075340270996,7.56926155090332,7.238100528717041,0.8011854290962219,0.7494032382965088,0.8548898100852966,6.112018585205078,5.6278581619262695,4.833643913269043,nan
4.500,0,99.92687225341797,125.97197723388672,115.70072174072266,197.62509155273438,197.1787872314453,194.66065979003906,0.1355053186416626,0.10760542750358582,0.13250568509101868,13.54062271118164,13.555268287658691,15.331003189086914,10.784528732299805,10.206750869750977,13.022077560424805,7.4026079177856445,7.506128787994385,7.4332685470581055,0.7964573502540588,0.7529729604721069,0.8493950366973877,6.116176605224609,5.67897891998291,4.84265661239624,nan
4.550,0,99.92687225341797,125.97197723388672,115.70072174072266,197.62509155273438,197.1787872314453,194.66065979003906,0.1355053186416626,0.10760542750358582,0.13250568509101868,13.54062271118164,13.555268287658691,15.331003189086914,10.784528732299805,10.206750869750977,13.022077560424805,7.4026079177856445,7.506128787994385,7.4332685470581055,0.7964573502540588,0.7529729604721069,0.8493950366973877,6.116176605224609,5.67897891998291,4.84265661239624,nan
4.600,0,99.92687225341797,125.97197723388672,115.70072174072266,197.62509155273438,197.1787872314453,194.66065979003906,0.1355053186416626,0.10760542750358582,0.13250568509101868,13.54062271118164,13.555268287658691,15.331003189086914,10.784528732299805,10.206750869750977,13.022077560424805,7.4026079177856445,7.506128787994385,7.4332685470581055,0.7964573502540588,0.7529729604721069,0.8493950366973877,6.116176605224609,5.67897891998291,4.84265661239624,nan
4.650,0,99.92687225341797,125.97197723388672,115.70072174072266,197.62509155273438,197.1787872314453,194.66065979003906,0.1355053186416626,0.10760542750358582,0.13250568509101868,13.54062271118164,13.555268287658691,15.331003189086914,10.784528732299805,10.206750869750977,13.022077560424805,7.4026079177856445,7.506128787994385,7.4332685470581055,0.7964573502540588,0.7529729604721069,0.8493950366973877,6.116176605224609,5.67897891998291,4.84265661239624,nan
4.700,0,99.88468933105469,125.92951965332031,115.67975616455078,197.5481719970703,197.12252807617188,194.61248779296875,0.1366921365261078,0.10684024542570114,0.1334521472454071,13.653451919555664,13.454340934753418,15.437711715698242,10.848286628723145,10.060830116271973,13.152234077453613,7.542837142944336,7.506232261657715,7.351066589355469,0.7945453524589539,0.7477757930755615,0.8519548773765564,6.0211005210876465,5.5779500007629395,4.84150505065918,nan
4.750,0,99.88468933105469,125.92951965332031,115.67975616455078,197.5481719970703,197.12252807617188,194.61248779296875,0.1366921365261078,0.10684024542570114,0.1334521472454071,13.653451919555664,13.454340934753418,15.437711715698242,10.848286628723145,10.060830116271973,13.152234077453613,7.542837142944336,7.506232261657715,7.351066589355469,0.7945453524589539,0.7477757930755615,0.8519548773765564,6.0211005210876465,5.5779500007629395,4.84150505065918,nan
4.800,0,99.88468933105469,125.92951965332031,115.67975616455078,197.5481719970703,197.12252807617188,194.61248779296875,0.1366921365261078,0.10684024542570114,0.1334521472454071,13.653451919555664,13.454340934753418,15.437711715698242,10.848286628723145,10.060830116271973,13.152234077453613,7.542837142944336,7.506232261657715,7.351066589355469,0.7945453524589539,0.7477757930755615,0.8519548773765564,6.0211005210876465,5.5779500007629395,4.84150505065918,nan
4.850,0,99.88468933105469,125.92951965332031,115.67975616455078,197.5481719970703,197.12252807617188,194.61248779296875,0.1366921365261078,0.10684024542570114,0.1334521472454071,13.653451919555664,13.454340934753418,15.437711715698242,10.848286628723145,10.060830116271973,13.152234077453613,7.542837142944336,7.506232261657715,7.351066589355469,0.7945453524589539,0.7477757930755615,0.8519548773765564,6.0211005210876465,5.5779500007629395,4.84150505065918,nan
4.900,0,99.89314270019531,125.931640625,115.65109252929688,197.5806884765625,197.0731201171875,194.5929718017578,0.13738180696964264,0.10805258899927139,0.13566215336322784,13.72350025177002,13.607239723205566,15.689476013183594,10.724929809570312,10.091611862182617,13.1942720413208,7.816110610961914,7.635066032409668,7.7203898429870605,0.781501054763794,0.7416355013847351,0.8409631848335266,6.081302642822266,5.631631851196289,4.856171607971191,nan
4.950,0,99.89314270019531,125.931640625,115.65109252929688,197.5806884765625,197.0731201171875,194.5929718017578,0.13738180696964264,0.10805258899927139,0.13566215336322784,13.72350025177002,13.607239723205566,15.689476013183594,10.724929809570312,10.091611862182617,13.1942720413208,7.816110610961914,7.635066032409668,7.7203898429870605,0.781501054763794,0.7416355013847351,0.8409631848335266,6.081302642822266,5.631631851196289,4.856171607971191,nan
5.000,0,99.89314270019531,125.931640625,115.65109252929688,197.5806884765625,197.0731201171875,194.5929718017578,0.13738180696964264,0.10805258899927139,0.13566215336322784,13.72350025177002,13.607239723205566,15.689476013183594,10.724929809570312,10.091611862182617,13.1942720413208,7.816110610961914,7.635066032409668,7.7203898429870605,0.781501054763794,0.7416355013847351,0.8409631848335266,6.081302642822266,5.631631851196289,4.856171607971191,nan
5.050,0,99.89314270019531,125.931640625,115.65109252929688,197.5806884765625,197.0731201171875,194.5929718017578,0.13738180696964264,0.10805258899927139,0.13566215336322784,13.72350025177002,13.607239723205566,15.689476013183594,10.724929809570312,10.091611862182617,13.1942720413208,7.816110610961914,7.635066032409668,7.7203898429870605,0.781501054763794,0.7416355013847351,0.8409631848335266,6.081302642822266,5.631631851196289,4.856171607971191,nan
5.100,0,99.89165496826172,125.93181610107422,115.67070770263672,197.56871032714844,197.10018920898438,194.6072998046875,0.13757508993148804,0.10765684396028519,0.13370366394519806,13.742603302001953,13.557421684265137,15.465597152709961,10.862799644470215,10.002866744995117,13.11870288848877,7.647635459899902,7.638484001159668,7.4048991203308105,0.7904469966888428,0.7378148436546326,0.8482506275177002,6.115362167358398,5.690322399139404,4.970641136169434,nan
5.150,0,99.89165496826172,125.93181610107422,115.67070770263672,197.56871032714844,197.10018920898438,194.6072998046875,0.13757508993148804,0.10765684396028519,0.13370366394519806,13.742603302001953,13.557421684265137,15.465597152709961,10.862799644470215,10.002866744995117,13.11870288848877,7.647635459899902,7.638484001159668,7.4048991203308105,0.7904469966888428,0.7378148436546326,0.8482506275177002,6.115362167358398,5.690322399139404,4.970641136169434,nan
5.200,0,99.89165496826172,125.93181610107422,115.67070770263672,197.56871032714844,197.10018920898438,194.6072998046875,0.13757508993148804,0.10765684396028519,0.13370366394519806,13.742603302001953,13.557421684265137,15.465597152709961,10.862799644470215,10.002866744995117,13.11870288848877,7.647635459899902,7.638484001159668,7.4048991203308105,0.7904469966888428,0.7378148436546326,0.8482506275177002,6.115362167358398,5.690322399139404,4.970641136169434,nan
5.250,0,99.89165496826172,125.93181610107422,115.67070770263672,197.56871032714844,197.10018920898438,194.6072998046875,0.13757508993148804,0.10765684396028519,0.13370366394519806,13.742603302001953,13.557421684265137,15.465597152709961,10.862799644470215,10.002866744995117,13.11870288848877,7.647635459899902,7.638484001159668,7.4048991203308105,0.7904469966888428,0.7378148436546326,0.8482506275177002,6.115362167358398,5.690322399139404,4.970641136169434,nan
5.300,0,99.90104675292969,125.92315673828125,115.68196868896484,197.5745849609375,197.0945587158203,194.62823486328125,0.1382206231355667,0.1077403873205185,0.13506822288036346,13.808384895324707,13.567009925842285,15.624958038330078,10.853982925415039,10.035069465637207,13.216423988342285,7.754799842834473,7.626187801361084,7.5172553062438965,0.7860429286956787,0.7396669983863831,0.8458533883094788,6.204463005065918,5.6814656257629395,5.038363456726074,nan
5.350,0,99.90104675292969,125.92315673828125,115.68196868896484,197.5745849609375,197.0945587158203,194.62823486328125,0.1382206231355667,0.1077403873205185,0.13506822288036346,13.808384895324707,13.567009925842285,15.624958038330078,10.853982925415039,10.035069465637207,13.216423988342285,7.754799842834473,7.626187801361084,7.5172553062438965,0.7860429286956787,0.7396669983863831,0.8458533883094788,6.204463005065918,5.6814656257629395,5.038363456726074,nan
5.400,0,99.90104675292969,125.92315673828125,115.68196868896484,197.5745849609375,197.0945587158203,194.62823486328125,0.1382206231355667,0.1077403873205185,0.13506822288036346,13.808384895324707,13.567009925842285,15.624958038330078,10.853982925415039,10.035069465637207,13.216423988342285,7.754799842834473,7.626187801361084,7.5172553062438965,0.7860429286956787,0.7396669983863831,0.8458533883094788,6.204463005065918,5.6814656257629395,5.038363456726074,nan
5.450,0,99.90104675292969,125.92315673828125,115.68196868896484,197.5745849609375,197.0945587158203,194.62823486328125,0.1382206231355667,0.1077403873205185,0.13506822288036346,13.808384895324707,13.567009925842285,15.624958038330078,10.853982925415039,10.035069465637207,13.216423988342285,7.754799842834473,7.626187801361084,7.5172553062438965,0.7860429286956787,0.7396669983863831,0.8458533883094788,6.204463005065918,5.6814656257629395,5.038363456726074,nan
5.500,0,99.90355682373047,125.948974609375,115.6738052368164,197.605712890625,197.10987854003906,194.6177520751953,0.13786526024341583,0.10848809778690338,0.13449229300022125,13.773229598999023,13.66396427154541,15.557235717773438,10.817451477050781,10.05805778503418,13.111566543579102,7.714876174926758,7.682143688201904,7.5458984375,0.7853968739509583,0.7361010313034058,0.8427953720092773,6.239157676696777,5.741164207458496,4.979588508605957,nan
5.550,0,99.90355682373047,125.948974609375,115.6738052368164,197.605712890625,197.10987854003906,194.6177520751953,0.13786526024341583,0.10848809778690338,0.13449229300022125,13.773229598999023,13.66396427154541,15.557235717773438,10.817451477050781,10.05805778503418,13.111566543579102,7.714876174926758,7.682143688201904,7.5458984375,0.7853968739509583,0.7361010313034058,0.8427953720092773,6.239157676696777,5.741164207458496,4.979588508605957,nan
5.600,0,99.90355682373047,125.948974609375,115.6738052368164,197.605712890625,197.10987854003906,194.6177520751953,0.13786526024341583,0.10848809778690338,0.13449229300022125,13.773229598999023,13.66396427154541,15.557235717773438,10.817451477050781,10.05805778503418,13.111566543579102,7.714876174926758,7.682143688201904,7.5458984375,0.7853968739509583,0.7361010313034058,0.8427953720092773,6.239157676696777,5.741164207458496,4.979588508605957,nan
5.650,0,99.90355682373047,125.948974609375,115.6738052368164,197.605712890625,197.10987854003906,194.6177520751953,0.13786526024341583,0.10848809778690338,0.13449229300022125,13.773229598999023,13.66396427154541,15.557235717773438,10.817451477050781,10.05805778503418,13.111566543579102,7.714876174926758,7.682143688201904,7.5458984375,0.7853968739509583,0.7361010313034058,0.8427953720092773,6.239157676696777,5.741164207458496,4.979588508605957,nan
5.700,0,99.8889389038086,125.91143798828125,115.65984344482422,197.534423828125,197.07818603515625,194.60354614257812,0.13759219646453857,0.107566237449646,0.13480712473392487,13.743938446044922,13.543819427490234,15.591771125793457,10.833748817443848,10.04616928100586,13.178378105163574,7.669516563415527,7.576253414154053,7.467757225036621,0.7882565259933472,0.7417530417442322,0.8452136516571045,6.115246772766113,5.733315467834473,5.031627178192139,nan
5.750,0,99.8889389038086,125.91143798828125,115.65984344482422,197.534423828125,197.07818603515625,194.60354614257812,0.13759219646453857,0.107566237449646,0.13480712473392487,13.743938446044922,13.543819427490234,15.591771125793457,10.833748817443848,10.04616928100586,13.178378105163574,7.669516563415527,7.576253414154053,7.467757225036621,0.7882565259933472,0.7417530417442322,0.8452136516571045,6.115246772766113,5.733315467834473,5.031627178192139,nan
5.800,0,99.8889389038086,125.91143798828125,115.65984344482422,197.534423828125,197.07818603515625,194.60354614257812,0.13759219646453857,0.107566237449646,0.13480712473392487,13.743938446044922,13.543819427490234,15.591771125793457,10.833748817443848,10.04616928100586,13.178378105163574,7.669516563415527,7.576253414154053,7.467757225036621,0.7882565259933472,0.7417530417442322,0.8452136516571045,6.115246772766113,5.733315467834473,5.031627178192139,nan
5.850,0,99.8889389038086,125.91143798828125,115.65984344482422,197.534423828125,197.07818603515625,194.60354614257812,0.13759219646453857,0.107566237449646,0.13480712473392487,13.743938446044922,13.543819427490234,15.591771125793457,10.833748817443848,10.04616928100586,13.178378105163574,7.669516563415527,7.576253414154053,7.467757225036621,0.7882565259933472,0.7417530417442322,0.8452136516571045,6.115246772766113,5.733315467834473,5.031627178192139,nan
5.900,0,99.85701751708984,125.9327392578125,115.66959381103516,197.53213500976562,197.12779235839844,194.5677947998047,0.1375044733285904,0.10736425966024399,0.1356150507926941,13.730786323547363,13.520675659179688,15.686537742614746,10.737481117248535,10.012619972229004,13.219099998474121,7.776866912841797,7.557664394378662,7.584807395935059,0.7820004820823669,0.740541398525238,0.8427034616470337,6.1819562911987305,5.724160194396973,4.956946849822998,nan
5.950,0,99.85701751708984,125.9327392578125,115.66959381103516,197.53213500976562,197.12779235839844,194.5677947998047,0.1375044733285904,0.10736425966024399,0.1356150507926941,13.730786323547363,13.520675659179688,15.686537742614746,10.737481117248535,10.012619972229004,13.219099998474121,7.776866912841797,7.557664394378662,7.584807395935059,0.7820004820823669,0.740541398525238,0.8427034616470337,6.1819562911987305,5.724160194396973,4.956946849822998,nan
6.000,0,99.85701751708984,125.9327392578125,115.66959381103516,197.53213500976562,197.12779235839844,194.5677947998047,0.1375044733285904,0.10736425966024399,0.1356150507926941,13.730786323547363,13.520675659179688,15.686537742614746,10.737481117248535,10.012619972229004,13.219099998474121,7.776866912841797,7.557664394378662,7.584807395935059,0.7820004820823669,0.740541398525238,0.8427034616470337,6.1819562911987305,5.724160194396973,4.956946849822998,nan
6.050,0,99.85701751708984,125.9327392578125,115.66959381103516,197.53213500976562,197.12779235839844,194.5677947998047,0.1375044733285904,0.10736425966024399,0.1356150507926941,13.730786323547363,13.520675659179688,15.686537742614746,10.737481117248535,10.012619972229004,13.219099998474121,7.776866912841797,7.557664394378662,7.584807395935059,0.7820004820823669,0.740541398525238,0.8427034616470337,6.1819562911987305,5.724160194396973,4.956946849822998,nan
6.100,0,99.8671875,125.919677734375,115.70659637451172,197.49984741210938,197.14404296875,194.63571166992188,0.1384761780500412,0.10795898735523224,0.13532446324825287,13.82922649383545,13.594161033630371,15.657933235168457,10.87092113494873,9.98924446105957,13.232165336608887,7.777032375335693,7.657382965087891,7.49210262298584,0.7860831022262573,0.7348187565803528,0.845077395439148,6.065453052520752,5.753951549530029,4.890271186828613,nan
6.150,0,99.8671875,125.919677734375,115.70659637451172,197.49984741210938,197.14404296875,194.63571166992188,0.1384761780500412,0.10795898735523224,0.13532446324825287,13.82922649383545,13.594161033630371,15.657933235168457,10.87092113494873,9.98924446105957,13.232165336608887,7.777032375335693,7.657382965087891,7.49210262298584,0.7860831022262573,0.7348187565803528,0.845077395439148,6.065453052520752,5.753951549530029,4.890271186828613,nan
6.200,0,99.8671875,125.919677734375,115.70659637451172,197.49984741210938,197.14404296875,194.63571166992188,0.1384761780500412,0.10795898735523224,0.13532446324825287,13.82922649383545,13.594161033630371,15.657933235168457,10.87092113494873,9.98924446105957,13.232165336608887,7.777032375335693,7.657382965087891,7.49210262298584,0.7860831022262573,0.7348187565803528,0.845077395439148,6.065453052520752,5.753951549530029,4.890271186828613,nan
6.250,0,99.8671875,125.919677734375,115.70659637451172,197.49984741210938,197.14404296875,194.63571166992188,0.1384761780500412,0.10795898735523224,0.13532446324825287,13.82922649383545,13.594161033630371,15.657933235168457,10.87092113494873,9.98924446105957,13.232165336608887,7.777032375335693,7.657382965087891,7.49210262298584,0.7860831022262573,0.7348187565803528,0.845077395439148,6.065453052520752,5.753951549530029,4.890271186828613,nan
6.300,0,99.92523193359375,125.93022155761719,115.708251953125,197.57269287109375,197.12973022460938,194.69140625,0.1391829550266266,0.1083536148071289,0.13711515069007874,13.907889366149902,13.644994735717773,15.865354537963867,10.75656795501709,9.972433090209961,13.300787925720215,8.030742645263672,7.724913597106934,7.787890911102295,0.7734148502349854,0.7308491468429565,0.8383542895317078,6.030872344970703,5.680348873138428,4.926668643951416,nan
6.350,0,99.92523193359375,125.93022155761719,115.708251953125,197.57269287109375,197.12973022460938,194.69140625,0.1391829550266266,0.1083536148071289,0.13711515069007874,13.907889366149902,13.644994735717773,15.865354537963867,10.75656795501709,9.972433090209961,13.300787925720215,8.030742645263672,7.724913597106934,7.787890911102295,0.7734148502349854,0.7308491468429565,0.8383542895317078,6.030872344970703,5.680348873138428,4.926668643951416,nan
6.400,0,99.92523193359375,125.93022155761719,115.708251953125,197.57269287109375,197.12973022460938,194.69140625,0.1391829550266266,0.1083536148071289,0.13711515069007874,13.907889366149902,13.644994735717773,15.865354537963867,10.75656795501709,9.972433090209961,13.300787925720215,8.030742645263672,7.724913597106934,7.787890911102295,0.7734148502349854,0.7308491468429565,0.8383542895317078,6.030872344970703,5.680348873138428,4.926668643951416,nan
6.450,0,99.92523193359375,125.93022155761719,115.708251953125,197.57269287109375,197.12973022460938,194.69140625,0.1391829550266266,0.1083536148071289,0.13711515069007874,13.907889366149902,13.644994735717773,15.865354537963867,10.75656795501709,9.972433090209961,13.300787925720215,8.030742645263672,7.724913597106934,7.787890911102295,0.7734148502349854,0.7308491468429565,0.8383542895317078,6.030872344970703,5.680348873138428,4.926668643951416,nan
6.500,0,99.92708587646484,125.98371887207031,115.71076202392578,197.65966796875,197.18338012695312,194.66123962402344,0.13791336119174957,0.10884636640548706,0.1352701038122177,13.781280517578125,13.712869644165039,15.652206420898438,10.802302360534668,10.128653526306152,13.156304359436035,7.7557854652404785,7.6926045417785645,7.653506755828857,0.7838388085365295,0.7386239171028137,0.8405399322509766,6.19572639465332,5.7595977783203125,4.960731029510498,nan
6.550,0,99.92708587646484,125.98371887207031,115.71076202392578,197.65966796875,197.18338012695312,194.66123962402344,0.13791336119174957,0.10884636640548706,0.1352701038122177,13.781280517578125,13.712869644165039,15.652206420898438,10.802302360534668,10.128653526306152,13.156304359436035,7.7557854652404785,7.6926045417785645,7.653506755828857,0.7838388085365295,0.7386239171028137,0.8405399322509766,6.19572639465332,5.7595977783203125,4.960731029510498,nan
6.600,0,99.92708587646484,125.98371887207031,115.71076202392578,197.65966796875,197.18338012695312,194.66123962402344,0.13791336119174957,0.10884636640548706,0.1352701038122177,13.781280517578125,13.712869644165039,15.652206420898438,10.802302360534668,10.128653526306152,13.156304359436035,7.7557854652404785,7.6926045417785645,7.653506755828857,0.7838388085365295,0.7386239171028137,0.8405399322509766,6.19572639465332,5.7595977783203125,4.960731029510498,nan
6.650,0,99.92708587646484,125.98371887207031,115.71076202392578,197.65966796875,197.18338012695312,194.66123962402344,0.13791336119174957,0.10884636640548706,0.1352701038122177,13.781280517578125,13.712869644165039,15.652206420898438,10.802302360534668,10.128653526306152,13.156304359436035,7.7557854652404785,7.6926045417785645,7.653506755828857,0.7838388085365295,0.7386239171028137,0.8405399322509766,6.19572639465332,5.7595977783203125,4.960731029510498,nan
6.700,0,99.92213439941406,125.96184539794922,115.70396423339844,197.62088012695312,197.15000915527344,194.6685333251953,0.13766081631183624,0.10794005542993546,0.13462963700294495,13.755362510681152,13.596328735351562,15.57718276977539,10.827932357788086,10.025093078613281,13.141737937927246,7.705142974853516,7.649992942810059,7.501063346862793,0.7871789932250977,0.7373382449150085,0.8436530828475952,6.035432815551758,5.6777119636535645,4.900155067443848,nan
6.750,0,99.92213439941406,125.96184539794922,115.70396423339844,197.62088012695312,197.15000915527344,194.6685333251953,0.13766081631183624,0.10794005542993546,0.13462963700294495,13.755362510681152,13.596328735351562,15.57718276977539,10.827932357788086,10.025093078613281,13.141737937927246,7.705142974853516,7.649992942810059,7.501063346862793,0.7871789932250977,0.7373382449150085,0.8436530828475952,6.035432815551758,5.6777119636535645,4.900155067443848,nan
6.800,0,99.92213439941406,125.96184539794922,115.70396423339844,197.62088012695312,197.15000915527344,194.6685333251953,0.13766081631183624,0.10794005542993546,0.13462963700294495,13.755362510681152,13.596328735351562,15.57718276977539,10.827932357788086,10.025093078613281,13.141737937927246,7.705142974853516,7.649992942810059,7.501063346862793,0.7871789932250977,0.7373382449150085,0.8436530828475952,6.035432815551758,5.6777119636535645,4.900155067443848,nan
6.850,0,99.92213439941406,125.96184539794922,115.70396423339844,197.62088012695312,197.15000915527344,194.6685333251953,0.13766081631183624,0.10794005542993546,0.13462963700294495,13.755362510681152,13.596328735351562,15.57718276977539,10.827932357788086,10.025093078613281,13.141737937927246,7.705142974853516,7.649992942810059,7.501063346862793,0.7871789932250977,0.7373382449150085,0.8436530828475952,6.035432815551758,5.6777119636535645,4.900155067443848,nan
6.900,0,99.93852996826172,125.95635223388672,115.68372344970703,197.62962341308594,197.13046264648438,194.66378784179688,0.13755382597446442,0.10775206238031387,0.13574273884296417,13.746927261352539,13.572056770324707,15.703225135803223,10.75536823272705,10.083134651184082,13.228979110717773,7.807148456573486,7.606912612915039,7.675619602203369,0.7823834419250488,0.742933452129364,0.8424370884895325,6.013674736022949,5.605288028717041,4.831202507019043,nan
6.950,0,99.93852996826172,125.95635223388672,115.68372344970703,197.62962341308594,197.13046264648438,194.66378784179688,0.13755382597446442,0.10775206238031387,0.13574273884296417,13.746927261352539,13.572056770324707,15.703225135803223,10.75536823272705,10.083134651184082,13.228979110717773,7.807148456573486,7.606912612915039,7.675619602203369,0.7823834419250488,0.742933452129364,0.8424370884895325,6.013674736022949,5.605288028717041,4.831202507019043,nan
7.000,0,99.93852996826172,125.95635223388672,115.68372344970703,197.62962341308594,197.13046264648438,194.66378784179688,0.13755382597446442,0.10775206238031387,0.13574273884296417,13.746927261352539,13.572056770324707,15.703225135803223,10.75536823272705,10.083134651184082,13.228979110717773,7.807148456573486,7.606912612915039,7.675619602203369,0.7823834419250488,0.742933452129364,0.8424370884895325,6.013674736022949,5.605288028717041,4.831202507019043,nan
7.050,0,99.93852996826172,125.95635223388672,115.68372344970703,197.62962341308594,197.13046264648438,194.66378784179688,0.13755382597446442,0.10775206238031387,0.13574273884296417,13.746927261352539,13.572056770324707,15.703225135803223,10.75536823272705,10.083134651184082,13.228979110717773,7.807148456573486,7.606912612915039,7.675619602203369,0.7823834419250488,0.742933452129364,0.8424370884895325,6.013674736022949,5.605288028717041,4.831202507019043,nan
7.100,0,99.92350769042969,125.93878936767578,115.6875991821289,197.60072326660156,197.10110473632812,194.66944885253906,0.1384706348180771,0.10827748477458954,0.1358684003353119,13.836471557617188,13.636335372924805,15.718289375305176,10.807104110717773,10.018266677856445,13.214410781860352,7.86860466003418,7.711892604827881,7.649162769317627,0.7810592651367188,0.7346743941307068,0.8407028317451477,5.961667537689209,5.622663497924805,4.784554481506348,nan
7.150,0,99.92350769042969,125.93878936767578,115.6875991821289,197.60072326660156,197.10110473632812,194.66944885253906,0.1384706348180771,0.10827748477458954,0.1358684003353119,13.836471557617188,13.636335372924805,15.718289375305176,10.807104110717773,10.018266677856445,13.214410781860352,7.86860466003418,7.711892604827881,7.649162769317627,0.7810592651367188,0.7346743941307068,0.8407028317451477,5.961667537689209,5.622663497924805,4.784554481506348,nan
7.200,0,99.92350769042969,125.93878936767578,115.6875991821289,197.60072326660156,197.10110473632812,194.66944885253906,0.1384706348180771,0.10827748477458954,0.1358684003353119,13.836471557617188,13.636335372924805,15.718289375305176,10.807104110717773,10.018266677856445,13.214410781860352,7.86860466003418,7.711892604827881,7.649162769317627,0.7810592651367188,0.7346743941307068,0.8407028317451477,5.961667537689209,5.622663497924805,4.784554481506348,nan
7.250,0,99.92350769042969,125.93878936767578,115.6875991821289,197.60072326660156,197.10110473632812,194.66944885253906,0.1384706348180771,0.10827748477458954,0.1358684003353119,13.836471557617188,13.636335372924805,15.718289375305176,10.807104110717773,10.018266677856445,13.214410781860352,7.86860466003418,7.711892604827881,7.649162769317627,0.7810592651367188,0.7346743941307068,0.8407028317451477,5.961667537689209,5.622663497924805,4.784554481506348,nan
7.300,0,99.9563980102539,125.97181701660156,115.69359588623047,197.66404724121094,197.1385498046875,194.69175720214844,0.1371820867061615,0.10772603005170822,0.13586512207984924,13.712226867675781,13.570444107055664,15.718724250793457,10.731954574584961,10.110844612121582,13.223465919494629,7.748384952545166,7.538550853729248,7.66000509262085,0.7826558351516724,0.7450636625289917,0.8412556648254395,5.994773864746094,5.654028415679932,4.852654933929443,nan
7.350,0,99.9563980102539,125.97181701660156,115.69359588623047,197.66404724121094,197.1385498046875,194.69175720214844,0.1371820867061615,0.10772603005170822,0.13586512207984924,13.712226867675781,13.570444107055664,15.718724250793457,10.731954574584961,10.110844612121582,13.223465919494629,7.748384952545166,7.538550853729248,7.66000509262085,0.7826558351516724,0.7450636625289917,0.8412556648254395,5.994773864746094,5.654028415679932,4.852654933929443,nan
7.400,0,99.9563980102539,125.97181701660156,115.69359588623047,197.66404724121094,197.1385498046875,194.69175720214844,0.1371820867061615,0.10772603005170822,0.13586512207984924,13.712226867675781,13.570444107055664,15.718724250793457,10.731954574584961,10.110844612121582,13.223465919494629,7.748384952545166,7.538550853729248,7.66000509262085,0.7826558351516724,0.7450636625289917,0.8412556648254395,5.994773864746094,5.654028415679932,4.852654933929443,nan
7.450,0,99.9563980102539,125.97181701660156,115.69359588623047,197.66404724121094,197.1385498046875,194.69175720214844,0.1371820867061615,0.10772603005170822,0.13586512207984924,13.712226867675781,13.570444107055664,15.718724250793457,10.731954574584961,10.110844612121582,13.223465919494629,7.748384952545166,7.538550853729248,7.66000509262085,0.7826558351516724,0.7450636625289917,0.8412556648254395,5.994773864746094,5.654028415679932,4.852654933929443,nan
7.500,0,99.93413543701172,125.99899291992188,115.7012710571289,197.67897033691406,197.1948699951172,194.6544952392578,0.13742892444133759,0.10802288353443146,0.13576939702033997,13.733840942382812,13.610774993896484,15.708691596984863,10.739996910095215,10.080409049987793,13.20110034942627,7.79019832611084,7.606655120849609,7.6597089767456055,0.7820097208023071,0.7406197786331177,0.8403691649436951,6.110422134399414,5.694215297698975,4.8811564445495605,nan
7.550,0,99.93413543701172,125.99899291992188,115.7012710571289,197.67897033691406,197.1948699951172,194.6544952392578,0.13742892444133759,0.10802288353443146,0.13576939702033997,13.733840942382812,13.610774993896484,15.708691596984863,10.739996910095215,10.080409049987793,13.20110034942627,7.79019832611084,7.606655120849609,7.6597089767456055,0.7820097208023071,0.7406197786331177,0.8403691649436951,6.110422134399414,5.694215297698975,4.8811564445495605,nan
7.600,0,99.93413543701172,125.99899291992188,115.7012710571289,197.67897033691406,197.1948699951172,194.6544952392578,0.13742892444133759,0.10802288353443146,0.13576939702033997,13.733840942382812,13.610774993896484,15.708691596984863,10.739996910095215,10.080409049987793,13.20110034942627,7.79019832611084,7.606655120849609,7.6597089767456055,0.7820097208023071,0.7406197786331177,0.8403691649436951,6.110422134399414,5.694215297698975,4.8811564445495605,nan
7.650,0,99.93413543701172,125.99899291992188,115.7012710571289,197.67897033691406,197.1948699951172,194.6544952392578,0.13742892444133759,0.10802288353443146,0.13576939702033997,13.733840942382812,13.610774993896484,15.708691596984863,10.739996910095215,10.080409049987793,13.20110034942627,7.79019832611084,7.606655120849609,7.6597089767456055,0.7820097208023071,0.7406197786331177,0.8403691649436951,6.110422134399414,5.694215297698975,4.8811564445495605,nan
7.700,0,99.91696166992188,125.97525787353516,115.67989349365234,197.6455078125,197.1444854736328,194.62831115722656,0.13701002299785614,0.10769323259592056,0.13654537498950958,13.689624786376953,13.566682815551758,15.795554161071777,10.678699493408203,10.129626274108887,13.236044883728027,7.791100025177002,7.533827781677246,7.738966464996338,0.7800578474998474,0.7466546297073364,0.8379601240158081,6.029207229614258,5.639040470123291,4.834963321685791,nan
7.750,0,99.91696166992188,125.97525787353516,115.67989349365234,197.6455078125,197.1444854736328,194.62831115722656,0.13701002299785614,0.10769323259592056,0.13654537498950958,13.689624786376953,13.566682815551758,15.795554161071777,10.678699493408203,10.129626274108887,13.236044883728027,7.791100025177002,7.533827781677246,7.738966464996338,0.7800578474998474,0.7466546297073364,0.8379601240158081,6.029207229614258,5.639040470123291,4.834963321685791,nan
7.800,0,99.91696166992188,125.97525787353516,115.67989349365234,197.6455078125,197.1444854736328,194.62831115722656,0.13701002299785614,0.10769323259592056,0.13654537498950958,13.689624786376953,13.566682815551758,15.795554161071777,10.678699493408203,10.129626274108887,13.236044883728027,7.791100025177002,7.533827781677246,7.738966464996338,0.7800578474998474,0.7466546297073364,0.8379601240158081,6.029207229614258,5.639040470123291,4.834963321685791,nan
7.850,0,99.91696166992188,125.97525787353516,115.67989349365234,197.6455078125,197.1444854736328,194.62831115722656,0.13701002299785614,0.10769323259592056,0.13654537498950958,13.689624786376953,13.566682815551758,15.795554161071777,10.678699493408203,10.129626274108887,13.236044883728027,7.791100025177002,7.533827781677246,7.738966464996338,0.7800578474998474,0.7466546297073364,0.8379601240158081,6.029207229614258,5.639040470123291,4.834963321685791,nan
7.900,0,99.90265655517578,125.9968490600586,115.66764831542969,197.65147399902344,197.17645263671875,194.5855712890625,0.13603678345680237,0.1078369989991188,0.13382409512996674,13.590435981750488,13.587121963500977,15.479118347167969,10.754216194152832,10.198221206665039,13.075821876525879,7.567046165466309,7.581404209136963,7.577690124511719,0.7913076877593994,0.7505799531936646,0.8447394371032715,6.120652198791504,5.673469066619873,4.898549556732178,nan
7.950,0,99.90265655517578,125.9968490600586,115.66764831542969,197.65147399902344,197.17645263671875,194.5855712890625,0.13603678345680237,0.1078369989991188,0.13382409512996674,13.590435981750488,13.587121963500977,15.479118347167969,10.754216194152832,10.198221206665039,13.075821876525879,7.567046165466309,7.581404209136963,7.577690124511719,0.7913076877593994,0.7505799531936646,0.8447394371032715,6.120652198791504,5.673469066619873,4.898549556732178,nan
8.000,0,99.90265655517578,125.9968490600586,115.66764831542969,197.65147399902344,197.17645263671875,194.5855712890625,0.13603678345680237,0.1078369989991188,0.13382409512996674,13.590435981750488,13.587121963500977,15.479118347167969,10.754216194152832,10.198221206665039,13.075821876525879,7.567046165466309,7.581404209136963,7.577690124511719,0.7913076877593994,0.7505799531936646,0.8447394371032715,6.120652198791504,5.673469066619873,4.898549556732178,nan
8.050,0,99.90265655517578,125.9968490600586,115.66764831542969,197.65147399902344,197.17645263671875,194.5855712890625,0.13603678345680237,0.1078369989991188,0.13382409512996674,13.590435981750488,13.587121963500977,15.479118347167969,10.754216194152832,10.198221206665039,13.075821876525879,7.567046165466309,7.581404209136963,7.577690124511719,0.7913076877593994,0.7505799531936646,0.8447394371032715,6.120652198791504,5.673469066619873,4.898549556732178,nan
8.100,0,99.92353057861328,125.97769927978516,115.70406341552734,197.6477813720703,197.16799926757812,194.65817260742188,0.13727018237113953,0.10734106600284576,0.13382397592067719,13.716521263122559,13.52258014678955,15.483978271484375,10.84842300415039,10.040291786193848,13.135322570800781,7.64611291885376,7.613454818725586,7.435262203216553,0.7909018993377686,0.7424834370613098,0.84831702709198,6.111579418182373,5.715788841247559,4.923776626586914,nan
8.150,0,99.92353057861328,125.97769927978516,115.70406341552734,197.6477813720703,197.16799926757812,194.65817260742188,0.13727018237113953,0.10734106600284576,0.13382397592067719,13.716521263122559,13.52258014678955,15.483978271484375,10.84842300415039,10.040291786193848,13.135322570800781,7.64611291885376,7.613454818725586,7.435262203216553,0.7909018993377686,0.7424834370613098,0.84831702709198,6.111579418182373,5.715788841247559,4.923776626586914,nan
8.200,0,99.92353057861328,125.97769927978516,115.70406341552734,197.6477813720703,197.16799926757812,194.65817260742188,0.13727018237113953,0.10734106600284576,0.13382397592067719,13.716521263122559,13.52258014678955,15.483978271484375,10.84842300415039,10.040291786193848,13.135322570800781,7.64611291885376,7.613454818725586,7.435262203216553,0.7909018993377686,0.7424834370613098,0.84831702709198,6.111579418182373,5.715788841247559,4.923776626586914,nan
8.250,0,99.92353057861328,125.97769927978516,115.70406341552734,197.6477813720703,197.16799926757812,194.65817260742188,0.13727018237113953,0.10734106600284576,0.13382397592067719,13.716521263122559,13.52258014678955,15.483978271484375,10.84842300415039,10.040291786193848,13.135322570800781,7.64611291885376,7.613454818725586,7.435262203216553,0.7909018993377686,0.7424834370613098,0.84831702709198,6.111579418182373,5.715788841247559,4.923776626586914,nan
8.300,0,99.92597961425781,126.00315856933594,115.71566009521484,197.677734375,197.2045135498047,194.66200256347656,0.13828329741954803,0.1083696037530899,0.13457807898521423,13.818094253540039,13.654911994934082,15.57279109954834,10.854447364807129,10.04129409790039,13.151386260986328,7.73234224319458,7.69685697555542,7.515456676483154,0.7855241894721985,0.7353613376617432,0.844510555267334,6.152504920959473,5.740885257720947,4.935238361358643,nan
8.350,0,99.92597961425781,126.00315856933594,115.71566009521484,197.677734375,197.2045135498047,194.66200256347656,0.13828329741954803,0.1083696037530899,0.13457807898521423,13.818094253540039,13.654911994934082,15.57279109954834,10.854447364807129,10.04129409790039,13.151386260986328,7.73234224319458,7.69685697555542,7.515456676483154,0.7855241894721985,0.7353613376617432,0.844510555267334,6.152504920959473,5.740885257720947,4.935238361358643,nan
8.400,0,99.92597961425781,126.00315856933594,115.71566009521484,197.677734375,197.2045135498047,194.66200256347656,0.13828329741954803,0.1083696037530899,0.13457807898521423,13.818094253540039,13.654911994934082,15.57279109954834,10.854447364807129,10.04129409790039,13.151386260986328,7.73234224319458,7.69685697555542,7.515456676483154,0.7855241894721985,0.7353613376617432,0.844510555267334,6.152504920959473,5.740885257720947,4.935238361358643,nan
8.450,0,99.92597961425781,126.00315856933594,115.71566009521484,197.677734375,197.2045135498047,194.66200256347656,0.13828329741954803,0.1083696037530899,0.13457807898521423,13.818094253540039,13.654911994934082,15.57279109954834,10.854447364807129,10.04129409790039,13.151386260986328,7.73234224319458,7.69685697555542,7.515456676483154,0.7855241894721985,0.7353613376617432,0.844510555267334,6.152504920959473,5.740885257720947,4.935238361358643,nan
8.500,0,99.93269348144531,125.99491119384766,115.70246124267578,197.66561889648438,197.20437622070312,194.65028381347656,0.13937388360500336,0.10989126563072205,0.1351832002401352,13.928007125854492,13.84574031829834,15.641029357910156,10.892911911010742,10.051324844360352,13.12958812713623,7.861155033111572,7.89589262008667,7.6448798179626465,0.7820869088172913,0.7259507179260254,0.8394324779510498,6.1590576171875,5.760825157165527,4.954701900482178,nan
8.550,0,99.93269348144531,125.99491119384766,115.70246124267578,197.66561889648438,197.20437622070312,194.65028381347656,0.13937388360500336,0.10989126563072205,0.1351832002401352,13.928007125854492,13.84574031829834,15.641029357910156,10.892911911010742,10.051324844360352,13.12958812713623,7.861155033111572,7.89589262008667,7.6448798179626465,0.7820869088172913,0.7259507179260254,0.8394324779510498,6.1590576171875,5.760825157165527,4.954701900482178,nan
8.600,0,99.93269348144531,125.99491119384766,115.70246124267578,197.66561889648438,197.20437622070312,194.65028381347656,0.13937388360500336,0.10989126563072205,0.1351832002401352,13.928007125854492,13.84574031829834,15.641029357910156,10.892911911010742,10.051324844360352,13.12958812713623,7.861155033111572,7.89589262008667,7.6448798179626465,0.7820869088172913,0.7259507179260254,0.8394324779510498,6.1590576171875,5.760825157165527,4.954701900482178,nan
8.650,0,99.93269348144531,125.99491119384766,115.70246124267578,197.66561889648438,197.20437622070312,194.65028381347656,0.13937388360500336,0.10989126563072205,0.1351832002401352,13.928007125854492,13.84574031829834,15.641029357910156,10.892911911010742,10.051324844360352,13.12958812713623,7.861155033111572,7.89589262008667,7.6448798179626465,0.7820869088172913,0.7259507179260254,0.8394324779510498,6.1590576171875,5.760825157165527,4.954701900482178,nan
8.700,0,99.9178695678711,125.96991729736328,115.71833801269531,197.61883544921875,197.184814453125,194.6741485595703,0.1396394819021225,0.1092560887336731,0.13456818461418152,13.952479362487793,13.762980461120605,15.572006225585938,10.945699691772461,9.969136238098145,13.13963794708252,7.811026096343994,7.855734348297119,7.482899188995361,0.7844985127449036,0.7243443131446838,0.8437986373901367,6.0660576820373535,5.692140579223633,4.8588457107543945,nan
8.750,0,99.9178695678711,125.96991729736328,115.71833801269531,197.61883544921875,197.184814453125,194.6741485595703,0.1396394819021225,0.1092560887336731,0.13456818461418152,13.952479362487793,13.762980461120605,15.572006225585938,10.945699691772461,9.969136238098145,13.13963794708252,7.811026096343994,7.855734348297119,7.482899188995361,0.7844985127449036,0.7243443131446838,0.8437986373901367,6.0660576820373535,5.692140579223633,4.8588457107543945,nan
8.800,0,99.9178695678711,125.96991729736328,115.71833801269531,197.61883544921875,197.184814453125,194.6741485595703,0.1396394819021225,0.1092560887336731,0.13456818461418152,13.952479362487793,13.762980461120605,15.572006225585938,10.945699691772461,9.969136238098145,13.13963794708252,7.811026096343994,7.855734348297119,7.482899188995361,0.7844985127449036,0.7243443131446838,0.8437986373901367,6.0660576820373535,5.692140579223633,4.8588457107543945,nan
8.850,0,99.9178695678711,125.96991729736328,115.71833801269531,197.61883544921875,197.184814453125,194.6741485595703,0.1396394819021225,0.1092560887336731,0.13456818461418152,13.952479362487793,13.762980461120605,15.572006225585938,10.945699691772461,9.969136238098145,13.13963794708252,7.811026096343994,7.855734348297119,7.482899188995361,0.7844985127449036,0.7243443131446838,0.8437986373901367,6.0660576820373535,5.692140579223633,4.8588457107543945,nan
8.900,0,99.90381622314453,126.02778625488281,115.70470428466797,197.666015625,197.249755859375,194.62290954589844,0.13903482258319855,0.10835174471139908,0.13298365473747253,13.890109062194824,13.655330657958984,15.386834144592285,10.988483428955078,9.938440322875977,13.075849533081055,7.704137802124023,7.847942352294922,7.327768802642822,0.7911012768745422,0.7278066277503967,0.8498076796531677,6.09613561630249,5.673872470855713,4.831546306610107,nan
8.950,0,99.90381622314453,126.02778625488281,115.70470428466797,197.666015625,197.249755859375,194.62290954589844,0.13903482258319855,0.10835174471139908,0.13298365473747253,13.890109062194824,13.655330657958984,15.386834144592285,10.988483428955078,9.938440322875977,13.075849533081055,7.704137802124023,7.847942352294922,7.327768802642822,0.7911012768745422,0.7278066277503967,0.8498076796531677,6.09613561630249,5.673872470855713,4.831546306610107,nan
9.000,0,99.90381622314453,126.02778625488281,115.70470428466797,197.666015625,197.249755859375,194.62290954589844,0.13903482258319855,0.10835174471139908,0.13298365473747253,13.890109062194824,13.655330657958984,15.386834144592285,10.988483428955078,9.938440322875977,13.075849533081055,7.704137802124023,7.847942352294922,7.327768802642822,0.7911012768745422,0.7278066277503967,0.8498076796531677,6.09613561630249,5.673872470855713,4.831546306610107,nan
9.050,0,99.90381622314453,126.02778625488281,115.70470428466797,197.666015625,197.249755859375,194.62290954589844,0.13903482258319855,0.10835174471139908,0.13298365473747253,13.890109062194824,13.655330657958984,15.386834144592285,10.988483428955078,9.938440322875977,13.075849533081055,7.704137802124023,7.847942352294922,7.327768802642822,0.7911012768745422,0.7278066277503967,0.8498076796531677,6.09613561630249,5.673872470855713,4.831546306610107,nan
9.100,0,99.93988800048828,125.96918487548828,115.74114990234375,197.6114959716797,197.21424865722656,194.72482299804688,0.137198343873024,0.10956956446170807,0.13378717005252838,13.711586952209473,13.802389144897461,15.484681129455566,10.841246604919434,10.214801788330078,13.013862609863281,7.584943771362305,7.7680158615112305,7.607822895050049,0.7906631827354431,0.740074872970581,0.8404346704483032,6.053271770477295,5.69185209274292,4.850341796875,nan
9.150,0,99.93988800048828,125.96918487548828,115.74114990234375,197.6114959716797,197.21424865722656,194.72482299804688,0.137198343873024,0.10956956446170807,0.13378717005252838,13.711586952209473,13.802389144897461,15.484681129455566,10.841246604919434,10.214801788330078,13.013862609863281,7.584943771362305,7.7680158615112305,7.607822895050049,0.7906631827354431,0.740074872970581,0.8404346704483032,6.053271770477295,5.69185209274292,4.850341796875,nan
9.200,0,99.93988800048828,125.96918487548828,115.74114990234375,197.6114959716797,197.21424865722656,194.72482299804688,0.137198343873024,0.10956956446170807,0.13378717005252838,13.711586952209473,13.802389144897461,15.484681129455566,10.841246604919434,10.214801788330078,13.013862609863281,7.584943771362305,7.7680158615112305,7.607822895050049,0.7906631827354431,0.740074872970581,0.8404346704483032,6.053271770477295,5.69185209274292,4.850341796875,nan
9.250,0,99.93988800048828,125.96918487548828,115.74114990234375,197.6114959716797,197.21424865722656,194.72482299804688,0.137198343873024,0.10956956446170807,0.13378717005252838,13.711586952209473,13.802389144897461,15.484681129455566,10.841246604919434,10.214801788330078,13.013862609863281,7.584943771362305,7.7680158615112305,7.607822895050049,0.7906631827354431,0.740074872970581,0.8404346704483032,6.053271770477295,5.69185209274292,4.850341796875,nan
9.300,0,99.93928527832031,125.98047637939453,115.74530029296875,197.64688110351562,197.20745849609375,194.7223663330078,0.13665881752967834,0.10782161355018616,0.13321878015995026,13.657584190368652,13.583417892456055,15.419447898864746,10.836454391479492,10.121153831481934,13.048503875732422,7.523754119873047,7.618556022644043,7.437715530395508,0.7934386134147644,0.7451109886169434,0.8462367653846741,6.095861434936523,5.669011116027832,4.857154846191406,nan
9.350,0,99.93928527832031,125.98047637939453,115.74530029296875,197.64688110351562,197.20745849609375,194.7223663330078,0.13665881752967834,0.10782161355018616,0.13321878015995026,13.657584190368652,13.583417892456055,15.419447898864746,10.836454391479492,10.121153831481934,13.048503875732422,7.523754119873047,7.618556022644043,7.437715530395508,0.7934386134147644,0.7451109886169434,0.8462367653846741,6.095861434936523,5.669011116027832,4.857154846191406,nan
9.400,0,99.93928527832031,125.98047637939453,115.74530029296875,197.64688110351562,197.20745849609375,194.7223663330078,0.13665881752967834,0.10782161355018616,0.13321878015995026,13.657584190368652,13.583417892456055,15.419447898864746,10.836454391479492,10.121153831481934,13.048503875732422,7.523754119873047,7.618556022644043,7.437715530395508,0.7934386134147644,0.7451109886169434,0.8462367653846741,6.095861434936523,5.669011116027832,4.857154846191406,nan
9.450,0,99.93928527832031,125.98047637939453,115.74530029296875,197.64688110351562,197.20745849609375,194.7223663330078,0.13665881752967834,0.10782161355018616,0.13321878015995026,13.657584190368652,13.583417892456055,15.419447898864746,10.836454391479492,10.121153831481934,13.048503875732422,7.523754119873047,7.618556022644043,7.437715530395508,0.7934386134147644,0.7451109886169434,0.8462367653846741,6.095861434936523,5.669011116027832,4.857154846191406,nan
9.500,0,99.94235229492188,126.00475311279297,115.72901153564453,197.6762237548828,197.2282257080078,194.69415283203125,0.13628454506397247,0.10778895020484924,0.13356664776802063,13.620597839355469,13.58191967010498,15.457535743713379,10.797078132629395,10.123756408691406,13.089492797851562,7.534581184387207,7.5392022132873535,7.44768762588501,0.7927021980285645,0.7453848123550415,0.8468033075332642,6.119280815124512,5.711605548858643,4.833556175231934,nan
9.550,0,99.94235229492188,126.00475311279297,115.72901153564453,197.6762237548828,197.2282257080078,194.69415283203125,0.13628454506397247,0.10778895020484924,0.13356664776802063,13.620597839355469,13.58191967010498,15.457535743713379,10.797078132629395,10.123756408691406,13.089492797851562,7.534581184387207,7.5392022132873535,7.44768762588501,0.7927021980285645,0.7453848123550415,0.8468033075332642,6.119280815124512,5.711605548858643,4.833556175231934,nan
9.600,0,99.94235229492188,126.00475311279297,115.72901153564453,197.6762237548828,197.2282257080078,194.69415283203125,0.13628454506397247,0.10778895020484924,0.13356664776802063,13.620597839355469,13.58191967010498,15.457535743713379,10.797078132629395,10.123756408691406,13.089492797851562,7.534581184387207,7.5392022132873535,7.44768762588501,0.7927021980285645,0.7453848123550415,0.8468033075332642,6.119280815124512,5.711605548858643,4.833556175231934,nan
9.650,0,99.94235229492188,126.00475311279297,115.72901153564453,197.6762237548828,197.2282257080078,194.69415283203125,0.13628454506397247,0.10778895020484924,0.13356664776802063,13.620597839355469,13.58191967010498,15.457535743713379,10.797078132629395,10.123756408691406,13.089492797851562,7.534581184387207,7.5392022132873535,7.44768762588501,0.7927021980285645,0.7453848123550415,0.8468033075332642,6.119280815124512,5.711605548858643,4.833556175231934,nan
9.700,0,99.92286682128906,125.93030548095703,115.71942138671875,197.56622314453125,197.15213012695312,194.6953887939453,0.13735127449035645,0.1085919439792633,0.13580574095249176,13.724533081054688,13.675016403198242,15.715361595153809,10.744572639465332,10.151721954345703,13.186698913574219,7.749050617218018,7.622226238250732,7.710138320922852,0.7828734517097473,0.7423554062843323,0.8390961289405823,6.039884567260742,5.665800094604492,4.848237991333008,nan
9.750,0,99.92286682128906,125.93030548095703,115.71942138671875,197.56622314453125,197.15213012695312,194.6953887939453,0.13735127449035645,0.1085919439792633,0.13580574095249176,13.724533081054688,13.675016403198242,15.715361595153809,10.744572639465332,10.151721954345703,13.186698913574219,7.749050617218018,7.622226238250732,7.710138320922852,0.7828734517097473,0.7423554062843323,0.8390961289405823,6.039884567260742,5.665800094604492,4.848237991333008,nan
9.800,0,99.92286682128906,125.93030548095703,115.71942138671875,197.56622314453125,197.15213012695312,194.6953887939453,0.13735127449035645,0.1085919439792633,0.13580574095249176,13.724533081054688,13.675016403198242,15.715361595153809,10.744572639465332,10.151721954345703,13.186698913574219,7.749050617218018,7.622226238250732,7.710138320922852,0.7828734517097473,0.7423554062843323,0.8390961289405823,6.039884567260742,5.665800094604492,4.848237991333008,nan
9.850,0,99.92286682128906,125.93030548095703,115.71942138671875,197.56622314453125,197.15213012695312,194.6953887939453,0.13735127449035645,0.1085919439792633,0.13580574095249176,13.724533081054688,13.675016403198242,15.715361595153809,10.744572639465332,10.151721954345703,13.186698913574219,7.749050617218018,7.622226238250732,7.710138320922852,0.7828734517097473,0.7423554062843323,0.8390961289405823,6.039884567260742,5.665800094604492,4.848237991333008,nan
9.900,0,99.90318298339844,125.95481872558594,115.73688507080078,197.57327270507812,197.19253540039062,194.69180297851562,0.1388319581747055,0.10902386903762817,0.13633045554161072,13.869754791259766,13.732081413269043,15.778462409973145,10.788165092468262,10.06285285949707,13.214397430419922,7.905749320983887,7.768768310546875,7.75344181060791,0.7778194546699524,0.7327988147735596,0.8374958634376526,6.053340435028076,5.64933443069458,4.788240432739258,nan
9.950,0,99.90318298339844,125.95481872558594,115.73688507080078,197.57327270507812,197.19253540039062,194.69180297851562,0.1388319581747055,0.10902386903762817,0.13633045554161072,13.869754791259766,13.732081413269043,15.778462409973145,10.788165092468262,10.06285285949707,13.214397430419922,7.905749320983887,7.768768310546875,7.75344181060791,0.7778194546699524,0.7327988147735596,0.8374958634376526,6.053340435028076,5.64933443069458,4.788240432739258,nan
10.000,0,99.90318298339844,125.95481872558594,115.73688507080078,197.57327270507812,197.19253540039062,194.69180297851562,0.1388319581747055,0.10902386903762817,0.13633045554161072,13.869754791259766,13.732081413269043,15.778462409973145,10.788165092468262,10.06285285949707,13.214397430419922,7.905749320983887,7.768768310546875,7.75344181060791,0.7778194546699524,0.7327988147735596,0.8374958634376526,6.053340435028076,5.64933443069458,4.788240432739258,nan
10.050,0,99.90318298339844,125.95481872558594,115.73688507080078,197.57327270507812,197.19253540039062,194.69180297851562,0.1388319581747055,0.10902386903762817,0.13633045554161072,13.869754791259766,13.732081413269043,15.778462409973145,10.788165092468262,10.06285285949707,13.214397430419922,7.905749320983887,7.768768310546875,7.75344181060791,0.7778194546699524,0.7327988147735596,0.8374958634376526,6.053340435028076,5.64933443069458,4.788240432739258,nan
10.100,0,99.9181137084961,125.94140625,115.76597595214844,197.54295349121094,197.21343994140625,194.7484130859375,0.1391514241695404,0.10897504538297653,0.13655981421470642,13.90374755859375,13.724470138549805,15.808979988098145,10.810476303100586,10.010854721069336,13.281966209411621,7.939554691314697,7.741119384765625,7.716975212097168,0.7775225043296814,0.7294164896011353,0.8401532769203186,5.965111255645752,5.721324920654297,4.756679058074951,nan
10.150,0,99.9181137084961,125.94140625,115.76597595214844,197.54295349121094,197.21343994140625,194.7484130859375,0.1391514241695404,0.10897504538297653,0.13655981421470642,13.90374755859375,13.724470138549805,15.808979988098145,10.810476303100586,10.010854721069336,13.281966209411621,7.939554691314697,7.741119384765625,7.716975212097168,0.7775225043296814,0.7294164896011353,0.8401532769203186,5.965111255645752,5.721324920654297,4.756679058074951,nan
10.200,0,99.9181137084961,125.94140625,115.76597595214844,197.54295349121094,197.21343994140625,194.7484130859375,0.1391514241695404,0.10897504538297653,0.13655981421470642,13.90374755859375,13.724470138549805,15.808979988098145,10.810476303100586,10.010854721069336,13.281966209411621,7.939554691314697,7.741119384765625,7.716975212097168,0.7775225043296814,0.7294164896011353,0.8401532769203186,5.965111255645752,5.721324920654297,4.756679058074951,nan
10.250,0,99.9181137084961,125.94140625,115.76597595214844,197.54295349121094,197.21343994140625,194.7484130859375,0.1391514241695404,0.10897504538297653,0.13655981421470642,13.90374755859375,13.724470138549805,15.808979988098145,10.810476303100586,10.010854721069336,13.281966209411621,7.939554691314697,7.741119384765625,7.716975212097168,0.7775225043296814,0.7294164896011353,0.8401532769203186,5.965111255645752,5.721324920654297,4.756679058074951,nan
10.300,0,99.91790008544922,125.95710754394531,115.769775390625,197.56558227539062,197.2458038330078,194.73484802246094,0.1401548534631729,0.10932702571153641,0.13678210973739624,14.003978729248047,13.770516395568848,15.835233688354492,10.821101188659668,9.950276374816895,13.239300727844238,8.071028709411621,7.917385101318359,7.795249938964844,0.772716224193573,0.7225782871246338,0.8360660076141357,5.986918926239014,5.673036098480225,4.802117824554443,nan
10.350,0,99.91790008544922,125.95710754394531,115.769775390625,197.56558227539062,197.2458038330078,194.73484802246094,0.1401548534631729,0.10932702571153641,0.13678210973739624,14.003978729248047,13.770516395568848,15.835233688354492,10.821101188659668,9.950276374816895,13.239300727844238,8.071028709411621,7.917385101318359,7.795249938964844,0.772716224193573,0.7225782871246338,0.8360660076141357,5.986918926239014,5.673036098480225,4.802117824554443,nan
10.400,0,99.91790008544922,125.95710754394531,115.769775390625,197.56558227539062,197.2458038330078,194.73484802246094,0.1401548534631729,0.10932702571153641,0.13678210973739624,14.003978729248047,13.770516395568848,15.835233688354492,10.821101188659668,9.950276374816895,13.239300727844238,8.071028709411621,7.917385101318359,7.795249938964844,0.772716224193573,0.7225782871246338,0.8360660076141357,5.986918926239014,5.673036098480225,4.802117824554443,nan
10.450,0,99.91790008544922,125.95710754394531,115.769775390625,197.56558227539062,197.2458038330078,194.73484802246094,0.1401548534631729,0.10932702571153641,0.13678210973739624,14.003978729248047,13.770516395568848,15.835233688354492,10.821101188659668,9.950276374816895,13.239300727844238,8.071028709411621,7.917385101318359,7.795249938964844,0.772716224193573,0.7225782871246338,0.8360660076141357,5.986918926239014,5.673036098480225,4.802117824554443,nan
10.500,0,99.9072494506836,125.99166107177734,115.75920867919922,197.610107421875,197.25730895996094,194.70372009277344,0.13981947302818298,0.10960211604833603,0.13540413975715637,13.968978881835938,13.808952331542969,15.674276351928711,10.903611183166504,10.0331392288208,13.15820026397705,7.9055256843566895,7.930599212646484,7.671115398406982,0.7805589437484741,0.7265677452087402,0.8394773602485657,6.072871208190918,5.726662635803223,4.810306072235107,nan
10.550,0,99.9072494506836,125.99166107177734,115.75920867919922,197.610107421875,197.25730895996094,194.70372009277344,0.13981947302818298,0.10960211604833603,0.13540413975715637,13.968978881835938,13.808952331542969,15.674276351928711,10.903611183166504,10.0331392288208,13.15820026397705,7.9055256843566895,7.930599212646484,7.671115398406982,0.7805589437484741,0.7265677452087402,0.8394773602485657,6.072871208190918,5.726662635803223,4.810306072235107,nan
10.600,0,99.9072494506836,125.99166107177734,115.75920867919922,197.610107421875,197.25730895996094,194.70372009277344,0.13981947302818298,0.10960211604833603,0.13540413975715637,13.968978881835938,13.808952331542969,15.674276351928711,10.903611183166504,10.0331392288208,13.15820026397705,7.9055256843566895,7.930599212646484,7.671115398406982,0.7805589437484741,0.7265677452087402,0.8394773602485657,6.072871208190918,5.726662635803223,4.810306072235107,nan
10.650,0,99.9072494506836,125.99166107177734,115.75920867919922,197.610107421875,197.25730895996094,194.70372009277344,0.13981947302818298,0.10960211604833603,0.13540413975715637,13.968978881835938,13.808952331542969,15.674276351928711,10.903611183166504,10.0331392288208,13.15820026397705,7.9055256843566895,7.930599212646484,7.671115398406982,0.7805589437484741,0.7265677452087402,0.8394773602485657,6.072871208190918,5.726662635803223,4.810306072235107,nan
10.700,0,99.9308090209961,125.95963287353516,115.70027923583984,197.6144256591797,197.1577911376953,194.67384338378906,0.13938689231872559,0.11007212102413177,0.1346815824508667,13.929044723510742,13.864644050598145,15.582696914672852,10.905623435974121,10.047515869140625,13.058502197265625,7.815725326538086,7.94559383392334,7.623353958129883,0.7829412221908569,0.7246861457824707,0.8380129933357239,5.9608306884765625,5.648766994476318,4.818187713623047,nan
10.750,0,99.9308090209961,125.95963287353516,115.70027923583984,197.6144256591797,197.1577911376953,194.67384338378906,0.13938689231872559,0.11007212102413177,0.1346815824508667,13.929044723510742,13.864644050598145,15.582696914672852,10.905623435974121,10.047515869140625,13.058502197265625,7.815725326538086,7.94559383392334,7.623353958129883,0.7829412221908569,0.7246861457824707,0.8380129933357239,5.9608306884765625,5.648766994476318,4.818187713623047,nan
10.800,0,99.9308090209961,125.95963287353516,115.70027923583984,197.6144256591797,197.1577911376953,194.67384338378906,0.13938689231872559,0.11007212102413177,0.1346815824508667,13.929044723510742,13.864644050598145,15.582696914672852,10.905623435974121,10.047515869140625,13.058502197265625,7.815725326538086,7.94559383392334,7.623353958129883,0.7829412221908569,0.7246861457824707,0.8380129933357239,5.9608306884765625,5.648766994476318,4.818187713623047,nan
10.850,0,99.9308090209961,125.95963287353516,115.70027923583984,197.6144256591797,197.1577911376953,194.67384338378906,0.13938689231872559,0.11007212102413177,0.1346815824508667,13.929044723510742,13.864644050598145,15.582696914672852,10.905623435974121,10.047515869140625,13.058502197265625,7.815725326538086,7.94559383392334,7.623353958129883,0.7829412221908569,0.7246861457824707,0.8380129933357239,5.9608306884765625,5.648766994476318,4.818187713623047,nan
10.900,0,99.94832611083984,125.96866607666016,115.71814727783203,197.6402130126953,197.1661834716797,194.71432495117188,0.13935895264148712,0.10919683426618576,0.1351197212934494,13.928693771362305,13.755379676818848,15.635804176330566,10.899560928344727,9.998875617980957,13.173859596252441,7.850831031799316,7.820219039916992,7.5783233642578125,0.7825257182121277,0.7269065380096436,0.842544436454773,6.013476371765137,5.603262901306152,4.87398099899292,nan
10.950,0,99.94832611083984,125.96866607666016,115.71814727783203,197.6402130126953,197.1661834716797,194.71432495117188,0.13935895264148712,0.10919683426618576,0.1351197212934494,13.928693771362305,13.755379676818848,15.635804176330566,10.899560928344727,9.998875617980957,13.173859596252441,7.850831031799316,7.820219039916992,7.5783233642578125,0.7825257182121277,0.7269065380096436,0.842544436454773,6.013476371765137,5.603262901306152,4.87398099899292,nan
11.000,0,99.94832611083984,125.96866607666016,115.71814727783203,197.6402130126953,197.1661834716797,194.71432495117188,0.13935895264148712,0.10919683426618576,0.1351197212934494,13.928693771362305,13.755379676818848,15.635804176330566,10.899560928344727,9.998875617980957,13.173859596252441,7.850831031799316,7.820219039916992,7.5783233642578125,0.7825257182121277,0.7269065380096436,0.842544436454773,6.013476371765137,5.603262901306152,4.87398099899292,nan
11.050,0,99.94832611083984,125.96866607666016,115.71814727783203,197.6402130126953,197.1661834716797,194.71432495117188,0.13935895264148712,0.10919683426618576,0.1351197212934494,13.928693771362305,13.755379676818848,15.635804176330566,10.899560928344727,9.998875617980957,13.173859596252441,7.850831031799316,7.820219039916992,7.5783233642578125,0.7825257182121277,0.7269065380096436,0.842544436454773,6.013476371765137,5.603262901306152,4.87398099899292,nan
11.100,0,99.96141815185547,125.94648742675781,115.72330474853516,197.632080078125,197.13026428222656,194.7447509765625,0.13922257721424103,0.11019593477249146,0.13537617027759552,13.916886329650879,13.878790855407715,15.666177749633789,10.905679702758789,10.120040893554688,13.12195110321045,7.823171615600586,7.891828536987305,7.6833624839782715,0.783629298210144,0.7291731238365173,0.8375974893569946,6.007541179656982,5.635895729064941,4.842283725738525,nan
11.150,0,99.96141815185547,125.94648742675781,115.72330474853516,197.632080078125,197.13026428222656,194.7447509765625,0.13922257721424103,0.11019593477249146,0.13537617027759552,13.916886329650879,13.878790855407715,15.666177749633789,10.905679702758789,10.120040893554688,13.12195110321045,7.823171615600586,7.891828536987305,7.6833624839782715,0.783629298210144,0.7291731238365173,0.8375974893569946,6.007541179656982,5.635895729064941,4.842283725738525,nan
11.200,0,99.96141815185547,125.94648742675781,115.72330474853516,197.632080078125,197.13026428222656,194.7447509765625,0.13922257721424103,0.11019593477249146,0.13537617027759552,13.916886329650879,13.878790855407715,15.666177749633789,10.905679702758789,10.120040893554688,13.12195110321045,7.823171615600586,7.891828536987305,7.6833624839782715,0.783629298210144,0.7291731238365173,0.8375974893569946,6.007541179656982,5.635895729064941,4.842283725738525,nan
11.250,0,99.96141815185547,125.94648742675781,115.72330474853516,197.632080078125,197.13026428222656,194.7447509765625,0.13922257721424103,0.11019593477249146,0.13537617027759552,13.916886329650879,13.878790855407715,15.666177749633789,10.905679702758789,10.120040893554688,13.12195110321045,7.823171615600586,7.891828536987305,7.6833624839782715,0.783629298210144,0.7291731238365173,0.8375974893569946,6.007541179656982,5.635895729064941,4.842283725738525,nan
11.300,0,99.96612548828125,125.989501953125,115.73692321777344,197.674072265625,197.20468139648438,194.7391815185547,0.13974428176879883,0.11019004136323929,0.1355791538953781,13.969694137573242,13.88278865814209,15.691514015197754,10.853629112243652,10.004973411560059,13.099835395812988,7.962230682373047,7.985010623931885,7.754215240478516,0.7769410610198975,0.7206746339797974,0.8348356485366821,6.090442657470703,5.712745189666748,4.9397101402282715,nan
11.350,0,99.96612548828125,125.989501953125,115.73692321777344,197.674072265625,197.20468139648438,194.7391815185547,0.13974428176879883,0.11019004136323929,0.1355791538953781,13.969694137573242,13.88278865814209,15.691514015197754,10.853629112243652,10.004973411560059,13.099835395812988,7.962230682373047,7.985010623931885,7.754215240478516,0.7769410610198975,0.7206746339797974,0.8348356485366821,6.090442657470703,5.712745189666748,4.9397101402282715,nan
11.400,0,99.96612548828125,125.989501953125,115.73692321777344,197.674072265625,197.20468139648438,194.7391815185547,0.13974428176879883,0.11019004136323929,0.1355791538953781,13.969694137573242,13.88278865814209,15.691514015197754,10.853629112243652,10.004973411560059,13.099835395812988,7.962230682373047,7.985010623931885,7.754215240478516,0.7769410610198975,0.7206746339797974,0.8348356485366821,6.090442657470703,5.712745189666748,4.9397101402282715,nan
11.450,0,99.96612548828125,125.989501953125,115.73692321777344,197.674072265625,197.20468139648438,194.7391815185547,0.13974428176879883,0.11019004136323929,0.1355791538953781,13.969694137573242,13.88278865814209,15.691514015197754,10.853629112243652,10.004973411560059,13.099835395812988,7.962230682373047,7.985010623931885,7.754215240478516,0.7769410610198975,0.7206746339797974,0.8348356485366821,6.090442657470703,5.712745189666748,4.9397101402282715,nan
11.500,0,99.93991088867188,125.98322296142578,115.72210693359375,197.6548614501953,197.198974609375,194.69061279296875,0.1377408504486084,0.10954330861568451,0.1353079229593277,13.76580810546875,13.800619125366211,15.65811824798584,10.782444953918457,10.193639755249023,13.109954833984375,7.779892921447754,7.7858452796936035,7.780395030975342,0.7832772731781006,0.7386364340782166,0.8372624516487122,6.153656005859375,5.713973045349121,4.899360656738281,nan
11.550,0,99.93991088867188,125.98322296142578,115.72210693359375,197.6548614501953,197.198974609375,194.69061279296875,0.1377408504486084,0.10954330861568451,0.1353079229593277,13.76580810546875,13.800619125366211,15.65811824798584,10.782444953918457,10.193639755249023,13.109954833984375,7.779892921447754,7.7858452796936035,7.780395030975342,0.7832772731781006,0.7386364340782166,0.8372624516487122,6.153656005859375,5.713973045349121,4.899360656738281,nan
11.600,0,99.93991088867188,125.98322296142578,115.72210693359375,197.6548614501953,197.198974609375,194.69061279296875,0.1377408504486084,0.10954330861568451,0.1353079229593277,13.76580810546875,13.800619125366211,15.65811824798584,10.782444953918457,10.193639755249023,13.109954833984375,7.779892921447754,7.7858452796936035,7.780395030975342,0.7832772731781006,0.7386364340782166,0.8372624516487122,6.153656005859375,5.713973045349121,4.899360656738281,nan
11.650,0,99.93991088867188,125.98322296142578,115.72210693359375,197.6548614501953,197.198974609375,194.69061279296875,0.1377408504486084,0.10954330861568451,0.1353079229593277,13.76580810546875,13.800619125366211,15.65811824798584,10.782444953918457,10.193639755249023,13.109954833984375,7.779892921447754,7.7858452796936035,7.780395030975342,0.7832772731781006,0.7386364340782166,0.8372624516487122,6.153656005859375,5.713973045349121,4.899360656738281,nan
11.700,0,99.9029541015625,125.96751403808594,115.69918060302734,197.60520935058594,197.1641845703125,194.6443634033203,0.13699842989444733,0.10750837624073029,0.13408416509628296,13.686548233032227,13.542562484741211,15.513427734375,10.795442581176758,10.068315505981445,13.122293472290039,7.62943696975708,7.5934062004089355,7.492180824279785,0.7887629866600037,0.7434571981430054,0.8458667993545532,6.021205902099609,5.658240795135498,4.790352821350098,nan
11.750,0,99.9029541015625,125.96751403808594,115.69918060302734,197.60520935058594,197.1641845703125,194.6443634033203,0.13699842989444733,0.10750837624073029,0.13408416509628296,13.686548233032227,13.542562484741211,15.513427734375,10.795442581176758,10.068315505981445,13.122293472290039,7.62943696975708,7.5934062004089355,7.492180824279785,0.7887629866600037,0.7434571981430054,0.8458667993545532,6.021205902099609,5.658240795135498,4.790352821350098,nan
11.800,0,99.9029541015625,125.96751403808594,115.69918060302734,197.60520935058594,197.1641845703125,194.6443634033203,0.13699842989444733,0.10750837624073029,0.13408416509628296,13.686548233032227,13.542562484741211,15.513427734375,10.795442581176758,10.068315505981445,13.122293472290039,7.62943696975708,7.5934062004089355,7.492180824279785,0.7887629866600037,0.7434571981430054,0.8458667993545532,6.021205902099609,5.658240795135498,4.790352821350098,nan
11.850,0,99.9029541015625,125.96751403808594,115.69918060302734,197.60520935058594,197.1641845703125,194.6443634033203,0.13699842989444733,0.10750837624073029,0.13408416509628296,13.686548233032227,13.542562484741211,15.513427734375,10.795442581176758,10.068315505981445,13.122293472290039,7.62943696975708,7.5934062004089355,7.492180824279785,0.7887629866600037,0.7434571981430054,0.8458667993545532,6.021205902099609,5.658240795135498,4.790352821350098,nan
11.900,0,99.91460418701172,126.0086669921875,115.69561004638672,197.65457153320312,197.22232055664062,194.6280517578125,0.13864217698574066,0.10781752318143845,0.13535408675670624,13.852377891540527,13.585942268371582,15.659873962402344,10.839558601379395,9.98222541809082,13.232386589050293,7.846243858337402,7.695976734161377,7.555542945861816,0.7825052738189697,0.7347466349601746,0.8449867963790894,6.071885585784912,5.680627346038818,4.86245059967041,nan
11.950,0,99.91460418701172,126.0086669921875,115.69561004638672,197.65457153320312,197.22232055664062,194.6280517578125,0.13864217698574066,0.10781752318143845,0.13535408675670624,13.852377891540527,13.585942268371582,15.659873962402344,10.839558601379395,9.98222541809082,13.232386589050293,7.846243858337402,7.695976734161377,7.555542945861816,0.7825052738189697,0.7347466349601746,0.8449867963790894,6.071885585784912,5.680627346038818,4.86245059967041,nan
12.000,0,99.91460418701172,126.0086669921875,115.69561004638672,197.65457153320312,197.22232055664062,194.6280517578125,0.13864217698574066,0.10781752318143845,0.13535408675670624,13.852377891540527,13.585942268371582,15.659873962402344,10.839558601379395,9.98222541809082,13.232386589050293,7.846243858337402,7.695976734161377,7.555542945861816,0.7825052738189697,0.7347466349601746,0.8449867963790894,6.071885585784912,5.680627346038818,4.86245059967041,nan
12.050,0,99.91460418701172,126.0086669921875,115.69561004638672,197.65457153320312,197.22232055664062,194.6280517578125,0.13864217698574066,0.10781752318143845,0.13535408675670624,13.852377891540527,13.585942268371582,15.659873962402344,10.839558601379395,9.98222541809082,13.232386589050293,7.846243858337402,7.695976734161377,7.555542945861816,0.7825052738189697,0.7347466349601746,0.8449867963790894,6.071885585784912,5.680627346038818,4.86245059967041,nan
12.100,0,99.94762420654297,125.98934936523438,115.7193832397461,197.66493225097656,197.19369506835938,194.70309448242188,0.13888069987297058,0.10859408974647522,0.1350506693124771,13.880796432495117,13.6816987991333,15.62798023223877,10.850854873657227,9.973755836486816,13.178241729736328,7.839572429656982,7.757567882537842,7.560907363891602,0.7817170023918152,0.7289851903915405,0.8432466387748718,6.108046054840088,5.694397449493408,4.86055326461792,nan
12.150,0,99.94762420654297,125.98934936523438,115.7193832397461,197.66493225097656,197.19369506835938,194.70309448242188,0.13888069987297058,0.10859408974647522,0.1350506693124771,13.880796432495117,13.6816987991333,15.62798023223877,10.850854873657227,9.973755836486816,13.178241729736328,7.839572429656982,7.757567882537842,7.560907363891602,0.7817170023918152,0.7289851903915405,0.8432466387748718,6.108046054840088,5.694397449493408,4.86055326461792,nan
12.200,0,99.94762420654297,125.98934936523438,115.7193832397461,197.66493225097656,197.19369506835938,194.70309448242188,0.13888069987297058,0.10859408974647522,0.1350506693124771,13.880796432495117,13.6816987991333,15.62798023223877,10.850854873657227,9.973755836486816,13.178241729736328,7.839572429656982,7.757567882537842,7.560907363891602,0.7817170023918152,0.7289851903915405,0.8432466387748718,6.108046054840088,5.694397449493408,4.86055326461792,nan
12.250,0,99.94762420654297,125.98934936523438,115.7193832397461,197.66493225097656,197.19369506835938,194.70309448242188,0.13888069987297058,0.10859408974647522,0.1350506693124771,13.880796432495117,13.6816987991333,15.62798023223877,10.850854873657227,9.973755836486816,13.178241729736328,7.839572429656982,7.757567882537842,7.560907363891602,0.7817170023918152,0.7289851903915405,0.8432466387748718,6.108046054840088,5.694397449493408,4.86055326461792,nan
12.300,0,99.92705535888672,125.9884033203125,115.71722412109375,197.64601135253906,197.19554138183594,194.67935180664062,0.13780920207500458,0.107747882604599,0.13358789682388306,13.770867347717285,13.574983596801758,15.458420753479004,10.914839744567871,10.034245491027832,13.131072044372559,7.66042947769165,7.702700138092041,7.413524150848389,0.7926036715507507,0.7391718029975891,0.8494446277618408,6.100167274475098,5.729763984680176,4.846673011779785,nan
12.350,0,99.92705535888672,125.9884033203125,115.71722412109375,197.64601135253906,197.19554138183594,194.67935180664062,0.13780920207500458,0.107747882604599,0.13358789682388306,13.770867347717285,13.574983596801758,15.458420753479004,10.914839744567871,10.034245491027832,13.131072044372559,7.66042947769165,7.702700138092041,7.413524150848389,0.7926036715507507,0.7391718029975891,0.8494446277618408,6.100167274475098,5.729763984680176,4.846673011779785,nan
12.400,0,99.92705535888672,125.9884033203125,115.71722412109375,197.64601135253906,197.19554138183594,194.67935180664062,0.13780920207500458,0.107747882604599,0.13358789682388306,13.770867347717285,13.574983596801758,15.458420753479004,10.914839744567871,10.034245491027832,13.131072044372559,7.66042947769165,7.702700138092041,7.413524150848389,0.7926036715507507,0.7391718029975891,0.8494446277618408,6.100167274475098,5.729763984680176,4.846673011779785,nan
12.450,0,99.92705535888672,125.9884033203125,115.71722412109375,197.64601135253906,197.19554138183594,194.67935180664062,0.13780920207500458,0.107747882604599,0.13358789682388306,13.770867347717285,13.574983596801758,15.458420753479004,10.914839744567871,10.034245491027832,13.131072044372559,7.66042947769165,7.702700138092041,7.413524150848389,0.7926036715507507,0.7391718029975891,0.8494446277618408,6.100167274475098,5.729763984680176,4.846673011779785,nan
12.500,0,99.93284606933594,125.97628021240234,115.70262145996094,197.63766479492188,197.17652893066406,194.66920471191406,0.13649052381515503,0.10762111097574234,0.13328085839748383,13.639886856079102,13.557706832885742,15.420945167541504,10.802541732788086,10.07644271850586,13.063687324523926,7.551032543182373,7.5796098709106445,7.4339470863342285,0.7919817566871643,0.743226170539856,0.8471392393112183,6.115664005279541,5.694446563720703,4.898030757904053,nan
12.550,0,99.93284606933594,125.97628021240234,115.70262145996094,197.63766479492188,197.17652893066406,194.66920471191406,0.13649052381515503,0.10762111097574234,0.13328085839748383,13.639886856079102,13.557706832885742,15.420945167541504,10.802541732788086,10.07644271850586,13.063687324523926,7.551032543182373,7.5796098709106445,7.4339470863342285,0.7919817566871643,0.743226170539856,0.8471392393112183,6.115664005279541,5.694446563720703,4.898030757904053,nan
12.600,0,99.93284606933594,125.97628021240234,115.70262145996094,197.63766479492188,197.17652893066406,194.66920471191406,0.13649052381515503,0.10762111097574234,0.13328085839748383,13.639886856079102,13.557706832885742,15.420945167541504,10.802541732788086,10.07644271850586,13.063687324523926,7.551032543182373,7.5796098709106445,7.4339470863342285,0.7919817566871643,0.743226170539856,0.8471392393112183,6.115664005279541,5.694446563720703,4.898030757904053,nan
12.650,0,99.93284606933594,125.97628021240234,115.70262145996094,197.63766479492188,197.17652893066406,194.66920471191406,0.13649052381515503,0.10762111097574234,0.13328085839748383,13.639886856079102,13.557706832885742,15.420945167541504,10.802541732788086,10.07644271850586,13.063687324523926,7.551032543182373,7.5796098709106445,7.4339470863342285,0.7919817566871643,0.743226170539856,0.8471392393112183,6.115664005279541,5.694446563720703,4.898030757904053,nan
12.700,0,99.90446472167969,125.95380401611328,115.70285034179688,197.59564208984375,197.1507568359375,194.65089416503906,0.13768000900745392,0.10822894424200058,0.13502342998981476,13.754847526550293,13.631847381591797,15.62259578704834,10.780420303344727,10.086657524108887,13.178494453430176,7.771310806274414,7.658205986022949,7.643831253051758,0.7837542295455933,0.7399332523345947,0.8435534238815308,6.093010425567627,5.679349422454834,4.856544494628906,nan
12.750,0,99.90446472167969,125.95380401611328,115.70285034179688,197.59564208984375,197.1507568359375,194.65089416503906,0.13768000900745392,0.10822894424200058,0.13502342998981476,13.754847526550293,13.631847381591797,15.62259578704834,10.780420303344727,10.086657524108887,13.178494453430176,7.771310806274414,7.658205986022949,7.643831253051758,0.7837542295455933,0.7399332523345947,0.8435534238815308,6.093010425567627,5.679349422454834,4.856544494628906,nan
12.800,0,99.90446472167969,125.95380401611328,115.70285034179688,197.59564208984375,197.1507568359375,194.65089416503906,0.13768000900745392,0.10822894424200058,0.13502342998981476,13.754847526550293,13.631847381591797,15.62259578704834,10.780420303344727,10.086657524108887,13.178494453430176,7.771310806274414,7.658205986022949,7.643831253051758,0.7837542295455933,0.7399332523345947,0.8435534238815308,6.093010425567627,5.679349422454834,4.856544494628906,nan
12.850,0,99.90446472167969,125.95380401611328,115.70285034179688,197.59564208984375,197.1507568359375,194.65089416503906,0.13768000900745392,0.10822894424200058,0.13502342998981476,13.754847526550293,13.631847381591797,15.62259578704834,10.780420303344727,10.086657524108887,13.178494453430176,7.771310806274414,7.658205986022949,7.643831253051758,0.7837542295455933,0.7399332523345947,0.8435534238815308,6.093010425567627,5.679349422454834,4.856544494628906,nan
12.900,0,99.89735412597656,125.97779846191406,115.70560455322266,197.6158447265625,197.18629455566406,194.6317138671875,0.13866302371025085,0.10935301333665848,0.1347905993461609,13.852068901062012,13.77605152130127,15.596027374267578,10.855766296386719,10.071951866149902,13.116485595703125,7.776974678039551,7.79678201675415,7.606499671936035,0.7836927771568298,0.7311203479766846,0.8410145044326782,6.163005352020264,5.752492427825928,4.932794570922852,nan
12.950,0,99.89735412597656,125.97779846191406,115.70560455322266,197.6158447265625,197.18629455566406,194.6317138671875,0.13866302371025085,0.10935301333665848,0.1347905993461609,13.852068901062012,13.77605152130127,15.596027374267578,10.855766296386719,10.071951866149902,13.116485595703125,7.776974678039551,7.79678201675415,7.606499671936035,0.7836927771568298,0.7311203479766846,0.8410145044326782,6.163005352020264,5.752492427825928,4.932794570922852,nan
13.000,0,99.89735412597656,125.97779846191406,115.70560455322266,197.6158447265625,197.18629455566406,194.6317138671875,0.13866302371025085,0.10935301333665848,0.1347905993461609,13.852068901062012,13.77605152130127,15.596027374267578,10.855766296386719,10.071951866149902,13.116485595703125,7.776974678039551,7.79678201675415,7.606499671936035,0.7836927771568298,0.7311203479766846,0.8410145044326782,6.163005352020264,5.752492427825928,4.932794570922852,nan
13.050,0,99.89735412597656,125.97779846191406,115.70560455322266,197.6158447265625,197.18629455566406,194.6317138671875,0.13866302371025085,0.10935301333665848,0.1347905993461609,13.852068901062012,13.77605152130127,15.596027374267578,10.855766296386719,10.071951866149902,13.116485595703125,7.776974678039551,7.79678201675415,7.606499671936035,0.7836927771568298,0.7311203479766846,0.8410145044326782,6.163005352020264,5.752492427825928,4.932794570922852,nan
13.100,0,99.94627380371094,125.9637451171875,115.72380828857422,197.638916015625,197.17457580566406,194.70315551757812,0.13767869770526886,0.10901739448308945,0.13512831926345825,13.760473251342773,13.732239723205566,15.637563705444336,10.789384841918945,10.123894691467285,13.135069847106934,7.7271528244018555,7.6804399490356445,7.647834300994873,0.7840852737426758,0.7372354865074158,0.8399690985679626,6.237822532653809,5.87277364730835,5.064371585845947,nan
13.150,0,99.94627380371094,125.9637451171875,115.72380828857422,197.638916015625,197.17457580566406,194.70315551757812,0.13767869770526886,0.10901739448308945,0.13512831926345825,13.760473251342773,13.732239723205566,15.637563705444336,10.789384841918945,10.123894691467285,13.135069847106934,7.7271528244018555,7.6804399490356445,7.647834300994873,0.7840852737426758,0.7372354865074158,0.8399690985679626,6.237822532653809,5.87277364730835,5.064371585845947,nan
13.200,0,99.94627380371094,125.9637451171875,115.72380828857422,197.638916015625,197.17457580566406,194.70315551757812,0.13767869770526886,0.10901739448308945,0.13512831926345825,13.760473251342773,13.732239723205566,15.637563705444336,10.789384841918945,10.123894691467285,13.135069847106934,7.7271528244018555,7.6804399490356445,7.647834300994873,0.7840852737426758,0.7372354865074158,0.8399690985679626,6.237822532653809,5.87277364730835,5.064371585845947,nan
13.250,0,99.94627380371094,125.9637451171875,115.72380828857422,197.638916015625,197.17457580566406,194.70315551757812,0.13767869770526886,0.10901739448308945,0.13512831926345825,13.760473251342773,13.732239723205566,15.637563705444336,10.789384841918945,10.123894691467285,13.135069847106934,7.7271528244018555,7.6804399490356445,7.647834300994873,0.7840852737426758,0.7372354865074158,0.8399690985679626,6.237822532653809,5.87277364730835,5.064371585845947,nan
13.300,0,99.95702362060547,125.98115539550781,115.7211685180664,197.6870574951172,197.16769409179688,194.70657348632812,0.13769416511058807,0.10808170586824417,0.13591696321964264,13.76349925994873,13.61625862121582,15.728469848632812,10.747590065002441,10.096250534057617,13.23047161102295,7.837945938110352,7.634509086608887,7.721978187561035,0.7808762788772583,0.7414849400520325,0.8411798477172852,6.262768268585205,5.8827691078186035,5.064748287200928,nan
13.350,0,99.95702362060547,125.98115539550781,115.7211685180664,197.6870574951172,197.16769409179688,194.70657348632812,0.13769416511058807,0.10808170586824417,0.13591696321964264,13.76349925994873,13.61625862121582,15.728469848632812,10.747590065002441,10.096250534057617,13.23047161102295,7.837945938110352,7.634509086608887,7.721978187561035,0.7808762788772583,0.7414849400520325,0.8411798477172852,6.262768268585205,5.8827691078186035,5.064748287200928,nan
13.400,0,99.95702362060547,125.98115539550781,115.7211685180664,197.6870574951172,197.16769409179688,194.70657348632812,0.13769416511058807,0.10808170586824417,0.13591696321964264,13.76349925994873,13.61625862121582,15.728469848632812,10.747590065002441,10.096250534057617,13.23047161102295,7.837945938110352,7.634509086608887,7.721978187561035,0.7808762788772583,0.7414849400520325,0.8411798477172852,6.262768268585205,5.8827691078186035,5.064748287200928,nan
13.450,0,99.95702362060547,125.98115539550781,115.7211685180664,197.6870574951172,197.16769409179688,194.70657348632812,0.13769416511058807,0.10808170586824417,0.13591696321964264,13.76349925994873,13.61625862121582,15.728469848632812,10.747590065002441,10.096250534057617,13.23047161102295,7.837945938110352,7.634509086608887,7.721978187561035,0.7808762788772583,0.7414849400520325,0.8411798477172852,6.262768268585205,5.8827691078186035,5.064748287200928,nan
13.500,0,99.947998046875,126.0150375366211,115.74668884277344,197.69198608398438,197.2373504638672,194.71981811523438,0.13749879598617554,0.10789445787668228,0.13466598093509674,13.742729187011719,13.59632396697998,15.587141036987305,10.823518753051758,10.076905250549316,13.171531677246094,7.688884258270264,7.622071266174316,7.525031089782715,0.7875814437866211,0.7411492466926575,0.8450254797935486,6.267210960388184,5.895101070404053,5.039285659790039,nan
13.550,0,99.947998046875,126.0150375366211,115.74668884277344,197.69198608398438,197.2373504638672,194.71981811523438,0.13749879598617554,0.10789445787668228,0.13466598093509674,13.742729187011719,13.59632396697998,15.587141036987305,10.823518753051758,10.076905250549316,13.171531677246094,7.688884258270264,7.622071266174316,7.525031089782715,0.7875814437866211,0.7411492466926575,0.8450254797935486,6.267210960388184,5.895101070404053,5.039285659790039,nan
13.600,0,99.947998046875,126.0150375366211,115.74668884277344,197.69198608398438,197.2373504638672,194.71981811523438,0.13749879598617554,0.10789445787668228,0.13466598093509674,13.742729187011719,13.59632396697998,15.587141036987305,10.823518753051758,10.076905250549316,13.171531677246094,7.688884258270264,7.622071266174316,7.525031089782715,0.7875814437866211,0.7411492466926575,0.8450254797935486,6.267210960388184,5.895101070404053,5.039285659790039,nan
13.650,0,99.947998046875,126.0150375366211,115.74668884277344,197.69198608398438,197.2373504638672,194.71981811523438,0.13749879598617554,0.10789445787668228,0.13466598093509674,13.742729187011719,13.59632396697998,15.587141036987305,10.823518753051758,10.076905250549316,13.171531677246094,7.688884258270264,7.622071266174316,7.525031089782715,0.7875814437866211,0.7411492466926575,0.8450254797935486,6.267210960388184,5.895101070404053,5.039285659790039,nan
13.700,0,99.88452911376953,126.15107727050781,115.72091674804688,197.68612670898438,197.20179748535156,194.71205139160156,0.1380220353603363,0.10793983191251755,0.13579316437244415,13.786266326904297,13.61672592163086,15.714109420776367,10.788346290588379,10.044569969177246,13.24190902709961,7.780329704284668,7.613363265991211,7.6043291091918945,0.7825430035591125,0.7376641035079956,0.8426764011383057,6.218533515930176,5.852321147918701,5.023265361785889,nan
13.750,0,99.88452911376953,126.15107727050781,115.72091674804688,197.68612670898438,197.20179748535156,194.71205139160156,0.1380220353603363,0.10793983191251755,0.13579316437244415,13.786266326904297,13.61672592163086,15.714109420776367,10.788346290588379,10.044569969177246,13.24190902709961,7.780329704284668,7.613363265991211,7.6043291091918945,0.7825430035591125,0.7376641035079956,0.8426764011383057,6.218533515930176,5.852321147918701,5.023265361785889,nan
13.800,0,99.88452911376953,126.15107727050781,115.72091674804688,197.68612670898438,197.20179748535156,194.71205139160156,0.1380220353603363,0.10793983191251755,0.13579316437244415,13.786266326904297,13.61672592163086,15.714109420776367,10.788346290588379,10.044569969177246,13.24190902709961,7.780329704284668,7.613363265991211,7.6043291091918945,0.7825430035591125,0.7376641035079956,0.8426764011383057,6.218533515930176,5.852321147918701,5.023265361785889,nan
13.850,0,99.88452911376953,126.15107727050781,115.72091674804688,197.68612670898438,197.20179748535156,194.71205139160156,0.1380220353603363,0.10793983191251755,0.13579316437244415,13.786266326904297,13.61672592163086,15.714109420776367,10.788346290588379,10.044569969177246,13.24190902709961,7.780329704284668,7.613363265991211,7.6043291091918945,0.7825430035591125,0.7376641035079956,0.8426764011383057,6.218533515930176,5.852321147918701,5.023265361785889,nan
13.900,4,89.27928924560547,117.61668395996094,104.8593521118164,179.61929321289062,179.2667694091797,177.6006317138672,3.4967782497406006,3.483348846435547,3.453716993331909,312.18988037109375,409.699951171875,362.154541015625,72.47911071777344,91.43865966796875,1.7416049242019653,297.8080749511719,398.4939270019531,355.58984375,0.23216354846954346,0.22318445146083832,0.004809010308235884,6.778496742248535,6.286349773406982,5.355702877044678,nan
13.950,4,89.27928924560547,117.61668395996094,104.8593521118164,179.61929321289062,179.2667694091797,177.6006317138672,3.4967782497406006,3.483348846435547,3.453716993331909,312.18988037109375,409.699951171875,362.154541015625,72.47911071777344,91.43865966796875,1.7416049242019653,297.8080749511719,398.4939270019531,355.58984375,0.23216354846954346,0.22318445146083832,0.004809010308235884,6.778496742248535,6.286349773406982,5.355702877044678,nan
14.000,4,89.27928924560547,117.61668395996094,104.8593521118164,179.61929321289062,179.2667694091797,177.6006317138672,3.4967782497406006,3.483348846435547,3.453716993331909,312.18988037109375,409.699951171875,362.154541015625,72.47911071777344,91.43865966796875,1.7416049242019653,297.8080749511719,398.4939270019531,355.58984375,0.23216354846954346,0.22318445146083832,0.004809010308235884,6.778496742248535,6.286349773406982,5.355702877044678,nan
14.050,4,89.27928924560547,117.61668395996094,104.8593521118164,179.61929321289062,179.2667694091797,177.6006317138672,3.4967782497406006,3.483348846435547,3.453716993331909,312.18988037109375,409.699951171875,362.154541015625,72.47911071777344,91.43865966796875,1.7416049242019653,297.8080749511719,398.4939270019531,355.58984375,0.23216354846954346,0.22318445146083832,0.004809010308235884,6.778496742248535,6.286349773406982,5.355702877044678,nan
14.100,4,88.980224609375,118.23555755615234,105.21685028076172,179.99896240234375,179.22943115234375,178.38853454589844,3.4175453186035156,3.4670445919036865,3.4583065509796143,304.0939636230469,409.9279479980469,363.87213134765625,68.97512817382812,94.38359069824219,-4.168628215789795,295.4305725097656,398.3797607421875,363.36004638671875,0.22682176530361176,0.23024433851242065,0.01145629957318306,6.686837196350098,6.270469665527344,5.3601975440979,nan
14.150,4,88.980224609375,118.23555755615234,105.21685028076172,179.99896240234375,179.22943115234375,178.38853454589844,3.4175453186035156,3.4670445919036865,3.4583065509796143,304.0939636230469,409.9279479980469,363.87213134765625,68.97512817382812,94.38359069824219,-4.168628215789795,295.4305725097656,398.3797607421875,363.36004638671875,0.22682176530361176,0.23024433851242065,0.01145629957318306,6.686837196350098,6.270469665527344,5.3601975440979,nan
14.200,4,88.980224609375,118.23555755615234,105.21685028076172,179.99896240234375,179.22943115234375,178.38853454589844,3.4175453186035156,3.4670445919036865,3.4583065509796143,304.0939636230469,409.9279479980469,363.87213134765625,68.97512817382812,94.38359069824219,-4.168628215789795,295.4305725097656,398.3797607421875,363.36004638671875,0.22682176530361176,0.23024433851242065,0.01145629957318306,6.686837196350098,6.270469665527344,5.3601975440979,nan
14.250,4,88.980224609375,118.23555755615234,105.21685028076172,179.99896240234375,179.22943115234375,178.38853454589844,3.4175453186035156,3.4670445919036865,3.4583065509796143,304.0939636230469,409.9279479980469,363.87213134765625,68.97512817382812,94.38359069824219,-4.168628215789795,295.4305725097656,398.3797607421875,363.36004638671875,0.22682176530361176,0.23024433851242065,0.01145629957318306,6.686837196350098,6.270469665527344,5.3601975440979,nan
14.300,4,89.00132751464844,118.23199462890625,105.24949645996094,179.9934844970703,179.26806640625,178.44442749023438,3.4054651260375977,3.4628522396087646,3.450531244277954,303.0909118652344,409.419921875,363.16668701171875,69.07050323486328,94.57357788085938,-4.531332969665527,294.3845520019531,397.80877685546875,362.65069580078125,0.2278870791196823,0.2309940755367279,0.012477281503379345,6.700877666473389,6.293336391448975,5.368605136871338,nan
14.350,4,89.00132751464844,118.23199462890625,105.24949645996094,179.9934844970703,179.26806640625,178.44442749023438,3.4054651260375977,3.4628522396087646,3.450531244277954,303.0909118652344,409.419921875,363.16668701171875,69.07050323486328,94.57357788085938,-4.531332969665527,294.3845520019531,397.80877685546875,362.65069580078125,0.2278870791196823,0.2309940755367279,0.012477281503379345,6.700877666473389,6.293336391448975,5.368605136871338,nan
14.400,4,89.00132751464844,118.23199462890625,105.24949645996094,179.9934844970703,179.26806640625,178.44442749023438,3.4054651260375977,3.4628522396087646,3.450531244277954,303.0909118652344,409.419921875,363.16668701171875,69.07050323486328,94.57357788085938,-4.531332969665527,294.3845520019531,397.80877685546875,362.65069580078125,0.2278870791196823,0.2309940755367279,0.012477281503379345,6.700877666473389,6.293336391448975,5.368605136871338,nan
14.450,4,89.00132751464844,118.23199462890625,105.24949645996094,179.9934844970703,179.26806640625,178.44442749023438,3.4054651260375977,3.4628522396087646,3.450531244277954,303.0909118652344,409.419921875,363.16668701171875,69.07050323486328,94.57357788085938,-4.531332969665527,294.3845520019531,397.80877685546875,362.65069580078125,0.2278870791196823,0.2309940755367279,0.012477281503379345,6.700877666473389,6.293336391448975,5.368605136871338,nan
14.500,4,89.00639343261719,118.25110626220703,105.25496673583984,180.03070068359375,179.29000854492188,178.4427490234375,3.401064157485962,3.4628138542175293,3.44675874710083,302.7164611816406,409.4815673828125,362.7884826660156,69.12113952636719,94.67582702636719,-4.716575622558594,293.980224609375,397.8384094238281,362.2933349609375,0.22833624482154846,0.23120900988578796,0.013000897131860256,6.747920036315918,6.221798896789551,5.378788948059082,nan
14.550,4,89.00639343261719,118.25110626220703,105.25496673583984,180.03070068359375,179.29000854492188,178.4427490234375,3.401064157485962,3.4628138542175293,3.44675874710083,302.7164611816406,409.4815673828125,362.7884826660156,69.12113952636719,94.67582702636719,-4.716575622558594,293.980224609375,397.8384094238281,362.2933349609375,0.22833624482154846,0.23120900988578796,0.013000897131860256,6.747920036315918,6.221798896789551,5.378788948059082,nan
14.600,4,89.00639343261719,118.25110626220703,105.25496673583984,180.03070068359375,179.29000854492188,178.4427490234375,3.401064157485962,3.4628138542175293,3.44675874710083,302.7164611816406,409.4815673828125,362.7884826660156,69.12113952636719,94.67582702636719,-4.716575622558594,293.980224609375,397.8384094238281,362.2933349609375,0.22833624482154846,0.23120900988578796,0.013000897131860256,6.747920036315918,6.221798896789551,5.378788948059082,nan
14.650,4,89.00639343261719,118.25110626220703,105.25496673583984,180.03070068359375,179.29000854492188,178.4427490234375,3.401064157485962,3.4628138542175293,3.44675874710083,302.7164611816406,409.4815673828125,362.7884826660156,69.12113952636719,94.67582702636719,-4.716575622558594,293.980224609375,397.8384094238281,362.2933349609375,0.22833624482154846,0.23120900988578796,0.013000897131860256,6.747920036315918,6.221798896789551,5.378788948059082,nan
14.700,4,88.9756088256836,118.22058868408203,105.24775695800781,179.9718780517578,179.24319458007812,178.41993713378906,3.3963301181793213,3.4612717628479004,3.4436495304107666,302.1905517578125,409.1935729980469,362.4364013671875,69.15485382080078,94.7896957397461,-4.9422287940979,293.44427490234375,397.527587890625,361.9547119140625,0.22884519398212433,0.23165000975131989,0.01363612711429596,6.6396803855896,6.181501388549805,5.279398441314697,nan
14.750,4,88.9756088256836,118.22058868408203,105.24775695800781,179.9718780517578,179.24319458007812,178.41993713378906,3.3963301181793213,3.4612717628479004,3.4436495304107666,302.1905517578125,409.1935729980469,362.4364013671875,69.15485382080078,94.7896957397461,-4.9422287940979,293.44427490234375,397.527587890625,361.9547119140625,0.22884519398212433,0.23165000975131989,0.01363612711429596,6.6396803855896,6.181501388549805,5.279398441314697,nan
14.800,4,88.9756088256836,118.22058868408203,105.24775695800781,179.9718780517578,179.24319458007812,178.41993713378906,3.3963301181793213,3.4612717628479004,3.4436495304107666,302.1905517578125,409.1935729980469,362.4364013671875,69.15485382080078,94.7896957397461,-4.9422287940979,293.44427490234375,397.527587890625,361.9547119140625,0.22884519398212433,0.23165000975131989,0.01363612711429596,6.6396803855896,6.181501388549805,5.279398441314697,nan
14.850,4,88.9756088256836,118.22058868408203,105.24775695800781,179.9718780517578,179.24319458007812,178.41993713378906,3.3963301181793213,3.4612717628479004,3.4436495304107666,302.1905517578125,409.1935729980469,362.4364013671875,69.15485382080078,94.7896957397461,-4.9422287940979,293.44427490234375,397.527587890625,361.9547119140625,0.22884519398212433,0.23165000975131989,0.01363612711429596,6.6396803855896,6.181501388549805,5.279398441314697,nan
14.900,4,99.61946105957031,126.49440002441406,115.66918182373047,197.2735595703125,196.63507080078125,195.19659423828125,0.400225967168808,0.558040201663971,0.7241622805595398,39.870296478271484,70.58895874023438,83.76325988769531,7.674786567687988,16.660430908203125,6.640775203704834,13.21495532989502,18.108312606811523,22.813636779785156,0.19249384105205536,0.23602035641670227,0.07928028702735901,6.138940334320068,5.662909984588623,4.9564690589904785,nan
14.950,0,99.61946105957031,126.49440002441406,115.66918182373047,197.2735595703125,196.63507080078125,195.19659423828125,0.400225967168808,0.558040201663971,0.7241622805595398,39.870296478271484,70.58895874023438,83.76325988769531,7.674786567687988,16.660430908203125,6.640775203704834,13.21495532989502,18.108312606811523,22.813636779785156,0.19249384105205536,0.23602035641670227,0.07928028702735901,6.138940334320068,5.662909984588623,4.9564690589904785,nan
15.000,0,99.61946105957031,126.49440002441406,115.66918182373047,197.2735595703125,196.63507080078125,195.19659423828125,0.400225967168808,0.558040201663971,0.7241622805595398,39.870296478271484,70.58895874023438,83.76325988769531,7.674786567687988,16.660430908203125,6.640775203704834,13.21495532989502,18.108312606811523,22.813636779785156,0.19249384105205536,0.23602035641670227,0.07928028702735901,6.138940334320068,5.662909984588623,4.9564690589904785,nan
15.050,0,99.61946105957031,126.49440002441406,115.66918182373047,197.2735595703125,196.63507080078125,195.19659423828125,0.400225967168808,0.558040201663971,0.7241622805595398,39.870296478271484,70.58895874023438,83.76325988769531,7.674786567687988,16.660430908203125,6.640775203704834,13.21495532989502,18.108312606811523,22.813636779785156,0.19249384105205536,0.23602035641670227,0.07928028702735901,6.138940334320068,5.662909984588623,4.9564690589904785,nan
15.100,0,99.99126434326172,126.00682067871094,115.75228118896484,197.70913696289062,197.2201385498047,194.78953552246094,0.1377517580986023,0.10757584124803543,0.13716493546962738,13.773972511291504,13.555289268493652,15.877154350280762,10.782238006591797,10.02883529663086,13.315454483032227,7.872335910797119,7.575582981109619,7.624843597412109,0.7827979922294617,0.7398466467857361,0.8386549949645996,6.0380401611328125,5.649365425109863,4.8626227378845215,nan
15.150,0,99.99126434326172,126.00682067871094,115.75228118896484,197.70913696289062,197.2201385498047,194.78953552246094,0.1377517580986023,0.10757584124803543,0.13716493546962738,13.773972511291504,13.555289268493652,15.877154350280762,10.782238006591797,10.02883529663086,13.315454483032227,7.872335910797119,7.575582981109619,7.624843597412109,0.7827979922294617,0.7398466467857361,0.8386549949645996,6.0380401611328125,5.649365425109863,4.8626227378845215,nan
15.200,0,99.99126434326172,126.00682067871094,115.75228118896484,197.70913696289062,197.2201385498047,194.78953552246094,0.1377517580986023,0.10757584124803543,0.13716493546962738,13.773972511291504,13.555289268493652,15.877154350280762,10.782238006591797,10.02883529663086,13.315454483032227,7.872335910797119,7.575582981109619,7.624843597412109,0.7827979922294617,0.7398466467857361,0.8386549949645996,6.0380401611328125,5.649365425109863,4.8626227378845215,nan
15.250,0,99.99126434326172,126.00682067871094,115.75228118896484,197.70913696289062,197.2201385498047,194.78953552246094,0.1377517580986023,0.10757584124803543,0.13716493546962738,13.773972511291504,13.555289268493652,15.877154350280762,10.782238006591797,10.02883529663086,13.315454483032227,7.872335910797119,7.575582981109619,7.624843597412109,0.7827979922294617,0.7398466467857361,0.8386549949645996,6.0380401611328125,5.649365425109863,4.8626227378845215,nan
15.300,0,99.96786499023438,126.03422546386719,115.76123809814453,197.7249755859375,197.27618408203125,194.7453155517578,0.13841238617897034,0.10897649824619293,0.1364949494600296,13.836791038513184,13.734768867492676,15.800824165344238,10.791186332702637,10.020707130432129,13.182859420776367,7.8094072341918945,7.6709747314453125,7.624223232269287,0.7798908352851868,0.7295868992805481,0.8343146443367004,6.138882637023926,5.777857780456543,4.934241771697998,nan
15.350,0,99.96786499023438,126.03422546386719,115.76123809814453,197.7249755859375,197.27618408203125,194.7453155517578,0.13841238617897034,0.10897649824619293,0.1364949494600296,13.836791038513184,13.734768867492676,15.800824165344238,10.791186332702637,10.020707130432129,13.182859420776367,7.8094072341918945,7.6709747314453125,7.624223232269287,0.7798908352851868,0.7295868992805481,0.8343146443367004,6.138882637023926,5.777857780456543,4.934241771697998,nan
15.400,0,99.96786499023438,126.03422546386719,115.76123809814453,197.7249755859375,197.27618408203125,194.7453155517578,0.13841238617897034,0.10897649824619293,0.1364949494600296,13.836791038513184,13.734768867492676,15.800824165344238,10.791186332702637,10.020707130432129,13.182859420776367,7.8094072341918945,7.6709747314453125,7.624223232269287,0.7798908352851868,0.7295868992805481,0.8343146443367004,6.138882637023926,5.777857780456543,4.934241771697998,nan
15.450,0,99.96786499023438,126.03422546386719,115.76123809814453,197.7249755859375,197.27618408203125,194.7453155517578,0.13841238617897034,0.10897649824619293,0.1364949494600296,13.836791038513184,13.734768867492676,15.800824165344238,10.791186332702637,10.020707130432129,13.182859420776367,7.8094072341918945,7.6709747314453125,7.624223232269287,0.7798908352851868,0.7295868992805481,0.8343146443367004,6.138882637023926,5.777857780456543,4.934241771697998,nan
15.500,0,99.96817016601562,126.02440643310547,115.7766342163086,197.71958923339844,197.28982543945312,194.7530059814453,0.13923995196819305,0.1094004288315773,0.13666534423828125,13.919563293457031,13.787123680114746,15.822653770446777,10.784629821777344,9.992820739746094,13.195333480834961,7.931746482849121,7.787472248077393,7.718517303466797,0.7747821807861328,0.7247937321662903,0.833952009677887,6.159928798675537,5.76700496673584,4.995466232299805,nan
15.550,0,99.96817016601562,126.02440643310547,115.7766342163086,197.71958923339844,197.28982543945312,194.7530059814453,0.13923995196819305,0.1094004288315773,0.13666534423828125,13.919563293457031,13.787123680114746,15.822653770446777,10.784629821777344,9.992820739746094,13.195333480834961,7.931746482849121,7.787472248077393,7.718517303466797,0.7747821807861328,0.7247937321662903,0.833952009677887,6.159928798675537,5.76700496673584,4.995466232299805,nan
15.600,0,99.96817016601562,126.02440643310547,115.7766342163086,197.71958923339844,197.28982543945312,194.7530059814453,0.13923995196819305,0.1094004288315773,0.13666534423828125,13.919563293457031,13.787123680114746,15.822653770446777,10.784629821777344,9.992820739746094,13.195333480834961,7.931746482849121,7.787472248077393,7.718517303466797,0.7747821807861328,0.7247937321662903,0.833952009677887,6.159928798675537,5.76700496673584,4.995466232299805,nan
15.650,0,99.96817016601562,126.02440643310547,115.7766342163086,197.71958923339844,197.28982543945312,194.7530059814453,0.13923995196819305,0.1094004288315773,0.13666534423828125,13.919563293457031,13.787123680114746,15.822653770446777,10.784629821777344,9.992820739746094,13.195333480834961,7.931746482849121,7.787472248077393,7.718517303466797,0.7747821807861328,0.7247937321662903,0.833952009677887,6.159928798675537,5.76700496673584,4.995466232299805,nan
15.700,0,99.9364013671875,126.00504302978516,115.73786926269531,197.68040466308594,197.22531127929688,194.6979217529297,0.13878701627254486,0.10847056657075882,0.1364392638206482,13.869874954223633,13.667838096618652,15.791190147399902,10.801448822021484,9.98499870300293,13.22774600982666,7.893426895141602,7.713828086853027,7.643525123596191,0.7787704467773438,0.7305470705032349,0.8376662135124207,6.110753059387207,5.7507195472717285,4.928512096405029,nan
15.750,0,99.9364013671875,126.00504302978516,115.73786926269531,197.68040466308594,197.22531127929688,194.6979217529297,0.13878701627254486,0.10847056657075882,0.1364392638206482,13.869874954223633,13.667838096618652,15.791190147399902,10.801448822021484,9.98499870300293,13.22774600982666,7.893426895141602,7.713828086853027,7.643525123596191,0.7787704467773438,0.7305470705032349,0.8376662135124207,6.110753059387207,5.7507195472717285,4.928512096405029,nan
15.800,0,99.9364013671875,126.00504302978516,115.73786926269531,197.68040466308594,197.22531127929688,194.6979217529297,0.13878701627254486,0.10847056657075882,0.1364392638206482,13.869874954223633,13.667838096618652,15.791190147399902,10.801448822021484,9.98499870300293,13.22774600982666,7.893426895141602,7.713828086853027,7.643525123596191,0.7787704467773438,0.7305470705032349,0.8376662135124207,6.110753059387207,5.7507195472717285,4.928512096405029,nan
15.850,0,99.9364013671875,126.00504302978516,115.73786926269531,197.68040466308594,197.22531127929688,194.6979217529297,0.13878701627254486,0.10847056657075882,0.1364392638206482,13.869874954223633,13.667838096618652,15.791190147399902,10.801448822021484,9.98499870300293,13.22774600982666,7.893426895141602,7.713828086853027,7.643525123596191,0.7787704467773438,0.7305470705032349,0.8376662135124207,6.110753059387207,5.7507195472717285,4.928512096405029,nan
15.900,0,99.94194793701172,126.01805114746094,115.7261962890625,197.69207763671875,197.24464416503906,194.68080139160156,0.13726304471492767,0.10726087540388107,0.13619597256183624,13.71833610534668,13.516806602478027,15.761442184448242,10.695466041564941,10.025760650634766,13.260982513427734,7.787447929382324,7.49492883682251,7.626468181610107,0.7796474695205688,0.7417255640029907,0.8413559198379517,6.094422340393066,5.778243541717529,4.969627857208252,nan
15.950,0,99.94194793701172,126.01805114746094,115.7261962890625,197.69207763671875,197.24464416503906,194.68080139160156,0.13726304471492767,0.10726087540388107,0.13619597256183624,13.71833610534668,13.516806602478027,15.761442184448242,10.695466041564941,10.025760650634766,13.260982513427734,7.787447929382324,7.49492883682251,7.626468181610107,0.7796474695205688,0.7417255640029907,0.8413559198379517,6.094422340393066,5.778243541717529,4.969627857208252,nan
16.000,0,99.94194793701172,126.01805114746094,115.7261962890625,197.69207763671875,197.24464416503906,194.68080139160156,0.13726304471492767,0.10726087540388107,0.13619597256183624,13.71833610534668,13.516806602478027,15.761442184448242,10.695466041564941,10.025760650634766,13.260982513427734,7.787447929382324,7.49492883682251,7.626468181610107,0.7796474695205688,0.7417255640029907,0.8413559198379517,6.094422340393066,5.778243541717529,4.969627857208252,nan
16.050,0,99.94194793701172,126.01805114746094,115.7261962890625,197.69207763671875,197.24464416503906,194.68080139160156,0.13726304471492767,0.10726087540388107,0.13619597256183624,13.71833610534668,13.516806602478027,15.761442184448242,10.695466041564941,10.025760650634766,13.260982513427734,7.787447929382324,7.49492883682251,7.626468181610107,0.7796474695205688,0.7417255640029907,0.8413559198379517,6.094422340393066,5.778243541717529,4.969627857208252,nan
16.100,0,99.96533966064453,126.01004028320312,115.78453826904297,197.68946838378906,197.271240234375,194.7798614501953,0.13729222118854523,0.10645625740289688,0.13628701865673065,13.72446346282959,13.414557456970215,15.779929161071777,10.710943222045898,9.98363971710205,13.327545166015625,7.844920635223389,7.472295761108398,7.621929168701172,0.780427098274231,0.7442392110824585,0.8445883989334106,6.081717014312744,5.713905334472656,4.973730087280273,nan
16.150,0,99.96533966064453,126.01004028320312,115.78453826904297,197.68946838378906,197.271240234375,194.7798614501953,0.13729222118854523,0.10645625740289688,0.13628701865673065,13.72446346282959,13.414557456970215,15.779929161071777,10.710943222045898,9.98363971710205,13.327545166015625,7.844920635223389,7.472295761108398,7.621929168701172,0.780427098274231,0.7442392110824585,0.8445883989334106,6.081717014312744,5.713905334472656,4.973730087280273,nan
16.200,0,99.96533966064453,126.01004028320312,115.78453826904297,197.68946838378906,197.271240234375,194.7798614501953,0.13729222118854523,0.10645625740289688,0.13628701865673065,13.72446346282959,13.414557456970215,15.779929161071777,10.710943222045898,9.98363971710205,13.327545166015625,7.844920635223389,7.472295761108398,7.621929168701172,0.780427098274231,0.7442392110824585,0.8445883989334106,6.081717014312744,5.713905334472656,4.973730087280273,nan
16.250,0,99.96533966064453,126.01004028320312,115.78453826904297,197.68946838378906,197.271240234375,194.7798614501953,0.13729222118854523,0.10645625740289688,0.13628701865673065,13.72446346282959,13.414557456970215,15.779929161071777,10.710943222045898,9.98363971710205,13.327545166015625,7.844920635223389,7.472295761108398,7.621929168701172,0.780427098274231,0.7442392110824585,0.8445883989334106,6.081717014312744,5.713905334472656,4.973730087280273,nan
16.300,0,99.97666931152344,126.01802062988281,115.76372528076172,197.7288818359375,197.24998474121094,194.75930786132812,0.13650542497634888,0.10648900270462036,0.13638530671596527,13.647357940673828,13.419533729553223,15.788471221923828,10.635934829711914,10.04394245147705,13.306081771850586,7.775835990905762,7.366257190704346,7.652839660644531,0.7793402075767517,0.7484568953514099,0.8427720069885254,6.123873233795166,5.744976043701172,4.934512615203857,nan
16.350,0,99.97666931152344,126.01802062988281,115.76372528076172,197.7288818359375,197.24998474121094,194.75930786132812,0.13650542497634888,0.10648900270462036,0.13638530671596527,13.647357940673828,13.419533729553223,15.788471221923828,10.635934829711914,10.04394245147705,13.306081771850586,7.775835990905762,7.366257190704346,7.652839660644531,0.7793402075767517,0.7484568953514099,0.8427720069885254,6.123873233795166,5.744976043701172,4.934512615203857,nan
16.400,0,99.97666931152344,126.01802062988281,115.76372528076172,197.7288818359375,197.24998474121094,194.75930786132812,0.13650542497634888,0.10648900270462036,0.13638530671596527,13.647357940673828,13.419533729553223,15.788471221923828,10.635934829711914,10.04394245147705,13.306081771850586,7.775835990905762,7.366257190704346,7.652839660644531,0.7793402075767517,0.7484568953514099,0.8427720069885254,6.123873233795166,5.744976043701172,4.934512615203857,nan
16.450,0,99.97666931152344,126.01802062988281,115.76372528076172,197.7288818359375,197.24998474121094,194.75930786132812,0.13650542497634888,0.10648900270462036,0.13638530671596527,13.647357940673828,13.419533729553223,15.788471221923828,10.635934829711914,10.04394245147705,13.306081771850586,7.775835990905762,7.366257190704346,7.652839660644531,0.7793402075767517,0.7484568953514099,0.8427720069885254,6.123873233795166,5.744976043701172,4.934512615203857,nan
16.500,0,99.94369506835938,126.02458953857422,115.72774505615234,197.70249938964844,197.2499237060547,194.68215942382812,0.13742876052856445,0.10844983160495758,0.13585025072097778,13.735137939453125,13.66734504699707,15.721643447875977,10.753527641296387,10.112232208251953,13.182638168334961,7.723435878753662,7.58804178237915,7.624760150909424,0.7829209566116333,0.7398827075958252,0.8385025262832642,6.1218132972717285,5.764615535736084,4.984868049621582,nan
16.550,0,99.94369506835938,126.02458953857422,115.72774505615234,197.70249938964844,197.2499237060547,194.68215942382812,0.13742876052856445,0.10844983160495758,0.13585025072097778,13.735137939453125,13.66734504699707,15.721643447875977,10.753527641296387,10.112232208251953,13.182638168334961,7.723435878753662,7.58804178237915,7.624760150909424,0.7829209566116333,0.7398827075958252,0.8385025262832642,6.1218132972717285,5.764615535736084,4.984868049621582,nan
16.600,0,99.94369506835938,126.02458953857422,115.72774505615234,197.70249938964844,197.2499237060547,194.68215942382812,0.13742876052856445,0.10844983160495758,0.13585025072097778,13.735137939453125,13.66734504699707,15.721643447875977,10.753527641296387,10.112232208251953,13.182638168334961,7.723435878753662,7.58804178237915,7.624760150909424,0.7829209566116333,0.7398827075958252,0.8385025262832642,6.1218132972717285,5.764615535736084,4.984868049621582,nan
16.650,0,99.94369506835938,126.02458953857422,115.72774505615234,197.70249938964844,197.2499237060547,194.68215942382812,0.13742876052856445,0.10844983160495758,0.13585025072097778,13.735137939453125,13.66734504699707,15.721643447875977,10.753527641296387,10.112232208251953,13.182638168334961,7.723435878753662,7.58804178237915,7.624760150909424,0.7829209566116333,0.7398827075958252,0.8385025262832642,6.1218132972717285,5.764615535736084,4.984868049621582,nan
16.700,0,99.941650390625,125.9939193725586,115.72803497314453,197.6688690185547,197.21649169921875,194.69442749023438,0.13801948726177216,0.10803568363189697,0.1356436312198639,13.793895721435547,13.611839294433594,15.697771072387695,10.787453651428223,10.021236419677734,13.207680702209473,7.815786838531494,7.652997970581055,7.604820728302002,0.7820454835891724,0.7362146973609924,0.8413730263710022,6.062170028686523,5.635065078735352,4.877523899078369,nan
16.750,0,99.941650390625,125.9939193725586,115.72803497314453,197.6688690185547,197.21649169921875,194.69442749023438,0.13801948726177216,0.10803568363189697,0.1356436312198639,13.793895721435547,13.611839294433594,15.697771072387695,10.787453651428223,10.021236419677734,13.207680702209473,7.815786838531494,7.652997970581055,7.604820728302002,0.7820454835891724,0.7362146973609924,0.8413730263710022,6.062170028686523,5.635065078735352,4.877523899078369,nan
16.800,0,99.941650390625,125.9939193725586,115.72803497314453,197.6688690185547,197.21649169921875,194.69442749023438,0.13801948726177216,0.10803568363189697,0.1356436312198639,13.793895721435547,13.611839294433594,15.697771072387695,10.787453651428223,10.021236419677734,13.207680702209473,7.815786838531494,7.652997970581055,7.604820728302002,0.7820454835891724,0.7362146973609924,0.8413730263710022,6.062170028686523,5.635065078735352,4.877523899078369,nan
16.850,0,99.941650390625,125.9939193725586,115.72803497314453,197.6688690185547,197.21649169921875,194.69442749023438,0.13801948726177216,0.10803568363189697,0.1356436312198639,13.793895721435547,13.611839294433594,15.697771072387695,10.787453651428223,10.021236419677734,13.207680702209473,7.815786838531494,7.652997970581055,7.604820728302002,0.7820454835891724,0.7362146973609924,0.8413730263710022,6.062170028686523,5.635065078735352,4.877523899078369,nan
16.900,0,99.93620300292969,125.99185943603516,115.73567199707031,197.65882873535156,197.2197723388672,194.70025634765625,0.13884975016117096,0.10858634859323502,0.1371239423751831,13.876116752624512,13.68099594116211,15.870131492614746,10.773242950439453,10.036306381225586,13.309000968933105,7.94214391708374,7.665338516235352,7.731870651245117,0.7763874530792236,0.7335947155952454,0.8386194705963135,6.065065860748291,5.685594081878662,4.900669097900391,nan
16.950,0,99.93620300292969,125.99185943603516,115.73567199707031,197.65882873535156,197.2197723388672,194.70025634765625,0.13884975016117096,0.10858634859323502,0.1371239423751831,13.876116752624512,13.68099594116211,15.870131492614746,10.773242950439453,10.036306381225586,13.309000968933105,7.94214391708374,7.665338516235352,7.731870651245117,0.7763874530792236,0.7335947155952454,0.8386194705963135,6.065065860748291,5.685594081878662,4.900669097900391,nan
17.000,0,99.93620300292969,125.99185943603516,115.73567199707031,197.65882873535156,197.2197723388672,194.70025634765625,0.13884975016117096,0.10858634859323502,0.1371239423751831,13.876116752624512,13.68099594116211,15.870131492614746,10.773242950439453,10.036306381225586,13.309000968933105,7.94214391708374,7.665338516235352,7.731870651245117,0.7763874530792236,0.7335947155952454,0.8386194705963135,6.065065860748291,5.685594081878662,4.900669097900391,nan
17.050,0,99.93620300292969,125.99185943603516,115.73567199707031,197.65882873535156,197.2197723388672,194.70025634765625,0.13884975016117096,0.10858634859323502,0.1371239423751831,13.876116752624512,13.68099594116211,15.870131492614746,10.773242950439453,10.036306381225586,13.309000968933105,7.94214391708374,7.665338516235352,7.731870651245117,0.7763874530792236,0.7335947155952454,0.8386194705963135,6.065065860748291,5.685594081878662,4.900669097900391,nan
17.100,0,99.88079833984375,125.93603515625,115.69403076171875,197.5518798828125,197.13021850585938,194.62611389160156,0.13988777995109558,0.10844702273607254,0.13762164115905762,13.972103118896484,13.657387733459473,15.922002792358398,10.776141166687012,9.912230491638184,13.313858985900879,8.094223976135254,7.777339458465576,7.773903846740723,0.7712612152099609,0.7257779240608215,0.8361924886703491,6.021239757537842,5.717306137084961,4.918656826019287,nan
17.150,0,99.88079833984375,125.93603515625,115.69403076171875,197.5518798828125,197.13021850585938,194.62611389160156,0.13988777995109558,0.10844702273607254,0.13762164115905762,13.972103118896484,13.657387733459473,15.922002792358398,10.776141166687012,9.912230491638184,13.313858985900879,8.094223976135254,7.777339458465576,7.773903846740723,0.7712612152099609,0.7257779240608215,0.8361924886703491,6.021239757537842,5.717306137084961,4.918656826019287,nan
17.200,0,99.88079833984375,125.93603515625,115.69403076171875,197.5518798828125,197.13021850585938,194.62611389160156,0.13988777995109558,0.10844702273607254,0.13762164115905762,13.972103118896484,13.657387733459473,15.922002792358398,10.776141166687012,9.912230491638184,13.313858985900879,8.094223976135254,7.777339458465576,7.773903846740723,0.7712612152099609,0.7257779240608215,0.8361924886703491,6.021239757537842,5.717306137084961,4.918656826019287,nan
17.250,0,99.88079833984375,125.93603515625,115.69403076171875,197.5518798828125,197.13021850585938,194.62611389160156,0.13988777995109558,0.10844702273607254,0.13762164115905762,13.972103118896484,13.657387733459473,15.922002792358398,10.776141166687012,9.912230491638184,13.313858985900879,8.094223976135254,7.777339458465576,7.773903846740723,0.7712612152099609,0.7257779240608215,0.8361924886703491,6.021239757537842,5.717306137084961,4.918656826019287,nan
17.300,0,99.94976043701172,125.96855926513672,115.70540618896484,197.64508056640625,197.16273498535156,194.69345092773438,0.13764427602291107,0.10698951035737991,0.13714773952960968,13.757512092590332,13.477314949035645,15.868735313415527,10.668432235717773,9.988518714904785,13.33886432647705,7.920453071594238,7.498105525970459,7.72287654876709,0.7754623293876648,0.7411356568336487,0.8405751585960388,6.026332378387451,5.698458671569824,4.933594703674316,nan
17.350,0,99.94976043701172,125.96855926513672,115.70540618896484,197.64508056640625,197.16273498535156,194.69345092773438,0.13764427602291107,0.10698951035737991,0.13714773952960968,13.757512092590332,13.477314949035645,15.868735313415527,10.668432235717773,9.988518714904785,13.33886432647705,7.920453071594238,7.498105525970459,7.72287654876709,0.7754623293876648,0.7411356568336487,0.8405751585960388,6.026332378387451,5.698458671569824,4.933594703674316,nan
17.400,0,99.94976043701172,125.96855926513672,115.70540618896484,197.64508056640625,197.16273498535156,194.69345092773438,0.13764427602291107,0.10698951035737991,0.13714773952960968,13.757512092590332,13.477314949035645,15.868735313415527,10.668432235717773,9.988518714904785,13.33886432647705,7.920453071594238,7.498105525970459,7.72287654876709,0.7754623293876648,0.7411356568336487,0.8405751585960388,6.026332378387451,5.698458671569824,4.933594703674316,nan
17.450,0,99.94976043701172,125.96855926513672,115.70540618896484,197.64508056640625,197.16273498535156,194.69345092773438,0.13764427602291107,0.10698951035737991,0.13714773952960968,13.757512092590332,13.477314949035645,15.868735313415527,10.668432235717773,9.988518714904785,13.33886432647705,7.920453071594238,7.498105525970459,7.72287654876709,0.7754623293876648,0.7411356568336487,0.8405751585960388,6.026332378387451,5.698458671569824,4.933594703674316,nan
17.500,0,99.9095230102539,125.97616577148438,115.70589447021484,197.6243438720703,197.17677307128906,194.6510772705078,0.13694730401039124,0.10743612051010132,0.13516464829444885,13.682339668273926,13.534390449523926,15.6393461227417,10.78022289276123,10.099209785461426,13.209705352783203,7.664189338684082,7.51248025894165,7.526021480560303,0.7878932356834412,0.746188759803772,0.844645619392395,6.104528903961182,5.7345170974731445,4.932610511779785,nan
17.550,0,99.9095230102539,125.97616577148438,115.70589447021484,197.6243438720703,197.17677307128906,194.6510772705078,0.13694730401039124,0.10743612051010132,0.13516464829444885,13.682339668273926,13.534390449523926,15.6393461227417,10.78022289276123,10.099209785461426,13.209705352783203,7.664189338684082,7.51248025894165,7.526021480560303,0.7878932356834412,0.746188759803772,0.844645619392395,6.104528903961182,5.7345170974731445,4.932610511779785,nan
17.600,0,99.9095230102539,125.97616577148438,115.70589447021484,197.6243438720703,197.17677307128906,194.6510772705078,0.13694730401039124,0.10743612051010132,0.13516464829444885,13.682339668273926,13.534390449523926,15.6393461227417,10.78022289276123,10.099209785461426,13.209705352783203,7.664189338684082,7.51248025894165,7.526021480560303,0.7878932356834412,0.746188759803772,0.844645619392395,6.104528903961182,5.7345170974731445,4.932610511779785,nan
17.650,0,99.9090576171875,125.96873474121094,115.69625854492188,197.61325073242188,197.16470336914062,194.64283752441406,0.13806070387363434,0.10813336819410324,0.13607673346996307,13.7935152053833,13.621423721313477,15.743569374084473,10.76837158203125,10.030375480651855,13.226618766784668,7.855241775512695,7.662296772003174,7.666660785675049,0.7806836366653442,0.7363676428794861,0.8401283621788025,6.030517578125,5.681248664855957,4.881319999694824,nan
17.700,0,99.9090576171875,125.96873474121094,115.69625854492188,197.61325073242188,197.16470336914062,194.64283752441406,0.13806070387363434,0.10813336819410324,0.13607673346996307,13.7935152053833,13.621423721313477,15.743569374084473,10.76837158203125,10.030375480651855,13.226618766784668,7.855241775512695,7.662296772003174,7.666660785675049,0.7806836366653442,0.7363676428794861,0.8401283621788025,6.030517578125,5.681248664855957,4.881319999694824,nan
17.750,0,99.9090576171875,125.96873474121094,115.69625854492188,197.61325073242188,197.16470336914062,194.64283752441406,0.13806070387363434,0.10813336819410324,0.13607673346996307,13.7935152053833,13.621423721313477,15.743569374084473,10.76837158203125,10.030375480651855,13.226618766784668,7.855241775512695,7.662296772003174,7.666660785675049,0.7806836366653442,0.7363676428794861,0.8401283621788025,6.030517578125,5.681248664855957,4.881319999694824,nan
17.800,0,99.9090576171875,125.96873474121094,115.69625854492188,197.61325073242188,197.16470336914062,194.64283752441406,0.13806070387363434,0.10813336819410324,0.13607673346996307,13.7935152053833,13.621423721313477,15.743569374084473,10.76837158203125,10.030375480651855,13.226618766784668,7.855241775512695,7.662296772003174,7.666660785675049,0.7806836366653442,0.7363676428794861,0.8401283621788025,6.030517578125,5.681248664855957,4.881319999694824,nan
17.850,0,99.9090576171875,125.96873474121094,115.69625854492188,197.61325073242188,197.16470336914062,194.64283752441406,0.13806070387363434,0.10813336819410324,0.13607673346996307,13.7935152053833,13.621423721313477,15.743569374084473,10.76837158203125,10.030375480651855,13.226618766784668,7.855241775512695,7.662296772003174,7.666660785675049,0.7806836366653442,0.7363676428794861,0.8401283621788025,6.030517578125,5.681248664855957,4.881319999694824,nan
17.900,0,99.90584564208984,125.97796630859375,115.72855377197266,197.59719848632812,197.22486877441406,194.6693115234375,0.13809339702129364,0.10882049798965454,0.1356576532125473,13.796338081359863,13.708985328674316,15.699463844299316,10.812301635742188,10.083316802978516,13.197957992553711,7.77481746673584,7.681855201721191,7.622838020324707,0.7837080955505371,0.7355261445045471,0.840662956237793,6.031879901885986,5.692182540893555,4.898369312286377,nan
17.950,0,99.90584564208984,125.97796630859375,115.72855377197266,197.59719848632812,197.22486877441406,194.6693115234375,0.13809339702129364,0.10882049798965454,0.1356576532125473,13.796338081359863,13.708985328674316,15.699463844299316,10.812301635742188,10.083316802978516,13.197957992553711,7.77481746673584,7.681855201721191,7.622838020324707,0.7837080955505371,0.7355261445045471,0.840662956237793,6.031879901885986,5.692182540893555,4.898369312286377,nan
18.000,0,99.90584564208984,125.97796630859375,115.72855377197266,197.59719848632812,197.22486877441406,194.6693115234375,0.13809339702129364,0.10882049798965454,0.1356576532125473,13.796338081359863,13.708985328674316,15.699463844299316,10.812301635742188,10.083316802978516,13.197957992553711,7.77481746673584,7.681855201721191,7.622838020324707,0.7837080955505371,0.7355261445045471,0.840662956237793,6.031879901885986,5.692182540893555,4.898369312286377,nan
18.050,0,99.90584564208984,125.97796630859375,115.72855377197266,197.59719848632812,197.22486877441406,194.6693115234375,0.13809339702129364,0.10882049798965454,0.1356576532125473,13.796338081359863,13.708985328674316,15.699463844299316,10.812301635742188,10.083316802978516,13.197957992553711,7.77481746673584,7.681855201721191,7.622838020324707,0.7837080955505371,0.7355261445045471,0.840662956237793,6.031879901885986,5.692182540893555,4.898369312286377,nan
18.100,0,99.90620422363281,125.94982147216797,115.76252746582031,197.57009887695312,197.21182250976562,194.71688842773438,0.1385800987482071,0.10756262391805649,0.13657216727733612,13.845011711120605,13.547492980957031,15.80993938446045,10.77435302734375,9.935275077819824,13.319536209106445,7.926878452301025,7.6134748458862305,7.628005504608154,0.7782118916511536,0.7333663105964661,0.8424786329269409,6.041146278381348,5.727776050567627,4.904173851013184,nan
18.150,0,99.90620422363281,125.94982147216797,115.76252746582031,197.57009887695312,197.21182250976562,194.71688842773438,0.1385800987482071,0.10756262391805649,0.13657216727733612,13.845011711120605,13.547492980957031,15.80993938446045,10.77435302734375,9.935275077819824,13.319536209106445,7.926878452301025,7.6134748458862305,7.628005504608154,0.7782118916511536,0.7333663105964661,0.8424786329269409,6.041146278381348,5.727776050567627,4.904173851013184,nan
18.200,0,99.90620422363281,125.94982147216797,115.76252746582031,197.57009887695312,197.21182250976562,194.71688842773438,0.1385800987482071,0.10756262391805649,0.13657216727733612,13.845011711120605,13.547492980957031,15.80993938446045,10.77435302734375,9.935275077819824,13.319536209106445,7.926878452301025,7.6134748458862305,7.628005504608154,0.7782118916511536,0.7333663105964661,0.8424786329269409,6.041146278381348,5.727776050567627,4.904173851013184,nan
18.250,0,99.90620422363281,125.94982147216797,115.76252746582031,197.57009887695312,197.21182250976562,194.71688842773438,0.1385800987482071,0.10756262391805649,0.13657216727733612,13.845011711120605,13.547492980957031,15.80993938446045,10.77435302734375,9.935275077819824,13.319536209106445,7.926878452301025,7.6134748458862305,7.628005504608154,0.7782118916511536,0.7333663105964661,0.8424786329269409,6.041146278381348,5.727776050567627,4.904173851013184,nan
18.300,0,99.91051483154297,125.95423889160156,115.73673248291016,197.58323669433594,197.18833923339844,194.69326782226562,0.13652831315994263,0.10742315649986267,0.13557475805282593,13.64061450958252,13.530402183532715,15.690979957580566,10.694503784179688,10.09062385559082,13.197626113891602,7.707368850708008,7.506246566772461,7.6443891525268555,0.7840192317962646,0.7457741498947144,0.8410963416099548,6.049851894378662,5.724738597869873,4.92435884475708,nan
18.350,0,99.91051483154297,125.95423889160156,115.73673248291016,197.58323669433594,197.18833923339844,194.69326782226562,0.13652831315994263,0.10742315649986267,0.13557475805282593,13.64061450958252,13.530402183532715,15.690979957580566,10.694503784179688,10.09062385559082,13.197626113891602,7.707368850708008,7.506246566772461,7.6443891525268555,0.7840192317962646,0.7457741498947144,0.8410963416099548,6.049851894378662,5.724738597869873,4.92435884475708,nan
18.400,0,99.91051483154297,125.95423889160156,115.73673248291016,197.58323669433594,197.18833923339844,194.69326782226562,0.13652831315994263,0.10742315649986267,0.13557475805282593,13.64061450958252,13.530402183532715,15.690979957580566,10.694503784179688,10.09062385559082,13.197626113891602,7.707368850708008,7.506246566772461,7.6443891525268555,0.7840192317962646,0.7457741498947144,0.8410963416099548,6.049851894378662,5.724738597869873,4.92435884475708,nan
18.450,0,99.9100341796875,125.97077941894531,115.69622802734375,197.63221740722656,197.1671905517578,194.62786865234375,0.13586290180683136,0.10730624198913574,0.13636818528175354,13.574067115783691,13.517451286315918,15.777284622192383,10.601414680480957,10.178086280822754,13.243877410888672,7.761867046356201,7.447897434234619,7.808750629425049,0.7810050249099731,0.7529589533805847,0.8394269347190857,6.124753475189209,5.766787528991699,4.999270439147949,nan
18.500,0,99.9100341796875,125.97077941894531,115.69622802734375,197.63221740722656,197.1671905517578,194.62786865234375,0.13586290180683136,0.10730624198913574,0.13636818528175354,13.574067115783691,13.517451286315918,15.777284622192383,10.601414680480957,10.178086280822754,13.243877410888672,7.761867046356201,7.447897434234619,7.808750629425049,0.7810050249099731,0.7529589533805847,0.8394269347190857,6.124753475189209,5.766787528991699,4.999270439147949,nan
18.550,0,99.9100341796875,125.97077941894531,115.69622802734375,197.63221740722656,197.1671905517578,194.62786865234375,0.13586290180683136,0.10730624198913574,0.13636818528175354,13.574067115783691,13.517451286315918,15.777284622192383,10.601414680480957,10.178086280822754,13.243877410888672,7.761867046356201,7.447897434234619,7.808750629425049,0.7810050249099731,0.7529589533805847,0.8394269347190857,6.124753475189209,5.766787528991699,4.999270439147949,nan
18.600,0,99.9100341796875,125.97077941894531,115.69622802734375,197.63221740722656,197.1671905517578,194.62786865234375,0.13586290180683136,0.10730624198913574,0.13636818528175354,13.574067115783691,13.517451286315918,15.777284622192383,10.601414680480957,10.178086280822754,13.243877410888672,7.761867046356201,7.447897434234619,7.808750629425049,0.7810050249099731,0.7529589533805847,0.8394269347190857,6.124753475189209,5.766787528991699,4.999270439147949,nan
18.650,0,99.9100341796875,125.97077941894531,115.69622802734375,197.63221740722656,197.1671905517578,194.62786865234375,0.13586290180683136,0.10730624198913574,0.13636818528175354,13.574067115783691,13.517451286315918,15.777284622192383,10.601414680480957,10.178086280822754,13.243877410888672,7.761867046356201,7.447897434234619,7.808750629425049,0.7810050249099731,0.7529589533805847,0.8394269347190857,6.124753475189209,5.766787528991699,4.999270439147949,nan
18.700,0,99.87942504882812,125.94734191894531,115.69235229492188,197.58245849609375,197.1407470703125,194.6054229736328,0.13616341352462769,0.10684074461460114,0.13556556403636932,13.599923133850098,13.456307411193848,15.68389892578125,10.66219711303711,10.086676597595215,13.216716766357422,7.705662727355957,7.4395551681518555,7.63428258895874,0.7839894890785217,0.7495872378349304,0.8426933288574219,6.122660160064697,5.712393283843994,4.9658522605896,nan
18.750,0,99.87942504882812,125.94734191894531,115.69235229492188,197.58245849609375,197.1407470703125,194.6054229736328,0.13616341352462769,0.10684074461460114,0.13556556403636932,13.599923133850098,13.456307411193848,15.68389892578125,10.66219711303711,10.086676597595215,13.216716766357422,7.705662727355957,7.4395551681518555,7.63428258895874,0.7839894890785217,0.7495872378349304,0.8426933288574219,6.122660160064697,5.712393283843994,4.9658522605896,nan
18.800,0,99.87942504882812,125.94734191894531,115.69235229492188,197.58245849609375,197.1407470703125,194.6054229736328,0.13616341352462769,0.10684074461460114,0.13556556403636932,13.599923133850098,13.456307411193848,15.68389892578125,10.66219711303711,10.086676597595215,13.216716766357422,7.705662727355957,7.4395551681518555,7.63428258895874,0.7839894890785217,0.7495872378349304,0.8426933288574219,6.122660160064697,5.712393283843994,4.9658522605896,nan
18.850,0,99.84930419921875,125.92887115478516,115.64747619628906,197.53819274902344,197.1004180908203,194.5276336669922,0.13591967523097992,0.1065153107047081,0.13530389964580536,13.571484565734863,13.413352966308594,15.647554397583008,10.701945304870605,10.088050842285156,13.238420486450195,7.609644412994385,7.3484110832214355,7.496565818786621,0.7885611653327942,0.7520901560783386,0.8460376858711243,6.196586608886719,5.798222064971924,5.027657985687256,nan
18.900,0,99.84930419921875,125.92887115478516,115.64747619628906,197.53819274902344,197.1004180908203,194.5276336669922,0.13591967523097992,0.1065153107047081,0.13530389964580536,13.571484565734863,13.413352966308594,15.647554397583008,10.701945304870605,10.088050842285156,13.238420486450195,7.609644412994385,7.3484110832214355,7.496565818786621,0.7885611653327942,0.7520901560783386,0.8460376858711243,6.196586608886719,5.798222064971924,5.027657985687256,nan
18.950,0,99.84930419921875,125.92887115478516,115.64747619628906,197.53819274902344,197.1004180908203,194.5276336669922,0.13591967523097992,0.1065153107047081,0.13530389964580536,13.571484565734863,13.413352966308594,15.647554397583008,10.701945304870605,10.088050842285156,13.238420486450195,7.609644412994385,7.3484110832214355,7.496565818786621,0.7885611653327942,0.7520901560783386,0.8460376858711243,6.196586608886719,5.798222064971924,5.027657985687256,nan
19.000,0,99.84930419921875,125.92887115478516,115.64747619628906,197.53819274902344,197.1004180908203,194.5276336669922,0.13591967523097992,0.1065153107047081,0.13530389964580536,13.571484565734863,13.413352966308594,15.647554397583008,10.701945304870605,10.088050842285156,13.238420486450195,7.609644412994385,7.3484110832214355,7.496565818786621,0.7885611653327942,0.7520901560783386,0.8460376858711243,6.196586608886719,5.798222064971924,5.027657985687256,nan
19.050,0,99.89559173583984,125.89649963378906,115.68186950683594,197.5453338623047,197.0598907470703,194.63046264648438,0.13535945117473602,0.10510783642530441,0.13587771356105804,13.521812438964844,13.232708930969238,15.718587875366211,10.619793891906738,10.06056022644043,13.33304500579834,7.625416278839111,7.162695407867432,7.519518852233887,0.7853824496269226,0.7602797150611877,0.8482342958450317,6.255008220672607,5.798030853271484,5.154622554779053,nan
19.100,0,99.89559173583984,125.89649963378906,115.68186950683594,197.5453338623047,197.0598907470703,194.63046264648438,0.13535945117473602,0.10510783642530441,0.13587771356105804,13.521812438964844,13.232708930969238,15.718587875366211,10.619793891906738,10.06056022644043,13.33304500579834,7.625416278839111,7.162695407867432,7.519518852233887,0.7853824496269226,0.7602797150611877,0.8482342958450317,6.255008220672607,5.798030853271484,5.154622554779053,nan
19.150,0,99.89559173583984,125.89649963378906,115.68186950683594,197.5453338623047,197.0598907470703,194.63046264648438,0.13535945117473602,0.10510783642530441,0.13587771356105804,13.521812438964844,13.232708930969238,15.718587875366211,10.619793891906738,10.06056022644043,13.33304500579834,7.625416278839111,7.162695407867432,7.519518852233887,0.7853824496269226,0.7602797150611877,0.8482342958450317,6.255008220672607,5.798030853271484,5.154622554779053,nan
19.200,0,99.89559173583984,125.89649963378906,115.68186950683594,197.5453338623047,197.0598907470703,194.63046264648438,0.13535945117473602,0.10510783642530441,0.13587771356105804,13.521812438964844,13.232708930969238,15.718587875366211,10.619793891906738,10.06056022644043,13.33304500579834,7.625416278839111,7.162695407867432,7.519518852233887,0.7853824496269226,0.7602797150611877,0.8482342958450317,6.255008220672607,5.798030853271484,5.154622554779053,nan
19.250,0,99.90129852294922,125.89188385009766,115.66358184814453,197.5523223876953,197.0238494873047,194.6266326904297,0.13590461015701294,0.10696588456630707,0.1355358213186264,13.577047348022461,13.466136932373047,15.676558494567871,10.668280601501465,10.151362419128418,13.216294288635254,7.630806922912598,7.375022888183594,7.6216654777526855,0.7857584953308105,0.7538436651229858,0.8430609703063965,6.266883850097656,5.779342174530029,5.097867965698242,nan
19.300,0,99.90129852294922,125.89188385009766,115.66358184814453,197.5523223876953,197.0238494873047,194.6266326904297,0.13590461015701294,0.10696588456630707,0.1355358213186264,13.577047348022461,13.466136932373047,15.676558494567871,10.668280601501465,10.151362419128418,13.216294288635254,7.630806922912598,7.375022888183594,7.6216654777526855,0.7857584953308105,0.7538436651229858,0.8430609703063965,6.266883850097656,5.779342174530029,5.097867965698242,nan
19.350,0,99.90129852294922,125.89188385009766,115.66358184814453,197.5523223876953,197.0238494873047,194.6266326904297,0.13590461015701294,0.10696588456630707,0.1355358213186264,13.577047348022461,13.466136932373047,15.676558494567871,10.668280601501465,10.151362419128418,13.216294288635254,7.630806922912598,7.375022888183594,7.6216654777526855,0.7857584953308105,0.7538436651229858,0.8430609703063965,6.266883850097656,5.779342174530029,5.097867965698242,nan
19.400,0,99.90129852294922,125.89188385009766,115.66358184814453,197.5523223876953,197.0238494873047,194.6266326904297,0.13590461015701294,0.10696588456630707,0.1355358213186264,13.577047348022461,13.466136932373047,15.676558494567871,10.668280601501465,10.151362419128418,13.216294288635254,7.630806922912598,7.375022888183594,7.6216654777526855,0.7857584953308105,0.7538436651229858,0.8430609703063965,6.266883850097656,5.779342174530029,5.097867965698242,nan
19.450,0,99.86079406738281,125.9144287109375,115.63184356689453,197.53128051757812,197.0644989013672,194.53179931640625,0.1362885683774948,0.10736505687236786,0.13569235801696777,13.609884262084961,13.518810272216797,15.690357208251953,10.672977447509766,10.127348899841309,13.232596397399902,7.69869327545166,7.431273937225342,7.650719165802002,0.784207820892334,0.7491301894187927,0.8433585166931152,6.328064918518066,5.836308002471924,5.136375427246094,nan
19.500,0,99.86079406738281,125.9144287109375,115.63184356689453,197.53128051757812,197.0644989013672,194.53179931640625,0.1362885683774948,0.10736505687236786,0.13569235801696777,13.609884262084961,13.518810272216797,15.690357208251953,10.672977447509766,10.127348899841309,13.232596397399902,7.69869327545166,7.431273937225342,7.650719165802002,0.784207820892334,0.7491301894187927,0.8433585166931152,6.328064918518066,5.836308002471924,5.136375427246094,nan
19.550,0,99.86079406738281,125.9144287109375,115.63184356689453,197.53128051757812,197.0644989013672,194.53179931640625,0.1362885683774948,0.10736505687236786,0.13569235801696777,13.609884262084961,13.518810272216797,15.690357208251953,10.672977447509766,10.127348899841309,13.232596397399902,7.69869327545166,7.431273937225342,7.650719165802002,0.784207820892334,0.7491301894187927,0.8433585166931152,6.328064918518066,5.836308002471924,5.136375427246094,nan
19.600,0,99.86079406738281,125.9144287109375,115.63184356689453,197.53128051757812,197.0644989013672,194.53179931640625,0.1362885683774948,0.10736505687236786,0.13569235801696777,13.609884262084961,13.518810272216797,15.690357208251953,10.672977447509766,10.127348899841309,13.232596397399902,7.69869327545166,7.431273937225342,7.650719165802002,0.784207820892334,0.7491301894187927,0.8433585166931152,6.328064918518066,5.836308002471924,5.136375427246094,nan
19.650,0,99.84105682373047,125.87965393066406,115.61493682861328,197.48153686523438,197.01177978515625,194.5111083984375,0.13668645918369293,0.10729361325502396,0.13454927504062653,13.646920204162598,13.506082534790039,15.555906295776367,10.76056957244873,10.088225364685059,13.162735939025879,7.617640018463135,7.488068103790283,7.500281810760498,0.788498044013977,0.7469394207000732,0.8461567759513855,6.269967555999756,5.71721076965332,5.10394287109375,nan
19.700,0,99.84105682373047,125.87965393066406,115.61493682861328,197.48153686523438,197.01177978515625,194.5111083984375,0.13668645918369293,0.10729361325502396,0.13454927504062653,13.646920204162598,13.506082534790039,15.555906295776367,10.76056957244873,10.088225364685059,13.162735939025879,7.617640018463135,7.488068103790283,7.500281810760498,0.788498044013977,0.7469394207000732,0.8461567759513855,6.269967555999756,5.71721076965332,5.10394287109375,nan
19.750,0,99.84105682373047,125.87965393066406,115.61493682861328,197.48153686523438,197.01177978515625,194.5111083984375,0.13668645918369293,0.10729361325502396,0.13454927504062653,13.646920204162598,13.506082534790039,15.555906295776367,10.76056957244873,10.088225364685059,13.162735939025879,7.617640018463135,7.488068103790283,7.500281810760498,0.788498044013977,0.7469394207000732,0.8461567759513855,6.269967555999756,5.71721076965332,5.10394287109375,nan
19.800,0,99.84105682373047,125.87965393066406,115.61493682861328,197.48153686523438,197.01177978515625,194.5111083984375,0.13668645918369293,0.10729361325502396,0.13454927504062653,13.646920204162598,13.506082534790039,15.555906295776367,10.76056957244873,10.088225364685059,13.162735939025879,7.617640018463135,7.488068103790283,7.500281810760498,0.788498044013977,0.7469394207000732,0.8461567759513855,6.269967555999756,5.71721076965332,5.10394287109375,nan
19.850,0,99.80428314208984,125.91246795654297,115.60016632080078,197.4831085205078,197.0506134033203,194.44717407226562,0.13711990416049957,0.10785864293575287,0.13555018603801727,13.68515396118164,13.580747604370117,15.669624328613281,10.729399681091309,10.112752914428711,13.195777893066406,7.732060432434082,7.557225227355957,7.638610363006592,0.7840174436569214,0.7446389198303223,0.8421247005462646,6.247185230255127,5.775942802429199,5.0327582359313965,nan
19.900,0,99.80428314208984,125.91246795654297,115.60016632080078,197.4831085205078,197.0506134033203,194.44717407226562,0.13711990416049957,0.10785864293575287,0.13555018603801727,13.68515396118164,13.580747604370117,15.669624328613281,10.729399681091309,10.112752914428711,13.195777893066406,7.732060432434082,7.557225227355957,7.638610363006592,0.7840174436569214,0.7446389198303223,0.8421247005462646,6.247185230255127,5.775942802429199,5.0327582359313965,nan
19.950,0,99.80428314208984,125.91246795654297,115.60016632080078,197.4831085205078,197.0506134033203,194.44717407226562,0.13711990416049957,0.10785864293575287,0.13555018603801727,13.68515396118164,13.580747604370117,15.669624328613281,10.729399681091309,10.112752914428711,13.195777893066406,7.732060432434082,7.557225227355957,7.638610363006592,0.7840174436569214,0.7446389198303223,0.8421247005462646,6.247185230255127,5.775942802429199,5.0327582359313965,nan
