t+,class,V_L1,V_L2,V_L3,V_L12,V_L23,V_L31,A_L1,A_L2,A_L3,VA_L1,VA_L2,VA_L3,W_L1,W_L2,W_L3,Q_L1,Q_L2,Q_L3,PF_L1,PF_L2,PF_L3,THD_L1,THD_L2,THD_L3
0.000,0,102.58463287353516,128.2960662841797,118.67886352539062,201.6743621826172,201.9650421142578,199.72430419921875,0.4551779627799988,0.4761524796485901,0.5111560821533203,46.69426345825195,61.0884895324707,60.663421630859375,-44.93070602416992,-56.22874450683594,-59.25905227661133,6.486684799194336,19.24913215637207,2.7166337966918945,0.9622318148612976,0.9204474687576294,0.9768497943878174,5.318690776824951,5.060288906097412,4.142879486083984,nan
0.050,0,102.58463287353516,128.2960662841797,118.67886352539062,201.6743621826172,201.9650421142578,199.72430419921875,0.4551779627799988,0.4761524796485901,0.5111560821533203,46.69426345825195,61.0884895324707,60.663421630859375,-44.93070602416992,-56.22874450683594,-59.25905227661133,6.486684799194336,19.24913215637207,2.7166337966918945,0.9622318148612976,0.9204474687576294,0.9768497943878174,5.318690776824951,5.060288906097412,4.142879486083984,nan
0.100,0,102.58463287353516,128.2960662841797,118.67886352539062,201.6743621826172,201.9650421142578,199.72430419921875,0.4551779627799988,0.4761524796485901,0.5111560821533203,46.69426345825195,61.0884895324707,60.663421630859375,-44.93070602416992,-56.22874450683594,-59.25905227661133,6.486684799194336,19.24913215637207,2.7166337966918945,0.9622318148612976,0.9204474687576294,0.9768497943878174,5.318690776824951,5.060288906097412,4.142879486083984,nan
0.150,0,102.58463287353516,128.2960662841797,118.67886352539062,201.6743621826172,201.9650421142578,199.72430419921875,0.4551779627799988,0.4761524796485901,0.5111560821533203,46.69426345825195,61.0884895324707,60.663421630859375,-44.93070602416992,-56.22874450683594,-59.25905227661133,6.486684799194336,19.24913215637207,2.7166337966918945,0.9622318148612976,0.9204474687576294,0.9768497943878174,5.318690776824951,5.060288906097412,4.142879486083984,nan
0.200,0,102.48445892333984,128.26783752441406,118.56571197509766,201.55613708496094,201.82125854492188,199.5541229248047,0.4465458393096924,0.4652605652809143,0.5034670233726501,45.764007568359375,59.6779670715332,59.69392776489258,-44.211090087890625,-54.93661117553711,-58.52267837524414,6.573266506195068,19.5517578125,3.3414649963378906,0.966066837310791,0.9205510020256042,0.9803791046142578,5.190962791442871,5.161497116088867,4.079537391662598,nan
0.250,0,102.48445892333984,128.26783752441406,118.56571197509766,201.55613708496094,201.82125854492188,199.5541229248047,0.4465458393096924,0.4652605652809143,0.5034670233726501,45.764007568359375,59.6779670715332,59.69392776489258,-44.211090087890625,-54.93661117553711,-58.52267837524414,6.573266506195068,19.5517578125,3.3414649963378906,0.966066837310791,0.9205510020256042,0.9803791046142578,5.190962791442871,5.161497116088867,4.079537391662598,nan
0.300,0,102.48445892333984,128.26783752441406,118.56571197509766,201.55613708496094,201.82125854492188,199.5541229248047,0.4465458393096924,0.4652605652809143,0.5034670233726501,45.764007568359375,59.6779670715332,59.69392776489258,-44.211090087890625,-54.93661117553711,-58.52267837524414,6.573266506195068,19.5517578125,3.3414649963378906,0.966066837310791,0.9205510020256042,0.9803791046142578,5.190962791442871,5.161497116088867,4.079537391662598,nan
0.350,0,102.48445892333984,128.26783752441406,118.56571197509766,201.55613708496094,201.82125854492188,199.5541229248047,0.4465458393096924,0.4652605652809143,0.5034670233726501,45.764007568359375,59.6779670715332,59.69392776489258,-44.211090087890625,-54.93661117553711,-58.52267837524414,6.573266506195068,19.5517578125,3.3414649963378906,0.966066837310791,0.9205510020256042,0.9803791046142578,5.190962791442871,5.161497116088867,4.079537391662598,nan
0.400,0,102.57697296142578,128.31813049316406,118.63134765625,201.6395721435547,201.9777374267578,199.68057250976562,0.45567587018013,0.47645312547683716,0.5143716931343079,46.741851806640625,61.1375732421875,61.020606994628906,-45.12154769897461,-56.453651428222656,-59.81923294067383,6.466630935668945,19.577177047729492,2.796720504760742,0.9653350710868835,0.9233871698379517,0.9803119897842407,5.189743995666504,5.190044403076172,4.266425132751465,nan
0.450,0,102.57697296142578,128.31813049316406,118.63134765625,201.6395721435547,201.9777374267578,199.68057250976562,0.45567587018013,0.47645312547683716,0.5143716931343079,46.741851806640625,61.1375732421875,61.020606994628906,-45.12154769897461,-56.453651428222656,-59.81923294067383,6.466630935668945,19.577177047729492,2.796720504760742,0.9653350710868835,0.9233871698379517,0.9803119897842407,5.189743995666504,5.190044403076172,4.266425132751465,nan
0.500,0,102.57697296142578,128.31813049316406,118.63134765625,201.6395721435547,201.9777374267578,199.68057250976562,0.45567587018013,0.47645312547683716,0.5143716931343079,46.741851806640625,61.1375732421875,61.020606994628906,-45.12154769897461,-56.453651428222656,-59.81923294067383,6.466630935668945,19.577177047729492,2.796720504760742,0.9653350710868835,0.9233871698379517,0.9803119897842407,5.189743995666504,5.190044403076172,4.266425132751465,nan
0.550,0,102.57697296142578,128.31813049316406,118.63134765625,201.6395721435547,201.9777374267578,199.68057250976562,0.45567587018013,0.47645312547683716,0.5143716931343079,46.741851806640625,61.1375732421875,61.020606994628906,-45.12154769897461,-56.453651428222656,-59.81923294067383,6.466630935668945,19.577177047729492,2.796720504760742,0.9653350710868835,0.9233871698379517,0.9803119897842407,5.189743995666504,5.190044403076172,4.266425132751465,nan
0.600,0,102.59222412109375,128.28683471679688,118.65869903564453,201.62799072265625,201.97418212890625,199.71792602539062,0.45227599143981934,0.4733438491821289,0.511942982673645,46.400001525878906,60.723785400390625,60.74648666381836,-44.86513137817383,-56.14466857910156,-59.48732376098633,5.7837443351745605,18.81072998046875,2.104414701461792,0.9669209122657776,0.924591064453125,0.9792718291282654,5.2784953117370605,5.10228967666626,4.308619499206543,nan
0.650,0,102.59222412109375,128.28683471679688,118.65869903564453,201.62799072265625,201.97418212890625,199.71792602539062,0.45227599143981934,0.4733438491821289,0.511942982673645,46.400001525878906,60.723785400390625,60.74648666381836,-44.86513137817383,-56.14466857910156,-59.48732376098633,5.7837443351745605,18.81072998046875,2.104414701461792,0.9669209122657776,0.924591064453125,0.9792718291282654,5.2784953117370605,5.10228967666626,4.308619499206543,nan
0.700,0,102.59222412109375,128.28683471679688,118.65869903564453,201.62799072265625,201.97418212890625,199.71792602539062,0.45227599143981934,0.4733438491821289,0.511942982673645,46.400001525878906,60.723785400390625,60.74648666381836,-44.86513137817383,-56.14466857910156,-59.48732376098633,5.7837443351745605,18.81072998046875,2.104414701461792,0.9669209122657776,0.924591064453125,0.9792718291282654,5.2784953117370605,5.10228967666626,4.308619499206543,nan
0.750,0,102.59222412109375,128.28683471679688,118.65869903564453,201.62799072265625,201.97418212890625,199.71792602539062,0.45227599143981934,0.4733438491821289,0.511942982673645,46.400001525878906,60.723785400390625,60.74648666381836,-44.86513137817383,-56.14466857910156,-59.48732376098633,5.7837443351745605,18.81072998046875,2.104414701461792,0.9669209122657776,0.924591064453125,0.9792718291282654,5.2784953117370605,5.10228967666626,4.308619499206543,nan
0.800,0,102.56684112548828,128.21070861816406,118.6351318359375,201.56504821777344,201.83303833007812,199.69996643066406,0.45539310574531555,0.4747820496559143,0.5121424794197083,46.70823287963867,60.87214279174805,60.75809097290039,-44.855628967285156,-55.822837829589844,-59.37052917480469,6.837230205535889,19.908733367919922,3.409972667694092,0.9603366851806641,0.9170506596565247,0.9771625399589539,5.276523113250732,5.033618927001953,4.161741256713867,nan
0.850,0,102.56684112548828,128.21070861816406,118.6351318359375,201.56504821777344,201.83303833007812,199.69996643066406,0.45539310574531555,0.4747820496559143,0.5121424794197083,46.70823287963867,60.87214279174805,60.75809097290039,-44.855628967285156,-55.822837829589844,-59.37052917480469,6.837230205535889,19.908733367919922,3.409972667694092,0.9603366851806641,0.9170506596565247,0.9771625399589539,5.276523113250732,5.033618927001953,4.161741256713867,nan
0.900,0,102.56684112548828,128.21070861816406,118.6351318359375,201.56504821777344,201.83303833007812,199.69996643066406,0.45539310574531555,0.4747820496559143,0.5121424794197083,46.70823287963867,60.87214279174805,60.75809097290039,-44.855628967285156,-55.822837829589844,-59.37052917480469,6.837230205535889,19.908733367919922,3.409972667694092,0.9603366851806641,0.9170506596565247,0.9771625399589539,5.276523113250732,5.033618927001953,4.161741256713867,nan
0.950,0,102.56684112548828,128.21070861816406,118.6351318359375,201.56504821777344,201.83303833007812,199.69996643066406,0.45539310574531555,0.4747820496559143,0.5121424794197083,46.70823287963867,60.87214279174805,60.75809097290039,-44.855628967285156,-55.822837829589844,-59.37052917480469,6.837230205535889,19.908733367919922,3.409972667694092,0.9603366851806641,0.9170506596565247,0.9771625399589539,5.276523113250732,5.033618927001953,4.161741256713867,nan
1.000,0,102.5395278930664,128.29502868652344,118.66734313964844,201.63775634765625,201.9032745361328,199.70960998535156,0.4567806124687195,0.4776782691478729,0.5164591073989868,46.838069915771484,61.283748626708984,61.28683090209961,-45.39441680908203,-56.640560150146484,-60.191715240478516,6.609434127807617,19.88530158996582,3.00880765914917,0.969177782535553,0.9242345690727234,0.98213130235672,5.20655632019043,5.001748561859131,4.019609451293945,nan
1.050,0,102.5395278930664,128.29502868652344,118.66734313964844,201.63775634765625,201.9032745361328,199.70960998535156,0.4567806124687195,0.4776782691478729,0.5164591073989868,46.838069915771484,61.283748626708984,61.28683090209961,-45.39441680908203,-56.640560150146484,-60.191715240478516,6.609434127807617,19.88530158996582,3.00880765914917,0.969177782535553,0.9242345690727234,0.98213130235672,5.20655632019043,5.001748561859131,4.019609451293945,nan
1.100,0,102.5395278930664,128.29502868652344,118.66734313964844,201.63775634765625,201.9032745361328,199.70960998535156,0.4567806124687195,0.4776782691478729,0.5164591073989868,46.838069915771484,61.283748626708984,61.28683090209961,-45.39441680908203,-56.640560150146484,-60.191715240478516,6.609434127807617,19.88530158996582,3.00880765914917,0.969177782535553,0.9242345690727234,0.98213130235672,5.20655632019043,5.001748561859131,4.019609451293945,nan
1.150,0,102.5395278930664,128.29502868652344,118.66734313964844,201.63775634765625,201.9032745361328,199.70960998535156,0.4567806124687195,0.4776782691478729,0.5164591073989868,46.838069915771484,61.283748626708984,61.28683090209961,-45.39441680908203,-56.640560150146484,-60.191715240478516,6.609434127807617,19.88530158996582,3.00880765914917,0.969177782535553,0.9242345690727234,0.98213130235672,5.20655632019043,5.001748561859131,4.019609451293945,nan
1.200,0,102.47472381591797,128.27117919921875,118.5816421508789,201.52549743652344,201.851318359375,199.57252502441406,0.45302507281303406,0.4749642312526703,0.5126387476921082,46.42361831665039,60.92422103881836,60.78954315185547,-44.841041564941406,-56.21635437011719,-59.503746032714844,6.215285778045654,19.2891788482666,2.438397169113159,0.9659100770950317,0.9227258563041687,0.978848397731781,5.182178497314453,5.109439373016357,4.0850510597229,nan
1.250,0,102.47472381591797,128.27117919921875,118.5816421508789,201.52549743652344,201.851318359375,199.57252502441406,0.45302507281303406,0.4749642312526703,0.5126387476921082,46.42361831665039,60.92422103881836,60.78954315185547,-44.841041564941406,-56.21635437011719,-59.503746032714844,6.215285778045654,19.2891788482666,2.438397169113159,0.9659100770950317,0.9227258563041687,0.978848397731781,5.182178497314453,5.109439373016357,4.0850510597229,nan
1.300,0,102.47472381591797,128.27117919921875,118.5816421508789,201.52549743652344,201.851318359375,199.57252502441406,0.45302507281303406,0.4749642312526703,0.5126387476921082,46.42361831665039,60.92422103881836,60.78954315185547,-44.841041564941406,-56.21635437011719,-59.503746032714844,6.215285778045654,19.2891788482666,2.438397169113159,0.9659100770950317,0.9227258563041687,0.978848397731781,5.182178497314453,5.109439373016357,4.0850510597229,nan
1.350,0,102.47472381591797,128.27117919921875,118.5816421508789,201.52549743652344,201.851318359375,199.57252502441406,0.45302507281303406,0.4749642312526703,0.5126387476921082,46.42361831665039,60.92422103881836,60.78954315185547,-44.841041564941406,-56.21635437011719,-59.503746032714844,6.215285778045654,19.2891788482666,2.438397169113159,0.9659100770950317,0.9227258563041687,0.978848397731781,5.182178497314453,5.109439373016357,4.0850510597229,nan
1.400,0,102.44709777832031,128.209228515625,118.49974822998047,201.42498779296875,201.78404235839844,199.4486846923828,0.4521532356739044,0.4742977023124695,0.5099148154258728,46.32178497314453,60.80934143066406,60.42477798461914,-44.51954650878906,-55.780609130859375,-59.028255462646484,6.8787055015563965,19.870376586914062,3.245419979095459,0.9610930681228638,0.9173032641410828,0.9768882393836975,5.182055473327637,5.120901584625244,4.2265424728393555,nan
1.450,0,102.44709777832031,128.209228515625,118.49974822998047,201.42498779296875,201.78404235839844,199.4486846923828,0.4521532356739044,0.4742977023124695,0.5099148154258728,46.32178497314453,60.80934143066406,60.42477798461914,-44.51954650878906,-55.780609130859375,-59.028255462646484,6.8787055015563965,19.870376586914062,3.245419979095459,0.9610930681228638,0.9173032641410828,0.9768882393836975,5.182055473327637,5.120901584625244,4.2265424728393555,nan
1.500,0,102.44709777832031,128.209228515625,118.49974822998047,201.42498779296875,201.78404235839844,199.4486846923828,0.4521532356739044,0.4742977023124695,0.5099148154258728,46.32178497314453,60.80934143066406,60.42477798461914,-44.51954650878906,-55.780609130859375,-59.028255462646484,6.8787055015563965,19.870376586914062,3.245419979095459,0.9610930681228638,0.9173032641410828,0.9768882393836975,5.182055473327637,5.120901584625244,4.2265424728393555,nan
1.550,0,102.44709777832031,128.209228515625,118.49974822998047,201.42498779296875,201.78404235839844,199.4486846923828,0.4521532356739044,0.4742977023124695,0.5099148154258728,46.32178497314453,60.80934143066406,60.42477798461914,-44.51954650878906,-55.780609130859375,-59.028255462646484,6.8787055015563965,19.870376586914062,3.245419979095459,0.9610930681228638,0.9173032641410828,0.9768882393836975,5.182055473327637,5.120901584625244,4.2265424728393555,nan
1.600,0,102.51081848144531,128.2001953125,118.58077239990234,201.4739532470703,201.84796142578125,199.5745849609375,0.4571555554866791,0.4743371605873108,0.5139680504798889,46.8633918762207,60.810115814208984,60.94672775268555,-45.21367263793945,-56.21731185913086,-59.6273193359375,6.125530242919922,19.00613784790039,2.667384147644043,0.9647972583770752,0.9244730472564697,0.9783514738082886,5.228363513946533,5.048579216003418,4.2913312911987305,nan
1.650,0,102.51081848144531,128.2001953125,118.58077239990234,201.4739532470703,201.84796142578125,199.5745849609375,0.4571555554866791,0.4743371605873108,0.5139680504798889,46.8633918762207,60.810115814208984,60.94672775268555,-45.21367263793945,-56.21731185913086,-59.6273193359375,6.125530242919922,19.00613784790039,2.667384147644043,0.9647972583770752,0.9244730472564697,0.9783514738082886,5.228363513946533,5.048579216003418,4.2913312911987305,nan
1.700,0,102.51081848144531,128.2001953125,118.58077239990234,201.4739532470703,201.84796142578125,199.5745849609375,0.4571555554866791,0.4743371605873108,0.5139680504798889,46.8633918762207,60.810115814208984,60.94672775268555,-45.21367263793945,-56.21731185913086,-59.6273193359375,6.125530242919922,19.00613784790039,2.667384147644043,0.9647972583770752,0.9244730472564697,0.9783514738082886,5.228363513946533,5.048579216003418,4.2913312911987305,nan
1.750,0,102.51081848144531,128.2001953125,118.58077239990234,201.4739532470703,201.84796142578125,199.5745849609375,0.4571555554866791,0.4743371605873108,0.5139680504798889,46.8633918762207,60.810115814208984,60.94672775268555,-45.21367263793945,-56.21731185913086,-59.6273193359375,6.125530242919922,19.00613784790039,2.667384147644043,0.9647972583770752,0.9244730472564697,0.9783514738082886,5.228363513946533,5.048579216003418,4.2913312911987305,nan
1.800,0,102.5224380493164,128.18472290039062,118.63008880615234,201.48245239257812,201.82252502441406,199.6631622314453,0.45121049880981445,0.46951383352279663,0.509005606174469,46.25920104980469,60.18450164794922,60.38338088989258,-44.798828125,-55.740386962890625,-59.21200180053711,5.927950859069824,18.840484619140625,2.4722583293914795,0.9684306383132935,0.9261584877967834,0.9806009531021118,5.271059513092041,5.012131690979004,4.180993556976318,nan
1.850,0,102.5224380493164,128.18472290039062,118.63008880615234,201.48245239257812,201.82252502441406,199.6631622314453,0.45121049880981445,0.46951383352279663,0.509005606174469,46.25920104980469,60.18450164794922,60.38338088989258,-44.798828125,-55.740386962890625,-59.21200180053711,5.927950859069824,18.840484619140625,2.4722583293914795,0.9684306383132935,0.9261584877967834,0.9806009531021118,5.271059513092041,5.012131690979004,4.180993556976318,nan
1.900,0,102.5224380493164,128.18472290039062,118.63008880615234,201.48245239257812,201.82252502441406,199.6631622314453,0.45121049880981445,0.46951383352279663,0.509005606174469,46.25920104980469,60.18450164794922,60.38338088989258,-44.798828125,-55.740386962890625,-59.21200180053711,5.927950859069824,18.840484619140625,2.4722583293914795,0.9684306383132935,0.9261584877967834,0.9806009531021118,5.271059513092041,5.012131690979004,4.180993556976318,nan
1.950,0,102.5224380493164,128.18472290039062,118.63008880615234,201.48245239257812,201.82252502441406,199.6631622314453,0.45121049880981445,0.46951383352279663,0.509005606174469,46.25920104980469,60.18450164794922,60.38338088989258,-44.798828125,-55.740386962890625,-59.21200180053711,5.927950859069824,18.840484619140625,2.4722583293914795,0.9684306383132935,0.9261584877967834,0.9806009531021118,5.271059513092041,5.012131690979004,4.180993556976318,nan
2.000,0,102.48320770263672,128.22373962402344,118.58984375,201.5002899169922,201.8183135986328,199.5845184326172,0.4522653818130493,0.4738684296607971,0.5119266510009766,46.349605560302734,60.76118087768555,60.70930099487305,-44.62778091430664,-55.74138259887695,-59.36396026611328,6.8646440505981445,20.149370193481445,3.4176025390625,0.962851345539093,0.9173848032951355,0.9778396487236023,5.233327865600586,5.042436122894287,4.053877353668213,nan
2.050,0,102.48320770263672,128.22373962402344,118.58984375,201.5002899169922,201.8183135986328,199.5845184326172,0.4522653818130493,0.4738684296607971,0.5119266510009766,46.349605560302734,60.76118087768555,60.70930099487305,-44.62778091430664,-55.74138259887695,-59.36396026611328,6.8646440505981445,20.149370193481445,3.4176025390625,0.962851345539093,0.9173848032951355,0.9778396487236023,5.233327865600586,5.042436122894287,4.053877353668213,nan
2.100,0,102.48320770263672,128.22373962402344,118.58984375,201.5002899169922,201.8183135986328,199.5845184326172,0.4522653818130493,0.4738684296607971,0.5119266510009766,46.349605560302734,60.76118087768555,60.70930099487305,-44.62778091430664,-55.74138259887695,-59.36396026611328,6.8646440505981445,20.149370193481445,3.4176025390625,0.962851345539093,0.9173848032951355,0.9778396487236023,5.233327865600586,5.042436122894287,4.053877353668213,nan
2.150,0,102.48320770263672,128.22373962402344,118.58984375,201.5002899169922,201.8183135986328,199.5845184326172,0.4522653818130493,0.4738684296607971,0.5119266510009766,46.349605560302734,60.76118087768555,60.70930099487305,-44.62778091430664,-55.74138259887695,-59.36396026611328,6.8646440505981445,20.149370193481445,3.4176025390625,0.962851345539093,0.9173848032951355,0.9778396487236023,5.233327865600586,5.042436122894287,4.053877353668213,nan
2.200,0,102.5047378540039,128.30996704101562,118.5837173461914,201.5904998779297,201.88970947265625,199.59286499023438,0.45626190304756165,0.4773980975151062,0.512617826461792,46.76900863647461,61.25493240356445,60.78812789916992,-45.086578369140625,-56.467655181884766,-59.47964096069336,6.405951976776123,19.180923461914062,2.566075325012207,0.9640268087387085,0.9218466877937317,0.9784746170043945,5.2062811851501465,5.16550874710083,4.082529544830322,nan
2.250,0,102.5047378540039,128.30996704101562,118.5837173461914,201.5904998779297,201.88970947265625,199.59286499023438,0.45626190304756165,0.4773980975151062,0.512617826461792,46.76900863647461,61.25493240356445,60.78812789916992,-45.086578369140625,-56.467655181884766,-59.47964096069336,6.405951976776123,19.180923461914062,2.566075325012207,0.9640268087387085,0.9218466877937317,0.9784746170043945,5.2062811851501465,5.16550874710083,4.082529544830322,nan
2.300,0,102.5047378540039,128.30996704101562,118.5837173461914,201.5904998779297,201.88970947265625,199.59286499023438,0.45626190304756165,0.4773980975151062,0.512617826461792,46.76900863647461,61.25493240356445,60.78812789916992,-45.086578369140625,-56.467655181884766,-59.47964096069336,6.405951976776123,19.180923461914062,2.566075325012207,0.9640268087387085,0.9218466877937317,0.9784746170043945,5.2062811851501465,5.16550874710083,4.082529544830322,nan
2.350,0,102.5047378540039,128.30996704101562,118.5837173461914,201.5904998779297,201.88970947265625,199.59286499023438,0.45626190304756165,0.4773980975151062,0.512617826461792,46.76900863647461,61.25493240356445,60.78812789916992,-45.086578369140625,-56.467655181884766,-59.47964096069336,6.405951976776123,19.180923461914062,2.566075325012207,0.9640268087387085,0.9218466877937317,0.9784746170043945,5.2062811851501465,5.16550874710083,4.082529544830322,nan
2.400,0,102.49813079833984,128.24009704589844,118.54493713378906,201.4935302734375,201.8439178466797,199.53970336914062,0.4474809467792511,0.46786215901374817,0.5050477385520935,45.86595916748047,59.998687744140625,59.870853424072266,-44.30827713012695,-55.42449951171875,-58.663368225097656,6.122126579284668,18.95344352722168,2.5227229595184326,0.9660384058952332,0.9237618446350098,0.9798318147659302,5.1760101318359375,5.173062324523926,4.239296913146973,nan
2.450,0,102.49813079833984,128.24009704589844,118.54493713378906,201.4935302734375,201.8439178466797,199.53970336914062,0.4474809467792511,0.46786215901374817,0.5050477385520935,45.86595916748047,59.998687744140625,59.870853424072266,-44.30827713012695,-55.42449951171875,-58.663368225097656,6.122126579284668,18.95344352722168,2.5227229595184326,0.9660384058952332,0.9237618446350098,0.9798318147659302,5.1760101318359375,5.173062324523926,4.239296913146973,nan
2.500,0,102.49813079833984,128.24009704589844,118.54493713378906,201.4935302734375,201.8439178466797,199.53970336914062,0.4474809467792511,0.46786215901374817,0.5050477385520935,45.86595916748047,59.998687744140625,59.870853424072266,-44.30827713012695,-55.42449951171875,-58.663368225097656,6.122126579284668,18.95344352722168,2.5227229595184326,0.9660384058952332,0.9237618446350098,0.9798318147659302,5.1760101318359375,5.173062324523926,4.239296913146973,nan
2.550,0,102.49813079833984,128.24009704589844,118.54493713378906,201.4935302734375,201.8439178466797,199.53970336914062,0.4474809467792511,0.46786215901374817,0.5050477385520935,45.86595916748047,59.998687744140625,59.870853424072266,-44.30827713012695,-55.42449951171875,-58.663368225097656,6.122126579284668,18.95344352722168,2.5227229595184326,0.9660384058952332,0.9237618446350098,0.9798318147659302,5.1760101318359375,5.173062324523926,4.239296913146973,nan
2.600,0,102.54786682128906,128.2394561767578,118.6030044555664,201.54586791992188,201.90643310546875,199.619140625,0.4540122449398041,0.4739007353782654,0.5113710165023804,46.557987213134766,60.77277374267578,60.65013885498047,-44.84965515136719,-55.9654655456543,-59.40615463256836,6.819463729858398,19.85210609436035,3.33243727684021,0.9633074402809143,0.9208970069885254,0.9794892072677612,5.231793403625488,5.114035129547119,4.286239147186279,nan
2.650,0,102.54786682128906,128.2394561767578,118.6030044555664,201.54586791992188,201.90643310546875,199.619140625,0.4540122449398041,0.4739007353782654,0.5113710165023804,46.557987213134766,60.77277374267578,60.65013885498047,-44.84965515136719,-55.9654655456543,-59.40615463256836,6.819463729858398,19.85210609436035,3.33243727684021,0.9633074402809143,0.9208970069885254,0.9794892072677612,5.231793403625488,5.114035129547119,4.286239147186279,nan
2.700,0,102.54786682128906,128.2394561767578,118.6030044555664,201.54586791992188,201.90643310546875,199.619140625,0.4540122449398041,0.4739007353782654,0.5113710165023804,46.557987213134766,60.77277374267578,60.65013885498047,-44.84965515136719,-55.9654655456543,-59.40615463256836,6.819463729858398,19.85210609436035,3.33243727684021,0.9633074402809143,0.9208970069885254,0.9794892072677612,5.231793403625488,5.114035129547119,4.286239147186279,nan
2.750,0,102.54786682128906,128.2394561767578,118.6030044555664,201.54586791992188,201.90643310546875,199.619140625,0.4540122449398041,0.4739007353782654,0.5113710165023804,46.557987213134766,60.77277374267578,60.65013885498047,-44.84965515136719,-55.9654655456543,-59.40615463256836,6.819463729858398,19.85210609436035,3.33243727684021,0.9633074402809143,0.9208970069885254,0.9794892072677612,5.231793403625488,5.114035129547119,4.286239147186279,nan
2.800,0,102.56710815429688,128.24203491210938,118.68305969238281,201.5813751220703,201.9257049560547,199.73556518554688,0.4566228985786438,0.4756305515766144,0.5154640674591064,46.83449172973633,60.99583053588867,61.17685317993164,-45.2477912902832,-56.33538055419922,-59.799251556396484,6.0570526123046875,19.057445526123047,2.5219004154205322,0.9661211371421814,0.9235939383506775,0.9774816632270813,5.285360813140869,5.0546345710754395,4.184727668762207,nan
2.850,0,102.56710815429688,128.24203491210938,118.68305969238281,201.5813751220703,201.9257049560547,199.73556518554688,0.4566228985786438,0.4756305515766144,0.5154640674591064,46.83449172973633,60.99583053588867,61.17685317993164,-45.2477912902832,-56.33538055419922,-59.799251556396484,6.0570526123046875,19.057445526123047,2.5219004154205322,0.9661211371421814,0.9235939383506775,0.9774816632270813,5.285360813140869,5.0546345710754395,4.184727668762207,nan
2.900,0,102.56710815429688,128.24203491210938,118.68305969238281,201.5813751220703,201.9257049560547,199.73556518554688,0.4566228985786438,0.4756305515766144,0.5154640674591064,46.83449172973633,60.99583053588867,61.17685317993164,-45.2477912902832,-56.33538055419922,-59.799251556396484,6.0570526123046875,19.057445526123047,2.5219004154205322,0.9661211371421814,0.9235939383506775,0.9774816632270813,5.285360813140869,5.0546345710754395,4.184727668762207,nan
2.950,0,102.56710815429688,128.24203491210938,118.68305969238281,201.5813751220703,201.9257049560547,199.73556518554688,0.4566228985786438,0.4756305515766144,0.5154640674591064,46.83449172973633,60.99583053588867,61.17685317993164,-45.2477912902832,-56.33538055419922,-59.799251556396484,6.0570526123046875,19.057445526123047,2.5219004154205322,0.9661211371421814,0.9235939383506775,0.9774816632270813,5.285360813140869,5.0546345710754395,4.184727668762207,nan
3.000,0,102.48492431640625,128.24734497070312,118.62261962890625,201.5146026611328,201.8443145751953,199.6376495361328,0.45428022742271423,0.47030624747276306,0.5104666352272034,46.5568733215332,60.315528869628906,60.55289077758789,-44.86014938354492,-55.50604248046875,-59.22565460205078,6.060715675354004,19.034990310668945,2.8530001640319824,0.9635558724403381,0.9202612042427063,0.9780813455581665,5.258516311645508,5.074368953704834,4.028608798980713,nan
3.050,0,102.48492431640625,128.24734497070312,118.62261962890625,201.5146026611328,201.8443145751953,199.6376495361328,0.45428022742271423,0.47030624747276306,0.5104666352272034,46.5568733215332,60.315528869628906,60.55289077758789,-44.86014938354492,-55.50604248046875,-59.22565460205078,6.060715675354004,19.034990310668945,2.8530001640319824,0.9635558724403381,0.9202612042427063,0.9780813455581665,5.258516311645508,5.074368953704834,4.028608798980713,nan
3.100,0,102.48492431640625,128.24734497070312,118.62261962890625,201.5146026611328,201.8443145751953,199.6376495361328,0.45428022742271423,0.47030624747276306,0.5104666352272034,46.5568733215332,60.315528869628906,60.55289077758789,-44.86014938354492,-55.50604248046875,-59.22565460205078,6.060715675354004,19.034990310668945,2.8530001640319824,0.9635558724403381,0.9202612042427063,0.9780813455581665,5.258516311645508,5.074368953704834,4.028608798980713,nan
3.150,0,102.48492431640625,128.24734497070312,118.62261962890625,201.5146026611328,201.8443145751953,199.6376495361328,0.45428022742271423,0.47030624747276306,0.5104666352272034,46.5568733215332,60.315528869628906,60.55289077758789,-44.86014938354492,-55.50604248046875,-59.22565460205078,6.060715675354004,19.034990310668945,2.8530001640319824,0.9635558724403381,0.9202612042427063,0.9780813455581665,5.258516311645508,5.074368953704834,4.028608798980713,nan
3.200,0,102.49665832519531,128.2984619140625,118.59756469726562,201.5530548095703,201.90237426757812,199.6105499267578,0.45714429020881653,0.47721269726753235,0.5152026414871216,46.85576248168945,61.22565460205078,61.10177993774414,-45.28092956542969,-56.375511169433594,-59.918392181396484,7.126344680786133,20.28107261657715,3.6735970973968506,0.9663897752761841,0.9207825064659119,0.9806325435638428,5.178036689758301,5.131606578826904,4.0049824714660645,nan
3.250,0,102.49665832519531,128.2984619140625,118.59756469726562,201.5530548095703,201.90237426757812,199.6105499267578,0.45714429020881653,0.47721269726753235,0.5152026414871216,46.85576248168945,61.22565460205078,61.10177993774414,-45.28092956542969,-56.375511169433594,-59.918392181396484,7.126344680786133,20.28107261657715,3.6735970973968506,0.9663897752761841,0.9207825064659119,0.9806325435638428,5.178036689758301,5.131606578826904,4.0049824714660645,nan
3.300,0,102.49665832519531,128.2984619140625,118.59756469726562,201.5530548095703,201.90237426757812,199.6105499267578,0.45714429020881653,0.47721269726753235,0.5152026414871216,46.85576248168945,61.22565460205078,61.10177993774414,-45.28092956542969,-56.375511169433594,-59.918392181396484,7.126344680786133,20.28107261657715,3.6735970973968506,0.9663897752761841,0.9207825064659119,0.9806325435638428,5.178036689758301,5.131606578826904,4.0049824714660645,nan
3.350,0,102.49665832519531,128.2984619140625,118.59756469726562,201.5530548095703,201.90237426757812,199.6105499267578,0.45714429020881653,0.47721269726753235,0.5152026414871216,46.85576248168945,61.22565460205078,61.10177993774414,-45.28092956542969,-56.375511169433594,-59.918392181396484,7.126344680786133,20.28107261657715,3.6735970973968506,0.9663897752761841,0.9207825064659119,0.9806325435638428,5.178036689758301,5.131606578826904,4.0049824714660645,nan
3.400,0,102.53457641601562,128.31011962890625,118.59358978271484,201.5601348876953,201.9664764404297,199.62344360351562,0.4554592967033386,0.47614622116088867,0.5151716470718384,46.70032501220703,61.09437942504883,61.09605407714844,-45.15729904174805,-56.387855529785156,-59.898006439208984,6.473806858062744,19.672771453857422,2.9261107444763184,0.9669589996337891,0.9229630827903748,0.980390727519989,5.1551642417907715,5.10939884185791,4.119706153869629,nan
3.450,0,102.53457641601562,128.31011962890625,118.59358978271484,201.5601348876953,201.9664764404297,199.62344360351562,0.4554592967033386,0.47614622116088867,0.5151716470718384,46.70032501220703,61.09437942504883,61.09605407714844,-45.15729904174805,-56.387855529785156,-59.898006439208984,6.473806858062744,19.672771453857422,2.9261107444763184,0.9669589996337891,0.9229630827903748,0.980390727519989,5.1551642417907715,5.10939884185791,4.119706153869629,nan
3.500,0,102.53457641601562,128.31011962890625,118.59358978271484,201.5601348876953,201.9664764404297,199.62344360351562,0.4554592967033386,0.47614622116088867,0.5151716470718384,46.70032501220703,61.09437942504883,61.09605407714844,-45.15729904174805,-56.387855529785156,-59.898006439208984,6.473806858062744,19.672771453857422,2.9261107444763184,0.9669589996337891,0.9229630827903748,0.980390727519989,5.1551642417907715,5.10939884185791,4.119706153869629,nan
3.550,0,102.53457641601562,128.31011962890625,118.59358978271484,201.5601348876953,201.9664764404297,199.62344360351562,0.4554592967033386,0.47614622116088867,0.5151716470718384,46.70032501220703,61.09437942504883,61.09605407714844,-45.15729904174805,-56.387855529785156,-59.898006439208984,6.473806858062744,19.672771453857422,2.9261107444763184,0.9669589996337891,0.9229630827903748,0.980390727519989,5.1551642417907715,5.10939884185791,4.119706153869629,nan
3.600,0,102.51704406738281,128.23524475097656,118.5794448852539,201.49105834960938,201.9047393798828,199.57571411132812,0.4484129250049591,0.470770925283432,0.5075345635414124,45.969966888427734,60.36942672729492,60.18316650390625,-44.26642608642578,-55.502986907958984,-58.821678161621094,6.397048473358154,19.414878845214844,2.774409055709839,0.9629423022270203,0.919389009475708,0.9773775935173035,5.249316215515137,5.0597991943359375,4.202631950378418,nan
3.650,0,102.51704406738281,128.23524475097656,118.5794448852539,201.49105834960938,201.9047393798828,199.57571411132812,0.4484129250049591,0.470770925283432,0.5075345635414124,45.969966888427734,60.36942672729492,60.18316650390625,-44.26642608642578,-55.502986907958984,-58.821678161621094,6.397048473358154,19.414878845214844,2.774409055709839,0.9629423022270203,0.919389009475708,0.9773775935173035,5.249316215515137,5.0597991943359375,4.202631950378418,nan
3.700,0,102.51704406738281,128.23524475097656,118.5794448852539,201.49105834960938,201.9047393798828,199.57571411132812,0.4484129250049591,0.470770925283432,0.5075345635414124,45.969966888427734,60.36942672729492,60.18316650390625,-44.26642608642578,-55.502986907958984,-58.821678161621094,6.397048473358154,19.414878845214844,2.774409055709839,0.9629423022270203,0.919389009475708,0.9773775935173035,5.249316215515137,5.0597991943359375,4.202631950378418,nan
3.750,0,102.51704406738281,128.23524475097656,118.5794448852539,201.49105834960938,201.9047393798828,199.57571411132812,0.4484129250049591,0.470770925283432,0.5075345635414124,45.969966888427734,60.36942672729492,60.18316650390625,-44.26642608642578,-55.502986907958984,-58.821678161621094,6.397048473358154,19.414878845214844,2.774409055709839,0.9629423022270203,0.919389009475708,0.9773775935173035,5.249316215515137,5.0597991943359375,4.202631950378418,nan
3.800,0,102.55661010742188,128.220703125,118.65621185302734,201.55284118652344,201.8904266357422,199.69674682617188,0.4574282169342041,0.475440114736557,0.5117506384849548,46.912288665771484,60.961265563964844,60.72239303588867,-45.129581451416016,-56.173805236816406,-59.335391998291016,6.5436530113220215,19.197555541992188,2.9421024322509766,0.9619991183280945,0.9214671850204468,0.9771583080291748,5.284215927124023,5.014225959777832,4.105457782745361,nan
3.850,0,102.55661010742188,128.220703125,118.65621185302734,201.55284118652344,201.8904266357422,199.69674682617188,0.4574282169342041,0.475440114736557,0.5117506384849548,46.912288665771484,60.961265563964844,60.72239303588867,-45.129581451416016,-56.173805236816406,-59.335391998291016,6.5436530113220215,19.197555541992188,2.9421024322509766,0.9619991183280945,0.9214671850204468,0.9771583080291748,5.284215927124023,5.014225959777832,4.105457782745361,nan
3.900,0,102.55661010742188,128.220703125,118.65621185302734,201.55284118652344,201.8904266357422,199.69674682617188,0.4574282169342041,0.475440114736557,0.5117506384849548,46.912288665771484,60.961265563964844,60.72239303588867,-45.129581451416016,-56.173805236816406,-59.335391998291016,6.5436530113220215,19.197555541992188,2.9421024322509766,0.9619991183280945,0.9214671850204468,0.9771583080291748,5.284215927124023,5.014225959777832,4.105457782745361,nan
3.950,0,102.55661010742188,128.220703125,118.65621185302734,201.55284118652344,201.8904266357422,199.69674682617188,0.4574282169342041,0.475440114736557,0.5117506384849548,46.912288665771484,60.961265563964844,60.72239303588867,-45.129581451416016,-56.173805236816406,-59.335391998291016,6.5436530113220215,19.197555541992188,2.9421024322509766,0.9619991183280945,0.9214671850204468,0.9771583080291748,5.284215927124023,5.014225959777832,4.105457782745361,nan
4.000,0,102.51666259765625,128.28036499023438,118.66621398925781,201.58084106445312,201.91969299316406,199.68775939941406,0.45534414052963257,0.47238269448280334,0.515363335609436,46.680362701416016,60.5974235534668,61.15621566772461,-45.2510871887207,-56.05748748779297,-59.95891189575195,5.776731491088867,19.064687728881836,2.575540542602539,0.9693816304206848,0.9250803589820862,0.9804221987724304,5.226984977722168,5.01836633682251,3.963721990585327,nan
4.050,0,102.51666259765625,128.28036499023438,118.66621398925781,201.58084106445312,201.91969299316406,199.68775939941406,0.45534414052963257,0.47238269448280334,0.515363335609436,46.680362701416016,60.5974235534668,61.15621566772461,-45.2510871887207,-56.05748748779297,-59.95891189575195,5.776731491088867,19.064687728881836,2.575540542602539,0.9693816304206848,0.9250803589820862,0.9804221987724304,5.226984977722168,5.01836633682251,3.963721990585327,nan
4.100,0,102.51666259765625,128.28036499023438,118.66621398925781,201.58084106445312,201.91969299316406,199.68775939941406,0.45534414052963257,0.47238269448280334,0.515363335609436,46.680362701416016,60.5974235534668,61.15621566772461,-45.2510871887207,-56.05748748779297,-59.95891189575195,5.776731491088867,19.064687728881836,2.575540542602539,0.9693816304206848,0.9250803589820862,0.9804221987724304,5.226984977722168,5.01836633682251,3.963721990585327,nan
4.150,0,102.51666259765625,128.28036499023438,118.66621398925781,201.58084106445312,201.91969299316406,199.68775939941406,0.45534414052963257,0.47238269448280334,0.515363335609436,46.680362701416016,60.5974235534668,61.15621566772461,-45.2510871887207,-56.05748748779297,-59.95891189575195,5.776731491088867,19.064687728881836,2.575540542602539,0.9693816304206848,0.9250803589820862,0.9804221987724304,5.226984977722168,5.01836633682251,3.963721990585327,nan
4.200,0,102.47549438476562,128.27374267578125,118.55852508544922,201.51834106445312,201.8350372314453,199.5617218017578,0.44882816076278687,0.46973028779029846,0.5090776085853577,45.99388885498047,60.25406265258789,60.355491638183594,-44.35894012451172,-55.36326599121094,-59.11178207397461,6.294504165649414,19.638181686401367,2.9272091388702393,0.9644529223442078,0.9188304543495178,0.9793936014175415,5.165286540985107,5.08914041519165,3.945504903793335,nan
4.250,0,102.47549438476562,128.27374267578125,118.55852508544922,201.51834106445312,201.8350372314453,199.5617218017578,0.44882816076278687,0.46973028779029846,0.5090776085853577,45.99388885498047,60.25406265258789,60.355491638183594,-44.35894012451172,-55.36326599121094,-59.11178207397461,6.294504165649414,19.638181686401367,2.9272091388702393,0.9644529223442078,0.9188304543495178,0.9793936014175415,5.165286540985107,5.08914041519165,3.945504903793335,nan
4.300,0,102.47549438476562,128.27374267578125,118.55852508544922,201.51834106445312,201.8350372314453,199.5617218017578,0.44882816076278687,0.46973028779029846,0.5090776085853577,45.99388885498047,60.25406265258789,60.355491638183594,-44.35894012451172,-55.36326599121094,-59.11178207397461,6.294504165649414,19.638181686401367,2.9272091388702393,0.9644529223442078,0.9188304543495178,0.9793936014175415,5.165286540985107,5.08914041519165,3.945504903793335,nan
4.350,0,102.47549438476562,128.27374267578125,118.55852508544922,201.51834106445312,201.8350372314453,199.5617218017578,0.44882816076278687,0.46973028779029846,0.5090776085853577,45.99388885498047,60.25406265258789,60.355491638183594,-44.35894012451172,-55.36326599121094,-59.11178207397461,6.294504165649414,19.638181686401367,2.9272091388702393,0.9644529223442078,0.9188304543495178,0.9793936014175415,5.165286540985107,5.08914041519165,3.945504903793335,nan
4.400,0,102.53914642333984,128.29713439941406,118.55965423583984,201.5587615966797,201.9225616455078,199.59449768066406,0.45595428347587585,0.47892534732818604,0.5152565240859985,46.7531623840332,61.44474792480469,61.0886344909668,-45.01737594604492,-56.419002532958984,-59.713565826416016,6.802615165710449,19.909563064575195,3.087651252746582,0.9628733992576599,0.9182071089744568,0.9774906039237976,5.164714336395264,5.151615142822266,4.103030681610107,nan
4.450,0,102.53914642333984,128.29713439941406,118.55965423583984,201.5587615966797,201.9225616455078,199.59449768066406,0.45595428347587585,0.47892534732818604,0.5152565240859985,46.7531623840332,61.44474792480469,61.0886344909668,-45.01737594604492,-56.419002532958984,-59.713565826416016,6.802615165710449,19.909563064575195,3.087651252746582,0.9628733992576599,0.9182071089744568,0.9774906039237976,5.164714336395264,5.151615142822266,4.103030681610107,nan
4.500,0,102.53914642333984,128.29713439941406,118.55965423583984,201.5587615966797,201.9225616455078,199.59449768066406,0.45595428347587585,0.47892534732818604,0.5152565240859985,46.7531623840332,61.44474792480469,61.0886344909668,-45.01737594604492,-56.419002532958984,-59.713565826416016,6.802615165710449,19.909563064575195,3.087651252746582,0.9628733992576599,0.9182071089744568,0.9774906039237976,5.164714336395264,5.151615142822266,4.103030681610107,nan
4.550,0,102.53914642333984,128.29713439941406,118.55965423583984,201.5587615966797,201.9225616455078,199.59449768066406,0.45595428347587585,0.47892534732818604,0.5152565240859985,46.7531623840332,61.44474792480469,61.0886344909668,-45.01737594604492,-56.419002532958984,-59.713565826416016,6.802615165710449,19.909563064575195,3.087651252746582,0.9628733992576599,0.9182071089744568,0.9774906039237976,5.164714336395264,5.151615142822266,4.103030681610107,nan
4.600,0,102.54170989990234,128.22940063476562,118.59304809570312,201.50405883789062,201.90013122558594,199.61898803710938,0.45411065220832825,0.47308388352394104,0.5094228386878967,46.56528091430664,60.66326141357422,60.41400909423828,-44.884090423583984,-56.048980712890625,-59.15115737915039,6.2780961990356445,18.935924530029297,2.591150999069214,0.9638960361480713,0.9239361882209778,0.9790967106819153,5.236673355102539,5.145472526550293,4.235317707061768,nan
4.650,0,102.54170989990234,128.22940063476562,118.59304809570312,201.50405883789062,201.90013122558594,199.61898803710938,0.45411065220832825,0.47308388352394104,0.5094228386878967,46.56528091430664,60.66326141357422,60.41400909423828,-44.884090423583984,-56.048980712890625,-59.15115737915039,6.2780961990356445,18.935924530029297,2.591150999069214,0.9638960361480713,0.9239361882209778,0.9790967106819153,5.236673355102539,5.145472526550293,4.235317707061768,nan
4.700,0,102.54170989990234,128.22940063476562,118.59304809570312,201.50405883789062,201.90013122558594,199.61898803710938,0.45411065220832825,0.47308388352394104,0.5094228386878967,46.56528091430664,60.66326141357422,60.41400909423828,-44.884090423583984,-56.048980712890625,-59.15115737915039,6.2780961990356445,18.935924530029297,2.591150999069214,0.9638960361480713,0.9239361882209778,0.9790967106819153,5.236673355102539,5.145472526550293,4.235317707061768,nan
4.750,0,102.54170989990234,128.22940063476562,118.59304809570312,201.50405883789062,201.90013122558594,199.61898803710938,0.45411065220832825,0.47308388352394104,0.5094228386878967,46.56528091430664,60.66326141357422,60.41400909423828,-44.884090423583984,-56.048980712890625,-59.15115737915039,6.2780961990356445,18.935924530029297,2.591150999069214,0.9638960361480713,0.9239361882209778,0.9790967106819153,5.236673355102539,5.145472526550293,4.235317707061768,nan
4.800,0,102.53373718261719,128.137451171875,118.63197326660156,201.4593963623047,201.78631591796875,199.66458129882812,0.4486677646636963,0.4677736759185791,0.5044947862625122,46.00358200073242,59.939327239990234,59.849212646484375,-44.41619873046875,-55.28376388549805,-58.64933395385742,6.662203311920166,19.41281509399414,3.2024588584899902,0.9654943346977234,0.9223287105560303,0.9799516201019287,5.249629020690918,5.029491901397705,4.1748270988464355,nan
4.850,0,102.53373718261719,128.137451171875,118.63197326660156,201.4593963623047,201.78631591796875,199.66458129882812,0.4486677646636963,0.4677736759185791,0.5044947862625122,46.00358200073242,59.939327239990234,59.849212646484375,-44.41619873046875,-55.28376388549805,-58.64933395385742,6.662203311920166,19.41281509399414,3.2024588584899902,0.9654943346977234,0.9223287105560303,0.9799516201019287,5.249629020690918,5.029491901397705,4.1748270988464355,nan
4.900,0,102.53373718261719,128.137451171875,118.63197326660156,201.4593963623047,201.78631591796875,199.66458129882812,0.4486677646636963,0.4677736759185791,0.5044947862625122,46.00358200073242,59.939327239990234,59.849212646484375,-44.41619873046875,-55.28376388549805,-58.64933395385742,6.662203311920166,19.41281509399414,3.2024588584899902,0.9654943346977234,0.9223287105560303,0.9799516201019287,5.249629020690918,5.029491901397705,4.1748270988464355,nan
4.950,0,102.53373718261719,128.137451171875,118.63197326660156,201.4593963623047,201.78631591796875,199.66458129882812,0.4486677646636963,0.4677736759185791,0.5044947862625122,46.00358200073242,59.939327239990234,59.849212646484375,-44.41619873046875,-55.28376388549805,-58.64933395385742,6.662203311920166,19.41281509399414,3.2024588584899902,0.9654943346977234,0.9223287105560303,0.9799516201019287,5.249629020690918,5.029491901397705,4.1748270988464355,nan
5.000,0,102.54811096191406,128.24246215820312,118.67341613769531,201.58450317382812,201.87246704101562,199.728759765625,0.458726704120636,0.47679418325424194,0.5146968960762024,47.04155731201172,61.145259857177734,61.08083724975586,-45.36949920654297,-56.4254150390625,-59.73845672607422,6.467355728149414,19.284927368164062,2.8669276237487793,0.9644557237625122,0.9228093028068542,0.9780228734016418,5.251265525817871,5.027259349822998,4.067081451416016,nan
5.050,0,102.54811096191406,128.24246215820312,118.67341613769531,201.58450317382812,201.87246704101562,199.728759765625,0.458726704120636,0.47679418325424194,0.5146968960762024,47.04155731201172,61.145259857177734,61.08083724975586,-45.36949920654297,-56.4254150390625,-59.73845672607422,6.467355728149414,19.284927368164062,2.8669276237487793,0.9644557237625122,0.9228093028068542,0.9780228734016418,5.251265525817871,5.027259349822998,4.067081451416016,nan
5.100,0,102.54811096191406,128.24246215820312,118.67341613769531,201.58450317382812,201.87246704101562,199.728759765625,0.458726704120636,0.47679418325424194,0.5146968960762024,47.04155731201172,61.145259857177734,61.08083724975586,-45.36949920654297,-56.4254150390625,-59.73845672607422,6.467355728149414,19.284927368164062,2.8669276237487793,0.9644557237625122,0.9228093028068542,0.9780228734016418,5.251265525817871,5.027259349822998,4.067081451416016,nan
5.150,0,102.54811096191406,128.24246215820312,118.67341613769531,201.58450317382812,201.87246704101562,199.728759765625,0.458726704120636,0.47679418325424194,0.5146968960762024,47.04155731201172,61.145259857177734,61.08083724975586,-45.36949920654297,-56.4254150390625,-59.73845672607422,6.467355728149414,19.284927368164062,2.8669276237487793,0.9644557237625122,0.9228093028068542,0.9780228734016418,5.251265525817871,5.027259349822998,4.067081451416016,nan
5.200,0,102.49053192138672,128.27911376953125,118.6208267211914,201.5441436767578,201.8582305908203,199.6481475830078,0.45492419600486755,0.47488319873809814,0.512215256690979,46.625423431396484,60.91759490966797,60.759395599365234,-45.05044174194336,-56.19101333618164,-59.45048141479492,6.030032157897949,18.86292839050293,2.3584482669830322,0.9662205576896667,0.922410249710083,0.9784573912620544,5.188477993011475,5.085693836212158,3.988593101501465,nan
5.250,0,102.49053192138672,128.27911376953125,118.6208267211914,201.5441436767578,201.8582305908203,199.6481475830078,0.45492419600486755,0.47488319873809814,0.512215256690979,46.625423431396484,60.91759490966797,60.759395599365234,-45.05044174194336,-56.19101333618164,-59.45048141479492,6.030032157897949,18.86292839050293,2.3584482669830322,0.9662205576896667,0.922410249710083,0.9784573912620544,5.188477993011475,5.085693836212158,3.988593101501465,nan
5.300,0,102.49053192138672,128.27911376953125,118.6208267211914,201.5441436767578,201.8582305908203,199.6481475830078,0.45492419600486755,0.47488319873809814,0.512215256690979,46.625423431396484,60.91759490966797,60.759395599365234,-45.05044174194336,-56.19101333618164,-59.45048141479492,6.030032157897949,18.86292839050293,2.3584482669830322,0.9662205576896667,0.922410249710083,0.9784573912620544,5.188477993011475,5.085693836212158,3.988593101501465,nan
5.350,0,102.49053192138672,128.27911376953125,118.6208267211914,201.5441436767578,201.8582305908203,199.6481475830078,0.45492419600486755,0.47488319873809814,0.512215256690979,46.625423431396484,60.91759490966797,60.759395599365234,-45.05044174194336,-56.19101333618164,-59.45048141479492,6.030032157897949,18.86292839050293,2.3584482669830322,0.9662205576896667,0.922410249710083,0.9784573912620544,5.188477993011475,5.085693836212158,3.988593101501465,nan
5.400,0,102.49264526367188,128.2547149658203,118.56472778320312,201.48707580566406,201.8433380126953,199.5873260498047,0.4554729163646698,0.473570317029953,0.5116264820098877,46.68262481689453,60.73762512207031,60.66085433959961,-44.90412521362305,-55.6927375793457,-59.3230094909668,6.998364448547363,20.021047592163086,3.7479379177093506,0.9619023203849792,0.9169396758079529,0.9779455065727234,5.148838520050049,5.145318508148193,4.11500883102417,nan
5.450,0,102.49264526367188,128.2547149658203,118.56472778320312,201.48707580566406,201.8433380126953,199.5873260498047,0.4554729163646698,0.473570317029953,0.5116264820098877,46.68262481689453,60.73762512207031,60.66085433959961,-44.90412521362305,-55.6927375793457,-59.3230094909668,6.998364448547363,20.021047592163086,3.7479379177093506,0.9619023203849792,0.9169396758079529,0.9779455065727234,5.148838520050049,5.145318508148193,4.11500883102417,nan
5.500,0,102.49264526367188,128.2547149658203,118.56472778320312,201.48707580566406,201.8433380126953,199.5873260498047,0.4554729163646698,0.473570317029953,0.5116264820098877,46.68262481689453,60.73762512207031,60.66085433959961,-44.90412521362305,-55.6927375793457,-59.3230094909668,6.998364448547363,20.021047592163086,3.7479379177093506,0.9619023203849792,0.9169396758079529,0.9779455065727234,5.148838520050049,5.145318508148193,4.11500883102417,nan
5.550,0,102.49264526367188,128.2547149658203,118.56472778320312,201.48707580566406,201.8433380126953,199.5873260498047,0.4554729163646698,0.473570317029953,0.5116264820098877,46.68262481689453,60.73762512207031,60.66085433959961,-44.90412521362305,-55.6927375793457,-59.3230094909668,6.998364448547363,20.021047592163086,3.7479379177093506,0.9619023203849792,0.9169396758079529,0.9779455065727234,5.148838520050049,5.145318508148193,4.11500883102417,nan
5.600,0,102.5848388671875,128.2703857421875,118.63216400146484,201.55740356445312,201.96376037597656,199.71005249023438,0.4579034447669983,0.4779376685619354,0.5172476768493652,46.97394943237305,61.30524826049805,61.362213134765625,-45.42174530029297,-56.61975860595703,-60.190040588378906,6.610680103302002,19.837156295776367,3.095163583755493,0.9669560790061951,0.9235711693763733,0.9808974862098694,5.190427780151367,5.088986873626709,4.193848609924316,nan
5.650,0,102.5848388671875,128.2703857421875,118.63216400146484,201.55740356445312,201.96376037597656,199.71005249023438,0.4579034447669983,0.4779376685619354,0.5172476768493652,46.97394943237305,61.30524826049805,61.362213134765625,-45.42174530029297,-56.61975860595703,-60.190040588378906,6.610680103302002,19.837156295776367,3.095163583755493,0.9669560790061951,0.9235711693763733,0.9808974862098694,5.190427780151367,5.088986873626709,4.193848609924316,nan
5.700,0,102.5848388671875,128.2703857421875,118.63216400146484,201.55740356445312,201.96376037597656,199.71005249023438,0.4579034447669983,0.4779376685619354,0.5172476768493652,46.97394943237305,61.30524826049805,61.362213134765625,-45.42174530029297,-56.61975860595703,-60.190040588378906,6.610680103302002,19.837156295776367,3.095163583755493,0.9669560790061951,0.9235711693763733,0.9808974862098694,5.190427780151367,5.088986873626709,4.193848609924316,nan
5.750,0,102.5848388671875,128.2703857421875,118.63216400146484,201.55740356445312,201.96376037597656,199.71005249023438,0.4579034447669983,0.4779376685619354,0.5172476768493652,46.97394943237305,61.30524826049805,61.362213134765625,-45.42174530029297,-56.61975860595703,-60.190040588378906,6.610680103302002,19.837156295776367,3.095163583755493,0.9669560790061951,0.9235711693763733,0.9808974862098694,5.190427780151367,5.088986873626709,4.193848609924316,nan
5.800,0,102.5832748413086,128.20672607421875,118.6589584350586,201.52853393554688,201.90203857421875,199.7343292236328,0.4534366726875305,0.47452279925346375,0.5111988186836243,46.515018463134766,60.837013244628906,60.65831756591797,-44.84733200073242,-56.15729904174805,-59.3125,6.4403581619262695,19.283761978149414,2.6568167209625244,0.9641473293304443,0.9230778217315674,0.9778131246566772,5.251905918121338,5.027884483337402,4.183502197265625,nan
5.850,0,102.5832748413086,128.20672607421875,118.6589584350586,201.52853393554688,201.90203857421875,199.7343292236328,0.4534366726875305,0.47452279925346375,0.5111988186836243,46.515018463134766,60.837013244628906,60.65831756591797,-44.84733200073242,-56.15729904174805,-59.3125,6.4403581619262695,19.283761978149414,2.6568167209625244,0.9641473293304443,0.9230778217315674,0.9778131246566772,5.251905918121338,5.027884483337402,4.183502197265625,nan
5.900,0,102.5832748413086,128.20672607421875,118.6589584350586,201.52853393554688,201.90203857421875,199.7343292236328,0.4534366726875305,0.47452279925346375,0.5111988186836243,46.515018463134766,60.837013244628906,60.65831756591797,-44.84733200073242,-56.15729904174805,-59.3125,6.4403581619262695,19.283761978149414,2.6568167209625244,0.9641473293304443,0.9230778217315674,0.9778131246566772,5.251905918121338,5.027884483337402,4.183502197265625,nan
5.950,0,102.5832748413086,128.20672607421875,118.6589584350586,201.52853393554688,201.90203857421875,199.7343292236328,0.4534366726875305,0.47452279925346375,0.5111988186836243,46.515018463134766,60.837013244628906,60.65831756591797,-44.84733200073242,-56.15729904174805,-59.3125,6.4403581619262695,19.283761978149414,2.6568167209625244,0.9641473293304443,0.9230778217315674,0.9778131246566772,5.251905918121338,5.027884483337402,4.183502197265625,nan
6.000,0,102.5060043334961,128.23033142089844,118.64579772949219,201.52883911132812,201.8756866455078,199.6475830078125,0.4515466094017029,0.47280868887901306,0.5088468790054321,46.28623962402344,60.628414154052734,60.37254333496094,-44.527626037597656,-55.64902114868164,-59.00253677368164,6.803442001342773,19.772300720214844,3.2528491020202637,0.9620056748390198,0.917870283126831,0.9773074388504028,5.28853178024292,5.061458110809326,4.0781474113464355,nan
6.050,0,102.5060043334961,128.23033142089844,118.64579772949219,201.52883911132812,201.8756866455078,199.6475830078125,0.4515466094017029,0.47280868887901306,0.5088468790054321,46.28623962402344,60.628414154052734,60.37254333496094,-44.527626037597656,-55.64902114868164,-59.00253677368164,6.803442001342773,19.772300720214844,3.2528491020202637,0.9620056748390198,0.917870283126831,0.9773074388504028,5.28853178024292,5.061458110809326,4.0781474113464355,nan
6.100,0,102.5060043334961,128.23033142089844,118.64579772949219,201.52883911132812,201.8756866455078,199.6475830078125,0.4515466094017029,0.47280868887901306,0.5088468790054321,46.28623962402344,60.628414154052734,60.37254333496094,-44.527626037597656,-55.64902114868164,-59.00253677368164,6.803442001342773,19.772300720214844,3.2528491020202637,0.9620056748390198,0.917870283126831,0.9773074388504028,5.28853178024292,5.061458110809326,4.0781474113464355,nan
6.150,0,102.5060043334961,128.23033142089844,118.64579772949219,201.52883911132812,201.8756866455078,199.6475830078125,0.4515466094017029,0.47280868887901306,0.5088468790054321,46.28623962402344,60.628414154052734,60.37254333496094,-44.527626037597656,-55.64902114868164,-59.00253677368164,6.803442001342773,19.772300720214844,3.2528491020202637,0.9620056748390198,0.917870283126831,0.9773074388504028,5.28853178024292,5.061458110809326,4.0781474113464355,nan
6.200,0,102.5328369140625,128.30149841308594,118.65265655517578,201.62193298339844,201.89718627929688,199.70077514648438,0.4560996890068054,0.4730035960674286,0.5110699534416199,46.765193939208984,60.687068939208984,60.639808654785156,-45.12995529174805,-56.088157653808594,-59.37767028808594,6.198099613189697,18.941368103027344,2.670046091079712,0.9650329947471619,0.9242192506790161,0.9791862964630127,5.1915483474731445,5.094914436340332,3.965210199356079,nan
6.250,0,102.5328369140625,128.30149841308594,118.65265655517578,201.62193298339844,201.89718627929688,199.70077514648438,0.4560996890068054,0.4730035960674286,0.5110699534416199,46.765193939208984,60.687068939208984,60.639808654785156,-45.12995529174805,-56.088157653808594,-59.37767028808594,6.198099613189697,18.941368103027344,2.670046091079712,0.9650329947471619,0.9242192506790161,0.9791862964630127,5.1915483474731445,5.094914436340332,3.965210199356079,nan
6.300,0,102.5328369140625,128.30149841308594,118.65265655517578,201.62193298339844,201.89718627929688,199.70077514648438,0.4560996890068054,0.4730035960674286,0.5110699534416199,46.765193939208984,60.687068939208984,60.639808654785156,-45.12995529174805,-56.088157653808594,-59.37767028808594,6.198099613189697,18.941368103027344,2.670046091079712,0.9650329947471619,0.9242192506790161,0.9791862964630127,5.1915483474731445,5.094914436340332,3.965210199356079,nan
6.350,0,102.5328369140625,128.30149841308594,118.65265655517578,201.62193298339844,201.89718627929688,199.70077514648438,0.4560996890068054,0.4730035960674286,0.5110699534416199,46.765193939208984,60.687068939208984,60.639808654785156,-45.12995529174805,-56.088157653808594,-59.37767028808594,6.198099613189697,18.941368103027344,2.670046091079712,0.9650329947471619,0.9242192506790161,0.9791862964630127,5.1915483474731445,5.094914436340332,3.965210199356079,nan
6.400,0,102.51922607421875,128.2947540283203,118.59140014648438,201.55064392089844,201.88009643554688,199.64447021484375,0.45110780000686646,0.4688115119934082,0.5082874894142151,46.247222900390625,60.14605712890625,60.278526306152344,-44.83823013305664,-55.69654083251953,-59.136619567871094,5.908506393432617,18.729022979736328,2.495147943496704,0.9695334434509277,0.9260214567184448,0.9810561537742615,5.137115955352783,5.155335426330566,4.066605091094971,nan
6.450,0,102.51922607421875,128.2947540283203,118.59140014648438,201.55064392089844,201.88009643554688,199.64447021484375,0.45110780000686646,0.4688115119934082,0.5082874894142151,46.247222900390625,60.14605712890625,60.278526306152344,-44.83823013305664,-55.69654083251953,-59.136619567871094,5.908506393432617,18.729022979736328,2.495147943496704,0.9695334434509277,0.9260214567184448,0.9810561537742615,5.137115955352783,5.155335426330566,4.066605091094971,nan
6.500,0,102.51922607421875,128.2947540283203,118.59140014648438,201.55064392089844,201.88009643554688,199.64447021484375,0.45110780000686646,0.4688115119934082,0.5082874894142151,46.247222900390625,60.14605712890625,60.278526306152344,-44.83823013305664,-55.69654083251953,-59.136619567871094,5.908506393432617,18.729022979736328,2.495147943496704,0.9695334434509277,0.9260214567184448,0.9810561537742615,5.137115955352783,5.155335426330566,4.066605091094971,nan
6.550,0,102.51922607421875,128.2947540283203,118.59140014648438,201.55064392089844,201.88009643554688,199.64447021484375,0.45110780000686646,0.4688115119934082,0.5082874894142151,46.247222900390625,60.14605712890625,60.278526306152344,-44.83823013305664,-55.69654083251953,-59.136619567871094,5.908506393432617,18.729022979736328,2.495147943496704,0.9695334434509277,0.9260214567184448,0.9810561537742615,5.137115955352783,5.155335426330566,4.066605091094971,nan
6.600,0,102.5405502319336,128.2233428955078,118.57502746582031,201.4641571044922,201.89227294921875,199.62124633789062,0.4539470970630646,0.4733375906944275,0.511887788772583,46.5479850769043,60.692928314208984,60.69710922241211,-44.819740295410156,-55.752830505371094,-59.393829345703125,6.907799243927002,19.99748992919922,3.575212240219116,0.9628717303276062,0.9186050295829773,0.9785281419754028,5.151862144470215,5.11887788772583,4.188459873199463,nan
6.650,0,102.5405502319336,128.2233428955078,118.57502746582031,201.4641571044922,201.89227294921875,199.62124633789062,0.4539470970630646,0.4733375906944275,0.511887788772583,46.5479850769043,60.692928314208984,60.69710922241211,-44.819740295410156,-55.752830505371094,-59.393829345703125,6.907799243927002,19.99748992919922,3.575212240219116,0.9628717303276062,0.9186050295829773,0.9785281419754028,5.151862144470215,5.11887788772583,4.188459873199463,nan
6.700,0,102.5405502319336,128.2233428955078,118.57502746582031,201.4641571044922,201.89227294921875,199.62124633789062,0.4539470970630646,0.4733375906944275,0.511887788772583,46.5479850769043,60.692928314208984,60.69710922241211,-44.819740295410156,-55.752830505371094,-59.393829345703125,6.907799243927002,19.99748992919922,3.575212240219116,0.9628717303276062,0.9186050295829773,0.9785281419754028,5.151862144470215,5.11887788772583,4.188459873199463,nan
6.750,0,102.5405502319336,128.2233428955078,118.57502746582031,201.4641571044922,201.89227294921875,199.62124633789062,0.4539470970630646,0.4733375906944275,0.511887788772583,46.5479850769043,60.692928314208984,60.69710922241211,-44.819740295410156,-55.752830505371094,-59.393829345703125,6.907799243927002,19.99748992919922,3.575212240219116,0.9628717303276062,0.9186050295829773,0.9785281419754028,5.151862144470215,5.11887788772583,4.188459873199463,nan
6.800,0,102.57608795166016,128.1857452392578,118.64202880859375,201.46702575683594,201.8934783935547,199.72763061523438,0.45734310150146484,0.47638094425201416,0.5136697292327881,46.91246795654297,61.06524658203125,60.94281768798828,-45.23030471801758,-56.3983039855957,-59.58667755126953,6.213383197784424,18.90211296081543,2.5011446475982666,0.9641425013542175,0.9235745072364807,0.9777473211288452,5.200482368469238,5.038671493530273,4.162259578704834,nan
6.850,0,102.57608795166016,128.1857452392578,118.64202880859375,201.46702575683594,201.8934783935547,199.72763061523438,0.45734310150146484,0.47638094425201416,0.5136697292327881,46.91246795654297,61.06524658203125,60.94281768798828,-45.23030471801758,-56.3983039855957,-59.58667755126953,6.213383197784424,18.90211296081543,2.5011446475982666,0.9641425013542175,0.9235745072364807,0.9777473211288452,5.200482368469238,5.038671493530273,4.162259578704834,nan
6.900,0,102.57608795166016,128.1857452392578,118.64202880859375,201.46702575683594,201.8934783935547,199.72763061523438,0.45734310150146484,0.47638094425201416,0.5136697292327881,46.91246795654297,61.06524658203125,60.94281768798828,-45.23030471801758,-56.3983039855957,-59.58667755126953,6.213383197784424,18.90211296081543,2.5011446475982666,0.9641425013542175,0.9235745072364807,0.9777473211288452,5.200482368469238,5.038671493530273,4.162259578704834,nan
6.950,0,102.57608795166016,128.1857452392578,118.64202880859375,201.46702575683594,201.8934783935547,199.72763061523438,0.45734310150146484,0.47638094425201416,0.5136697292327881,46.91246795654297,61.06524658203125,60.94281768798828,-45.23030471801758,-56.3983039855957,-59.58667755126953,6.213383197784424,18.90211296081543,2.5011446475982666,0.9641425013542175,0.9235745072364807,0.9777473211288452,5.200482368469238,5.038671493530273,4.162259578704834,nan
7.000,0,102.50127410888672,128.14578247070312,118.6285629272461,201.42007446289062,201.7903594970703,199.65313720703125,0.45117929577827454,0.46873578429222107,0.5055837631225586,46.24645233154297,60.06651306152344,59.97667694091797,-44.53184127807617,-55.380062103271484,-58.593719482421875,6.204097270965576,18.733182907104492,2.669515371322632,0.9629244804382324,0.9219789505004883,0.9769417643547058,5.223486423492432,4.980693340301514,4.031469345092773,nan
7.050,0,102.50127410888672,128.14578247070312,118.6285629272461,201.42007446289062,201.7903594970703,199.65313720703125,0.45117929577827454,0.46873578429222107,0.5055837631225586,46.24645233154297,60.06651306152344,59.97667694091797,-44.53184127807617,-55.380062103271484,-58.593719482421875,6.204097270965576,18.733182907104492,2.669515371322632,0.9629244804382324,0.9219789505004883,0.9769417643547058,5.223486423492432,4.980693340301514,4.031469345092773,nan
7.100,0,102.50127410888672,128.14578247070312,118.6285629272461,201.42007446289062,201.7903594970703,199.65313720703125,0.45117929577827454,0.46873578429222107,0.5055837631225586,46.24645233154297,60.06651306152344,59.97667694091797,-44.53184127807617,-55.380062103271484,-58.593719482421875,6.204097270965576,18.733182907104492,2.669515371322632,0.9629244804382324,0.9219789505004883,0.9769417643547058,5.223486423492432,4.980693340301514,4.031469345092773,nan
7.150,0,102.50127410888672,128.14578247070312,118.6285629272461,201.42007446289062,201.7903594970703,199.65313720703125,0.45117929577827454,0.46873578429222107,0.5055837631225586,46.24645233154297,60.06651306152344,59.97667694091797,-44.53184127807617,-55.380062103271484,-58.593719482421875,6.204097270965576,18.733182907104492,2.669515371322632,0.9629244804382324,0.9219789505004883,0.9769417643547058,5.223486423492432,4.980693340301514,4.031469345092773,nan
7.200,0,102.46434020996094,128.1880645751953,118.60733032226562,201.44741821289062,201.7783203125,199.6059112548828,0.4544217884540558,0.4724326431751251,0.5092074871063232,46.56202697753906,60.56022644042969,60.3957405090332,-44.98725128173828,-55.864620208740234,-59.207454681396484,6.672117710113525,19.38990592956543,3.1868622303009033,0.9661789536476135,0.9224638342857361,0.9803249835968018,5.183650493621826,4.988776206970215,3.8712918758392334,nan
7.250,0,102.46434020996094,128.1880645751953,118.60733032226562,201.44741821289062,201.7783203125,199.6059112548828,0.4544217884540558,0.4724326431751251,0.5092074871063232,46.56202697753906,60.56022644042969,60.3957405090332,-44.98725128173828,-55.864620208740234,-59.207454681396484,6.672117710113525,19.38990592956543,3.1868622303009033,0.9661789536476135,0.9224638342857361,0.9803249835968018,5.183650493621826,4.988776206970215,3.8712918758392334,nan
7.300,0,102.46434020996094,128.1880645751953,118.60733032226562,201.44741821289062,201.7783203125,199.6059112548828,0.4544217884540558,0.4724326431751251,0.5092074871063232,46.56202697753906,60.56022644042969,60.3957405090332,-44.98725128173828,-55.864620208740234,-59.207454681396484,6.672117710113525,19.38990592956543,3.1868622303009033,0.9661789536476135,0.9224638342857361,0.9803249835968018,5.183650493621826,4.988776206970215,3.8712918758392334,nan
7.350,0,102.46434020996094,128.1880645751953,118.60733032226562,201.44741821289062,201.7783203125,199.6059112548828,0.4544217884540558,0.4724326431751251,0.5092074871063232,46.56202697753906,60.56022644042969,60.3957405090332,-44.98725128173828,-55.864620208740234,-59.207454681396484,6.672117710113525,19.38990592956543,3.1868622303009033,0.9661789536476135,0.9224638342857361,0.9803249835968018,5.183650493621826,4.988776206970215,3.8712918758392334,nan
7.400,0,102.47727966308594,128.25680541992188,118.57740020751953,201.48170471191406,201.83213806152344,199.60093688964844,0.4576851427555084,0.47487491369247437,0.5140751600265503,46.90232849121094,60.905941009521484,60.95769500732422,-45.30958557128906,-56.319576263427734,-59.6697883605957,6.052340984344482,18.847753524780273,2.4825029373168945,0.9660412669181824,0.9246975779533386,0.9788721203804016,5.113070964813232,5.051835536956787,3.927793264389038,nan
7.450,0,102.47727966308594,128.25680541992188,118.57740020751953,201.48170471191406,201.83213806152344,199.60093688964844,0.4576851427555084,0.47487491369247437,0.5140751600265503,46.90232849121094,60.905941009521484,60.95769500732422,-45.30958557128906,-56.319576263427734,-59.6697883605957,6.052340984344482,18.847753524780273,2.4825029373168945,0.9660412669181824,0.9246975779533386,0.9788721203804016,5.113070964813232,5.051835536956787,3.927793264389038,nan
7.500,0,102.47727966308594,128.25680541992188,118.57740020751953,201.48170471191406,201.83213806152344,199.60093688964844,0.4576851427555084,0.47487491369247437,0.5140751600265503,46.90232849121094,60.905941009521484,60.95769500732422,-45.30958557128906,-56.319576263427734,-59.6697883605957,6.052340984344482,18.847753524780273,2.4825029373168945,0.9660412669181824,0.9246975779533386,0.9788721203804016,5.113070964813232,5.051835536956787,3.927793264389038,nan
7.550,0,102.47727966308594,128.25680541992188,118.57740020751953,201.48170471191406,201.83213806152344,199.60093688964844,0.4576851427555084,0.47487491369247437,0.5140751600265503,46.90232849121094,60.905941009521484,60.95769500732422,-45.30958557128906,-56.319576263427734,-59.6697883605957,6.052340984344482,18.847753524780273,2.4825029373168945,0.9660412669181824,0.9246975779533386,0.9788721203804016,5.113070964813232,5.051835536956787,3.927793264389038,nan
7.600,0,102.50008392333984,128.23159790039062,118.54560852050781,201.45379638671875,201.82630920410156,199.57704162597656,0.45414143800735474,0.4714479446411133,0.5096536874771118,46.54953384399414,60.454524993896484,60.417205810546875,-44.91908264160156,-55.707984924316406,-59.06393814086914,6.180020332336426,18.856143951416016,2.8063015937805176,0.9649738669395447,0.9214857816696167,0.9776012897491455,5.158041954040527,5.102810382843018,4.106136322021484,nan
7.650,0,102.50008392333984,128.23159790039062,118.54560852050781,201.45379638671875,201.82630920410156,199.57704162597656,0.45414143800735474,0.4714479446411133,0.5096536874771118,46.54953384399414,60.454524993896484,60.417205810546875,-44.91908264160156,-55.707984924316406,-59.06393814086914,6.180020332336426,18.856143951416016,2.8063015937805176,0.9649738669395447,0.9214857816696167,0.9776012897491455,5.158041954040527,5.102810382843018,4.106136322021484,nan
7.700,0,102.50008392333984,128.23159790039062,118.54560852050781,201.45379638671875,201.82630920410156,199.57704162597656,0.45414143800735474,0.4714479446411133,0.5096536874771118,46.54953384399414,60.454524993896484,60.417205810546875,-44.91908264160156,-55.707984924316406,-59.06393814086914,6.180020332336426,18.856143951416016,2.8063015937805176,0.9649738669395447,0.9214857816696167,0.9776012897491455,5.158041954040527,5.102810382843018,4.106136322021484,nan
7.750,0,102.50008392333984,128.23159790039062,118.54560852050781,201.45379638671875,201.82630920410156,199.57704162597656,0.45414143800735474,0.4714479446411133,0.5096536874771118,46.54953384399414,60.454524993896484,60.417205810546875,-44.91908264160156,-55.707984924316406,-59.06393814086914,6.180020332336426,18.856143951416016,2.8063015937805176,0.9649738669395447,0.9214857816696167,0.9776012897491455,5.158041954040527,5.102810382843018,4.106136322021484,nan
7.800,0,102.58099365234375,128.19754028320312,118.63683319091797,201.48394775390625,201.88827514648438,199.7289276123047,0.46079695224761963,0.4771169126033783,0.5152618288993835,47.26900863647461,61.16521453857422,61.129032135009766,-45.42802047729492,-56.20339584350586,-59.737552642822266,6.916146278381348,19.76226234436035,3.623650312423706,0.9610529541969299,0.918878436088562,0.9772369861602783,5.203319072723389,5.0558319091796875,4.156867980957031,nan
7.850,0,102.58099365234375,128.19754028320312,118.63683319091797,201.48394775390625,201.88827514648438,199.7289276123047,0.46079695224761963,0.4771169126033783,0.5152618288993835,47.26900863647461,61.16521453857422,61.129032135009766,-45.42802047729492,-56.20339584350586,-59.737552642822266,6.916146278381348,19.76226234436035,3.623650312423706,0.9610529541969299,0.918878436088562,0.9772369861602783,5.203319072723389,5.0558319091796875,4.156867980957031,nan
7.900,0,102.58099365234375,128.19754028320312,118.63683319091797,201.48394775390625,201.88827514648438,199.7289276123047,0.46079695224761963,0.4771169126033783,0.5152618288993835,47.26900863647461,61.16521453857422,61.129032135009766,-45.42802047729492,-56.20339584350586,-59.737552642822266,6.916146278381348,19.76226234436035,3.623650312423706,0.9610529541969299,0.918878436088562,0.9772369861602783,5.203319072723389,5.0558319091796875,4.156867980957031,nan
7.950,0,102.58099365234375,128.19754028320312,118.63683319091797,201.48394775390625,201.88827514648438,199.7289276123047,0.46079695224761963,0.4771169126033783,0.5152618288993835,47.26900863647461,61.16521453857422,61.129032135009766,-45.42802047729492,-56.20339584350586,-59.737552642822266,6.916146278381348,19.76226234436035,3.623650312423706,0.9610529541969299,0.918878436088562,0.9772369861602783,5.203319072723389,5.0558319091796875,4.156867980957031,nan
8.000,0,102.57788848876953,128.22799682617188,118.70449829101562,201.5579071044922,201.94708251953125,199.76992797851562,0.45703479647636414,0.4752427637577057,0.5149145722389221,46.88166427612305,60.93942642211914,61.122676849365234,-45.30387878417969,-56.280052185058594,-59.8768310546875,6.493444919586182,19.566219329833984,3.0834715366363525,0.9663453698158264,0.9235408902168274,0.9796172976493835,5.27607536315918,5.018003940582275,4.085561275482178,nan
8.050,0,102.57788848876953,128.22799682617188,118.70449829101562,201.5579071044922,201.94708251953125,199.76992797851562,0.45703479647636414,0.4752427637577057,0.5149145722389221,46.88166427612305,60.93942642211914,61.122676849365234,-45.30387878417969,-56.280052185058594,-59.8768310546875,6.493444919586182,19.566219329833984,3.0834715366363525,0.9663453698158264,0.9235408902168274,0.9796172976493835,5.27607536315918,5.018003940582275,4.085561275482178,nan
8.100,0,102.57788848876953,128.22799682617188,118.70449829101562,201.5579071044922,201.94708251953125,199.76992797851562,0.45703479647636414,0.4752427637577057,0.5149145722389221,46.88166427612305,60.93942642211914,61.122676849365234,-45.30387878417969,-56.280052185058594,-59.8768310546875,6.493444919586182,19.566219329833984,3.0834715366363525,0.9663453698158264,0.9235408902168274,0.9796172976493835,5.27607536315918,5.018003940582275,4.085561275482178,nan
8.150,0,102.57788848876953,128.22799682617188,118.70449829101562,201.5579071044922,201.94708251953125,199.76992797851562,0.45703479647636414,0.4752427637577057,0.5149145722389221,46.88166427612305,60.93942642211914,61.122676849365234,-45.30387878417969,-56.280052185058594,-59.8768310546875,6.493444919586182,19.566219329833984,3.0834715366363525,0.9663453698158264,0.9235408902168274,0.9796172976493835,5.27607536315918,5.018003940582275,4.085561275482178,nan
8.200,0,102.4993667602539,128.2554473876953,118.59357452392578,201.55812072753906,201.82933044433594,199.60110473632812,0.44955575466156006,0.4717305600643158,0.508590579032898,46.07918167114258,60.50201416015625,60.315574645996094,-44.383907318115234,-55.56565475463867,-58.94175338745117,6.7161712646484375,19.8131046295166,3.1314430236816406,0.9632095098495483,0.9184100031852722,0.9772228002548218,5.229835510253906,5.040963172912598,3.978680372238159,nan
8.250,0,102.4993667602539,128.2554473876953,118.59357452392578,201.55812072753906,201.82933044433594,199.60110473632812,0.44955575466156006,0.4717305600643158,0.508590579032898,46.07918167114258,60.50201416015625,60.315574645996094,-44.383907318115234,-55.56565475463867,-58.94175338745117,6.7161712646484375,19.8131046295166,3.1314430236816406,0.9632095098495483,0.9184100031852722,0.9772228002548218,5.229835510253906,5.040963172912598,3.978680372238159,nan
8.300,0,102.4993667602539,128.2554473876953,118.59357452392578,201.55812072753906,201.82933044433594,199.60110473632812,0.44955575466156006,0.4717305600643158,0.508590579032898,46.07918167114258,60.50201416015625,60.315574645996094,-44.383907318115234,-55.56565475463867,-58.94175338745117,6.7161712646484375,19.8131046295166,3.1314430236816406,0.9632095098495483,0.9184100031852722,0.9772228002548218,5.229835510253906,5.040963172912598,3.978680372238159,nan
8.350,0,102.4993667602539,128.2554473876953,118.59357452392578,201.55812072753906,201.82933044433594,199.60110473632812,0.44955575466156006,0.4717305600643158,0.508590579032898,46.07918167114258,60.50201416015625,60.315574645996094,-44.383907318115234,-55.56565475463867,-58.94175338745117,6.7161712646484375,19.8131046295166,3.1314430236816406,0.9632095098495483,0.9184100031852722,0.9772228002548218,5.229835510253906,5.040963172912598,3.978680372238159,nan
8.400,0,102.51930236816406,128.3376922607422,118.60332489013672,201.63027954101562,201.91844177246094,199.6293182373047,0.45580416917800903,0.4785822927951813,0.5138001441955566,46.72872543334961,61.42014694213867,60.93840408325195,-45.02061080932617,-56.500091552734375,-59.632625579833984,6.768758296966553,19.7780818939209,2.932666063308716,0.9634461402893066,0.9198951125144958,0.9785721302032471,5.137596130371094,5.112957000732422,4.0004496574401855,nan
8.450,0,102.51930236816406,128.3376922607422,118.60332489013672,201.63027954101562,201.91844177246094,199.6293182373047,0.45580416917800903,0.4785822927951813,0.5138001441955566,46.72872543334961,61.42014694213867,60.93840408325195,-45.02061080932617,-56.500091552734375,-59.632625579833984,6.768758296966553,19.7780818939209,2.932666063308716,0.9634461402893066,0.9198951125144958,0.9785721302032471,5.137596130371094,5.112957000732422,4.0004496574401855,nan
8.500,0,102.51930236816406,128.3376922607422,118.60332489013672,201.63027954101562,201.91844177246094,199.6293182373047,0.45580416917800903,0.4785822927951813,0.5138001441955566,46.72872543334961,61.42014694213867,60.93840408325195,-45.02061080932617,-56.500091552734375,-59.632625579833984,6.768758296966553,19.7780818939209,2.932666063308716,0.9634461402893066,0.9198951125144958,0.9785721302032471,5.137596130371094,5.112957000732422,4.0004496574401855,nan
8.550,0,102.51930236816406,128.3376922607422,118.60332489013672,201.63027954101562,201.91844177246094,199.6293182373047,0.45580416917800903,0.4785822927951813,0.5138001441955566,46.72872543334961,61.42014694213867,60.93840408325195,-45.02061080932617,-56.500091552734375,-59.632625579833984,6.768758296966553,19.7780818939209,2.932666063308716,0.9634461402893066,0.9198951125144958,0.9785721302032471,5.137596130371094,5.112957000732422,4.0004496574401855,nan
8.600,0,102.54435729980469,128.29434204101562,118.58135223388672,201.57369995117188,201.8941650390625,199.63681030273438,0.45667582750320435,0.47357189655303955,0.5123580098152161,46.82952880859375,60.756595611572266,60.756107330322266,-45.17013168334961,-56.19059753417969,-59.4527587890625,5.91862678527832,18.649106979370117,2.338820219039917,0.9645651578903198,0.9248477220535278,0.9785478711128235,5.136777877807617,5.131478786468506,4.170507431030273,nan
8.650,0,102.54435729980469,128.29434204101562,118.58135223388672,201.57369995117188,201.8941650390625,199.63681030273438,0.45667582750320435,0.47357189655303955,0.5123580098152161,46.82952880859375,60.756595611572266,60.756107330322266,-45.17013168334961,-56.19059753417969,-59.4527587890625,5.91862678527832,18.649106979370117,2.338820219039917,0.9645651578903198,0.9248477220535278,0.9785478711128235,5.136777877807617,5.131478786468506,4.170507431030273,nan
8.700,0,102.54435729980469,128.29434204101562,118.58135223388672,201.57369995117188,201.8941650390625,199.63681030273438,0.45667582750320435,0.47357189655303955,0.5123580098152161,46.82952880859375,60.756595611572266,60.756107330322266,-45.17013168334961,-56.19059753417969,-59.4527587890625,5.91862678527832,18.649106979370117,2.338820219039917,0.9645651578903198,0.9248477220535278,0.9785478711128235,5.136777877807617,5.131478786468506,4.170507431030273,nan
8.750,0,102.54435729980469,128.29434204101562,118.58135223388672,201.57369995117188,201.8941650390625,199.63681030273438,0.45667582750320435,0.47357189655303955,0.5123580098152161,46.82952880859375,60.756595611572266,60.756107330322266,-45.17013168334961,-56.19059753417969,-59.4527587890625,5.91862678527832,18.649106979370117,2.338820219039917,0.9645651578903198,0.9248477220535278,0.9785478711128235,5.136777877807617,5.131478786468506,4.170507431030273,nan
8.800,0,102.52870178222656,128.15516662597656,118.53935241699219,201.41725158691406,201.7470245361328,199.5988311767578,0.4488149583339691,0.4679757356643677,0.5050869584083557,46.016414642333984,59.973506927490234,59.8726806640625,-44.484954833984375,-55.43497848510742,-58.68961715698242,6.445903301239014,19.12287139892578,2.9013121128082275,0.9667192697525024,0.9243244528770447,0.9802403450012207,5.171669960021973,5.052853584289551,4.245449066162109,nan
8.850,0,102.52870178222656,128.15516662597656,118.53935241699219,201.41725158691406,201.7470245361328,199.5988311767578,0.4488149583339691,0.4679757356643677,0.5050869584083557,46.016414642333984,59.973506927490234,59.8726806640625,-44.484954833984375,-55.43497848510742,-58.68961715698242,6.445903301239014,19.12287139892578,2.9013121128082275,0.9667192697525024,0.9243244528770447,0.9802403450012207,5.171669960021973,5.052853584289551,4.245449066162109,nan
8.900,0,102.52870178222656,128.15516662597656,118.53935241699219,201.41725158691406,201.7470245361328,199.5988311767578,0.4488149583339691,0.4679757356643677,0.5050869584083557,46.016414642333984,59.973506927490234,59.8726806640625,-44.484954833984375,-55.43497848510742,-58.68961715698242,6.445903301239014,19.12287139892578,2.9013121128082275,0.9667192697525024,0.9243244528770447,0.9802403450012207,5.171669960021973,5.052853584289551,4.245449066162109,nan
8.950,0,102.52870178222656,128.15516662597656,118.53935241699219,201.41725158691406,201.7470245361328,199.5988311767578,0.4488149583339691,0.4679757356643677,0.5050869584083557,46.016414642333984,59.973506927490234,59.8726806640625,-44.484954833984375,-55.43497848510742,-58.68961715698242,6.445903301239014,19.12287139892578,2.9013121128082275,0.9667192697525024,0.9243244528770447,0.9802403450012207,5.171669960021973,5.052853584289551,4.245449066162109,nan
9.000,0,102.56497192382812,128.1715087890625,118.61450958251953,201.486328125,201.82254028320312,199.68746948242188,0.4586260914802551,0.47743597626686096,0.5157913565635681,47.038970947265625,61.19369125366211,61.18033981323242,-45.36581039428711,-56.456382751464844,-59.90684127807617,6.576877593994141,19.556886672973633,3.0337047576904297,0.9644303321838379,0.9225850105285645,0.9791845083236694,5.199356555938721,4.963871002197266,4.152614593505859,nan
9.050,0,102.56497192382812,128.1715087890625,118.61450958251953,201.486328125,201.82254028320312,199.68746948242188,0.4586260914802551,0.47743597626686096,0.5157913565635681,47.038970947265625,61.19369125366211,61.18033981323242,-45.36581039428711,-56.456382751464844,-59.90684127807617,6.576877593994141,19.556886672973633,3.0337047576904297,0.9644303321838379,0.9225850105285645,0.9791845083236694,5.199356555938721,4.963871002197266,4.152614593505859,nan
9.100,0,102.56497192382812,128.1715087890625,118.61450958251953,201.486328125,201.82254028320312,199.68746948242188,0.4586260914802551,0.47743597626686096,0.5157913565635681,47.038970947265625,61.19369125366211,61.18033981323242,-45.36581039428711,-56.456382751464844,-59.90684127807617,6.576877593994141,19.556886672973633,3.0337047576904297,0.9644303321838379,0.9225850105285645,0.9791845083236694,5.199356555938721,4.963871002197266,4.152614593505859,nan
9.150,0,102.56497192382812,128.1715087890625,118.61450958251953,201.486328125,201.82254028320312,199.68746948242188,0.4586260914802551,0.47743597626686096,0.5157913565635681,47.038970947265625,61.19369125366211,61.18033981323242,-45.36581039428711,-56.456382751464844,-59.90684127807617,6.576877593994141,19.556886672973633,3.0337047576904297,0.9644303321838379,0.9225850105285645,0.9791845083236694,5.199356555938721,4.963871002197266,4.152614593505859,nan
9.200,0,102.52043914794922,128.1964111328125,118.60858154296875,201.5042266845703,201.79383850097656,199.65000915527344,0.4545438885688782,0.47326552867889404,0.5113258361816406,46.600040435791016,60.67094039916992,60.64763259887695,-45.02641677856445,-56.025856018066406,-59.337928771972656,6.109243869781494,18.889480590820312,2.5257253646850586,0.9662312865257263,0.9234380722045898,0.978404700756073,5.191732883453369,4.940122604370117,4.0300211906433105,nan
9.250,0,102.52043914794922,128.1964111328125,118.60858154296875,201.5042266845703,201.79383850097656,199.65000915527344,0.4545438885688782,0.47326552867889404,0.5113258361816406,46.600040435791016,60.67094039916992,60.64763259887695,-45.02641677856445,-56.025856018066406,-59.337928771972656,6.109243869781494,18.889480590820312,2.5257253646850586,0.9662312865257263,0.9234380722045898,0.978404700756073,5.191732883453369,4.940122604370117,4.0300211906433105,nan
9.300,0,102.52043914794922,128.1964111328125,118.60858154296875,201.5042266845703,201.79383850097656,199.65000915527344,0.4545438885688782,0.47326552867889404,0.5113258361816406,46.600040435791016,60.67094039916992,60.64763259887695,-45.02641677856445,-56.025856018066406,-59.337928771972656,6.109243869781494,18.889480590820312,2.5257253646850586,0.9662312865257263,0.9234380722045898,0.978404700756073,5.191732883453369,4.940122604370117,4.0300211906433105,nan
9.350,0,102.52043914794922,128.1964111328125,118.60858154296875,201.5042266845703,201.79383850097656,199.65000915527344,0.4545438885688782,0.47326552867889404,0.5113258361816406,46.600040435791016,60.67094039916992,60.64763259887695,-45.02641677856445,-56.025856018066406,-59.337928771972656,6.109243869781494,18.889480590820312,2.5257253646850586,0.9662312865257263,0.9234380722045898,0.978404700756073,5.191732883453369,4.940122604370117,4.0300211906433105,nan
9.400,0,102.4561767578125,128.19337463378906,118.54684448242188,201.44241333007812,201.7328643798828,199.5428924560547,0.4496142566204071,0.4685227572917938,0.506659209728241,46.065757751464844,60.0615119934082,60.06285095214844,-44.348052978515625,-55.13569641113281,-58.719085693359375,6.494280815124512,19.473737716674805,3.1514627933502197,0.9627118706703186,0.9179871678352356,0.9776273369789124,5.123148441314697,5.014575481414795,3.9777352809906006,nan
9.450,0,102.4561767578125,128.19337463378906,118.54684448242188,201.44241333007812,201.7328643798828,199.5428924560547,0.4496142566204071,0.4685227572917938,0.506659209728241,46.065757751464844,60.0615119934082,60.06285095214844,-44.348052978515625,-55.13569641113281,-58.719085693359375,6.494280815124512,19.473737716674805,3.1514627933502197,0.9627118706703186,0.9179871678352356,0.9776273369789124,5.123148441314697,5.014575481414795,3.9777352809906006,nan
9.500,0,102.4561767578125,128.19337463378906,118.54684448242188,201.44241333007812,201.7328643798828,199.5428924560547,0.4496142566204071,0.4685227572917938,0.506659209728241,46.065757751464844,60.0615119934082,60.06285095214844,-44.348052978515625,-55.13569641113281,-58.719085693359375,6.494280815124512,19.473737716674805,3.1514627933502197,0.9627118706703186,0.9179871678352356,0.9776273369789124,5.123148441314697,5.014575481414795,3.9777352809906006,nan
9.550,0,102.4561767578125,128.19337463378906,118.54684448242188,201.44241333007812,201.7328643798828,199.5428924560547,0.4496142566204071,0.4685227572917938,0.506659209728241,46.065757751464844,60.0615119934082,60.06285095214844,-44.348052978515625,-55.13569641113281,-58.719085693359375,6.494280815124512,19.473737716674805,3.1514627933502197,0.9627118706703186,0.9179871678352356,0.9776273369789124,5.123148441314697,5.014575481414795,3.9777352809906006,nan
9.600,1,102.49286651611328,128.24078369140625,118.56182861328125,201.4818572998047,201.83099365234375,199.57830810546875,0.4549160897731781,0.47476768493652344,0.5116973519325256,46.62565231323242,60.884578704833984,60.66777420043945,-45.10554504394531,-56.27699661254883,-59.509063720703125,6.376251220703125,19.195844650268555,2.7173337936401367,0.9673976302146912,0.9243226647377014,0.9809007048606873,5.117420673370361,5.079753875732422,4.09683895111084,nan
9.650,1,102.49286651611328,128.24078369140625,118.56182861328125,201.4818572998047,201.83099365234375,199.57830810546875,0.4549160897731781,0.47476768493652344,0.5116973519325256,46.62565231323242,60.884578704833984,60.66777420043945,-45.10554504394531,-56.27699661254883,-59.509063720703125,6.376251220703125,19.195844650268555,2.7173337936401367,0.9673976302146912,0.9243226647377014,0.9809007048606873,5.117420673370361,5.079753875732422,4.09683895111084,nan
9.700,1,102.49286651611328,128.24078369140625,118.56182861328125,201.4818572998047,201.83099365234375,199.57830810546875,0.4549160897731781,0.47476768493652344,0.5116973519325256,46.62565231323242,60.884578704833984,60.66777420043945,-45.10554504394531,-56.27699661254883,-59.509063720703125,6.376251220703125,19.195844650268555,2.7173337936401367,0.9673976302146912,0.9243226647377014,0.9809007048606873,5.117420673370361,5.079753875732422,4.09683895111084,nan
9.750,1,102.49286651611328,128.24078369140625,118.56182861328125,201.4818572998047,201.83099365234375,199.57830810546875,0.4549160897731781,0.47476768493652344,0.5116973519325256,46.62565231323242,60.884578704833984,60.66777420043945,-45.10554504394531,-56.27699661254883,-59.509063720703125,6.376251220703125,19.195844650268555,2.7173337936401367,0.9673976302146912,0.9243226647377014,0.9809007048606873,5.117420673370361,5.079753875732422,4.09683895111084,nan
9.800,1,102.54544830322266,128.21934509277344,118.59957122802734,201.48252868652344,201.8515625,199.6712188720703,0.45674800872802734,0.47393718361854553,0.5112096071243286,46.83742904663086,60.767913818359375,60.629241943359375,-45.192237854003906,-56.2896614074707,-59.324031829833984,6.120003700256348,18.62030029296875,2.407914638519287,0.9648744463920593,0.9263056516647339,0.9784722924232483,5.120469093322754,5.011678695678711,4.162251949310303,nan
9.850,1,102.54544830322266,128.21934509277344,118.59957122802734,201.48252868652344,201.8515625,199.6712188720703,0.45674800872802734,0.47393718361854553,0.5112096071243286,46.83742904663086,60.767913818359375,60.629241943359375,-45.192237854003906,-56.2896614074707,-59.324031829833984,6.120003700256348,18.62030029296875,2.407914638519287,0.9648744463920593,0.9263056516647339,0.9784722924232483,5.120469093322754,5.011678695678711,4.162251949310303,nan
9.900,1,102.54544830322266,128.21934509277344,118.59957122802734,201.48252868652344,201.8515625,199.6712188720703,0.45674800872802734,0.47393718361854553,0.5112096071243286,46.83742904663086,60.767913818359375,60.629241943359375,-45.192237854003906,-56.2896614074707,-59.324031829833984,6.120003700256348,18.62030029296875,2.407914638519287,0.9648744463920593,0.9263056516647339,0.9784722924232483,5.120469093322754,5.011678695678711,4.162251949310303,nan
9.950,1,102.54544830322266,128.21934509277344,118.59957122802734,201.48252868652344,201.8515625,199.6712188720703,0.45674800872802734,0.47393718361854553,0.5112096071243286,46.83742904663086,60.767913818359375,60.629241943359375,-45.192237854003906,-56.2896614074707,-59.324031829833984,6.120003700256348,18.62030029296875,2.407914638519287,0.9648744463920593,0.9263056516647339,0.9784722924232483,5.120469093322754,5.011678695678711,4.162251949310303,nan
10.000,1,102.56368255615234,128.19935607910156,118.63082122802734,201.51145935058594,201.86077880859375,199.69447326660156,0.4543330669403076,0.47370973229408264,0.5104911923408508,46.59807205200195,60.72928237915039,60.55998992919922,-44.87826156616211,-55.871063232421875,-59.14822006225586,6.734032154083252,19.483787536621094,3.224655866622925,0.9630926847457886,0.9200020432472229,0.9766880869865417,5.204569339752197,4.954548358917236,4.149679183959961,nan
10.050,1,102.56368255615234,128.19935607910156,118.63082122802734,201.51145935058594,201.86077880859375,199.69447326660156,0.4543330669403076,0.47370973229408264,0.5104911923408508,46.59807205200195,60.72928237915039,60.55998992919922,-44.87826156616211,-55.871063232421875,-59.14822006225586,6.734032154083252,19.483787536621094,3.224655866622925,0.9630926847457886,0.9200020432472229,0.9766880869865417,5.204569339752197,4.954548358917236,4.149679183959961,nan
10.100,1,102.56368255615234,128.19935607910156,118.63082122802734,201.51145935058594,201.86077880859375,199.69447326660156,0.4543330669403076,0.47370973229408264,0.5104911923408508,46.59807205200195,60.72928237915039,60.55998992919922,-44.87826156616211,-55.871063232421875,-59.14822006225586,6.734032154083252,19.483787536621094,3.224655866622925,0.9630926847457886,0.9200020432472229,0.9766880869865417,5.204569339752197,4.954548358917236,4.149679183959961,nan
10.150,1,102.56368255615234,128.19935607910156,118.63082122802734,201.51145935058594,201.86077880859375,199.69447326660156,0.4543330669403076,0.47370973229408264,0.5104911923408508,46.59807205200195,60.72928237915039,60.55998992919922,-44.87826156616211,-55.871063232421875,-59.14822006225586,6.734032154083252,19.483787536621094,3.224655866622925,0.9630926847457886,0.9200020432472229,0.9766880869865417,5.204569339752197,4.954548358917236,4.149679183959961,nan
10.200,1,102.27994537353516,128.70680236816406,118.63883972167969,201.59315490722656,201.9743194580078,199.7437744140625,0.4601789116859436,0.47585681080818176,0.5152038335800171,47.067073822021484,61.246009826660156,61.12318420410156,-45.295249938964844,-56.35857009887695,-59.813533782958984,6.631697654724121,19.616506576538086,3.08282732963562,0.9623553156852722,0.9201998710632324,0.9785735607147217,5.141261577606201,5.018260478973389,4.072486400604248,nan
10.250,1,102.27994537353516,128.70680236816406,118.63883972167969,201.59315490722656,201.9743194580078,199.7437744140625,0.4601789116859436,0.47585681080818176,0.5152038335800171,47.067073822021484,61.246009826660156,61.12318420410156,-45.295249938964844,-56.35857009887695,-59.813533782958984,6.631697654724121,19.616506576538086,3.08282732963562,0.9623553156852722,0.9201998710632324,0.9785735607147217,5.141261577606201,5.018260478973389,4.072486400604248,nan
10.300,1,102.27994537353516,128.70680236816406,118.63883972167969,201.59315490722656,201.9743194580078,199.7437744140625,0.4601789116859436,0.47585681080818176,0.5152038335800171,47.067073822021484,61.246009826660156,61.12318420410156,-45.295249938964844,-56.35857009887695,-59.813533782958984,6.631697654724121,19.616506576538086,3.08282732963562,0.9623553156852722,0.9201998710632324,0.9785735607147217,5.141261577606201,5.018260478973389,4.072486400604248,nan
10.350,1,102.27994537353516,128.70680236816406,118.63883972167969,201.59315490722656,201.9743194580078,199.7437744140625,0.4601789116859436,0.47585681080818176,0.5152038335800171,47.067073822021484,61.246009826660156,61.12318420410156,-45.295249938964844,-56.35857009887695,-59.813533782958984,6.631697654724121,19.616506576538086,3.08282732963562,0.9623553156852722,0.9201998710632324,0.9785735607147217,5.141261577606201,5.018260478973389,4.072486400604248,nan
10.400,1,94.35504913330078,127.18185424804688,117.2273941040039,192.3224639892578,203.17015075683594,190.0950927734375,1.8975714445114136,2.252694606781006,0.867623507976532,179.04544067382812,286.50189208984375,101.70924377441406,36.26637268066406,-88.82662963867188,-59.0828857421875,121.64725494384766,220.71197509765625,62.94367980957031,0.20255401730537415,0.3100385367870331,0.5808998346328735,5.57942008972168,5.028278827667236,4.381388187408447,nan
10.450,1,94.35504913330078,127.18185424804688,117.2273941040039,192.3224639892578,203.17015075683594,190.0950927734375,1.8975714445114136,2.252694606781006,0.867623507976532,179.04544067382812,286.50189208984375,101.70924377441406,36.26637268066406,-88.82662963867188,-59.0828857421875,121.64725494384766,220.71197509765625,62.94367980957031,0.20255401730537415,0.3100385367870331,0.5808998346328735,5.57942008972168,5.028278827667236,4.381388187408447,nan
10.500,1,94.35504913330078,127.18185424804688,117.2273941040039,192.3224639892578,203.17015075683594,190.0950927734375,1.8975714445114136,2.252694606781006,0.867623507976532,179.04544067382812,286.50189208984375,101.70924377441406,36.26637268066406,-88.82662963867188,-59.0828857421875,121.64725494384766,220.71197509765625,62.94367980957031,0.20255401730537415,0.3100385367870331,0.5808998346328735,5.57942008972168,5.028278827667236,4.381388187408447,nan
10.550,1,94.35504913330078,127.18185424804688,117.2273941040039,192.3224639892578,203.17015075683594,190.0950927734375,1.8975714445114136,2.252694606781006,0.867623507976532,179.04544067382812,286.50189208984375,101.70924377441406,36.26637268066406,-88.82662963867188,-59.0828857421875,121.64725494384766,220.71197509765625,62.94367980957031,0.20255401730537415,0.3100385367870331,0.5808998346328735,5.57942008972168,5.028278827667236,4.381388187408447,nan
10.600,1,88.92984008789062,126.9293441772461,116.31269073486328,186.98211669921875,203.74778747558594,184.16847229003906,2.3355391025543213,2.790940523147583,1.006545901298523,207.69911193847656,354.25225830078125,117.07405853271484,81.75902557373047,-106.87649536132812,-56.98174285888672,190.35536193847656,337.166748046875,100.89407348632812,0.3936416804790497,0.3016960024833679,0.4867153763771057,5.761058330535889,4.996391773223877,4.564584255218506,nan
10.650,1,88.92984008789062,126.9293441772461,116.31269073486328,186.98211669921875,203.74778747558594,184.16847229003906,2.3355391025543213,2.790940523147583,1.006545901298523,207.69911193847656,354.25225830078125,117.07405853271484,81.75902557373047,-106.87649536132812,-56.98174285888672,190.35536193847656,337.166748046875,100.89407348632812,0.3936416804790497,0.3016960024833679,0.4867153763771057,5.761058330535889,4.996391773223877,4.564584255218506,nan
10.700,1,88.92984008789062,126.9293441772461,116.31269073486328,186.98211669921875,203.74778747558594,184.16847229003906,2.3355391025543213,2.790940523147583,1.006545901298523,207.69911193847656,354.25225830078125,117.07405853271484,81.75902557373047,-106.87649536132812,-56.98174285888672,190.35536193847656,337.166748046875,100.89407348632812,0.3936416804790497,0.3016960024833679,0.4867153763771057,5.761058330535889,4.996391773223877,4.564584255218506,nan
10.750,1,88.92984008789062,126.9293441772461,116.31269073486328,186.98211669921875,203.74778747558594,184.16847229003906,2.3355391025543213,2.790940523147583,1.006545901298523,207.69911193847656,354.25225830078125,117.07405853271484,81.75902557373047,-106.87649536132812,-56.98174285888672,190.35536193847656,337.166748046875,100.89407348632812,0.3936416804790497,0.3016960024833679,0.4867153763771057,5.761058330535889,4.996391773223877,4.564584255218506,nan
10.800,1,88.9361801147461,126.9461898803711,116.33361053466797,186.97767639160156,203.740478515625,184.2390594482422,2.330036163330078,2.786295175552368,1.0010675191879272,207.22451782226562,353.7095642089844,116.45780181884766,81.6771469116211,-107.11028289794922,-57.13215255737305,189.90061950683594,336.5739440917969,100.30628204345703,0.3941480815410614,0.3028198778629303,0.4905824363231659,5.711786270141602,4.963582992553711,4.563642978668213,nan
10.850,1,88.9361801147461,126.9461898803711,116.33361053466797,186.97767639160156,203.740478515625,184.2390594482422,2.330036163330078,2.786295175552368,1.0010675191879272,207.22451782226562,353.7095642089844,116.45780181884766,81.6771469116211,-107.11028289794922,-57.13215255737305,189.90061950683594,336.5739440917969,100.30628204345703,0.3941480815410614,0.3028198778629303,0.4905824363231659,5.711786270141602,4.963582992553711,4.563642978668213,nan
10.900,1,88.9361801147461,126.9461898803711,116.33361053466797,186.97767639160156,203.740478515625,184.2390594482422,2.330036163330078,2.786295175552368,1.0010675191879272,207.22451782226562,353.7095642089844,116.45780181884766,81.6771469116211,-107.11028289794922,-57.13215255737305,189.90061950683594,336.5739440917969,100.30628204345703,0.3941480815410614,0.3028198778629303,0.4905824363231659,5.711786270141602,4.963582992553711,4.563642978668213,nan
10.950,1,88.9361801147461,126.9461898803711,116.33361053466797,186.97767639160156,203.740478515625,184.2390594482422,2.330036163330078,2.786295175552368,1.0010675191879272,207.22451782226562,353.7095642089844,116.45780181884766,81.6771469116211,-107.11028289794922,-57.13215255737305,189.90061950683594,336.5739440917969,100.30628204345703,0.3941480815410614,0.3028198778629303,0.4905824363231659,5.711786270141602,4.963582992553711,4.563642978668213,nan
11.000,1,88.84107971191406,126.8579330444336,116.2321548461914,186.83364868164062,203.5823211669922,184.0524139404297,2.341857671737671,2.7856192588806152,1.0018713474273682,208.05316162109375,353.3778991699219,116.44966888427734,82.48086547851562,-105.510986328125,-55.36506652832031,190.4488983154297,336.71160888671875,101.2446517944336,0.3964413106441498,0.2985783517360687,0.4754420220851898,5.746425628662109,5.029468059539795,4.603947162628174,nan
11.050,1,88.84107971191406,126.8579330444336,116.2321548461914,186.83364868164062,203.5823211669922,184.0524139404297,2.341857671737671,2.7856192588806152,1.0018713474273682,208.05316162109375,353.3778991699219,116.44966888427734,82.48086547851562,-105.510986328125,-55.36506652832031,190.4488983154297,336.71160888671875,101.2446517944336,0.3964413106441498,0.2985783517360687,0.4754420220851898,5.746425628662109,5.029468059539795,4.603947162628174,nan
11.100,1,88.84107971191406,126.8579330444336,116.2321548461914,186.83364868164062,203.5823211669922,184.0524139404297,2.341857671737671,2.7856192588806152,1.0018713474273682,208.05316162109375,353.3778991699219,116.44966888427734,82.48086547851562,-105.510986328125,-55.36506652832031,190.4488983154297,336.71160888671875,101.2446517944336,0.3964413106441498,0.2985783517360687,0.4754420220851898,5.746425628662109,5.029468059539795,4.603947162628174,nan
11.150,1,88.84107971191406,126.8579330444336,116.2321548461914,186.83364868164062,203.5823211669922,184.0524139404297,2.341857671737671,2.7856192588806152,1.0018713474273682,208.05316162109375,353.3778991699219,116.44966888427734,82.48086547851562,-105.510986328125,-55.36506652832031,190.4488983154297,336.71160888671875,101.2446517944336,0.3964413106441498,0.2985783517360687,0.4754420220851898,5.746425628662109,5.029468059539795,4.603947162628174,nan
11.200,1,88.89118957519531,126.92863464355469,116.2707290649414,186.94776916503906,203.69363403320312,184.1075439453125,2.3306846618652344,2.7760491371154785,0.9915997982025146,207.17733764648438,352.3601379394531,115.29402923583984,82.5770263671875,-105.47506713867188,-55.35927963256836,189.42457580566406,335.6524963378906,99.88855743408203,0.3985813558101654,0.29933881759643555,0.48015737533569336,5.7894439697265625,5.055412769317627,4.621125221252441,nan
11.250,1,88.89118957519531,126.92863464355469,116.2707290649414,186.94776916503906,203.69363403320312,184.1075439453125,2.3306846618652344,2.7760491371154785,0.9915997982025146,207.17733764648438,352.3601379394531,115.29402923583984,82.5770263671875,-105.47506713867188,-55.35927963256836,189.42457580566406,335.6524963378906,99.88855743408203,0.3985813558101654,0.29933881759643555,0.48015737533569336,5.7894439697265625,5.055412769317627,4.621125221252441,nan
11.300,1,88.89118957519531,126.92863464355469,116.2707290649414,186.94776916503906,203.69363403320312,184.1075439453125,2.3306846618652344,2.7760491371154785,0.9915997982025146,207.17733764648438,352.3601379394531,115.29402923583984,82.5770263671875,-105.47506713867188,-55.35927963256836,189.42457580566406,335.6524963378906,99.88855743408203,0.3985813558101654,0.29933881759643555,0.48015737533569336,5.7894439697265625,5.055412769317627,4.621125221252441,nan
11.350,1,88.89118957519531,126.92863464355469,116.2707290649414,186.94776916503906,203.69363403320312,184.1075439453125,2.3306846618652344,2.7760491371154785,0.9915997982025146,207.17733764648438,352.3601379394531,115.29402923583984,82.5770263671875,-105.47506713867188,-55.35927963256836,189.42457580566406,335.6524963378906,99.88855743408203,0.3985813558101654,0.29933881759643555,0.48015737533569336,5.7894439697265625,5.055412769317627,4.621125221252441,nan
11.400,1,88.79923248291016,126.90526580810547,116.1282730102539,186.88980102539062,203.54281616210938,183.87559509277344,2.3440210819244385,2.7754290103912354,0.9847770929336548,208.14727783203125,352.216552734375,114.36046600341797,83.72964477539062,-104.26789855957031,-53.309898376464844,190.0038604736328,335.8799743652344,100.01464080810547,0.40226155519485474,0.29603350162506104,0.4661567211151123,5.7773332595825195,5.065207004547119,4.616624355316162,nan
11.450,1,88.79923248291016,126.90526580810547,116.1282730102539,186.88980102539062,203.54281616210938,183.87559509277344,2.3440210819244385,2.7754290103912354,0.9847770929336548,208.14727783203125,352.216552734375,114.36046600341797,83.72964477539062,-104.26789855957031,-53.309898376464844,190.0038604736328,335.8799743652344,100.01464080810547,0.40226155519485474,0.29603350162506104,0.4661567211151123,5.7773332595825195,5.065207004547119,4.616624355316162,nan
11.500,1,88.79923248291016,126.90526580810547,116.1282730102539,186.88980102539062,203.54281616210938,183.87559509277344,2.3440210819244385,2.7754290103912354,0.9847770929336548,208.14727783203125,352.216552734375,114.36046600341797,83.72964477539062,-104.26789855957031,-53.309898376464844,190.0038604736328,335.8799743652344,100.01464080810547,0.40226155519485474,0.29603350162506104,0.4661567211151123,5.7773332595825195,5.065207004547119,4.616624355316162,nan
11.550,1,88.79923248291016,126.90526580810547,116.1282730102539,186.88980102539062,203.54281616210938,183.87559509277344,2.3440210819244385,2.7754290103912354,0.9847770929336548,208.14727783203125,352.216552734375,114.36046600341797,83.72964477539062,-104.26789855957031,-53.309898376464844,190.0038604736328,335.8799743652344,100.01464080810547,0.40226155519485474,0.29603350162506104,0.4661567211151123,5.7773332595825195,5.065207004547119,4.616624355316162,nan
11.600,1,88.87530517578125,127.01017761230469,116.22464752197266,187.06234741210938,203.73867797851562,184.0001220703125,2.3315320014953613,2.7653746604919434,0.9722311496734619,207.2156219482422,351.230712890625,112.99722290039062,83.80123138427734,-104.62513732910156,-53.46278381347656,188.95950317382812,334.7204284667969,98.31083679199219,0.4044156074523926,0.29788151383399963,0.4731335937976837,5.782664775848389,5.059789657592773,4.613160133361816,nan
11.650,1,88.87530517578125,127.01017761230469,116.22464752197266,187.06234741210938,203.73867797851562,184.0001220703125,2.3315320014953613,2.7653746604919434,0.9722311496734619,207.2156219482422,351.230712890625,112.99722290039062,83.80123138427734,-104.62513732910156,-53.46278381347656,188.95950317382812,334.7204284667969,98.31083679199219,0.4044156074523926,0.29788151383399963,0.4731335937976837,5.782664775848389,5.059789657592773,4.613160133361816,nan
11.700,1,88.87530517578125,127.01017761230469,116.22464752197266,187.06234741210938,203.73867797851562,184.0001220703125,2.3315320014953613,2.7653746604919434,0.9722311496734619,207.2156219482422,351.230712890625,112.99722290039062,83.80123138427734,-104.62513732910156,-53.46278381347656,188.95950317382812,334.7204284667969,98.31083679199219,0.4044156074523926,0.29788151383399963,0.4731335937976837,5.782664775848389,5.059789657592773,4.613160133361816,nan
11.750,1,88.87530517578125,127.01017761230469,116.22464752197266,187.06234741210938,203.73867797851562,184.0001220703125,2.3315320014953613,2.7653746604919434,0.9722311496734619,207.2156219482422,351.230712890625,112.99722290039062,83.80123138427734,-104.62513732910156,-53.46278381347656,188.95950317382812,334.7204284667969,98.31083679199219,0.4044156074523926,0.29788151383399963,0.4731335937976837,5.782664775848389,5.059789657592773,4.613160133361816,nan
11.800,1,88.93831634521484,127.02581787109375,116.15982818603516,187.2023468017578,203.65158081054688,183.96380615234375,2.3547513484954834,2.7734715938568115,0.9778323769569397,209.42762756347656,352.302490234375,113.5848388671875,84.66519165039062,-103.57980346679688,-51.58927536010742,190.9973907470703,336.1705322265625,99.930419921875,0.4042694568634033,0.29400813579559326,0.45419156551361084,5.772674560546875,5.065964698791504,4.543370723724365,nan
11.850,1,88.93831634521484,127.02581787109375,116.15982818603516,187.2023468017578,203.65158081054688,183.96380615234375,2.3547513484954834,2.7734715938568115,0.9778323769569397,209.42762756347656,352.302490234375,113.5848388671875,84.66519165039062,-103.57980346679688,-51.58927536010742,190.9973907470703,336.1705322265625,99.930419921875,0.4042694568634033,0.29400813579559326,0.45419156551361084,5.772674560546875,5.065964698791504,4.543370723724365,nan
11.900,1,88.93831634521484,127.02581787109375,116.15982818603516,187.2023468017578,203.65158081054688,183.96380615234375,2.3547513484954834,2.7734715938568115,0.9778323769569397,209.42762756347656,352.302490234375,113.5848388671875,84.66519165039062,-103.57980346679688,-51.58927536010742,190.9973907470703,336.1705322265625,99.930419921875,0.4042694568634033,0.29400813579559326,0.45419156551361084,5.772674560546875,5.065964698791504,4.543370723724365,nan
11.950,1,88.93831634521484,127.02581787109375,116.15982818603516,187.2023468017578,203.65158081054688,183.96380615234375,2.3547513484954834,2.7734715938568115,0.9778323769569397,209.42762756347656,352.302490234375,113.5848388671875,84.66519165039062,-103.57980346679688,-51.58927536010742,190.9973907470703,336.1705322265625,99.930419921875,0.4042694568634033,0.29400813579559326,0.45419156551361084,5.772674560546875,5.065964698791504,4.543370723724365,nan
12.000,1,88.92068481445312,127.09820556640625,116.22796630859375,187.2442169189453,203.7630157470703,184.0243682861328,2.346116542816162,2.7741007804870605,0.9751847982406616,208.6182861328125,352.5832214355469,113.34374237060547,84.3896255493164,-104.17057037353516,-52.726959228515625,190.25204467773438,336.30828857421875,99.27635192871094,0.40451690554618835,0.2954495847225189,0.4651951491832733,5.814824104309082,5.103579998016357,4.6226582527160645,nan
12.050,1,88.92068481445312,127.09820556640625,116.22796630859375,187.2442169189453,203.7630157470703,184.0243682861328,2.346116542816162,2.7741007804870605,0.9751847982406616,208.6182861328125,352.5832214355469,113.34374237060547,84.3896255493164,-104.17057037353516,-52.726959228515625,190.25204467773438,336.30828857421875,99.27635192871094,0.40451690554618835,0.2954495847225189,0.4651951491832733,5.814824104309082,5.103579998016357,4.6226582527160645,nan
12.100,1,88.92068481445312,127.09820556640625,116.22796630859375,187.2442169189453,203.7630157470703,184.0243682861328,2.346116542816162,2.7741007804870605,0.9751847982406616,208.6182861328125,352.5832214355469,113.34374237060547,84.3896255493164,-104.17057037353516,-52.726959228515625,190.25204467773438,336.30828857421875,99.27635192871094,0.40451690554618835,0.2954495847225189,0.4651951491832733,5.814824104309082,5.103579998016357,4.6226582527160645,nan
12.150,1,88.92068481445312,127.09820556640625,116.22796630859375,187.2442169189453,203.7630157470703,184.0243682861328,2.346116542816162,2.7741007804870605,0.9751847982406616,208.6182861328125,352.5832214355469,113.34374237060547,84.3896255493164,-104.17057037353516,-52.726959228515625,190.25204467773438,336.30828857421875,99.27635192871094,0.40451690554618835,0.2954495847225189,0.4651951491832733,5.814824104309082,5.103579998016357,4.6226582527160645,nan
12.200,1,88.91636657714844,127.03556823730469,116.1099853515625,187.22067260742188,203.61134338378906,183.8786163330078,2.3553850650787354,2.76888108253479,0.9735158085823059,209.43228149414062,351.7463684082031,113.03490447998047,84.98981475830078,-102.93997192382812,-50.80319595336914,190.82003784179688,335.7710266113281,99.6559829711914,0.40581047534942627,0.29265397787094116,0.44944697618484497,5.798984527587891,5.082405090332031,4.569790363311768,nan
12.250,1,88.91636657714844,127.03556823730469,116.1099853515625,187.22067260742188,203.61134338378906,183.8786163330078,2.3553850650787354,2.76888108253479,0.9735158085823059,209.43228149414062,351.7463684082031,113.03490447998047,84.98981475830078,-102.93997192382812,-50.80319595336914,190.82003784179688,335.7710266113281,99.6559829711914,0.40581047534942627,0.29265397787094116,0.44944697618484497,5.798984527587891,5.082405090332031,4.569790363311768,nan
12.300,1,88.91636657714844,127.03556823730469,116.1099853515625,187.22067260742188,203.61134338378906,183.8786163330078,2.3553850650787354,2.76888108253479,0.9735158085823059,209.43228149414062,351.7463684082031,113.03490447998047,84.98981475830078,-102.93997192382812,-50.80319595336914,190.82003784179688,335.7710266113281,99.6559829711914,0.40581047534942627,0.29265397787094116,0.44944697618484497,5.798984527587891,5.082405090332031,4.569790363311768,nan
12.350,1,88.91636657714844,127.03556823730469,116.1099853515625,187.22067260742188,203.61134338378906,183.8786163330078,2.3553850650787354,2.76888108253479,0.9735158085823059,209.43228149414062,351.7463684082031,113.03490447998047,84.98981475830078,-102.93997192382812,-50.80319595336914,190.82003784179688,335.7710266113281,99.6559829711914,0.40581047534942627,0.29265397787094116,0.44944697618484497,5.798984527587891,5.082405090332031,4.569790363311768,nan
12.400,0,97.10480499267578,128.5196075439453,117.77523803710938,196.2290496826172,202.4974365234375,194.11273193359375,1.4979459047317505,1.7459032535552979,0.7476715445518494,145.45774841308594,224.38279724121094,88.05719757080078,3.119474411010742,-72.78357696533203,-57.31581497192383,73.23045349121094,136.5671844482422,38.261722564697266,0.02144591510295868,0.3243723511695862,0.6508930325508118,5.403847694396973,5.086826324462891,4.207616806030273,nan
12.450,0,97.10480499267578,128.5196075439453,117.77523803710938,196.2290496826172,202.4974365234375,194.11273193359375,1.4979459047317505,1.7459032535552979,0.7476715445518494,145.45774841308594,224.38279724121094,88.05719757080078,3.119474411010742,-72.78357696533203,-57.31581497192383,73.23045349121094,136.5671844482422,38.261722564697266,0.02144591510295868,0.3243723511695862,0.6508930325508118,5.403847694396973,5.086826324462891,4.207616806030273,nan
12.500,0,97.10480499267578,128.5196075439453,117.77523803710938,196.2290496826172,202.4974365234375,194.11273193359375,1.4979459047317505,1.7459032535552979,0.7476715445518494,145.45774841308594,224.38279724121094,88.05719757080078,3.119474411010742,-72.78357696533203,-57.31581497192383,73.23045349121094,136.5671844482422,38.261722564697266,0.02144591510295868,0.3243723511695862,0.6508930325508118,5.403847694396973,5.086826324462891,4.207616806030273,nan
12.550,0,97.10480499267578,128.5196075439453,117.77523803710938,196.2290496826172,202.4974365234375,194.11273193359375,1.4979459047317505,1.7459032535552979,0.7476715445518494,145.45774841308594,224.38279724121094,88.05719757080078,3.119474411010742,-72.78357696533203,-57.31581497192383,73.23045349121094,136.5671844482422,38.261722564697266,0.02144591510295868,0.3243723511695862,0.6508930325508118,5.403847694396973,5.086826324462891,4.207616806030273,nan
12.600,0,102.72285461425781,128.43698120117188,118.80281829833984,201.86326599121094,202.2090301513672,199.9865264892578,0.46305403113365173,0.4697433412075043,0.5143705010414124,47.56623077392578,60.33241653442383,61.108665466308594,-46.738487243652344,-58.07412338256836,-60.1027717590332,0.055352725088596344,11.364764213562012,-4.454671859741211,0.982598066329956,0.9625691771507263,0.9835392832756042,5.038558483123779,4.9459309577941895,3.9458022117614746,nan
12.650,0,102.72285461425781,128.43698120117188,118.80281829833984,201.86326599121094,202.2090301513672,199.9865264892578,0.46305403113365173,0.4697433412075043,0.5143705010414124,47.56623077392578,60.33241653442383,61.108665466308594,-46.738487243652344,-58.07412338256836,-60.1027717590332,0.055352725088596344,11.364764213562012,-4.454671859741211,0.982598066329956,0.9625691771507263,0.9835392832756042,5.038558483123779,4.9459309577941895,3.9458022117614746,nan
12.700,0,102.72285461425781,128.43698120117188,118.80281829833984,201.86326599121094,202.2090301513672,199.9865264892578,0.46305403113365173,0.4697433412075043,0.5143705010414124,47.56623077392578,60.33241653442383,61.108665466308594,-46.738487243652344,-58.07412338256836,-60.1027717590332,0.055352725088596344,11.364764213562012,-4.454671859741211,0.982598066329956,0.9625691771507263,0.9835392832756042,5.038558483123779,4.9459309577941895,3.9458022117614746,nan
12.750,0,102.72285461425781,128.43698120117188,118.80281829833984,201.86326599121094,202.2090301513672,199.9865264892578,0.46305403113365173,0.4697433412075043,0.5143705010414124,47.56623077392578,60.33241653442383,61.108665466308594,-46.738487243652344,-58.07412338256836,-60.1027717590332,0.055352725088596344,11.364764213562012,-4.454671859741211,0.982598066329956,0.9625691771507263,0.9835392832756042,5.038558483123779,4.9459309577941895,3.9458022117614746,nan
12.800,0,102.53758239746094,128.19573974609375,118.56228637695312,201.4870147705078,201.7877960205078,199.6226043701172,0.4310961067676544,0.44213348627090454,0.4836364984512329,44.20355224609375,56.679630279541016,57.34104919433594,-43.355003356933594,-54.1699104309082,-56.37897491455078,0.9737796187400818,12.294239044189453,-3.1271841526031494,0.9808036088943481,0.9557209610939026,0.9832218885421753,5.0805792808532715,4.978628158569336,3.964582920074463,nan
12.850,0,102.53758239746094,128.19573974609375,118.56228637695312,201.4870147705078,201.7877960205078,199.6226043701172,0.4310961067676544,0.44213348627090454,0.4836364984512329,44.20355224609375,56.679630279541016,57.34104919433594,-43.355003356933594,-54.1699104309082,-56.37897491455078,0.9737796187400818,12.294239044189453,-3.1271841526031494,0.9808036088943481,0.9557209610939026,0.9832218885421753,5.0805792808532715,4.978628158569336,3.964582920074463,nan
12.900,0,102.53758239746094,128.19573974609375,118.56228637695312,201.4870147705078,201.7877960205078,199.6226043701172,0.4310961067676544,0.44213348627090454,0.4836364984512329,44.20355224609375,56.679630279541016,57.34104919433594,-43.355003356933594,-54.1699104309082,-56.37897491455078,0.9737796187400818,12.294239044189453,-3.1271841526031494,0.9808036088943481,0.9557209610939026,0.9832218885421753,5.0805792808532715,4.978628158569336,3.964582920074463,nan
12.950,0,102.53758239746094,128.19573974609375,118.56228637695312,201.4870147705078,201.7877960205078,199.6226043701172,0.4310961067676544,0.44213348627090454,0.4836364984512329,44.20355224609375,56.679630279541016,57.34104919433594,-43.355003356933594,-54.1699104309082,-56.37897491455078,0.9737796187400818,12.294239044189453,-3.1271841526031494,0.9808036088943481,0.9557209610939026,0.9832218885421753,5.0805792808532715,4.978628158569336,3.964582920074463,nan
13.000,0,102.4826431274414,128.18055725097656,118.5405044555664,201.43174743652344,201.75428771972656,199.55323791503906,0.42394962906837463,0.4371277391910553,0.4789898991584778,43.447479248046875,56.03127670288086,56.77970504760742,-42.77950668334961,-53.45553970336914,-56.08228302001953,1.8480710983276367,13.558830261230469,-2.004317283630371,0.9846257567405701,0.9540303945541382,0.9877170324325562,5.1363205909729,5.005965232849121,4.054439544677734,nan
13.050,0,102.4826431274414,128.18055725097656,118.5405044555664,201.43174743652344,201.75428771972656,199.55323791503906,0.42394962906837463,0.4371277391910553,0.4789898991584778,43.447479248046875,56.03127670288086,56.77970504760742,-42.77950668334961,-53.45553970336914,-56.08228302001953,1.8480710983276367,13.558830261230469,-2.004317283630371,0.9846257567405701,0.9540303945541382,0.9877170324325562,5.1363205909729,5.005965232849121,4.054439544677734,nan
13.100,0,102.4826431274414,128.18055725097656,118.5405044555664,201.43174743652344,201.75428771972656,199.55323791503906,0.42394962906837463,0.4371277391910553,0.4789898991584778,43.447479248046875,56.03127670288086,56.77970504760742,-42.77950668334961,-53.45553970336914,-56.08228302001953,1.8480710983276367,13.558830261230469,-2.004317283630371,0.9846257567405701,0.9540303945541382,0.9877170324325562,5.1363205909729,5.005965232849121,4.054439544677734,nan
13.150,0,102.4826431274414,128.18055725097656,118.5405044555664,201.43174743652344,201.75428771972656,199.55323791503906,0.42394962906837463,0.4371277391910553,0.4789898991584778,43.447479248046875,56.03127670288086,56.77970504760742,-42.77950668334961,-53.45553970336914,-56.08228302001953,1.8480710983276367,13.558830261230469,-2.004317283630371,0.9846257567405701,0.9540303945541382,0.9877170324325562,5.1363205909729,5.005965232849121,4.054439544677734,nan
13.200,0,102.49392700195312,128.18016052246094,118.51111602783203,201.43898010253906,201.73342895507812,199.5326690673828,0.4289722144603729,0.4433852732181549,0.48394158482551575,43.96704864501953,56.833194732666016,57.35245895385742,-43.16210174560547,-53.64277648925781,-56.69365692138672,3.6751344203948975,15.811765670776367,0.21687690913677216,0.9816920161247253,0.9438634514808655,0.9885131120681763,5.172006607055664,5.018203258514404,4.075777053833008,nan
13.250,0,102.49392700195312,128.18016052246094,118.51111602783203,201.43898010253906,201.73342895507812,199.5326690673828,0.4289722144603729,0.4433852732181549,0.48394158482551575,43.96704864501953,56.833194732666016,57.35245895385742,-43.16210174560547,-53.64277648925781,-56.69365692138672,3.6751344203948975,15.811765670776367,0.21687690913677216,0.9816920161247253,0.9438634514808655,0.9885131120681763,5.172006607055664,5.018203258514404,4.075777053833008,nan
13.300,0,102.49392700195312,128.18016052246094,118.51111602783203,201.43898010253906,201.73342895507812,199.5326690673828,0.4289722144603729,0.4433852732181549,0.48394158482551575,43.96704864501953,56.833194732666016,57.35245895385742,-43.16210174560547,-53.64277648925781,-56.69365692138672,3.6751344203948975,15.811765670776367,0.21687690913677216,0.9816920161247253,0.9438634514808655,0.9885131120681763,5.172006607055664,5.018203258514404,4.075777053833008,nan
13.350,0,102.49392700195312,128.18016052246094,118.51111602783203,201.43898010253906,201.73342895507812,199.5326690673828,0.4289722144603729,0.4433852732181549,0.48394158482551575,43.96704864501953,56.833194732666016,57.35245895385742,-43.16210174560547,-53.64277648925781,-56.69365692138672,3.6751344203948975,15.811765670776367,0.21687690913677216,0.9816920161247253,0.9438634514808655,0.9885131120681763,5.172006607055664,5.018203258514404,4.075777053833008,nan
13.400,0,102.40019226074219,128.10720825195312,118.41730499267578,201.28659057617188,201.6079559326172,199.3630828857422,0.4134480953216553,0.4280586838722229,0.46962592005729675,42.33716583251953,54.83740234375,55.61183547973633,-41.53593826293945,-51.81039810180664,-54.883609771728516,2.7049615383148193,14.716412544250488,-0.6757792234420776,0.9810750484466553,0.9448003768920898,0.9869052171707153,5.154396057128906,5.065286636352539,4.068444728851318,nan
13.450,0,102.40019226074219,128.10720825195312,118.41730499267578,201.28659057617188,201.6079559326172,199.3630828857422,0.4134480953216553,0.4280586838722229,0.46962592005729675,42.33716583251953,54.83740234375,55.61183547973633,-41.53593826293945,-51.81039810180664,-54.883609771728516,2.7049615383148193,14.716412544250488,-0.6757792234420776,0.9810750484466553,0.9448003768920898,0.9869052171707153,5.154396057128906,5.065286636352539,4.068444728851318,nan
13.500,0,102.40019226074219,128.10720825195312,118.41730499267578,201.28659057617188,201.6079559326172,199.3630828857422,0.4134480953216553,0.4280586838722229,0.46962592005729675,42.33716583251953,54.83740234375,55.61183547973633,-41.53593826293945,-51.81039810180664,-54.883609771728516,2.7049615383148193,14.716412544250488,-0.6757792234420776,0.9810750484466553,0.9448003768920898,0.9869052171707153,5.154396057128906,5.065286636352539,4.068444728851318,nan
13.550,0,102.40019226074219,128.10720825195312,118.41730499267578,201.28659057617188,201.6079559326172,199.3630828857422,0.4134480953216553,0.4280586838722229,0.46962592005729675,42.33716583251953,54.83740234375,55.61183547973633,-41.53593826293945,-51.81039810180664,-54.883609771728516,2.7049615383148193,14.716412544250488,-0.6757792234420776,0.9810750484466553,0.9448003768920898,0.9869052171707153,5.154396057128906,5.065286636352539,4.068444728851318,nan
13.600,0,102.46743774414062,128.2265167236328,118.53595733642578,201.4553985595703,201.78558349609375,199.53955078125,0.4269239008426666,0.442737877368927,0.48431795835494995,43.74580001831055,56.77073669433594,57.40909194946289,-43.00181579589844,-53.573890686035156,-56.78033447265625,3.5681874752044678,15.936776161193848,0.09853687882423401,0.9829930067062378,0.9436885118484497,0.9890477657318115,5.151620864868164,5.055295467376709,4.038652420043945,nan
13.650,0,102.46743774414062,128.2265167236328,118.53595733642578,201.4553985595703,201.78558349609375,199.53955078125,0.4269239008426666,0.442737877368927,0.48431795835494995,43.74580001831055,56.77073669433594,57.40909194946289,-43.00181579589844,-53.573890686035156,-56.78033447265625,3.5681874752044678,15.936776161193848,0.09853687882423401,0.9829930067062378,0.9436885118484497,0.9890477657318115,5.151620864868164,5.055295467376709,4.038652420043945,nan
13.700,0,102.46743774414062,128.2265167236328,118.53595733642578,201.4553985595703,201.78558349609375,199.53955078125,0.4269239008426666,0.442737877368927,0.48431795835494995,43.74580001831055,56.77073669433594,57.40909194946289,-43.00181579589844,-53.573890686035156,-56.78033447265625,3.5681874752044678,15.936776161193848,0.09853687882423401,0.9829930067062378,0.9436885118484497,0.9890477657318115,5.151620864868164,5.055295467376709,4.038652420043945,nan
13.750,0,102.46743774414062,128.2265167236328,118.53595733642578,201.4553985595703,201.78558349609375,199.53955078125,0.4269239008426666,0.442737877368927,0.48431795835494995,43.74580001831055,56.77073669433594,57.40909194946289,-43.00181579589844,-53.573890686035156,-56.78033447265625,3.5681874752044678,15.936776161193848,0.09853687882423401,0.9829930067062378,0.9436885118484497,0.9890477657318115,5.151620864868164,5.055295467376709,4.038652420043945,nan
13.800,0,102.4004135131836,128.06857299804688,118.42852020263672,201.26402282714844,201.54566955566406,199.39158630371094,0.41744333505630493,0.43234384059906006,0.4704813063144684,42.746368408203125,55.369659423828125,55.718406677246094,-41.74796676635742,-51.88545608520508,-54.88839340209961,4.043457984924316,15.904570579528809,0.7594506144523621,0.9766435623168945,0.9370737671852112,0.9851034283638,5.116335868835449,5.0330047607421875,3.9698407649993896,nan
13.850,0,102.4004135131836,128.06857299804688,118.42852020263672,201.26402282714844,201.54566955566406,199.39158630371094,0.41744333505630493,0.43234384059906006,0.4704813063144684,42.746368408203125,55.369659423828125,55.718406677246094,-41.74796676635742,-51.88545608520508,-54.88839340209961,4.043457984924316,15.904570579528809,0.7594506144523621,0.9766435623168945,0.9370737671852112,0.9851034283638,5.116335868835449,5.0330047607421875,3.9698407649993896,nan
13.900,0,102.4004135131836,128.06857299804688,118.42852020263672,201.26402282714844,201.54566955566406,199.39158630371094,0.41744333505630493,0.43234384059906006,0.4704813063144684,42.746368408203125,55.369659423828125,55.718406677246094,-41.74796676635742,-51.88545608520508,-54.88839340209961,4.043457984924316,15.904570579528809,0.7594506144523621,0.9766435623168945,0.9370737671852112,0.9851034283638,5.116335868835449,5.0330047607421875,3.9698407649993896,nan
13.950,0,102.4004135131836,128.06857299804688,118.42852020263672,201.26402282714844,201.54566955566406,199.39158630371094,0.41744333505630493,0.43234384059906006,0.4704813063144684,42.746368408203125,55.369659423828125,55.718406677246094,-41.74796676635742,-51.88545608520508,-54.88839340209961,4.043457984924316,15.904570579528809,0.7594506144523621,0.9766435623168945,0.9370737671852112,0.9851034283638,5.116335868835449,5.0330047607421875,3.9698407649993896,nan
14.000,0,102.422119140625,128.14898681640625,118.50850677490234,201.33775329589844,201.6884307861328,199.49160766601562,0.42076149582862854,0.4352254569530487,0.4776723086833954,43.09528350830078,55.77370071411133,56.60823059082031,-42.22658157348633,-52.41618347167969,-55.874549865722656,3.5721993446350098,15.922417640686035,0.3873205780982971,0.9798423051834106,0.9398010969161987,0.98703932762146,5.1242852210998535,4.997641563415527,4.012688159942627,nan
14.050,0,102.422119140625,128.14898681640625,118.50850677490234,201.33775329589844,201.6884307861328,199.49160766601562,0.42076149582862854,0.4352254569530487,0.4776723086833954,43.09528350830078,55.77370071411133,56.60823059082031,-42.22658157348633,-52.41618347167969,-55.874549865722656,3.5721993446350098,15.922417640686035,0.3873205780982971,0.9798423051834106,0.9398010969161987,0.98703932762146,5.1242852210998535,4.997641563415527,4.012688159942627,nan
14.100,0,102.422119140625,128.14898681640625,118.50850677490234,201.33775329589844,201.6884307861328,199.49160766601562,0.42076149582862854,0.4352254569530487,0.4776723086833954,43.09528350830078,55.77370071411133,56.60823059082031,-42.22658157348633,-52.41618347167969,-55.874549865722656,3.5721993446350098,15.922417640686035,0.3873205780982971,0.9798423051834106,0.9398010969161987,0.98703932762146,5.1242852210998535,4.997641563415527,4.012688159942627,nan
14.150,0,102.422119140625,128.14898681640625,118.50850677490234,201.33775329589844,201.6884307861328,199.49160766601562,0.42076149582862854,0.4352254569530487,0.4776723086833954,43.09528350830078,55.77370071411133,56.60823059082031,-42.22658157348633,-52.41618347167969,-55.874549865722656,3.5721993446350098,15.922417640686035,0.3873205780982971,0.9798423051834106,0.9398010969161987,0.98703932762146,5.1242852210998535,4.997641563415527,4.012688159942627,nan
14.200,0,102.43633270263672,128.1016082763672,118.4456787109375,201.31948852539062,201.61427307128906,199.42318725585938,0.4233410358428955,0.43727368116378784,0.4772397577762604,43.365501403808594,56.01546096801758,56.52698516845703,-42.34596252441406,-52.30853271484375,-55.7165641784668,4.813745498657227,17.021703720092773,1.856986403465271,0.9764896035194397,0.9338231086730957,0.985663115978241,5.159090995788574,5.018685340881348,4.031695365905762,nan
14.250,0,102.43633270263672,128.1016082763672,118.4456787109375,201.31948852539062,201.61427307128906,199.42318725585938,0.4233410358428955,0.43727368116378784,0.4772397577762604,43.365501403808594,56.01546096801758,56.52698516845703,-42.34596252441406,-52.30853271484375,-55.7165641784668,4.813745498657227,17.021703720092773,1.856986403465271,0.9764896035194397,0.9338231086730957,0.985663115978241,5.159090995788574,5.018685340881348,4.031695365905762,nan
14.300,0,102.43633270263672,128.1016082763672,118.4456787109375,201.31948852539062,201.61427307128906,199.42318725585938,0.4233410358428955,0.43727368116378784,0.4772397577762604,43.365501403808594,56.01546096801758,56.52698516845703,-42.34596252441406,-52.30853271484375,-55.7165641784668,4.813745498657227,17.021703720092773,1.856986403465271,0.9764896035194397,0.9338231086730957,0.985663115978241,5.159090995788574,5.018685340881348,4.031695365905762,nan
14.350,0,102.43633270263672,128.1016082763672,118.4456787109375,201.31948852539062,201.61427307128906,199.42318725585938,0.4233410358428955,0.43727368116378784,0.4772397577762604,43.365501403808594,56.01546096801758,56.52698516845703,-42.34596252441406,-52.30853271484375,-55.7165641784668,4.813745498657227,17.021703720092773,1.856986403465271,0.9764896035194397,0.9338231086730957,0.985663115978241,5.159090995788574,5.018685340881348,4.031695365905762,nan
14.400,0,102.39607238769531,128.09417724609375,118.43772888183594,201.27432250976562,201.5865936279297,199.3935546875,0.42289215326309204,0.43552932143211365,0.4777854382991791,43.302494049072266,55.78876876831055,56.58782196044922,-42.342926025390625,-52.148799896240234,-55.824623107910156,4.520622253417969,16.853757858276367,1.7183334827423096,0.9778403639793396,0.9347544312477112,0.9865130186080933,5.136651039123535,5.042313098907471,4.078455924987793,nan
14.450,0,102.39607238769531,128.09417724609375,118.43772888183594,201.27432250976562,201.5865936279297,199.3935546875,0.42289215326309204,0.43552932143211365,0.4777854382991791,43.302494049072266,55.78876876831055,56.58782196044922,-42.342926025390625,-52.148799896240234,-55.824623107910156,4.520622253417969,16.853757858276367,1.7183334827423096,0.9778403639793396,0.9347544312477112,0.9865130186080933,5.136651039123535,5.042313098907471,4.078455924987793,nan
14.500,0,102.39607238769531,128.09417724609375,118.43772888183594,201.27432250976562,201.5865936279297,199.3935546875,0.42289215326309204,0.43552932143211365,0.4777854382991791,43.302494049072266,55.78876876831055,56.58782196044922,-42.342926025390625,-52.148799896240234,-55.824623107910156,4.520622253417969,16.853757858276367,1.7183334827423096,0.9778403639793396,0.9347544312477112,0.9865130186080933,5.136651039123535,5.042313098907471,4.078455924987793,nan
14.550,0,102.39607238769531,128.09417724609375,118.43772888183594,201.27432250976562,201.5865936279297,199.3935546875,0.42289215326309204,0.43552932143211365,0.4777854382991791,43.302494049072266,55.78876876831055,56.58782196044922,-42.342926025390625,-52.148799896240234,-55.824623107910156,4.520622253417969,16.853757858276367,1.7183334827423096,0.9778403639793396,0.9347544312477112,0.9865130186080933,5.136651039123535,5.042313098907471,4.078455924987793,nan
14.600,0,102.37125396728516,128.1197052001953,118.42311096191406,201.25949096679688,201.6260528564453,199.35214233398438,0.42592373490333557,0.4431470036506653,0.48292773962020874,43.60234832763672,56.77586364746094,57.18980407714844,-42.551822662353516,-52.932613372802734,-56.40413284301758,5.00147008895874,17.574676513671875,1.8354541063308716,0.9759066700935364,0.9323083758354187,0.9862620234489441,5.123098373413086,5.000390529632568,4.057984828948975,nan
14.650,0,102.37125396728516,128.1197052001953,118.42311096191406,201.25949096679688,201.6260528564453,199.35214233398438,0.42592373490333557,0.4431470036506653,0.48292773962020874,43.60234832763672,56.77586364746094,57.18980407714844,-42.551822662353516,-52.932613372802734,-56.40413284301758,5.00147008895874,17.574676513671875,1.8354541063308716,0.9759066700935364,0.9323083758354187,0.9862620234489441,5.123098373413086,5.000390529632568,4.057984828948975,nan
14.700,0,102.37125396728516,128.1197052001953,118.42311096191406,201.25949096679688,201.6260528564453,199.35214233398438,0.42592373490333557,0.4431470036506653,0.48292773962020874,43.60234832763672,56.77586364746094,57.18980407714844,-42.551822662353516,-52.932613372802734,-56.40413284301758,5.00147008895874,17.574676513671875,1.8354541063308716,0.9759066700935364,0.9323083758354187,0.9862620234489441,5.123098373413086,5.000390529632568,4.057984828948975,nan
14.750,0,102.31404876708984,128.01974487304688,118.35940551757812,201.12771606445312,201.45237731933594,199.2653045654297,0.41703978180885315,0.4333893060684204,0.4713134467601776,42.669029235839844,55.48238754272461,55.78437805175781,-41.57061004638672,-51.66477966308594,-54.90884780883789,4.852701187133789,16.966867446899414,1.7355949878692627,0.974257230758667,0.9311924576759338,0.9843050837516785,5.088623523712158,5.0348801612854,3.981522798538208,nan
14.800,0,102.31404876708984,128.01974487304688,118.35940551757812,201.12771606445312,201.45237731933594,199.2653045654297,0.41703978180885315,0.4333893060684204,0.4713134467601776,42.669029235839844,55.48238754272461,55.78437805175781,-41.57061004638672,-51.66477966308594,-54.90884780883789,4.852701187133789,16.966867446899414,1.7355949878692627,0.974257230758667,0.9311924576759338,0.9843050837516785,5.088623523712158,5.0348801612854,3.981522798538208,nan
14.850,0,102.31404876708984,128.01974487304688,118.35940551757812,201.12771606445312,201.45237731933594,199.2653045654297,0.41703978180885315,0.4333893060684204,0.4713134467601776,42.669029235839844,55.48238754272461,55.78437805175781,-41.57061004638672,-51.66477966308594,-54.90884780883789,4.852701187133789,16.966867446899414,1.7355949878692627,0.974257230758667,0.9311924576759338,0.9843050837516785,5.088623523712158,5.0348801612854,3.981522798538208,nan
14.900,0,102.31404876708984,128.01974487304688,118.35940551757812,201.12771606445312,201.45237731933594,199.2653045654297,0.41703978180885315,0.4333893060684204,0.4713134467601776,42.669029235839844,55.48238754272461,55.78437805175781,-41.57061004638672,-51.66477966308594,-54.90884780883789,4.852701187133789,16.966867446899414,1.7355949878692627,0.974257230758667,0.9311924576759338,0.9843050837516785,5.088623523712158,5.0348801612854,3.981522798538208,nan
14.950,0,102.31404876708984,128.01974487304688,118.35940551757812,201.12771606445312,201.45237731933594,199.2653045654297,0.41703978180885315,0.4333893060684204,0.4713134467601776,42.669029235839844,55.48238754272461,55.78437805175781,-41.57061004638672,-51.66477966308594,-54.90884780883789,4.852701187133789,16.966867446899414,1.7355949878692627,0.974257230758667,0.9311924576759338,0.9843050837516785,5.088623523712158,5.0348801612854,3.981522798538208,nan
15.000,0,102.40640258789062,128.08909606933594,118.45936584472656,201.26211547851562,201.60130310058594,199.438720703125,0.43191203474998474,0.44639694690704346,0.48445314168930054,44.23055648803711,57.17858123779297,57.38801193237305,-43.1673698425293,-53.37832260131836,-56.58457565307617,5.510363578796387,17.597110748291016,2.3195245265960693,0.9759626388549805,0.9335370063781738,0.9859999418258667,5.108901500701904,5.015646457672119,3.988067388534546,nan
15.050,0,102.40640258789062,128.08909606933594,118.45936584472656,201.26211547851562,201.60130310058594,199.438720703125,0.43191203474998474,0.44639694690704346,0.48445314168930054,44.23055648803711,57.17858123779297,57.38801193237305,-43.1673698425293,-53.37832260131836,-56.58457565307617,5.510363578796387,17.597110748291016,2.3195245265960693,0.9759626388549805,0.9335370063781738,0.9859999418258667,5.108901500701904,5.015646457672119,3.988067388534546,nan
15.100,0,102.40640258789062,128.08909606933594,118.45936584472656,201.26211547851562,201.60130310058594,199.438720703125,0.43191203474998474,0.44639694690704346,0.48445314168930054,44.23055648803711,57.17858123779297,57.38801193237305,-43.1673698425293,-53.37832260131836,-56.58457565307617,5.510363578796387,17.597110748291016,2.3195245265960693,0.9759626388549805,0.9335370063781738,0.9859999418258667,5.108901500701904,5.015646457672119,3.988067388534546,nan
15.150,0,102.35324096679688,128.00340270996094,118.35967254638672,201.1487579345703,201.4458465576172,199.29339599609375,0.42183181643486023,0.43819740414619446,0.4777567386627197,43.17585372924805,56.09075927734375,56.5471305847168,-41.99444580078125,-51.97557830810547,-55.65137481689453,5.532275676727295,18.083147048950195,2.668832302093506,0.9726372957229614,0.9266335368156433,0.9841591119766235,5.1361541748046875,5.0127458572387695,3.9893360137939453,nan
15.200,0,102.35324096679688,128.00340270996094,118.35967254638672,201.1487579345703,201.4458465576172,199.29339599609375,0.42183181643486023,0.43819740414619446,0.4777567386627197,43.17585372924805,56.09075927734375,56.5471305847168,-41.99444580078125,-51.97557830810547,-55.65137481689453,5.532275676727295,18.083147048950195,2.668832302093506,0.9726372957229614,0.9266335368156433,0.9841591119766235,5.1361541748046875,5.0127458572387695,3.9893360137939453,nan
15.250,0,102.35324096679688,128.00340270996094,118.35967254638672,201.1487579345703,201.4458465576172,199.29339599609375,0.42183181643486023,0.43819740414619446,0.4777567386627197,43.17585372924805,56.09075927734375,56.5471305847168,-41.99444580078125,-51.97557830810547,-55.65137481689453,5.532275676727295,18.083147048950195,2.668832302093506,0.9726372957229614,0.9266335368156433,0.9841591119766235,5.1361541748046875,5.0127458572387695,3.9893360137939453,nan
15.300,0,102.35324096679688,128.00340270996094,118.35967254638672,201.1487579345703,201.4458465576172,199.29339599609375,0.42183181643486023,0.43819740414619446,0.4777567386627197,43.17585372924805,56.09075927734375,56.5471305847168,-41.99444580078125,-51.97557830810547,-55.65137481689453,5.532275676727295,18.083147048950195,2.668832302093506,0.9726372957229614,0.9266335368156433,0.9841591119766235,5.1361541748046875,5.0127458572387695,3.9893360137939453,nan
15.350,0,102.383056640625,128.0797576904297,118.40369415283203,201.24993896484375,201.5638885498047,199.34107971191406,0.4274601936340332,0.4465583562850952,0.4777567386627197,43.17585372924805,56.09075927734375,56.5471305847168,-41.99444580078125,-51.97557830810547,-55.65137481689453,5.532275676727295,18.083147048950195,2.668832302093506,0.9726372957229614,0.9266335368156433,0.9841591119766235,5.1361541748046875,5.0127458572387695,3.9893360137939453,nan
15.400,0,102.383056640625,128.0797576904297,118.40369415283203,201.24993896484375,201.5638885498047,199.34107971191406,0.4274601936340332,0.4465583562850952,0.4834269881248474,43.76468276977539,57.19508743286133,57.239540100097656,-42.669986724853516,-53.30546569824219,-56.44181442260742,5.481870651245117,17.889076232910156,2.053504705429077,0.9749867916107178,0.9319937825202942,0.9860633611679077,5.1010050773620605,5.027917861938477,4.017009258270264,nan
15.450,0,102.383056640625,128.0797576904297,118.40369415283203,201.24993896484375,201.5638885498047,199.34107971191406,0.4274601936340332,0.4465583562850952,0.4834269881248474,43.76468276977539,57.19508743286133,57.239540100097656,-42.669986724853516,-53.30546569824219,-56.44181442260742,5.481870651245117,17.889076232910156,2.053504705429077,0.9749867916107178,0.9319937825202942,0.9860633611679077,5.1010050773620605,5.027917861938477,4.017009258270264,nan
15.500,0,102.383056640625,128.0797576904297,118.40369415283203,201.24993896484375,201.5638885498047,199.34107971191406,0.4274601936340332,0.4465583562850952,0.4834269881248474,43.76468276977539,57.19508743286133,57.239540100097656,-42.669986724853516,-53.30546569824219,-56.44181442260742,5.481870651245117,17.889076232910156,2.053504705429077,0.9749867916107178,0.9319937825202942,0.9860633611679077,5.1010050773620605,5.027917861938477,4.017009258270264,nan
15.550,0,102.33417510986328,128.05435180664062,118.35037231445312,201.17428588867188,201.49095153808594,199.26254272460938,0.42398932576179504,0.4421658515930176,0.4798673689365387,43.38859939575195,56.62126159667969,56.79248046875,-42.18349838256836,-52.42295837402344,-55.8853645324707,5.978484153747559,18.505651473999023,2.935885190963745,0.9722254276275635,0.92585289478302,0.9840275049209595,5.121209144592285,5.042492866516113,4.006875514984131,nan
15.600,0,102.33417510986328,128.05435180664062,118.35037231445312,201.17428588867188,201.49095153808594,199.26254272460938,0.42398932576179504,0.4421658515930176,0.4798673689365387,43.38859939575195,56.62126159667969,56.79248046875,-42.18349838256836,-52.42295837402344,-55.8853645324707,5.978484153747559,18.505651473999023,2.935885190963745,0.9722254276275635,0.92585289478302,0.9840275049209595,5.121209144592285,5.042492866516113,4.006875514984131,nan
15.650,0,102.33417510986328,128.05435180664062,118.35037231445312,201.17428588867188,201.49095153808594,199.26254272460938,0.42398932576179504,0.4421658515930176,0.4798673689365387,43.38859939575195,56.62126159667969,56.79248046875,-42.18349838256836,-52.42295837402344,-55.8853645324707,5.978484153747559,18.505651473999023,2.935885190963745,0.9722254276275635,0.92585289478302,0.9840275049209595,5.121209144592285,5.042492866516113,4.006875514984131,nan
15.700,0,102.33417510986328,128.05435180664062,118.35037231445312,201.17428588867188,201.49095153808594,199.26254272460938,0.42398932576179504,0.4421658515930176,0.4798673689365387,43.38859939575195,56.62126159667969,56.79248046875,-42.18349838256836,-52.42295837402344,-55.8853645324707,5.978484153747559,18.505651473999023,2.935885190963745,0.9722254276275635,0.92585289478302,0.9840275049209595,5.121209144592285,5.042492866516113,4.006875514984131,nan
15.750,0,102.38444519042969,128.11892700195312,118.44881439208984,201.2738037109375,201.608154296875,199.4098663330078,0.43362197279930115,0.4511384963989258,0.4879254996776581,44.39614486694336,57.799381256103516,57.79419708251953,-43.26774978637695,-53.81389236450195,-56.96970748901367,5.797757148742676,18.11622428894043,2.4331676959991455,0.9745835065841675,0.931046187877655,0.9857340455055237,5.075867176055908,5.055767059326172,3.9558403491973877,nan
15.800,0,102.38444519042969,128.11892700195312,118.44881439208984,201.2738037109375,201.608154296875,199.4098663330078,0.43362197279930115,0.4511384963989258,0.4879254996776581,44.39614486694336,57.799381256103516,57.79419708251953,-43.26774978637695,-53.81389236450195,-56.96970748901367,5.797757148742676,18.11622428894043,2.4331676959991455,0.9745835065841675,0.931046187877655,0.9857340455055237,5.075867176055908,5.055767059326172,3.9558403491973877,nan
15.850,0,102.38444519042969,128.11892700195312,118.44881439208984,201.2738037109375,201.608154296875,199.4098663330078,0.43362197279930115,0.4511384963989258,0.4879254996776581,44.39614486694336,57.799381256103516,57.79419708251953,-43.26774978637695,-53.81389236450195,-56.96970748901367,5.797757148742676,18.11622428894043,2.4331676959991455,0.9745835065841675,0.931046187877655,0.9857340455055237,5.075867176055908,5.055767059326172,3.9558403491973877,nan
15.900,0,102.38444519042969,128.11892700195312,118.44881439208984,201.2738037109375,201.608154296875,199.4098663330078,0.43362197279930115,0.4511384963989258,0.4879254996776581,44.39614486694336,57.799381256103516,57.79419708251953,-43.26774978637695,-53.81389236450195,-56.96970748901367,5.797757148742676,18.11622428894043,2.4331676959991455,0.9745835065841675,0.931046187877655,0.9857340455055237,5.075867176055908,5.055767059326172,3.9558403491973877,nan
15.950,0,102.34593963623047,128.07972717285156,118.42256927490234,201.2109375,201.5595245361328,199.34695434570312,0.4291037917137146,0.4471201002597809,0.48522934317588806,43.917030334472656,57.26702117919922,57.46210479736328,-42.747154235839844,-53.071109771728516,-56.59840393066406,5.988434791564941,18.58314323425293,2.8895864486694336,0.9733616709709167,0.926730751991272,0.9849691987037659,5.126399993896484,5.052639007568359,3.975116729736328,nan
16.000,0,102.34593963623047,128.07972717285156,118.42256927490234,201.2109375,201.5595245361328,199.34695434570312,0.4291037917137146,0.4471201002597809,0.48522934317588806,43.917030334472656,57.26702117919922,57.46210479736328,-42.747154235839844,-53.071109771728516,-56.59840393066406,5.988434791564941,18.58314323425293,2.8895864486694336,0.9733616709709167,0.926730751991272,0.9849691987037659,5.126399993896484,5.052639007568359,3.975116729736328,nan
16.050,0,102.34593963623047,128.07972717285156,118.42256927490234,201.2109375,201.5595245361328,199.34695434570312,0.4291037917137146,0.4471201002597809,0.48522934317588806,43.917030334472656,57.26702117919922,57.46210479736328,-42.747154235839844,-53.071109771728516,-56.59840393066406,5.988434791564941,18.58314323425293,2.8895864486694336,0.9733616709709167,0.926730751991272,0.9849691987037659,5.126399993896484,5.052639007568359,3.975116729736328,nan
16.100,0,102.34593963623047,128.07972717285156,118.42256927490234,201.2109375,201.5595245361328,199.34695434570312,0.4291037917137146,0.4471201002597809,0.48522934317588806,43.917030334472656,57.26702117919922,57.46210479736328,-42.747154235839844,-53.071109771728516,-56.59840393066406,5.988434791564941,18.58314323425293,2.8895864486694336,0.9733616709709167,0.926730751991272,0.9849691987037659,5.126399993896484,5.052639007568359,3.975116729736328,nan
16.150,0,102.39925384521484,128.10386657714844,118.43669891357422,201.28509521484375,201.61529541015625,199.38328552246094,0.43462321162223816,0.45384588837623596,0.49290546774864197,44.50509262084961,58.13941192626953,58.37809753417969,-43.277099609375,-53.78807830810547,-57.48839569091797,6.233196258544922,19.195249557495117,3.1303136348724365,0.9724078178405762,0.9251568913459778,0.9847596883773804,5.194093227386475,5.077991962432861,4.0087385177612305,nan
16.200,0,102.39925384521484,128.10386657714844,118.43669891357422,201.28509521484375,201.61529541015625,199.38328552246094,0.43462321162223816,0.45384588837623596,0.49290546774864197,44.50509262084961,58.13941192626953,58.37809753417969,-43.277099609375,-53.78807830810547,-57.48839569091797,6.233196258544922,19.195249557495117,3.1303136348724365,0.9724078178405762,0.9251568913459778,0.9847596883773804,5.194093227386475,5.077991962432861,4.0087385177612305,nan
16.250,0,102.39925384521484,128.10386657714844,118.43669891357422,201.28509521484375,201.61529541015625,199.38328552246094,0.43462321162223816,0.45384588837623596,0.49290546774864197,44.50509262084961,58.13941192626953,58.37809753417969,-43.277099609375,-53.78807830810547,-57.48839569091797,6.233196258544922,19.195249557495117,3.1303136348724365,0.9724078178405762,0.9251568913459778,0.9847596883773804,5.194093227386475,5.077991962432861,4.0087385177612305,nan
16.300,0,102.39925384521484,128.10386657714844,118.43669891357422,201.28509521484375,201.61529541015625,199.38328552246094,0.43462321162223816,0.45384588837623596,0.49290546774864197,44.50509262084961,58.13941192626953,58.37809753417969,-43.277099609375,-53.78807830810547,-57.48839569091797,6.233196258544922,19.195249557495117,3.1303136348724365,0.9724078178405762,0.9251568913459778,0.9847596883773804,5.194093227386475,5.077991962432861,4.0087385177612305,nan
16.350,0,102.35829162597656,128.07821655273438,118.40779876708984,201.24365234375,201.53463745117188,199.33074951171875,0.4311014711856842,0.44638943672180176,0.4847552478313446,44.12681198120117,57.17276382446289,57.3988037109375,-42.95708465576172,-53.12202835083008,-56.540000915527344,5.85065221786499,18.20906639099121,2.813102960586548,0.9734916687011719,0.9291492104530334,0.9850379824638367,5.173595428466797,5.051407814025879,4.034334182739258,nan
16.400,0,102.35829162597656,128.07821655273438,118.40779876708984,201.24365234375,201.53463745117188,199.33074951171875,0.4311014711856842,0.44638943672180176,0.4847552478313446,44.12681198120117,57.17276382446289,57.3988037109375,-42.95708465576172,-53.12202835083008,-56.540000915527344,5.85065221786499,18.20906639099121,2.813102960586548,0.9734916687011719,0.9291492104530334,0.9850379824638367,5.173595428466797,5.051407814025879,4.034334182739258,nan
16.450,0,102.35829162597656,128.07821655273438,118.40779876708984,201.24365234375,201.53463745117188,199.33074951171875,0.4311014711856842,0.44638943672180176,0.4847552478313446,44.12681198120117,57.17276382446289,57.3988037109375,-42.95708465576172,-53.12202835083008,-56.540000915527344,5.85065221786499,18.20906639099121,2.813102960586548,0.9734916687011719,0.9291492104530334,0.9850379824638367,5.173595428466797,5.051407814025879,4.034334182739258,nan
16.500,0,102.35829162597656,128.07821655273438,118.40779876708984,201.24365234375,201.53463745117188,199.33074951171875,0.4311014711856842,0.44638943672180176,0.4847552478313446,44.12681198120117,57.17276382446289,57.3988037109375,-42.95708465576172,-53.12202835083008,-56.540000915527344,5.85065221786499,18.20906639099121,2.813102960586548,0.9734916687011719,0.9291492104530334,0.9850379824638367,5.173595428466797,5.051407814025879,4.034334182739258,nan
16.550,0,102.38900756835938,128.0673370361328,118.39412689208984,201.2306365966797,201.578125,199.32505798339844,0.43116307258605957,0.4513302445411682,0.49015533924102783,44.146358489990234,57.800662994384766,58.03151321411133,-42.881797790527344,-53.48581314086914,-57.11686706542969,5.918017387390137,18.877315521240234,2.7336509227752686,0.9713552594184875,0.9253494739532471,0.9842388033866882,5.1589226722717285,5.044220924377441,4.028403282165527,nan
16.600,0,102.38900756835938,128.0673370361328,118.39412689208984,201.2306365966797,201.578125,199.32505798339844,0.43116307258605957,0.4513302445411682,0.49015533924102783,44.146358489990234,57.800662994384766,58.03151321411133,-42.881797790527344,-53.48581314086914,-57.11686706542969,5.918017387390137,18.877315521240234,2.7336509227752686,0.9713552594184875,0.9253494739532471,0.9842388033866882,5.1589226722717285,5.044220924377441,4.028403282165527,nan
16.650,0,102.38900756835938,128.0673370361328,118.39412689208984,201.2306365966797,201.578125,199.32505798339844,0.43116307258605957,0.4513302445411682,0.49015533924102783,44.146358489990234,57.800662994384766,58.03151321411133,-42.881797790527344,-53.48581314086914,-57.11686706542969,5.918017387390137,18.877315521240234,2.7336509227752686,0.9713552594184875,0.9253494739532471,0.9842388033866882,5.1589226722717285,5.044220924377441,4.028403282165527,nan
16.700,0,102.38900756835938,128.0673370361328,118.39412689208984,201.2306365966797,201.578125,199.32505798339844,0.43116307258605957,0.4513302445411682,0.49015533924102783,44.146358489990234,57.800662994384766,58.03151321411133,-42.881797790527344,-53.48581314086914,-57.11686706542969,5.918017387390137,18.877315521240234,2.7336509227752686,0.9713552594184875,0.9253494739532471,0.9842388033866882,5.1589226722717285,5.044220924377441,4.028403282165527,nan
16.750,0,102.36930847167969,128.11209106445312,118.4195785522461,201.25904846191406,201.5572967529297,199.37953186035156,0.43317359685897827,0.4517170786857605,0.48930370807647705,44.34368133544922,57.870418548583984,57.943138122558594,-43.148582458496094,-53.77157211303711,-57.05386734008789,5.732671737670898,18.278247833251953,2.3531343936920166,0.9730491638183594,0.9291719794273376,0.9846526980400085,5.105259895324707,5.053647518157959,4.0072526931762695,nan
16.800,0,102.36930847167969,128.11209106445312,118.4195785522461,201.25904846191406,201.5572967529297,199.37953186035156,0.43317359685897827,0.4517170786857605,0.48930370807647705,44.34368133544922,57.870418548583984,57.943138122558594,-43.148582458496094,-53.77157211303711,-57.05386734008789,5.732671737670898,18.278247833251953,2.3531343936920166,0.9730491638183594,0.9291719794273376,0.9846526980400085,5.105259895324707,5.053647518157959,4.0072526931762695,nan
16.850,0,102.36930847167969,128.11209106445312,118.4195785522461,201.25904846191406,201.5572967529297,199.37953186035156,0.43317359685897827,0.4517170786857605,0.48930370807647705,44.34368133544922,57.870418548583984,57.943138122558594,-43.148582458496094,-53.77157211303711,-57.05386734008789,5.732671737670898,18.278247833251953,2.3531343936920166,0.9730491638183594,0.9291719794273376,0.9846526980400085,5.105259895324707,5.053647518157959,4.0072526931762695,nan
16.900,0,102.36930847167969,128.11209106445312,118.4195785522461,201.25904846191406,201.5572967529297,199.37953186035156,0.43317359685897827,0.4517170786857605,0.48930370807647705,44.34368133544922,57.870418548583984,57.943138122558594,-43.148582458496094,-53.77157211303711,-57.05386734008789,5.732671737670898,18.278247833251953,2.3531343936920166,0.9730491638183594,0.9291719794273376,0.9846526980400085,5.105259895324707,5.053647518157959,4.0072526931762695,nan
16.950,0,102.40060424804688,128.13531494140625,118.44001007080078,201.32237243652344,201.6190643310547,199.39759826660156,0.44086360931396484,0.46217232942581177,0.4985930025577545,45.14469909667969,59.22059631347656,59.05335998535156,-43.771484375,-54.591007232666016,-58.10955047607422,6.939840793609619,19.930612564086914,3.6052327156066895,0.9695819020271301,0.9218246936798096,0.9840176701545715,5.147945880889893,5.056894779205322,4.024621486663818,nan
17.000,0,102.40060424804688,128.13531494140625,118.44001007080078,201.32237243652344,201.6190643310547,199.39759826660156,0.44086360931396484,0.46217232942581177,0.4985930025577545,45.14469909667969,59.22059631347656,59.05335998535156,-43.771484375,-54.591007232666016,-58.10955047607422,6.939840793609619,19.930612564086914,3.6052327156066895,0.9695819020271301,0.9218246936798096,0.9840176701545715,5.147945880889893,5.056894779205322,4.024621486663818,nan
17.050,0,102.40060424804688,128.13531494140625,118.44001007080078,201.32237243652344,201.6190643310547,199.39759826660156,0.44086360931396484,0.46217232942581177,0.4985930025577545,45.14469909667969,59.22059631347656,59.05335998535156,-43.771484375,-54.591007232666016,-58.10955047607422,6.939840793609619,19.930612564086914,3.6052327156066895,0.9695819020271301,0.9218246936798096,0.9840176701545715,5.147945880889893,5.056894779205322,4.024621486663818,nan
17.100,0,102.40060424804688,128.13531494140625,118.44001007080078,201.32237243652344,201.6190643310547,199.39759826660156,0.44086360931396484,0.46217232942581177,0.4985930025577545,45.14469909667969,59.22059631347656,59.05335998535156,-43.771484375,-54.591007232666016,-58.10955047607422,6.939840793609619,19.930612564086914,3.6052327156066895,0.9695819020271301,0.9218246936798096,0.9840176701545715,5.147945880889893,5.056894779205322,4.024621486663818,nan
17.150,0,102.4161376953125,128.10952758789062,118.42000579833984,201.32684326171875,201.5985565185547,199.36952209472656,0.43322789669036865,0.4527023434638977,0.48912757635116577,44.369529724121094,57.9954833984375,57.922489166259766,-43.18819808959961,-53.93846893310547,-57.02418899536133,5.653105735778809,18.112449645996094,2.1554338932037354,0.973375141620636,0.930046021938324,0.9844913482666016,5.2318572998046875,5.084966659545898,4.0302605628967285,nan
17.200,0,102.4161376953125,128.10952758789062,118.42000579833984,201.32684326171875,201.5985565185547,199.36952209472656,0.43322789669036865,0.4527023434638977,0.48912757635116577,44.369529724121094,57.9954833984375,57.922489166259766,-43.18819808959961,-53.93846893310547,-57.02418899536133,5.653105735778809,18.112449645996094,2.1554338932037354,0.973375141620636,0.930046021938324,0.9844913482666016,5.2318572998046875,5.084966659545898,4.0302605628967285,nan
17.250,0,102.4161376953125,128.10952758789062,118.42000579833984,201.32684326171875,201.5985565185547,199.36952209472656,0.43322789669036865,0.4527023434638977,0.48912757635116577,44.369529724121094,57.9954833984375,57.922489166259766,-43.18819808959961,-53.93846893310547,-57.02418899536133,5.653105735778809,18.112449645996094,2.1554338932037354,0.973375141620636,0.930046021938324,0.9844913482666016,5.2318572998046875,5.084966659545898,4.0302605628967285,nan
17.300,0,102.4161376953125,128.10952758789062,118.42000579833984,201.32684326171875,201.5985565185547,199.36952209472656,0.43322789669036865,0.4527023434638977,0.48912757635116577,44.369529724121094,57.9954833984375,57.922489166259766,-43.18819808959961,-53.93846893310547,-57.02418899536133,5.653105735778809,18.112449645996094,2.1554338932037354,0.973375141620636,0.930046021938324,0.9844913482666016,5.2318572998046875,5.084966659545898,4.0302605628967285,nan
17.350,0,102.38758087158203,128.10787963867188,118.4348373413086,201.2890625,201.59573364257812,199.377197265625,0.4364407956600189,0.4568048417568207,0.49431878328323364,44.686119079589844,58.52029800415039,58.54456329345703,-43.3732795715332,-53.93923568725586,-57.596588134765625,6.67980432510376,19.6249942779541,3.5413293838500977,0.97062087059021,0.921718418598175,0.9838076233863831,5.21815299987793,5.067010402679443,4.087741851806641,nan
17.400,0,102.38758087158203,128.10787963867188,118.4348373413086,201.2890625,201.59573364257812,199.377197265625,0.4364407956600189,0.4568048417568207,0.49431878328323364,44.686119079589844,58.52029800415039,58.54456329345703,-43.3732795715332,-53.93923568725586,-57.596588134765625,6.67980432510376,19.6249942779541,3.5413293838500977,0.97062087059021,0.921718418598175,0.9838076233863831,5.21815299987793,5.067010402679443,4.087741851806641,nan
17.450,0,102.38758087158203,128.10787963867188,118.4348373413086,201.2890625,201.59573364257812,199.377197265625,0.4364407956600189,0.4568048417568207,0.49431878328323364,44.686119079589844,58.52029800415039,58.54456329345703,-43.3732795715332,-53.93923568725586,-57.596588134765625,6.67980432510376,19.6249942779541,3.5413293838500977,0.97062087059021,0.921718418598175,0.9838076233863831,5.21815299987793,5.067010402679443,4.087741851806641,nan
17.500,0,102.38758087158203,128.10787963867188,118.4348373413086,201.2890625,201.59573364257812,199.377197265625,0.4364407956600189,0.4568048417568207,0.49431878328323364,44.686119079589844,58.52029800415039,58.54456329345703,-43.3732795715332,-53.93923568725586,-57.596588134765625,6.67980432510376,19.6249942779541,3.5413293838500977,0.97062087059021,0.921718418598175,0.9838076233863831,5.21815299987793,5.067010402679443,4.087741851806641,nan
17.550,0,102.43091583251953,128.11785888671875,118.44245910644531,201.3462677001953,201.60646057128906,199.41232299804688,0.44059669971466064,0.4551257789134979,0.49358677864074707,45.13072204589844,58.30974197387695,58.461631774902344,-43.890201568603516,-54.2227783203125,-57.48329544067383,5.772561550140381,18.073177337646484,2.6046884059906006,0.9725127220153809,0.9299094080924988,0.9832653403282166,5.22162389755249,5.069503307342529,4.116222858428955,nan
17.600,0,102.43091583251953,128.11785888671875,118.44245910644531,201.3462677001953,201.60646057128906,199.41232299804688,0.44059669971466064,0.4551257789134979,0.49358677864074707,45.13072204589844,58.30974197387695,58.461631774902344,-43.890201568603516,-54.2227783203125,-57.48329544067383,5.772561550140381,18.073177337646484,2.6046884059906006,0.9725127220153809,0.9299094080924988,0.9832653403282166,5.22162389755249,5.069503307342529,4.116222858428955,nan
17.650,0,102.43091583251953,128.11785888671875,118.44245910644531,201.3462677001953,201.60646057128906,199.41232299804688,0.44059669971466064,0.4551257789134979,0.49358677864074707,45.13072204589844,58.30974197387695,58.461631774902344,-43.890201568603516,-54.2227783203125,-57.48329544067383,5.772561550140381,18.073177337646484,2.6046884059906006,0.9725127220153809,0.9299094080924988,0.9832653403282166,5.22162389755249,5.069503307342529,4.116222858428955,nan
17.700,0,102.43091583251953,128.11785888671875,118.44245910644531,201.3462677001953,201.60646057128906,199.41232299804688,0.44059669971466064,0.4551257789134979,0.49358677864074707,45.13072204589844,58.30974197387695,58.461631774902344,-43.890201568603516,-54.2227783203125,-57.48329544067383,5.772561550140381,18.073177337646484,2.6046884059906006,0.9725127220153809,0.9299094080924988,0.9832653403282166,5.22162389755249,5.069503307342529,4.116222858428955,nan
17.750,0,102.39202880859375,128.1198272705078,118.4597396850586,201.28158569335938,201.61746215820312,199.4244384765625,0.4347783029079437,0.4560266435146332,0.4919351041316986,44.5178337097168,58.426055908203125,58.274505615234375,-43.136878967285156,-53.95075607299805,-57.2803955078125,6.488405704498291,19.223094940185547,3.0534467697143555,0.9689797163009644,0.9234023094177246,0.9829409122467041,5.161149978637695,5.0790252685546875,4.111572265625,nan
17.800,0,102.39202880859375,128.1198272705078,118.4597396850586,201.28158569335938,201.61746215820312,199.4244384765625,0.4347783029079437,0.4560266435146332,0.4919351041316986,44.5178337097168,58.426055908203125,58.274505615234375,-43.136878967285156,-53.95075607299805,-57.2803955078125,6.488405704498291,19.223094940185547,3.0534467697143555,0.9689797163009644,0.9234023094177246,0.9829409122467041,5.161149978637695,5.0790252685546875,4.111572265625,nan
17.850,0,102.39202880859375,128.1198272705078,118.4597396850586,201.28158569335938,201.61746215820312,199.4244384765625,0.4347783029079437,0.4560266435146332,0.4919351041316986,44.5178337097168,58.426055908203125,58.274505615234375,-43.136878967285156,-53.95075607299805,-57.2803955078125,6.488405704498291,19.223094940185547,3.0534467697143555,0.9689797163009644,0.9234023094177246,0.9829409122467041,5.161149978637695,5.0790252685546875,4.111572265625,nan
17.900,0,102.39202880859375,128.1198272705078,118.4597396850586,201.28158569335938,201.61746215820312,199.4244384765625,0.4347783029079437,0.4560266435146332,0.4919351041316986,44.5178337097168,58.426055908203125,58.274505615234375,-43.136878967285156,-53.95075607299805,-57.2803955078125,6.488405704498291,19.223094940185547,3.0534467697143555,0.9689797163009644,0.9234023094177246,0.9829409122467041,5.161149978637695,5.0790252685546875,4.111572265625,nan
17.950,0,102.46939849853516,128.1738739013672,118.53079223632812,201.41697692871094,201.73179626464844,199.53408813476562,0.44422540068626404,0.46279802918434143,0.5000331401824951,45.519508361816406,59.3186149597168,59.269325256347656,-44.16929626464844,-54.944923400878906,-58.23716735839844,6.318585395812988,18.95833969116211,2.8876688480377197,0.9703377485275269,0.9262678027153015,0.9825853109359741,5.18619441986084,5.086023330688477,4.125537395477295,nan
18.000,0,102.46939849853516,128.1738739013672,118.53079223632812,201.41697692871094,201.73179626464844,199.53408813476562,0.44422540068626404,0.46279802918434143,0.5000331401824951,45.519508361816406,59.3186149597168,59.269325256347656,-44.16929626464844,-54.944923400878906,-58.23716735839844,6.318585395812988,18.95833969116211,2.8876688480377197,0.9703377485275269,0.9262678027153015,0.9825853109359741,5.18619441986084,5.086023330688477,4.125537395477295,nan
18.050,0,102.46939849853516,128.1738739013672,118.53079223632812,201.41697692871094,201.73179626464844,199.53408813476562,0.44422540068626404,0.46279802918434143,0.5000331401824951,45.519508361816406,59.3186149597168,59.269325256347656,-44.16929626464844,-54.944923400878906,-58.23716735839844,6.318585395812988,18.95833969116211,2.8876688480377197,0.9703377485275269,0.9262678027153015,0.9825853109359741,5.18619441986084,5.086023330688477,4.125537395477295,nan
18.100,0,102.46939849853516,128.1738739013672,118.53079223632812,201.41697692871094,201.73179626464844,199.53408813476562,0.44422540068626404,0.46279802918434143,0.5000331401824951,45.519508361816406,59.3186149597168,59.269325256347656,-44.16929626464844,-54.944923400878906,-58.23716735839844,6.318585395812988,18.95833969116211,2.8876688480377197,0.9703377485275269,0.9262678027153015,0.9825853109359741,5.18619441986084,5.086023330688477,4.125537395477295,nan
18.150,0,102.4590072631836,128.1925811767578,118.52410125732422,201.42591857910156,201.72039794921875,199.5320281982422,0.4417659342288971,0.4611101448535919,0.49898067116737366,45.26289749145508,59.11090087890625,59.1412353515625,-43.90643310546875,-54.62533187866211,-58.13827896118164,6.310254096984863,19.178356170654297,3.0063250064849854,0.9700314402580261,0.9241160154342651,0.9830413460731506,5.224974632263184,5.084462642669678,4.069332599639893,nan
18.200,0,102.4590072631836,128.1925811767578,118.52410125732422,201.42591857910156,201.72039794921875,199.5320281982422,0.4417659342288971,0.4611101448535919,0.49898067116737366,45.26289749145508,59.11090087890625,59.1412353515625,-43.90643310546875,-54.62533187866211,-58.13827896118164,6.310254096984863,19.178356170654297,3.0063250064849854,0.9700314402580261,0.9241160154342651,0.9830413460731506,5.224974632263184,5.084462642669678,4.069332599639893,nan
18.250,0,102.4590072631836,128.1925811767578,118.52410125732422,201.42591857910156,201.72039794921875,199.5320281982422,0.4417659342288971,0.4611101448535919,0.49898067116737366,45.26289749145508,59.11090087890625,59.1412353515625,-43.90643310546875,-54.62533187866211,-58.13827896118164,6.310254096984863,19.178356170654297,3.0063250064849854,0.9700314402580261,0.9241160154342651,0.9830413460731506,5.224974632263184,5.084462642669678,4.069332599639893,nan
18.300,0,102.4590072631836,128.1925811767578,118.52410125732422,201.42591857910156,201.72039794921875,199.5320281982422,0.4417659342288971,0.4611101448535919,0.49898067116737366,45.26289749145508,59.11090087890625,59.1412353515625,-43.90643310546875,-54.62533187866211,-58.13827896118164,6.310254096984863,19.178356170654297,3.0063250064849854,0.9700314402580261,0.9241160154342651,0.9830413460731506,5.224974632263184,5.084462642669678,4.069332599639893,nan
18.350,0,102.46404266357422,128.12986755371094,118.49818420410156,201.3948516845703,201.67445373535156,199.47830200195312,0.4403802454471588,0.4604392647743225,0.4969472885131836,45.123138427734375,58.99602127075195,58.887351989746094,-43.62588882446289,-54.37861251831055,-57.7913818359375,6.560487747192383,19.359939575195312,3.198374032974243,0.9668185710906982,0.921733558177948,0.9813886880874634,5.234184741973877,5.0915446281433105,4.153066635131836,nan
18.400,0,102.46404266357422,128.12986755371094,118.49818420410156,201.3948516845703,201.67445373535156,199.47830200195312,0.4403802454471588,0.4604392647743225,0.4969472885131836,45.123138427734375,58.99602127075195,58.887351989746094,-43.62588882446289,-54.37861251831055,-57.7913818359375,6.560487747192383,19.359939575195312,3.198374032974243,0.9668185710906982,0.921733558177948,0.9813886880874634,5.234184741973877,5.0915446281433105,4.153066635131836,nan
18.450,0,102.46404266357422,128.12986755371094,118.49818420410156,201.3948516845703,201.67445373535156,199.47830200195312,0.4403802454471588,0.4604392647743225,0.4969472885131836,45.123138427734375,58.99602127075195,58.887351989746094,-43.62588882446289,-54.37861251831055,-57.7913818359375,6.560487747192383,19.359939575195312,3.198374032974243,0.9668185710906982,0.921733558177948,0.9813886880874634,5.234184741973877,5.0915446281433105,4.153066635131836,nan
18.500,0,102.46404266357422,128.12986755371094,118.49818420410156,201.3948516845703,201.67445373535156,199.47830200195312,0.4403802454471588,0.4604392647743225,0.4969472885131836,45.123138427734375,58.99602127075195,58.887351989746094,-43.62588882446289,-54.37861251831055,-57.7913818359375,6.560487747192383,19.359939575195312,3.198374032974243,0.9668185710906982,0.921733558177948,0.9813886880874634,5.234184741973877,5.0915446281433105,4.153066635131836,nan
18.550,0,102.494384765625,128.23129272460938,118.57669067382812,201.48623657226562,201.816650390625,199.598388671875,0.45131269097328186,0.4695819020271301,0.5082318186759949,46.257015228271484,60.21509552001953,60.26444625854492,-44.85417556762695,-55.6780891418457,-59.217464447021484,6.704598903656006,19.64596176147461,3.3801329135894775,0.9696729183197021,0.9246533513069153,0.9826268553733826,5.267866134643555,5.107542514801025,4.178780555725098,nan
18.600,0,102.494384765625,128.23129272460938,118.57669067382812,201.48623657226562,201.816650390625,199.598388671875,0.45131269097328186,0.4695819020271301,0.5082318186759949,46.257015228271484,60.21509552001953,60.26444625854492,-44.85417556762695,-55.6780891418457,-59.217464447021484,6.704598903656006,19.64596176147461,3.3801329135894775,0.9696729183197021,0.9246533513069153,0.9826268553733826,5.267866134643555,5.107542514801025,4.178780555725098,nan
18.650,0,102.494384765625,128.23129272460938,118.57669067382812,201.48623657226562,201.816650390625,199.598388671875,0.45131269097328186,0.4695819020271301,0.5082318186759949,46.257015228271484,60.21509552001953,60.26444625854492,-44.85417556762695,-55.6780891418457,-59.217464447021484,6.704598903656006,19.64596176147461,3.3801329135894775,0.9696729183197021,0.9246533513069153,0.9826268553733826,5.267866134643555,5.107542514801025,4.178780555725098,nan
18.700,0,102.494384765625,128.23129272460938,118.57669067382812,201.48623657226562,201.816650390625,199.598388671875,0.45131269097328186,0.4695819020271301,0.5082318186759949,46.257015228271484,60.21509552001953,60.26444625854492,-44.85417556762695,-55.6780891418457,-59.217464447021484,6.704598903656006,19.64596176147461,3.3801329135894775,0.9696729183197021,0.9246533513069153,0.9826268553733826,5.267866134643555,5.107542514801025,4.178780555725098,nan
18.750,0,102.43736267089844,128.12428283691406,118.4947509765625,201.32916259765625,201.6490478515625,199.4918212890625,0.4406003952026367,0.45739924907684326,0.49381792545318604,45.133941650390625,58.60395050048828,58.51483154296875,-43.64449691772461,-54.175628662109375,-57.39912414550781,6.2533440589904785,18.608509063720703,2.9243831634521484,0.9669994711875916,0.9244364500045776,0.980932891368866,5.19229793548584,5.110367298126221,4.167780876159668,nan
18.800,0,102.43736267089844,128.12428283691406,118.4947509765625,201.32916259765625,201.6490478515625,199.4918212890625,0.4406003952026367,0.45739924907684326,0.49381792545318604,45.133941650390625,58.60395050048828,58.51483154296875,-43.64449691772461,-54.175628662109375,-57.39912414550781,6.2533440589904785,18.608509063720703,2.9243831634521484,0.9669994711875916,0.9244364500045776,0.980932891368866,5.19229793548584,5.110367298126221,4.167780876159668,nan
18.850,0,102.43736267089844,128.12428283691406,118.4947509765625,201.32916259765625,201.6490478515625,199.4918212890625,0.4406003952026367,0.45739924907684326,0.49381792545318604,45.133941650390625,58.60395050048828,58.51483154296875,-43.64449691772461,-54.175628662109375,-57.39912414550781,6.2533440589904785,18.608509063720703,2.9243831634521484,0.9669994711875916,0.9244364500045776,0.980932891368866,5.19229793548584,5.110367298126221,4.167780876159668,nan
18.900,0,102.43736267089844,128.12428283691406,118.4947509765625,201.32916259765625,201.6490478515625,199.4918212890625,0.4406003952026367,0.45739924907684326,0.49381792545318604,45.133941650390625,58.60395050048828,58.51483154296875,-43.64449691772461,-54.175628662109375,-57.39912414550781,6.2533440589904785,18.608509063720703,2.9243831634521484,0.9669994711875916,0.9244364500045776,0.980932891368866,5.19229793548584,5.110367298126221,4.167780876159668,nan
18.950,0,102.4532470703125,128.17959594726562,118.5538558959961,201.40049743652344,201.7491912841797,199.551025390625,0.44810953736305237,0.4666239023208618,0.5024783611297607,45.9102783203125,59.81166458129883,59.57074737548828,-44.48381423950195,-55.43095397949219,-58.48176956176758,6.450363636016846,18.90300750732422,2.8301596641540527,0.9689292907714844,0.9267582297325134,0.9817196130752563,5.256643295288086,5.139204978942871,4.180950164794922,nan
19.000,0,102.4532470703125,128.17959594726562,118.5538558959961,201.40049743652344,201.7491912841797,199.551025390625,0.44810953736305237,0.4666239023208618,0.5024783611297607,45.9102783203125,59.81166458129883,59.57074737548828,-44.48381423950195,-55.43095397949219,-58.48176956176758,6.450363636016846,18.90300750732422,2.8301596641540527,0.9689292907714844,0.9267582297325134,0.9817196130752563,5.256643295288086,5.139204978942871,4.180950164794922,nan
19.050,0,102.4532470703125,128.17959594726562,118.5538558959961,201.40049743652344,201.7491912841797,199.551025390625,0.44810953736305237,0.4666239023208618,0.5024783611297607,45.9102783203125,59.81166458129883,59.57074737548828,-44.48381423950195,-55.43095397949219,-58.48176956176758,6.450363636016846,18.90300750732422,2.8301596641540527,0.9689292907714844,0.9267582297325134,0.9817196130752563,5.256643295288086,5.139204978942871,4.180950164794922,nan
19.100,0,102.4532470703125,128.17959594726562,118.5538558959961,201.40049743652344,201.7491912841797,199.551025390625,0.44810953736305237,0.4666239023208618,0.5024783611297607,45.9102783203125,59.81166458129883,59.57074737548828,-44.48381423950195,-55.43095397949219,-58.48176956176758,6.450363636016846,18.90300750732422,2.8301596641540527,0.9689292907714844,0.9267582297325134,0.9817196130752563,5.256643295288086,5.139204978942871,4.180950164794922,nan
19.150,0,102.44476318359375,128.16883850097656,118.54007720947266,201.38328552246094,201.72911071777344,199.53125,0.443230539560318,0.4623582065105438,0.5006999969482422,45.406646728515625,59.25991439819336,59.3530158996582,-43.990089416503906,-54.73582458496094,-58.27946853637695,6.142241954803467,19.026023864746094,2.8330914974212646,0.9688028693199158,0.9236568212509155,0.9819124937057495,5.289242267608643,5.1554951667785645,4.116289138793945,nan
19.200,0,102.44476318359375,128.16883850097656,118.54007720947266,201.38328552246094,201.72911071777344,199.53125,0.443230539560318,0.4623582065105438,0.5006999969482422,45.406646728515625,59.25991439819336,59.3530158996582,-43.990089416503906,-54.73582458496094,-58.27946853637695,6.142241954803467,19.026023864746094,2.8330914974212646,0.9688028693199158,0.9236568212509155,0.9819124937057495,5.289242267608643,5.1554951667785645,4.116289138793945,nan
19.250,0,102.44476318359375,128.16883850097656,118.54007720947266,201.38328552246094,201.72911071777344,199.53125,0.443230539560318,0.4623582065105438,0.5006999969482422,45.406646728515625,59.25991439819336,59.3530158996582,-43.990089416503906,-54.73582458496094,-58.27946853637695,6.142241954803467,19.026023864746094,2.8330914974212646,0.9688028693199158,0.9236568212509155,0.9819124937057495,5.289242267608643,5.1554951667785645,4.116289138793945,nan
19.300,0,102.44476318359375,128.16883850097656,118.54007720947266,201.38328552246094,201.72911071777344,199.53125,0.443230539560318,0.4623582065105438,0.5006999969482422,45.406646728515625,59.25991439819336,59.3530158996582,-43.990089416503906,-54.73582458496094,-58.27946853637695,6.142241954803467,19.026023864746094,2.8330914974212646,0.9688028693199158,0.9236568212509155,0.9819124937057495,5.289242267608643,5.1554951667785645,4.116289138793945,nan
19.350,0,102.48346710205078,128.16307067871094,118.54386901855469,201.43707275390625,201.73876953125,199.54078674316406,0.4449405372142792,0.4638504385948181,0.5012152791023254,45.59904861450195,59.4484977722168,59.41599655151367,-44.000221252441406,-54.70871353149414,-58.231082916259766,6.574567794799805,19.44394302368164,3.2787842750549316,0.9649372696876526,0.9202707409858704,0.9800573587417603,5.28702974319458,5.137004375457764,4.210806846618652,nan
19.400,0,102.48346710205078,128.16307067871094,118.54386901855469,201.43707275390625,201.73876953125,199.54078674316406,0.4449405372142792,0.4638504385948181,0.5012152791023254,45.59904861450195,59.4484977722168,59.41599655151367,-44.000221252441406,-54.70871353149414,-58.231082916259766,6.574567794799805,19.44394302368164,3.2787842750549316,0.9649372696876526,0.9202707409858704,0.9800573587417603,5.28702974319458,5.137004375457764,4.210806846618652,nan
19.450,0,102.48346710205078,128.16307067871094,118.54386901855469,201.43707275390625,201.73876953125,199.54078674316406,0.4449405372142792,0.4638504385948181,0.5012152791023254,45.59904861450195,59.4484977722168,59.41599655151367,-44.000221252441406,-54.70871353149414,-58.231082916259766,6.574567794799805,19.44394302368164,3.2787842750549316,0.9649372696876526,0.9202707409858704,0.9800573587417603,5.28702974319458,5.137004375457764,4.210806846618652,nan
19.500,0,102.48346710205078,128.16307067871094,118.54386901855469,201.43707275390625,201.73876953125,199.54078674316406,0.4449405372142792,0.4638504385948181,0.5012152791023254,45.59904861450195,59.4484977722168,59.41599655151367,-44.000221252441406,-54.70871353149414,-58.231082916259766,6.574567794799805,19.44394302368164,3.2787842750549316,0.9649372696876526,0.9202707409858704,0.9800573587417603,5.28702974319458,5.137004375457764,4.210806846618652,nan
19.550,0,102.50553894042969,128.2359161376953,118.58528900146484,201.5237274169922,201.80810546875,199.6088409423828,0.4482044279575348,0.465487003326416,0.5030940175056458,45.94343566894531,59.69215393066406,59.659549713134766,-44.54551696777344,-55.372440338134766,-58.5496826171875,6.044832229614258,18.596590042114258,2.5743649005889893,0.9695730209350586,0.9276334643363953,0.9813966751098633,5.249937057495117,5.085777759552002,4.18074369430542,nan
19.600,0,102.50553894042969,128.2359161376953,118.58528900146484,201.5237274169922,201.80810546875,199.6088409423828,0.4482044279575348,0.465487003326416,0.5030940175056458,45.94343566894531,59.69215393066406,59.659549713134766,-44.54551696777344,-55.372440338134766,-58.5496826171875,6.044832229614258,18.596590042114258,2.5743649005889893,0.9695730209350586,0.9276334643363953,0.9813966751098633,5.249937057495117,5.085777759552002,4.18074369430542,nan
19.650,0,102.50553894042969,128.2359161376953,118.58528900146484,201.5237274169922,201.80810546875,199.6088409423828,0.4482044279575348,0.465487003326416,0.5030940175056458,45.94343566894531,59.69215393066406,59.659549713134766,-44.54551696777344,-55.372440338134766,-58.5496826171875,6.044832229614258,18.596590042114258,2.5743649005889893,0.9695730209350586,0.9276334643363953,0.9813966751098633,5.249937057495117,5.085777759552002,4.18074369430542,nan
19.700,0,102.50553894042969,128.2359161376953,118.58528900146484,201.5237274169922,201.80810546875,199.6088409423828,0.4482044279575348,0.465487003326416,0.5030940175056458,45.94343566894531,59.69215393066406,59.659549713134766,-44.54551696777344,-55.372440338134766,-58.5496826171875,6.044832229614258,18.596590042114258,2.5743649005889893,0.9695730209350586,0.9276334643363953,0.9813966751098633,5.249937057495117,5.085777759552002,4.18074369430542,nan
19.750,0,102.46128845214844,128.1502227783203,118.54914093017578,201.35983276367188,201.73875427246094,199.55784606933594,0.441196084022522,0.4598315954208374,0.5003470778465271,45.20552062988281,58.927520751953125,59.31571578979492,-43.807952880859375,-54.31502151489258,-58.30836868286133,6.358725070953369,19.558399200439453,3.3515567779541016,0.9690841436386108,0.921725869178772,0.9830172061920166,5.197271347045898,5.103301048278809,4.138494491577148,nan
19.800,0,102.46128845214844,128.1502227783203,118.54914093017578,201.35983276367188,201.73875427246094,199.55784606933594,0.441196084022522,0.4598315954208374,0.5003470778465271,45.20552062988281,58.927520751953125,59.31571578979492,-43.807952880859375,-54.31502151489258,-58.30836868286133,6.358725070953369,19.558399200439453,3.3515567779541016,0.9690841436386108,0.921725869178772,0.9830172061920166,5.197271347045898,5.103301048278809,4.138494491577148,nan
19.850,0,102.46128845214844,128.1502227783203,118.54914093017578,201.35983276367188,201.73875427246094,199.55784606933594,0.441196084022522,0.4598315954208374,0.5003470778465271,45.20552062988281,58.927520751953125,59.31571578979492,-43.807952880859375,-54.31502151489258,-58.30836868286133,6.358725070953369,19.558399200439453,3.3515567779541016,0.9690841436386108,0.921725869178772,0.9830172061920166,5.197271347045898,5.103301048278809,4.138494491577148,nan
19.900,0,102.46128845214844,128.1502227783203,118.54914093017578,201.35983276367188,201.73875427246094,199.55784606933594,0.441196084022522,0.4598315954208374,0.5003470778465271,45.20552062988281,58.927520751953125,59.31571578979492,-43.807952880859375,-54.31502151489258,-58.30836868286133,6.358725070953369,19.558399200439453,3.3515567779541016,0.9690841436386108,0.921725869178772,0.9830172061920166,5.197271347045898,5.103301048278809,4.138494491577148,nan
19.950,0,102.50111389160156,128.22854614257812,118.57323455810547,201.4899444580078,201.80712890625,199.6048126220703,0.4520527422428131,0.4693093001842499,0.5066478252410889,46.33591079711914,60.17884826660156,60.07487106323242,-44.81968307495117,-55.6805305480957,-58.931114196777344,6.349666118621826,18.98648452758789,2.861820936203003,0.967277467250824,0.9252508282661438,0.9809611439704895,5.231505393981934,5.122006893157959,4.141348361968994,nan
