t+,class,V_L1,V_L2,V_L3,V_L12,V_L23,V_L31,A_L1,A_L2,A_L3,VA_L1,VA_L2,VA_L3,W_L1,W_L2,W_L3,Q_L1,Q_L2,Q_L3,PF_L1,PF_L2,PF_L3,THD_L1,THD_L2,THD_L3
0.000,0,102.92549896240234,128.26918029785156,118.95104217529297,201.84413146972656,201.89646911621094,200.49002075195312,0.45852985978126526,0.4832179546356201,0.5027315020561218,47.19441604614258,61.981971740722656,59.800437927246094,-45.20158004760742,-57.386775970458984,-58.50471496582031,7.997069358825684,19.062610626220703,2.621187925338745,0.9577739238739014,0.9258623719215393,0.9783325791358948,5.553709030151367,5.361454010009766,4.432292461395264,nan
0.050,0,102.92549896240234,128.26918029785156,118.95104217529297,201.84413146972656,201.89646911621094,200.49002075195312,0.45852985978126526,0.4832179546356201,0.5027315020561218,47.19441604614258,61.981971740722656,59.800437927246094,-45.20158004760742,-57.386775970458984,-58.50471496582031,7.997069358825684,19.062610626220703,2.621187925338745,0.9577739238739014,0.9258623719215393,0.9783325791358948,5.553709030151367,5.361454010009766,4.432292461395264,nan
0.100,0,102.92549896240234,128.26918029785156,118.95104217529297,201.84413146972656,201.89646911621094,200.49002075195312,0.45852985978126526,0.4832179546356201,0.5027315020561218,47.19441604614258,61.981971740722656,59.800437927246094,-45.20158004760742,-57.386775970458984,-58.50471496582031,7.997069358825684,19.062610626220703,2.621187925338745,0.9577739238739014,0.9258623719215393,0.9783325791358948,5.553709030151367,5.361454010009766,4.432292461395264,nan
0.150,0,102.92549896240234,128.26918029785156,118.95104217529297,201.84413146972656,201.89646911621094,200.49002075195312,0.45852985978126526,0.4832179546356201,0.5027315020561218,47.19441604614258,61.981971740722656,59.800437927246094,-45.20158004760742,-57.386775970458984,-58.50471496582031,7.997069358825684,19.062610626220703,2.621187925338745,0.9577739238739014,0.9258623719215393,0.9783325791358948,5.553709030151367,5.361454010009766,4.432292461395264,nan
0.200,0,102.84545135498047,128.29786682128906,118.90811920166016,201.82261657714844,201.91754150390625,200.3414764404297,0.4496104419231415,0.474395751953125,0.49785080552101135,46.240386962890625,60.86396408081055,59.19850158691406,-44.490936279296875,-56.47232437133789,-57.975345611572266,7.099213600158691,18.478031158447266,2.0216097831726074,0.9621661901473999,0.9278450012207031,0.9793380498886108,5.6150221824646,5.383021831512451,4.425861835479736,nan
0.250,0,102.84545135498047,128.29786682128906,118.90811920166016,201.82261657714844,201.91754150390625,200.3414764404297,0.4496104419231415,0.474395751953125,0.49785080552101135,46.240386962890625,60.86396408081055,59.19850158691406,-44.490936279296875,-56.47232437133789,-57.975345611572266,7.099213600158691,18.478031158447266,2.0216097831726074,0.9621661901473999,0.9278450012207031,0.9793380498886108,5.6150221824646,5.383021831512451,4.425861835479736,nan
0.300,0,102.84545135498047,128.29786682128906,118.90811920166016,201.82261657714844,201.91754150390625,200.3414764404297,0.4496104419231415,0.474395751953125,0.49785080552101135,46.240386962890625,60.86396408081055,59.19850158691406,-44.490936279296875,-56.47232437133789,-57.975345611572266,7.099213600158691,18.478031158447266,2.0216097831726074,0.9621661901473999,0.9278450012207031,0.9793380498886108,5.6150221824646,5.383021831512451,4.425861835479736,nan
0.350,0,102.84545135498047,128.29786682128906,118.90811920166016,201.82261657714844,201.91754150390625,200.3414764404297,0.4496104419231415,0.474395751953125,0.49785080552101135,46.240386962890625,60.86396408081055,59.19850158691406,-44.490936279296875,-56.47232437133789,-57.975345611572266,7.099213600158691,18.478031158447266,2.0216097831726074,0.9621661901473999,0.9278450012207031,0.9793380498886108,5.6150221824646,5.383021831512451,4.425861835479736,nan
0.400,0,102.85445404052734,128.3598175048828,118.92860412597656,201.91339111328125,202.00428771972656,200.33360290527344,0.4534735083580017,0.47448500990867615,0.4990239441394806,46.64176940917969,60.904808044433594,59.34822082519531,-44.70253372192383,-56.26826477050781,-58.029083251953125,7.433158874511719,18.806385040283203,2.7603650093078613,0.9584227800369263,0.9238722920417786,0.9777729511260986,5.77475118637085,5.454943656921387,4.46196985244751,nan
0.450,0,102.85445404052734,128.3598175048828,118.92860412597656,201.91339111328125,202.00428771972656,200.33360290527344,0.4534735083580017,0.47448500990867615,0.4990239441394806,46.64176940917969,60.904808044433594,59.34822082519531,-44.70253372192383,-56.26826477050781,-58.029083251953125,7.433158874511719,18.806385040283203,2.7603650093078613,0.9584227800369263,0.9238722920417786,0.9777729511260986,5.77475118637085,5.454943656921387,4.46196985244751,nan
0.500,0,102.85445404052734,128.3598175048828,118.92860412597656,201.91339111328125,202.00428771972656,200.33360290527344,0.4534735083580017,0.47448500990867615,0.4990239441394806,46.64176940917969,60.904808044433594,59.34822082519531,-44.70253372192383,-56.26826477050781,-58.029083251953125,7.433158874511719,18.806385040283203,2.7603650093078613,0.9584227800369263,0.9238722920417786,0.9777729511260986,5.77475118637085,5.454943656921387,4.46196985244751,nan
0.550,0,102.85445404052734,128.3598175048828,118.92860412597656,201.91339111328125,202.00428771972656,200.33360290527344,0.4534735083580017,0.47448500990867615,0.4990239441394806,46.64176940917969,60.904808044433594,59.34822082519531,-44.70253372192383,-56.26826477050781,-58.029083251953125,7.433158874511719,18.806385040283203,2.7603650093078613,0.9584227800369263,0.9238722920417786,0.9777729511260986,5.77475118637085,5.454943656921387,4.46196985244751,nan
0.600,0,102.89765930175781,128.37315368652344,118.93428802490234,201.9562225341797,202.07611083984375,200.3436279296875,0.45308399200439453,0.473361611366272,0.5018112659454346,46.621280670166016,60.76692199707031,59.68256378173828,-44.84873580932617,-56.227081298828125,-58.44110870361328,6.923256874084473,18.65989112854004,2.538327217102051,0.9619799256324768,0.9252909421920776,0.9791990518569946,5.7766923904418945,5.448892116546631,4.479198932647705,nan
0.650,0,102.89765930175781,128.37315368652344,118.93428802490234,201.9562225341797,202.07611083984375,200.3436279296875,0.45308399200439453,0.473361611366272,0.5018112659454346,46.621280670166016,60.76692199707031,59.68256378173828,-44.84873580932617,-56.227081298828125,-58.44110870361328,6.923256874084473,18.65989112854004,2.538327217102051,0.9619799256324768,0.9252909421920776,0.9791990518569946,5.7766923904418945,5.448892116546631,4.479198932647705,nan
0.700,0,102.89765930175781,128.37315368652344,118.93428802490234,201.9562225341797,202.07611083984375,200.3436279296875,0.45308399200439453,0.473361611366272,0.5018112659454346,46.621280670166016,60.76692199707031,59.68256378173828,-44.84873580932617,-56.227081298828125,-58.44110870361328,6.923256874084473,18.65989112854004,2.538327217102051,0.9619799256324768,0.9252909421920776,0.9791990518569946,5.7766923904418945,5.448892116546631,4.479198932647705,nan
0.750,0,102.89765930175781,128.37315368652344,118.93428802490234,201.9562225341797,202.07611083984375,200.3436279296875,0.45308399200439453,0.473361611366272,0.5018112659454346,46.621280670166016,60.76692199707031,59.68256378173828,-44.84873580932617,-56.227081298828125,-58.44110870361328,6.923256874084473,18.65989112854004,2.538327217102051,0.9619799256324768,0.9252909421920776,0.9791990518569946,5.7766923904418945,5.448892116546631,4.479198932647705,nan
0.800,0,102.81451416015625,128.3466796875,118.90103912353516,201.86598205566406,202.00730895996094,200.24842834472656,0.44721272587776184,0.47278764843940735,0.4967249631881714,45.979957580566406,60.68072509765625,59.06111526489258,-44.0945930480957,-55.96780776977539,-57.70121383666992,7.075920104980469,18.684661865234375,2.2232418060302734,0.9589959383010864,0.9223325252532959,0.9769746661186218,5.736832141876221,5.427294731140137,4.451003551483154,nan
0.850,0,102.81451416015625,128.3466796875,118.90103912353516,201.86598205566406,202.00730895996094,200.24842834472656,0.44721272587776184,0.47278764843940735,0.4967249631881714,45.979957580566406,60.68072509765625,59.06111526489258,-44.0945930480957,-55.96780776977539,-57.70121383666992,7.075920104980469,18.684661865234375,2.2232418060302734,0.9589959383010864,0.9223325252532959,0.9769746661186218,5.736832141876221,5.427294731140137,4.451003551483154,nan
0.900,0,102.81451416015625,128.3466796875,118.90103912353516,201.86598205566406,202.00730895996094,200.24842834472656,0.44721272587776184,0.47278764843940735,0.4967249631881714,45.979957580566406,60.68072509765625,59.06111526489258,-44.0945930480957,-55.96780776977539,-57.70121383666992,7.075920104980469,18.684661865234375,2.2232418060302734,0.9589959383010864,0.9223325252532959,0.9769746661186218,5.736832141876221,5.427294731140137,4.451003551483154,nan
0.950,0,102.81451416015625,128.3466796875,118.90103912353516,201.86598205566406,202.00730895996094,200.24842834472656,0.44721272587776184,0.47278764843940735,0.4967249631881714,45.979957580566406,60.68072509765625,59.06111526489258,-44.0945930480957,-55.96780776977539,-57.70121383666992,7.075920104980469,18.684661865234375,2.2232418060302734,0.9589959383010864,0.9223325252532959,0.9769746661186218,5.736832141876221,5.427294731140137,4.451003551483154,nan
1.000,0,102.89956665039062,128.3060760498047,118.95881652832031,201.89199829101562,201.9066162109375,200.46409606933594,0.4589100778102875,0.47886571288108826,0.49849072098731995,47.221649169921875,61.44137954711914,59.29986572265625,-45.35860824584961,-57.109317779541016,-58.01173400878906,7.922464370727539,18.415246963500977,2.7571842670440674,0.9605469107627869,0.9294927716255188,0.9782776832580566,5.557753086090088,5.346506118774414,4.382179260253906,nan
1.050,0,102.89956665039062,128.3060760498047,118.95881652832031,201.89199829101562,201.9066162109375,200.46409606933594,0.4589100778102875,0.47886571288108826,0.49849072098731995,47.221649169921875,61.44137954711914,59.29986572265625,-45.35860824584961,-57.109317779541016,-58.01173400878906,7.922464370727539,18.415246963500977,2.7571842670440674,0.9605469107627869,0.9294927716255188,0.9782776832580566,5.557753086090088,5.346506118774414,4.382179260253906,nan
1.100,0,102.89956665039062,128.3060760498047,118.95881652832031,201.89199829101562,201.9066162109375,200.46409606933594,0.4589100778102875,0.47886571288108826,0.49849072098731995,47.221649169921875,61.44137954711914,59.29986572265625,-45.35860824584961,-57.109317779541016,-58.01173400878906,7.922464370727539,18.415246963500977,2.7571842670440674,0.9605469107627869,0.9294927716255188,0.9782776832580566,5.557753086090088,5.346506118774414,4.382179260253906,nan
1.150,0,102.89956665039062,128.3060760498047,118.95881652832031,201.89199829101562,201.9066162109375,200.46409606933594,0.4589100778102875,0.47886571288108826,0.49849072098731995,47.221649169921875,61.44137954711914,59.29986572265625,-45.35860824584961,-57.109317779541016,-58.01173400878906,7.922464370727539,18.415246963500977,2.7571842670440674,0.9605469107627869,0.9294927716255188,0.9782776832580566,5.557753086090088,5.346506118774414,4.382179260253906,nan
1.200,0,102.90501403808594,128.325439453125,118.9731216430664,201.88587951660156,202.00596618652344,200.4556121826172,0.4593425691127777,0.47979289293289185,0.5036773085594177,47.268653869628906,61.56963348388672,59.9240608215332,-45.42425537109375,-57.057044982910156,-58.6869010925293,7.546405792236328,18.74665069580078,2.744450569152832,0.9609805345535278,0.9267075657844543,0.9793545603752136,5.615042686462402,5.371703147888184,4.432173728942871,nan
1.250,0,102.90501403808594,128.325439453125,118.9731216430664,201.88587951660156,202.00596618652344,200.4556121826172,0.4593425691127777,0.47979289293289185,0.5036773085594177,47.268653869628906,61.56963348388672,59.9240608215332,-45.42425537109375,-57.057044982910156,-58.6869010925293,7.546405792236328,18.74665069580078,2.744450569152832,0.9609805345535278,0.9267075657844543,0.9793545603752136,5.615042686462402,5.371703147888184,4.432173728942871,nan
1.300,0,102.90501403808594,128.325439453125,118.9731216430664,201.88587951660156,202.00596618652344,200.4556121826172,0.4593425691127777,0.47979289293289185,0.5036773085594177,47.268653869628906,61.56963348388672,59.9240608215332,-45.42425537109375,-57.057044982910156,-58.6869010925293,7.546405792236328,18.74665069580078,2.744450569152832,0.9609805345535278,0.9267075657844543,0.9793545603752136,5.615042686462402,5.371703147888184,4.432173728942871,nan
1.350,0,102.90501403808594,128.325439453125,118.9731216430664,201.88587951660156,202.00596618652344,200.4556121826172,0.4593425691127777,0.47979289293289185,0.5036773085594177,47.268653869628906,61.56963348388672,59.9240608215332,-45.42425537109375,-57.057044982910156,-58.6869010925293,7.546405792236328,18.74665069580078,2.744450569152832,0.9609805345535278,0.9267075657844543,0.9793545603752136,5.615042686462402,5.371703147888184,4.432173728942871,nan
1.400,0,102.84195709228516,128.3277130126953,118.92945098876953,201.83387756347656,202.017822265625,200.32833862304688,0.44813862442970276,0.4714747667312622,0.4970051646232605,46.08745193481445,60.50327682495117,59.108551025390625,-44.238285064697266,-55.902427673339844,-57.79914093017578,7.262011528015137,18.834566116333008,2.564711093902588,0.9598770141601562,0.9239570498466492,0.9778473377227783,5.69297456741333,5.406155109405518,4.422595500946045,nan
1.450,0,102.84195709228516,128.3277130126953,118.92945098876953,201.83387756347656,202.017822265625,200.32833862304688,0.44813862442970276,0.4714747667312622,0.4970051646232605,46.08745193481445,60.50327682495117,59.108551025390625,-44.238285064697266,-55.902427673339844,-57.79914093017578,7.262011528015137,18.834566116333008,2.564711093902588,0.9598770141601562,0.9239570498466492,0.9778473377227783,5.69297456741333,5.406155109405518,4.422595500946045,nan
1.500,0,102.84195709228516,128.3277130126953,118.92945098876953,201.83387756347656,202.017822265625,200.32833862304688,0.44813862442970276,0.4714747667312622,0.4970051646232605,46.08745193481445,60.50327682495117,59.108551025390625,-44.238285064697266,-55.902427673339844,-57.79914093017578,7.262011528015137,18.834566116333008,2.564711093902588,0.9598770141601562,0.9239570498466492,0.9778473377227783,5.69297456741333,5.406155109405518,4.422595500946045,nan
1.550,0,102.84195709228516,128.3277130126953,118.92945098876953,201.83387756347656,202.017822265625,200.32833862304688,0.44813862442970276,0.4714747667312622,0.4970051646232605,46.08745193481445,60.50327682495117,59.108551025390625,-44.238285064697266,-55.902427673339844,-57.79914093017578,7.262011528015137,18.834566116333008,2.564711093902588,0.9598770141601562,0.9239570498466492,0.9778473377227783,5.69297456741333,5.406155109405518,4.422595500946045,nan
1.600,0,102.88308715820312,128.40216064453125,118.97818756103516,201.9767303466797,202.06747436523438,200.4116668701172,0.4552524983882904,0.4770720601081848,0.5011652112007141,46.83778381347656,61.257083892822266,59.62772750854492,-44.99669647216797,-56.783592224121094,-58.37197494506836,7.369462490081787,18.690351486206055,2.492421865463257,0.960692286491394,0.9269718527793884,0.9789401292800903,5.737011432647705,5.419583797454834,4.462137699127197,nan
1.650,0,102.88308715820312,128.40216064453125,118.97818756103516,201.9767303466797,202.06747436523438,200.4116668701172,0.4552524983882904,0.4770720601081848,0.5011652112007141,46.83778381347656,61.257083892822266,59.62772750854492,-44.99669647216797,-56.783592224121094,-58.37197494506836,7.369462490081787,18.690351486206055,2.492421865463257,0.960692286491394,0.9269718527793884,0.9789401292800903,5.737011432647705,5.419583797454834,4.462137699127197,nan
1.700,0,102.88308715820312,128.40216064453125,118.97818756103516,201.9767303466797,202.06747436523438,200.4116668701172,0.4552524983882904,0.4770720601081848,0.5011652112007141,46.83778381347656,61.257083892822266,59.62772750854492,-44.99669647216797,-56.783592224121094,-58.37197494506836,7.369462490081787,18.690351486206055,2.492421865463257,0.960692286491394,0.9269718527793884,0.9789401292800903,5.737011432647705,5.419583797454834,4.462137699127197,nan
1.750,0,102.88308715820312,128.40216064453125,118.97818756103516,201.9767303466797,202.06747436523438,200.4116668701172,0.4552524983882904,0.4770720601081848,0.5011652112007141,46.83778381347656,61.257083892822266,59.62772750854492,-44.99669647216797,-56.783592224121094,-58.37197494506836,7.369462490081787,18.690351486206055,2.492421865463257,0.960692286491394,0.9269718527793884,0.9789401292800903,5.737011432647705,5.419583797454834,4.462137699127197,nan
1.800,0,102.92432403564453,128.36573791503906,118.9757080078125,201.96875,202.05543518066406,200.43992614746094,0.4544942378997803,0.47510212659835815,0.4998084604740143,46.77851104736328,60.98683547973633,59.465065002441406,-44.951080322265625,-56.56747055053711,-58.18403244018555,7.058043479919434,18.26119613647461,2.259538412094116,0.9609344005584717,0.9275357723236084,0.9784573912620544,5.752461910247803,5.447881698608398,4.52284574508667,nan
1.850,0,102.92432403564453,128.36573791503906,118.9757080078125,201.96875,202.05543518066406,200.43992614746094,0.4544942378997803,0.47510212659835815,0.4998084604740143,46.77851104736328,60.98683547973633,59.465065002441406,-44.951080322265625,-56.56747055053711,-58.18403244018555,7.058043479919434,18.26119613647461,2.259538412094116,0.9609344005584717,0.9275357723236084,0.9784573912620544,5.752461910247803,5.447881698608398,4.52284574508667,nan
1.900,0,102.92432403564453,128.36573791503906,118.9757080078125,201.96875,202.05543518066406,200.43992614746094,0.4544942378997803,0.47510212659835815,0.4998084604740143,46.77851104736328,60.98683547973633,59.465065002441406,-44.951080322265625,-56.56747055053711,-58.18403244018555,7.058043479919434,18.26119613647461,2.259538412094116,0.9609344005584717,0.9275357723236084,0.9784573912620544,5.752461910247803,5.447881698608398,4.52284574508667,nan
1.950,0,102.92432403564453,128.36573791503906,118.9757080078125,201.96875,202.05543518066406,200.43992614746094,0.4544942378997803,0.47510212659835815,0.4998084604740143,46.77851104736328,60.98683547973633,59.465065002441406,-44.951080322265625,-56.56747055053711,-58.18403244018555,7.058043479919434,18.26119613647461,2.259538412094116,0.9609344005584717,0.9275357723236084,0.9784573912620544,5.752461910247803,5.447881698608398,4.52284574508667,nan
2.000,0,102.87623596191406,128.2338104248047,118.90898132324219,201.79359436035156,201.88092041015625,200.3561248779297,0.4454513490200043,0.4711696207523346,0.4930729269981384,45.826358795166016,60.41987609863281,58.63079833984375,-43.86959457397461,-55.704750061035156,-57.261077880859375,7.676356315612793,19.026330947875977,2.7021825313568115,0.9573004841804504,0.9219606518745422,0.9766381978988647,5.65312385559082,5.460175514221191,4.5209479331970215,nan
2.050,0,102.87623596191406,128.2338104248047,118.90898132324219,201.79359436035156,201.88092041015625,200.3561248779297,0.4454513490200043,0.4711696207523346,0.4930729269981384,45.826358795166016,60.41987609863281,58.63079833984375,-43.86959457397461,-55.704750061035156,-57.261077880859375,7.676356315612793,19.026330947875977,2.7021825313568115,0.9573004841804504,0.9219606518745422,0.9766381978988647,5.65312385559082,5.460175514221191,4.5209479331970215,nan
2.100,0,102.87623596191406,128.2338104248047,118.90898132324219,201.79359436035156,201.88092041015625,200.3561248779297,0.4454513490200043,0.4711696207523346,0.4930729269981384,45.826358795166016,60.41987609863281,58.63079833984375,-43.86959457397461,-55.704750061035156,-57.261077880859375,7.676356315612793,19.026330947875977,2.7021825313568115,0.9573004841804504,0.9219606518745422,0.9766381978988647,5.65312385559082,5.460175514221191,4.5209479331970215,nan
2.150,0,102.87623596191406,128.2338104248047,118.90898132324219,201.79359436035156,201.88092041015625,200.3561248779297,0.4454513490200043,0.4711696207523346,0.4930729269981384,45.826358795166016,60.41987609863281,58.63079833984375,-43.86959457397461,-55.704750061035156,-57.261077880859375,7.676356315612793,19.026330947875977,2.7021825313568115,0.9573004841804504,0.9219606518745422,0.9766381978988647,5.65312385559082,5.460175514221191,4.5209479331970215,nan
2.200,0,102.8911361694336,128.3223419189453,118.96016693115234,201.90740966796875,201.93338012695312,200.44091796875,0.456420361995697,0.4789157509803772,0.4977625012397766,46.96160888671875,61.455589294433594,59.21390914916992,-45.03518295288086,-57.12040710449219,-57.9195671081543,7.4560933113098145,18.108423233032227,2.053234338760376,0.9589787125587463,0.9294583201408386,0.9781412482261658,5.631990909576416,5.452324390411377,4.4962663650512695,nan
2.250,0,102.8911361694336,128.3223419189453,118.96016693115234,201.90740966796875,201.93338012695312,200.44091796875,0.456420361995697,0.4789157509803772,0.4977625012397766,46.96160888671875,61.455589294433594,59.21390914916992,-45.03518295288086,-57.12040710449219,-57.9195671081543,7.4560933113098145,18.108423233032227,2.053234338760376,0.9589787125587463,0.9294583201408386,0.9781412482261658,5.631990909576416,5.452324390411377,4.4962663650512695,nan
2.300,0,102.8911361694336,128.3223419189453,118.96016693115234,201.90740966796875,201.93338012695312,200.44091796875,0.456420361995697,0.4789157509803772,0.4977625012397766,46.96160888671875,61.455589294433594,59.21390914916992,-45.03518295288086,-57.12040710449219,-57.9195671081543,7.4560933113098145,18.108423233032227,2.053234338760376,0.9589787125587463,0.9294583201408386,0.9781412482261658,5.631990909576416,5.452324390411377,4.4962663650512695,nan
2.350,0,102.8911361694336,128.3223419189453,118.96016693115234,201.90740966796875,201.93338012695312,200.44091796875,0.456420361995697,0.4789157509803772,0.4977625012397766,46.96160888671875,61.455589294433594,59.21390914916992,-45.03518295288086,-57.12040710449219,-57.9195671081543,7.4560933113098145,18.108423233032227,2.053234338760376,0.9589787125587463,0.9294583201408386,0.9781412482261658,5.631990909576416,5.452324390411377,4.4962663650512695,nan
2.400,0,102.90030670166016,128.402099609375,119.00750732421875,201.97592163085938,202.10821533203125,200.45298767089844,0.457928866147995,0.4783127009868622,0.5037967562675476,47.12102127075195,61.41635513305664,59.955596923828125,-45.34332275390625,-56.87525939941406,-58.708011627197266,7.435882568359375,18.8096981048584,2.804147958755493,0.9622737765312195,0.9260604977607727,0.9791915416717529,5.822391986846924,5.529947757720947,4.562798976898193,nan
2.450,0,102.90030670166016,128.402099609375,119.00750732421875,201.97592163085938,202.10821533203125,200.45298767089844,0.457928866147995,0.4783127009868622,0.5037967562675476,47.12102127075195,61.41635513305664,59.955596923828125,-45.34332275390625,-56.87525939941406,-58.708011627197266,7.435882568359375,18.8096981048584,2.804147958755493,0.9622737765312195,0.9260604977607727,0.9791915416717529,5.822391986846924,5.529947757720947,4.562798976898193,nan
2.500,0,102.90030670166016,128.402099609375,119.00750732421875,201.97592163085938,202.10821533203125,200.45298767089844,0.457928866147995,0.4783127009868622,0.5037967562675476,47.12102127075195,61.41635513305664,59.955596923828125,-45.34332275390625,-56.87525939941406,-58.708011627197266,7.435882568359375,18.8096981048584,2.804147958755493,0.9622737765312195,0.9260604977607727,0.9791915416717529,5.822391986846924,5.529947757720947,4.562798976898193,nan
2.550,0,102.90030670166016,128.402099609375,119.00750732421875,201.97592163085938,202.10821533203125,200.45298767089844,0.457928866147995,0.4783127009868622,0.5037967562675476,47.12102127075195,61.41635513305664,59.955596923828125,-45.34332275390625,-56.87525939941406,-58.708011627197266,7.435882568359375,18.8096981048584,2.804147958755493,0.9622737765312195,0.9260604977607727,0.9791915416717529,5.822391986846924,5.529947757720947,4.562798976898193,nan
2.600,0,102.88846588134766,128.34059143066406,118.96112060546875,201.90081787109375,202.04612731933594,200.38917541503906,0.4533568024635315,0.4752849042415619,0.5015671849250793,46.64518737792969,60.99834442138672,59.666996002197266,-44.61704635620117,-56.10054016113281,-58.266998291015625,7.746619701385498,19.49151611328125,3.2702436447143555,0.9565198421478271,0.9197059273719788,0.9765364527702332,5.828719139099121,5.566408157348633,4.5696492195129395,nan
2.650,0,102.88846588134766,128.34059143066406,118.96112060546875,201.90081787109375,202.04612731933594,200.38917541503906,0.4533568024635315,0.4752849042415619,0.5015671849250793,46.64518737792969,60.99834442138672,59.666996002197266,-44.61704635620117,-56.10054016113281,-58.266998291015625,7.746619701385498,19.49151611328125,3.2702436447143555,0.9565198421478271,0.9197059273719788,0.9765364527702332,5.828719139099121,5.566408157348633,4.5696492195129395,nan
2.700,0,102.88846588134766,128.34059143066406,118.96112060546875,201.90081787109375,202.04612731933594,200.38917541503906,0.4533568024635315,0.4752849042415619,0.5015671849250793,46.64518737792969,60.99834442138672,59.666996002197266,-44.61704635620117,-56.10054016113281,-58.266998291015625,7.746619701385498,19.49151611328125,3.2702436447143555,0.9565198421478271,0.9197059273719788,0.9765364527702332,5.828719139099121,5.566408157348633,4.5696492195129395,nan
2.750,0,102.88846588134766,128.34059143066406,118.96112060546875,201.90081787109375,202.04612731933594,200.38917541503906,0.4533568024635315,0.4752849042415619,0.5015671849250793,46.64518737792969,60.99834442138672,59.666996002197266,-44.61704635620117,-56.10054016113281,-58.266998291015625,7.746619701385498,19.49151611328125,3.2702436447143555,0.9565198421478271,0.9197059273719788,0.9765364527702332,5.828719139099121,5.566408157348633,4.5696492195129395,nan
2.800,0,102.8635025024414,128.38819885253906,118.96797943115234,201.9365234375,202.0626220703125,200.3816375732422,0.45051488280296326,0.474710613489151,0.49825403094291687,46.34153747558594,60.94723892211914,59.276275634765625,-44.48776626586914,-56.42701721191406,-57.982704162597656,6.941168785095215,18.351329803466797,1.9463841915130615,0.9599976539611816,0.9258338809013367,0.9781772494316101,5.830419540405273,5.5739922523498535,4.5681986808776855,nan
2.850,0,102.8635025024414,128.38819885253906,118.96797943115234,201.9365234375,202.0626220703125,200.3816375732422,0.45051488280296326,0.474710613489151,0.49825403094291687,46.34153747558594,60.94723892211914,59.276275634765625,-44.48776626586914,-56.42701721191406,-57.982704162597656,6.941168785095215,18.351329803466797,1.9463841915130615,0.9599976539611816,0.9258338809013367,0.9781772494316101,5.830419540405273,5.5739922523498535,4.5681986808776855,nan
2.900,0,102.8635025024414,128.38819885253906,118.96797943115234,201.9365234375,202.0626220703125,200.3816375732422,0.45051488280296326,0.474710613489151,0.49825403094291687,46.34153747558594,60.94723892211914,59.276275634765625,-44.48776626586914,-56.42701721191406,-57.982704162597656,6.941168785095215,18.351329803466797,1.9463841915130615,0.9599976539611816,0.9258338809013367,0.9781772494316101,5.830419540405273,5.5739922523498535,4.5681986808776855,nan
2.950,0,102.8635025024414,128.38819885253906,118.96797943115234,201.9365234375,202.0626220703125,200.3816375732422,0.45051488280296326,0.474710613489151,0.49825403094291687,46.34153747558594,60.94723892211914,59.276275634765625,-44.48776626586914,-56.42701721191406,-57.982704162597656,6.941168785095215,18.351329803466797,1.9463841915130615,0.9599976539611816,0.9258338809013367,0.9781772494316101,5.830419540405273,5.5739922523498535,4.5681986808776855,nan
3.000,0,102.91958618164062,128.31378173828125,118.9629898071289,201.90737915039062,201.951904296875,200.46632385253906,0.4552967846393585,0.4752115309238434,0.49823179841041565,46.85895538330078,60.97618865966797,59.27114486694336,-44.90174865722656,-56.47330856323242,-57.838279724121094,7.135983467102051,18.02228355407715,2.2126307487487793,0.9582319855690002,0.9261534810066223,0.9758252501487732,5.689754009246826,5.46608829498291,4.527435302734375,nan
3.050,0,102.91958618164062,128.31378173828125,118.9629898071289,201.90737915039062,201.951904296875,200.46632385253906,0.4552967846393585,0.4752115309238434,0.49823179841041565,46.85895538330078,60.97618865966797,59.27114486694336,-44.90174865722656,-56.47330856323242,-57.838279724121094,7.135983467102051,18.02228355407715,2.2126307487487793,0.9582319855690002,0.9261534810066223,0.9758252501487732,5.689754009246826,5.46608829498291,4.527435302734375,nan
3.100,0,102.91958618164062,128.31378173828125,118.9629898071289,201.90737915039062,201.951904296875,200.46632385253906,0.4552967846393585,0.4752115309238434,0.49823179841041565,46.85895538330078,60.97618865966797,59.27114486694336,-44.90174865722656,-56.47330856323242,-57.838279724121094,7.135983467102051,18.02228355407715,2.2126307487487793,0.9582319855690002,0.9261534810066223,0.9758252501487732,5.689754009246826,5.46608829498291,4.527435302734375,nan
3.150,0,102.91958618164062,128.31378173828125,118.9629898071289,201.90737915039062,201.951904296875,200.46632385253906,0.4552967846393585,0.4752115309238434,0.49823179841041565,46.85895538330078,60.97618865966797,59.27114486694336,-44.90174865722656,-56.47330856323242,-57.838279724121094,7.135983467102051,18.02228355407715,2.2126307487487793,0.9582319855690002,0.9261534810066223,0.9758252501487732,5.689754009246826,5.46608829498291,4.527435302734375,nan
3.200,0,102.90557861328125,128.2248077392578,118.93167877197266,201.80166625976562,201.890380859375,200.41238403320312,0.45016536116600037,0.4734252691268921,0.4958241581916809,46.324527740478516,60.704864501953125,58.969200134277344,-44.48380661010742,-56.14560317993164,-57.731605529785156,7.856534957885742,19.066978454589844,2.9937307834625244,0.9602646827697754,0.9248946309089661,0.9790128469467163,5.617887496948242,5.41667366027832,4.493393421173096,nan
3.250,0,102.90557861328125,128.2248077392578,118.93167877197266,201.80166625976562,201.890380859375,200.41238403320312,0.45016536116600037,0.4734252691268921,0.4958241581916809,46.324527740478516,60.704864501953125,58.969200134277344,-44.48380661010742,-56.14560317993164,-57.731605529785156,7.856534957885742,19.066978454589844,2.9937307834625244,0.9602646827697754,0.9248946309089661,0.9790128469467163,5.617887496948242,5.41667366027832,4.493393421173096,nan
3.300,0,102.8947525024414,128.33663940429688,118.96622467041016,201.91810607910156,202.05690002441406,200.38194274902344,0.45221588015556335,0.4730795919895172,0.50193852186203,46.5306396484375,60.713443756103516,59.71372985839844,-44.80402374267578,-56.23134231567383,-58.52634811401367,7.076029300689697,18.896116256713867,2.661454439163208,0.9628929495811462,0.926176130771637,0.9801154136657715,5.818156719207764,5.491391658782959,4.63059663772583,nan
3.350,0,102.8947525024414,128.33663940429688,118.96622467041016,201.91810607910156,202.05690002441406,200.38194274902344,0.45221588015556335,0.4730795919895172,0.50193852186203,46.5306396484375,60.713443756103516,59.71372985839844,-44.80402374267578,-56.23134231567383,-58.52634811401367,7.076029300689697,18.896116256713867,2.661454439163208,0.9628929495811462,0.926176130771637,0.9801154136657715,5.818156719207764,5.491391658782959,4.63059663772583,nan
3.400,0,102.8509750366211,128.3643798828125,118.93475341796875,201.91941833496094,202.0309600830078,200.3164825439453,0.4502173066139221,0.4742879271507263,0.49807700514793396,46.30529022216797,60.881675720214844,59.23866653442383,-44.475196838378906,-56.43291091918945,-57.98375701904297,6.879392623901367,18.303993225097656,1.9021881818771362,0.9604776501655579,0.9269276857376099,0.978816032409668,5.856879234313965,5.5794677734375,4.701760292053223,nan
3.450,0,102.8509750366211,128.3643798828125,118.93475341796875,201.91941833496094,202.0309600830078,200.3164825439453,0.4502173066139221,0.4742879271507263,0.49807700514793396,46.30529022216797,60.881675720214844,59.23866653442383,-44.475196838378906,-56.43291091918945,-57.98375701904297,6.879392623901367,18.303993225097656,1.9021881818771362,0.9604776501655579,0.9269276857376099,0.978816032409668,5.856879234313965,5.5794677734375,4.701760292053223,nan
3.500,0,102.8509750366211,128.3643798828125,118.93475341796875,201.91941833496094,202.0309600830078,200.3164825439453,0.4502173066139221,0.4742879271507263,0.49807700514793396,46.30529022216797,60.881675720214844,59.23866653442383,-44.475196838378906,-56.43291091918945,-57.98375701904297,6.879392623901367,18.303993225097656,1.9021881818771362,0.9604776501655579,0.9269276857376099,0.978816032409668,5.856879234313965,5.5794677734375,4.701760292053223,nan
3.550,0,102.8509750366211,128.3643798828125,118.93475341796875,201.91941833496094,202.0309600830078,200.3164825439453,0.4502173066139221,0.4742879271507263,0.49807700514793396,46.30529022216797,60.881675720214844,59.23866653442383,-44.475196838378906,-56.43291091918945,-57.98375701904297,6.879392623901367,18.303993225097656,1.9021881818771362,0.9604776501655579,0.9269276857376099,0.978816032409668,5.856879234313965,5.5794677734375,4.701760292053223,nan
3.600,0,102.87883758544922,128.38088989257812,118.92731475830078,201.97845458984375,201.97621154785156,200.35910034179688,0.4548260271549225,0.47572213411331177,0.49948298931121826,46.79197311401367,61.073631286621094,59.40217208862305,-44.88445281982422,-56.48489761352539,-58.078834533691406,7.618041515350342,18.836933135986328,2.8589439392089844,0.9592339992523193,0.9248655438423157,0.9777224063873291,5.953505516052246,5.605280876159668,4.782896518707275,nan
3.650,0,102.87883758544922,128.38088989257812,118.92731475830078,201.97845458984375,201.97621154785156,200.35910034179688,0.4548260271549225,0.47572213411331177,0.49948298931121826,46.79197311401367,61.073631286621094,59.40217208862305,-44.88445281982422,-56.48489761352539,-58.078834533691406,7.618041515350342,18.836933135986328,2.8589439392089844,0.9592339992523193,0.9248655438423157,0.9777224063873291,5.953505516052246,5.605280876159668,4.782896518707275,nan
3.700,0,102.87883758544922,128.38088989257812,118.92731475830078,201.97845458984375,201.97621154785156,200.35910034179688,0.4548260271549225,0.47572213411331177,0.49948298931121826,46.79197311401367,61.073631286621094,59.40217208862305,-44.88445281982422,-56.48489761352539,-58.078834533691406,7.618041515350342,18.836933135986328,2.8589439392089844,0.9592339992523193,0.9248655438423157,0.9777224063873291,5.953505516052246,5.605280876159668,4.782896518707275,nan
3.750,0,102.87883758544922,128.38088989257812,118.92731475830078,201.97845458984375,201.97621154785156,200.35910034179688,0.4548260271549225,0.47572213411331177,0.49948298931121826,46.79197311401367,61.073631286621094,59.40217208862305,-44.88445281982422,-56.48489761352539,-58.078834533691406,7.618041515350342,18.836933135986328,2.8589439392089844,0.9592339992523193,0.9248655438423157,0.9777224063873291,5.953505516052246,5.605280876159668,4.782896518707275,nan
3.800,0,102.90647888183594,128.2649383544922,118.930908203125,201.85198974609375,201.88259887695312,200.4263153076172,0.45748406648635864,0.48178544640541077,0.5022149682044983,47.07807540893555,61.796180725097656,59.7288818359375,-45.08898162841797,-57.132633209228516,-58.4451904296875,8.043529510498047,19.2382869720459,2.848881244659424,0.95774906873703,0.9245334267616272,0.9785080552101135,5.759895324707031,5.509770393371582,4.694084644317627,nan
3.850,0,102.90647888183594,128.2649383544922,118.930908203125,201.85198974609375,201.88259887695312,200.4263153076172,0.45748406648635864,0.48178544640541077,0.5022149682044983,47.07807540893555,61.796180725097656,59.7288818359375,-45.08898162841797,-57.132633209228516,-58.4451904296875,8.043529510498047,19.2382869720459,2.848881244659424,0.95774906873703,0.9245334267616272,0.9785080552101135,5.759895324707031,5.509770393371582,4.694084644317627,nan
3.900,0,102.90647888183594,128.2649383544922,118.930908203125,201.85198974609375,201.88259887695312,200.4263153076172,0.45748406648635864,0.48178544640541077,0.5022149682044983,47.07807540893555,61.796180725097656,59.7288818359375,-45.08898162841797,-57.132633209228516,-58.4451904296875,8.043529510498047,19.2382869720459,2.848881244659424,0.95774906873703,0.9245334267616272,0.9785080552101135,5.759895324707031,5.509770393371582,4.694084644317627,nan
3.950,0,102.90647888183594,128.2649383544922,118.930908203125,201.85198974609375,201.88259887695312,200.4263153076172,0.45748406648635864,0.48178544640541077,0.5022149682044983,47.07807540893555,61.796180725097656,59.7288818359375,-45.08898162841797,-57.132633209228516,-58.4451904296875,8.043529510498047,19.2382869720459,2.848881244659424,0.95774906873703,0.9245334267616272,0.9785080552101135,5.759895324707031,5.509770393371582,4.694084644317627,nan
4.000,0,102.8565444946289,128.27978515625,118.90972137451172,201.81964111328125,201.8904266357422,200.35580444335938,0.4501907527446747,0.4748440682888031,0.497328519821167,46.3050651550293,60.91289520263672,59.1371955871582,-44.48264694213867,-56.49810791015625,-57.837337493896484,7.1402268409729,18.359987258911133,1.9808348417282104,0.9606432318687439,0.9275229573249817,0.9780195951461792,5.716857433319092,5.522417068481445,4.592019557952881,nan
4.050,0,102.8565444946289,128.27978515625,118.90972137451172,201.81964111328125,201.8904266357422,200.35580444335938,0.4501907527446747,0.4748440682888031,0.497328519821167,46.3050651550293,60.91289520263672,59.1371955871582,-44.48264694213867,-56.49810791015625,-57.837337493896484,7.1402268409729,18.359987258911133,1.9808348417282104,0.9606432318687439,0.9275229573249817,0.9780195951461792,5.716857433319092,5.522417068481445,4.592019557952881,nan
4.100,0,102.8565444946289,128.27978515625,118.90972137451172,201.81964111328125,201.8904266357422,200.35580444335938,0.4501907527446747,0.4748440682888031,0.497328519821167,46.3050651550293,60.91289520263672,59.1371955871582,-44.48264694213867,-56.49810791015625,-57.837337493896484,7.1402268409729,18.359987258911133,1.9808348417282104,0.9606432318687439,0.9275229573249817,0.9780195951461792,5.716857433319092,5.522417068481445,4.592019557952881,nan
4.150,0,102.8565444946289,128.27978515625,118.90972137451172,201.81964111328125,201.8904266357422,200.35580444335938,0.4501907527446747,0.4748440682888031,0.497328519821167,46.3050651550293,60.91289520263672,59.1371955871582,-44.48264694213867,-56.49810791015625,-57.837337493896484,7.1402268409729,18.359987258911133,1.9808348417282104,0.9606432318687439,0.9275229573249817,0.9780195951461792,5.716857433319092,5.522417068481445,4.592019557952881,nan
4.200,0,102.84454345703125,128.3809814453125,118.93309783935547,201.9290008544922,202.02735900878906,200.32122802734375,0.4520220458507538,0.47433239221572876,0.49838244915008545,46.48800277709961,60.895259857177734,59.274169921875,-44.595516204833984,-56.26971435546875,-57.982398986816406,7.450445175170898,18.851245880126953,2.7067198753356934,0.9592908620834351,0.9240409731864929,0.9782068729400635,5.853844165802002,5.572696208953857,4.587425231933594,nan
4.250,0,102.84454345703125,128.3809814453125,118.93309783935547,201.9290008544922,202.02735900878906,200.32122802734375,0.4520220458507538,0.47433239221572876,0.49838244915008545,46.48800277709961,60.895259857177734,59.274169921875,-44.595516204833984,-56.26971435546875,-57.982398986816406,7.450445175170898,18.851245880126953,2.7067198753356934,0.9592908620834351,0.9240409731864929,0.9782068729400635,5.853844165802002,5.572696208953857,4.587425231933594,nan
4.300,0,102.84454345703125,128.3809814453125,118.93309783935547,201.9290008544922,202.02735900878906,200.32122802734375,0.4520220458507538,0.47433239221572876,0.49838244915008545,46.48800277709961,60.895259857177734,59.274169921875,-44.595516204833984,-56.26971435546875,-57.982398986816406,7.450445175170898,18.851245880126953,2.7067198753356934,0.9592908620834351,0.9240409731864929,0.9782068729400635,5.853844165802002,5.572696208953857,4.587425231933594,nan
4.350,0,102.84454345703125,128.3809814453125,118.93309783935547,201.9290008544922,202.02735900878906,200.32122802734375,0.4520220458507538,0.47433239221572876,0.49838244915008545,46.48800277709961,60.895259857177734,59.274169921875,-44.595516204833984,-56.26971435546875,-57.982398986816406,7.450445175170898,18.851245880126953,2.7067198753356934,0.9592908620834351,0.9240409731864929,0.9782068729400635,5.853844165802002,5.572696208953857,4.587425231933594,nan
4.400,0,102.90814208984375,128.3826141357422,118.95916748046875,201.98751831054688,202.0916290283203,200.37147521972656,0.4532199501991272,0.4732317328453064,0.5017499327659607,46.64002227783203,60.75472640991211,59.6877555847168,-44.83662414550781,-56.226871490478516,-58.400203704833984,6.80459451675415,18.494491577148438,2.3861124515533447,0.961333692073822,0.9254732131958008,0.9784285426139832,5.868486404418945,5.547410011291504,4.628047466278076,nan
4.450,0,102.90814208984375,128.3826141357422,118.95916748046875,201.98751831054688,202.0916290283203,200.37147521972656,0.4532199501991272,0.4732317328453064,0.5017499327659607,46.64002227783203,60.75472640991211,59.6877555847168,-44.83662414550781,-56.226871490478516,-58.400203704833984,6.80459451675415,18.494491577148438,2.3861124515533447,0.961333692073822,0.9254732131958008,0.9784285426139832,5.868486404418945,5.547410011291504,4.628047466278076,nan
4.500,0,102.90814208984375,128.3826141357422,118.95916748046875,201.98751831054688,202.0916290283203,200.37147521972656,0.4532199501991272,0.4732317328453064,0.5017499327659607,46.64002227783203,60.75472640991211,59.6877555847168,-44.83662414550781,-56.226871490478516,-58.400203704833984,6.80459451675415,18.494491577148438,2.3861124515533447,0.961333692073822,0.9254732131958008,0.9784285426139832,5.868486404418945,5.547410011291504,4.628047466278076,nan
4.550,0,102.90814208984375,128.3826141357422,118.95916748046875,201.98751831054688,202.0916290283203,200.37147521972656,0.4532199501991272,0.4732317328453064,0.5017499327659607,46.64002227783203,60.75472640991211,59.6877555847168,-44.83662414550781,-56.226871490478516,-58.400203704833984,6.80459451675415,18.494491577148438,2.3861124515533447,0.961333692073822,0.9254732131958008,0.9784285426139832,5.868486404418945,5.547410011291504,4.628047466278076,nan
4.600,0,102.8669204711914,128.37339782714844,118.92459106445312,201.94805908203125,202.04920959472656,200.30270385742188,0.44561219215393066,0.4710065424442291,0.4964893162250519,45.83875274658203,60.4647102355957,59.0447883605957,-44.013946533203125,-55.83586883544922,-57.755577087402344,6.966299057006836,18.754655838012695,2.217454195022583,0.9601907730102539,0.9234455823898315,0.9781655073165894,5.856529235839844,5.554229736328125,4.6345906257629395,nan
4.650,0,102.8669204711914,128.37339782714844,118.92459106445312,201.94805908203125,202.04920959472656,200.30270385742188,0.44561219215393066,0.4710065424442291,0.4964893162250519,45.83875274658203,60.4647102355957,59.0447883605957,-44.013946533203125,-55.83586883544922,-57.755577087402344,6.966299057006836,18.754655838012695,2.217454195022583,0.9601907730102539,0.9234455823898315,0.9781655073165894,5.856529235839844,5.554229736328125,4.6345906257629395,nan
4.700,0,102.8669204711914,128.37339782714844,118.92459106445312,201.94805908203125,202.04920959472656,200.30270385742188,0.44561219215393066,0.4710065424442291,0.4964893162250519,45.83875274658203,60.4647102355957,59.0447883605957,-44.013946533203125,-55.83586883544922,-57.755577087402344,6.966299057006836,18.754655838012695,2.217454195022583,0.9601907730102539,0.9234455823898315,0.9781655073165894,5.856529235839844,5.554229736328125,4.6345906257629395,nan
4.750,0,102.8669204711914,128.37339782714844,118.92459106445312,201.94805908203125,202.04920959472656,200.30270385742188,0.44561219215393066,0.4710065424442291,0.4964893162250519,45.83875274658203,60.4647102355957,59.0447883605957,-44.013946533203125,-55.83586883544922,-57.755577087402344,6.966299057006836,18.754655838012695,2.217454195022583,0.9601907730102539,0.9234455823898315,0.9781655073165894,5.856529235839844,5.554229736328125,4.6345906257629395,nan
4.800,0,102.92378234863281,128.37974548339844,118.97899627685547,201.99917602539062,201.984619140625,200.48236083984375,0.45821690559387207,0.48058149218559265,0.5002276301383972,47.16141891479492,61.696929931640625,59.51658248901367,-45.13246536254883,-57.1328239440918,-58.132713317871094,7.877847671508789,18.70165252685547,2.6091806888580322,0.9569785594940186,0.9260237812995911,0.9767481684684753,5.728167533874512,5.49213981628418,4.574108600616455,nan
4.850,0,102.92378234863281,128.37974548339844,118.97899627685547,201.99917602539062,201.984619140625,200.48236083984375,0.45821690559387207,0.48058149218559265,0.5002276301383972,47.16141891479492,61.696929931640625,59.51658248901367,-45.13246536254883,-57.1328239440918,-58.132713317871094,7.877847671508789,18.70165252685547,2.6091806888580322,0.9569785594940186,0.9260237812995911,0.9767481684684753,5.728167533874512,5.49213981628418,4.574108600616455,nan
4.900,0,102.92378234863281,128.37974548339844,118.97899627685547,201.99917602539062,201.984619140625,200.48236083984375,0.45821690559387207,0.48058149218559265,0.5002276301383972,47.16141891479492,61.696929931640625,59.51658248901367,-45.13246536254883,-57.1328239440918,-58.132713317871094,7.877847671508789,18.70165252685547,2.6091806888580322,0.9569785594940186,0.9260237812995911,0.9767481684684753,5.728167533874512,5.49213981628418,4.574108600616455,nan
4.950,0,102.92378234863281,128.37974548339844,118.97899627685547,201.99917602539062,201.984619140625,200.48236083984375,0.45821690559387207,0.48058149218559265,0.5002276301383972,47.16141891479492,61.696929931640625,59.51658248901367,-45.13246536254883,-57.1328239440918,-58.132713317871094,7.877847671508789,18.70165252685547,2.6091806888580322,0.9569785594940186,0.9260237812995911,0.9767481684684753,5.728167533874512,5.49213981628418,4.574108600616455,nan
5.000,0,102.9619140625,128.34161376953125,118.9885025024414,201.9824981689453,201.9890594482422,200.51979064941406,0.4564973711967468,0.48149898648262024,0.5016323328018188,47.0018424987793,61.796356201171875,59.688480377197266,-45.157955169677734,-57.31047058105469,-58.4749870300293,7.792914867401123,18.913528442382812,2.4851081371307373,0.9607698917388916,0.9274085760116577,0.9796695709228516,5.663685321807861,5.416932106018066,4.552303791046143,nan
5.050,0,102.9619140625,128.34161376953125,118.9885025024414,201.9824981689453,201.9890594482422,200.51979064941406,0.4564973711967468,0.48149898648262024,0.5016323328018188,47.0018424987793,61.796356201171875,59.688480377197266,-45.157955169677734,-57.31047058105469,-58.4749870300293,7.792914867401123,18.913528442382812,2.4851081371307373,0.9607698917388916,0.9274085760116577,0.9796695709228516,5.663685321807861,5.416932106018066,4.552303791046143,nan
5.100,0,102.9619140625,128.34161376953125,118.9885025024414,201.9824981689453,201.9890594482422,200.51979064941406,0.4564973711967468,0.48149898648262024,0.5016323328018188,47.0018424987793,61.796356201171875,59.688480377197266,-45.157955169677734,-57.31047058105469,-58.4749870300293,7.792914867401123,18.913528442382812,2.4851081371307373,0.9607698917388916,0.9274085760116577,0.9796695709228516,5.663685321807861,5.416932106018066,4.552303791046143,nan
5.150,0,102.9619140625,128.34161376953125,118.9885025024414,201.9824981689453,201.9890594482422,200.51979064941406,0.4564973711967468,0.48149898648262024,0.5016323328018188,47.0018424987793,61.796356201171875,59.688480377197266,-45.157955169677734,-57.31047058105469,-58.4749870300293,7.792914867401123,18.913528442382812,2.4851081371307373,0.9607698917388916,0.9274085760116577,0.9796695709228516,5.663685321807861,5.416932106018066,4.552303791046143,nan
5.200,0,102.8648452758789,128.37564086914062,118.92802429199219,201.9359588623047,202.05491638183594,200.3140411376953,0.4467381238937378,0.47093465924263,0.4982989430427551,45.95364761352539,60.456539154052734,59.2617073059082,-44.01402282714844,-55.67435073852539,-57.88600540161133,7.070557117462158,19.061277389526367,2.523083448410034,0.9577916860580444,0.9208987355232239,0.9767860174179077,5.776907920837402,5.4586334228515625,4.5407609939575195,nan
5.250,0,102.8648452758789,128.37564086914062,118.92802429199219,201.9359588623047,202.05491638183594,200.3140411376953,0.4467381238937378,0.47093465924263,0.4982989430427551,45.95364761352539,60.456539154052734,59.2617073059082,-44.01402282714844,-55.67435073852539,-57.88600540161133,7.070557117462158,19.061277389526367,2.523083448410034,0.9577916860580444,0.9208987355232239,0.9767860174179077,5.776907920837402,5.4586334228515625,4.5407609939575195,nan
5.300,0,102.8648452758789,128.37564086914062,118.92802429199219,201.9359588623047,202.05491638183594,200.3140411376953,0.4467381238937378,0.47093465924263,0.4982989430427551,45.95364761352539,60.456539154052734,59.2617073059082,-44.01402282714844,-55.67435073852539,-57.88600540161133,7.070557117462158,19.061277389526367,2.523083448410034,0.9577916860580444,0.9208987355232239,0.9767860174179077,5.776907920837402,5.4586334228515625,4.5407609939575195,nan
5.350,0,102.8648452758789,128.37564086914062,118.92802429199219,201.9359588623047,202.05491638183594,200.3140411376953,0.4467381238937378,0.47093465924263,0.4982989430427551,45.95364761352539,60.456539154052734,59.2617073059082,-44.01402282714844,-55.67435073852539,-57.88600540161133,7.070557117462158,19.061277389526367,2.523083448410034,0.9577916860580444,0.9208987355232239,0.9767860174179077,5.776907920837402,5.4586334228515625,4.5407609939575195,nan
5.400,0,102.88734436035156,128.45169067382812,118.97726440429688,202.04595947265625,202.1131591796875,200.39157104492188,0.4520709812641144,0.47612881660461426,0.501234769821167,46.51238250732422,61.159549713134766,59.63554000854492,-44.68141174316406,-56.63351821899414,-58.36603546142578,7.060934543609619,18.710010528564453,2.144392490386963,0.9606347680091858,0.9259963035583496,0.978712260723114,5.770905494689941,5.428538799285889,4.504835605621338,nan
5.450,0,102.88734436035156,128.45169067382812,118.97726440429688,202.04595947265625,202.1131591796875,200.39157104492188,0.4520709812641144,0.47612881660461426,0.501234769821167,46.51238250732422,61.159549713134766,59.63554000854492,-44.68141174316406,-56.63351821899414,-58.36603546142578,7.060934543609619,18.710010528564453,2.144392490386963,0.9606347680091858,0.9259963035583496,0.978712260723114,5.770905494689941,5.428538799285889,4.504835605621338,nan
5.500,0,102.88734436035156,128.45169067382812,118.97726440429688,202.04595947265625,202.1131591796875,200.39157104492188,0.4520709812641144,0.47612881660461426,0.501234769821167,46.51238250732422,61.159549713134766,59.63554000854492,-44.68141174316406,-56.63351821899414,-58.36603546142578,7.060934543609619,18.710010528564453,2.144392490386963,0.9606347680091858,0.9259963035583496,0.978712260723114,5.770905494689941,5.428538799285889,4.504835605621338,nan
5.550,0,102.88734436035156,128.45169067382812,118.97726440429688,202.04595947265625,202.1131591796875,200.39157104492188,0.4520709812641144,0.47612881660461426,0.501234769821167,46.51238250732422,61.159549713134766,59.63554000854492,-44.68141174316406,-56.63351821899414,-58.36603546142578,7.060934543609619,18.710010528564453,2.144392490386963,0.9606347680091858,0.9259963035583496,0.978712260723114,5.770905494689941,5.428538799285889,4.504835605621338,nan
5.600,0,102.93238067626953,128.41680908203125,118.958740234375,202.05227661132812,202.08724975585938,200.4032745361328,0.4555129408836365,0.4768892228603363,0.5023335814476013,46.88703155517578,61.24059295654297,59.7569694519043,-44.92087173461914,-56.59200668334961,-58.38263702392578,7.135866165161133,18.637569427490234,2.4104957580566406,0.9580660462379456,0.9240930676460266,0.9770013093948364,5.771335124969482,5.410670280456543,4.541932582855225,nan
5.650,0,102.93238067626953,128.41680908203125,118.958740234375,202.05227661132812,202.08724975585938,200.4032745361328,0.4555129408836365,0.4768892228603363,0.5023335814476013,46.88703155517578,61.24059295654297,59.7569694519043,-44.92087173461914,-56.59200668334961,-58.38263702392578,7.135866165161133,18.637569427490234,2.4104957580566406,0.9580660462379456,0.9240930676460266,0.9770013093948364,5.771335124969482,5.410670280456543,4.541932582855225,nan
5.700,0,102.93238067626953,128.41680908203125,118.958740234375,202.05227661132812,202.08724975585938,200.4032745361328,0.4555129408836365,0.4768892228603363,0.5023335814476013,46.88703155517578,61.24059295654297,59.7569694519043,-44.92087173461914,-56.59200668334961,-58.38263702392578,7.135866165161133,18.637569427490234,2.4104957580566406,0.9580660462379456,0.9240930676460266,0.9770013093948364,5.771335124969482,5.410670280456543,4.541932582855225,nan
5.750,0,102.93238067626953,128.41680908203125,118.958740234375,202.05227661132812,202.08724975585938,200.4032745361328,0.4555129408836365,0.4768892228603363,0.5023335814476013,46.88703155517578,61.24059295654297,59.7569694519043,-44.92087173461914,-56.59200668334961,-58.38263702392578,7.135866165161133,18.637569427490234,2.4104957580566406,0.9580660462379456,0.9240930676460266,0.9770013093948364,5.771335124969482,5.410670280456543,4.541932582855225,nan
5.800,0,102.90164947509766,128.24453735351562,118.88363647460938,201.84864807128906,201.84974670410156,200.3491668701172,0.44277578592300415,0.4698716402053833,0.4927063286304474,45.56235885620117,60.25847244262695,58.5747184753418,-43.71881866455078,-55.63639831542969,-57.290000915527344,7.5053791999816895,19.088851928710938,2.5157787799835205,0.9595381021499634,0.9232958555221558,0.9780670404434204,5.616425514221191,5.357071399688721,4.499635696411133,nan
5.850,0,102.90164947509766,128.24453735351562,118.88363647460938,201.84864807128906,201.84974670410156,200.3491668701172,0.44277578592300415,0.4698716402053833,0.4927063286304474,45.56235885620117,60.25847244262695,58.5747184753418,-43.71881866455078,-55.63639831542969,-57.290000915527344,7.5053791999816895,19.088851928710938,2.5157787799835205,0.9595381021499634,0.9232958555221558,0.9780670404434204,5.616425514221191,5.357071399688721,4.499635696411133,nan
5.900,0,102.90164947509766,128.24453735351562,118.88363647460938,201.84864807128906,201.84974670410156,200.3491668701172,0.44277578592300415,0.4698716402053833,0.4927063286304474,45.56235885620117,60.25847244262695,58.5747184753418,-43.71881866455078,-55.63639831542969,-57.290000915527344,7.5053791999816895,19.088851928710938,2.5157787799835205,0.9595381021499634,0.9232958555221558,0.9780670404434204,5.616425514221191,5.357071399688721,4.499635696411133,nan
5.950,0,102.90164947509766,128.24453735351562,118.88363647460938,201.84864807128906,201.84974670410156,200.3491668701172,0.44277578592300415,0.4698716402053833,0.4927063286304474,45.56235885620117,60.25847244262695,58.5747184753418,-43.71881866455078,-55.63639831542969,-57.290000915527344,7.5053791999816895,19.088851928710938,2.5157787799835205,0.9595381021499634,0.9232958555221558,0.9780670404434204,5.616425514221191,5.357071399688721,4.499635696411133,nan
6.000,0,102.91016387939453,128.3429412841797,118.93463897705078,201.95233154296875,201.91244506835938,200.43621826171875,0.45374366641044617,0.4805013835430145,0.4983474910259247,46.6948356628418,61.66896057128906,59.27077865600586,-44.74027633666992,-57.230079650878906,-57.97896194458008,7.403133392333984,18.346845626831055,1.7159358263015747,0.9581418633460999,0.9280208349227905,0.9782048463821411,5.534886360168457,5.301708221435547,4.434279918670654,nan
6.050,0,102.91016387939453,128.3429412841797,118.93463897705078,201.95233154296875,201.91244506835938,200.43621826171875,0.45374366641044617,0.4805013835430145,0.4983474910259247,46.6948356628418,61.66896057128906,59.27077865600586,-44.74027633666992,-57.230079650878906,-57.97896194458008,7.403133392333984,18.346845626831055,1.7159358263015747,0.9581418633460999,0.9280208349227905,0.9782048463821411,5.534886360168457,5.301708221435547,4.434279918670654,nan
6.100,0,102.91016387939453,128.3429412841797,118.93463897705078,201.95233154296875,201.91244506835938,200.43621826171875,0.45374366641044617,0.4805013835430145,0.4983474910259247,46.6948356628418,61.66896057128906,59.27077865600586,-44.74027633666992,-57.230079650878906,-57.97896194458008,7.403133392333984,18.346845626831055,1.7159358263015747,0.9581418633460999,0.9280208349227905,0.9782048463821411,5.534886360168457,5.301708221435547,4.434279918670654,nan
6.150,0,102.91016387939453,128.3429412841797,118.93463897705078,201.95233154296875,201.91244506835938,200.43621826171875,0.45374366641044617,0.4805013835430145,0.4983474910259247,46.6948356628418,61.66896057128906,59.27077865600586,-44.74027633666992,-57.230079650878906,-57.97896194458008,7.403133392333984,18.346845626831055,1.7159358263015747,0.9581418633460999,0.9280208349227905,0.9782048463821411,5.534886360168457,5.301708221435547,4.434279918670654,nan
6.200,0,102.9506607055664,128.4739990234375,118.98468017578125,202.13461303710938,202.12257385253906,200.45126342773438,0.4547158479690552,0.47790831327438354,0.5038207173347473,46.813297271728516,61.3987922668457,59.94694519042969,-45.11674499511719,-56.902652740478516,-58.76557159423828,7.228970527648926,18.918916702270508,2.4740946292877197,0.963759183883667,0.9267715215682983,0.9802930355072021,5.782470703125,5.4402642250061035,4.578711032867432,nan
6.250,0,102.9506607055664,128.4739990234375,118.98468017578125,202.13461303710938,202.12257385253906,200.45126342773438,0.4547158479690552,0.47790831327438354,0.5038207173347473,46.813297271728516,61.3987922668457,59.94694519042969,-45.11674499511719,-56.902652740478516,-58.76557159423828,7.228970527648926,18.918916702270508,2.4740946292877197,0.963759183883667,0.9267715215682983,0.9802930355072021,5.782470703125,5.4402642250061035,4.578711032867432,nan
6.300,0,102.9506607055664,128.4739990234375,118.98468017578125,202.13461303710938,202.12257385253906,200.45126342773438,0.4547158479690552,0.47790831327438354,0.5038207173347473,46.813297271728516,61.3987922668457,59.94694519042969,-45.11674499511719,-56.902652740478516,-58.76557159423828,7.228970527648926,18.918916702270508,2.4740946292877197,0.963759183883667,0.9267715215682983,0.9802930355072021,5.782470703125,5.4402642250061035,4.578711032867432,nan
6.350,0,102.9506607055664,128.4739990234375,118.98468017578125,202.13461303710938,202.12257385253906,200.45126342773438,0.4547158479690552,0.47790831327438354,0.5038207173347473,46.813297271728516,61.3987922668457,59.94694519042969,-45.11674499511719,-56.902652740478516,-58.76557159423828,7.228970527648926,18.918916702270508,2.4740946292877197,0.963759183883667,0.9267715215682983,0.9802930355072021,5.782470703125,5.4402642250061035,4.578711032867432,nan
6.400,0,102.939697265625,128.4431610107422,118.96492767333984,202.09414672851562,202.1114044189453,200.40550231933594,0.45052167773246765,0.47551876306533813,0.5010663866996765,46.376564025878906,61.07713317871094,59.60932540893555,-44.37332534790039,-56.12434768676758,-58.29690933227539,7.8509745597839355,19.922758102416992,3.265226364135742,0.9568049311637878,0.9189093112945557,0.9779830574989319,5.806646823883057,5.486537933349609,4.600121974945068,nan
6.450,0,102.939697265625,128.4431610107422,118.96492767333984,202.09414672851562,202.1114044189453,200.40550231933594,0.45052167773246765,0.47551876306533813,0.5010663866996765,46.376564025878906,61.07713317871094,59.60932540893555,-44.37332534790039,-56.12434768676758,-58.29690933227539,7.8509745597839355,19.922758102416992,3.265226364135742,0.9568049311637878,0.9189093112945557,0.9779830574989319,5.806646823883057,5.486537933349609,4.600121974945068,nan
6.500,0,102.939697265625,128.4431610107422,118.96492767333984,202.09414672851562,202.1114044189453,200.40550231933594,0.45052167773246765,0.47551876306533813,0.5010663866996765,46.376564025878906,61.07713317871094,59.60932540893555,-44.37332534790039,-56.12434768676758,-58.29690933227539,7.8509745597839355,19.922758102416992,3.265226364135742,0.9568049311637878,0.9189093112945557,0.9779830574989319,5.806646823883057,5.486537933349609,4.600121974945068,nan
6.550,0,102.939697265625,128.4431610107422,118.96492767333984,202.09414672851562,202.1114044189453,200.40550231933594,0.45052167773246765,0.47551876306533813,0.5010663866996765,46.376564025878906,61.07713317871094,59.60932540893555,-44.37332534790039,-56.12434768676758,-58.29690933227539,7.8509745597839355,19.922758102416992,3.265226364135742,0.9568049311637878,0.9189093112945557,0.9779830574989319,5.806646823883057,5.486537933349609,4.600121974945068,nan
6.600,0,102.9140625,128.4591522216797,118.9955825805664,202.07916259765625,202.1549530029297,200.4148712158203,0.448305606842041,0.4747626781463623,0.49982354044914246,46.1369514465332,60.98760986328125,59.4767951965332,-44.378631591796875,-56.45068359375,-58.27681350708008,6.928084373474121,18.801328659057617,1.9895079135894775,0.9618891477584839,0.9256090521812439,0.9798243641853333,5.789590358734131,5.490512371063232,4.552619934082031,nan
6.650,0,102.9140625,128.4591522216797,118.9955825805664,202.07916259765625,202.1549530029297,200.4148712158203,0.448305606842041,0.4747626781463623,0.49982354044914246,46.1369514465332,60.98760986328125,59.4767951965332,-44.378631591796875,-56.45068359375,-58.27681350708008,6.928084373474121,18.801328659057617,1.9895079135894775,0.9618891477584839,0.9256090521812439,0.9798243641853333,5.789590358734131,5.490512371063232,4.552619934082031,nan
6.700,0,102.9140625,128.4591522216797,118.9955825805664,202.07916259765625,202.1549530029297,200.4148712158203,0.448305606842041,0.4747626781463623,0.49982354044914246,46.1369514465332,60.98760986328125,59.4767951965332,-44.378631591796875,-56.45068359375,-58.27681350708008,6.928084373474121,18.801328659057617,1.9895079135894775,0.9618891477584839,0.9256090521812439,0.9798243641853333,5.789590358734131,5.490512371063232,4.552619934082031,nan
6.750,0,102.9140625,128.4591522216797,118.9955825805664,202.07916259765625,202.1549530029297,200.4148712158203,0.448305606842041,0.4747626781463623,0.49982354044914246,46.1369514465332,60.98760986328125,59.4767951965332,-44.378631591796875,-56.45068359375,-58.27681350708008,6.928084373474121,18.801328659057617,1.9895079135894775,0.9618891477584839,0.9256090521812439,0.9798243641853333,5.789590358734131,5.490512371063232,4.552619934082031,nan
6.800,0,102.92760467529297,128.38963317871094,118.95053100585938,202.02464294433594,201.99929809570312,200.42811584472656,0.45299017429351807,0.4755971133708954,0.49668043851852417,46.62519454956055,61.061737060546875,59.08040237426758,-44.59629821777344,-56.498321533203125,-57.627174377441406,7.237689971923828,18.177148818969727,2.090909957885742,0.9564849734306335,0.9252655506134033,0.9754025340080261,5.679880619049072,5.421735763549805,4.520444393157959,nan
6.850,0,102.92760467529297,128.38963317871094,118.95053100585938,202.02464294433594,201.99929809570312,200.42811584472656,0.45299017429351807,0.4755971133708954,0.49668043851852417,46.62519454956055,61.061737060546875,59.08040237426758,-44.59629821777344,-56.498321533203125,-57.627174377441406,7.237689971923828,18.177148818969727,2.090909957885742,0.9564849734306335,0.9252655506134033,0.9754025340080261,5.679880619049072,5.421735763549805,4.520444393157959,nan
6.900,0,102.92760467529297,128.38963317871094,118.95053100585938,202.02464294433594,201.99929809570312,200.42811584472656,0.45299017429351807,0.4755971133708954,0.49668043851852417,46.62519454956055,61.061737060546875,59.08040237426758,-44.59629821777344,-56.498321533203125,-57.627174377441406,7.237689971923828,18.177148818969727,2.090909957885742,0.9564849734306335,0.9252655506134033,0.9754025340080261,5.679880619049072,5.421735763549805,4.520444393157959,nan
6.950,0,102.92760467529297,128.38963317871094,118.95053100585938,202.02464294433594,201.99929809570312,200.42811584472656,0.45299017429351807,0.4755971133708954,0.49668043851852417,46.62519454956055,61.061737060546875,59.08040237426758,-44.59629821777344,-56.498321533203125,-57.627174377441406,7.237689971923828,18.177148818969727,2.090909957885742,0.9564849734306335,0.9252655506134033,0.9754025340080261,5.679880619049072,5.421735763549805,4.520444393157959,nan
7.000,0,102.89547729492188,128.28436279296875,118.90452575683594,201.9008331298828,201.92318725585938,200.33021545410156,0.4511343240737915,0.47503986954689026,0.49894967675209045,46.419681549072266,60.940185546875,59.32737350463867,-44.49608612060547,-56.198707580566406,-58.02242660522461,7.7329182624816895,19.325197219848633,3.0007107257843018,0.9585607647895813,0.9221945405006409,0.9780042767524719,5.653135299682617,5.381250381469727,4.520380020141602,nan
7.050,0,102.89547729492188,128.28436279296875,118.90452575683594,201.9008331298828,201.92318725585938,200.33021545410156,0.4511343240737915,0.47503986954689026,0.49894967675209045,46.419681549072266,60.940185546875,59.32737350463867,-44.49608612060547,-56.198707580566406,-58.02242660522461,7.7329182624816895,19.325197219848633,3.0007107257843018,0.9585607647895813,0.9221945405006409,0.9780042767524719,5.653135299682617,5.381250381469727,4.520380020141602,nan
7.100,0,102.89547729492188,128.28436279296875,118.90452575683594,201.9008331298828,201.92318725585938,200.33021545410156,0.4511343240737915,0.47503986954689026,0.49894967675209045,46.419681549072266,60.940185546875,59.32737350463867,-44.49608612060547,-56.198707580566406,-58.02242660522461,7.7329182624816895,19.325197219848633,3.0007107257843018,0.9585607647895813,0.9221945405006409,0.9780042767524719,5.653135299682617,5.381250381469727,4.520380020141602,nan
7.150,0,102.89547729492188,128.28436279296875,118.90452575683594,201.9008331298828,201.92318725585938,200.33021545410156,0.4511343240737915,0.47503986954689026,0.49894967675209045,46.419681549072266,60.940185546875,59.32737350463867,-44.49608612060547,-56.198707580566406,-58.02242660522461,7.7329182624816895,19.325197219848633,3.0007107257843018,0.9585607647895813,0.9221945405006409,0.9780042767524719,5.653135299682617,5.381250381469727,4.520380020141602,nan
7.200,0,102.85614013671875,128.41407775878906,118.94367218017578,201.99603271484375,202.0832977294922,200.30496215820312,0.4514193534851074,0.4758574068546295,0.5000213980674744,46.431251525878906,61.106788635253906,59.47438049316406,-44.53151321411133,-56.52246856689453,-58.14665985107422,6.87007999420166,18.444791793823242,1.9167444705963135,0.9590849280357361,0.9249785542488098,0.97767573595047,5.79130220413208,5.451645851135254,4.545901775360107,nan
7.250,0,102.85614013671875,128.41407775878906,118.94367218017578,201.99603271484375,202.0832977294922,200.30496215820312,0.4514193534851074,0.4758574068546295,0.5000213980674744,46.431251525878906,61.106788635253906,59.47438049316406,-44.53151321411133,-56.52246856689453,-58.14665985107422,6.87007999420166,18.444791793823242,1.9167444705963135,0.9590849280357361,0.9249785542488098,0.97767573595047,5.79130220413208,5.451645851135254,4.545901775360107,nan
7.300,0,102.85614013671875,128.41407775878906,118.94367218017578,201.99603271484375,202.0832977294922,200.30496215820312,0.4514193534851074,0.4758574068546295,0.5000213980674744,46.431251525878906,61.106788635253906,59.47438049316406,-44.53151321411133,-56.52246856689453,-58.14665985107422,6.87007999420166,18.444791793823242,1.9167444705963135,0.9590849280357361,0.9249785542488098,0.97767573595047,5.79130220413208,5.451645851135254,4.545901775360107,nan
7.350,0,102.85614013671875,128.41407775878906,118.94367218017578,201.99603271484375,202.0832977294922,200.30496215820312,0.4514193534851074,0.4758574068546295,0.5000213980674744,46.431251525878906,61.106788635253906,59.47438049316406,-44.53151321411133,-56.52246856689453,-58.14665985107422,6.87007999420166,18.444791793823242,1.9167444705963135,0.9590849280357361,0.9249785542488098,0.97767573595047,5.79130220413208,5.451645851135254,4.545901775360107,nan
7.400,0,102.87098693847656,128.4263153076172,118.94355773925781,202.01763916015625,202.051025390625,200.34751892089844,0.4518496096134186,0.47407346963882446,0.4999540448188782,46.482215881347656,60.88351058959961,59.466312408447266,-44.725040435791016,-56.43721389770508,-58.205223083496094,6.973183631896973,18.47743034362793,2.2057130336761475,0.9621968269348145,0.9269704222679138,0.978793203830719,5.830103874206543,5.451327323913574,4.550527572631836,nan
7.450,0,102.87098693847656,128.4263153076172,118.94355773925781,202.01763916015625,202.051025390625,200.34751892089844,0.4518496096134186,0.47407346963882446,0.4999540448188782,46.482215881347656,60.88351058959961,59.466312408447266,-44.725040435791016,-56.43721389770508,-58.205223083496094,6.973183631896973,18.47743034362793,2.2057130336761475,0.9621968269348145,0.9269704222679138,0.978793203830719,5.830103874206543,5.451327323913574,4.550527572631836,nan
7.500,0,102.87098693847656,128.4263153076172,118.94355773925781,202.01763916015625,202.051025390625,200.34751892089844,0.4518496096134186,0.47407346963882446,0.4999540448188782,46.482215881347656,60.88351058959961,59.466312408447266,-44.725040435791016,-56.43721389770508,-58.205223083496094,6.973183631896973,18.47743034362793,2.2057130336761475,0.9621968269348145,0.9269704222679138,0.978793203830719,5.830103874206543,5.451327323913574,4.550527572631836,nan
7.550,0,102.87098693847656,128.4263153076172,118.94355773925781,202.01763916015625,202.051025390625,200.34751892089844,0.4518496096134186,0.47407346963882446,0.4999540448188782,46.482215881347656,60.88351058959961,59.466312408447266,-44.725040435791016,-56.43721389770508,-58.205223083496094,6.973183631896973,18.47743034362793,2.2057130336761475,0.9621968269348145,0.9269704222679138,0.978793203830719,5.830103874206543,5.451327323913574,4.550527572631836,nan
7.600,0,102.92382049560547,128.40748596191406,118.9459228515625,202.0418701171875,202.06471252441406,200.38075256347656,0.4568982422351837,0.4801695942878723,0.5060582160949707,47.02571105957031,61.657371520996094,60.19356155395508,-44.998050689697266,-56.70319366455078,-58.88455581665039,7.910004615783691,19.897598266601562,3.3447659015655518,0.9568818807601929,0.9196498990058899,0.9782533645629883,5.829883575439453,5.4801740646362305,4.5979390144348145,nan
7.650,0,102.92382049560547,128.40748596191406,118.9459228515625,202.0418701171875,202.06471252441406,200.38075256347656,0.4568982422351837,0.4801695942878723,0.5060582160949707,47.02571105957031,61.657371520996094,60.19356155395508,-44.998050689697266,-56.70319366455078,-58.88455581665039,7.910004615783691,19.897598266601562,3.3447659015655518,0.9568818807601929,0.9196498990058899,0.9782533645629883,5.829883575439453,5.4801740646362305,4.5979390144348145,nan
7.700,0,102.92382049560547,128.40748596191406,118.9459228515625,202.0418701171875,202.06471252441406,200.38075256347656,0.4568982422351837,0.4801695942878723,0.5060582160949707,47.02571105957031,61.657371520996094,60.19356155395508,-44.998050689697266,-56.70319366455078,-58.88455581665039,7.910004615783691,19.897598266601562,3.3447659015655518,0.9568818807601929,0.9196498990058899,0.9782533645629883,5.829883575439453,5.4801740646362305,4.5979390144348145,nan
7.750,0,102.92382049560547,128.40748596191406,118.9459228515625,202.0418701171875,202.06471252441406,200.38075256347656,0.4568982422351837,0.4801695942878723,0.5060582160949707,47.02571105957031,61.657371520996094,60.19356155395508,-44.998050689697266,-56.70319366455078,-58.88455581665039,7.910004615783691,19.897598266601562,3.3447659015655518,0.9568818807601929,0.9196498990058899,0.9782533645629883,5.829883575439453,5.4801740646362305,4.5979390144348145,nan
7.800,0,102.90221405029297,128.38766479492188,118.95750427246094,201.99778747558594,202.04513549804688,200.3887176513672,0.4495508670806885,0.4760495722293854,0.5005753636360168,46.25978088378906,61.118892669677734,59.54719543457031,-44.50282669067383,-56.61621856689453,-58.3114013671875,7.0411176681518555,18.798198699951172,2.001455307006836,0.9620198607444763,0.9263292551040649,0.9792467951774597,5.750950336456299,5.439764976501465,4.568761825561523,nan
7.850,0,102.90221405029297,128.38766479492188,118.95750427246094,201.99778747558594,202.04513549804688,200.3887176513672,0.4495508670806885,0.4760495722293854,0.5005753636360168,46.25978088378906,61.118892669677734,59.54719543457031,-44.50282669067383,-56.61621856689453,-58.3114013671875,7.0411176681518555,18.798198699951172,2.001455307006836,0.9620198607444763,0.9263292551040649,0.9792467951774597,5.750950336456299,5.439764976501465,4.568761825561523,nan
7.900,0,102.90221405029297,128.38766479492188,118.95750427246094,201.99778747558594,202.04513549804688,200.3887176513672,0.4495508670806885,0.4760495722293854,0.5005753636360168,46.25978088378906,61.118892669677734,59.54719543457031,-44.50282669067383,-56.61621856689453,-58.3114013671875,7.0411176681518555,18.798198699951172,2.001455307006836,0.9620198607444763,0.9263292551040649,0.9792467951774597,5.750950336456299,5.439764976501465,4.568761825561523,nan
7.950,0,102.90221405029297,128.38766479492188,118.95750427246094,201.99778747558594,202.04513549804688,200.3887176513672,0.4495508670806885,0.4760495722293854,0.5005753636360168,46.25978088378906,61.118892669677734,59.54719543457031,-44.50282669067383,-56.61621856689453,-58.3114013671875,7.0411176681518555,18.798198699951172,2.001455307006836,0.9620198607444763,0.9263292551040649,0.9792467951774597,5.750950336456299,5.439764976501465,4.568761825561523,nan
8.000,0,102.84828186035156,128.3711700439453,118.89852142333984,201.94081115722656,201.9588623046875,200.29940795898438,0.4477192461490631,0.4743153154850006,0.4958944022655487,46.04715347290039,60.88841247558594,58.96111297607422,-44.06216812133789,-56.228031158447266,-57.576236724853516,7.155468463897705,18.566265106201172,1.9410301446914673,0.9568923115730286,0.9234603047370911,0.9765120148658752,5.741243362426758,5.445597171783447,4.5595526695251465,nan
8.050,0,102.84828186035156,128.3711700439453,118.89852142333984,201.94081115722656,201.9588623046875,200.29940795898438,0.4477192461490631,0.4743153154850006,0.4958944022655487,46.04715347290039,60.88841247558594,58.96111297607422,-44.06216812133789,-56.228031158447266,-57.576236724853516,7.155468463897705,18.566265106201172,1.9410301446914673,0.9568923115730286,0.9234603047370911,0.9765120148658752,5.741243362426758,5.445597171783447,4.5595526695251465,nan
8.100,0,102.84828186035156,128.3711700439453,118.89852142333984,201.94081115722656,201.9588623046875,200.29940795898438,0.4477192461490631,0.4743153154850006,0.4958944022655487,46.04715347290039,60.88841247558594,58.96111297607422,-44.06216812133789,-56.228031158447266,-57.576236724853516,7.155468463897705,18.566265106201172,1.9410301446914673,0.9568923115730286,0.9234603047370911,0.9765120148658752,5.741243362426758,5.445597171783447,4.5595526695251465,nan
8.150,0,102.84828186035156,128.3711700439453,118.89852142333984,201.94081115722656,201.9588623046875,200.29940795898438,0.4477192461490631,0.4743153154850006,0.4958944022655487,46.04715347290039,60.88841247558594,58.96111297607422,-44.06216812133789,-56.228031158447266,-57.576236724853516,7.155468463897705,18.566265106201172,1.9410301446914673,0.9568923115730286,0.9234603047370911,0.9765120148658752,5.741243362426758,5.445597171783447,4.5595526695251465,nan
8.200,0,102.91243743896484,128.40077209472656,118.96183776855469,202.02066040039062,202.08685302734375,200.3820037841797,0.45406457781791687,0.47575610876083374,0.502515971660614,46.7288932800293,61.08745193481445,59.78022384643555,-44.87303924560547,-56.42832946777344,-58.526824951171875,7.303864479064941,19.068498611450195,2.7829790115356445,0.9602846503257751,0.9237303137779236,0.9790332317352295,5.796804428100586,5.426923751831055,4.545248985290527,nan
8.250,0,102.91243743896484,128.40077209472656,118.96183776855469,202.02066040039062,202.08685302734375,200.3820037841797,0.45406457781791687,0.47575610876083374,0.502515971660614,46.7288932800293,61.08745193481445,59.78022384643555,-44.87303924560547,-56.42832946777344,-58.526824951171875,7.303864479064941,19.068498611450195,2.7829790115356445,0.9602846503257751,0.9237303137779236,0.9790332317352295,5.796804428100586,5.426923751831055,4.545248985290527,nan
8.300,0,102.91243743896484,128.40077209472656,118.96183776855469,202.02066040039062,202.08685302734375,200.3820037841797,0.45406457781791687,0.47575610876083374,0.502515971660614,46.7288932800293,61.08745193481445,59.78022384643555,-44.87303924560547,-56.42832946777344,-58.526824951171875,7.303864479064941,19.068498611450195,2.7829790115356445,0.9602846503257751,0.9237303137779236,0.9790332317352295,5.796804428100586,5.426923751831055,4.545248985290527,nan
8.350,0,102.91243743896484,128.40077209472656,118.96183776855469,202.02066040039062,202.08685302734375,200.3820037841797,0.45406457781791687,0.47575610876083374,0.502515971660614,46.7288932800293,61.08745193481445,59.78022384643555,-44.87303924560547,-56.42832946777344,-58.526824951171875,7.303864479064941,19.068498611450195,2.7829790115356445,0.9602846503257751,0.9237303137779236,0.9790332317352295,5.796804428100586,5.426923751831055,4.545248985290527,nan
8.400,0,102.91632843017578,128.40484619140625,118.97058868408203,202.0318603515625,202.10113525390625,200.38613891601562,0.448474645614624,0.47468462586402893,0.5004318952560425,46.155364990234375,60.951805114746094,59.536678314208984,-44.33467102050781,-56.308006286621094,-58.266963958740234,7.001086711883545,18.946321487426758,2.148371458053589,0.9605529308319092,0.9238119721412659,0.9786733984947205,5.827754974365234,5.447081565856934,4.592275619506836,nan
8.450,0,102.91632843017578,128.40484619140625,118.97058868408203,202.0318603515625,202.10113525390625,200.38613891601562,0.448474645614624,0.47468462586402893,0.5004318952560425,46.155364990234375,60.951805114746094,59.536678314208984,-44.33467102050781,-56.308006286621094,-58.266963958740234,7.001086711883545,18.946321487426758,2.148371458053589,0.9605529308319092,0.9238119721412659,0.9786733984947205,5.827754974365234,5.447081565856934,4.592275619506836,nan
8.500,0,102.91632843017578,128.40484619140625,118.97058868408203,202.0318603515625,202.10113525390625,200.38613891601562,0.448474645614624,0.47468462586402893,0.5004318952560425,46.155364990234375,60.951805114746094,59.536678314208984,-44.33467102050781,-56.308006286621094,-58.266963958740234,7.001086711883545,18.946321487426758,2.148371458053589,0.9605529308319092,0.9238119721412659,0.9786733984947205,5.827754974365234,5.447081565856934,4.592275619506836,nan
8.550,0,102.91632843017578,128.40484619140625,118.97058868408203,202.0318603515625,202.10113525390625,200.38613891601562,0.448474645614624,0.47468462586402893,0.5004318952560425,46.155364990234375,60.951805114746094,59.536678314208984,-44.33467102050781,-56.308006286621094,-58.266963958740234,7.001086711883545,18.946321487426758,2.148371458053589,0.9605529308319092,0.9238119721412659,0.9786733984947205,5.827754974365234,5.447081565856934,4.592275619506836,nan
8.600,0,102.88577270507812,128.39085388183594,118.95195007324219,201.9999237060547,202.01873779296875,200.37310791015625,0.45099112391471863,0.4741365611553192,0.4967803657054901,46.400569915771484,60.87479782104492,59.092994689941406,-44.48548126220703,-56.286041259765625,-57.8187255859375,7.596147537231445,18.923940658569336,2.6945486068725586,0.9587270617485046,0.9246197938919067,0.9784362316131592,5.827761650085449,5.47837495803833,4.603540420532227,nan
8.650,0,102.88577270507812,128.39085388183594,118.95195007324219,201.9999237060547,202.01873779296875,200.37310791015625,0.45099112391471863,0.4741365611553192,0.4967803657054901,46.400569915771484,60.87479782104492,59.092994689941406,-44.48548126220703,-56.286041259765625,-57.8187255859375,7.596147537231445,18.923940658569336,2.6945486068725586,0.9587270617485046,0.9246197938919067,0.9784362316131592,5.827761650085449,5.47837495803833,4.603540420532227,nan
8.700,0,102.88577270507812,128.39085388183594,118.95195007324219,201.9999237060547,202.01873779296875,200.37310791015625,0.45099112391471863,0.4741365611553192,0.4967803657054901,46.400569915771484,60.87479782104492,59.092994689941406,-44.48548126220703,-56.286041259765625,-57.8187255859375,7.596147537231445,18.923940658569336,2.6945486068725586,0.9587270617485046,0.9246197938919067,0.9784362316131592,5.827761650085449,5.47837495803833,4.603540420532227,nan
8.750,0,102.88577270507812,128.39085388183594,118.95195007324219,201.9999237060547,202.01873779296875,200.37310791015625,0.45099112391471863,0.4741365611553192,0.4967803657054901,46.400569915771484,60.87479782104492,59.092994689941406,-44.48548126220703,-56.286041259765625,-57.8187255859375,7.596147537231445,18.923940658569336,2.6945486068725586,0.9587270617485046,0.9246197938919067,0.9784362316131592,5.827761650085449,5.47837495803833,4.603540420532227,nan
8.800,0,102.9296875,128.3381805419922,118.967529296875,201.96054077148438,201.95535278320312,200.47276306152344,0.45712676644325256,0.48175016045570374,0.5031301975250244,47.05191421508789,61.82693862915039,59.85615539550781,-45.22069549560547,-57.235755920410156,-58.66345977783203,7.949524879455566,19.263999938964844,2.8385732173919678,0.9610809087753296,0.9257413744926453,0.9800739884376526,5.675883769989014,5.42410945892334,4.548056125640869,nan
8.850,0,102.9296875,128.3381805419922,118.967529296875,201.96054077148438,201.95535278320312,200.47276306152344,0.45712676644325256,0.48175016045570374,0.5031301975250244,47.05191421508789,61.82693862915039,59.85615539550781,-45.22069549560547,-57.235755920410156,-58.66345977783203,7.949524879455566,19.263999938964844,2.8385732173919678,0.9610809087753296,0.9257413744926453,0.9800739884376526,5.675883769989014,5.42410945892334,4.548056125640869,nan
8.900,0,102.9296875,128.3381805419922,118.967529296875,201.96054077148438,201.95535278320312,200.47276306152344,0.45712676644325256,0.48175016045570374,0.5031301975250244,47.05191421508789,61.82693862915039,59.85615539550781,-45.22069549560547,-57.235755920410156,-58.66345977783203,7.949524879455566,19.263999938964844,2.8385732173919678,0.9610809087753296,0.9257413744926453,0.9800739884376526,5.675883769989014,5.42410945892334,4.548056125640869,nan
8.950,0,102.9296875,128.3381805419922,118.967529296875,201.96054077148438,201.95535278320312,200.47276306152344,0.45712676644325256,0.48175016045570374,0.5031301975250244,47.05191421508789,61.82693862915039,59.85615539550781,-45.22069549560547,-57.235755920410156,-58.66345977783203,7.949524879455566,19.263999938964844,2.8385732173919678,0.9610809087753296,0.9257413744926453,0.9800739884376526,5.675883769989014,5.42410945892334,4.548056125640869,nan
9.000,0,102.88616180419922,128.2738800048828,118.91179656982422,201.8708953857422,201.86988830566406,200.3716583251953,0.45275381207466125,0.47627368569374084,0.49859902262687683,46.58210372924805,61.093475341796875,59.289306640625,-44.67652130126953,-56.61209487915039,-57.977420806884766,7.249751567840576,18.46065902709961,2.1347343921661377,0.9590919613838196,0.9266471266746521,0.9778731465339661,5.6581950187683105,5.4114298820495605,4.550609111785889,nan
9.050,0,102.88616180419922,128.2738800048828,118.91179656982422,201.8708953857422,201.86988830566406,200.3716583251953,0.45275381207466125,0.47627368569374084,0.49859902262687683,46.58210372924805,61.093475341796875,59.289306640625,-44.67652130126953,-56.61209487915039,-57.977420806884766,7.249751567840576,18.46065902709961,2.1347343921661377,0.9590919613838196,0.9266471266746521,0.9778731465339661,5.6581950187683105,5.4114298820495605,4.550609111785889,nan
9.100,0,102.88616180419922,128.2738800048828,118.91179656982422,201.8708953857422,201.86988830566406,200.3716583251953,0.45275381207466125,0.47627368569374084,0.49859902262687683,46.58210372924805,61.093475341796875,59.289306640625,-44.67652130126953,-56.61209487915039,-57.977420806884766,7.249751567840576,18.46065902709961,2.1347343921661377,0.9590919613838196,0.9266471266746521,0.9778731465339661,5.6581950187683105,5.4114298820495605,4.550609111785889,nan
9.150,0,102.88616180419922,128.2738800048828,118.91179656982422,201.8708953857422,201.86988830566406,200.3716583251953,0.45275381207466125,0.47627368569374084,0.49859902262687683,46.58210372924805,61.093475341796875,59.289306640625,-44.67652130126953,-56.61209487915039,-57.977420806884766,7.249751567840576,18.46065902709961,2.1347343921661377,0.9590919613838196,0.9266471266746521,0.9778731465339661,5.6581950187683105,5.4114298820495605,4.550609111785889,nan
9.200,0,102.81463623046875,128.32464599609375,118.9122543334961,201.85824584960938,201.9402618408203,200.28689575195312,0.44928860664367676,0.47388511896133423,0.49730098247528076,46.193443298339844,60.81114196777344,59.13518142700195,-44.36003875732422,-56.269622802734375,-57.90796661376953,7.303732872009277,18.803062438964844,2.368030548095703,0.9603102803230286,0.925317645072937,0.9792472720146179,5.779804706573486,5.478708267211914,4.5842742919921875,nan
9.250,0,102.81463623046875,128.32464599609375,118.9122543334961,201.85824584960938,201.9402618408203,200.28689575195312,0.44928860664367676,0.47388511896133423,0.49730098247528076,46.193443298339844,60.81114196777344,59.13518142700195,-44.36003875732422,-56.269622802734375,-57.90796661376953,7.303732872009277,18.803062438964844,2.368030548095703,0.9603102803230286,0.925317645072937,0.9792472720146179,5.779804706573486,5.478708267211914,4.5842742919921875,nan
9.300,0,102.81463623046875,128.32464599609375,118.9122543334961,201.85824584960938,201.9402618408203,200.28689575195312,0.44928860664367676,0.47388511896133423,0.49730098247528076,46.193443298339844,60.81114196777344,59.13518142700195,-44.36003875732422,-56.269622802734375,-57.90796661376953,7.303732872009277,18.803062438964844,2.368030548095703,0.9603102803230286,0.925317645072937,0.9792472720146179,5.779804706573486,5.478708267211914,4.5842742919921875,nan
9.350,0,102.81463623046875,128.32464599609375,118.9122543334961,201.85824584960938,201.9402618408203,200.28689575195312,0.44928860664367676,0.47388511896133423,0.49730098247528076,46.193443298339844,60.81114196777344,59.13518142700195,-44.36003875732422,-56.269622802734375,-57.90796661376953,7.303732872009277,18.803062438964844,2.368030548095703,0.9603102803230286,0.925317645072937,0.9792472720146179,5.779804706573486,5.478708267211914,4.5842742919921875,nan
9.400,0,102.85101318359375,128.3494110107422,118.91146850585938,201.92921447753906,201.97909545898438,200.2914581298828,0.4544000029563904,0.47547855973243713,0.5005121231079102,46.73550033569336,61.02739334106445,59.516632080078125,-44.8962516784668,-56.58671188354492,-58.22437286376953,6.802164554595947,18.11859703063965,1.996216893196106,0.9606455564498901,0.9272346496582031,0.978287398815155,5.8104658126831055,5.446229457855225,4.590444087982178,nan
9.450,0,102.85101318359375,128.3494110107422,118.91146850585938,201.92921447753906,201.97909545898438,200.2914581298828,0.4544000029563904,0.47547855973243713,0.5005121231079102,46.73550033569336,61.02739334106445,59.516632080078125,-44.8962516784668,-56.58671188354492,-58.22437286376953,6.802164554595947,18.11859703063965,1.996216893196106,0.9606455564498901,0.9272346496582031,0.978287398815155,5.8104658126831055,5.446229457855225,4.590444087982178,nan
9.500,0,102.85101318359375,128.3494110107422,118.91146850585938,201.92921447753906,201.97909545898438,200.2914581298828,0.4544000029563904,0.47547855973243713,0.5005121231079102,46.73550033569336,61.02739334106445,59.516632080078125,-44.8962516784668,-56.58671188354492,-58.22437286376953,6.802164554595947,18.11859703063965,1.996216893196106,0.9606455564498901,0.9272346496582031,0.978287398815155,5.8104658126831055,5.446229457855225,4.590444087982178,nan
9.550,0,102.85101318359375,128.3494110107422,118.91146850585938,201.92921447753906,201.97909545898438,200.2914581298828,0.4544000029563904,0.47547855973243713,0.5005121231079102,46.73550033569336,61.02739334106445,59.516632080078125,-44.8962516784668,-56.58671188354492,-58.22437286376953,6.802164554595947,18.11859703063965,1.996216893196106,0.9606455564498901,0.9272346496582031,0.978287398815155,5.8104658126831055,5.446229457855225,4.590444087982178,nan
9.600,0,102.81759643554688,128.27239990234375,118.87252807617188,201.8282012939453,201.89437866210938,200.22299194335938,0.44779595732688904,0.47113263607025146,0.49670812487602234,46.04130554199219,60.43331527709961,59.044952392578125,-44.189144134521484,-55.80339050292969,-57.76237869262695,7.2750325202941895,18.930015563964844,2.644474744796753,0.9597717523574829,0.923387885093689,0.9782780408859253,5.760894775390625,5.4076337814331055,4.565448760986328,nan
9.650,0,102.81759643554688,128.27239990234375,118.87252807617188,201.8282012939453,201.89437866210938,200.22299194335938,0.44779595732688904,0.47113263607025146,0.49670812487602234,46.04130554199219,60.43331527709961,59.044952392578125,-44.189144134521484,-55.80339050292969,-57.76237869262695,7.2750325202941895,18.930015563964844,2.644474744796753,0.9597717523574829,0.923387885093689,0.9782780408859253,5.760894775390625,5.4076337814331055,4.565448760986328,nan
9.700,0,102.81759643554688,128.27239990234375,118.87252807617188,201.8282012939453,201.89437866210938,200.22299194335938,0.44779595732688904,0.47113263607025146,0.49670812487602234,46.04130554199219,60.43331527709961,59.044952392578125,-44.189144134521484,-55.80339050292969,-57.76237869262695,7.2750325202941895,18.930015563964844,2.644474744796753,0.9597717523574829,0.923387885093689,0.9782780408859253,5.760894775390625,5.4076337814331055,4.565448760986328,nan
9.750,0,102.81759643554688,128.27239990234375,118.87252807617188,201.8282012939453,201.89437866210938,200.22299194335938,0.44779595732688904,0.47113263607025146,0.49670812487602234,46.04130554199219,60.43331527709961,59.044952392578125,-44.189144134521484,-55.80339050292969,-57.76237869262695,7.2750325202941895,18.930015563964844,2.644474744796753,0.9597717523574829,0.923387885093689,0.9782780408859253,5.760894775390625,5.4076337814331055,4.565448760986328,nan
9.800,0,102.82303619384766,128.26922607421875,118.90071105957031,201.81741333007812,201.86289978027344,200.2984619140625,0.4528583884239197,0.47817012667655945,0.4973863363265991,46.564273834228516,61.334510803222656,59.13958740234375,-44.546844482421875,-56.74439239501953,-57.80517578125,7.520578384399414,18.58637046813965,2.176516056060791,0.956674337387085,0.9251625537872314,0.9774362444877625,5.643135070800781,5.345522403717041,4.505453109741211,nan
9.850,0,102.82303619384766,128.26922607421875,118.90071105957031,201.81741333007812,201.86289978027344,200.2984619140625,0.4528583884239197,0.47817012667655945,0.4973863363265991,46.564273834228516,61.334510803222656,59.13958740234375,-44.546844482421875,-56.74439239501953,-57.80517578125,7.520578384399414,18.58637046813965,2.176516056060791,0.956674337387085,0.9251625537872314,0.9774362444877625,5.643135070800781,5.345522403717041,4.505453109741211,nan
9.900,0,102.82303619384766,128.26922607421875,118.90071105957031,201.81741333007812,201.86289978027344,200.2984619140625,0.4528583884239197,0.47817012667655945,0.4973863363265991,46.564273834228516,61.334510803222656,59.13958740234375,-44.546844482421875,-56.74439239501953,-57.80517578125,7.520578384399414,18.58637046813965,2.176516056060791,0.956674337387085,0.9251625537872314,0.9774362444877625,5.643135070800781,5.345522403717041,4.505453109741211,nan
9.950,0,102.82303619384766,128.26922607421875,118.90071105957031,201.81741333007812,201.86289978027344,200.2984619140625,0.4528583884239197,0.47817012667655945,0.4973863363265991,46.564273834228516,61.334510803222656,59.13958740234375,-44.546844482421875,-56.74439239501953,-57.80517578125,7.520578384399414,18.58637046813965,2.176516056060791,0.956674337387085,0.9251625537872314,0.9774362444877625,5.643135070800781,5.345522403717041,4.505453109741211,nan
10.000,0,102.88388061523438,128.3245391845703,118.92366790771484,201.9242706298828,201.90869140625,200.38059997558594,0.45865562558174133,0.48196789622306824,0.5041898488998413,47.188270568847656,61.84830856323242,59.960105895996094,-45.43564224243164,-57.476219177246094,-58.74935531616211,7.560362339019775,18.711334228515625,2.3775136470794678,0.9628587961196899,0.9293094873428345,0.9798073768615723,5.631749153137207,5.3275370597839355,4.5073041915893555,nan
10.050,0,102.88388061523438,128.3245391845703,118.92366790771484,201.9242706298828,201.90869140625,200.38059997558594,0.45865562558174133,0.48196789622306824,0.5041898488998413,47.188270568847656,61.84830856323242,59.960105895996094,-45.43564224243164,-57.476219177246094,-58.74935531616211,7.560362339019775,18.711334228515625,2.3775136470794678,0.9628587961196899,0.9293094873428345,0.9798073768615723,5.631749153137207,5.3275370597839355,4.5073041915893555,nan
10.100,0,102.88388061523438,128.3245391845703,118.92366790771484,201.9242706298828,201.90869140625,200.38059997558594,0.45865562558174133,0.48196789622306824,0.5041898488998413,47.188270568847656,61.84830856323242,59.960105895996094,-45.43564224243164,-57.476219177246094,-58.74935531616211,7.560362339019775,18.711334228515625,2.3775136470794678,0.9628587961196899,0.9293094873428345,0.9798073768615723,5.631749153137207,5.3275370597839355,4.5073041915893555,nan
10.150,0,102.88388061523438,128.3245391845703,118.92366790771484,201.9242706298828,201.90869140625,200.38059997558594,0.45865562558174133,0.48196789622306824,0.5041898488998413,47.188270568847656,61.84830856323242,59.960105895996094,-45.43564224243164,-57.476219177246094,-58.74935531616211,7.560362339019775,18.711334228515625,2.3775136470794678,0.9628587961196899,0.9293094873428345,0.9798073768615723,5.631749153137207,5.3275370597839355,4.5073041915893555,nan
10.200,0,102.83018493652344,128.30018615722656,118.90168762207031,201.84689331054688,201.92861938476562,200.28282165527344,0.4503530263900757,0.47497689723968506,0.49912869930267334,46.30988311767578,60.93962478637695,59.34724426269531,-44.33932113647461,-56.12871551513672,-58.0359001159668,7.58542537689209,19.3167724609375,2.8239428997039795,0.9574483633041382,0.921054482460022,0.9779039025306702,5.728287220001221,5.367404937744141,4.510456085205078,nan
10.250,0,102.83018493652344,128.30018615722656,118.90168762207031,201.84689331054688,201.92861938476562,200.28282165527344,0.4503530263900757,0.47497689723968506,0.49912869930267334,46.30988311767578,60.93962478637695,59.34724426269531,-44.33932113647461,-56.12871551513672,-58.0359001159668,7.58542537689209,19.3167724609375,2.8239428997039795,0.9574483633041382,0.921054482460022,0.9779039025306702,5.728287220001221,5.367404937744141,4.510456085205078,nan
10.300,0,102.83018493652344,128.30018615722656,118.90168762207031,201.84689331054688,201.92861938476562,200.28282165527344,0.4503530263900757,0.47497689723968506,0.49912869930267334,46.30988311767578,60.93962478637695,59.34724426269531,-44.33932113647461,-56.12871551513672,-58.0359001159668,7.58542537689209,19.3167724609375,2.8239428997039795,0.9574483633041382,0.921054482460022,0.9779039025306702,5.728287220001221,5.367404937744141,4.510456085205078,nan
10.350,0,102.83018493652344,128.30018615722656,118.90168762207031,201.84689331054688,201.92861938476562,200.28282165527344,0.4503530263900757,0.47497689723968506,0.49912869930267334,46.30988311767578,60.93962478637695,59.34724426269531,-44.33932113647461,-56.12871551513672,-58.0359001159668,7.58542537689209,19.3167724609375,2.8239428997039795,0.9574483633041382,0.921054482460022,0.9779039025306702,5.728287220001221,5.367404937744141,4.510456085205078,nan
10.400,0,102.85445404052734,128.35675048828125,118.92413330078125,201.93218994140625,201.9872283935547,200.31619262695312,0.4498142600059509,0.47556719183921814,0.5021439790725708,46.26539993286133,61.042259216308594,59.717037200927734,-44.43773651123047,-56.35514831542969,-58.454986572265625,7.163691520690918,19.21577262878418,2.388150215148926,0.9604961276054382,0.9232153296470642,0.9788661599159241,5.77741003036499,5.417484283447266,4.576634407043457,nan
10.450,0,102.85445404052734,128.35675048828125,118.92413330078125,201.93218994140625,201.9872283935547,200.31619262695312,0.4498142600059509,0.47556719183921814,0.5021439790725708,46.26539993286133,61.042259216308594,59.717037200927734,-44.43773651123047,-56.35514831542969,-58.454986572265625,7.163691520690918,19.21577262878418,2.388150215148926,0.9604961276054382,0.9232153296470642,0.9788661599159241,5.77741003036499,5.417484283447266,4.576634407043457,nan
10.500,0,102.85445404052734,128.35675048828125,118.92413330078125,201.93218994140625,201.9872283935547,200.31619262695312,0.4498142600059509,0.47556719183921814,0.5021439790725708,46.26539993286133,61.042259216308594,59.717037200927734,-44.43773651123047,-56.35514831542969,-58.454986572265625,7.163691520690918,19.21577262878418,2.388150215148926,0.9604961276054382,0.9232153296470642,0.9788661599159241,5.77741003036499,5.417484283447266,4.576634407043457,nan
10.550,0,102.85445404052734,128.35675048828125,118.92413330078125,201.93218994140625,201.9872283935547,200.31619262695312,0.4498142600059509,0.47556719183921814,0.5021439790725708,46.26539993286133,61.042259216308594,59.717037200927734,-44.43773651123047,-56.35514831542969,-58.454986572265625,7.163691520690918,19.21577262878418,2.388150215148926,0.9604961276054382,0.9232153296470642,0.9788661599159241,5.77741003036499,5.417484283447266,4.576634407043457,nan
10.600,0,102.87889099121094,128.3906707763672,118.94648742675781,201.9825897216797,202.01959228515625,200.3683624267578,0.45384591817855835,0.4779086410999298,0.5006799101829529,46.691165924072266,61.359012603759766,59.554115295410156,-44.81830978393555,-56.92646026611328,-58.24155044555664,6.908985614776611,18.19215965270996,1.719831109046936,0.9598883986473083,0.9277603626251221,0.9779601097106934,5.788479328155518,5.470952987670898,4.61876106262207,nan
10.650,0,102.87889099121094,128.3906707763672,118.94648742675781,201.9825897216797,202.01959228515625,200.3683624267578,0.45384591817855835,0.4779086410999298,0.5006799101829529,46.691165924072266,61.359012603759766,59.554115295410156,-44.81830978393555,-56.92646026611328,-58.24155044555664,6.908985614776611,18.19215965270996,1.719831109046936,0.9598883986473083,0.9277603626251221,0.9779601097106934,5.788479328155518,5.470952987670898,4.61876106262207,nan
10.700,0,102.87889099121094,128.3906707763672,118.94648742675781,201.9825897216797,202.01959228515625,200.3683624267578,0.45384591817855835,0.4779086410999298,0.5006799101829529,46.691165924072266,61.359012603759766,59.554115295410156,-44.81830978393555,-56.92646026611328,-58.24155044555664,6.908985614776611,18.19215965270996,1.719831109046936,0.9598883986473083,0.9277603626251221,0.9779601097106934,5.788479328155518,5.470952987670898,4.61876106262207,nan
10.750,2,102.87889099121094,128.3906707763672,118.94648742675781,201.9825897216797,202.01959228515625,200.3683624267578,0.45384591817855835,0.4779086410999298,0.5006799101829529,46.691165924072266,61.359012603759766,59.554115295410156,-44.81830978393555,-56.92646026611328,-58.24155044555664,6.908985614776611,18.19215965270996,1.719831109046936,0.9598883986473083,0.9277603626251221,0.9779601097106934,5.788479328155518,5.470952987670898,4.61876106262207,nan
10.800,2,102.88391876220703,128.25088500976562,118.87626647949219,201.85662841796875,201.85540771484375,200.30809020996094,0.447746217250824,0.47017350792884827,0.4951825737953186,46.06588363647461,60.300167083740234,58.865455627441406,-44.17203140258789,-55.65924072265625,-57.608036041259766,7.485928535461426,19.02574920654297,2.8853795528411865,0.9588881731033325,0.9230362772941589,0.9786390662193298,5.769596099853516,5.457827568054199,4.630484580993652,nan
10.850,2,102.88391876220703,128.25088500976562,118.87626647949219,201.85662841796875,201.85540771484375,200.30809020996094,0.447746217250824,0.47017350792884827,0.4951825737953186,46.06588363647461,60.300167083740234,58.865455627441406,-44.17203140258789,-55.65924072265625,-57.608036041259766,7.485928535461426,19.02574920654297,2.8853795528411865,0.9588881731033325,0.9230362772941589,0.9786390662193298,5.769596099853516,5.457827568054199,4.630484580993652,nan
10.900,2,102.88391876220703,128.25088500976562,118.87626647949219,201.85662841796875,201.85540771484375,200.30809020996094,0.447746217250824,0.47017350792884827,0.4951825737953186,46.06588363647461,60.300167083740234,58.865455627441406,-44.17203140258789,-55.65924072265625,-57.608036041259766,7.485928535461426,19.02574920654297,2.8853795528411865,0.9588881731033325,0.9230362772941589,0.9786390662193298,5.769596099853516,5.457827568054199,4.630484580993652,nan
10.950,2,102.88391876220703,128.25088500976562,118.87626647949219,201.85662841796875,201.85540771484375,200.30809020996094,0.447746217250824,0.47017350792884827,0.4951825737953186,46.06588363647461,60.300167083740234,58.865455627441406,-44.17203140258789,-55.65924072265625,-57.608036041259766,7.485928535461426,19.02574920654297,2.8853795528411865,0.9588881731033325,0.9230362772941589,0.9786390662193298,5.769596099853516,5.457827568054199,4.630484580993652,nan
11.000,2,102.87401580810547,128.3024444580078,118.91472625732422,201.89288330078125,201.9198455810547,200.34226989746094,0.44936472177505493,0.47764742374420166,0.4986005425453186,46.22795486450195,61.28333282470703,59.29094696044922,-44.38941192626953,-56.71343994140625,-58.01145553588867,7.27609395980835,18.743247985839844,1.9372366666793823,0.9602287411689758,0.9254300594329834,0.9784201383590698,5.723019599914551,5.422056674957275,4.601424694061279,nan
11.050,2,103.01402282714844,128.50082397460938,119.12369537353516,202.17247009277344,202.30296325683594,200.63978576660156,0.4629095792770386,0.4783385396003723,0.5086188316345215,47.68617630004883,61.466896057128906,60.58855438232422,-46.57732009887695,-58.61679458618164,-59.641231536865234,3.337409257888794,14.01095199584961,-2.07886004447937,0.9767467975616455,0.9536319375038147,0.9843646287918091,5.730362415313721,5.392215251922607,4.534145832061768,nan
11.100,2,103.01402282714844,128.50082397460938,119.12369537353516,202.17247009277344,202.30296325683594,200.63978576660156,0.4629095792770386,0.4783385396003723,0.5086188316345215,47.68617630004883,61.466896057128906,60.58855438232422,-46.57732009887695,-58.61679458618164,-59.641231536865234,3.337409257888794,14.01095199584961,-2.07886004447937,0.9767467975616455,0.9536319375038147,0.9843646287918091,5.730362415313721,5.392215251922607,4.534145832061768,nan
11.150,2,102.98279571533203,128.406982421875,119.01629638671875,202.08084106445312,202.1422119140625,200.49615478515625,0.4489877223968506,0.4657185971736908,0.49609941244125366,46.23801040649414,59.80152130126953,59.043914794921875,-45.16267395019531,-56.81330108642578,-58.17431640625,3.5797832012176514,14.436020851135254,-1.4708504676818848,0.9767434597015381,0.950031042098999,0.9852719902992249,5.738977432250977,5.3793840408325195,4.566208362579346,nan
11.200,2,102.98279571533203,128.406982421875,119.01629638671875,202.08084106445312,202.1422119140625,200.49615478515625,0.4489877223968506,0.4657185971736908,0.49609941244125366,46.23801040649414,59.80152130126953,59.043914794921875,-45.16267395019531,-56.81330108642578,-58.17431640625,3.5797832012176514,14.436020851135254,-1.4708504676818848,0.9767434597015381,0.950031042098999,0.9852719902992249,5.738977432250977,5.3793840408325195,4.566208362579346,nan
11.250,2,102.98279571533203,128.406982421875,119.01629638671875,202.08084106445312,202.1422119140625,200.49615478515625,0.4489877223968506,0.4657185971736908,0.49609941244125366,46.23801040649414,59.80152130126953,59.043914794921875,-45.16267395019531,-56.81330108642578,-58.17431640625,3.5797832012176514,14.436020851135254,-1.4708504676818848,0.9767434597015381,0.950031042098999,0.9852719902992249,5.738977432250977,5.3793840408325195,4.566208362579346,nan
11.300,2,102.98279571533203,128.406982421875,119.01629638671875,202.08084106445312,202.1422119140625,200.49615478515625,0.4489877223968506,0.4657185971736908,0.49609941244125366,46.23801040649414,59.80152130126953,59.043914794921875,-45.16267395019531,-56.81330108642578,-58.17431640625,3.5797832012176514,14.436020851135254,-1.4708504676818848,0.9767434597015381,0.950031042098999,0.9852719902992249,5.738977432250977,5.3793840408325195,4.566208362579346,nan
11.350,2,102.96453857421875,128.49124145507812,119.04163360595703,202.14263916015625,202.18576049804688,200.53160095214844,0.45365720987319946,0.47228267788887024,0.5002400279045105,46.71060562133789,60.68418884277344,59.54938888549805,-45.647823333740234,-57.74293899536133,-58.70646667480469,4.066633224487305,14.827250480651855,-1.3684563636779785,0.9772475361824036,0.9515318870544434,0.9858449697494507,5.739257335662842,5.399735927581787,4.5674519538879395,nan
11.400,2,102.96453857421875,128.49124145507812,119.04163360595703,202.14263916015625,202.18576049804688,200.53160095214844,0.45365720987319946,0.47228267788887024,0.5002400279045105,46.71060562133789,60.68418884277344,59.54938888549805,-45.647823333740234,-57.74293899536133,-58.70646667480469,4.066633224487305,14.827250480651855,-1.3684563636779785,0.9772475361824036,0.9515318870544434,0.9858449697494507,5.739257335662842,5.399735927581787,4.5674519538879395,nan
11.450,2,102.96453857421875,128.49124145507812,119.04163360595703,202.14263916015625,202.18576049804688,200.53160095214844,0.45365720987319946,0.47228267788887024,0.5002400279045105,46.71060562133789,60.68418884277344,59.54938888549805,-45.647823333740234,-57.74293899536133,-58.70646667480469,4.066633224487305,14.827250480651855,-1.3684563636779785,0.9772475361824036,0.9515318870544434,0.9858449697494507,5.739257335662842,5.399735927581787,4.5674519538879395,nan
11.500,0,102.96453857421875,128.49124145507812,119.04163360595703,202.14263916015625,202.18576049804688,200.53160095214844,0.45365720987319946,0.47228267788887024,0.5002400279045105,46.71060562133789,60.68418884277344,59.54938888549805,-45.647823333740234,-57.74293899536133,-58.70646667480469,4.066633224487305,14.827250480651855,-1.3684563636779785,0.9772475361824036,0.9515318870544434,0.9858449697494507,5.739257335662842,5.399735927581787,4.5674519538879395,nan
11.550,0,102.94091033935547,128.37571716308594,118.97535705566406,202.00973510742188,202.0403594970703,200.4556427001953,0.44655337929725647,0.46862849593162537,0.49408382177352905,45.96861267089844,60.160518646240234,58.78379821777344,-44.70209503173828,-56.68302917480469,-57.908782958984375,5.386149883270264,16.41271209716797,0.13563817739486694,0.9724482297897339,0.9421964883804321,0.9851146936416626,5.68911075592041,5.392802715301514,4.559323310852051,nan
11.600,0,102.94091033935547,128.37571716308594,118.97535705566406,202.00973510742188,202.0403594970703,200.4556427001953,0.44655337929725647,0.46862849593162537,0.49408382177352905,45.96861267089844,60.160518646240234,58.78379821777344,-44.70209503173828,-56.68302917480469,-57.908782958984375,5.386149883270264,16.41271209716797,0.13563817739486694,0.9724482297897339,0.9421964883804321,0.9851146936416626,5.68911075592041,5.392802715301514,4.559323310852051,nan
11.650,0,102.94091033935547,128.37571716308594,118.97535705566406,202.00973510742188,202.0403594970703,200.4556427001953,0.44655337929725647,0.46862849593162537,0.49408382177352905,45.96861267089844,60.160518646240234,58.78379821777344,-44.70209503173828,-56.68302917480469,-57.908782958984375,5.386149883270264,16.41271209716797,0.13563817739486694,0.9724482297897339,0.9421964883804321,0.9851146936416626,5.68911075592041,5.392802715301514,4.559323310852051,nan
11.700,0,102.94091033935547,128.37571716308594,118.97535705566406,202.00973510742188,202.0403594970703,200.4556427001953,0.44655337929725647,0.46862849593162537,0.49408382177352905,45.96861267089844,60.160518646240234,58.78379821777344,-44.70209503173828,-56.68302917480469,-57.908782958984375,5.386149883270264,16.41271209716797,0.13563817739486694,0.9724482297897339,0.9421964883804321,0.9851146936416626,5.68911075592041,5.392802715301514,4.559323310852051,nan
11.750,0,102.93260955810547,128.3411865234375,118.95738983154297,201.9783477783203,202.00291442871094,200.42356872558594,0.443069189786911,0.46404606103897095,0.4899253249168396,45.606266021728516,59.55622100830078,58.28023910522461,-44.47900390625,-56.41128921508789,-57.408180236816406,4.407290458679199,15.134991645812988,-0.9358645081520081,0.9752827286720276,0.9471939206123352,0.9850367903709412,5.656077861785889,5.37046480178833,4.523382186889648,nan
11.800,0,102.93260955810547,128.3411865234375,118.95738983154297,201.9783477783203,202.00291442871094,200.42356872558594,0.443069189786911,0.46404606103897095,0.4899253249168396,45.606266021728516,59.55622100830078,58.28023910522461,-44.47900390625,-56.41128921508789,-57.408180236816406,4.407290458679199,15.134991645812988,-0.9358645081520081,0.9752827286720276,0.9471939206123352,0.9850367903709412,5.656077861785889,5.37046480178833,4.523382186889648,nan
11.850,0,102.93260955810547,128.3411865234375,118.95738983154297,201.9783477783203,202.00291442871094,200.42356872558594,0.443069189786911,0.46404606103897095,0.4899253249168396,45.606266021728516,59.55622100830078,58.28023910522461,-44.47900390625,-56.41128921508789,-57.408180236816406,4.407290458679199,15.134991645812988,-0.9358645081520081,0.9752827286720276,0.9471939206123352,0.9850367903709412,5.656077861785889,5.37046480178833,4.523382186889648,nan
11.900,0,102.93260955810547,128.3411865234375,118.95738983154297,201.9783477783203,202.00291442871094,200.42356872558594,0.443069189786911,0.46404606103897095,0.4899253249168396,45.606266021728516,59.55622100830078,58.28023910522461,-44.47900390625,-56.41128921508789,-57.408180236816406,4.407290458679199,15.134991645812988,-0.9358645081520081,0.9752827286720276,0.9471939206123352,0.9850367903709412,5.656077861785889,5.37046480178833,4.523382186889648,nan
11.950,0,102.88311004638672,128.38449096679688,118.95232391357422,201.96023559570312,202.0164794921875,200.3980255126953,0.4403502941131592,0.46044453978538513,0.48626264929771423,45.30460739135742,59.11393737792969,57.842071533203125,-44.058441162109375,-55.64287567138672,-56.97764205932617,5.348099708557129,16.219688415527344,0.38897019624710083,0.972493588924408,0.9412818551063538,0.9850553274154663,5.686398029327393,5.4121413230896,4.496927738189697,nan
12.000,0,102.88311004638672,128.38449096679688,118.95232391357422,201.96023559570312,202.0164794921875,200.3980255126953,0.4403502941131592,0.46044453978538513,0.48626264929771423,45.30460739135742,59.11393737792969,57.842071533203125,-44.058441162109375,-55.64287567138672,-56.97764205932617,5.348099708557129,16.219688415527344,0.38897019624710083,0.972493588924408,0.9412818551063538,0.9850553274154663,5.686398029327393,5.4121413230896,4.496927738189697,nan
12.050,0,102.88311004638672,128.38449096679688,118.95232391357422,201.96023559570312,202.0164794921875,200.3980255126953,0.4403502941131592,0.46044453978538513,0.48626264929771423,45.30460739135742,59.11393737792969,57.842071533203125,-44.058441162109375,-55.64287567138672,-56.97764205932617,5.348099708557129,16.219688415527344,0.38897019624710083,0.972493588924408,0.9412818551063538,0.9850553274154663,5.686398029327393,5.4121413230896,4.496927738189697,nan
12.100,0,102.88311004638672,128.38449096679688,118.95232391357422,201.96023559570312,202.0164794921875,200.3980255126953,0.4403502941131592,0.46044453978538513,0.48626264929771423,45.30460739135742,59.11393737792969,57.842071533203125,-44.058441162109375,-55.64287567138672,-56.97764205932617,5.348099708557129,16.219688415527344,0.38897019624710083,0.972493588924408,0.9412818551063538,0.9850553274154663,5.686398029327393,5.4121413230896,4.496927738189697,nan
12.150,0,102.94245147705078,128.4275360107422,119.00041198730469,202.06851196289062,202.13534545898438,200.44996643066406,0.44685882329940796,0.46912407875061035,0.49626755714416504,46.0007438659668,60.248451232910156,59.05604553222656,-44.71072769165039,-56.48434066772461,-58.181278228759766,5.905564785003662,17.35554313659668,1.0286357402801514,0.9719566106796265,0.9375235438346863,0.9851875305175781,5.756806373596191,5.437624454498291,4.515063285827637,nan
12.200,0,102.94245147705078,128.4275360107422,119.00041198730469,202.06851196289062,202.13534545898438,200.44996643066406,0.44685882329940796,0.46912407875061035,0.49626755714416504,46.0007438659668,60.248451232910156,59.05604553222656,-44.71072769165039,-56.48434066772461,-58.181278228759766,5.905564785003662,17.35554313659668,1.0286357402801514,0.9719566106796265,0.9375235438346863,0.9851875305175781,5.756806373596191,5.437624454498291,4.515063285827637,nan
12.250,0,102.94245147705078,128.4275360107422,119.00041198730469,202.06851196289062,202.13534545898438,200.44996643066406,0.44685882329940796,0.46912407875061035,0.49626755714416504,46.0007438659668,60.248451232910156,59.05604553222656,-44.71072769165039,-56.48434066772461,-58.181278228759766,5.905564785003662,17.35554313659668,1.0286357402801514,0.9719566106796265,0.9375235438346863,0.9851875305175781,5.756806373596191,5.437624454498291,4.515063285827637,nan
12.300,0,102.94245147705078,128.4275360107422,119.00041198730469,202.06851196289062,202.13534545898438,200.44996643066406,0.44685882329940796,0.46912407875061035,0.49626755714416504,46.0007438659668,60.248451232910156,59.05604553222656,-44.71072769165039,-56.48434066772461,-58.181278228759766,5.905564785003662,17.35554313659668,1.0286357402801514,0.9719566106796265,0.9375235438346863,0.9851875305175781,5.756806373596191,5.437624454498291,4.515063285827637,nan
12.350,0,102.8624038696289,128.32562255859375,118.9181900024414,201.90826416015625,201.95791625976562,200.32196044921875,0.4350462257862091,0.45601484179496765,0.48077550530433655,44.749900817871094,58.51838684082031,57.17295455932617,-43.52083206176758,-55.12126541137695,-56.29647445678711,5.183492660522461,15.92733383178711,0.16511507332324982,0.972534716129303,0.9419478178024292,0.9846696853637695,5.720027446746826,5.4249348640441895,4.535923004150391,nan
12.400,0,102.8624038696289,128.32562255859375,118.9181900024414,201.90826416015625,201.95791625976562,200.32196044921875,0.4350462257862091,0.45601484179496765,0.48077550530433655,44.749900817871094,58.51838684082031,57.17295455932617,-43.52083206176758,-55.12126541137695,-56.29647445678711,5.183492660522461,15.92733383178711,0.16511507332324982,0.972534716129303,0.9419478178024292,0.9846696853637695,5.720027446746826,5.4249348640441895,4.535923004150391,nan
12.450,0,102.8624038696289,128.32562255859375,118.9181900024414,201.90826416015625,201.95791625976562,200.32196044921875,0.4350462257862091,0.45601484179496765,0.48077550530433655,44.749900817871094,58.51838684082031,57.17295455932617,-43.52083206176758,-55.12126541137695,-56.29647445678711,5.183492660522461,15.92733383178711,0.16511507332324982,0.972534716129303,0.9419478178024292,0.9846696853637695,5.720027446746826,5.4249348640441895,4.535923004150391,nan
12.500,0,102.8624038696289,128.32562255859375,118.9181900024414,201.90826416015625,201.95791625976562,200.32196044921875,0.4350462257862091,0.45601484179496765,0.48077550530433655,44.749900817871094,58.51838684082031,57.17295455932617,-43.52083206176758,-55.12126541137695,-56.29647445678711,5.183492660522461,15.92733383178711,0.16511507332324982,0.972534716129303,0.9419478178024292,0.9846696853637695,5.720027446746826,5.4249348640441895,4.535923004150391,nan
12.550,0,102.88821411132812,128.36671447753906,118.94776916503906,201.96319580078125,202.00860595703125,200.3792266845703,0.4412190020084381,0.4649205505847931,0.4900631606578827,45.396236419677734,59.68032455444336,58.29191970825195,-44.039031982421875,-55.806236267089844,-57.4334716796875,6.272154808044434,17.661636352539062,1.3535220623016357,0.9701031446456909,0.9350860118865967,0.9852733016014099,5.772717475891113,5.441713333129883,4.592146873474121,nan
12.600,0,102.88821411132812,128.36671447753906,118.94776916503906,201.96319580078125,202.00860595703125,200.3792266845703,0.4412190020084381,0.4649205505847931,0.4900631606578827,45.396236419677734,59.68032455444336,58.29191970825195,-44.039031982421875,-55.806236267089844,-57.4334716796875,6.272154808044434,17.661636352539062,1.3535220623016357,0.9701031446456909,0.9350860118865967,0.9852733016014099,5.772717475891113,5.441713333129883,4.592146873474121,nan
12.650,0,102.88821411132812,128.36671447753906,118.94776916503906,201.96319580078125,202.00860595703125,200.3792266845703,0.4412190020084381,0.4649205505847931,0.4900631606578827,45.396236419677734,59.68032455444336,58.29191970825195,-44.039031982421875,-55.806236267089844,-57.4334716796875,6.272154808044434,17.661636352539062,1.3535220623016357,0.9701031446456909,0.9350860118865967,0.9852733016014099,5.772717475891113,5.441713333129883,4.592146873474121,nan
12.700,0,102.88821411132812,128.36671447753906,118.94776916503906,201.96319580078125,202.00860595703125,200.3792266845703,0.4412190020084381,0.4649205505847931,0.4900631606578827,45.396236419677734,59.68032455444336,58.29191970825195,-44.039031982421875,-55.806236267089844,-57.4334716796875,6.272154808044434,17.661636352539062,1.3535220623016357,0.9701031446456909,0.9350860118865967,0.9852733016014099,5.772717475891113,5.441713333129883,4.592146873474121,nan
12.750,0,102.87562561035156,128.3293914794922,118.90509033203125,201.9251251220703,201.93287658691406,200.33071899414062,0.440070241689682,0.46324124932289124,0.48865312337875366,45.27250289916992,59.44746780395508,58.10334396362305,-43.90542984008789,-55.6253547668457,-57.15693664550781,6.100880146026611,17.351608276367188,1.1679003238677979,0.9698034524917603,0.9357060194015503,0.9837116599082947,5.769020080566406,5.433308124542236,4.612119674682617,nan
12.800,0,102.87562561035156,128.3293914794922,118.90509033203125,201.9251251220703,201.93287658691406,200.33071899414062,0.440070241689682,0.46324124932289124,0.48865312337875366,45.27250289916992,59.44746780395508,58.10334396362305,-43.90542984008789,-55.6253547668457,-57.15693664550781,6.100880146026611,17.351608276367188,1.1679003238677979,0.9698034524917603,0.9357060194015503,0.9837116599082947,5.769020080566406,5.433308124542236,4.612119674682617,nan
12.850,0,102.87562561035156,128.3293914794922,118.90509033203125,201.9251251220703,201.93287658691406,200.33071899414062,0.440070241689682,0.46324124932289124,0.48865312337875366,45.27250289916992,59.44746780395508,58.10334396362305,-43.90542984008789,-55.6253547668457,-57.15693664550781,6.100880146026611,17.351608276367188,1.1679003238677979,0.9698034524917603,0.9357060194015503,0.9837116599082947,5.769020080566406,5.433308124542236,4.612119674682617,nan
12.900,0,102.87562561035156,128.3293914794922,118.90509033203125,201.9251251220703,201.93287658691406,200.33071899414062,0.440070241689682,0.46324124932289124,0.48865312337875366,45.27250289916992,59.44746780395508,58.10334396362305,-43.90542984008789,-55.6253547668457,-57.15693664550781,6.100880146026611,17.351608276367188,1.1679003238677979,0.9698034524917603,0.9357060194015503,0.9837116599082947,5.769020080566406,5.433308124542236,4.612119674682617,nan
12.950,0,102.82925415039062,128.28158569335938,118.88160705566406,201.82943725585938,201.92245483398438,200.24697875976562,0.43540993332862854,0.4595476984977722,0.48465949296951294,44.77288055419922,58.951507568359375,57.61709976196289,-43.22732925415039,-54.84330749511719,-56.606597900390625,6.206717491149902,17.654006958007812,1.4427658319473267,0.9654802083969116,0.9303122162818909,0.9824617505073547,5.839563369750977,5.503161430358887,4.642290115356445,nan
13.000,0,102.82925415039062,128.28158569335938,118.88160705566406,201.82943725585938,201.92245483398438,200.24697875976562,0.43540993332862854,0.4595476984977722,0.48465949296951294,44.77288055419922,58.951507568359375,57.61709976196289,-43.22732925415039,-54.84330749511719,-56.606597900390625,6.206717491149902,17.654006958007812,1.4427658319473267,0.9654802083969116,0.9303122162818909,0.9824617505073547,5.839563369750977,5.503161430358887,4.642290115356445,nan
13.050,0,102.82925415039062,128.28158569335938,118.88160705566406,201.82943725585938,201.92245483398438,200.24697875976562,0.43540993332862854,0.4595476984977722,0.48465949296951294,44.77288055419922,58.951507568359375,57.61709976196289,-43.22732925415039,-54.84330749511719,-56.606597900390625,6.206717491149902,17.654006958007812,1.4427658319473267,0.9654802083969116,0.9303122162818909,0.9824617505073547,5.839563369750977,5.503161430358887,4.642290115356445,nan
13.100,0,102.82925415039062,128.28158569335938,118.88160705566406,201.82943725585938,201.92245483398438,200.24697875976562,0.43540993332862854,0.4595476984977722,0.48465949296951294,44.77288055419922,58.951507568359375,57.61709976196289,-43.22732925415039,-54.84330749511719,-56.606597900390625,6.206717491149902,17.654006958007812,1.4427658319473267,0.9654802083969116,0.9303122162818909,0.9824617505073547,5.839563369750977,5.503161430358887,4.642290115356445,nan
13.150,0,102.85778045654297,128.40484619140625,118.94688415527344,201.97459411621094,202.04803466796875,200.34194946289062,0.44414955377578735,0.46644437313079834,0.49255305528640747,45.68423843383789,59.89371871948242,58.587650299072266,-44.33470153808594,-56.097835540771484,-57.73128128051758,6.299570560455322,17.675146102905273,1.4279861450195312,0.9704594612121582,0.9366230368614197,0.9853830933570862,5.873140811920166,5.533881187438965,4.65199613571167,nan
13.200,0,102.85778045654297,128.40484619140625,118.94688415527344,201.97459411621094,202.04803466796875,200.34194946289062,0.44414955377578735,0.46644437313079834,0.49255305528640747,45.68423843383789,59.89371871948242,58.587650299072266,-44.33470153808594,-56.097835540771484,-57.73128128051758,6.299570560455322,17.675146102905273,1.4279861450195312,0.9704594612121582,0.9366230368614197,0.9853830933570862,5.873140811920166,5.533881187438965,4.65199613571167,nan
13.250,0,102.85778045654297,128.40484619140625,118.94688415527344,201.97459411621094,202.04803466796875,200.34194946289062,0.44414955377578735,0.46644437313079834,0.49255305528640747,45.68423843383789,59.89371871948242,58.587650299072266,-44.33470153808594,-56.097835540771484,-57.73128128051758,6.299570560455322,17.675146102905273,1.4279861450195312,0.9704594612121582,0.9366230368614197,0.9853830933570862,5.873140811920166,5.533881187438965,4.65199613571167,nan
13.300,0,102.85778045654297,128.40484619140625,118.94688415527344,201.97459411621094,202.04803466796875,200.34194946289062,0.44414955377578735,0.46644437313079834,0.49255305528640747,45.68423843383789,59.89371871948242,58.587650299072266,-44.33470153808594,-56.097835540771484,-57.73128128051758,6.299570560455322,17.675146102905273,1.4279861450195312,0.9704594612121582,0.9366230368614197,0.9853830933570862,5.873140811920166,5.533881187438965,4.65199613571167,nan
13.350,0,102.80813598632812,128.30380249023438,118.84478759765625,201.8539276123047,201.88681030273438,200.19241333007812,0.43922320008277893,0.46096786856651306,0.4850998818874359,45.15571975708008,59.14392852783203,57.65159225463867,-43.6143913269043,-54.95539855957031,-56.64374923706055,7.145999431610107,18.335906982421875,2.596001148223877,0.9658663868904114,0.9291807413101196,0.9825183749198914,5.83855676651001,5.47855806350708,4.626007556915283,nan
13.400,0,102.80813598632812,128.30380249023438,118.84478759765625,201.8539276123047,201.88681030273438,200.19241333007812,0.43922320008277893,0.46096786856651306,0.4850998818874359,45.15571975708008,59.14392852783203,57.65159225463867,-43.6143913269043,-54.95539855957031,-56.64374923706055,7.145999431610107,18.335906982421875,2.596001148223877,0.9658663868904114,0.9291807413101196,0.9825183749198914,5.83855676651001,5.47855806350708,4.626007556915283,nan
13.450,0,102.80813598632812,128.30380249023438,118.84478759765625,201.8539276123047,201.88681030273438,200.19241333007812,0.43922320008277893,0.46096786856651306,0.4850998818874359,45.15571975708008,59.14392852783203,57.65159225463867,-43.6143913269043,-54.95539855957031,-56.64374923706055,7.145999431610107,18.335906982421875,2.596001148223877,0.9658663868904114,0.9291807413101196,0.9825183749198914,5.83855676651001,5.47855806350708,4.626007556915283,nan
13.500,0,102.80813598632812,128.30380249023438,118.84478759765625,201.8539276123047,201.88681030273438,200.19241333007812,0.43922320008277893,0.46096786856651306,0.4850998818874359,45.15571975708008,59.14392852783203,57.65159225463867,-43.6143913269043,-54.95539855957031,-56.64374923706055,7.145999431610107,18.335906982421875,2.596001148223877,0.9658663868904114,0.9291807413101196,0.9825183749198914,5.83855676651001,5.47855806350708,4.626007556915283,nan
13.550,0,102.84890747070312,128.27711486816406,118.876708984375,201.84292602539062,201.86802673339844,200.2914276123047,0.43956127762794495,0.461818665266037,0.4871450662612915,45.208396911621094,59.24076461791992,57.91020202636719,-43.823974609375,-55.43983840942383,-56.98301696777344,6.0908660888671875,17.275390625,1.2106071710586548,0.9693768620491028,0.9358393549919128,0.9839892387390137,5.6797194480896,5.383939266204834,4.574099063873291,nan
13.600,0,102.84890747070312,128.27711486816406,118.876708984375,201.84292602539062,201.86802673339844,200.2914276123047,0.43956127762794495,0.461818665266037,0.4871450662612915,45.208396911621094,59.24076461791992,57.91020202636719,-43.823974609375,-55.43983840942383,-56.98301696777344,6.0908660888671875,17.275390625,1.2106071710586548,0.9693768620491028,0.9358393549919128,0.9839892387390137,5.6797194480896,5.383939266204834,4.574099063873291,nan
13.650,0,102.84890747070312,128.27711486816406,118.876708984375,201.84292602539062,201.86802673339844,200.2914276123047,0.43956127762794495,0.461818665266037,0.4871450662612915,45.208396911621094,59.24076461791992,57.91020202636719,-43.823974609375,-55.43983840942383,-56.98301696777344,6.0908660888671875,17.275390625,1.2106071710586548,0.9693768620491028,0.9358393549919128,0.9839892387390137,5.6797194480896,5.383939266204834,4.574099063873291,nan
13.700,0,102.84890747070312,128.27711486816406,118.876708984375,201.84292602539062,201.86802673339844,200.2914276123047,0.43956127762794495,0.461818665266037,0.4871450662612915,45.208396911621094,59.24076461791992,57.91020202636719,-43.823974609375,-55.43983840942383,-56.98301696777344,6.0908660888671875,17.275390625,1.2106071710586548,0.9693768620491028,0.9358393549919128,0.9839892387390137,5.6797194480896,5.383939266204834,4.574099063873291,nan
13.750,0,102.80160522460938,128.23870849609375,118.81948852539062,201.77874755859375,201.76510620117188,200.20530700683594,0.4382096827030182,0.46184784173965454,0.4848528504371643,45.04866027832031,59.22677230834961,57.60996627807617,-43.54609680175781,-55.09934997558594,-56.67689895629883,7.177933216094971,18.411029815673828,2.4005074501037598,0.9666457772254944,0.9303115606307983,0.9838036894798279,5.685239791870117,5.385514736175537,4.584051132202148,nan
13.800,0,102.80160522460938,128.23870849609375,118.81948852539062,201.77874755859375,201.76510620117188,200.20530700683594,0.4382096827030182,0.46184784173965454,0.4848528504371643,45.04866027832031,59.22677230834961,57.60996627807617,-43.54609680175781,-55.09934997558594,-56.67689895629883,7.177933216094971,18.411029815673828,2.4005074501037598,0.9666457772254944,0.9303115606307983,0.9838036894798279,5.685239791870117,5.385514736175537,4.584051132202148,nan
13.850,0,102.80160522460938,128.23870849609375,118.81948852539062,201.77874755859375,201.76510620117188,200.20530700683594,0.4382096827030182,0.46184784173965454,0.4848528504371643,45.04866027832031,59.22677230834961,57.60996627807617,-43.54609680175781,-55.09934997558594,-56.67689895629883,7.177933216094971,18.411029815673828,2.4005074501037598,0.9666457772254944,0.9303115606307983,0.9838036894798279,5.685239791870117,5.385514736175537,4.584051132202148,nan
13.900,0,102.80160522460938,128.23870849609375,118.81948852539062,201.77874755859375,201.76510620117188,200.20530700683594,0.4382096827030182,0.46184784173965454,0.4848528504371643,45.04866027832031,59.22677230834961,57.60996627807617,-43.54609680175781,-55.09934997558594,-56.67689895629883,7.177933216094971,18.411029815673828,2.4005074501037598,0.9666457772254944,0.9303115606307983,0.9838036894798279,5.685239791870117,5.385514736175537,4.584051132202148,nan
13.950,0,102.78238677978516,128.2660369873047,118.83563995361328,201.7787322998047,201.86770629882812,200.16522216796875,0.43758589029312134,0.4608438313007355,0.4866589903831482,44.97612380981445,59.11061096191406,57.83243179321289,-43.43275833129883,-54.94881820678711,-56.81743621826172,6.62860631942749,18.12576675415039,2.0063390731811523,0.9656847715377808,0.9295931458473206,0.9824493527412415,5.766130447387695,5.407678604125977,4.564021587371826,nan
14.000,0,102.78238677978516,128.2660369873047,118.83563995361328,201.7787322998047,201.86770629882812,200.16522216796875,0.43758589029312134,0.4608438313007355,0.4866589903831482,44.97612380981445,59.11061096191406,57.83243179321289,-43.43275833129883,-54.94881820678711,-56.81743621826172,6.62860631942749,18.12576675415039,2.0063390731811523,0.9656847715377808,0.9295931458473206,0.9824493527412415,5.766130447387695,5.407678604125977,4.564021587371826,nan
14.050,0,102.78238677978516,128.2660369873047,118.83563995361328,201.7787322998047,201.86770629882812,200.16522216796875,0.43758589029312134,0.4608438313007355,0.4866589903831482,44.97612380981445,59.11061096191406,57.83243179321289,-43.43275833129883,-54.94881820678711,-56.81743621826172,6.62860631942749,18.12576675415039,2.0063390731811523,0.9656847715377808,0.9295931458473206,0.9824493527412415,5.766130447387695,5.407678604125977,4.564021587371826,nan
14.100,0,102.78238677978516,128.2660369873047,118.83563995361328,201.7787322998047,201.86770629882812,200.16522216796875,0.43758589029312134,0.4608438313007355,0.4866589903831482,44.97612380981445,59.11061096191406,57.83243179321289,-43.43275833129883,-54.94881820678711,-56.81743621826172,6.62860631942749,18.12576675415039,2.0063390731811523,0.9656847715377808,0.9295931458473206,0.9824493527412415,5.766130447387695,5.407678604125977,4.564021587371826,nan
14.150,0,102.80400085449219,128.3504180908203,118.90451049804688,201.87139892578125,201.96969604492188,200.26329040527344,0.44247493147850037,0.46705126762390137,0.4917922616004944,45.48819351196289,59.946224212646484,58.476318359375,-43.947696685791016,-55.725067138671875,-57.466087341308594,6.776798248291016,18.32045555114746,1.9502946138381958,0.9661341309547424,0.929584264755249,0.9827240705490112,5.75624942779541,5.418095588684082,4.541626930236816,nan
14.200,0,102.80400085449219,128.3504180908203,118.90451049804688,201.87139892578125,201.96969604492188,200.26329040527344,0.44247493147850037,0.46705126762390137,0.4917922616004944,45.48819351196289,59.946224212646484,58.476318359375,-43.947696685791016,-55.725067138671875,-57.466087341308594,6.776798248291016,18.32045555114746,1.9502946138381958,0.9661341309547424,0.929584264755249,0.9827240705490112,5.75624942779541,5.418095588684082,4.541626930236816,nan
14.250,0,102.80400085449219,128.3504180908203,118.90451049804688,201.87139892578125,201.96969604492188,200.26329040527344,0.44247493147850037,0.46705126762390137,0.4917922616004944,45.48819351196289,59.946224212646484,58.476318359375,-43.947696685791016,-55.725067138671875,-57.466087341308594,6.776798248291016,18.32045555114746,1.9502946138381958,0.9661341309547424,0.929584264755249,0.9827240705490112,5.75624942779541,5.418095588684082,4.541626930236816,nan
14.300,0,102.80400085449219,128.3504180908203,118.90451049804688,201.87139892578125,201.96969604492188,200.26329040527344,0.44247493147850037,0.46705126762390137,0.4917922616004944,45.48819351196289,59.946224212646484,58.476318359375,-43.947696685791016,-55.725067138671875,-57.466087341308594,6.776798248291016,18.32045555114746,1.9502946138381958,0.9661341309547424,0.929584264755249,0.9827240705490112,5.75624942779541,5.418095588684082,4.541626930236816,nan
14.350,0,102.78305053710938,128.2526092529297,118.84188842773438,201.76419067382812,201.86170959472656,200.17393493652344,0.43402165174484253,0.4596664607524872,0.48330190777778625,44.610069274902344,58.95342254638672,57.4365119934082,-42.98032760620117,-54.65695571899414,-56.37827682495117,6.933518886566162,18.405344009399414,2.1556718349456787,0.9634669423103333,0.9271209836006165,0.9815755486488342,5.743335723876953,5.406988620758057,4.563965320587158,nan
14.400,0,102.78305053710938,128.2526092529297,118.84188842773438,201.76419067382812,201.86170959472656,200.17393493652344,0.43402165174484253,0.4596664607524872,0.48330190777778625,44.610069274902344,58.95342254638672,57.4365119934082,-42.98032760620117,-54.65695571899414,-56.37827682495117,6.933518886566162,18.405344009399414,2.1556718349456787,0.9634669423103333,0.9271209836006165,0.9815755486488342,5.743335723876953,5.406988620758057,4.563965320587158,nan
14.450,0,102.78305053710938,128.2526092529297,118.84188842773438,201.76419067382812,201.86170959472656,200.17393493652344,0.43402165174484253,0.4596664607524872,0.48330190777778625,44.610069274902344,58.95342254638672,57.4365119934082,-42.98032760620117,-54.65695571899414,-56.37827682495117,6.933518886566162,18.405344009399414,2.1556718349456787,0.9634669423103333,0.9271209836006165,0.9815755486488342,5.743335723876953,5.406988620758057,4.563965320587158,nan
14.500,0,102.78305053710938,128.2526092529297,118.84188842773438,201.76419067382812,201.86170959472656,200.17393493652344,0.43402165174484253,0.4596664607524872,0.48330190777778625,44.610069274902344,58.95342254638672,57.4365119934082,-42.98032760620117,-54.65695571899414,-56.37827682495117,6.933518886566162,18.405344009399414,2.1556718349456787,0.9634669423103333,0.9271209836006165,0.9815755486488342,5.743335723876953,5.406988620758057,4.563965320587158,nan
14.550,0,102.84672546386719,128.31947326660156,118.90552520751953,201.87799072265625,201.91409301757812,200.32534790039062,0.44870489835739136,0.47244077920913696,0.49119001626968384,46.147830963134766,60.62335205078125,58.405208587646484,-44.489173889160156,-56.47275924682617,-57.36790466308594,7.584741592407227,18.314167022705078,2.3223469257354736,0.9640577435493469,0.9315347671508789,0.9822395443916321,5.6225361824035645,5.313694477081299,4.454525947570801,nan
14.600,0,102.84672546386719,128.31947326660156,118.90552520751953,201.87799072265625,201.91409301757812,200.32534790039062,0.44870489835739136,0.47244077920913696,0.49119001626968384,46.147830963134766,60.62335205078125,58.405208587646484,-44.489173889160156,-56.47275924682617,-57.36790466308594,7.584741592407227,18.314167022705078,2.3223469257354736,0.9640577435493469,0.9315347671508789,0.9822395443916321,5.6225361824035645,5.313694477081299,4.454525947570801,nan
14.650,0,102.84672546386719,128.31947326660156,118.90552520751953,201.87799072265625,201.91409301757812,200.32534790039062,0.44870489835739136,0.47244077920913696,0.49119001626968384,46.147830963134766,60.62335205078125,58.405208587646484,-44.489173889160156,-56.47275924682617,-57.36790466308594,7.584741592407227,18.314167022705078,2.3223469257354736,0.9640577435493469,0.9315347671508789,0.9822395443916321,5.6225361824035645,5.313694477081299,4.454525947570801,nan
14.700,0,102.84672546386719,128.31947326660156,118.90552520751953,201.87799072265625,201.91409301757812,200.32534790039062,0.44870489835739136,0.47244077920913696,0.49119001626968384,46.147830963134766,60.62335205078125,58.405208587646484,-44.489173889160156,-56.47275924682617,-57.36790466308594,7.584741592407227,18.314167022705078,2.3223469257354736,0.9640577435493469,0.9315347671508789,0.9822395443916321,5.6225361824035645,5.313694477081299,4.454525947570801,nan
14.750,0,102.78048706054688,128.21180725097656,118.8450698852539,201.70201110839844,201.7861785888672,200.2247314453125,0.4350097179412842,0.45765671133995056,0.4821346402168274,44.71051025390625,58.67699432373047,57.29932403564453,-43.1874885559082,-54.60802459716797,-56.29755401611328,6.614927768707275,17.815818786621094,1.9213944673538208,0.9659359455108643,0.930654764175415,0.982516884803772,5.515405654907227,5.211456775665283,4.3767313957214355,nan
14.800,0,102.78048706054688,128.21180725097656,118.8450698852539,201.70201110839844,201.7861785888672,200.2247314453125,0.4350097179412842,0.45765671133995056,0.4821346402168274,44.71051025390625,58.67699432373047,57.29932403564453,-43.1874885559082,-54.60802459716797,-56.29755401611328,6.614927768707275,17.815818786621094,1.9213944673538208,0.9659359455108643,0.930654764175415,0.982516884803772,5.515405654907227,5.211456775665283,4.3767313957214355,nan
14.850,0,102.78048706054688,128.21180725097656,118.8450698852539,201.70201110839844,201.7861785888672,200.2247314453125,0.4350097179412842,0.45765671133995056,0.4821346402168274,44.71051025390625,58.67699432373047,57.29932403564453,-43.1874885559082,-54.60802459716797,-56.29755401611328,6.614927768707275,17.815818786621094,1.9213944673538208,0.9659359455108643,0.930654764175415,0.982516884803772,5.515405654907227,5.211456775665283,4.3767313957214355,nan
14.900,0,102.78048706054688,128.21180725097656,118.8450698852539,201.70201110839844,201.7861785888672,200.2247314453125,0.4350097179412842,0.45765671133995056,0.4821346402168274,44.71051025390625,58.67699432373047,57.29932403564453,-43.1874885559082,-54.60802459716797,-56.29755401611328,6.614927768707275,17.815818786621094,1.9213944673538208,0.9659359455108643,0.930654764175415,0.982516884803772,5.515405654907227,5.211456775665283,4.3767313957214355,nan
14.950,0,102.86711120605469,128.33251953125,118.94741821289062,201.88980102539062,201.99232482910156,200.37376403808594,0.4463307857513428,0.4696449339389801,0.492556095123291,45.912757873535156,60.27071762084961,58.58827590942383,-44.27757263183594,-56.02827072143555,-57.50547790527344,7.247741222381592,18.432546615600586,2.32702898979187,0.9643849730491638,0.9296101331710815,0.9815185070037842,5.678740978240967,5.397983074188232,4.486726760864258,nan
15.000,0,102.86711120605469,128.33251953125,118.94741821289062,201.88980102539062,201.99232482910156,200.37376403808594,0.4463307857513428,0.4696449339389801,0.492556095123291,45.912757873535156,60.27071762084961,58.58827590942383,-44.27757263183594,-56.02827072143555,-57.50547790527344,7.247741222381592,18.432546615600586,2.32702898979187,0.9643849730491638,0.9296101331710815,0.9815185070037842,5.678740978240967,5.397983074188232,4.486726760864258,nan
15.050,0,102.86711120605469,128.33251953125,118.94741821289062,201.88980102539062,201.99232482910156,200.37376403808594,0.4463307857513428,0.4696449339389801,0.492556095123291,45.912757873535156,60.27071762084961,58.58827590942383,-44.27757263183594,-56.02827072143555,-57.50547790527344,7.247741222381592,18.432546615600586,2.32702898979187,0.9643849730491638,0.9296101331710815,0.9815185070037842,5.678740978240967,5.397983074188232,4.486726760864258,nan
15.100,0,102.86711120605469,128.33251953125,118.94741821289062,201.88980102539062,201.99232482910156,200.37376403808594,0.4463307857513428,0.4696449339389801,0.492556095123291,45.912757873535156,60.27071762084961,58.58827590942383,-44.27757263183594,-56.02827072143555,-57.50547790527344,7.247741222381592,18.432546615600586,2.32702898979187,0.9643849730491638,0.9296101331710815,0.9815185070037842,5.678740978240967,5.397983074188232,4.486726760864258,nan
15.150,0,102.87696075439453,128.38943481445312,118.94261932373047,201.9617919921875,202.05078125,200.35618591308594,0.43880364298820496,0.46394655108451843,0.48947423696517944,45.142784118652344,59.565834045410156,58.2193489074707,-43.66823196411133,-55.37031173706055,-57.284141540527344,6.726134300231934,18.4306640625,2.013465166091919,0.9673358201980591,0.9295649528503418,0.9839364886283875,5.791321754455566,5.470145225524902,4.5906453132629395,nan
15.200,0,102.87696075439453,128.38943481445312,118.94261932373047,201.9617919921875,202.05078125,200.35618591308594,0.43880364298820496,0.46394655108451843,0.48947423696517944,45.142784118652344,59.565834045410156,58.2193489074707,-43.66823196411133,-55.37031173706055,-57.284141540527344,6.726134300231934,18.4306640625,2.013465166091919,0.9673358201980591,0.9295649528503418,0.9839364886283875,5.791321754455566,5.470145225524902,4.5906453132629395,nan
15.250,0,102.87696075439453,128.38943481445312,118.94261932373047,201.9617919921875,202.05078125,200.35618591308594,0.43880364298820496,0.46394655108451843,0.48947423696517944,45.142784118652344,59.565834045410156,58.2193489074707,-43.66823196411133,-55.37031173706055,-57.284141540527344,6.726134300231934,18.4306640625,2.013465166091919,0.9673358201980591,0.9295649528503418,0.9839364886283875,5.791321754455566,5.470145225524902,4.5906453132629395,nan
15.300,0,102.87696075439453,128.38943481445312,118.94261932373047,201.9617919921875,202.05078125,200.35618591308594,0.43880364298820496,0.46394655108451843,0.48947423696517944,45.142784118652344,59.565834045410156,58.2193489074707,-43.66823196411133,-55.37031173706055,-57.284141540527344,6.726134300231934,18.4306640625,2.013465166091919,0.9673358201980591,0.9295649528503418,0.9839364886283875,5.791321754455566,5.470145225524902,4.5906453132629395,nan
15.350,0,102.90807342529297,128.3415069580078,118.93375396728516,201.95803833007812,202.0113983154297,200.3603057861328,0.44140368700027466,0.46679630875587463,0.4887206256389618,45.42400360107422,59.909339904785156,58.1253776550293,-43.66714096069336,-55.400516510009766,-56.979915618896484,7.443754196166992,18.787599563598633,2.5944652557373047,0.9613230228424072,0.9247392416000366,0.9802932739257812,5.7806501388549805,5.471635818481445,4.5771098136901855,nan
15.400,0,102.90807342529297,128.3415069580078,118.93375396728516,201.95803833007812,202.0113983154297,200.3603057861328,0.44140368700027466,0.46679630875587463,0.4887206256389618,45.42400360107422,59.909339904785156,58.1253776550293,-43.66714096069336,-55.400516510009766,-56.979915618896484,7.443754196166992,18.787599563598633,2.5944652557373047,0.9613230228424072,0.9247392416000366,0.9802932739257812,5.7806501388549805,5.471635818481445,4.5771098136901855,nan
15.450,0,102.90807342529297,128.3415069580078,118.93375396728516,201.95803833007812,202.0113983154297,200.3603057861328,0.44140368700027466,0.46679630875587463,0.4887206256389618,45.42400360107422,59.909339904785156,58.1253776550293,-43.66714096069336,-55.400516510009766,-56.979915618896484,7.443754196166992,18.787599563598633,2.5944652557373047,0.9613230228424072,0.9247392416000366,0.9802932739257812,5.7806501388549805,5.471635818481445,4.5771098136901855,nan
15.500,0,102.90807342529297,128.3415069580078,118.93375396728516,201.95803833007812,202.0113983154297,200.3603057861328,0.44140368700027466,0.46679630875587463,0.4887206256389618,45.42400360107422,59.909339904785156,58.1253776550293,-43.66714096069336,-55.400516510009766,-56.979915618896484,7.443754196166992,18.787599563598633,2.5944652557373047,0.9613230228424072,0.9247392416000366,0.9802932739257812,5.7806501388549805,5.471635818481445,4.5771098136901855,nan
15.550,0,102.9513168334961,128.38525390625,118.99102783203125,202.0189971923828,202.0154571533203,200.5149688720703,0.4532560110092163,0.4766318202018738,0.49691590666770935,46.66330337524414,61.19249725341797,59.128536224365234,-44.97306823730469,-56.970035552978516,-58.104923248291016,7.859233856201172,18.8591365814209,2.671743631362915,0.9637780785560608,0.9309970736503601,0.9826883673667908,5.683038234710693,5.444887638092041,4.558872222900391,nan
15.600,0,102.9513168334961,128.38525390625,118.99102783203125,202.0189971923828,202.0154571533203,200.5149688720703,0.4532560110092163,0.4766318202018738,0.49691590666770935,46.66330337524414,61.19249725341797,59.128536224365234,-44.97306823730469,-56.970035552978516,-58.104923248291016,7.859233856201172,18.8591365814209,2.671743631362915,0.9637780785560608,0.9309970736503601,0.9826883673667908,5.683038234710693,5.444887638092041,4.558872222900391,nan
15.650,0,102.9513168334961,128.38525390625,118.99102783203125,202.0189971923828,202.0154571533203,200.5149688720703,0.4532560110092163,0.4766318202018738,0.49691590666770935,46.66330337524414,61.19249725341797,59.128536224365234,-44.97306823730469,-56.970035552978516,-58.104923248291016,7.859233856201172,18.8591365814209,2.671743631362915,0.9637780785560608,0.9309970736503601,0.9826883673667908,5.683038234710693,5.444887638092041,4.558872222900391,nan
15.700,0,102.9513168334961,128.38525390625,118.99102783203125,202.0189971923828,202.0154571533203,200.5149688720703,0.4532560110092163,0.4766318202018738,0.49691590666770935,46.66330337524414,61.19249725341797,59.128536224365234,-44.97306823730469,-56.970035552978516,-58.104923248291016,7.859233856201172,18.8591365814209,2.671743631362915,0.9637780785560608,0.9309970736503601,0.9826883673667908,5.683038234710693,5.444887638092041,4.558872222900391,nan
15.750,0,102.84696960449219,128.26931762695312,118.88838195800781,201.82412719726562,201.8367919921875,200.33103942871094,0.4376002550125122,0.4629676640033722,0.4826981723308563,45.005859375,59.38454818725586,57.387203216552734,-43.31755065917969,-55.1766242980957,-56.26459503173828,7.117023944854736,17.998065948486328,1.9332833290100098,0.9624869227409363,0.929141104221344,0.9804379940032959,5.615210056304932,5.4171528816223145,4.5315446853637695,nan
15.800,0,102.84696960449219,128.26931762695312,118.88838195800781,201.82412719726562,201.8367919921875,200.33103942871094,0.4376002550125122,0.4629676640033722,0.4826981723308563,45.005859375,59.38454818725586,57.387203216552734,-43.31755065917969,-55.1766242980957,-56.26459503173828,7.117023944854736,17.998065948486328,1.9332833290100098,0.9624869227409363,0.929141104221344,0.9804379940032959,5.615210056304932,5.4171528816223145,4.5315446853637695,nan
15.850,0,102.84696960449219,128.26931762695312,118.88838195800781,201.82412719726562,201.8367919921875,200.33103942871094,0.4376002550125122,0.4629676640033722,0.4826981723308563,45.005859375,59.38454818725586,57.387203216552734,-43.31755065917969,-55.1766242980957,-56.26459503173828,7.117023944854736,17.998065948486328,1.9332833290100098,0.9624869227409363,0.929141104221344,0.9804379940032959,5.615210056304932,5.4171528816223145,4.5315446853637695,nan
15.900,0,102.84696960449219,128.26931762695312,118.88838195800781,201.82412719726562,201.8367919921875,200.33103942871094,0.4376002550125122,0.4629676640033722,0.4826981723308563,45.005859375,59.38454818725586,57.387203216552734,-43.31755065917969,-55.1766242980957,-56.26459503173828,7.117023944854736,17.998065948486328,1.9332833290100098,0.9624869227409363,0.929141104221344,0.9804379940032959,5.615210056304932,5.4171528816223145,4.5315446853637695,nan
15.950,0,102.87897491455078,128.33518981933594,118.93305969238281,201.92160034179688,202.00637817382812,200.337890625,0.44711700081825256,0.4702751040458679,0.4942277669906616,45.998939514160156,60.35284423828125,58.78002166748047,-44.23196792602539,-55.87504959106445,-57.63219451904297,7.3536601066589355,18.812397003173828,2.633448839187622,0.9615867137908936,0.9258064031600952,0.9804725050926208,5.752854347229004,5.483832836151123,4.555514335632324,nan
16.000,0,102.87897491455078,128.33518981933594,118.93305969238281,201.92160034179688,202.00637817382812,200.337890625,0.44711700081825256,0.4702751040458679,0.4942277669906616,45.998939514160156,60.35284423828125,58.78002166748047,-44.23196792602539,-55.87504959106445,-57.63219451904297,7.3536601066589355,18.812397003173828,2.633448839187622,0.9615867137908936,0.9258064031600952,0.9804725050926208,5.752854347229004,5.483832836151123,4.555514335632324,nan
16.050,0,102.87897491455078,128.33518981933594,118.93305969238281,201.92160034179688,202.00637817382812,200.337890625,0.44711700081825256,0.4702751040458679,0.4942277669906616,45.998939514160156,60.35284423828125,58.78002166748047,-44.23196792602539,-55.87504959106445,-57.63219451904297,7.3536601066589355,18.812397003173828,2.633448839187622,0.9615867137908936,0.9258064031600952,0.9804725050926208,5.752854347229004,5.483832836151123,4.555514335632324,nan
16.100,0,102.87897491455078,128.33518981933594,118.93305969238281,201.92160034179688,202.00637817382812,200.337890625,0.44711700081825256,0.4702751040458679,0.4942277669906616,45.998939514160156,60.35284423828125,58.78002166748047,-44.23196792602539,-55.87504959106445,-57.63219451904297,7.3536601066589355,18.812397003173828,2.633448839187622,0.9615867137908936,0.9258064031600952,0.9804725050926208,5.752854347229004,5.483832836151123,4.555514335632324,nan
16.150,0,102.88172149658203,128.37338256835938,118.95108795166016,201.9411163330078,202.02882385253906,200.38751220703125,0.4493692219257355,0.4705241322517395,0.4955730438232422,46.23188018798828,60.402774810791016,58.948951721191406,-44.533294677734375,-55.933509826660156,-57.830631256103516,7.520997524261475,18.914987564086914,2.992492198944092,0.9632594585418701,0.926008939743042,0.9810289740562439,5.732400894165039,5.4538397789001465,4.497217178344727,nan
16.200,0,102.88172149658203,128.37338256835938,118.95108795166016,201.9411163330078,202.02882385253906,200.38751220703125,0.4493692219257355,0.4705241322517395,0.4955730438232422,46.23188018798828,60.402774810791016,58.948951721191406,-44.533294677734375,-55.933509826660156,-57.830631256103516,7.520997524261475,18.914987564086914,2.992492198944092,0.9632594585418701,0.926008939743042,0.9810289740562439,5.732400894165039,5.4538397789001465,4.497217178344727,nan
16.250,0,102.88172149658203,128.37338256835938,118.95108795166016,201.9411163330078,202.02882385253906,200.38751220703125,0.4493692219257355,0.4705241322517395,0.4955730438232422,46.23188018798828,60.402774810791016,58.948951721191406,-44.533294677734375,-55.933509826660156,-57.830631256103516,7.520997524261475,18.914987564086914,2.992492198944092,0.9632594585418701,0.926008939743042,0.9810289740562439,5.732400894165039,5.4538397789001465,4.497217178344727,nan
16.300,0,102.88172149658203,128.37338256835938,118.95108795166016,201.9411163330078,202.02882385253906,200.38751220703125,0.4493692219257355,0.4705241322517395,0.4955730438232422,46.23188018798828,60.402774810791016,58.948951721191406,-44.533294677734375,-55.933509826660156,-57.830631256103516,7.520997524261475,18.914987564086914,2.992492198944092,0.9632594585418701,0.926008939743042,0.9810289740562439,5.732400894165039,5.4538397789001465,4.497217178344727,nan
16.350,0,102.8554458618164,128.33514404296875,118.90046691894531,201.89581298828125,201.95794677734375,200.30612182617188,0.44131138920783997,0.46654096245765686,0.48743727803230286,45.39128112792969,59.873600006103516,57.956520080566406,-43.566795349121094,-55.425865173339844,-56.72404861450195,7.348484992980957,18.48235511779785,2.31919264793396,0.9598053693771362,0.9257146120071411,0.97873455286026,5.743451118469238,5.470346450805664,4.510219573974609,nan
16.400,0,102.8554458618164,128.33514404296875,118.90046691894531,201.89581298828125,201.95794677734375,200.30612182617188,0.44131138920783997,0.46654096245765686,0.48743727803230286,45.39128112792969,59.873600006103516,57.956520080566406,-43.566795349121094,-55.425865173339844,-56.72404861450195,7.348484992980957,18.48235511779785,2.31919264793396,0.9598053693771362,0.9257146120071411,0.97873455286026,5.743451118469238,5.470346450805664,4.510219573974609,nan
16.450,0,102.8554458618164,128.33514404296875,118.90046691894531,201.89581298828125,201.95794677734375,200.30612182617188,0.44131138920783997,0.46654096245765686,0.48743727803230286,45.39128112792969,59.873600006103516,57.956520080566406,-43.566795349121094,-55.425865173339844,-56.72404861450195,7.348484992980957,18.48235511779785,2.31919264793396,0.9598053693771362,0.9257146120071411,0.97873455286026,5.743451118469238,5.470346450805664,4.510219573974609,nan
16.500,0,102.8554458618164,128.33514404296875,118.90046691894531,201.89581298828125,201.95794677734375,200.30612182617188,0.44131138920783997,0.46654096245765686,0.48743727803230286,45.39128112792969,59.873600006103516,57.956520080566406,-43.566795349121094,-55.425865173339844,-56.72404861450195,7.348484992980957,18.48235511779785,2.31919264793396,0.9598053693771362,0.9257146120071411,0.97873455286026,5.743451118469238,5.470346450805664,4.510219573974609,nan
16.550,0,102.89781188964844,128.30039978027344,118.92799377441406,201.89964294433594,201.92527770996094,200.3889923095703,0.4453624486923218,0.47280269861221313,0.4916570782661438,45.826820373535156,60.66077423095703,58.4717903137207,-44.04393768310547,-56.27790451049805,-57.294456481933594,7.538678169250488,18.62147331237793,2.1204612255096436,0.9610952138900757,0.927747905254364,0.9798649549484253,5.611274719238281,5.3917717933654785,4.485054016113281,nan
16.600,0,102.89781188964844,128.30039978027344,118.92799377441406,201.89964294433594,201.92527770996094,200.3889923095703,0.4453624486923218,0.47280269861221313,0.4916570782661438,45.826820373535156,60.66077423095703,58.4717903137207,-44.04393768310547,-56.27790451049805,-57.294456481933594,7.538678169250488,18.62147331237793,2.1204612255096436,0.9610952138900757,0.927747905254364,0.9798649549484253,5.611274719238281,5.3917717933654785,4.485054016113281,nan
16.650,0,102.89781188964844,128.30039978027344,118.92799377441406,201.89964294433594,201.92527770996094,200.3889923095703,0.4453624486923218,0.47280269861221313,0.4916570782661438,45.826820373535156,60.66077423095703,58.4717903137207,-44.04393768310547,-56.27790451049805,-57.294456481933594,7.538678169250488,18.62147331237793,2.1204612255096436,0.9610952138900757,0.927747905254364,0.9798649549484253,5.611274719238281,5.3917717933654785,4.485054016113281,nan
16.700,0,102.89781188964844,128.30039978027344,118.92799377441406,201.89964294433594,201.92527770996094,200.3889923095703,0.4453624486923218,0.47280269861221313,0.4916570782661438,45.826820373535156,60.66077423095703,58.4717903137207,-44.04393768310547,-56.27790451049805,-57.294456481933594,7.538678169250488,18.62147331237793,2.1204612255096436,0.9610952138900757,0.927747905254364,0.9798649549484253,5.611274719238281,5.3917717933654785,4.485054016113281,nan
16.750,0,102.87358856201172,128.30520629882812,118.89213562011719,201.87940979003906,201.89532470703125,200.3408966064453,0.44529032707214355,0.46971920132637024,0.4911141097545624,45.80861282348633,60.267417907714844,58.38960647583008,-44.02843475341797,-55.73167419433594,-57.258792877197266,7.946307182312012,19.21982765197754,3.0836734771728516,0.9611387848854065,0.9247397184371948,0.9806333184242249,5.621799945831299,5.377560615539551,4.476764678955078,nan
16.800,0,102.87358856201172,128.30520629882812,118.89213562011719,201.87940979003906,201.89532470703125,200.3408966064453,0.44529032707214355,0.46971920132637024,0.4911141097545624,45.80861282348633,60.267417907714844,58.38960647583008,-44.02843475341797,-55.73167419433594,-57.258792877197266,7.946307182312012,19.21982765197754,3.0836734771728516,0.9611387848854065,0.9247397184371948,0.9806333184242249,5.621799945831299,5.377560615539551,4.476764678955078,nan
16.850,0,102.87358856201172,128.30520629882812,118.89213562011719,201.87940979003906,201.89532470703125,200.3408966064453,0.44529032707214355,0.46971920132637024,0.4911141097545624,45.80861282348633,60.267417907714844,58.38960647583008,-44.02843475341797,-55.73167419433594,-57.258792877197266,7.946307182312012,19.21982765197754,3.0836734771728516,0.9611387848854065,0.9247397184371948,0.9806333184242249,5.621799945831299,5.377560615539551,4.476764678955078,nan
16.900,0,102.87358856201172,128.30520629882812,118.89213562011719,201.87940979003906,201.89532470703125,200.3408966064453,0.44529032707214355,0.46971920132637024,0.4911141097545624,45.80861282348633,60.267417907714844,58.38960647583008,-44.02843475341797,-55.73167419433594,-57.258792877197266,7.946307182312012,19.21982765197754,3.0836734771728516,0.9611387848854065,0.9247397184371948,0.9806333184242249,5.621799945831299,5.377560615539551,4.476764678955078,nan
16.950,0,102.82923889160156,128.37615966796875,118.90934753417969,201.90945434570312,202.00608825683594,200.2882843017578,0.4439513385295868,0.470032274723053,0.4928954541683197,45.65117645263672,60.340938568115234,58.60987854003906,-43.922645568847656,-55.84699630737305,-57.4493408203125,7.347264766693115,18.856388092041016,2.395536422729492,0.9621360898017883,0.9255241751670837,0.9801989197731018,5.744639873504639,5.421009540557861,4.46986198425293,nan
17.000,0,102.82923889160156,128.37615966796875,118.90934753417969,201.90945434570312,202.00608825683594,200.2882843017578,0.4439513385295868,0.470032274723053,0.4928954541683197,45.65117645263672,60.340938568115234,58.60987854003906,-43.922645568847656,-55.84699630737305,-57.4493408203125,7.347264766693115,18.856388092041016,2.395536422729492,0.9621360898017883,0.9255241751670837,0.9801989197731018,5.744639873504639,5.421009540557861,4.46986198425293,nan
17.050,0,102.82923889160156,128.37615966796875,118.90934753417969,201.90945434570312,202.00608825683594,200.2882843017578,0.4439513385295868,0.470032274723053,0.4928954541683197,45.65117645263672,60.340938568115234,58.60987854003906,-43.922645568847656,-55.84699630737305,-57.4493408203125,7.347264766693115,18.856388092041016,2.395536422729492,0.9621360898017883,0.9255241751670837,0.9801989197731018,5.744639873504639,5.421009540557861,4.46986198425293,nan
17.100,0,102.82923889160156,128.37615966796875,118.90934753417969,201.90945434570312,202.00608825683594,200.2882843017578,0.4439513385295868,0.470032274723053,0.4928954541683197,45.65117645263672,60.340938568115234,58.60987854003906,-43.922645568847656,-55.84699630737305,-57.4493408203125,7.347264766693115,18.856388092041016,2.395536422729492,0.9621360898017883,0.9255241751670837,0.9801989197731018,5.744639873504639,5.421009540557861,4.46986198425293,nan
17.150,0,102.87667083740234,128.33885192871094,118.89892578125,201.92762756347656,202.00106811523438,200.28887939453125,0.44191309809684753,0.4674440324306488,0.49333247542381287,45.462547302246094,59.99123001098633,58.656700134277344,-43.79242706298828,-55.50382614135742,-57.51469039916992,6.942731857299805,18.772911071777344,2.2648186683654785,0.9632638096809387,0.925199031829834,0.9805306196212769,5.771711349487305,5.427138328552246,4.487702369689941,nan
17.200,0,102.87667083740234,128.33885192871094,118.89892578125,201.92762756347656,202.00106811523438,200.28887939453125,0.44191309809684753,0.4674440324306488,0.49333247542381287,45.462547302246094,59.99123001098633,58.656700134277344,-43.79242706298828,-55.50382614135742,-57.51469039916992,6.942731857299805,18.772911071777344,2.2648186683654785,0.9632638096809387,0.925199031829834,0.9805306196212769,5.771711349487305,5.427138328552246,4.487702369689941,nan
17.250,0,102.87667083740234,128.33885192871094,118.89892578125,201.92762756347656,202.00106811523438,200.28887939453125,0.44191309809684753,0.4674440324306488,0.49333247542381287,45.462547302246094,59.99123001098633,58.656700134277344,-43.79242706298828,-55.50382614135742,-57.51469039916992,6.942731857299805,18.772911071777344,2.2648186683654785,0.9632638096809387,0.925199031829834,0.9805306196212769,5.771711349487305,5.427138328552246,4.487702369689941,nan
17.300,0,102.87667083740234,128.33885192871094,118.89892578125,201.92762756347656,202.00106811523438,200.28887939453125,0.44191309809684753,0.4674440324306488,0.49333247542381287,45.462547302246094,59.99123001098633,58.656700134277344,-43.79242706298828,-55.50382614135742,-57.51469039916992,6.942731857299805,18.772911071777344,2.2648186683654785,0.9632638096809387,0.925199031829834,0.9805306196212769,5.771711349487305,5.427138328552246,4.487702369689941,nan
17.350,0,102.85232543945312,128.39779663085938,118.89620971679688,201.96571350097656,201.98387145996094,200.30137634277344,0.4512172043323517,0.47527945041656494,0.4965963065624237,46.40873718261719,61.02483367919922,59.043418884277344,-44.51420593261719,-56.361412048339844,-57.86531066894531,8.039217948913574,19.40321159362793,3.134307861328125,0.9591772556304932,0.923581600189209,0.9800467491149902,5.734054088592529,5.3922576904296875,4.464105129241943,nan
17.400,0,102.85232543945312,128.39779663085938,118.89620971679688,201.96571350097656,201.98387145996094,200.30137634277344,0.4512172043323517,0.47527945041656494,0.4965963065624237,46.40873718261719,61.02483367919922,59.043418884277344,-44.51420593261719,-56.361412048339844,-57.86531066894531,8.039217948913574,19.40321159362793,3.134307861328125,0.9591772556304932,0.923581600189209,0.9800467491149902,5.734054088592529,5.3922576904296875,4.464105129241943,nan
17.450,0,102.85232543945312,128.39779663085938,118.89620971679688,201.96571350097656,201.98387145996094,200.30137634277344,0.4512172043323517,0.47527945041656494,0.4965963065624237,46.40873718261719,61.02483367919922,59.043418884277344,-44.51420593261719,-56.361412048339844,-57.86531066894531,8.039217948913574,19.40321159362793,3.134307861328125,0.9591772556304932,0.923581600189209,0.9800467491149902,5.734054088592529,5.3922576904296875,4.464105129241943,nan
17.500,0,102.85232543945312,128.39779663085938,118.89620971679688,201.96571350097656,201.98387145996094,200.30137634277344,0.4512172043323517,0.47527945041656494,0.4965963065624237,46.40873718261719,61.02483367919922,59.043418884277344,-44.51420593261719,-56.361412048339844,-57.86531066894531,8.039217948913574,19.40321159362793,3.134307861328125,0.9591772556304932,0.923581600189209,0.9800467491149902,5.734054088592529,5.3922576904296875,4.464105129241943,nan
17.550,0,102.88428497314453,128.2926025390625,118.8836441040039,201.87310791015625,201.88771057128906,200.3394317626953,0.4469250440597534,0.4706248939037323,0.49433276057243347,45.981563568115234,60.37769317626953,58.76808166503906,-44.210506439208984,-55.87324523925781,-57.600563049316406,7.2581353187561035,18.707319259643555,2.46132755279541,0.9614832997322083,0.9253954887390137,0.9801334738731384,5.640397071838379,5.3657355308532715,4.439926624298096,nan
17.600,0,102.88428497314453,128.2926025390625,118.8836441040039,201.87310791015625,201.88771057128906,200.3394317626953,0.4469250440597534,0.4706248939037323,0.49433276057243347,45.981563568115234,60.37769317626953,58.76808166503906,-44.210506439208984,-55.87324523925781,-57.600563049316406,7.2581353187561035,18.707319259643555,2.46132755279541,0.9614832997322083,0.9253954887390137,0.9801334738731384,5.640397071838379,5.3657355308532715,4.439926624298096,nan
17.650,0,102.88428497314453,128.2926025390625,118.8836441040039,201.87310791015625,201.88771057128906,200.3394317626953,0.4469250440597534,0.4706248939037323,0.49433276057243347,45.981563568115234,60.37769317626953,58.76808166503906,-44.210506439208984,-55.87324523925781,-57.600563049316406,7.2581353187561035,18.707319259643555,2.46132755279541,0.9614832997322083,0.9253954887390137,0.9801334738731384,5.640397071838379,5.3657355308532715,4.439926624298096,nan
17.700,0,102.88428497314453,128.2926025390625,118.8836441040039,201.87310791015625,201.88771057128906,200.3394317626953,0.4469250440597534,0.4706248939037323,0.49433276057243347,45.981563568115234,60.37769317626953,58.76808166503906,-44.210506439208984,-55.87324523925781,-57.600563049316406,7.2581353187561035,18.707319259643555,2.46132755279541,0.9614832997322083,0.9253954887390137,0.9801334738731384,5.640397071838379,5.3657355308532715,4.439926624298096,nan
17.750,0,102.84236907958984,128.28924560546875,118.84906768798828,201.8443603515625,201.82627868652344,200.28256225585938,0.4465599060058594,0.47140052914619446,0.490704208612442,45.92527770996094,60.475616455078125,58.31973648071289,-44.0730094909668,-56.15098190307617,-57.06955337524414,7.199429035186768,18.056032180786133,1.8471002578735352,0.9596678018569946,0.928489625453949,0.9785633087158203,5.605132102966309,5.3691840171813965,4.456191539764404,nan
17.800,0,102.84236907958984,128.28924560546875,118.84906768798828,201.8443603515625,201.82627868652344,200.28256225585938,0.4465599060058594,0.47140052914619446,0.490704208612442,45.92527770996094,60.475616455078125,58.31973648071289,-44.0730094909668,-56.15098190307617,-57.06955337524414,7.199429035186768,18.056032180786133,1.8471002578735352,0.9596678018569946,0.928489625453949,0.9785633087158203,5.605132102966309,5.3691840171813965,4.456191539764404,nan
17.850,0,102.84236907958984,128.28924560546875,118.84906768798828,201.8443603515625,201.82627868652344,200.28256225585938,0.4465599060058594,0.47140052914619446,0.490704208612442,45.92527770996094,60.475616455078125,58.31973648071289,-44.0730094909668,-56.15098190307617,-57.06955337524414,7.199429035186768,18.056032180786133,1.8471002578735352,0.9596678018569946,0.928489625453949,0.9785633087158203,5.605132102966309,5.3691840171813965,4.456191539764404,nan
17.900,0,102.84236907958984,128.28924560546875,118.84906768798828,201.8443603515625,201.82627868652344,200.28256225585938,0.4465599060058594,0.47140052914619446,0.490704208612442,45.92527770996094,60.475616455078125,58.31973648071289,-44.0730094909668,-56.15098190307617,-57.06955337524414,7.199429035186768,18.056032180786133,1.8471002578735352,0.9596678018569946,0.928489625453949,0.9785633087158203,5.605132102966309,5.3691840171813965,4.456191539764404,nan
17.950,0,102.8311767578125,128.28466796875,118.86416625976562,201.83482360839844,201.92076110839844,200.22555541992188,0.44581538438796997,0.47001907229423523,0.4941249489784241,45.843719482421875,60.296241760253906,58.73374938964844,-43.96353530883789,-55.54392623901367,-57.47328186035156,7.501212120056152,19.132471084594727,2.892869234085083,0.9589871168136597,0.9211838841438293,0.9785392880439758,5.784520626068115,5.438436031341553,4.540765762329102,nan
18.000,0,102.8311767578125,128.28466796875,118.86416625976562,201.83482360839844,201.92076110839844,200.22555541992188,0.44581538438796997,0.47001907229423523,0.4941249489784241,45.843719482421875,60.296241760253906,58.73374938964844,-43.96353530883789,-55.54392623901367,-57.47328186035156,7.501212120056152,19.132471084594727,2.892869234085083,0.9589871168136597,0.9211838841438293,0.9785392880439758,5.784520626068115,5.438436031341553,4.540765762329102,nan
18.050,0,102.8311767578125,128.28466796875,118.86416625976562,201.83482360839844,201.92076110839844,200.22555541992188,0.44581538438796997,0.47001907229423523,0.4941249489784241,45.843719482421875,60.296241760253906,58.73374938964844,-43.96353530883789,-55.54392623901367,-57.47328186035156,7.501212120056152,19.132471084594727,2.892869234085083,0.9589871168136597,0.9211838841438293,0.9785392880439758,5.784520626068115,5.438436031341553,4.540765762329102,nan
18.100,0,102.8311767578125,128.28466796875,118.86416625976562,201.83482360839844,201.92076110839844,200.22555541992188,0.44581538438796997,0.47001907229423523,0.4941249489784241,45.843719482421875,60.296241760253906,58.73374938964844,-43.96353530883789,-55.54392623901367,-57.47328186035156,7.501212120056152,19.132471084594727,2.892869234085083,0.9589871168136597,0.9211838841438293,0.9785392880439758,5.784520626068115,5.438436031341553,4.540765762329102,nan
18.150,0,102.85604095458984,128.41029357910156,118.90391540527344,201.98252868652344,202.00074768066406,200.30813598632812,0.45573702454566956,0.4785623848438263,0.5018839836120605,46.87530517578125,61.452335357666016,59.67597198486328,-45.05015563964844,-56.92867660522461,-58.45321273803711,7.658466815948486,19.011356353759766,2.728950023651123,0.9610637426376343,0.9263875484466553,0.9795100092887878,5.853877067565918,5.482694149017334,4.586941719055176,nan
18.200,0,102.85604095458984,128.41029357910156,118.90391540527344,201.98252868652344,202.00074768066406,200.30813598632812,0.45573702454566956,0.4785623848438263,0.5018839836120605,46.87530517578125,61.452335357666016,59.67597198486328,-45.05015563964844,-56.92867660522461,-58.45321273803711,7.658466815948486,19.011356353759766,2.728950023651123,0.9610637426376343,0.9263875484466553,0.9795100092887878,5.853877067565918,5.482694149017334,4.586941719055176,nan
18.250,0,102.85604095458984,128.41029357910156,118.90391540527344,201.98252868652344,202.00074768066406,200.30813598632812,0.45573702454566956,0.4785623848438263,0.5018839836120605,46.87530517578125,61.452335357666016,59.67597198486328,-45.05015563964844,-56.92867660522461,-58.45321273803711,7.658466815948486,19.011356353759766,2.728950023651123,0.9610637426376343,0.9263875484466553,0.9795100092887878,5.853877067565918,5.482694149017334,4.586941719055176,nan
18.300,0,102.85604095458984,128.41029357910156,118.90391540527344,201.98252868652344,202.00074768066406,200.30813598632812,0.45573702454566956,0.4785623848438263,0.5018839836120605,46.87530517578125,61.452335357666016,59.67597198486328,-45.05015563964844,-56.92867660522461,-58.45321273803711,7.658466815948486,19.011356353759766,2.728950023651123,0.9610637426376343,0.9263875484466553,0.9795100092887878,5.853877067565918,5.482694149017334,4.586941719055176,nan
18.350,0,102.8221435546875,128.29107666015625,118.84736633300781,201.8268280029297,201.8901824951172,200.22080993652344,0.44356536865234375,0.4681447148323059,0.4944028854370117,45.608341217041016,60.05878829956055,58.758480072021484,-43.716957092285156,-55.291656494140625,-57.485313415527344,7.3140716552734375,19.24053955078125,2.7764768600463867,0.9585298895835876,0.9206255674362183,0.9783322215080261,5.8292975425720215,5.468316555023193,4.587581157684326,nan
18.400,0,102.8221435546875,128.29107666015625,118.84736633300781,201.8268280029297,201.8901824951172,200.22080993652344,0.44356536865234375,0.4681447148323059,0.4944028854370117,45.608341217041016,60.05878829956055,58.758480072021484,-43.716957092285156,-55.291656494140625,-57.485313415527344,7.3140716552734375,19.24053955078125,2.7764768600463867,0.9585298895835876,0.9206255674362183,0.9783322215080261,5.8292975425720215,5.468316555023193,4.587581157684326,nan
18.450,0,102.8221435546875,128.29107666015625,118.84736633300781,201.8268280029297,201.8901824951172,200.22080993652344,0.44356536865234375,0.4681447148323059,0.4944028854370117,45.608341217041016,60.05878829956055,58.758480072021484,-43.716957092285156,-55.291656494140625,-57.485313415527344,7.3140716552734375,19.24053955078125,2.7764768600463867,0.9585298895835876,0.9206255674362183,0.9783322215080261,5.8292975425720215,5.468316555023193,4.587581157684326,nan
18.500,0,102.8221435546875,128.29107666015625,118.84736633300781,201.8268280029297,201.8901824951172,200.22080993652344,0.44356536865234375,0.4681447148323059,0.4944028854370117,45.608341217041016,60.05878829956055,58.758480072021484,-43.716957092285156,-55.291656494140625,-57.485313415527344,7.3140716552734375,19.24053955078125,2.7764768600463867,0.9585298895835876,0.9206255674362183,0.9783322215080261,5.8292975425720215,5.468316555023193,4.587581157684326,nan
18.550,0,102.87297821044922,128.30101013183594,118.88783264160156,201.86485290527344,201.8508758544922,200.36793518066406,0.45222634077072144,0.4775177836418152,0.49475422501564026,46.52186965942383,61.266014099121094,58.82025909423828,-44.5566520690918,-56.75836944580078,-57.49445343017578,7.751261234283447,18.471233367919922,2.2590396404266357,0.9577571153640747,0.926425039768219,0.9774600267410278,5.661073684692383,5.425556659698486,4.503003120422363,nan
18.600,0,102.87297821044922,128.30101013183594,118.88783264160156,201.86485290527344,201.8508758544922,200.36793518066406,0.45222634077072144,0.4775177836418152,0.49475422501564026,46.52186965942383,61.266014099121094,58.82025909423828,-44.5566520690918,-56.75836944580078,-57.49445343017578,7.751261234283447,18.471233367919922,2.2590396404266357,0.9577571153640747,0.926425039768219,0.9774600267410278,5.661073684692383,5.425556659698486,4.503003120422363,nan
18.650,0,102.87297821044922,128.30101013183594,118.88783264160156,201.86485290527344,201.8508758544922,200.36793518066406,0.45222634077072144,0.4775177836418152,0.49475422501564026,46.52186965942383,61.266014099121094,58.82025909423828,-44.5566520690918,-56.75836944580078,-57.49445343017578,7.751261234283447,18.471233367919922,2.2590396404266357,0.9577571153640747,0.926425039768219,0.9774600267410278,5.661073684692383,5.425556659698486,4.503003120422363,nan
18.700,0,102.87297821044922,128.30101013183594,118.88783264160156,201.86485290527344,201.8508758544922,200.36793518066406,0.45222634077072144,0.4775177836418152,0.49475422501564026,46.52186965942383,61.266014099121094,58.82025909423828,-44.5566520690918,-56.75836944580078,-57.49445343017578,7.751261234283447,18.471233367919922,2.2590396404266357,0.9577571153640747,0.926425039768219,0.9774600267410278,5.661073684692383,5.425556659698486,4.503003120422363,nan
18.750,0,102.92967987060547,128.23863220214844,118.88853454589844,201.85562133789062,201.83441162109375,200.39915466308594,0.450316846370697,0.47175440192222595,0.49413448572158813,46.35096740722656,60.49713897705078,58.746925354003906,-44.602638244628906,-56.2039909362793,-57.59770202636719,7.3777666091918945,18.362987518310547,2.4474411010742188,0.9622806310653687,0.9290355443954468,0.9804377555847168,5.619457244873047,5.38151741027832,4.453416347503662,nan
18.800,0,102.92967987060547,128.23863220214844,118.88853454589844,201.85562133789062,201.83441162109375,200.39915466308594,0.450316846370697,0.47175440192222595,0.49413448572158813,46.35096740722656,60.49713897705078,58.746925354003906,-44.602638244628906,-56.2039909362793,-57.59770202636719,7.3777666091918945,18.362987518310547,2.4474411010742188,0.9622806310653687,0.9290355443954468,0.9804377555847168,5.619457244873047,5.38151741027832,4.453416347503662,nan
18.850,0,102.92967987060547,128.23863220214844,118.88853454589844,201.85562133789062,201.83441162109375,200.39915466308594,0.450316846370697,0.47175440192222595,0.49413448572158813,46.35096740722656,60.49713897705078,58.746925354003906,-44.602638244628906,-56.2039909362793,-57.59770202636719,7.3777666091918945,18.362987518310547,2.4474411010742188,0.9622806310653687,0.9290355443954468,0.9804377555847168,5.619457244873047,5.38151741027832,4.453416347503662,nan
18.900,0,102.92967987060547,128.23863220214844,118.88853454589844,201.85562133789062,201.83441162109375,200.39915466308594,0.450316846370697,0.47175440192222595,0.49413448572158813,46.35096740722656,60.49713897705078,58.746925354003906,-44.602638244628906,-56.2039909362793,-57.59770202636719,7.3777666091918945,18.362987518310547,2.4474411010742188,0.9622806310653687,0.9290355443954468,0.9804377555847168,5.619457244873047,5.38151741027832,4.453416347503662,nan
18.950,0,102.85104370117188,128.36839294433594,118.89750671386719,201.9270782470703,201.9814910888672,200.2964324951172,0.4491507411003113,0.47372961044311523,0.49538081884384155,46.195621490478516,60.81190872192383,58.89954376220703,-44.201683044433594,-56.13230895996094,-57.54838180541992,7.540754318237305,18.840801239013672,2.5166521072387695,0.9568370580673218,0.9230479598045349,0.9770599007606506,5.760295867919922,5.420124530792236,4.4633893966674805,nan
19.000,0,102.85104370117188,128.36839294433594,118.89750671386719,201.9270782470703,201.9814910888672,200.2964324951172,0.4491507411003113,0.47372961044311523,0.49538081884384155,46.195621490478516,60.81190872192383,58.89954376220703,-44.201683044433594,-56.13230895996094,-57.54838180541992,7.540754318237305,18.840801239013672,2.5166521072387695,0.9568370580673218,0.9230479598045349,0.9770599007606506,5.760295867919922,5.420124530792236,4.4633893966674805,nan
19.050,0,102.85104370117188,128.36839294433594,118.89750671386719,201.9270782470703,201.9814910888672,200.2964324951172,0.4491507411003113,0.47372961044311523,0.49538081884384155,46.195621490478516,60.81190872192383,58.89954376220703,-44.201683044433594,-56.13230895996094,-57.54838180541992,7.540754318237305,18.840801239013672,2.5166521072387695,0.9568370580673218,0.9230479598045349,0.9770599007606506,5.760295867919922,5.420124530792236,4.4633893966674805,nan
19.100,0,102.85104370117188,128.36839294433594,118.89750671386719,201.9270782470703,201.9814910888672,200.2964324951172,0.4491507411003113,0.47372961044311523,0.49538081884384155,46.195621490478516,60.81190872192383,58.89954376220703,-44.201683044433594,-56.13230895996094,-57.54838180541992,7.540754318237305,18.840801239013672,2.5166521072387695,0.9568370580673218,0.9230479598045349,0.9770599007606506,5.760295867919922,5.420124530792236,4.4633893966674805,nan
19.150,0,102.92686462402344,128.45358276367188,118.94728088378906,202.07302856445312,202.08206176757812,200.4109344482422,0.4570590555667877,0.48240000009536743,0.5037606954574585,47.04365539550781,61.966007232666016,59.920963287353516,-45.17238235473633,-57.257022857666016,-58.6949462890625,8.121589660644531,19.570627212524414,3.0628304481506348,0.960222601890564,0.924006998538971,0.9795394539833069,5.787529945373535,5.439840793609619,4.495585918426514,nan
19.200,0,102.92686462402344,128.45358276367188,118.94728088378906,202.07302856445312,202.08206176757812,200.4109344482422,0.4570590555667877,0.48240000009536743,0.5037606954574585,47.04365539550781,61.966007232666016,59.920963287353516,-45.17238235473633,-57.257022857666016,-58.6949462890625,8.121589660644531,19.570627212524414,3.0628304481506348,0.960222601890564,0.924006998538971,0.9795394539833069,5.787529945373535,5.439840793609619,4.495585918426514,nan
19.250,0,102.92686462402344,128.45358276367188,118.94728088378906,202.07302856445312,202.08206176757812,200.4109344482422,0.4570590555667877,0.48240000009536743,0.5037606954574585,47.04365539550781,61.966007232666016,59.920963287353516,-45.17238235473633,-57.257022857666016,-58.6949462890625,8.121589660644531,19.570627212524414,3.0628304481506348,0.960222601890564,0.924006998538971,0.9795394539833069,5.787529945373535,5.439840793609619,4.495585918426514,nan
19.300,0,102.92686462402344,128.45358276367188,118.94728088378906,202.07302856445312,202.08206176757812,200.4109344482422,0.4570590555667877,0.48240000009536743,0.5037606954574585,47.04365539550781,61.966007232666016,59.920963287353516,-45.17238235473633,-57.257022857666016,-58.6949462890625,8.121589660644531,19.570627212524414,3.0628304481506348,0.960222601890564,0.924006998538971,0.9795394539833069,5.787529945373535,5.439840793609619,4.495585918426514,nan
19.350,0,102.89804077148438,128.35498046875,118.91966247558594,201.9495086669922,201.98670959472656,200.36402893066406,0.4474581480026245,0.47110453248023987,0.4984385073184967,46.04256820678711,60.46861267089844,59.274139404296875,-44.26130294799805,-55.91197967529297,-58.0173225402832,6.8147430419921875,18.66229248046875,2.1559836864471436,0.9613126516342163,0.9246446490287781,0.9787965416908264,5.766331195831299,5.438023567199707,4.493587017059326,nan
19.400,0,102.89804077148438,128.35498046875,118.91966247558594,201.9495086669922,201.98670959472656,200.36402893066406,0.4474581480026245,0.47110453248023987,0.4984385073184967,46.04256820678711,60.46861267089844,59.274139404296875,-44.26130294799805,-55.91197967529297,-58.0173225402832,6.8147430419921875,18.66229248046875,2.1559836864471436,0.9613126516342163,0.9246446490287781,0.9787965416908264,5.766331195831299,5.438023567199707,4.493587017059326,nan
19.450,0,102.89804077148438,128.35498046875,118.91966247558594,201.9495086669922,201.98670959472656,200.36402893066406,0.4474581480026245,0.47110453248023987,0.4984385073184967,46.04256820678711,60.46861267089844,59.274139404296875,-44.26130294799805,-55.91197967529297,-58.0173225402832,6.8147430419921875,18.66229248046875,2.1559836864471436,0.9613126516342163,0.9246446490287781,0.9787965416908264,5.766331195831299,5.438023567199707,4.493587017059326,nan
19.500,0,102.89804077148438,128.35498046875,118.91966247558594,201.9495086669922,201.98670959472656,200.36402893066406,0.4474581480026245,0.47110453248023987,0.4984385073184967,46.04256820678711,60.46861267089844,59.274139404296875,-44.26130294799805,-55.91197967529297,-58.0173225402832,6.8147430419921875,18.66229248046875,2.1559836864471436,0.9613126516342163,0.9246446490287781,0.9787965416908264,5.766331195831299,5.438023567199707,4.493587017059326,nan
19.550,0,102.89867401123047,128.31996154785156,118.87680053710938,201.91184997558594,201.8773193359375,200.3612518310547,0.45038124918937683,0.4763586223125458,0.4957815110683441,46.343631744384766,61.126319885253906,58.936920166015625,-44.41374588012695,-56.57760238647461,-57.668792724609375,7.731663227081299,18.858108520507812,2.3951022624969482,0.958357036113739,0.9255849719047546,0.9784833192825317,5.654397964477539,5.41434907913208,4.499121189117432,nan
19.600,0,102.89867401123047,128.31996154785156,118.87680053710938,201.91184997558594,201.8773193359375,200.3612518310547,0.45038124918937683,0.4763586223125458,0.4957815110683441,46.343631744384766,61.126319885253906,58.936920166015625,-44.41374588012695,-56.57760238647461,-57.668792724609375,7.731663227081299,18.858108520507812,2.3951022624969482,0.958357036113739,0.9255849719047546,0.9784833192825317,5.654397964477539,5.41434907913208,4.499121189117432,nan
19.650,0,102.89867401123047,128.31996154785156,118.87680053710938,201.91184997558594,201.8773193359375,200.3612518310547,0.45038124918937683,0.4763586223125458,0.4957815110683441,46.343631744384766,61.126319885253906,58.936920166015625,-44.41374588012695,-56.57760238647461,-57.668792724609375,7.731663227081299,18.858108520507812,2.3951022624969482,0.958357036113739,0.9255849719047546,0.9784833192825317,5.654397964477539,5.41434907913208,4.499121189117432,nan
19.700,0,102.89867401123047,128.31996154785156,118.87680053710938,201.91184997558594,201.8773193359375,200.3612518310547,0.45038124918937683,0.4763586223125458,0.4957815110683441,46.343631744384766,61.126319885253906,58.936920166015625,-44.41374588012695,-56.57760238647461,-57.668792724609375,7.731663227081299,18.858108520507812,2.3951022624969482,0.958357036113739,0.9255849719047546,0.9784833192825317,5.654397964477539,5.41434907913208,4.499121189117432,nan
19.750,0,102.9098129272461,128.25338745117188,118.86083984375,201.86752319335938,201.837646484375,200.33412170410156,0.4501859247684479,0.4737386107444763,0.4970977306365967,46.328548431396484,60.758583068847656,59.085453033447266,-44.458717346191406,-56.21990203857422,-57.817569732666016,7.494182109832764,18.86432647705078,2.580864906311035,0.9596397876739502,0.9252997636795044,0.9785415530204773,5.669194221496582,5.434657096862793,4.4949541091918945,nan
19.800,0,102.9098129272461,128.25338745117188,118.86083984375,201.86752319335938,201.837646484375,200.33412170410156,0.4501859247684479,0.4737386107444763,0.4970977306365967,46.328548431396484,60.758583068847656,59.085453033447266,-44.458717346191406,-56.21990203857422,-57.817569732666016,7.494182109832764,18.86432647705078,2.580864906311035,0.9596397876739502,0.9252997636795044,0.9785415530204773,5.669194221496582,5.434657096862793,4.4949541091918945,nan
19.850,0,102.9098129272461,128.25338745117188,118.86083984375,201.86752319335938,201.837646484375,200.33412170410156,0.4501859247684479,0.4737386107444763,0.4970977306365967,46.328548431396484,60.758583068847656,59.085453033447266,-44.458717346191406,-56.21990203857422,-57.817569732666016,7.494182109832764,18.86432647705078,2.580864906311035,0.9596397876739502,0.9252997636795044,0.9785415530204773,5.669194221496582,5.434657096862793,4.4949541091918945,nan
19.900,0,102.9098129272461,128.25338745117188,118.86083984375,201.86752319335938,201.837646484375,200.33412170410156,0.4501859247684479,0.4737386107444763,0.4970977306365967,46.328548431396484,60.758583068847656,59.085453033447266,-44.458717346191406,-56.21990203857422,-57.817569732666016,7.494182109832764,18.86432647705078,2.580864906311035,0.9596397876739502,0.9252997636795044,0.9785415530204773,5.669194221496582,5.434657096862793,4.4949541091918945,nan
19.950,0,102.82280731201172,128.33912658691406,118.86420440673828,201.8607177734375,201.91053771972656,200.2667999267578,0.4490644037723541,0.47455573081970215,0.494719922542572,46.1740608215332,60.90406799316406,58.80448913574219,-44.304901123046875,-56.4490852355957,-57.52128601074219,7.250814914703369,18.3347225189209,1.960781455039978,0.9595192670822144,0.9268524646759033,0.9781785011291504,5.73882532119751,5.487209320068359,4.503046035766602,nan
