t+,class,V_L1,V_L2,V_L3,V_L12,V_L23,V_L31,A_L1,A_L2,A_L3,VA_L1,VA_L2,VA_L3,W_L1,W_L2,W_L3,Q_L1,Q_L2,Q_L3,PF_L1,PF_L2,PF_L3,THD_L1,THD_L2,THD_L3
0.000,0,103.01636505126953,128.35423278808594,119.07414245605469,202.0177764892578,202.0703125,200.66360473632812,0.45358189940452576,0.47738024592399597,0.4976588487625122,46.72636032104492,61.27377700805664,59.25830078125,-44.84657287597656,-56.857696533203125,-57.95527648925781,7.486692905426025,18.402551651000977,2.194122314453125,0.9597703218460083,0.9279286861419678,0.9780111312866211,5.697381019592285,5.487939357757568,4.6226348876953125,nan
0.050,0,103.01636505126953,128.35423278808594,119.07414245605469,202.0177764892578,202.0703125,200.66360473632812,0.45358189940452576,0.47738024592399597,0.4976588487625122,46.72636032104492,61.27377700805664,59.25830078125,-44.84657287597656,-56.857696533203125,-57.95527648925781,7.486692905426025,18.402551651000977,2.194122314453125,0.9597703218460083,0.9279286861419678,0.9780111312866211,5.697381019592285,5.487939357757568,4.6226348876953125,nan
0.100,0,103.01636505126953,128.35423278808594,119.07414245605469,202.0177764892578,202.0703125,200.66360473632812,0.45358189940452576,0.47738024592399597,0.4976588487625122,46.72636032104492,61.27377700805664,59.25830078125,-44.84657287597656,-56.857696533203125,-57.95527648925781,7.486692905426025,18.402551651000977,2.194122314453125,0.9597703218460083,0.9279286861419678,0.9780111312866211,5.697381019592285,5.487939357757568,4.6226348876953125,nan
0.150,0,103.01636505126953,128.35423278808594,119.07414245605469,202.0177764892578,202.0703125,200.66360473632812,0.45358189940452576,0.47738024592399597,0.4976588487625122,46.72636032104492,61.27377700805664,59.25830078125,-44.84657287597656,-56.857696533203125,-57.95527648925781,7.486692905426025,18.402551651000977,2.194122314453125,0.9597703218460083,0.9279286861419678,0.9780111312866211,5.697381019592285,5.487939357757568,4.6226348876953125,nan
0.200,0,103.01730346679688,128.3600311279297,119.0676040649414,202.02999877929688,202.12562561035156,200.6127471923828,0.4548701345920563,0.47434285283088684,0.49774831533432007,46.859493255615234,60.886661529541016,59.26569747924805,-44.90253829956055,-56.3206672668457,-57.87534713745117,7.375063896179199,18.353546142578125,2.663865089416504,0.9582378268241882,0.9250082969665527,0.9765403866767883,5.758335590362549,5.608762264251709,4.609738826751709,nan
0.250,0,103.01730346679688,128.3600311279297,119.0676040649414,202.02999877929688,202.12562561035156,200.6127471923828,0.4548701345920563,0.47434285283088684,0.49774831533432007,46.859493255615234,60.886661529541016,59.26569747924805,-44.90253829956055,-56.3206672668457,-57.87534713745117,7.375063896179199,18.353546142578125,2.663865089416504,0.9582378268241882,0.9250082969665527,0.9765403866767883,5.758335590362549,5.608762264251709,4.609738826751709,nan
0.300,0,103.01730346679688,128.3600311279297,119.0676040649414,202.02999877929688,202.12562561035156,200.6127471923828,0.4548701345920563,0.47434285283088684,0.49774831533432007,46.859493255615234,60.886661529541016,59.26569747924805,-44.90253829956055,-56.3206672668457,-57.87534713745117,7.375063896179199,18.353546142578125,2.663865089416504,0.9582378268241882,0.9250082969665527,0.9765403866767883,5.758335590362549,5.608762264251709,4.609738826751709,nan
0.350,0,103.01730346679688,128.3600311279297,119.0676040649414,202.02999877929688,202.12562561035156,200.6127471923828,0.4548701345920563,0.47434285283088684,0.49774831533432007,46.859493255615234,60.886661529541016,59.26569747924805,-44.90253829956055,-56.3206672668457,-57.87534713745117,7.375063896179199,18.353546142578125,2.663865089416504,0.9582378268241882,0.9250082969665527,0.9765403866767883,5.758335590362549,5.608762264251709,4.609738826751709,nan
0.400,0,102.95783996582031,128.42886352539062,119.06575775146484,202.04061889648438,202.18325805664062,200.55821228027344,0.44721102714538574,0.47253501415252686,0.4952537417411804,46.043880462646484,60.6871337890625,58.9677619934082,-44.18252182006836,-56.10443115234375,-57.693748474121094,7.51278829574585,18.95524787902832,2.5154266357421875,0.9595742225646973,0.9244863986968994,0.9783947467803955,5.837873935699463,5.64485502243042,4.629277229309082,nan
0.450,0,102.95783996582031,128.42886352539062,119.06575775146484,202.04061889648438,202.18325805664062,200.55821228027344,0.44721102714538574,0.47253501415252686,0.4952537417411804,46.043880462646484,60.6871337890625,58.9677619934082,-44.18252182006836,-56.10443115234375,-57.693748474121094,7.51278829574585,18.95524787902832,2.5154266357421875,0.9595742225646973,0.9244863986968994,0.9783947467803955,5.837873935699463,5.64485502243042,4.629277229309082,nan
0.500,0,102.95783996582031,128.42886352539062,119.06575775146484,202.04061889648438,202.18325805664062,200.55821228027344,0.44721102714538574,0.47253501415252686,0.4952537417411804,46.043880462646484,60.6871337890625,58.9677619934082,-44.18252182006836,-56.10443115234375,-57.693748474121094,7.51278829574585,18.95524787902832,2.5154266357421875,0.9595742225646973,0.9244863986968994,0.9783947467803955,5.837873935699463,5.64485502243042,4.629277229309082,nan
0.550,0,102.95783996582031,128.42886352539062,119.06575775146484,202.04061889648438,202.18325805664062,200.55821228027344,0.44721102714538574,0.47253501415252686,0.4952537417411804,46.043880462646484,60.6871337890625,58.9677619934082,-44.18252182006836,-56.10443115234375,-57.693748474121094,7.51278829574585,18.95524787902832,2.5154266357421875,0.9595742225646973,0.9244863986968994,0.9783947467803955,5.837873935699463,5.64485502243042,4.629277229309082,nan
0.600,0,103.06562042236328,128.49916076660156,119.12232208251953,202.2137908935547,202.26165771484375,200.7082977294922,0.45839619636535645,0.4796154797077179,0.5022640824317932,47.24488830566406,61.63018798828125,59.83086395263672,-45.361358642578125,-57.03000259399414,-58.53322982788086,7.873053073883057,19.017454147338867,3.0419108867645264,0.9601325988769531,0.925358235836029,0.9783115983009338,5.839092254638672,5.631606101989746,4.593744277954102,nan
0.650,0,103.06562042236328,128.49916076660156,119.12232208251953,202.2137908935547,202.26165771484375,200.7082977294922,0.45839619636535645,0.4796154797077179,0.5022640824317932,47.24488830566406,61.63018798828125,59.83086395263672,-45.361358642578125,-57.03000259399414,-58.53322982788086,7.873053073883057,19.017454147338867,3.0419108867645264,0.9601325988769531,0.925358235836029,0.9783115983009338,5.839092254638672,5.631606101989746,4.593744277954102,nan
0.700,0,103.06562042236328,128.49916076660156,119.12232208251953,202.2137908935547,202.26165771484375,200.7082977294922,0.45839619636535645,0.4796154797077179,0.5022640824317932,47.24488830566406,61.63018798828125,59.83086395263672,-45.361358642578125,-57.03000259399414,-58.53322982788086,7.873053073883057,19.017454147338867,3.0419108867645264,0.9601325988769531,0.925358235836029,0.9783115983009338,5.839092254638672,5.631606101989746,4.593744277954102,nan
0.750,0,103.06562042236328,128.49916076660156,119.12232208251953,202.2137908935547,202.26165771484375,200.7082977294922,0.45839619636535645,0.4796154797077179,0.5022640824317932,47.24488830566406,61.63018798828125,59.83086395263672,-45.361358642578125,-57.03000259399414,-58.53322982788086,7.873053073883057,19.017454147338867,3.0419108867645264,0.9601325988769531,0.925358235836029,0.9783115983009338,5.839092254638672,5.631606101989746,4.593744277954102,nan
0.800,0,103.01168823242188,128.35423278808594,119.08455657958984,202.0163116455078,202.0894775390625,200.66050720214844,0.4483374059200287,0.4697990119457245,0.4923085570335388,46.18399429321289,60.30069351196289,58.626346588134766,-44.391170501708984,-55.99696731567383,-57.363006591796875,6.975789546966553,17.876253128051758,1.9937697649002075,0.9611808657646179,0.9286289215087891,0.9784510135650635,5.6907572746276855,5.507221698760986,4.551262855529785,nan
0.850,0,103.01168823242188,128.35423278808594,119.08455657958984,202.0163116455078,202.0894775390625,200.66050720214844,0.4483374059200287,0.4697990119457245,0.4923085570335388,46.18399429321289,60.30069351196289,58.626346588134766,-44.391170501708984,-55.99696731567383,-57.363006591796875,6.975789546966553,17.876253128051758,1.9937697649002075,0.9611808657646179,0.9286289215087891,0.9784510135650635,5.6907572746276855,5.507221698760986,4.551262855529785,nan
0.900,0,103.01168823242188,128.35423278808594,119.08455657958984,202.0163116455078,202.0894775390625,200.66050720214844,0.4483374059200287,0.4697990119457245,0.4923085570335388,46.18399429321289,60.30069351196289,58.626346588134766,-44.391170501708984,-55.99696731567383,-57.363006591796875,6.975789546966553,17.876253128051758,1.9937697649002075,0.9611808657646179,0.9286289215087891,0.9784510135650635,5.6907572746276855,5.507221698760986,4.551262855529785,nan
0.950,0,103.01168823242188,128.35423278808594,119.08455657958984,202.0163116455078,202.0894775390625,200.66050720214844,0.4483374059200287,0.4697990119457245,0.4923085570335388,46.18399429321289,60.30069351196289,58.626346588134766,-44.391170501708984,-55.99696731567383,-57.363006591796875,6.975789546966553,17.876253128051758,1.9937697649002075,0.9611808657646179,0.9286289215087891,0.9784510135650635,5.6907572746276855,5.507221698760986,4.551262855529785,nan
1.000,0,102.99943542480469,128.40061950683594,119.04707336425781,202.0605926513672,202.1310272216797,200.58128356933594,0.4510974884033203,0.4759942889213562,0.4967395067214966,46.46278762817383,61.11796188354492,59.13538360595703,-44.52381134033203,-56.49991989135742,-57.84838104248047,7.927124977111816,19.160564422607422,2.8353002071380615,0.9582681655883789,0.9244405031204224,0.9782363176345825,5.791248798370361,5.549705505371094,4.59520959854126,nan
1.050,0,102.99943542480469,128.40061950683594,119.04707336425781,202.0605926513672,202.1310272216797,200.58128356933594,0.4510974884033203,0.4759942889213562,0.4967395067214966,46.46278762817383,61.11796188354492,59.13538360595703,-44.52381134033203,-56.49991989135742,-57.84838104248047,7.927124977111816,19.160564422607422,2.8353002071380615,0.9582681655883789,0.9244405031204224,0.9782363176345825,5.791248798370361,5.549705505371094,4.59520959854126,nan
1.100,0,102.99943542480469,128.40061950683594,119.04707336425781,202.0605926513672,202.1310272216797,200.58128356933594,0.4510974884033203,0.4759942889213562,0.4967395067214966,46.46278762817383,61.11796188354492,59.13538360595703,-44.52381134033203,-56.49991989135742,-57.84838104248047,7.927124977111816,19.160564422607422,2.8353002071380615,0.9582681655883789,0.9244405031204224,0.9782363176345825,5.791248798370361,5.549705505371094,4.59520959854126,nan
1.150,0,102.99943542480469,128.40061950683594,119.04707336425781,202.0605926513672,202.1310272216797,200.58128356933594,0.4510974884033203,0.4759942889213562,0.4967395067214966,46.46278762817383,61.11796188354492,59.13538360595703,-44.52381134033203,-56.49991989135742,-57.84838104248047,7.927124977111816,19.160564422607422,2.8353002071380615,0.9582681655883789,0.9244405031204224,0.9782363176345825,5.791248798370361,5.549705505371094,4.59520959854126,nan
1.200,0,103.00487518310547,128.32408142089844,119.06211853027344,201.9853973388672,202.08546447753906,200.60440063476562,0.45100337266921997,0.4715176522731781,0.495376855134964,46.45554733276367,60.5070686340332,58.98061752319336,-44.68656539916992,-56.16661071777344,-57.71981430053711,7.019710540771484,18.023147583007812,2.215467691421509,0.961920976638794,0.9282652735710144,0.9786234498023987,5.74190616607666,5.571597099304199,4.615024089813232,nan
1.250,0,103.00487518310547,128.32408142089844,119.06211853027344,201.9853973388672,202.08546447753906,200.60440063476562,0.45100337266921997,0.4715176522731781,0.495376855134964,46.45554733276367,60.5070686340332,58.98061752319336,-44.68656539916992,-56.16661071777344,-57.71981430053711,7.019710540771484,18.023147583007812,2.215467691421509,0.961920976638794,0.9282652735710144,0.9786234498023987,5.74190616607666,5.571597099304199,4.615024089813232,nan
1.300,0,103.00487518310547,128.32408142089844,119.06211853027344,201.9853973388672,202.08546447753906,200.60440063476562,0.45100337266921997,0.4715176522731781,0.495376855134964,46.45554733276367,60.5070686340332,58.98061752319336,-44.68656539916992,-56.16661071777344,-57.71981430053711,7.019710540771484,18.023147583007812,2.215467691421509,0.961920976638794,0.9282652735710144,0.9786234498023987,5.74190616607666,5.571597099304199,4.615024089813232,nan
1.350,0,103.00487518310547,128.32408142089844,119.06211853027344,201.9853973388672,202.08546447753906,200.60440063476562,0.45100337266921997,0.4715176522731781,0.495376855134964,46.45554733276367,60.5070686340332,58.98061752319336,-44.68656539916992,-56.16661071777344,-57.71981430053711,7.019710540771484,18.023147583007812,2.215467691421509,0.961920976638794,0.9282652735710144,0.9786234498023987,5.74190616607666,5.571597099304199,4.615024089813232,nan
1.400,0,102.96839904785156,128.46087646484375,119.06946563720703,202.07125854492188,202.21023559570312,200.5772247314453,0.45045506954193115,0.47607681155204773,0.49767860770225525,46.38263702392578,61.15724563598633,59.25832748413086,-44.59270095825195,-56.725059509277344,-58.026798248291016,7.412964344024658,18.680404663085938,2.1947851181030273,0.961409330368042,0.9275280237197876,0.9792175889015198,5.840471267700195,5.647729396820068,4.656490325927734,nan
1.450,0,102.96839904785156,128.46087646484375,119.06946563720703,202.07125854492188,202.21023559570312,200.5772247314453,0.45045506954193115,0.47607681155204773,0.49767860770225525,46.38263702392578,61.15724563598633,59.25832748413086,-44.59270095825195,-56.725059509277344,-58.026798248291016,7.412964344024658,18.680404663085938,2.1947851181030273,0.961409330368042,0.9275280237197876,0.9792175889015198,5.840471267700195,5.647729396820068,4.656490325927734,nan
1.500,0,102.96839904785156,128.46087646484375,119.06946563720703,202.07125854492188,202.21023559570312,200.5772247314453,0.45045506954193115,0.47607681155204773,0.49767860770225525,46.38263702392578,61.15724563598633,59.25832748413086,-44.59270095825195,-56.725059509277344,-58.026798248291016,7.412964344024658,18.680404663085938,2.1947851181030273,0.961409330368042,0.9275280237197876,0.9792175889015198,5.840471267700195,5.647729396820068,4.656490325927734,nan
1.550,0,102.96839904785156,128.46087646484375,119.06946563720703,202.07125854492188,202.21023559570312,200.5772247314453,0.45045506954193115,0.47607681155204773,0.49767860770225525,46.38263702392578,61.15724563598633,59.25832748413086,-44.59270095825195,-56.725059509277344,-58.026798248291016,7.412964344024658,18.680404663085938,2.1947851181030273,0.961409330368042,0.9275280237197876,0.9792175889015198,5.840471267700195,5.647729396820068,4.656490325927734,nan
1.600,0,103.03431701660156,128.41290283203125,119.0838851928711,202.10487365722656,202.18408203125,200.6303253173828,0.4558427929878235,0.47443440556526184,0.5005590915679932,46.96744918823242,60.923500061035156,59.6085205078125,-45.116058349609375,-56.289615631103516,-58.37656784057617,7.815067768096924,19.232051849365234,3.4851291179656982,0.9605814218521118,0.9239392876625061,0.9793326258659363,5.868319988250732,5.6855363845825195,4.644744396209717,nan
1.650,0,103.03431701660156,128.41290283203125,119.0838851928711,202.10487365722656,202.18408203125,200.6303253173828,0.4558427929878235,0.47443440556526184,0.5005590915679932,46.96744918823242,60.923500061035156,59.6085205078125,-45.116058349609375,-56.289615631103516,-58.37656784057617,7.815067768096924,19.232051849365234,3.4851291179656982,0.9605814218521118,0.9239392876625061,0.9793326258659363,5.868319988250732,5.6855363845825195,4.644744396209717,nan
1.700,0,103.03431701660156,128.41290283203125,119.0838851928711,202.10487365722656,202.18408203125,200.6303253173828,0.4558427929878235,0.47443440556526184,0.5005590915679932,46.96744918823242,60.923500061035156,59.6085205078125,-45.116058349609375,-56.289615631103516,-58.37656784057617,7.815067768096924,19.232051849365234,3.4851291179656982,0.9605814218521118,0.9239392876625061,0.9793326258659363,5.868319988250732,5.6855363845825195,4.644744396209717,nan
1.750,0,103.03431701660156,128.41290283203125,119.0838851928711,202.10487365722656,202.18408203125,200.6303253173828,0.4558427929878235,0.47443440556526184,0.5005590915679932,46.96744918823242,60.923500061035156,59.6085205078125,-45.116058349609375,-56.289615631103516,-58.37656784057617,7.815067768096924,19.232051849365234,3.4851291179656982,0.9605814218521118,0.9239392876625061,0.9793326258659363,5.868319988250732,5.6855363845825195,4.644744396209717,nan
1.800,0,102.99224853515625,128.40658569335938,119.0815658569336,202.03948974609375,202.13572692871094,200.64065551757812,0.4508631229400635,0.4751040041446686,0.496288537979126,46.43540573120117,61.0064811706543,59.09881591796875,-44.63601303100586,-56.674964904785156,-57.80608367919922,7.04509973526001,18.013212203979492,1.7443255186080933,0.9612495303153992,0.9289990663528442,0.9781259298324585,5.75204610824585,5.631233215332031,4.602863311767578,nan
1.850,0,102.99224853515625,128.40658569335938,119.0815658569336,202.03948974609375,202.13572692871094,200.64065551757812,0.4508631229400635,0.4751040041446686,0.496288537979126,46.43540573120117,61.0064811706543,59.09881591796875,-44.63601303100586,-56.674964904785156,-57.80608367919922,7.04509973526001,18.013212203979492,1.7443255186080933,0.9612495303153992,0.9289990663528442,0.9781259298324585,5.75204610824585,5.631233215332031,4.602863311767578,nan
1.900,0,102.99224853515625,128.40658569335938,119.0815658569336,202.03948974609375,202.13572692871094,200.64065551757812,0.4508631229400635,0.4751040041446686,0.496288537979126,46.43540573120117,61.0064811706543,59.09881591796875,-44.63601303100586,-56.674964904785156,-57.80608367919922,7.04509973526001,18.013212203979492,1.7443255186080933,0.9612495303153992,0.9289990663528442,0.9781259298324585,5.75204610824585,5.631233215332031,4.602863311767578,nan
1.950,0,102.99224853515625,128.40658569335938,119.0815658569336,202.03948974609375,202.13572692871094,200.64065551757812,0.4508631229400635,0.4751040041446686,0.496288537979126,46.43540573120117,61.0064811706543,59.09881591796875,-44.63601303100586,-56.674964904785156,-57.80608367919922,7.04509973526001,18.013212203979492,1.7443255186080933,0.9612495303153992,0.9289990663528442,0.9781259298324585,5.75204610824585,5.631233215332031,4.602863311767578,nan
2.000,0,102.95938873291016,128.33486938476562,119.00908660888672,201.98204040527344,202.04910278320312,200.4967041015625,0.45061418414115906,0.4724451005458832,0.4934346377849579,46.394962310791016,60.63117980957031,58.72320556640625,-44.36422348022461,-55.90082931518555,-57.268836975097656,7.777780532836914,18.69635581970215,2.98138689994812,0.9562293291091919,0.9219815731048584,0.9752334952354431,5.784282684326172,5.62404203414917,4.582676410675049,nan
2.050,0,102.95938873291016,128.33486938476562,119.00908660888672,201.98204040527344,202.04910278320312,200.4967041015625,0.45061418414115906,0.4724451005458832,0.4934346377849579,46.394962310791016,60.63117980957031,58.72320556640625,-44.36422348022461,-55.90082931518555,-57.268836975097656,7.777780532836914,18.69635581970215,2.98138689994812,0.9562293291091919,0.9219815731048584,0.9752334952354431,5.784282684326172,5.62404203414917,4.582676410675049,nan
2.100,0,102.95938873291016,128.33486938476562,119.00908660888672,201.98204040527344,202.04910278320312,200.4967041015625,0.45061418414115906,0.4724451005458832,0.4934346377849579,46.394962310791016,60.63117980957031,58.72320556640625,-44.36422348022461,-55.90082931518555,-57.268836975097656,7.777780532836914,18.69635581970215,2.98138689994812,0.9562293291091919,0.9219815731048584,0.9752334952354431,5.784282684326172,5.62404203414917,4.582676410675049,nan
2.150,0,102.95938873291016,128.33486938476562,119.00908660888672,201.98204040527344,202.04910278320312,200.4967041015625,0.45061418414115906,0.4724451005458832,0.4934346377849579,46.394962310791016,60.63117980957031,58.72320556640625,-44.36422348022461,-55.90082931518555,-57.268836975097656,7.777780532836914,18.69635581970215,2.98138689994812,0.9562293291091919,0.9219815731048584,0.9752334952354431,5.784282684326172,5.62404203414917,4.582676410675049,nan
2.200,0,102.94628143310547,128.347412109375,119.0665283203125,201.9556121826172,202.1061248779297,200.5613555908203,0.4505392909049988,0.47387853264808655,0.49810197949409485,46.381343841552734,60.821083068847656,59.307273864746094,-44.645626068115234,-56.48090362548828,-58.11784362792969,7.026388168334961,18.390771865844727,2.0439627170562744,0.962577223777771,0.9286401867866516,0.9799445867538452,5.755009651184082,5.570683479309082,4.582882404327393,nan
2.250,0,102.94628143310547,128.347412109375,119.0665283203125,201.9556121826172,202.1061248779297,200.5613555908203,0.4505392909049988,0.47387853264808655,0.49810197949409485,46.381343841552734,60.821083068847656,59.307273864746094,-44.645626068115234,-56.48090362548828,-58.11784362792969,7.026388168334961,18.390771865844727,2.0439627170562744,0.962577223777771,0.9286401867866516,0.9799445867538452,5.755009651184082,5.570683479309082,4.582882404327393,nan
2.300,0,102.94628143310547,128.347412109375,119.0665283203125,201.9556121826172,202.1061248779297,200.5613555908203,0.4505392909049988,0.47387853264808655,0.49810197949409485,46.381343841552734,60.821083068847656,59.307273864746094,-44.645626068115234,-56.48090362548828,-58.11784362792969,7.026388168334961,18.390771865844727,2.0439627170562744,0.962577223777771,0.9286401867866516,0.9799445867538452,5.755009651184082,5.570683479309082,4.582882404327393,nan
2.350,0,102.94628143310547,128.347412109375,119.0665283203125,201.9556121826172,202.1061248779297,200.5613555908203,0.4505392909049988,0.47387853264808655,0.49810197949409485,46.381343841552734,60.821083068847656,59.307273864746094,-44.645626068115234,-56.48090362548828,-58.11784362792969,7.026388168334961,18.390771865844727,2.0439627170562744,0.962577223777771,0.9286401867866516,0.9799445867538452,5.755009651184082,5.570683479309082,4.582882404327393,nan
2.400,0,102.96693420410156,128.40451049804688,119.07645416259766,202.01724243164062,202.15155029296875,200.5993194580078,0.45790714025497437,0.4777015745639801,0.499053031206131,47.149295806884766,61.33903503417969,59.42546463012695,-45.317665100097656,-56.969627380371094,-58.13077926635742,7.742130756378174,18.428808212280273,2.777867555618286,0.9611525535583496,0.9287662506103516,0.9782133102416992,5.798606872558594,5.56348991394043,4.58161735534668,nan
2.450,0,102.96693420410156,128.40451049804688,119.07645416259766,202.01724243164062,202.15155029296875,200.5993194580078,0.45790714025497437,0.4777015745639801,0.499053031206131,47.149295806884766,61.33903503417969,59.42546463012695,-45.317665100097656,-56.969627380371094,-58.13077926635742,7.742130756378174,18.428808212280273,2.777867555618286,0.9611525535583496,0.9287662506103516,0.9782133102416992,5.798606872558594,5.56348991394043,4.58161735534668,nan
2.500,0,102.96693420410156,128.40451049804688,119.07645416259766,202.01724243164062,202.15155029296875,200.5993194580078,0.45790714025497437,0.4777015745639801,0.499053031206131,47.149295806884766,61.33903503417969,59.42546463012695,-45.317665100097656,-56.969627380371094,-58.13077926635742,7.742130756378174,18.428808212280273,2.777867555618286,0.9611525535583496,0.9287662506103516,0.9782133102416992,5.798606872558594,5.56348991394043,4.58161735534668,nan
2.550,0,102.96693420410156,128.40451049804688,119.07645416259766,202.01724243164062,202.15155029296875,200.5993194580078,0.45790714025497437,0.4777015745639801,0.499053031206131,47.149295806884766,61.33903503417969,59.42546463012695,-45.317665100097656,-56.969627380371094,-58.13077926635742,7.742130756378174,18.428808212280273,2.777867555618286,0.9611525535583496,0.9287662506103516,0.9782133102416992,5.798606872558594,5.56348991394043,4.58161735534668,nan
2.600,0,102.96329498291016,128.33734130859375,119.06761169433594,201.94033813476562,202.1308135986328,200.5711669921875,0.4486098289489746,0.4695112109184265,0.49556830525398254,46.190345764160156,60.255821228027344,59.006134033203125,-44.47035598754883,-55.76779556274414,-57.877838134765625,7.578294277191162,19.073444366455078,3.152326822280884,0.9627630114555359,0.9255171418190002,0.9808783531188965,5.811811923980713,5.6053147315979,4.585578441619873,nan
2.650,0,102.96329498291016,128.33734130859375,119.06761169433594,201.94033813476562,202.1308135986328,200.5711669921875,0.4486098289489746,0.4695112109184265,0.49556830525398254,46.190345764160156,60.255821228027344,59.006134033203125,-44.47035598754883,-55.76779556274414,-57.877838134765625,7.578294277191162,19.073444366455078,3.152326822280884,0.9627630114555359,0.9255171418190002,0.9808783531188965,5.811811923980713,5.6053147315979,4.585578441619873,nan
2.700,0,102.96329498291016,128.33734130859375,119.06761169433594,201.94033813476562,202.1308135986328,200.5711669921875,0.4486098289489746,0.4695112109184265,0.49556830525398254,46.190345764160156,60.255821228027344,59.006134033203125,-44.47035598754883,-55.76779556274414,-57.877838134765625,7.578294277191162,19.073444366455078,3.152326822280884,0.9627630114555359,0.9255171418190002,0.9808783531188965,5.811811923980713,5.6053147315979,4.585578441619873,nan
2.750,0,102.96329498291016,128.33734130859375,119.06761169433594,201.94033813476562,202.1308135986328,200.5711669921875,0.4486098289489746,0.4695112109184265,0.49556830525398254,46.190345764160156,60.255821228027344,59.006134033203125,-44.47035598754883,-55.76779556274414,-57.877838134765625,7.578294277191162,19.073444366455078,3.152326822280884,0.9627630114555359,0.9255171418190002,0.9808783531188965,5.811811923980713,5.6053147315979,4.585578441619873,nan
2.800,0,103.0009994506836,128.37095642089844,119.06656646728516,202.00669860839844,202.10140991210938,200.63540649414062,0.4529426395893097,0.47503599524497986,0.49453040957450867,46.65354537963867,60.9808235168457,58.88203811645508,-44.83278274536133,-56.73828887939453,-57.63187026977539,7.243984222412109,17.843530654907227,1.9377983808517456,0.9609726667404175,0.9304283857345581,0.9787682890892029,5.693499565124512,5.5917463302612305,4.60621452331543,nan
2.850,0,103.0009994506836,128.37095642089844,119.06656646728516,202.00669860839844,202.10140991210938,200.63540649414062,0.4529426395893097,0.47503599524497986,0.49453040957450867,46.65354537963867,60.9808235168457,58.88203811645508,-44.83278274536133,-56.73828887939453,-57.63187026977539,7.243984222412109,17.843530654907227,1.9377983808517456,0.9609726667404175,0.9304283857345581,0.9787682890892029,5.693499565124512,5.5917463302612305,4.60621452331543,nan
2.900,0,103.0009994506836,128.37095642089844,119.06656646728516,202.00669860839844,202.10140991210938,200.63540649414062,0.4529426395893097,0.47503599524497986,0.49453040957450867,46.65354537963867,60.9808235168457,58.88203811645508,-44.83278274536133,-56.73828887939453,-57.63187026977539,7.243984222412109,17.843530654907227,1.9377983808517456,0.9609726667404175,0.9304283857345581,0.9787682890892029,5.693499565124512,5.5917463302612305,4.60621452331543,nan
2.950,0,103.0009994506836,128.37095642089844,119.06656646728516,202.00669860839844,202.10140991210938,200.63540649414062,0.4529426395893097,0.47503599524497986,0.49453040957450867,46.65354537963867,60.9808235168457,58.88203811645508,-44.83278274536133,-56.73828887939453,-57.63187026977539,7.243984222412109,17.843530654907227,1.9377983808517456,0.9609726667404175,0.9304283857345581,0.9787682890892029,5.693499565124512,5.5917463302612305,4.60621452331543,nan
3.000,0,103.0051498413086,128.3460235595703,119.04603576660156,202.01190185546875,202.10011291503906,200.57681274414062,0.4474937915802002,0.4694399833679199,0.49233126640319824,46.09416580200195,60.250755310058594,58.610084533691406,-44.266990661621094,-55.85805892944336,-57.3021354675293,7.228449821472168,18.235084533691406,2.351518392562866,0.9603599309921265,0.9270930886268616,0.9776839017868042,5.781600475311279,5.6706132888793945,4.615260601043701,nan
3.050,0,103.0051498413086,128.3460235595703,119.04603576660156,202.01190185546875,202.10011291503906,200.57681274414062,0.4474937915802002,0.4694399833679199,0.49233126640319824,46.09416580200195,60.250755310058594,58.610084533691406,-44.266990661621094,-55.85805892944336,-57.3021354675293,7.228449821472168,18.235084533691406,2.351518392562866,0.9603599309921265,0.9270930886268616,0.9776839017868042,5.781600475311279,5.6706132888793945,4.615260601043701,nan
3.100,0,103.0051498413086,128.3460235595703,119.04603576660156,202.01190185546875,202.10011291503906,200.57681274414062,0.4474937915802002,0.4694399833679199,0.49233126640319824,46.09416580200195,60.250755310058594,58.610084533691406,-44.266990661621094,-55.85805892944336,-57.3021354675293,7.228449821472168,18.235084533691406,2.351518392562866,0.9603599309921265,0.9270930886268616,0.9776839017868042,5.781600475311279,5.6706132888793945,4.615260601043701,nan
3.150,0,103.0051498413086,128.3460235595703,119.04603576660156,202.01190185546875,202.10011291503906,200.57681274414062,0.4474937915802002,0.4694399833679199,0.49233126640319824,46.09416580200195,60.250755310058594,58.610084533691406,-44.266990661621094,-55.85805892944336,-57.3021354675293,7.228449821472168,18.235084533691406,2.351518392562866,0.9603599309921265,0.9270930886268616,0.9776839017868042,5.781600475311279,5.6706132888793945,4.615260601043701,nan
3.200,0,102.99192810058594,128.4562530517578,119.0943832397461,202.0879364013672,202.20567321777344,200.63601684570312,0.45518165826797485,0.4798821806907654,0.5006329417228699,46.880035400390625,61.64386749267578,59.6225700378418,-44.978084564208984,-57.06517028808594,-58.322052001953125,7.70926570892334,18.879989624023438,2.4828436374664307,0.9594293832778931,0.9257233738899231,0.9781875014305115,5.800937652587891,5.647819519042969,4.59417200088501,nan
3.250,0,102.99192810058594,128.4562530517578,119.0943832397461,202.0879364013672,202.20567321777344,200.63601684570312,0.45518165826797485,0.4798821806907654,0.5006329417228699,46.880035400390625,61.64386749267578,59.6225700378418,-44.978084564208984,-57.06517028808594,-58.322052001953125,7.70926570892334,18.879989624023438,2.4828436374664307,0.9594293832778931,0.9257233738899231,0.9781875014305115,5.800937652587891,5.647819519042969,4.59417200088501,nan
3.300,0,102.99192810058594,128.4562530517578,119.0943832397461,202.0879364013672,202.20567321777344,200.63601684570312,0.45518165826797485,0.4798821806907654,0.5006329417228699,46.880035400390625,61.64386749267578,59.6225700378418,-44.978084564208984,-57.06517028808594,-58.322052001953125,7.70926570892334,18.879989624023438,2.4828436374664307,0.9594293832778931,0.9257233738899231,0.9781875014305115,5.800937652587891,5.647819519042969,4.59417200088501,nan
3.350,0,102.99192810058594,128.4562530517578,119.0943832397461,202.0879364013672,202.20567321777344,200.63601684570312,0.45518165826797485,0.4798821806907654,0.5006329417228699,46.880035400390625,61.64386749267578,59.6225700378418,-44.978084564208984,-57.06517028808594,-58.322052001953125,7.70926570892334,18.879989624023438,2.4828436374664307,0.9594293832778931,0.9257233738899231,0.9781875014305115,5.800937652587891,5.647819519042969,4.59417200088501,nan
3.400,0,103.03840637207031,128.44522094726562,119.1077651977539,202.14114379882812,202.22413635253906,200.6593017578125,0.4574093520641327,0.47830531001091003,0.5021435618400574,47.13072967529297,61.436031341552734,59.80919647216797,-45.24530792236328,-56.791717529296875,-58.535701751708984,7.94095516204834,19.249303817749023,3.2718958854675293,0.9599959254264832,0.9244040846824646,0.9787073731422424,5.863924026489258,5.65107536315918,4.577706336975098,nan
3.450,0,103.03840637207031,128.44522094726562,119.1077651977539,202.14114379882812,202.22413635253906,200.6593017578125,0.4574093520641327,0.47830531001091003,0.5021435618400574,47.13072967529297,61.436031341552734,59.80919647216797,-45.24530792236328,-56.791717529296875,-58.535701751708984,7.94095516204834,19.249303817749023,3.2718958854675293,0.9599959254264832,0.9244040846824646,0.9787073731422424,5.863924026489258,5.65107536315918,4.577706336975098,nan
3.500,0,103.03840637207031,128.44522094726562,119.1077651977539,202.14114379882812,202.22413635253906,200.6593017578125,0.4574093520641327,0.47830531001091003,0.5021435618400574,47.13072967529297,61.436031341552734,59.80919647216797,-45.24530792236328,-56.791717529296875,-58.535701751708984,7.94095516204834,19.249303817749023,3.2718958854675293,0.9599959254264832,0.9244040846824646,0.9787073731422424,5.863924026489258,5.65107536315918,4.577706336975098,nan
3.550,0,103.03840637207031,128.44522094726562,119.1077651977539,202.14114379882812,202.22413635253906,200.6593017578125,0.4574093520641327,0.47830531001091003,0.5021435618400574,47.13072967529297,61.436031341552734,59.80919647216797,-45.24530792236328,-56.791717529296875,-58.535701751708984,7.94095516204834,19.249303817749023,3.2718958854675293,0.9599959254264832,0.9244040846824646,0.9787073731422424,5.863924026489258,5.65107536315918,4.577706336975098,nan
3.600,0,102.95657348632812,128.40521240234375,119.05345916748047,202.02392578125,202.15155029296875,200.54554748535156,0.4462931156158447,0.469400554895401,0.4941229522228241,45.94881057739258,60.27347946166992,58.82704544067383,-44.066368103027344,-55.70531463623047,-57.47010040283203,6.853173732757568,18.271387100219727,2.0668580532073975,0.9590317606925964,0.9242093563079834,0.9769333004951477,5.868554592132568,5.628729343414307,4.609644412994385,nan
3.650,0,102.95657348632812,128.40521240234375,119.05345916748047,202.02392578125,202.15155029296875,200.54554748535156,0.4462931156158447,0.469400554895401,0.4941229522228241,45.94881057739258,60.27347946166992,58.82704544067383,-44.066368103027344,-55.70531463623047,-57.47010040283203,6.853173732757568,18.271387100219727,2.0668580532073975,0.9590317606925964,0.9242093563079834,0.9769333004951477,5.868554592132568,5.628729343414307,4.609644412994385,nan
3.700,0,102.95657348632812,128.40521240234375,119.05345916748047,202.02392578125,202.15155029296875,200.54554748535156,0.4462931156158447,0.469400554895401,0.4941229522228241,45.94881057739258,60.27347946166992,58.82704544067383,-44.066368103027344,-55.70531463623047,-57.47010040283203,6.853173732757568,18.271387100219727,2.0668580532073975,0.9590317606925964,0.9242093563079834,0.9769333004951477,5.868554592132568,5.628729343414307,4.609644412994385,nan
3.750,0,102.95657348632812,128.40521240234375,119.05345916748047,202.02392578125,202.15155029296875,200.54554748535156,0.4462931156158447,0.469400554895401,0.4941229522228241,45.94881057739258,60.27347946166992,58.82704544067383,-44.066368103027344,-55.70531463623047,-57.47010040283203,6.853173732757568,18.271387100219727,2.0668580532073975,0.9590317606925964,0.9242093563079834,0.9769333004951477,5.868554592132568,5.628729343414307,4.609644412994385,nan
3.800,0,103.04855346679688,128.35122680664062,119.08407592773438,202.0470733642578,202.09617614746094,200.6837921142578,0.4529877305030823,0.47507092356681824,0.49501216411590576,46.67972946166992,60.97593688964844,58.94806671142578,-44.872947692871094,-56.63827896118164,-57.76668930053711,7.97440242767334,18.751283645629883,2.8777685165405273,0.9612940549850464,0.9288628101348877,0.9799590110778809,5.736564636230469,5.564474582672119,4.598613262176514,nan
3.850,0,103.04855346679688,128.35122680664062,119.08407592773438,202.0470733642578,202.09617614746094,200.6837921142578,0.4529877305030823,0.47507092356681824,0.49501216411590576,46.67972946166992,60.97593688964844,58.94806671142578,-44.872947692871094,-56.63827896118164,-57.76668930053711,7.97440242767334,18.751283645629883,2.8777685165405273,0.9612940549850464,0.9288628101348877,0.9799590110778809,5.736564636230469,5.564474582672119,4.598613262176514,nan
3.900,0,103.04855346679688,128.35122680664062,119.08407592773438,202.0470733642578,202.09617614746094,200.6837921142578,0.4529877305030823,0.47507092356681824,0.49501216411590576,46.67972946166992,60.97593688964844,58.94806671142578,-44.872947692871094,-56.63827896118164,-57.76668930053711,7.97440242767334,18.751283645629883,2.8777685165405273,0.9612940549850464,0.9288628101348877,0.9799590110778809,5.736564636230469,5.564474582672119,4.598613262176514,nan
3.950,2,103.04855346679688,128.35122680664062,119.08407592773438,202.0470733642578,202.09617614746094,200.6837921142578,0.4529877305030823,0.47507092356681824,0.49501216411590576,46.67972946166992,60.97593688964844,58.94806671142578,-44.872947692871094,-56.63827896118164,-57.76668930053711,7.97440242767334,18.751283645629883,2.8777685165405273,0.9612940549850464,0.9288628101348877,0.9799590110778809,5.736564636230469,5.564474582672119,4.598613262176514,nan
4.000,2,103.02754974365234,128.33653259277344,119.08274841308594,202.00196838378906,202.1016387939453,200.6619415283203,0.45009493827819824,0.4741656482219696,0.4946768581867218,46.37217712402344,60.85277557373047,58.90747833251953,-44.5758056640625,-56.54436492919922,-57.6724853515625,7.182723522186279,18.094799041748047,1.9134217500686646,0.9612618684768677,0.9291994571685791,0.9790350198745728,5.712780952453613,5.584303855895996,4.623310565948486,nan
4.050,2,103.02754974365234,128.33653259277344,119.08274841308594,202.00196838378906,202.1016387939453,200.6619415283203,0.45009493827819824,0.4741656482219696,0.4946768581867218,46.37217712402344,60.85277557373047,58.90747833251953,-44.5758056640625,-56.54436492919922,-57.6724853515625,7.182723522186279,18.094799041748047,1.9134217500686646,0.9612618684768677,0.9291994571685791,0.9790350198745728,5.712780952453613,5.584303855895996,4.623310565948486,nan
4.100,0,103.02754974365234,128.33653259277344,119.08274841308594,202.00196838378906,202.1016387939453,200.6619415283203,0.45009493827819824,0.4741656482219696,0.4946768581867218,46.37217712402344,60.85277557373047,58.90747833251953,-44.5758056640625,-56.54436492919922,-57.6724853515625,7.182723522186279,18.094799041748047,1.9134217500686646,0.9612618684768677,0.9291994571685791,0.9790350198745728,5.712780952453613,5.584303855895996,4.623310565948486,nan
4.150,0,103.02754974365234,128.33653259277344,119.08274841308594,202.00196838378906,202.1016387939453,200.6619415283203,0.45009493827819824,0.4741656482219696,0.4946768581867218,46.37217712402344,60.85277557373047,58.90747833251953,-44.5758056640625,-56.54436492919922,-57.6724853515625,7.182723522186279,18.094799041748047,1.9134217500686646,0.9612618684768677,0.9291994571685791,0.9790350198745728,5.712780952453613,5.584303855895996,4.623310565948486,nan
4.200,0,103.0019760131836,128.456787109375,119.07794952392578,202.10733032226562,202.2067108154297,200.6102294921875,0.4555104076862335,0.4786244034767151,0.4987809360027313,46.91847229003906,61.48255157470703,59.3938102722168,-44.94778060913086,-56.852317810058594,-58.03242492675781,8.121463775634766,19.08652114868164,3.0355279445648193,0.9579975605010986,0.924690306186676,0.9770786762237549,5.818192481994629,5.638331413269043,4.618098735809326,nan
4.250,0,103.0019760131836,128.456787109375,119.07794952392578,202.10733032226562,202.2067108154297,200.6102294921875,0.4555104076862335,0.4786244034767151,0.4987809360027313,46.91847229003906,61.48255157470703,59.3938102722168,-44.94778060913086,-56.852317810058594,-58.03242492675781,8.121463775634766,19.08652114868164,3.0355279445648193,0.9579975605010986,0.924690306186676,0.9770786762237549,5.818192481994629,5.638331413269043,4.618098735809326,nan
4.300,0,103.0019760131836,128.456787109375,119.07794952392578,202.10733032226562,202.2067108154297,200.6102294921875,0.4555104076862335,0.4786244034767151,0.4987809360027313,46.91847229003906,61.48255157470703,59.3938102722168,-44.94778060913086,-56.852317810058594,-58.03242492675781,8.121463775634766,19.08652114868164,3.0355279445648193,0.9579975605010986,0.924690306186676,0.9770786762237549,5.818192481994629,5.638331413269043,4.618098735809326,nan
4.350,0,103.0019760131836,128.456787109375,119.07794952392578,202.10733032226562,202.2067108154297,200.6102294921875,0.4555104076862335,0.4786244034767151,0.4987809360027313,46.91847229003906,61.48255157470703,59.3938102722168,-44.94778060913086,-56.852317810058594,-58.03242492675781,8.121463775634766,19.08652114868164,3.0355279445648193,0.9579975605010986,0.924690306186676,0.9770786762237549,5.818192481994629,5.638331413269043,4.618098735809326,nan
4.400,0,103.0457992553711,128.45114135742188,119.12996673583984,202.13058471679688,202.27627563476562,200.6822509765625,0.4519577622413635,0.47424745559692383,0.5006890296936035,46.572349548339844,60.917625427246094,59.64706802368164,-44.66337585449219,-56.22393035888672,-58.28196716308594,7.221487522125244,18.879383087158203,2.612776279449463,0.9590106010437012,0.9229501485824585,0.9771137237548828,5.8539814949035645,5.670372486114502,4.627732276916504,nan
4.450,0,103.0457992553711,128.45114135742188,119.12996673583984,202.13058471679688,202.27627563476562,200.6822509765625,0.4519577622413635,0.47424745559692383,0.5006890296936035,46.572349548339844,60.917625427246094,59.64706802368164,-44.66337585449219,-56.22393035888672,-58.28196716308594,7.221487522125244,18.879383087158203,2.612776279449463,0.9590106010437012,0.9229501485824585,0.9771137237548828,5.8539814949035645,5.670372486114502,4.627732276916504,nan
4.500,0,103.0457992553711,128.45114135742188,119.12996673583984,202.13058471679688,202.27627563476562,200.6822509765625,0.4519577622413635,0.47424745559692383,0.5006890296936035,46.572349548339844,60.917625427246094,59.64706802368164,-44.66337585449219,-56.22393035888672,-58.28196716308594,7.221487522125244,18.879383087158203,2.612776279449463,0.9590106010437012,0.9229501485824585,0.9771137237548828,5.8539814949035645,5.670372486114502,4.627732276916504,nan
4.550,0,103.0457992553711,128.45114135742188,119.12996673583984,202.13058471679688,202.27627563476562,200.6822509765625,0.4519577622413635,0.47424745559692383,0.5006890296936035,46.572349548339844,60.917625427246094,59.64706802368164,-44.66337585449219,-56.22393035888672,-58.28196716308594,7.221487522125244,18.879383087158203,2.612776279449463,0.9590106010437012,0.9229501485824585,0.9771137237548828,5.8539814949035645,5.670372486114502,4.627732276916504,nan
4.600,0,103.01998138427734,128.48109436035156,119.09217071533203,202.1491241455078,202.22796630859375,200.64344787597656,0.44966354966163635,0.47188225388526917,0.49401339888572693,46.3243293762207,60.62794876098633,58.8331298828125,-44.51099395751953,-56.257789611816406,-57.58791732788086,6.988246440887451,18.002197265625,1.9747601747512817,0.9608556628227234,0.9279184341430664,0.978834867477417,5.838541507720947,5.649960994720459,4.6301045417785645,nan
4.650,0,103.01998138427734,128.48109436035156,119.09217071533203,202.1491241455078,202.22796630859375,200.64344787597656,0.44966354966163635,0.47188225388526917,0.49401339888572693,46.3243293762207,60.62794876098633,58.8331298828125,-44.51099395751953,-56.257789611816406,-57.58791732788086,6.988246440887451,18.002197265625,1.9747601747512817,0.9608556628227234,0.9279184341430664,0.978834867477417,5.838541507720947,5.649960994720459,4.6301045417785645,nan
4.700,0,103.01998138427734,128.48109436035156,119.09217071533203,202.1491241455078,202.22796630859375,200.64344787597656,0.44966354966163635,0.47188225388526917,0.49401339888572693,46.3243293762207,60.62794876098633,58.8331298828125,-44.51099395751953,-56.257789611816406,-57.58791732788086,6.988246440887451,18.002197265625,1.9747601747512817,0.9608556628227234,0.9279184341430664,0.978834867477417,5.838541507720947,5.649960994720459,4.6301045417785645,nan
4.750,0,103.01998138427734,128.48109436035156,119.09217071533203,202.1491241455078,202.22796630859375,200.64344787597656,0.44966354966163635,0.47188225388526917,0.49401339888572693,46.3243293762207,60.62794876098633,58.8331298828125,-44.51099395751953,-56.257789611816406,-57.58791732788086,6.988246440887451,18.002197265625,1.9747601747512817,0.9608556628227234,0.9279184341430664,0.978834867477417,5.838541507720947,5.649960994720459,4.6301045417785645,nan
4.800,0,103.06754302978516,128.32179260253906,119.07862091064453,202.0323486328125,202.07318115234375,200.6960906982422,0.45161840319633484,0.4743877947330475,0.493012011051178,46.54719924926758,60.874290466308594,58.707191467285156,-44.56377029418945,-56.32689666748047,-57.343204498291016,8.049485206604004,18.709842681884766,2.9118316173553467,0.9573888778686523,0.9252986311912537,0.9767662882804871,5.704538345336914,5.610495567321777,4.561225414276123,nan
4.850,0,103.06754302978516,128.32179260253906,119.07862091064453,202.0323486328125,202.07318115234375,200.6960906982422,0.45161840319633484,0.4743877947330475,0.493012011051178,46.54719924926758,60.874290466308594,58.707191467285156,-44.56377029418945,-56.32689666748047,-57.343204498291016,8.049485206604004,18.709842681884766,2.9118316173553467,0.9573888778686523,0.9252986311912537,0.9767662882804871,5.704538345336914,5.610495567321777,4.561225414276123,nan
4.900,0,103.06754302978516,128.32179260253906,119.07862091064453,202.0323486328125,202.07318115234375,200.6960906982422,0.45161840319633484,0.4743877947330475,0.493012011051178,46.54719924926758,60.874290466308594,58.707191467285156,-44.56377029418945,-56.32689666748047,-57.343204498291016,8.049485206604004,18.709842681884766,2.9118316173553467,0.9573888778686523,0.9252986311912537,0.9767662882804871,5.704538345336914,5.610495567321777,4.561225414276123,nan
4.950,0,103.06754302978516,128.32179260253906,119.07862091064453,202.0323486328125,202.07318115234375,200.6960906982422,0.45161840319633484,0.4743877947330475,0.493012011051178,46.54719924926758,60.874290466308594,58.707191467285156,-44.56377029418945,-56.32689666748047,-57.343204498291016,8.049485206604004,18.709842681884766,2.9118316173553467,0.9573888778686523,0.9252986311912537,0.9767662882804871,5.704538345336914,5.610495567321777,4.561225414276123,nan
5.000,0,103.01144409179688,128.44229125976562,119.10212707519531,202.09432983398438,202.18896484375,200.6686248779297,0.45191481709480286,0.478781521320343,0.49706512689590454,46.552398681640625,61.49579620361328,59.201515197753906,-44.74800109863281,-57.16685104370117,-58.00050354003906,7.589716911315918,18.551603317260742,1.9984055757522583,0.9612394571304321,0.9296058416366577,0.9797131419181824,5.7850542068481445,5.601607322692871,4.627767086029053,nan
5.050,0,103.01144409179688,128.44229125976562,119.10212707519531,202.09432983398438,202.18896484375,200.6686248779297,0.45191481709480286,0.478781521320343,0.49706512689590454,46.552398681640625,61.49579620361328,59.201515197753906,-44.74800109863281,-57.16685104370117,-58.00050354003906,7.589716911315918,18.551603317260742,1.9984055757522583,0.9612394571304321,0.9296058416366577,0.9797131419181824,5.7850542068481445,5.601607322692871,4.627767086029053,nan
5.100,0,103.01144409179688,128.44229125976562,119.10212707519531,202.09432983398438,202.18896484375,200.6686248779297,0.45191481709480286,0.478781521320343,0.49706512689590454,46.552398681640625,61.49579620361328,59.201515197753906,-44.74800109863281,-57.16685104370117,-58.00050354003906,7.589716911315918,18.551603317260742,1.9984055757522583,0.9612394571304321,0.9296058416366577,0.9797131419181824,5.7850542068481445,5.601607322692871,4.627767086029053,nan
5.150,0,103.01144409179688,128.44229125976562,119.10212707519531,202.09432983398438,202.18896484375,200.6686248779297,0.45191481709480286,0.478781521320343,0.49706512689590454,46.552398681640625,61.49579620361328,59.201515197753906,-44.74800109863281,-57.16685104370117,-58.00050354003906,7.589716911315918,18.551603317260742,1.9984055757522583,0.9612394571304321,0.9296058416366577,0.9797131419181824,5.7850542068481445,5.601607322692871,4.627767086029053,nan
5.200,0,103.01612854003906,128.4234619140625,119.0859603881836,202.084228515625,202.20742797851562,200.62095642089844,0.45405906438827515,0.4736752510070801,0.4981575906276703,46.77540588378906,60.831016540527344,59.32357406616211,-44.834747314453125,-56.14683532714844,-57.999755859375,7.797668933868408,19.051311492919922,3.3083109855651855,0.9585111141204834,0.9229968190193176,0.9776847958564758,5.925636291503906,5.656399726867676,4.679384231567383,nan
5.250,0,103.01612854003906,128.4234619140625,119.0859603881836,202.084228515625,202.20742797851562,200.62095642089844,0.45405906438827515,0.4736752510070801,0.4981575906276703,46.77540588378906,60.831016540527344,59.32357406616211,-44.834747314453125,-56.14683532714844,-57.999755859375,7.797668933868408,19.051311492919922,3.3083109855651855,0.9585111141204834,0.9229968190193176,0.9776847958564758,5.925636291503906,5.656399726867676,4.679384231567383,nan
5.300,0,103.01612854003906,128.4234619140625,119.0859603881836,202.084228515625,202.20742797851562,200.62095642089844,0.45405906438827515,0.4736752510070801,0.4981575906276703,46.77540588378906,60.831016540527344,59.32357406616211,-44.834747314453125,-56.14683532714844,-57.999755859375,7.797668933868408,19.051311492919922,3.3083109855651855,0.9585111141204834,0.9229968190193176,0.9776847958564758,5.925636291503906,5.656399726867676,4.679384231567383,nan
5.350,0,103.01612854003906,128.4234619140625,119.0859603881836,202.084228515625,202.20742797851562,200.62095642089844,0.45405906438827515,0.4736752510070801,0.4981575906276703,46.77540588378906,60.831016540527344,59.32357406616211,-44.834747314453125,-56.14683532714844,-57.999755859375,7.797668933868408,19.051311492919922,3.3083109855651855,0.9585111141204834,0.9229968190193176,0.9776847958564758,5.925636291503906,5.656399726867676,4.679384231567383,nan
5.400,0,103.0001449584961,128.43896484375,119.09534454345703,202.0655059814453,202.24583435058594,200.61927795410156,0.45190000534057617,0.473514586687088,0.4987833499908447,46.5457649230957,60.81772232055664,59.402774810791016,-44.65396499633789,-56.24819564819336,-58.04354476928711,7.044717788696289,18.40441131591797,2.3153560161590576,0.9593561291694641,0.924865186214447,0.9771184325218201,5.89409875869751,5.672491550445557,4.676429271697998,nan
5.450,0,103.0001449584961,128.43896484375,119.09534454345703,202.0655059814453,202.24583435058594,200.61927795410156,0.45190000534057617,0.473514586687088,0.4987833499908447,46.5457649230957,60.81772232055664,59.402774810791016,-44.65396499633789,-56.24819564819336,-58.04354476928711,7.044717788696289,18.40441131591797,2.3153560161590576,0.9593561291694641,0.924865186214447,0.9771184325218201,5.89409875869751,5.672491550445557,4.676429271697998,nan
5.500,0,103.0001449584961,128.43896484375,119.09534454345703,202.0655059814453,202.24583435058594,200.61927795410156,0.45190000534057617,0.473514586687088,0.4987833499908447,46.5457649230957,60.81772232055664,59.402774810791016,-44.65396499633789,-56.24819564819336,-58.04354476928711,7.044717788696289,18.40441131591797,2.3153560161590576,0.9593561291694641,0.924865186214447,0.9771184325218201,5.89409875869751,5.672491550445557,4.676429271697998,nan
5.550,0,103.0001449584961,128.43896484375,119.09534454345703,202.0655059814453,202.24583435058594,200.61927795410156,0.45190000534057617,0.473514586687088,0.4987833499908447,46.5457649230957,60.81772232055664,59.402774810791016,-44.65396499633789,-56.24819564819336,-58.04354476928711,7.044717788696289,18.40441131591797,2.3153560161590576,0.9593561291694641,0.924865186214447,0.9771184325218201,5.89409875869751,5.672491550445557,4.676429271697998,nan
5.600,0,103.01844787597656,128.4305419921875,119.08418273925781,202.0825653076172,202.22984313964844,200.61729431152344,0.45384591817855835,0.4753977954387665,0.4996505677700043,46.75450134277344,61.05559539794922,59.50048065185547,-45.00059127807617,-56.710208892822266,-58.26328659057617,7.235753536224365,18.425561904907227,2.367922306060791,0.9624868035316467,0.9288290143013,0.9792069792747498,5.88547420501709,5.660256862640381,4.680445194244385,nan
5.650,0,103.01844787597656,128.4305419921875,119.08418273925781,202.0825653076172,202.22984313964844,200.61729431152344,0.45384591817855835,0.4753977954387665,0.4996505677700043,46.75450134277344,61.05559539794922,59.50048065185547,-45.00059127807617,-56.710208892822266,-58.26328659057617,7.235753536224365,18.425561904907227,2.367922306060791,0.9624868035316467,0.9288290143013,0.9792069792747498,5.88547420501709,5.660256862640381,4.680445194244385,nan
5.700,0,103.01844787597656,128.4305419921875,119.08418273925781,202.0825653076172,202.22984313964844,200.61729431152344,0.45384591817855835,0.4753977954387665,0.4996505677700043,46.75450134277344,61.05559539794922,59.50048065185547,-45.00059127807617,-56.710208892822266,-58.26328659057617,7.235753536224365,18.425561904907227,2.367922306060791,0.9624868035316467,0.9288290143013,0.9792069792747498,5.88547420501709,5.660256862640381,4.680445194244385,nan
5.750,0,103.01844787597656,128.4305419921875,119.08418273925781,202.0825653076172,202.22984313964844,200.61729431152344,0.45384591817855835,0.4753977954387665,0.4996505677700043,46.75450134277344,61.05559539794922,59.50048065185547,-45.00059127807617,-56.710208892822266,-58.26328659057617,7.235753536224365,18.425561904907227,2.367922306060791,0.9624868035316467,0.9288290143013,0.9792069792747498,5.88547420501709,5.660256862640381,4.680445194244385,nan
5.800,0,102.9733657836914,128.2987060546875,119.00505828857422,201.92214965820312,202.01596069335938,200.53622436523438,0.4463888108730316,0.47098487615585327,0.4902014434337616,45.96615982055664,60.42675018310547,58.33645248413086,-44.08498001098633,-55.962074279785156,-57.052913665771484,7.437793731689453,18.2744140625,2.2514655590057373,0.9590746760368347,0.9261142611503601,0.9779976606369019,5.728545188903809,5.62880277633667,4.606566429138184,nan
5.850,0,102.9733657836914,128.2987060546875,119.00505828857422,201.92214965820312,202.01596069335938,200.53622436523438,0.4463888108730316,0.47098487615585327,0.4902014434337616,45.96615982055664,60.42675018310547,58.33645248413086,-44.08498001098633,-55.962074279785156,-57.052913665771484,7.437793731689453,18.2744140625,2.2514655590057373,0.9590746760368347,0.9261142611503601,0.9779976606369019,5.728545188903809,5.62880277633667,4.606566429138184,nan
5.900,0,102.9733657836914,128.2987060546875,119.00505828857422,201.92214965820312,202.01596069335938,200.53622436523438,0.4463888108730316,0.47098487615585327,0.4902014434337616,45.96615982055664,60.42675018310547,58.33645248413086,-44.08498001098633,-55.962074279785156,-57.052913665771484,7.437793731689453,18.2744140625,2.2514655590057373,0.9590746760368347,0.9261142611503601,0.9779976606369019,5.728545188903809,5.62880277633667,4.606566429138184,nan
5.950,0,102.9733657836914,128.2987060546875,119.00505828857422,201.92214965820312,202.01596069335938,200.53622436523438,0.4463888108730316,0.47098487615585327,0.4902014434337616,45.96615982055664,60.42675018310547,58.33645248413086,-44.08498001098633,-55.962074279785156,-57.052913665771484,7.437793731689453,18.2744140625,2.2514655590057373,0.9590746760368347,0.9261142611503601,0.9779976606369019,5.728545188903809,5.62880277633667,4.606566429138184,nan
6.000,0,102.97513580322266,128.37527465820312,119.0294189453125,201.9912872314453,202.0575408935547,200.58941650390625,0.4578211307525635,0.4819820821285248,0.5001214742660522,47.14419174194336,61.87458038330078,59.52916717529297,-45.259307861328125,-57.45429229736328,-58.1966552734375,8.002229690551758,18.66031265258789,2.5122313499450684,0.9600187540054321,0.9285604953765869,0.9776158332824707,5.716492176055908,5.617966651916504,4.589920997619629,nan
6.050,0,102.97513580322266,128.37527465820312,119.0294189453125,201.9912872314453,202.0575408935547,200.58941650390625,0.4578211307525635,0.4819820821285248,0.5001214742660522,47.14419174194336,61.87458038330078,59.52916717529297,-45.259307861328125,-57.45429229736328,-58.1966552734375,8.002229690551758,18.66031265258789,2.5122313499450684,0.9600187540054321,0.9285604953765869,0.9776158332824707,5.716492176055908,5.617966651916504,4.589920997619629,nan
6.100,0,102.97513580322266,128.37527465820312,119.0294189453125,201.9912872314453,202.0575408935547,200.58941650390625,0.4578211307525635,0.4819820821285248,0.5001214742660522,47.14419174194336,61.87458038330078,59.52916717529297,-45.259307861328125,-57.45429229736328,-58.1966552734375,8.002229690551758,18.66031265258789,2.5122313499450684,0.9600187540054321,0.9285604953765869,0.9776158332824707,5.716492176055908,5.617966651916504,4.589920997619629,nan
6.150,0,102.97513580322266,128.37527465820312,119.0294189453125,201.9912872314453,202.0575408935547,200.58941650390625,0.4578211307525635,0.4819820821285248,0.5001214742660522,47.14419174194336,61.87458038330078,59.52916717529297,-45.259307861328125,-57.45429229736328,-58.1966552734375,8.002229690551758,18.66031265258789,2.5122313499450684,0.9600187540054321,0.9285604953765869,0.9776158332824707,5.716492176055908,5.617966651916504,4.589920997619629,nan
6.200,0,102.97472381591797,128.41519165039062,119.07154083251953,202.02789306640625,202.19679260253906,200.5796661376953,0.4503559172153473,0.47305530309677124,0.4993616044521332,46.375274658203125,60.74748611450195,59.459754943847656,-44.61213684082031,-56.20233154296875,-58.21498107910156,7.122498035430908,18.759008407592773,2.4878056049346924,0.9619810581207275,0.9251795411109924,0.9790652990341187,5.872640132904053,5.649259090423584,4.625992298126221,nan
6.250,0,102.97472381591797,128.41519165039062,119.07154083251953,202.02789306640625,202.19679260253906,200.5796661376953,0.4503559172153473,0.47305530309677124,0.4993616044521332,46.375274658203125,60.74748611450195,59.459754943847656,-44.61213684082031,-56.20233154296875,-58.21498107910156,7.122498035430908,18.759008407592773,2.4878056049346924,0.9619810581207275,0.9251795411109924,0.9790652990341187,5.872640132904053,5.649259090423584,4.625992298126221,nan
6.300,0,102.97472381591797,128.41519165039062,119.07154083251953,202.02789306640625,202.19679260253906,200.5796661376953,0.4503559172153473,0.47305530309677124,0.4993616044521332,46.375274658203125,60.74748611450195,59.459754943847656,-44.61213684082031,-56.20233154296875,-58.21498107910156,7.122498035430908,18.759008407592773,2.4878056049346924,0.9619810581207275,0.9251795411109924,0.9790652990341187,5.872640132904053,5.649259090423584,4.625992298126221,nan
6.350,0,102.97472381591797,128.41519165039062,119.07154083251953,202.02789306640625,202.19679260253906,200.5796661376953,0.4503559172153473,0.47305530309677124,0.4993616044521332,46.375274658203125,60.74748611450195,59.459754943847656,-44.61213684082031,-56.20233154296875,-58.21498107910156,7.122498035430908,18.759008407592773,2.4878056049346924,0.9619810581207275,0.9251795411109924,0.9790652990341187,5.872640132904053,5.649259090423584,4.625992298126221,nan
6.400,0,102.9767074584961,128.45323181152344,119.0707778930664,202.08763122558594,202.22161865234375,200.5653839111328,0.4481901526451111,0.47197216749191284,0.4943196773529053,46.15314483642578,60.62635040283203,58.85902786254883,-44.338218688964844,-56.15733337402344,-57.669071197509766,7.359025478363037,18.629899978637695,2.419038772583008,0.9606760144233704,0.9262859225273132,0.9797829389572144,5.908351421356201,5.670052528381348,4.678778171539307,nan
6.450,0,102.9767074584961,128.45323181152344,119.0707778930664,202.08763122558594,202.22161865234375,200.5653839111328,0.4481901526451111,0.47197216749191284,0.4943196773529053,46.15314483642578,60.62635040283203,58.85902786254883,-44.338218688964844,-56.15733337402344,-57.669071197509766,7.359025478363037,18.629899978637695,2.419038772583008,0.9606760144233704,0.9262859225273132,0.9797829389572144,5.908351421356201,5.670052528381348,4.678778171539307,nan
6.500,0,102.9767074584961,128.45323181152344,119.0707778930664,202.08763122558594,202.22161865234375,200.5653839111328,0.4481901526451111,0.47197216749191284,0.4943196773529053,46.15314483642578,60.62635040283203,58.85902786254883,-44.338218688964844,-56.15733337402344,-57.669071197509766,7.359025478363037,18.629899978637695,2.419038772583008,0.9606760144233704,0.9262859225273132,0.9797829389572144,5.908351421356201,5.670052528381348,4.678778171539307,nan
6.550,0,102.9767074584961,128.45323181152344,119.0707778930664,202.08763122558594,202.22161865234375,200.5653839111328,0.4481901526451111,0.47197216749191284,0.4943196773529053,46.15314483642578,60.62635040283203,58.85902786254883,-44.338218688964844,-56.15733337402344,-57.669071197509766,7.359025478363037,18.629899978637695,2.419038772583008,0.9606760144233704,0.9262859225273132,0.9797829389572144,5.908351421356201,5.670052528381348,4.678778171539307,nan
6.600,0,103.04772186279297,128.4342803955078,119.10142517089844,202.1301727294922,202.2635040283203,200.63427734375,0.45044204592704773,0.47253239154815674,0.4976860284805298,46.41702651977539,60.68935775756836,59.275115966796875,-44.58555603027344,-56.215911865234375,-57.947757720947266,7.142952919006348,18.5158748626709,2.4053006172180176,0.960543155670166,0.926289439201355,0.9776068329811096,5.925770282745361,5.653110027313232,4.684788227081299,nan
6.650,0,103.04772186279297,128.4342803955078,119.10142517089844,202.1301727294922,202.2635040283203,200.63427734375,0.45044204592704773,0.47253239154815674,0.4976860284805298,46.41702651977539,60.68935775756836,59.275115966796875,-44.58555603027344,-56.215911865234375,-57.947757720947266,7.142952919006348,18.5158748626709,2.4053006172180176,0.960543155670166,0.926289439201355,0.9776068329811096,5.925770282745361,5.653110027313232,4.684788227081299,nan
6.700,0,103.04772186279297,128.4342803955078,119.10142517089844,202.1301727294922,202.2635040283203,200.63427734375,0.45044204592704773,0.47253239154815674,0.4976860284805298,46.41702651977539,60.68935775756836,59.275115966796875,-44.58555603027344,-56.215911865234375,-57.947757720947266,7.142952919006348,18.5158748626709,2.4053006172180176,0.960543155670166,0.926289439201355,0.9776068329811096,5.925770282745361,5.653110027313232,4.684788227081299,nan
6.750,0,103.04772186279297,128.4342803955078,119.10142517089844,202.1301727294922,202.2635040283203,200.63427734375,0.45044204592704773,0.47253239154815674,0.4976860284805298,46.41702651977539,60.68935775756836,59.275115966796875,-44.58555603027344,-56.215911865234375,-57.947757720947266,7.142952919006348,18.5158748626709,2.4053006172180176,0.960543155670166,0.926289439201355,0.9776068329811096,5.925770282745361,5.653110027313232,4.684788227081299,nan
6.800,0,102.99410247802734,128.435302734375,119.0779800415039,202.07530212402344,202.1692352294922,200.6233367919922,0.45044562220573425,0.4758144021034241,0.4940090775489807,46.39324188232422,61.111366271972656,58.82560348510742,-44.61280059814453,-56.875370025634766,-57.60462951660156,7.409650802612305,18.12208366394043,1.884539246559143,0.9616228342056274,0.930683970451355,0.9792441725730896,5.778468608856201,5.6055779457092285,4.657180309295654,nan
6.850,0,102.99410247802734,128.435302734375,119.0779800415039,202.07530212402344,202.1692352294922,200.6233367919922,0.45044562220573425,0.4758144021034241,0.4940090775489807,46.39324188232422,61.111366271972656,58.82560348510742,-44.61280059814453,-56.875370025634766,-57.60462951660156,7.409650802612305,18.12208366394043,1.884539246559143,0.9616228342056274,0.930683970451355,0.9792441725730896,5.778468608856201,5.6055779457092285,4.657180309295654,nan
6.900,0,102.99410247802734,128.435302734375,119.0779800415039,202.07530212402344,202.1692352294922,200.6233367919922,0.45044562220573425,0.4758144021034241,0.4940090775489807,46.39324188232422,61.111366271972656,58.82560348510742,-44.61280059814453,-56.875370025634766,-57.60462951660156,7.409650802612305,18.12208366394043,1.884539246559143,0.9616228342056274,0.930683970451355,0.9792441725730896,5.778468608856201,5.6055779457092285,4.657180309295654,nan
6.950,0,102.99410247802734,128.435302734375,119.0779800415039,202.07530212402344,202.1692352294922,200.6233367919922,0.45044562220573425,0.4758144021034241,0.4940090775489807,46.39324188232422,61.111366271972656,58.82560348510742,-44.61280059814453,-56.875370025634766,-57.60462951660156,7.409650802612305,18.12208366394043,1.884539246559143,0.9616228342056274,0.930683970451355,0.9792441725730896,5.778468608856201,5.6055779457092285,4.657180309295654,nan
7.000,0,103.00347900390625,128.36614990234375,119.05429077148438,202.00070190429688,202.1289520263672,200.60252380371094,0.45535343885421753,0.4783143699169159,0.5007397532463074,46.90298843383789,61.399375915527344,59.61521530151367,-45.01028823852539,-56.70225524902344,-58.40043258666992,8.26568603515625,19.63947105407715,3.4842145442962646,0.959646463394165,0.9234988689422607,0.9796229600906372,5.720132350921631,5.566531181335449,4.615565299987793,nan
7.050,0,103.00347900390625,128.36614990234375,119.05429077148438,202.00070190429688,202.1289520263672,200.60252380371094,0.45535343885421753,0.4783143699169159,0.5007397532463074,46.90298843383789,61.399375915527344,59.61521530151367,-45.01028823852539,-56.70225524902344,-58.40043258666992,8.26568603515625,19.63947105407715,3.4842145442962646,0.959646463394165,0.9234988689422607,0.9796229600906372,5.720132350921631,5.566531181335449,4.615565299987793,nan
7.100,0,103.00347900390625,128.36614990234375,119.05429077148438,202.00070190429688,202.1289520263672,200.60252380371094,0.45535343885421753,0.4783143699169159,0.5007397532463074,46.90298843383789,61.399375915527344,59.61521530151367,-45.01028823852539,-56.70225524902344,-58.40043258666992,8.26568603515625,19.63947105407715,3.4842145442962646,0.959646463394165,0.9234988689422607,0.9796229600906372,5.720132350921631,5.566531181335449,4.615565299987793,nan
7.150,0,103.00347900390625,128.36614990234375,119.05429077148438,202.00070190429688,202.1289520263672,200.60252380371094,0.45535343885421753,0.4783143699169159,0.5007397532463074,46.90298843383789,61.399375915527344,59.61521530151367,-45.01028823852539,-56.70225524902344,-58.40043258666992,8.26568603515625,19.63947105407715,3.4842145442962646,0.959646463394165,0.9234988689422607,0.9796229600906372,5.720132350921631,5.566531181335449,4.615565299987793,nan
7.200,0,102.94611358642578,128.45623779296875,119.05758666992188,202.0492401123047,202.24160766601562,200.51699829101562,0.4501083493232727,0.4721490144729614,0.4979536235332489,46.33690643310547,60.65048599243164,59.28515625,-44.61106491088867,-56.286407470703125,-58.0561637878418,6.67772912979126,18.096309661865234,1.9327362775802612,0.962754487991333,0.9280454516410828,0.979269802570343,5.8341875076293945,5.626866817474365,4.604701995849609,nan
7.250,0,102.94611358642578,128.45623779296875,119.05758666992188,202.0492401123047,202.24160766601562,200.51699829101562,0.4501083493232727,0.4721490144729614,0.4979536235332489,46.33690643310547,60.65048599243164,59.28515625,-44.61106491088867,-56.286407470703125,-58.0561637878418,6.67772912979126,18.096309661865234,1.9327362775802612,0.962754487991333,0.9280454516410828,0.979269802570343,5.8341875076293945,5.626866817474365,4.604701995849609,nan
7.300,0,102.94611358642578,128.45623779296875,119.05758666992188,202.0492401123047,202.24160766601562,200.51699829101562,0.4501083493232727,0.4721490144729614,0.4979536235332489,46.33690643310547,60.65048599243164,59.28515625,-44.61106491088867,-56.286407470703125,-58.0561637878418,6.67772912979126,18.096309661865234,1.9327362775802612,0.962754487991333,0.9280454516410828,0.979269802570343,5.8341875076293945,5.626866817474365,4.604701995849609,nan
7.350,0,102.94611358642578,128.45623779296875,119.05758666992188,202.0492401123047,202.24160766601562,200.51699829101562,0.4501083493232727,0.4721490144729614,0.4979536235332489,46.33690643310547,60.65048599243164,59.28515625,-44.61106491088867,-56.286407470703125,-58.0561637878418,6.67772912979126,18.096309661865234,1.9327362775802612,0.962754487991333,0.9280454516410828,0.979269802570343,5.8341875076293945,5.626866817474365,4.604701995849609,nan
7.400,0,102.97762298583984,128.42123413085938,119.04845428466797,202.03819274902344,202.21002197265625,200.53955078125,0.44845300912857056,0.4708271920681,0.4949822723865509,46.180625915527344,60.464210510253906,58.926876068115234,-44.33552169799805,-55.87443923950195,-57.64198303222656,7.507096290588379,18.84425163269043,2.8438758850097656,0.9600459337234497,0.924091100692749,0.9781951308250427,5.884976387023926,5.676881790161133,4.636054992675781,nan
7.450,0,102.97762298583984,128.42123413085938,119.04845428466797,202.03819274902344,202.21002197265625,200.53955078125,0.44845300912857056,0.4708271920681,0.4949822723865509,46.180625915527344,60.464210510253906,58.926876068115234,-44.33552169799805,-55.87443923950195,-57.64198303222656,7.507096290588379,18.84425163269043,2.8438758850097656,0.9600459337234497,0.924091100692749,0.9781951308250427,5.884976387023926,5.676881790161133,4.636054992675781,nan
7.500,0,102.97762298583984,128.42123413085938,119.04845428466797,202.03819274902344,202.21002197265625,200.53955078125,0.44845300912857056,0.4708271920681,0.4949822723865509,46.180625915527344,60.464210510253906,58.926876068115234,-44.33552169799805,-55.87443923950195,-57.64198303222656,7.507096290588379,18.84425163269043,2.8438758850097656,0.9600459337234497,0.924091100692749,0.9781951308250427,5.884976387023926,5.676881790161133,4.636054992675781,nan
7.550,0,102.97762298583984,128.42123413085938,119.04845428466797,202.03819274902344,202.21002197265625,200.53955078125,0.44845300912857056,0.4708271920681,0.4949822723865509,46.180625915527344,60.464210510253906,58.926876068115234,-44.33552169799805,-55.87443923950195,-57.64198303222656,7.507096290588379,18.84425163269043,2.8438758850097656,0.9600459337234497,0.924091100692749,0.9781951308250427,5.884976387023926,5.676881790161133,4.636054992675781,nan
7.600,0,103.006591796875,128.46307373046875,119.09225463867188,202.12030029296875,202.26873779296875,200.596435546875,0.44889307022094727,0.47223594784736633,0.49661126732826233,46.23894500732422,60.66488265991211,59.142555236816406,-44.419986724853516,-56.18044662475586,-57.875911712646484,7.010583877563477,18.456514358520508,2.177485942840576,0.960661768913269,0.9260785579681396,0.9785832166671753,5.918540000915527,5.705164909362793,4.644147872924805,nan
7.650,0,103.006591796875,128.46307373046875,119.09225463867188,202.12030029296875,202.26873779296875,200.596435546875,0.44889307022094727,0.47223594784736633,0.49661126732826233,46.23894500732422,60.66488265991211,59.142555236816406,-44.419986724853516,-56.18044662475586,-57.875911712646484,7.010583877563477,18.456514358520508,2.177485942840576,0.960661768913269,0.9260785579681396,0.9785832166671753,5.918540000915527,5.705164909362793,4.644147872924805,nan
7.700,0,103.006591796875,128.46307373046875,119.09225463867188,202.12030029296875,202.26873779296875,200.596435546875,0.44889307022094727,0.47223594784736633,0.49661126732826233,46.23894500732422,60.66488265991211,59.142555236816406,-44.419986724853516,-56.18044662475586,-57.875911712646484,7.010583877563477,18.456514358520508,2.177485942840576,0.960661768913269,0.9260785579681396,0.9785832166671753,5.918540000915527,5.705164909362793,4.644147872924805,nan
7.750,0,103.006591796875,128.46307373046875,119.09225463867188,202.12030029296875,202.26873779296875,200.596435546875,0.44889307022094727,0.47223594784736633,0.49661126732826233,46.23894500732422,60.66488265991211,59.142555236816406,-44.419986724853516,-56.18044662475586,-57.875911712646484,7.010583877563477,18.456514358520508,2.177485942840576,0.960661768913269,0.9260785579681396,0.9785832166671753,5.918540000915527,5.705164909362793,4.644147872924805,nan
7.800,0,103.0482406616211,128.45599365234375,119.12651062011719,202.13526916503906,202.20240783691406,200.73646545410156,0.4584324061870575,0.47993484139442444,0.49907350540161133,47.24065399169922,61.65050506591797,59.452884674072266,-45.35561752319336,-57.275054931640625,-58.14323425292969,7.774470329284668,18.336650848388672,2.475904703140259,0.9600971341133118,0.9290281534194946,0.977971613407135,5.7567667961120605,5.610175132751465,4.606379985809326,nan
7.850,0,103.0482406616211,128.45599365234375,119.12651062011719,202.13526916503906,202.20240783691406,200.73646545410156,0.4584324061870575,0.47993484139442444,0.49907350540161133,47.24065399169922,61.65050506591797,59.452884674072266,-45.35561752319336,-57.275054931640625,-58.14323425292969,7.774470329284668,18.336650848388672,2.475904703140259,0.9600971341133118,0.9290281534194946,0.977971613407135,5.7567667961120605,5.610175132751465,4.606379985809326,nan
7.900,0,103.0482406616211,128.45599365234375,119.12651062011719,202.13526916503906,202.20240783691406,200.73646545410156,0.4584324061870575,0.47993484139442444,0.49907350540161133,47.24065399169922,61.65050506591797,59.452884674072266,-45.35561752319336,-57.275054931640625,-58.14323425292969,7.774470329284668,18.336650848388672,2.475904703140259,0.9600971341133118,0.9290281534194946,0.977971613407135,5.7567667961120605,5.610175132751465,4.606379985809326,nan
7.950,0,103.0482406616211,128.45599365234375,119.12651062011719,202.13526916503906,202.20240783691406,200.73646545410156,0.4584324061870575,0.47993484139442444,0.49907350540161133,47.24065399169922,61.65050506591797,59.452884674072266,-45.35561752319336,-57.275054931640625,-58.14323425292969,7.774470329284668,18.336650848388672,2.475904703140259,0.9600971341133118,0.9290281534194946,0.977971613407135,5.7567667961120605,5.610175132751465,4.606379985809326,nan
8.000,0,103.033935546875,128.33187866210938,119.07023620605469,201.9927215576172,202.0775604248047,200.6730194091797,0.4499095380306244,0.47595202922821045,0.49589604139328003,46.35594940185547,61.07981872558594,59.04645919799805,-44.49724578857422,-56.48801040649414,-57.83161163330078,8.033075332641602,19.253007888793945,2.8872592449188232,0.9599036574363708,0.9248228073120117,0.9794255495071411,5.693855285644531,5.559404373168945,4.566876411437988,nan
8.050,0,103.033935546875,128.33187866210938,119.07023620605469,201.9927215576172,202.0775604248047,200.6730194091797,0.4499095380306244,0.47595202922821045,0.49589604139328003,46.35594940185547,61.07981872558594,59.04645919799805,-44.49724578857422,-56.48801040649414,-57.83161163330078,8.033075332641602,19.253007888793945,2.8872592449188232,0.9599036574363708,0.9248228073120117,0.9794255495071411,5.693855285644531,5.559404373168945,4.566876411437988,nan
8.100,0,103.033935546875,128.33187866210938,119.07023620605469,201.9927215576172,202.0775604248047,200.6730194091797,0.4499095380306244,0.47595202922821045,0.49589604139328003,46.35594940185547,61.07981872558594,59.04645919799805,-44.49724578857422,-56.48801040649414,-57.83161163330078,8.033075332641602,19.253007888793945,2.8872592449188232,0.9599036574363708,0.9248228073120117,0.9794255495071411,5.693855285644531,5.559404373168945,4.566876411437988,nan
8.150,0,103.033935546875,128.33187866210938,119.07023620605469,201.9927215576172,202.0775604248047,200.6730194091797,0.4499095380306244,0.47595202922821045,0.49589604139328003,46.35594940185547,61.07981872558594,59.04645919799805,-44.49724578857422,-56.48801040649414,-57.83161163330078,8.033075332641602,19.253007888793945,2.8872592449188232,0.9599036574363708,0.9248228073120117,0.9794255495071411,5.693855285644531,5.559404373168945,4.566876411437988,nan
8.200,0,103.00798034667969,128.4331512451172,119.07311248779297,202.0996856689453,202.17916870117188,200.6097412109375,0.44982844591140747,0.4728786051273346,0.4960418939590454,46.33591842651367,60.7332878112793,59.065250396728516,-44.580360412597656,-56.501312255859375,-57.848873138427734,6.78179407119751,17.923519134521484,1.6655296087265015,0.9621123671531677,0.9303186535835266,0.9794062376022339,5.810075283050537,5.587013244628906,4.641761779785156,nan
8.250,0,103.00798034667969,128.4331512451172,119.07311248779297,202.0996856689453,202.17916870117188,200.6097412109375,0.44982844591140747,0.4728786051273346,0.4960418939590454,46.33591842651367,60.7332878112793,59.065250396728516,-44.580360412597656,-56.501312255859375,-57.848873138427734,6.78179407119751,17.923519134521484,1.6655296087265015,0.9621123671531677,0.9303186535835266,0.9794062376022339,5.810075283050537,5.587013244628906,4.641761779785156,nan
8.300,0,103.00798034667969,128.4331512451172,119.07311248779297,202.0996856689453,202.17916870117188,200.6097412109375,0.44982844591140747,0.4728786051273346,0.4960418939590454,46.33591842651367,60.7332878112793,59.065250396728516,-44.580360412597656,-56.501312255859375,-57.848873138427734,6.78179407119751,17.923519134521484,1.6655296087265015,0.9621123671531677,0.9303186535835266,0.9794062376022339,5.810075283050537,5.587013244628906,4.641761779785156,nan
8.350,0,103.00798034667969,128.4331512451172,119.07311248779297,202.0996856689453,202.17916870117188,200.6097412109375,0.44982844591140747,0.4728786051273346,0.4960418939590454,46.33591842651367,60.7332878112793,59.065250396728516,-44.580360412597656,-56.501312255859375,-57.848873138427734,6.78179407119751,17.923519134521484,1.6655296087265015,0.9621123671531677,0.9303186535835266,0.9794062376022339,5.810075283050537,5.587013244628906,4.641761779785156,nan
8.400,0,103.01942443847656,128.3941650390625,119.02577209472656,202.0822296142578,202.15013122558594,200.53952026367188,0.44714999198913574,0.4718337655067444,0.494228333234787,46.06513595581055,60.58070373535156,58.82590866088867,-44.17399597167969,-56.044151306152344,-57.48306655883789,7.1749796867370605,18.460193634033203,2.1794776916503906,0.9589464068412781,0.9251155257225037,0.9771726131439209,5.875357151031494,5.646734714508057,4.710459232330322,nan
8.450,0,103.01942443847656,128.3941650390625,119.02577209472656,202.0822296142578,202.15013122558594,200.53952026367188,0.44714999198913574,0.4718337655067444,0.494228333234787,46.06513595581055,60.58070373535156,58.82590866088867,-44.17399597167969,-56.044151306152344,-57.48306655883789,7.1749796867370605,18.460193634033203,2.1794776916503906,0.9589464068412781,0.9251155257225037,0.9771726131439209,5.875357151031494,5.646734714508057,4.710459232330322,nan
8.500,0,103.01942443847656,128.3941650390625,119.02577209472656,202.0822296142578,202.15013122558594,200.53952026367188,0.44714999198913574,0.4718337655067444,0.494228333234787,46.06513595581055,60.58070373535156,58.82590866088867,-44.17399597167969,-56.044151306152344,-57.48306655883789,7.1749796867370605,18.460193634033203,2.1794776916503906,0.9589464068412781,0.9251155257225037,0.9771726131439209,5.875357151031494,5.646734714508057,4.710459232330322,nan
8.550,0,103.01942443847656,128.3941650390625,119.02577209472656,202.0822296142578,202.15013122558594,200.53952026367188,0.44714999198913574,0.4718337655067444,0.494228333234787,46.06513595581055,60.58070373535156,58.82590866088867,-44.17399597167969,-56.044151306152344,-57.48306655883789,7.1749796867370605,18.460193634033203,2.1794776916503906,0.9589464068412781,0.9251155257225037,0.9771726131439209,5.875357151031494,5.646734714508057,4.710459232330322,nan
8.600,0,102.9847412109375,128.47767639160156,119.07441711425781,202.13706970214844,202.21682739257812,200.57260131835938,0.4522547125816345,0.4780649244785309,0.4980814456939697,46.57533264160156,61.42066955566406,59.30875778198242,-44.72504425048828,-56.947120666503906,-58.06487274169922,7.497140884399414,18.643701553344727,2.1846120357513428,0.9602732062339783,0.9271653890609741,0.9790269732475281,5.894768714904785,5.7034735679626465,4.739212512969971,nan
8.650,0,102.9847412109375,128.47767639160156,119.07441711425781,202.13706970214844,202.21682739257812,200.57260131835938,0.4522547125816345,0.4780649244785309,0.4980814456939697,46.57533264160156,61.42066955566406,59.30875778198242,-44.72504425048828,-56.947120666503906,-58.06487274169922,7.497140884399414,18.643701553344727,2.1846120357513428,0.9602732062339783,0.9271653890609741,0.9790269732475281,5.894768714904785,5.7034735679626465,4.739212512969971,nan
8.700,0,102.9847412109375,128.47767639160156,119.07441711425781,202.13706970214844,202.21682739257812,200.57260131835938,0.4522547125816345,0.4780649244785309,0.4980814456939697,46.57533264160156,61.42066955566406,59.30875778198242,-44.72504425048828,-56.947120666503906,-58.06487274169922,7.497140884399414,18.643701553344727,2.1846120357513428,0.9602732062339783,0.9271653890609741,0.9790269732475281,5.894768714904785,5.7034735679626465,4.739212512969971,nan
8.750,0,102.9847412109375,128.47767639160156,119.07441711425781,202.13706970214844,202.21682739257812,200.57260131835938,0.4522547125816345,0.4780649244785309,0.4980814456939697,46.57533264160156,61.42066955566406,59.30875778198242,-44.72504425048828,-56.947120666503906,-58.06487274169922,7.497140884399414,18.643701553344727,2.1846120357513428,0.9602732062339783,0.9271653890609741,0.9790269732475281,5.894768714904785,5.7034735679626465,4.739212512969971,nan
8.800,0,103.04256439208984,128.39120483398438,119.07157897949219,202.0628662109375,202.14456176757812,200.6587677001953,0.4564726650714874,0.48027247190475464,0.5027626156806946,47.03611373901367,61.66276168823242,59.86473846435547,-45.20082473754883,-57.08647537231445,-58.67928695678711,7.945479869842529,19.336097717285156,2.9522995948791504,0.9609812498092651,0.9257852435112,0.9801978468894958,5.796353340148926,5.671065330505371,4.686375141143799,nan
8.850,0,103.04256439208984,128.39120483398438,119.07157897949219,202.0628662109375,202.14456176757812,200.6587677001953,0.4564726650714874,0.48027247190475464,0.5027626156806946,47.03611373901367,61.66276168823242,59.86473846435547,-45.20082473754883,-57.08647537231445,-58.67928695678711,7.945479869842529,19.336097717285156,2.9522995948791504,0.9609812498092651,0.9257852435112,0.9801978468894958,5.796353340148926,5.671065330505371,4.686375141143799,nan
8.900,0,103.04256439208984,128.39120483398438,119.07157897949219,202.0628662109375,202.14456176757812,200.6587677001953,0.4564726650714874,0.48027247190475464,0.5027626156806946,47.03611373901367,61.66276168823242,59.86473846435547,-45.20082473754883,-57.08647537231445,-58.67928695678711,7.945479869842529,19.336097717285156,2.9522995948791504,0.9609812498092651,0.9257852435112,0.9801978468894958,5.796353340148926,5.671065330505371,4.686375141143799,nan
8.950,0,103.04256439208984,128.39120483398438,119.07157897949219,202.0628662109375,202.14456176757812,200.6587677001953,0.4564726650714874,0.48027247190475464,0.5027626156806946,47.03611373901367,61.66276168823242,59.86473846435547,-45.20082473754883,-57.08647537231445,-58.67928695678711,7.945479869842529,19.336097717285156,2.9522995948791504,0.9609812498092651,0.9257852435112,0.9801978468894958,5.796353340148926,5.671065330505371,4.686375141143799,nan
9.000,0,102.90001678466797,128.32809448242188,118.9580307006836,201.90249633789062,201.97767639160156,200.43080139160156,0.4440440535545349,0.46990013122558594,0.4895424544811249,45.692138671875,60.301387786865234,58.23500442504883,-43.84750747680664,-55.96330261230469,-56.97003936767578,7.105610370635986,18.05246353149414,1.7604361772537231,0.9596291184425354,0.9280599355697632,0.9782782793045044,5.834021091461182,5.701751708984375,4.680323123931885,nan
9.050,0,102.90001678466797,128.32809448242188,118.9580307006836,201.90249633789062,201.97767639160156,200.43080139160156,0.4440440535545349,0.46990013122558594,0.4895424544811249,45.692138671875,60.301387786865234,58.23500442504883,-43.84750747680664,-55.96330261230469,-56.97003936767578,7.105610370635986,18.05246353149414,1.7604361772537231,0.9596291184425354,0.9280599355697632,0.9782782793045044,5.834021091461182,5.701751708984375,4.680323123931885,nan
9.100,0,102.90001678466797,128.32809448242188,118.9580307006836,201.90249633789062,201.97767639160156,200.43080139160156,0.4440440535545349,0.46990013122558594,0.4895424544811249,45.692138671875,60.301387786865234,58.23500442504883,-43.84750747680664,-55.96330261230469,-56.97003936767578,7.105610370635986,18.05246353149414,1.7604361772537231,0.9596291184425354,0.9280599355697632,0.9782782793045044,5.834021091461182,5.701751708984375,4.680323123931885,nan
9.150,0,102.90001678466797,128.32809448242188,118.9580307006836,201.90249633789062,201.97767639160156,200.43080139160156,0.4440440535545349,0.46990013122558594,0.4895424544811249,45.692138671875,60.301387786865234,58.23500442504883,-43.84750747680664,-55.96330261230469,-56.97003936767578,7.105610370635986,18.05246353149414,1.7604361772537231,0.9596291184425354,0.9280599355697632,0.9782782793045044,5.834021091461182,5.701751708984375,4.680323123931885,nan
9.200,0,102.97892761230469,128.37147521972656,119.02558898925781,201.99484252929688,202.12454223632812,200.5373992919922,0.45440101623535156,0.47631412744522095,0.5009366273880005,46.79372787475586,61.145145416259766,59.6242790222168,-44.870811462402344,-56.45907974243164,-58.26700210571289,7.57838249206543,18.974327087402344,2.864433765411377,0.9589065313339233,0.923361599445343,0.9772361516952515,5.920283317565918,5.721166133880615,4.6877336502075195,nan
9.250,0,102.97892761230469,128.37147521972656,119.02558898925781,201.99484252929688,202.12454223632812,200.5373992919922,0.45440101623535156,0.47631412744522095,0.5009366273880005,46.79372787475586,61.145145416259766,59.6242790222168,-44.870811462402344,-56.45907974243164,-58.26700210571289,7.57838249206543,18.974327087402344,2.864433765411377,0.9589065313339233,0.923361599445343,0.9772361516952515,5.920283317565918,5.721166133880615,4.6877336502075195,nan
9.300,0,102.97892761230469,128.37147521972656,119.02558898925781,201.99484252929688,202.12454223632812,200.5373992919922,0.45440101623535156,0.47631412744522095,0.5009366273880005,46.79372787475586,61.145145416259766,59.6242790222168,-44.870811462402344,-56.45907974243164,-58.26700210571289,7.57838249206543,18.974327087402344,2.864433765411377,0.9589065313339233,0.923361599445343,0.9772361516952515,5.920283317565918,5.721166133880615,4.6877336502075195,nan
9.350,0,102.97892761230469,128.37147521972656,119.02558898925781,201.99484252929688,202.12454223632812,200.5373992919922,0.45440101623535156,0.47631412744522095,0.5009366273880005,46.79372787475586,61.145145416259766,59.6242790222168,-44.870811462402344,-56.45907974243164,-58.26700210571289,7.57838249206543,18.974327087402344,2.864433765411377,0.9589065313339233,0.923361599445343,0.9772361516952515,5.920283317565918,5.721166133880615,4.6877336502075195,nan
9.400,0,102.9339599609375,128.41708374023438,119.03096771240234,202.02883911132812,202.17198181152344,200.4733123779297,0.4493270814418793,0.47289222478866577,0.4962037205696106,46.251014709472656,60.727439880371094,59.0636100769043,-44.48459243774414,-56.412010192871094,-57.833457946777344,6.874842643737793,18.14410400390625,1.8658276796340942,0.961807906627655,0.9289377331733704,0.97917240858078,5.956420421600342,5.706747055053711,4.67667818069458,nan
9.450,0,102.9339599609375,128.41708374023438,119.03096771240234,202.02883911132812,202.17198181152344,200.4733123779297,0.4493270814418793,0.47289222478866577,0.4962037205696106,46.251014709472656,60.727439880371094,59.0636100769043,-44.48459243774414,-56.412010192871094,-57.833457946777344,6.874842643737793,18.14410400390625,1.8658276796340942,0.961807906627655,0.9289377331733704,0.97917240858078,5.956420421600342,5.706747055053711,4.67667818069458,nan
9.500,0,102.9339599609375,128.41708374023438,119.03096771240234,202.02883911132812,202.17198181152344,200.4733123779297,0.4493270814418793,0.47289222478866577,0.4962037205696106,46.251014709472656,60.727439880371094,59.0636100769043,-44.48459243774414,-56.412010192871094,-57.833457946777344,6.874842643737793,18.14410400390625,1.8658276796340942,0.961807906627655,0.9289377331733704,0.97917240858078,5.956420421600342,5.706747055053711,4.67667818069458,nan
9.550,0,102.9339599609375,128.41708374023438,119.03096771240234,202.02883911132812,202.17198181152344,200.4733123779297,0.4493270814418793,0.47289222478866577,0.4962037205696106,46.251014709472656,60.727439880371094,59.0636100769043,-44.48459243774414,-56.412010192871094,-57.833457946777344,6.874842643737793,18.14410400390625,1.8658276796340942,0.961807906627655,0.9289377331733704,0.97917240858078,5.956420421600342,5.706747055053711,4.67667818069458,nan
9.600,0,102.96129608154297,128.41693115234375,119.04540252685547,202.04124450683594,202.15745544433594,200.53659057617188,0.45508989691734314,0.47489988803863525,0.4995272159576416,46.85664749145508,60.98518753051758,59.4664192199707,-45.05606460571289,-56.42013168334961,-58.20376205444336,7.649060249328613,18.863691329956055,3.0939767360687256,0.961572527885437,0.9251448512077332,0.9787668585777283,5.922128677368164,5.713499546051025,4.700840950012207,nan
9.650,0,102.96129608154297,128.41693115234375,119.04540252685547,202.04124450683594,202.15745544433594,200.53659057617188,0.45508989691734314,0.47489988803863525,0.4995272159576416,46.85664749145508,60.98518753051758,59.4664192199707,-45.05606460571289,-56.42013168334961,-58.20376205444336,7.649060249328613,18.863691329956055,3.0939767360687256,0.961572527885437,0.9251448512077332,0.9787668585777283,5.922128677368164,5.713499546051025,4.700840950012207,nan
9.700,0,102.96129608154297,128.41693115234375,119.04540252685547,202.04124450683594,202.15745544433594,200.53659057617188,0.45508989691734314,0.47489988803863525,0.4995272159576416,46.85664749145508,60.98518753051758,59.4664192199707,-45.05606460571289,-56.42013168334961,-58.20376205444336,7.649060249328613,18.863691329956055,3.0939767360687256,0.961572527885437,0.9251448512077332,0.9787668585777283,5.922128677368164,5.713499546051025,4.700840950012207,nan
9.750,0,102.96129608154297,128.41693115234375,119.04540252685547,202.04124450683594,202.15745544433594,200.53659057617188,0.45508989691734314,0.47489988803863525,0.4995272159576416,46.85664749145508,60.98518753051758,59.4664192199707,-45.05606460571289,-56.42013168334961,-58.20376205444336,7.649060249328613,18.863691329956055,3.0939767360687256,0.961572527885437,0.9251448512077332,0.9787668585777283,5.922128677368164,5.713499546051025,4.700840950012207,nan
9.800,0,102.98851013183594,128.3718719482422,119.04712677001953,201.99295043945312,202.13560485839844,200.57730102539062,0.44962283968925476,0.47596311569213867,0.4972110390663147,46.30598449707031,61.100276947021484,59.19154739379883,-44.48267364501953,-56.58620071411133,-57.97005844116211,7.615920066833496,18.957225799560547,2.4412457942962646,0.9606247544288635,0.9261202216148376,0.9793637990951538,5.807485580444336,5.688115119934082,4.680970668792725,nan
9.850,0,102.98851013183594,128.3718719482422,119.04712677001953,201.99295043945312,202.13560485839844,200.57730102539062,0.44962283968925476,0.47596311569213867,0.4972110390663147,46.30598449707031,61.100276947021484,59.19154739379883,-44.48267364501953,-56.58620071411133,-57.97005844116211,7.615920066833496,18.957225799560547,2.4412457942962646,0.9606247544288635,0.9261202216148376,0.9793637990951538,5.807485580444336,5.688115119934082,4.680970668792725,nan
9.900,0,102.98851013183594,128.3718719482422,119.04712677001953,201.99295043945312,202.13560485839844,200.57730102539062,0.44962283968925476,0.47596311569213867,0.4972110390663147,46.30598449707031,61.100276947021484,59.19154739379883,-44.48267364501953,-56.58620071411133,-57.97005844116211,7.615920066833496,18.957225799560547,2.4412457942962646,0.9606247544288635,0.9261202216148376,0.9793637990951538,5.807485580444336,5.688115119934082,4.680970668792725,nan
9.950,0,102.98851013183594,128.3718719482422,119.04712677001953,201.99295043945312,202.13560485839844,200.57730102539062,0.44962283968925476,0.47596311569213867,0.4972110390663147,46.30598449707031,61.100276947021484,59.19154739379883,-44.48267364501953,-56.58620071411133,-57.97005844116211,7.615920066833496,18.957225799560547,2.4412457942962646,0.9606247544288635,0.9261202216148376,0.9793637990951538,5.807485580444336,5.688115119934082,4.680970668792725,nan
10.000,0,102.9621353149414,128.43080139160156,119.02523040771484,202.03182983398438,202.1509246826172,200.5306396484375,0.45154672861099243,0.47261014580726624,0.49503380060195923,46.49221420288086,60.69770050048828,58.921512603759766,-44.658180236816406,-56.41677474975586,-57.610164642333984,6.816751956939697,17.66303062438965,1.7662250995635986,0.9605517983436584,0.9294713735580444,0.9777441620826721,5.740583896636963,5.698732376098633,4.635214805603027,nan
10.050,0,102.9621353149414,128.43080139160156,119.02523040771484,202.03182983398438,202.1509246826172,200.5306396484375,0.45154672861099243,0.47261014580726624,0.49503380060195923,46.49221420288086,60.69770050048828,58.921512603759766,-44.658180236816406,-56.41677474975586,-57.610164642333984,6.816751956939697,17.66303062438965,1.7662250995635986,0.9605517983436584,0.9294713735580444,0.9777441620826721,5.740583896636963,5.698732376098633,4.635214805603027,nan
10.100,0,102.9621353149414,128.43080139160156,119.02523040771484,202.03182983398438,202.1509246826172,200.5306396484375,0.45154672861099243,0.47261014580726624,0.49503380060195923,46.49221420288086,60.69770050048828,58.921512603759766,-44.658180236816406,-56.41677474975586,-57.610164642333984,6.816751956939697,17.66303062438965,1.7662250995635986,0.9605517983436584,0.9294713735580444,0.9777441620826721,5.740583896636963,5.698732376098633,4.635214805603027,nan
10.150,0,102.9621353149414,128.43080139160156,119.02523040771484,202.03182983398438,202.1509246826172,200.5306396484375,0.45154672861099243,0.47261014580726624,0.49503380060195923,46.49221420288086,60.69770050048828,58.921512603759766,-44.658180236816406,-56.41677474975586,-57.610164642333984,6.816751956939697,17.66303062438965,1.7662250995635986,0.9605517983436584,0.9294713735580444,0.9777441620826721,5.740583896636963,5.698732376098633,4.635214805603027,nan
10.200,0,102.96937561035156,128.39199829101562,119.02706146240234,202.04574584960938,202.13206481933594,200.50790405273438,0.4505545198917389,0.47412344813346863,0.49736103415489197,46.39331817626953,60.8736572265625,59.19942092895508,-44.414283752441406,-56.04611587524414,-57.77435302734375,7.676208972930908,19.070552825927734,2.9182395935058594,0.957342267036438,0.9206957221031189,0.9759276509284973,5.91530704498291,5.686941146850586,4.61103630065918,nan
10.250,0,102.96937561035156,128.39199829101562,119.02706146240234,202.04574584960938,202.13206481933594,200.50790405273438,0.4505545198917389,0.47412344813346863,0.49736103415489197,46.39331817626953,60.8736572265625,59.19942092895508,-44.414283752441406,-56.04611587524414,-57.77435302734375,7.676208972930908,19.070552825927734,2.9182395935058594,0.957342267036438,0.9206957221031189,0.9759276509284973,5.91530704498291,5.686941146850586,4.61103630065918,nan
10.300,0,102.96937561035156,128.39199829101562,119.02706146240234,202.04574584960938,202.13206481933594,200.50790405273438,0.4505545198917389,0.47412344813346863,0.49736103415489197,46.39331817626953,60.8736572265625,59.19942092895508,-44.414283752441406,-56.04611587524414,-57.77435302734375,7.676208972930908,19.070552825927734,2.9182395935058594,0.957342267036438,0.9206957221031189,0.9759276509284973,5.91530704498291,5.686941146850586,4.61103630065918,nan
10.350,0,102.96937561035156,128.39199829101562,119.02706146240234,202.04574584960938,202.13206481933594,200.50790405273438,0.4505545198917389,0.47412344813346863,0.49736103415489197,46.39331817626953,60.8736572265625,59.19942092895508,-44.414283752441406,-56.04611587524414,-57.77435302734375,7.676208972930908,19.070552825927734,2.9182395935058594,0.957342267036438,0.9206957221031189,0.9759276509284973,5.91530704498291,5.686941146850586,4.61103630065918,nan
10.400,2,103.01769256591797,128.43795776367188,119.10501861572266,202.12217712402344,202.21641540527344,200.63241577148438,0.45544862747192383,0.47526058554649353,0.4990420341491699,46.91926574707031,61.041500091552734,59.438411712646484,-45.16108703613281,-56.783748626708984,-58.20189666748047,7.168663501739502,18.124408721923828,2.3018910884857178,0.9625275731086731,0.9302482604980469,0.9791967272758484,5.9602952003479,5.662079811096191,4.796054363250732,nan
10.450,2,103.01769256591797,128.43795776367188,119.10501861572266,202.12217712402344,202.21641540527344,200.63241577148438,0.45544862747192383,0.47526058554649353,0.4990420341491699,46.91926574707031,61.041500091552734,59.438411712646484,-45.16108703613281,-56.783748626708984,-58.20189666748047,7.168663501739502,18.124408721923828,2.3018910884857178,0.9625275731086731,0.9302482604980469,0.9791967272758484,5.9602952003479,5.662079811096191,4.796054363250732,nan
10.500,2,103.01769256591797,128.43795776367188,119.10501861572266,202.12217712402344,202.21641540527344,200.63241577148438,0.45544862747192383,0.47526058554649353,0.4990420341491699,46.91926574707031,61.041500091552734,59.438411712646484,-45.16108703613281,-56.783748626708984,-58.20189666748047,7.168663501739502,18.124408721923828,2.3018910884857178,0.9625275731086731,0.9302482604980469,0.9791967272758484,5.9602952003479,5.662079811096191,4.796054363250732,nan
10.550,2,102.66094970703125,128.85301208496094,118.98583221435547,202.04486083984375,202.1443328857422,200.50146484375,0.45147788524627686,0.47303810715675354,0.4981234073638916,46.34914779663086,60.95238494873047,59.26962661743164,-44.474708557128906,-56.29063034057617,-58.089256286621094,7.826951026916504,19.444318771362305,2.9859023094177246,0.9595583081245422,0.9235181212425232,0.9800847172737122,5.8251118659973145,5.681886672973633,4.598219394683838,nan
10.600,2,102.66094970703125,128.85301208496094,118.98583221435547,202.04486083984375,202.1443328857422,200.50146484375,0.45147788524627686,0.47303810715675354,0.4981234073638916,46.34914779663086,60.95238494873047,59.26962661743164,-44.474708557128906,-56.29063034057617,-58.089256286621094,7.826951026916504,19.444318771362305,2.9859023094177246,0.9595583081245422,0.9235181212425232,0.9800847172737122,5.8251118659973145,5.681886672973633,4.598219394683838,nan
10.650,2,102.66094970703125,128.85301208496094,118.98583221435547,202.04486083984375,202.1443328857422,200.50146484375,0.45147788524627686,0.47303810715675354,0.4981234073638916,46.34914779663086,60.95238494873047,59.26962661743164,-44.474708557128906,-56.29063034057617,-58.089256286621094,7.826951026916504,19.444318771362305,2.9859023094177246,0.9595583081245422,0.9235181212425232,0.9800847172737122,5.8251118659973145,5.681886672973633,4.598219394683838,nan
10.700,2,102.66094970703125,128.85301208496094,118.98583221435547,202.04486083984375,202.1443328857422,200.50146484375,0.45147788524627686,0.47303810715675354,0.4981234073638916,46.34914779663086,60.95238494873047,59.26962661743164,-44.474708557128906,-56.29063034057617,-58.089256286621094,7.826951026916504,19.444318771362305,2.9859023094177246,0.9595583081245422,0.9235181212425232,0.9800847172737122,5.8251118659973145,5.681886672973633,4.598219394683838,nan
10.750,2,93.93632507324219,127.963623046875,118.59471130371094,192.39353942871094,205.93389892578125,190.53829956054688,1.9389489889144897,2.3819844722747803,0.6503410339355469,182.1377410888672,304.807373046875,77.12700653076172,51.9815673828125,-108.52308654785156,-62.65834045410156,114.96633911132812,227.81521606445312,31.34201431274414,0.2853970229625702,0.35603827238082886,0.8124046921730042,6.057798385620117,5.427130699157715,4.883538246154785,nan
10.800,2,93.93632507324219,127.963623046875,118.59471130371094,192.39353942871094,205.93389892578125,190.53829956054688,1.9389489889144897,2.3819844722747803,0.6503410339355469,182.1377410888672,304.807373046875,77.12700653076172,51.9815673828125,-108.52308654785156,-62.65834045410156,114.96633911132812,227.81521606445312,31.34201431274414,0.2853970229625702,0.35603827238082886,0.8124046921730042,6.057798385620117,5.427130699157715,4.883538246154785,nan
10.850,2,93.93632507324219,127.963623046875,118.59471130371094,192.39353942871094,205.93389892578125,190.53829956054688,1.9389489889144897,2.3819844722747803,0.6503410339355469,182.1377410888672,304.807373046875,77.12700653076172,51.9815673828125,-108.52308654785156,-62.65834045410156,114.96633911132812,227.81521606445312,31.34201431274414,0.2853970229625702,0.35603827238082886,0.8124046921730042,6.057798385620117,5.427130699157715,4.883538246154785,nan
10.900,2,93.93632507324219,127.963623046875,118.59471130371094,192.39353942871094,205.93389892578125,190.53829956054688,1.9389489889144897,2.3819844722747803,0.6503410339355469,182.1377410888672,304.807373046875,77.12700653076172,51.9815673828125,-108.52308654785156,-62.65834045410156,114.96633911132812,227.81521606445312,31.34201431274414,0.2853970229625702,0.35603827238082886,0.8124046921730042,6.057798385620117,5.427130699157715,4.883538246154785,nan
10.950,2,87.99478149414062,128.21546936035156,118.49530792236328,186.8571319580078,208.32736206054688,184.644287109375,2.366046190261841,2.9499635696411133,0.7149002552032471,208.19972229003906,378.23095703125,84.71232604980469,105.28787231445312,-141.17764282226562,-67.83523559570312,178.95822143554688,350.3311462402344,48.96650695800781,0.5057061314582825,0.37325775623321533,0.8007717132568359,6.089676380157471,5.4224419593811035,5.135909080505371,nan
11.000,2,87.99478149414062,128.21546936035156,118.49530792236328,186.8571319580078,208.32736206054688,184.644287109375,2.366046190261841,2.9499635696411133,0.7149002552032471,208.19972229003906,378.23095703125,84.71232604980469,105.28787231445312,-141.17764282226562,-67.83523559570312,178.95822143554688,350.3311462402344,48.96650695800781,0.5057061314582825,0.37325775623321533,0.8007717132568359,6.089676380157471,5.4224419593811035,5.135909080505371,nan
11.050,2,87.99478149414062,128.21546936035156,118.49530792236328,186.8571319580078,208.32736206054688,184.644287109375,2.366046190261841,2.9499635696411133,0.7149002552032471,208.19972229003906,378.23095703125,84.71232604980469,105.28787231445312,-141.17764282226562,-67.83523559570312,178.95822143554688,350.3311462402344,48.96650695800781,0.5057061314582825,0.37325775623321533,0.8007717132568359,6.089676380157471,5.4224419593811035,5.135909080505371,nan
11.100,2,87.99478149414062,128.21546936035156,118.49530792236328,186.8571319580078,208.32736206054688,184.644287109375,2.366046190261841,2.9499635696411133,0.7149002552032471,208.19972229003906,378.23095703125,84.71232604980469,105.28787231445312,-141.17764282226562,-67.83523559570312,178.95822143554688,350.3311462402344,48.96650695800781,0.5057061314582825,0.37325775623321533,0.8007717132568359,6.089676380157471,5.4224419593811035,5.135909080505371,nan
11.150,2,89.99010467529297,128.25827026367188,118.66815948486328,188.89979553222656,207.65939331054688,186.75350952148438,2.2252705097198486,2.763033866882324,0.7006332278251648,200.2523193359375,354.3819580078125,83.14285278320312,85.3910140991211,-131.88052368164062,-67.39496612548828,158.2256317138672,309.09033203125,43.49524688720703,0.42641711235046387,0.37214231491088867,0.8105924129486084,6.319827079772949,5.504080295562744,5.01292085647583,nan
11.200,2,89.99010467529297,128.25827026367188,118.66815948486328,188.89979553222656,207.65939331054688,186.75350952148438,2.2252705097198486,2.763033866882324,0.7006332278251648,200.2523193359375,354.3819580078125,83.14285278320312,85.3910140991211,-131.88052368164062,-67.39496612548828,158.2256317138672,309.09033203125,43.49524688720703,0.42641711235046387,0.37214231491088867,0.8105924129486084,6.319827079772949,5.504080295562744,5.01292085647583,nan
11.250,2,89.99010467529297,128.25827026367188,118.66815948486328,188.89979553222656,207.65939331054688,186.75350952148438,2.2252705097198486,2.763033866882324,0.7006332278251648,200.2523193359375,354.3819580078125,83.14285278320312,85.3910140991211,-131.88052368164062,-67.39496612548828,158.2256317138672,309.09033203125,43.49524688720703,0.42641711235046387,0.37214231491088867,0.8105924129486084,6.319827079772949,5.504080295562744,5.01292085647583,nan
11.300,2,89.99010467529297,128.25827026367188,118.66815948486328,188.89979553222656,207.65939331054688,186.75350952148438,2.2252705097198486,2.763033866882324,0.7006332278251648,200.2523193359375,354.3819580078125,83.14285278320312,85.3910140991211,-131.88052368164062,-67.39496612548828,158.2256317138672,309.09033203125,43.49524688720703,0.42641711235046387,0.37214231491088867,0.8105924129486084,6.319827079772949,5.504080295562744,5.01292085647583,nan
11.350,2,102.86947631835938,129.40489196777344,119.28877258300781,202.59649658203125,202.72030639648438,201.08265686035156,0.49426114559173584,0.5014525055885315,0.5308378338813782,50.84438705444336,64.8904037475586,63.322994232177734,-49.34409713745117,-62.09443664550781,-61.501853942871094,0.9323731660842896,10.318681716918945,-5.7052507400512695,0.9704925417900085,0.9569124579429626,0.9712404608726501,5.941598892211914,5.663280010223389,4.850388050079346,nan
11.400,2,102.86947631835938,129.40489196777344,119.28877258300781,202.59649658203125,202.72030639648438,201.08265686035156,0.49426114559173584,0.5014525055885315,0.5308378338813782,50.84438705444336,64.8904037475586,63.322994232177734,-49.34409713745117,-62.09443664550781,-61.501853942871094,0.9323731660842896,10.318681716918945,-5.7052507400512695,0.9704925417900085,0.9569124579429626,0.9712404608726501,5.941598892211914,5.663280010223389,4.850388050079346,nan
11.450,0,102.86947631835938,129.40489196777344,119.28877258300781,202.59649658203125,202.72030639648438,201.08265686035156,0.49426114559173584,0.5014525055885315,0.5308378338813782,50.84438705444336,64.8904037475586,63.322994232177734,-49.34409713745117,-62.09443664550781,-61.501853942871094,0.9323731660842896,10.318681716918945,-5.7052507400512695,0.9704925417900085,0.9569124579429626,0.9712404608726501,5.941598892211914,5.663280010223389,4.850388050079346,nan
11.500,0,102.86947631835938,129.40489196777344,119.28877258300781,202.59649658203125,202.72030639648438,201.08265686035156,0.49426114559173584,0.5014525055885315,0.5308378338813782,50.84438705444336,64.8904037475586,63.322994232177734,-49.34409713745117,-62.09443664550781,-61.501853942871094,0.9323731660842896,10.318681716918945,-5.7052507400512695,0.9704925417900085,0.9569124579429626,0.9712404608726501,5.941598892211914,5.663280010223389,4.850388050079346,nan
11.550,0,103.17597198486328,128.66575622558594,119.27645874023438,202.4296112060547,202.6397705078125,200.8905029296875,0.47276571393013,0.4906560182571411,0.5217613577842712,48.77806091308594,63.1306266784668,62.233848571777344,-47.6474723815918,-60.71757507324219,-60.95933532714844,1.0430606603622437,11.473916053771973,-5.349684238433838,0.976821780204773,0.961776852607727,0.9795205593109131,5.837740898132324,5.749355316162109,4.677163600921631,nan
11.600,0,103.17597198486328,128.66575622558594,119.27645874023438,202.4296112060547,202.6397705078125,200.8905029296875,0.47276571393013,0.4906560182571411,0.5217613577842712,48.77806091308594,63.1306266784668,62.233848571777344,-47.6474723815918,-60.71757507324219,-60.95933532714844,1.0430606603622437,11.473916053771973,-5.349684238433838,0.976821780204773,0.961776852607727,0.9795205593109131,5.837740898132324,5.749355316162109,4.677163600921631,nan
11.650,0,103.17597198486328,128.66575622558594,119.27645874023438,202.4296112060547,202.6397705078125,200.8905029296875,0.47276571393013,0.4906560182571411,0.5217613577842712,48.77806091308594,63.1306266784668,62.233848571777344,-47.6474723815918,-60.71757507324219,-60.95933532714844,1.0430606603622437,11.473916053771973,-5.349684238433838,0.976821780204773,0.961776852607727,0.9795205593109131,5.837740898132324,5.749355316162109,4.677163600921631,nan
11.700,0,103.17597198486328,128.66575622558594,119.27645874023438,202.4296112060547,202.6397705078125,200.8905029296875,0.47276571393013,0.4906560182571411,0.5217613577842712,48.77806091308594,63.1306266784668,62.233848571777344,-47.6474723815918,-60.71757507324219,-60.95933532714844,1.0430606603622437,11.473916053771973,-5.349684238433838,0.976821780204773,0.961776852607727,0.9795205593109131,5.837740898132324,5.749355316162109,4.677163600921631,nan
11.750,0,103.08035278320312,128.44581604003906,119.19721984863281,202.16151428222656,202.270263671875,200.81637573242188,0.45969220995903015,0.47490984201431274,0.5010789036750793,47.38523483276367,61.00018310546875,59.727210998535156,-46.37738800048828,-58.52524185180664,-58.74208450317383,2.9233438968658447,12.74584674835205,-2.9541947841644287,0.9787307977676392,0.9594272971153259,0.9835062623023987,5.882487773895264,5.632622241973877,4.793651580810547,nan
11.800,0,103.08035278320312,128.44581604003906,119.19721984863281,202.16151428222656,202.270263671875,200.81637573242188,0.45969220995903015,0.47490984201431274,0.5010789036750793,47.38523483276367,61.00018310546875,59.727210998535156,-46.37738800048828,-58.52524185180664,-58.74208450317383,2.9233438968658447,12.74584674835205,-2.9541947841644287,0.9787307977676392,0.9594272971153259,0.9835062623023987,5.882487773895264,5.632622241973877,4.793651580810547,nan
11.850,0,103.08035278320312,128.44581604003906,119.19721984863281,202.16151428222656,202.270263671875,200.81637573242188,0.45969220995903015,0.47490984201431274,0.5010789036750793,47.38523483276367,61.00018310546875,59.727210998535156,-46.37738800048828,-58.52524185180664,-58.74208450317383,2.9233438968658447,12.74584674835205,-2.9541947841644287,0.9787307977676392,0.9594272971153259,0.9835062623023987,5.882487773895264,5.632622241973877,4.793651580810547,nan
11.900,0,103.08035278320312,128.44581604003906,119.19721984863281,202.16151428222656,202.270263671875,200.81637573242188,0.45969220995903015,0.47490984201431274,0.5010789036750793,47.38523483276367,61.00018310546875,59.727210998535156,-46.37738800048828,-58.52524185180664,-58.74208450317383,2.9233438968658447,12.74584674835205,-2.9541947841644287,0.9787307977676392,0.9594272971153259,0.9835062623023987,5.882487773895264,5.632622241973877,4.793651580810547,nan
11.950,0,103.08035278320312,128.44581604003906,119.19721984863281,202.16151428222656,202.270263671875,200.81637573242188,0.45969220995903015,0.47490984201431274,0.5010789036750793,47.38523483276367,61.00018310546875,59.727210998535156,-46.37738800048828,-58.52524185180664,-58.74208450317383,2.9233438968658447,12.74584674835205,-2.9541947841644287,0.9787307977676392,0.9594272971153259,0.9835062623023987,5.882487773895264,5.632622241973877,4.793651580810547,nan
12.000,0,102.99960327148438,128.40586853027344,119.03388214111328,202.0340576171875,202.1720428466797,200.5551300048828,0.45167744159698486,0.4683614671230316,0.4967649281024933,46.52259826660156,60.14036178588867,59.131858825683594,-45.450469970703125,-57.21400451660156,-58.22206497192383,3.7537527084350586,14.275482177734375,-1.4969723224639893,0.9769546985626221,0.9513412117958069,0.9846141338348389,5.8145365715026855,5.705563545227051,4.838623523712158,nan
12.050,0,102.99960327148438,128.40586853027344,119.03388214111328,202.0340576171875,202.1720428466797,200.5551300048828,0.45167744159698486,0.4683614671230316,0.4967649281024933,46.52259826660156,60.14036178588867,59.131858825683594,-45.450469970703125,-57.21400451660156,-58.22206497192383,3.7537527084350586,14.275482177734375,-1.4969723224639893,0.9769546985626221,0.9513412117958069,0.9846141338348389,5.8145365715026855,5.705563545227051,4.838623523712158,nan
12.100,0,102.99960327148438,128.40586853027344,119.03388214111328,202.0340576171875,202.1720428466797,200.5551300048828,0.45167744159698486,0.4683614671230316,0.4967649281024933,46.52259826660156,60.14036178588867,59.131858825683594,-45.450469970703125,-57.21400451660156,-58.22206497192383,3.7537527084350586,14.275482177734375,-1.4969723224639893,0.9769546985626221,0.9513412117958069,0.9846141338348389,5.8145365715026855,5.705563545227051,4.838623523712158,nan
12.150,0,102.94275665283203,128.4196319580078,119.06877136230469,202.05296325683594,202.1439971923828,200.55235290527344,0.450180321931839,0.46590888500213623,0.4953230023384094,46.342803955078125,59.83184814453125,58.977500915527344,-45.276878356933594,-56.80632400512695,-58.13633346557617,4.060323238372803,14.767975807189941,-0.9528816342353821,0.9769991040229797,0.949432909488678,0.9857375025749207,5.920288562774658,5.679050445556641,4.707516670227051,nan
12.200,0,102.94275665283203,128.4196319580078,119.06877136230469,202.05296325683594,202.1439971923828,200.55235290527344,0.450180321931839,0.46590888500213623,0.4953230023384094,46.342803955078125,59.83184814453125,58.977500915527344,-45.276878356933594,-56.80632400512695,-58.13633346557617,4.060323238372803,14.767975807189941,-0.9528816342353821,0.9769991040229797,0.949432909488678,0.9857375025749207,5.920288562774658,5.679050445556641,4.707516670227051,nan
12.250,0,102.94275665283203,128.4196319580078,119.06877136230469,202.05296325683594,202.1439971923828,200.55235290527344,0.450180321931839,0.46590888500213623,0.4953230023384094,46.342803955078125,59.83184814453125,58.977500915527344,-45.276878356933594,-56.80632400512695,-58.13633346557617,4.060323238372803,14.767975807189941,-0.9528816342353821,0.9769991040229797,0.949432909488678,0.9857375025749207,5.920288562774658,5.679050445556641,4.707516670227051,nan
12.300,0,102.94275665283203,128.4196319580078,119.06877136230469,202.05296325683594,202.1439971923828,200.55235290527344,0.450180321931839,0.46590888500213623,0.4953230023384094,46.342803955078125,59.83184814453125,58.977500915527344,-45.276878356933594,-56.80632400512695,-58.13633346557617,4.060323238372803,14.767975807189941,-0.9528816342353821,0.9769991040229797,0.949432909488678,0.9857375025749207,5.920288562774658,5.679050445556641,4.707516670227051,nan
12.350,0,102.94793701171875,128.35411071777344,119.00037384033203,201.96734619140625,202.10223388671875,200.462890625,0.441296249628067,0.45820537209510803,0.485061377286911,45.430538177490234,58.81254196166992,57.72248458862305,-44.36347198486328,-55.88726043701172,-56.86332702636719,4.04401159286499,14.384903907775879,-1.0509350299835205,0.9765121340751648,0.9502609372138977,0.9851157069206238,6.007603168487549,5.7727227210998535,4.948586463928223,nan
12.400,0,102.94793701171875,128.35411071777344,119.00037384033203,201.96734619140625,202.10223388671875,200.462890625,0.441296249628067,0.45820537209510803,0.485061377286911,45.430538177490234,58.81254196166992,57.72248458862305,-44.36347198486328,-55.88726043701172,-56.86332702636719,4.04401159286499,14.384903907775879,-1.0509350299835205,0.9765121340751648,0.9502609372138977,0.9851157069206238,6.007603168487549,5.7727227210998535,4.948586463928223,nan
12.450,0,102.94793701171875,128.35411071777344,119.00037384033203,201.96734619140625,202.10223388671875,200.462890625,0.441296249628067,0.45820537209510803,0.485061377286911,45.430538177490234,58.81254196166992,57.72248458862305,-44.36347198486328,-55.88726043701172,-56.86332702636719,4.04401159286499,14.384903907775879,-1.0509350299835205,0.9765121340751648,0.9502609372138977,0.9851157069206238,6.007603168487549,5.7727227210998535,4.948586463928223,nan
12.500,0,102.94793701171875,128.35411071777344,119.00037384033203,201.96734619140625,202.10223388671875,200.462890625,0.441296249628067,0.45820537209510803,0.485061377286911,45.430538177490234,58.81254196166992,57.72248458862305,-44.36347198486328,-55.88726043701172,-56.86332702636719,4.04401159286499,14.384903907775879,-1.0509350299835205,0.9765121340751648,0.9502609372138977,0.9851157069206238,6.007603168487549,5.7727227210998535,4.948586463928223,nan
12.550,0,102.91683959960938,128.38197326660156,118.96994018554688,201.98443603515625,202.06800842285156,200.41629028320312,0.44081956148147583,0.4599687457084656,0.4853565990924835,45.36775588989258,59.05169677734375,57.74284744262695,-44.17751693725586,-55.81984329223633,-56.853294372558594,4.791109085083008,15.337381362915039,-0.32058534026145935,0.9737646579742432,0.9452707767486572,0.9845945835113525,5.9051079750061035,5.804482936859131,4.772266387939453,nan
12.600,0,102.91683959960938,128.38197326660156,118.96994018554688,201.98443603515625,202.06800842285156,200.41629028320312,0.44081956148147583,0.4599687457084656,0.4853565990924835,45.36775588989258,59.05169677734375,57.74284744262695,-44.17751693725586,-55.81984329223633,-56.853294372558594,4.791109085083008,15.337381362915039,-0.32058534026145935,0.9737646579742432,0.9452707767486572,0.9845945835113525,5.9051079750061035,5.804482936859131,4.772266387939453,nan
12.650,0,102.91683959960938,128.38197326660156,118.96994018554688,201.98443603515625,202.06800842285156,200.41629028320312,0.44081956148147583,0.4599687457084656,0.4853565990924835,45.36775588989258,59.05169677734375,57.74284744262695,-44.17751693725586,-55.81984329223633,-56.853294372558594,4.791109085083008,15.337381362915039,-0.32058534026145935,0.9737646579742432,0.9452707767486572,0.9845945835113525,5.9051079750061035,5.804482936859131,4.772266387939453,nan
12.700,0,102.91683959960938,128.38197326660156,118.96994018554688,201.98443603515625,202.06800842285156,200.41629028320312,0.44081956148147583,0.4599687457084656,0.4853565990924835,45.36775588989258,59.05169677734375,57.74284744262695,-44.17751693725586,-55.81984329223633,-56.853294372558594,4.791109085083008,15.337381362915039,-0.32058534026145935,0.9737646579742432,0.9452707767486572,0.9845945835113525,5.9051079750061035,5.804482936859131,4.772266387939453,nan
12.750,0,102.95015716552734,128.2594451904297,118.97980499267578,201.8922576904297,201.9183349609375,200.50799560546875,0.43700557947158813,0.45542269945144653,0.4806588888168335,44.98979187011719,58.412261962890625,57.18870162963867,-43.906578063964844,-55.309349060058594,-56.37688064575195,4.861399173736572,15.278441429138184,-0.1790991723537445,0.9759231209754944,0.9468790888786316,0.9858044981956482,5.957365989685059,5.659366607666016,4.853621482849121,nan
12.800,0,102.95015716552734,128.2594451904297,118.97980499267578,201.8922576904297,201.9183349609375,200.50799560546875,0.43700557947158813,0.45542269945144653,0.4806588888168335,44.98979187011719,58.412261962890625,57.18870162963867,-43.906578063964844,-55.309349060058594,-56.37688064575195,4.861399173736572,15.278441429138184,-0.1790991723537445,0.9759231209754944,0.9468790888786316,0.9858044981956482,5.957365989685059,5.659366607666016,4.853621482849121,nan
12.850,0,102.95015716552734,128.2594451904297,118.97980499267578,201.8922576904297,201.9183349609375,200.50799560546875,0.43700557947158813,0.45542269945144653,0.4806588888168335,44.98979187011719,58.412261962890625,57.18870162963867,-43.906578063964844,-55.309349060058594,-56.37688064575195,4.861399173736572,15.278441429138184,-0.1790991723537445,0.9759231209754944,0.9468790888786316,0.9858044981956482,5.957365989685059,5.659366607666016,4.853621482849121,nan
12.900,0,102.95015716552734,128.2594451904297,118.97980499267578,201.8922576904297,201.9183349609375,200.50799560546875,0.43700557947158813,0.45542269945144653,0.4806588888168335,44.98979187011719,58.412261962890625,57.18870162963867,-43.906578063964844,-55.309349060058594,-56.37688064575195,4.861399173736572,15.278441429138184,-0.1790991723537445,0.9759231209754944,0.9468790888786316,0.9858044981956482,5.957365989685059,5.659366607666016,4.853621482849121,nan
12.950,0,102.87469482421875,128.3212432861328,118.9156265258789,201.86489868164062,201.97055053710938,200.3489227294922,0.43846991658210754,0.46136412024497986,0.48557308316230774,45.107460021972656,59.202816009521484,57.742225646972656,-43.87944412231445,-55.718727111816406,-56.8707389831543,5.593179225921631,16.46138572692871,0.4253280758857727,0.9727757573127747,0.9411499500274658,0.9849072694778442,5.838087558746338,5.771603107452393,4.805882453918457,nan
13.000,0,102.87469482421875,128.3212432861328,118.9156265258789,201.86489868164062,201.97055053710938,200.3489227294922,0.43846991658210754,0.46136412024497986,0.48557308316230774,45.107460021972656,59.202816009521484,57.742225646972656,-43.87944412231445,-55.718727111816406,-56.8707389831543,5.593179225921631,16.46138572692871,0.4253280758857727,0.9727757573127747,0.9411499500274658,0.9849072694778442,5.838087558746338,5.771603107452393,4.805882453918457,nan
13.050,0,102.87469482421875,128.3212432861328,118.9156265258789,201.86489868164062,201.97055053710938,200.3489227294922,0.43846991658210754,0.46136412024497986,0.48557308316230774,45.107460021972656,59.202816009521484,57.742225646972656,-43.87944412231445,-55.718727111816406,-56.8707389831543,5.593179225921631,16.46138572692871,0.4253280758857727,0.9727757573127747,0.9411499500274658,0.9849072694778442,5.838087558746338,5.771603107452393,4.805882453918457,nan
13.100,0,102.87469482421875,128.3212432861328,118.9156265258789,201.86489868164062,201.97055053710938,200.3489227294922,0.43846991658210754,0.46136412024497986,0.48557308316230774,45.107460021972656,59.202816009521484,57.742225646972656,-43.87944412231445,-55.718727111816406,-56.8707389831543,5.593179225921631,16.46138572692871,0.4253280758857727,0.9727757573127747,0.9411499500274658,0.9849072694778442,5.838087558746338,5.771603107452393,4.805882453918457,nan
13.150,0,102.8896484375,128.29327392578125,118.97412872314453,201.8770294189453,201.94447326660156,200.4462127685547,0.43854519724845886,0.459470272064209,0.4835766851902008,45.121761322021484,58.94694519042969,57.53311538696289,-43.90157699584961,-55.50008010864258,-56.659751892089844,5.576024055480957,16.24812126159668,0.48927268385887146,0.972957968711853,0.9415259957313538,0.9848198294639587,5.850339889526367,5.649633407592773,4.686555862426758,nan
13.200,0,102.8896484375,128.29327392578125,118.97412872314453,201.8770294189453,201.94447326660156,200.4462127685547,0.43854519724845886,0.459470272064209,0.4835766851902008,45.121761322021484,58.94694519042969,57.53311538696289,-43.90157699584961,-55.50008010864258,-56.659751892089844,5.576024055480957,16.24812126159668,0.48927268385887146,0.972957968711853,0.9415259957313538,0.9848198294639587,5.850339889526367,5.649633407592773,4.686555862426758,nan
13.250,0,102.8896484375,128.29327392578125,118.97412872314453,201.8770294189453,201.94447326660156,200.4462127685547,0.43854519724845886,0.459470272064209,0.4835766851902008,45.121761322021484,58.94694519042969,57.53311538696289,-43.90157699584961,-55.50008010864258,-56.659751892089844,5.576024055480957,16.24812126159668,0.48927268385887146,0.972957968711853,0.9415259957313538,0.9848198294639587,5.850339889526367,5.649633407592773,4.686555862426758,nan
13.300,0,102.8896484375,128.29327392578125,118.97412872314453,201.8770294189453,201.94447326660156,200.4462127685547,0.43854519724845886,0.459470272064209,0.4835766851902008,45.121761322021484,58.94694519042969,57.53311538696289,-43.90157699584961,-55.50008010864258,-56.659751892089844,5.576024055480957,16.24812126159668,0.48927268385887146,0.972957968711853,0.9415259957313538,0.9848198294639587,5.850339889526367,5.649633407592773,4.686555862426758,nan
13.350,0,102.8843002319336,128.2842559814453,118.92890930175781,201.84849548339844,201.96102905273438,200.3584442138672,0.4404212236404419,0.4604519307613373,0.48590192198753357,45.31242752075195,59.06873321533203,57.787784576416016,-43.95359420776367,-55.36806106567383,-56.90662384033203,6.23898458480835,17.2067928314209,1.5071991682052612,0.9700118899345398,0.9373497366905212,0.9847517609596252,5.943076133728027,5.70897102355957,4.871403694152832,nan
13.400,0,102.8843002319336,128.2842559814453,118.92890930175781,201.84849548339844,201.96102905273438,200.3584442138672,0.4404212236404419,0.4604519307613373,0.48590192198753357,45.31242752075195,59.06873321533203,57.787784576416016,-43.95359420776367,-55.36806106567383,-56.90662384033203,6.23898458480835,17.2067928314209,1.5071991682052612,0.9700118899345398,0.9373497366905212,0.9847517609596252,5.943076133728027,5.70897102355957,4.871403694152832,nan
13.450,0,102.8843002319336,128.2842559814453,118.92890930175781,201.84849548339844,201.96102905273438,200.3584442138672,0.4404212236404419,0.4604519307613373,0.48590192198753357,45.31242752075195,59.06873321533203,57.787784576416016,-43.95359420776367,-55.36806106567383,-56.90662384033203,6.23898458480835,17.2067928314209,1.5071991682052612,0.9700118899345398,0.9373497366905212,0.9847517609596252,5.943076133728027,5.70897102355957,4.871403694152832,nan
13.500,0,102.8843002319336,128.2842559814453,118.92890930175781,201.84849548339844,201.96102905273438,200.3584442138672,0.4404212236404419,0.4604519307613373,0.48590192198753357,45.31242752075195,59.06873321533203,57.787784576416016,-43.95359420776367,-55.36806106567383,-56.90662384033203,6.23898458480835,17.2067928314209,1.5071991682052612,0.9700118899345398,0.9373497366905212,0.9847517609596252,5.943076133728027,5.70897102355957,4.871403694152832,nan
13.550,0,102.88093566894531,128.34201049804688,118.92767333984375,201.92218017578125,201.9751434326172,200.36181640625,0.4340231716632843,0.45286163687705994,0.47878795862197876,44.6527099609375,58.12117385864258,56.941139221191406,-43.42951583862305,-54.71782684326172,-56.026153564453125,5.127401351928711,15.77713680267334,0.33907243609428406,0.9726064801216125,0.941443920135498,0.9839310050010681,5.874771595001221,5.7301025390625,4.642846584320068,nan
13.600,0,102.88093566894531,128.34201049804688,118.92767333984375,201.92218017578125,201.9751434326172,200.36181640625,0.4340231716632843,0.45286163687705994,0.47878795862197876,44.6527099609375,58.12117385864258,56.941139221191406,-43.42951583862305,-54.71782684326172,-56.026153564453125,5.127401351928711,15.77713680267334,0.33907243609428406,0.9726064801216125,0.941443920135498,0.9839310050010681,5.874771595001221,5.7301025390625,4.642846584320068,nan
13.650,0,102.88093566894531,128.34201049804688,118.92767333984375,201.92218017578125,201.9751434326172,200.36181640625,0.4340231716632843,0.45286163687705994,0.47878795862197876,44.6527099609375,58.12117385864258,56.941139221191406,-43.42951583862305,-54.71782684326172,-56.026153564453125,5.127401351928711,15.77713680267334,0.33907243609428406,0.9726064801216125,0.941443920135498,0.9839310050010681,5.874771595001221,5.7301025390625,4.642846584320068,nan
13.700,0,102.88093566894531,128.34201049804688,118.92767333984375,201.92218017578125,201.9751434326172,200.36181640625,0.4340231716632843,0.45286163687705994,0.47878795862197876,44.6527099609375,58.12117385864258,56.941139221191406,-43.42951583862305,-54.71782684326172,-56.026153564453125,5.127401351928711,15.77713680267334,0.33907243609428406,0.9726064801216125,0.941443920135498,0.9839310050010681,5.874771595001221,5.7301025390625,4.642846584320068,nan
13.750,0,102.92387390136719,128.23561096191406,118.9708480834961,201.83726501464844,201.9046173095703,200.47653198242188,0.437040776014328,0.4594210386276245,0.4825146496295929,44.981929779052734,58.91413879394531,57.40517807006836,-43.57945251464844,-55.06540298461914,-56.50204086303711,6.670801639556885,17.614971160888672,1.8069404363632202,0.9688213467597961,0.9346721172332764,0.9842672944068909,5.843069553375244,5.594818115234375,4.77269983291626,nan
13.800,0,102.92387390136719,128.23561096191406,118.9708480834961,201.83726501464844,201.9046173095703,200.47653198242188,0.437040776014328,0.4594210386276245,0.4825146496295929,44.981929779052734,58.91413879394531,57.40517807006836,-43.57945251464844,-55.06540298461914,-56.50204086303711,6.670801639556885,17.614971160888672,1.8069404363632202,0.9688213467597961,0.9346721172332764,0.9842672944068909,5.843069553375244,5.594818115234375,4.77269983291626,nan
13.850,0,102.92387390136719,128.23561096191406,118.9708480834961,201.83726501464844,201.9046173095703,200.47653198242188,0.437040776014328,0.4594210386276245,0.4825146496295929,44.981929779052734,58.91413879394531,57.40517807006836,-43.57945251464844,-55.06540298461914,-56.50204086303711,6.670801639556885,17.614971160888672,1.8069404363632202,0.9688213467597961,0.9346721172332764,0.9842672944068909,5.843069553375244,5.594818115234375,4.77269983291626,nan
13.900,0,102.92387390136719,128.23561096191406,118.9708480834961,201.83726501464844,201.9046173095703,200.47653198242188,0.437040776014328,0.4594210386276245,0.4825146496295929,44.981929779052734,58.91413879394531,57.40517807006836,-43.57945251464844,-55.06540298461914,-56.50204086303711,6.670801639556885,17.614971160888672,1.8069404363632202,0.9688213467597961,0.9346721172332764,0.9842672944068909,5.843069553375244,5.594818115234375,4.77269983291626,nan
13.950,0,102.88516998291016,128.35186767578125,118.93842315673828,201.91368103027344,202.02700805664062,200.36178588867188,0.4390852153301239,0.46133559942245483,0.4856836795806885,45.175357818603516,59.213287353515625,57.76645278930664,-43.83912658691406,-55.42800521850586,-56.855411529541016,6.151956558227539,17.170591354370117,1.280730128288269,0.9704212546348572,0.9360737800598145,0.9842289090156555,5.806799411773682,5.702879905700684,4.73008918762207,nan
14.000,0,102.88516998291016,128.35186767578125,118.93842315673828,201.91368103027344,202.02700805664062,200.36178588867188,0.4390852153301239,0.46133559942245483,0.4856836795806885,45.175357818603516,59.213287353515625,57.76645278930664,-43.83912658691406,-55.42800521850586,-56.855411529541016,6.151956558227539,17.170591354370117,1.280730128288269,0.9704212546348572,0.9360737800598145,0.9842289090156555,5.806799411773682,5.702879905700684,4.73008918762207,nan
14.050,0,102.88516998291016,128.35186767578125,118.93842315673828,201.91368103027344,202.02700805664062,200.36178588867188,0.4390852153301239,0.46133559942245483,0.4856836795806885,45.175357818603516,59.213287353515625,57.76645278930664,-43.83912658691406,-55.42800521850586,-56.855411529541016,6.151956558227539,17.170591354370117,1.280730128288269,0.9704212546348572,0.9360737800598145,0.9842289090156555,5.806799411773682,5.702879905700684,4.73008918762207,nan
14.100,0,102.88516998291016,128.35186767578125,118.93842315673828,201.91368103027344,202.02700805664062,200.36178588867188,0.4390852153301239,0.46133559942245483,0.4856836795806885,45.175357818603516,59.213287353515625,57.76645278930664,-43.83912658691406,-55.42800521850586,-56.855411529541016,6.151956558227539,17.170591354370117,1.280730128288269,0.9704212546348572,0.9360737800598145,0.9842289090156555,5.806799411773682,5.702879905700684,4.73008918762207,nan
14.150,0,102.89288330078125,128.29832458496094,118.99259185791016,201.89358520507812,201.93505859375,200.47767639160156,0.43910136818885803,0.4591309726238251,0.4820285141468048,45.18040466308594,58.90573501586914,57.35782241821289,-43.77271270751953,-55.03823471069336,-56.44682312011719,6.870386123657227,17.603469848632812,2.135493040084839,0.9688428640365601,0.9343442320823669,0.9841172695159912,5.854043483734131,5.6394572257995605,4.6144304275512695,nan
14.200,0,102.89288330078125,128.29832458496094,118.99259185791016,201.89358520507812,201.93505859375,200.47767639160156,0.43910136818885803,0.4591309726238251,0.4820285141468048,45.18040466308594,58.90573501586914,57.35782241821289,-43.77271270751953,-55.03823471069336,-56.44682312011719,6.870386123657227,17.603469848632812,2.135493040084839,0.9688428640365601,0.9343442320823669,0.9841172695159912,5.854043483734131,5.6394572257995605,4.6144304275512695,nan
14.250,0,102.89288330078125,128.29832458496094,118.99259185791016,201.89358520507812,201.93505859375,200.47767639160156,0.43910136818885803,0.4591309726238251,0.4820285141468048,45.18040466308594,58.90573501586914,57.35782241821289,-43.77271270751953,-55.03823471069336,-56.44682312011719,6.870386123657227,17.603469848632812,2.135493040084839,0.9688428640365601,0.9343442320823669,0.9841172695159912,5.854043483734131,5.6394572257995605,4.6144304275512695,nan
14.300,0,102.89288330078125,128.29832458496094,118.99259185791016,201.89358520507812,201.93505859375,200.47767639160156,0.43910136818885803,0.4591309726238251,0.4820285141468048,45.18040466308594,58.90573501586914,57.35782241821289,-43.77271270751953,-55.03823471069336,-56.44682312011719,6.870386123657227,17.603469848632812,2.135493040084839,0.9688428640365601,0.9343442320823669,0.9841172695159912,5.854043483734131,5.6394572257995605,4.6144304275512695,nan
14.350,0,102.93928527832031,128.29324340820312,118.94544219970703,201.88848876953125,202.0291290283203,200.40292358398438,0.43530091643333435,0.4574887752532959,0.48061999678611755,44.809566497802734,58.692718505859375,57.16755676269531,-43.38003158569336,-54.95884704589844,-56.216121673583984,6.11037015914917,16.91556739807129,1.1765750646591187,0.9680975675582886,0.9363827109336853,0.9833570718765259,5.837285041809082,5.663763523101807,4.768665313720703,nan
14.400,0,102.93928527832031,128.29324340820312,118.94544219970703,201.88848876953125,202.0291290283203,200.40292358398438,0.43530091643333435,0.4574887752532959,0.48061999678611755,44.809566497802734,58.692718505859375,57.16755676269531,-43.38003158569336,-54.95884704589844,-56.216121673583984,6.11037015914917,16.91556739807129,1.1765750646591187,0.9680975675582886,0.9363827109336853,0.9833570718765259,5.837285041809082,5.663763523101807,4.768665313720703,nan
14.450,0,102.93928527832031,128.29324340820312,118.94544219970703,201.88848876953125,202.0291290283203,200.40292358398438,0.43530091643333435,0.4574887752532959,0.48061999678611755,44.809566497802734,58.692718505859375,57.16755676269531,-43.38003158569336,-54.95884704589844,-56.216121673583984,6.11037015914917,16.91556739807129,1.1765750646591187,0.9680975675582886,0.9363827109336853,0.9833570718765259,5.837285041809082,5.663763523101807,4.768665313720703,nan
14.500,0,102.93928527832031,128.29324340820312,118.94544219970703,201.88848876953125,202.0291290283203,200.40292358398438,0.43530091643333435,0.4574887752532959,0.48061999678611755,44.809566497802734,58.692718505859375,57.16755676269531,-43.38003158569336,-54.95884704589844,-56.216121673583984,6.11037015914917,16.91556739807129,1.1765750646591187,0.9680975675582886,0.9363827109336853,0.9833570718765259,5.837285041809082,5.663763523101807,4.768665313720703,nan
14.550,0,102.8408203125,128.33151245117188,118.94219970703125,201.87503051757812,201.94598388671875,200.3665313720703,0.43452703952789307,0.45813578367233276,0.48132091760635376,44.68711853027344,58.79325866699219,57.24937057495117,-43.24638748168945,-54.7851448059082,-56.33279800415039,6.773019790649414,17.916635513305664,1.9792903661727905,0.9677596092224121,0.9318270087242126,0.9839898347854614,5.746377944946289,5.6104888916015625,4.499995708465576,nan
14.600,0,102.8408203125,128.33151245117188,118.94219970703125,201.87503051757812,201.94598388671875,200.3665313720703,0.43452703952789307,0.45813578367233276,0.48132091760635376,44.68711853027344,58.79325866699219,57.24937057495117,-43.24638748168945,-54.7851448059082,-56.33279800415039,6.773019790649414,17.916635513305664,1.9792903661727905,0.9677596092224121,0.9318270087242126,0.9839898347854614,5.746377944946289,5.6104888916015625,4.499995708465576,nan
14.650,0,102.8408203125,128.33151245117188,118.94219970703125,201.87503051757812,201.94598388671875,200.3665313720703,0.43452703952789307,0.45813578367233276,0.48132091760635376,44.68711853027344,58.79325866699219,57.24937057495117,-43.24638748168945,-54.7851448059082,-56.33279800415039,6.773019790649414,17.916635513305664,1.9792903661727905,0.9677596092224121,0.9318270087242126,0.9839898347854614,5.746377944946289,5.6104888916015625,4.499995708465576,nan
14.700,0,102.8408203125,128.33151245117188,118.94219970703125,201.87503051757812,201.94598388671875,200.3665313720703,0.43452703952789307,0.45813578367233276,0.48132091760635376,44.68711853027344,58.79325866699219,57.24937057495117,-43.24638748168945,-54.7851448059082,-56.33279800415039,6.773019790649414,17.916635513305664,1.9792903661727905,0.9677596092224121,0.9318270087242126,0.9839898347854614,5.746377944946289,5.6104888916015625,4.499995708465576,nan
14.750,0,102.93460083007812,128.24771118164062,118.98262023925781,201.88433837890625,201.89952087402344,200.49017333984375,0.44404786825180054,0.4645754098892212,0.4840635359287262,45.707889556884766,59.58073425292969,57.59514617919922,-44.21295166015625,-55.79300308227539,-56.601219177246094,7.218854904174805,17.535232543945312,2.114074230194092,0.9672936797142029,0.9364269375801086,0.9827428460121155,5.749443531036377,5.499339580535889,4.675664901733398,nan
14.800,0,102.93460083007812,128.24771118164062,118.98262023925781,201.88433837890625,201.89952087402344,200.49017333984375,0.44404786825180054,0.4645754098892212,0.4840635359287262,45.707889556884766,59.58073425292969,57.59514617919922,-44.21295166015625,-55.79300308227539,-56.601219177246094,7.218854904174805,17.535232543945312,2.114074230194092,0.9672936797142029,0.9364269375801086,0.9827428460121155,5.749443531036377,5.499339580535889,4.675664901733398,nan
14.850,0,102.93460083007812,128.24771118164062,118.98262023925781,201.88433837890625,201.89952087402344,200.49017333984375,0.44404786825180054,0.4645754098892212,0.4840635359287262,45.707889556884766,59.58073425292969,57.59514617919922,-44.21295166015625,-55.79300308227539,-56.601219177246094,7.218854904174805,17.535232543945312,2.114074230194092,0.9672936797142029,0.9364269375801086,0.9827428460121155,5.749443531036377,5.499339580535889,4.675664901733398,nan
14.900,0,102.93460083007812,128.24771118164062,118.98262023925781,201.88433837890625,201.89952087402344,200.49017333984375,0.44404786825180054,0.4645754098892212,0.4840635359287262,45.707889556884766,59.58073425292969,57.59514617919922,-44.21295166015625,-55.79300308227539,-56.601219177246094,7.218854904174805,17.535232543945312,2.114074230194092,0.9672936797142029,0.9364269375801086,0.9827428460121155,5.749443531036377,5.499339580535889,4.675664901733398,nan
14.950,0,102.85270690917969,128.2433624267578,118.85279846191406,201.78524780273438,201.81991577148438,200.2911376953125,0.4340271055698395,0.4561982750892639,0.47922706604003906,44.64086151123047,58.50440216064453,56.95747756958008,-43.2597541809082,-54.653812408447266,-56.02817916870117,6.391402721405029,17.240005493164062,1.567320466041565,0.9690617918968201,0.93418288230896,0.9836843609809875,5.678215026855469,5.600099086761475,4.659659385681152,nan
15.000,0,102.85270690917969,128.2433624267578,118.85279846191406,201.78524780273438,201.81991577148438,200.2911376953125,0.4340271055698395,0.4561982750892639,0.47922706604003906,44.64086151123047,58.50440216064453,56.95747756958008,-43.2597541809082,-54.653812408447266,-56.02817916870117,6.391402721405029,17.240005493164062,1.567320466041565,0.9690617918968201,0.93418288230896,0.9836843609809875,5.678215026855469,5.600099086761475,4.659659385681152,nan
15.050,0,102.85270690917969,128.2433624267578,118.85279846191406,201.78524780273438,201.81991577148438,200.2911376953125,0.4340271055698395,0.4561982750892639,0.47922706604003906,44.64086151123047,58.50440216064453,56.95747756958008,-43.2597541809082,-54.653812408447266,-56.02817916870117,6.391402721405029,17.240005493164062,1.567320466041565,0.9690617918968201,0.93418288230896,0.9836843609809875,5.678215026855469,5.600099086761475,4.659659385681152,nan
15.100,0,102.85270690917969,128.2433624267578,118.85279846191406,201.78524780273438,201.81991577148438,200.2911376953125,0.4340271055698395,0.4561982750892639,0.47922706604003906,44.64086151123047,58.50440216064453,56.95747756958008,-43.2597541809082,-54.653812408447266,-56.02817916870117,6.391402721405029,17.240005493164062,1.567320466041565,0.9690617918968201,0.93418288230896,0.9836843609809875,5.678215026855469,5.600099086761475,4.659659385681152,nan
15.150,0,102.8617172241211,128.23976135253906,118.94821166992188,201.82394409179688,201.8492431640625,200.40289306640625,0.44307318329811096,0.465947687625885,0.4884023070335388,45.57526779174805,59.753021240234375,58.094581604003906,-44.010066986083984,-55.455623626708984,-57.1264762878418,7.822349548339844,19.000858306884766,3.1071908473968506,0.9656568169593811,0.928080677986145,0.9833357334136963,5.833132266998291,5.5834808349609375,4.656504154205322,nan
15.200,0,102.87066650390625,128.22491455078125,118.92922973632812,201.8106689453125,201.8468017578125,200.38290405273438,0.4425783157348633,0.46368253231048584,0.4857857823371887,45.52832794189453,59.45565414428711,57.77412796020508,-43.85579299926758,-55.29498291015625,-56.64455795288086,7.029157638549805,17.831748962402344,2.164240598678589,0.9632638692855835,0.9300205707550049,0.9804485440254211,5.788477897644043,5.514167785644531,4.601687431335449,nan
15.250,0,102.87066650390625,128.22491455078125,118.92922973632812,201.8106689453125,201.8468017578125,200.38290405273438,0.4425783157348633,0.46368253231048584,0.4857857823371887,45.52832794189453,59.45565414428711,57.77412796020508,-43.85579299926758,-55.29498291015625,-56.64455795288086,7.029157638549805,17.831748962402344,2.164240598678589,0.9632638692855835,0.9300205707550049,0.9804485440254211,5.788477897644043,5.514167785644531,4.601687431335449,nan
15.300,0,102.90943908691406,128.36962890625,118.97410583496094,201.93701171875,202.06593322753906,200.42955017089844,0.4488770365715027,0.47120538353919983,0.4957709014415741,46.19368362426758,60.488460540771484,58.9838981628418,-44.577457427978516,-56.288124084472656,-57.93356704711914,7.184782981872559,18.49992561340332,2.3655240535736084,0.9650119543075562,0.9305596947669983,0.9821929335594177,5.779096603393555,5.600717544555664,4.71872615814209,nan
15.350,0,102.90943908691406,128.36962890625,118.97410583496094,201.93701171875,202.06593322753906,200.42955017089844,0.4488770365715027,0.47120538353919983,0.4957709014415741,46.19368362426758,60.488460540771484,58.9838981628418,-44.577457427978516,-56.288124084472656,-57.93356704711914,7.184782981872559,18.49992561340332,2.3655240535736084,0.9650119543075562,0.9305596947669983,0.9821929335594177,5.779096603393555,5.600717544555664,4.71872615814209,nan
15.400,0,102.90943908691406,128.36962890625,118.97410583496094,201.93701171875,202.06593322753906,200.42955017089844,0.4488770365715027,0.47120538353919983,0.4957709014415741,46.19368362426758,60.488460540771484,58.9838981628418,-44.577457427978516,-56.288124084472656,-57.93356704711914,7.184782981872559,18.49992561340332,2.3655240535736084,0.9650119543075562,0.9305596947669983,0.9821929335594177,5.779096603393555,5.600717544555664,4.71872615814209,nan
15.450,0,102.90943908691406,128.36962890625,118.97410583496094,201.93701171875,202.06593322753906,200.42955017089844,0.4488770365715027,0.47120538353919983,0.4957709014415741,46.19368362426758,60.488460540771484,58.9838981628418,-44.577457427978516,-56.288124084472656,-57.93356704711914,7.184782981872559,18.49992561340332,2.3655240535736084,0.9650119543075562,0.9305596947669983,0.9821929335594177,5.779096603393555,5.600717544555664,4.71872615814209,nan
15.500,0,102.8777847290039,128.33010864257812,118.92897033691406,201.93492126464844,201.95037841796875,200.35411071777344,0.44077038764953613,0.4619772732257843,0.48488980531692505,45.345481872558594,59.28559494018555,57.66744613647461,-43.72409439086914,-55.11082458496094,-56.59720230102539,7.060297966003418,18.03279685974121,2.3605923652648926,0.9642437100410461,0.9295820593833923,0.981441080570221,5.822746753692627,5.579543113708496,4.5468010902404785,nan
15.550,0,102.8777847290039,128.33010864257812,118.92897033691406,201.93492126464844,201.95037841796875,200.35411071777344,0.44077038764953613,0.4619772732257843,0.48488980531692505,45.345481872558594,59.28559494018555,57.66744613647461,-43.72409439086914,-55.11082458496094,-56.59720230102539,7.060297966003418,18.03279685974121,2.3605923652648926,0.9642437100410461,0.9295820593833923,0.981441080570221,5.822746753692627,5.579543113708496,4.5468010902404785,nan
15.600,0,102.8777847290039,128.33010864257812,118.92897033691406,201.93492126464844,201.95037841796875,200.35411071777344,0.44077038764953613,0.4619772732257843,0.48488980531692505,45.345481872558594,59.28559494018555,57.66744613647461,-43.72409439086914,-55.11082458496094,-56.59720230102539,7.060297966003418,18.03279685974121,2.3605923652648926,0.9642437100410461,0.9295820593833923,0.981441080570221,5.822746753692627,5.579543113708496,4.5468010902404785,nan
15.650,0,102.8777847290039,128.33010864257812,118.92897033691406,201.93492126464844,201.95037841796875,200.35411071777344,0.44077038764953613,0.4619772732257843,0.48488980531692505,45.345481872558594,59.28559494018555,57.66744613647461,-43.72409439086914,-55.11082458496094,-56.59720230102539,7.060297966003418,18.03279685974121,2.3605923652648926,0.9642437100410461,0.9295820593833923,0.981441080570221,5.822746753692627,5.579543113708496,4.5468010902404785,nan
15.700,0,102.92958068847656,128.28872680664062,119.006103515625,201.9105682373047,201.9708709716797,200.4965362548828,0.4499780237674713,0.47128602862358093,0.49416041374206543,46.31604766845703,60.46068572998047,58.80810546875,-44.758399963378906,-56.33623123168945,-57.79444122314453,7.388230323791504,18.41117286682129,2.548574924468994,0.9663691520690918,0.9317828416824341,0.9827631711959839,5.745251655578613,5.478106498718262,4.676235675811768,nan
15.750,0,102.92958068847656,128.28872680664062,119.006103515625,201.9105682373047,201.9708709716797,200.4965362548828,0.4499780237674713,0.47128602862358093,0.49416041374206543,46.31604766845703,60.46068572998047,58.80810546875,-44.758399963378906,-56.33623123168945,-57.79444122314453,7.388230323791504,18.41117286682129,2.548574924468994,0.9663691520690918,0.9317828416824341,0.9827631711959839,5.745251655578613,5.478106498718262,4.676235675811768,nan
15.800,0,102.92958068847656,128.28872680664062,119.006103515625,201.9105682373047,201.9708709716797,200.4965362548828,0.4499780237674713,0.47128602862358093,0.49416041374206543,46.31604766845703,60.46068572998047,58.80810546875,-44.758399963378906,-56.33623123168945,-57.79444122314453,7.388230323791504,18.41117286682129,2.548574924468994,0.9663691520690918,0.9317828416824341,0.9827631711959839,5.745251655578613,5.478106498718262,4.676235675811768,nan
15.850,0,102.92958068847656,128.28872680664062,119.006103515625,201.9105682373047,201.9708709716797,200.4965362548828,0.4499780237674713,0.47128602862358093,0.49416041374206543,46.31604766845703,60.46068572998047,58.80810546875,-44.758399963378906,-56.33623123168945,-57.79444122314453,7.388230323791504,18.41117286682129,2.548574924468994,0.9663691520690918,0.9317828416824341,0.9827631711959839,5.745251655578613,5.478106498718262,4.676235675811768,nan
15.900,0,102.78244018554688,128.2989044189453,118.8525161743164,201.7976531982422,201.89515686035156,200.19334411621094,0.437936007976532,0.46045124530792236,0.48614829778671265,45.01213073730469,59.07538986206055,57.77994918823242,-43.40768051147461,-54.81101989746094,-56.69002151489258,6.88139533996582,18.31662368774414,2.3247780799865723,0.9643551707267761,0.927814781665802,0.9811365604400635,5.724729061126709,5.57893705368042,4.582989692687988,nan
15.950,0,102.78244018554688,128.2989044189453,118.8525161743164,201.7976531982422,201.89515686035156,200.19334411621094,0.437936007976532,0.46045124530792236,0.48614829778671265,45.01213073730469,59.07538986206055,57.77994918823242,-43.40768051147461,-54.81101989746094,-56.69002151489258,6.88139533996582,18.31662368774414,2.3247780799865723,0.9643551707267761,0.927814781665802,0.9811365604400635,5.724729061126709,5.57893705368042,4.582989692687988,nan
16.000,0,102.78244018554688,128.2989044189453,118.8525161743164,201.7976531982422,201.89515686035156,200.19334411621094,0.437936007976532,0.46045124530792236,0.48614829778671265,45.01213073730469,59.07538986206055,57.77994918823242,-43.40768051147461,-54.81101989746094,-56.69002151489258,6.88139533996582,18.31662368774414,2.3247780799865723,0.9643551707267761,0.927814781665802,0.9811365604400635,5.724729061126709,5.57893705368042,4.582989692687988,nan
16.050,0,102.78244018554688,128.2989044189453,118.8525161743164,201.7976531982422,201.89515686035156,200.19334411621094,0.437936007976532,0.46045124530792236,0.48614829778671265,45.01213073730469,59.07538986206055,57.77994918823242,-43.40768051147461,-54.81101989746094,-56.69002151489258,6.88139533996582,18.31662368774414,2.3247780799865723,0.9643551707267761,0.927814781665802,0.9811365604400635,5.724729061126709,5.57893705368042,4.582989692687988,nan
16.100,0,102.85952758789062,128.2268829345703,118.94562530517578,201.8120574951172,201.88323974609375,200.36587524414062,0.4461926519870758,0.4675823450088501,0.4906233847141266,45.895164489746094,59.956626892089844,58.357505798339844,-44.157814025878906,-55.627994537353516,-57.16571044921875,7.2505598068237305,18.27529525756836,2.485769033432007,0.9621452689170837,0.9278039336204529,0.9795776605606079,5.75604772567749,5.455583572387695,4.573403835296631,nan
16.150,0,102.85952758789062,128.2268829345703,118.94562530517578,201.8120574951172,201.88323974609375,200.36587524414062,0.4461926519870758,0.4675823450088501,0.4906233847141266,45.895164489746094,59.956626892089844,58.357505798339844,-44.157814025878906,-55.627994537353516,-57.16571044921875,7.2505598068237305,18.27529525756836,2.485769033432007,0.9621452689170837,0.9278039336204529,0.9795776605606079,5.75604772567749,5.455583572387695,4.573403835296631,nan
16.200,0,102.85952758789062,128.2268829345703,118.94562530517578,201.8120574951172,201.88323974609375,200.36587524414062,0.4461926519870758,0.4675823450088501,0.4906233847141266,45.895164489746094,59.956626892089844,58.357505798339844,-44.157814025878906,-55.627994537353516,-57.16571044921875,7.2505598068237305,18.27529525756836,2.485769033432007,0.9621452689170837,0.9278039336204529,0.9795776605606079,5.75604772567749,5.455583572387695,4.573403835296631,nan
16.250,0,102.85952758789062,128.2268829345703,118.94562530517578,201.8120574951172,201.88323974609375,200.36587524414062,0.4461926519870758,0.4675823450088501,0.4906233847141266,45.895164489746094,59.956626892089844,58.357505798339844,-44.157814025878906,-55.627994537353516,-57.16571044921875,7.2505598068237305,18.27529525756836,2.485769033432007,0.9621452689170837,0.9278039336204529,0.9795776605606079,5.75604772567749,5.455583572387695,4.573403835296631,nan
16.300,0,102.86985778808594,128.34629821777344,118.95106506347656,201.86720275878906,202.06509399414062,200.36085510253906,0.4450056552886963,0.469312459230423,0.49450376629829407,45.77766799926758,60.23451614379883,58.82175064086914,-44.15730667114258,-55.860382080078125,-57.78659439086914,7.231854438781738,18.86817169189453,2.5502965450286865,0.9646036624908447,0.9273815751075745,0.9824017882347107,5.767605304718018,5.623064994812012,4.696501731872559,nan
16.350,0,102.86985778808594,128.34629821777344,118.95106506347656,201.86720275878906,202.06509399414062,200.36085510253906,0.4450056552886963,0.469312459230423,0.49450376629829407,45.77766799926758,60.23451614379883,58.82175064086914,-44.15730667114258,-55.860382080078125,-57.78659439086914,7.231854438781738,18.86817169189453,2.5502965450286865,0.9646036624908447,0.9273815751075745,0.9824017882347107,5.767605304718018,5.623064994812012,4.696501731872559,nan
16.400,0,102.86985778808594,128.34629821777344,118.95106506347656,201.86720275878906,202.06509399414062,200.36085510253906,0.4450056552886963,0.469312459230423,0.49450376629829407,45.77766799926758,60.23451614379883,58.82175064086914,-44.15730667114258,-55.860382080078125,-57.78659439086914,7.231854438781738,18.86817169189453,2.5502965450286865,0.9646036624908447,0.9273815751075745,0.9824017882347107,5.767605304718018,5.623064994812012,4.696501731872559,nan
16.450,0,102.86985778808594,128.34629821777344,118.95106506347656,201.86720275878906,202.06509399414062,200.36085510253906,0.4450056552886963,0.469312459230423,0.49450376629829407,45.77766799926758,60.23451614379883,58.82175064086914,-44.15730667114258,-55.860382080078125,-57.78659439086914,7.231854438781738,18.86817169189453,2.5502965450286865,0.9646036624908447,0.9273815751075745,0.9824017882347107,5.767605304718018,5.623064994812012,4.696501731872559,nan
16.500,0,102.86907196044922,128.30255126953125,118.92681884765625,201.8928985595703,201.92245483398438,200.35592651367188,0.4434170126914978,0.464364618062973,0.48818743228912354,45.613895416259766,59.579166412353516,58.05857849121094,-43.856056213378906,-55.2037467956543,-56.88540267944336,7.2864298820495605,18.443696975708008,2.680704116821289,0.9614626169204712,0.9265612363815308,0.9797932505607605,5.866855621337891,5.616130828857422,4.595335006713867,nan
16.550,0,102.86907196044922,128.30255126953125,118.92681884765625,201.8928985595703,201.92245483398438,200.35592651367188,0.4434170126914978,0.464364618062973,0.48818743228912354,45.613895416259766,59.579166412353516,58.05857849121094,-43.856056213378906,-55.2037467956543,-56.88540267944336,7.2864298820495605,18.443696975708008,2.680704116821289,0.9614626169204712,0.9265612363815308,0.9797932505607605,5.866855621337891,5.616130828857422,4.595335006713867,nan
16.600,0,102.86907196044922,128.30255126953125,118.92681884765625,201.8928985595703,201.92245483398438,200.35592651367188,0.4434170126914978,0.464364618062973,0.48818743228912354,45.613895416259766,59.579166412353516,58.05857849121094,-43.856056213378906,-55.2037467956543,-56.88540267944336,7.2864298820495605,18.443696975708008,2.680704116821289,0.9614626169204712,0.9265612363815308,0.9797932505607605,5.866855621337891,5.616130828857422,4.595335006713867,nan
16.650,0,102.86907196044922,128.30255126953125,118.92681884765625,201.8928985595703,201.92245483398438,200.35592651367188,0.4434170126914978,0.464364618062973,0.48818743228912354,45.613895416259766,59.579166412353516,58.05857849121094,-43.856056213378906,-55.2037467956543,-56.88540267944336,7.2864298820495605,18.443696975708008,2.680704116821289,0.9614626169204712,0.9265612363815308,0.9797932505607605,5.866855621337891,5.616130828857422,4.595335006713867,nan
16.700,0,102.90445709228516,128.2335662841797,118.96134948730469,201.84344482421875,201.87197875976562,200.43899536132812,0.4483901858329773,0.4709011912345886,0.48886027932167053,46.14134979248047,60.385337829589844,58.155479431152344,-44.44260787963867,-56.250370025634766,-57.00628662109375,7.576197147369385,17.99651527404785,2.3324525356292725,0.9631839394569397,0.9315236210823059,0.9802393317222595,5.750401973724365,5.566344738006592,4.743020057678223,nan
16.750,0,102.90445709228516,128.2335662841797,118.96134948730469,201.84344482421875,201.87197875976562,200.43899536132812,0.4483901858329773,0.4709011912345886,0.48886027932167053,46.14134979248047,60.385337829589844,58.155479431152344,-44.44260787963867,-56.250370025634766,-57.00628662109375,7.576197147369385,17.99651527404785,2.3324525356292725,0.9631839394569397,0.9315236210823059,0.9802393317222595,5.750401973724365,5.566344738006592,4.743020057678223,nan
16.800,0,102.90445709228516,128.2335662841797,118.96134948730469,201.84344482421875,201.87197875976562,200.43899536132812,0.4483901858329773,0.4709011912345886,0.48886027932167053,46.14134979248047,60.385337829589844,58.155479431152344,-44.44260787963867,-56.250370025634766,-57.00628662109375,7.576197147369385,17.99651527404785,2.3324525356292725,0.9631839394569397,0.9315236210823059,0.9802393317222595,5.750401973724365,5.566344738006592,4.743020057678223,nan
16.850,0,102.90445709228516,128.2335662841797,118.96134948730469,201.84344482421875,201.87197875976562,200.43899536132812,0.4483901858329773,0.4709011912345886,0.48886027932167053,46.14134979248047,60.385337829589844,58.155479431152344,-44.44260787963867,-56.250370025634766,-57.00628662109375,7.576197147369385,17.99651527404785,2.3324525356292725,0.9631839394569397,0.9315236210823059,0.9802393317222595,5.750401973724365,5.566344738006592,4.743020057678223,nan
16.900,0,102.81659698486328,128.293701171875,118.88827514648438,201.80227661132812,201.9156951904297,200.27639770507812,0.43922433257102966,0.4654466211795807,0.4887612760066986,45.159549713134766,59.713871002197266,58.10798645019531,-43.4817008972168,-55.28205108642578,-57.040462493896484,7.238631248474121,18.82662010192871,2.3650214672088623,0.9628462195396423,0.9257823824882507,0.9816285967826843,5.738788604736328,5.628484725952148,4.575799942016602,nan
16.950,0,102.81659698486328,128.293701171875,118.88827514648438,201.80227661132812,201.9156951904297,200.27639770507812,0.43922433257102966,0.4654466211795807,0.4887612760066986,45.159549713134766,59.713871002197266,58.10798645019531,-43.4817008972168,-55.28205108642578,-57.040462493896484,7.238631248474121,18.82662010192871,2.3650214672088623,0.9628462195396423,0.9257823824882507,0.9816285967826843,5.738788604736328,5.628484725952148,4.575799942016602,nan
17.000,0,102.81659698486328,128.293701171875,118.88827514648438,201.80227661132812,201.9156951904297,200.27639770507812,0.43922433257102966,0.4654466211795807,0.4887612760066986,45.159549713134766,59.713871002197266,58.10798645019531,-43.4817008972168,-55.28205108642578,-57.040462493896484,7.238631248474121,18.82662010192871,2.3650214672088623,0.9628462195396423,0.9257823824882507,0.9816285967826843,5.738788604736328,5.628484725952148,4.575799942016602,nan
17.050,0,102.81659698486328,128.293701171875,118.88827514648438,201.80227661132812,201.9156951904297,200.27639770507812,0.43922433257102966,0.4654466211795807,0.4887612760066986,45.159549713134766,59.713871002197266,58.10798645019531,-43.4817008972168,-55.28205108642578,-57.040462493896484,7.238631248474121,18.82662010192871,2.3650214672088623,0.9628462195396423,0.9257823824882507,0.9816285967826843,5.738788604736328,5.628484725952148,4.575799942016602,nan
17.100,0,102.92473602294922,128.2128448486328,118.9656982421875,201.820068359375,201.86883544921875,200.48129272460938,0.45046505331993103,0.4718037545681,0.49184858798980713,46.36399841308594,60.491302490234375,58.51311111450195,-44.555419921875,-56.16668701171875,-57.25301742553711,7.650882720947266,18.244544982910156,2.60152268409729,0.9609917402267456,0.928508460521698,0.9784647822380066,5.766451835632324,5.5172953605651855,4.6075029373168945,nan
17.150,0,102.92473602294922,128.2128448486328,118.9656982421875,201.820068359375,201.86883544921875,200.48129272460938,0.45046505331993103,0.4718037545681,0.49184858798980713,46.36399841308594,60.491302490234375,58.51311111450195,-44.555419921875,-56.16668701171875,-57.25301742553711,7.650882720947266,18.244544982910156,2.60152268409729,0.9609917402267456,0.928508460521698,0.9784647822380066,5.766451835632324,5.5172953605651855,4.6075029373168945,nan
17.200,0,102.92473602294922,128.2128448486328,118.9656982421875,201.820068359375,201.86883544921875,200.48129272460938,0.45046505331993103,0.4718037545681,0.49184858798980713,46.36399841308594,60.491302490234375,58.51311111450195,-44.555419921875,-56.16668701171875,-57.25301742553711,7.650882720947266,18.244544982910156,2.60152268409729,0.9609917402267456,0.928508460521698,0.9784647822380066,5.766451835632324,5.5172953605651855,4.6075029373168945,nan
17.250,0,102.92473602294922,128.2128448486328,118.9656982421875,201.820068359375,201.86883544921875,200.48129272460938,0.45046505331993103,0.4718037545681,0.49184858798980713,46.36399841308594,60.491302490234375,58.51311111450195,-44.555419921875,-56.16668701171875,-57.25301742553711,7.650882720947266,18.244544982910156,2.60152268409729,0.9609917402267456,0.928508460521698,0.9784647822380066,5.766451835632324,5.5172953605651855,4.6075029373168945,nan
17.300,0,102.88323211669922,128.3134002685547,118.95081329345703,201.878662109375,201.96568298339844,200.3957061767578,0.4515513479709625,0.4714769124984741,0.4915928244590759,46.457061767578125,60.49680709838867,58.475364685058594,-44.76291275024414,-56.43292236328125,-57.337276458740234,7.175615310668945,17.58981704711914,2.0978469848632812,0.9635330438613892,0.9328247904777527,0.9805372953414917,5.728140830993652,5.640003204345703,4.638000011444092,nan
17.350,0,102.88323211669922,128.3134002685547,118.95081329345703,201.878662109375,201.96568298339844,200.3957061767578,0.4515513479709625,0.4714769124984741,0.4915928244590759,46.457061767578125,60.49680709838867,58.475364685058594,-44.76291275024414,-56.43292236328125,-57.337276458740234,7.175615310668945,17.58981704711914,2.0978469848632812,0.9635330438613892,0.9328247904777527,0.9805372953414917,5.728140830993652,5.640003204345703,4.638000011444092,nan
17.400,0,102.88323211669922,128.3134002685547,118.95081329345703,201.878662109375,201.96568298339844,200.3957061767578,0.4515513479709625,0.4714769124984741,0.4915928244590759,46.457061767578125,60.49680709838867,58.475364685058594,-44.76291275024414,-56.43292236328125,-57.337276458740234,7.175615310668945,17.58981704711914,2.0978469848632812,0.9635330438613892,0.9328247904777527,0.9805372953414917,5.728140830993652,5.640003204345703,4.638000011444092,nan
17.450,0,102.88323211669922,128.3134002685547,118.95081329345703,201.878662109375,201.96568298339844,200.3957061767578,0.4515513479709625,0.4714769124984741,0.4915928244590759,46.457061767578125,60.49680709838867,58.475364685058594,-44.76291275024414,-56.43292236328125,-57.337276458740234,7.175615310668945,17.58981704711914,2.0978469848632812,0.9635330438613892,0.9328247904777527,0.9805372953414917,5.728140830993652,5.640003204345703,4.638000011444092,nan
17.500,0,102.86286926269531,128.2987518310547,118.96817779541016,201.86399841308594,201.96420288085938,200.39837646484375,0.4449102282524109,0.47022584080696106,0.49202248454093933,45.76474380493164,60.32938766479492,58.53501892089844,-43.964698791503906,-55.730228424072266,-57.38632583618164,7.9565110206604,19.384300231933594,3.1125595569610596,0.9606674313545227,0.9237658381462097,0.9803759455680847,5.847122669219971,5.583248138427734,4.541652679443359,nan
17.550,0,102.86286926269531,128.2987518310547,118.96817779541016,201.86399841308594,201.96420288085938,200.39837646484375,0.4449102282524109,0.47022584080696106,0.49202248454093933,45.76474380493164,60.32938766479492,58.53501892089844,-43.964698791503906,-55.730228424072266,-57.38632583618164,7.9565110206604,19.384300231933594,3.1125595569610596,0.9606674313545227,0.9237658381462097,0.9803759455680847,5.847122669219971,5.583248138427734,4.541652679443359,nan
17.600,0,102.86286926269531,128.2987518310547,118.96817779541016,201.86399841308594,201.96420288085938,200.39837646484375,0.4449102282524109,0.47022584080696106,0.49202248454093933,45.76474380493164,60.32938766479492,58.53501892089844,-43.964698791503906,-55.730228424072266,-57.38632583618164,7.9565110206604,19.384300231933594,3.1125595569610596,0.9606674313545227,0.9237658381462097,0.9803759455680847,5.847122669219971,5.583248138427734,4.541652679443359,nan
17.650,0,102.86286926269531,128.2987518310547,118.96817779541016,201.86399841308594,201.96420288085938,200.39837646484375,0.4449102282524109,0.47022584080696106,0.49202248454093933,45.76474380493164,60.32938766479492,58.53501892089844,-43.964698791503906,-55.730228424072266,-57.38632583618164,7.9565110206604,19.384300231933594,3.1125595569610596,0.9606674313545227,0.9237658381462097,0.9803759455680847,5.847122669219971,5.583248138427734,4.541652679443359,nan
17.700,0,102.95555114746094,128.24441528320312,118.96981811523438,201.85403442382812,201.9267120361328,200.499267578125,0.44909462332725525,0.47034913301467896,0.4904438555240631,46.236785888671875,60.31964874267578,58.34801483154297,-44.51253890991211,-56.2005615234375,-57.170013427734375,7.373480796813965,17.91557502746582,2.2598817348480225,0.9627083539962769,0.9317123293876648,0.9798107743263245,5.723597526550293,5.567721366882324,4.723173141479492,nan
17.750,0,102.95555114746094,128.24441528320312,118.96981811523438,201.85403442382812,201.9267120361328,200.499267578125,0.44909462332725525,0.47034913301467896,0.4904438555240631,46.236785888671875,60.31964874267578,58.34801483154297,-44.51253890991211,-56.2005615234375,-57.170013427734375,7.373480796813965,17.91557502746582,2.2598817348480225,0.9627083539962769,0.9317123293876648,0.9798107743263245,5.723597526550293,5.567721366882324,4.723173141479492,nan
17.800,0,102.95555114746094,128.24441528320312,118.96981811523438,201.85403442382812,201.9267120361328,200.499267578125,0.44909462332725525,0.47034913301467896,0.4904438555240631,46.236785888671875,60.31964874267578,58.34801483154297,-44.51253890991211,-56.2005615234375,-57.170013427734375,7.373480796813965,17.91557502746582,2.2598817348480225,0.9627083539962769,0.9317123293876648,0.9798107743263245,5.723597526550293,5.567721366882324,4.723173141479492,nan
17.850,0,102.95555114746094,128.24441528320312,118.96981811523438,201.85403442382812,201.9267120361328,200.499267578125,0.44909462332725525,0.47034913301467896,0.4904438555240631,46.236785888671875,60.31964874267578,58.34801483154297,-44.51253890991211,-56.2005615234375,-57.170013427734375,7.373480796813965,17.91557502746582,2.2598817348480225,0.9627083539962769,0.9317123293876648,0.9798107743263245,5.723597526550293,5.567721366882324,4.723173141479492,nan
17.900,0,102.85396575927734,128.3465118408203,118.93190002441406,201.9290313720703,201.94515991210938,200.34469604492188,0.4446609318256378,0.46628162264823914,0.4889313280582428,45.73514175415039,59.845619201660156,58.149532318115234,-44.00789260864258,-55.52861404418945,-56.897727966308594,6.87053108215332,17.789567947387695,2.0217461585998535,0.9622336626052856,0.9278643131256104,0.9784726500511169,5.780917644500732,5.591152667999268,4.562144756317139,nan
17.950,0,102.85396575927734,128.3465118408203,118.93190002441406,201.9290313720703,201.94515991210938,200.34469604492188,0.4446609318256378,0.46628162264823914,0.4889313280582428,45.73514175415039,59.845619201660156,58.149532318115234,-44.00789260864258,-55.52861404418945,-56.897727966308594,6.87053108215332,17.789567947387695,2.0217461585998535,0.9622336626052856,0.9278643131256104,0.9784726500511169,5.780917644500732,5.591152667999268,4.562144756317139,nan
18.000,0,102.85396575927734,128.3465118408203,118.93190002441406,201.9290313720703,201.94515991210938,200.34469604492188,0.4446609318256378,0.46628162264823914,0.4889313280582428,45.73514175415039,59.845619201660156,58.149532318115234,-44.00789260864258,-55.52861404418945,-56.897727966308594,6.87053108215332,17.789567947387695,2.0217461585998535,0.9622336626052856,0.9278643131256104,0.9784726500511169,5.780917644500732,5.591152667999268,4.562144756317139,nan
18.050,0,102.85396575927734,128.3465118408203,118.93190002441406,201.9290313720703,201.94515991210938,200.34469604492188,0.4446609318256378,0.46628162264823914,0.4889313280582428,45.73514175415039,59.845619201660156,58.149532318115234,-44.00789260864258,-55.52861404418945,-56.897727966308594,6.87053108215332,17.789567947387695,2.0217461585998535,0.9622336626052856,0.9278643131256104,0.9784726500511169,5.780917644500732,5.591152667999268,4.562144756317139,nan
18.100,0,102.9563980102539,128.2684783935547,119.02106475830078,201.88455200195312,201.9794158935547,200.55520629882812,0.45324835181236267,0.47793295979499817,0.4982886016368866,46.664817810058594,61.303733825683594,59.30683898925781,-44.815452575683594,-56.74190902709961,-58.15583419799805,8.293985366821289,19.5091552734375,3.212329864501953,0.9603691697120667,0.9255865216255188,0.9805923700332642,5.761443138122559,5.494908332824707,4.613754749298096,nan
18.150,0,102.9563980102539,128.2684783935547,119.02106475830078,201.88455200195312,201.9794158935547,200.55520629882812,0.45324835181236267,0.47793295979499817,0.4982886016368866,46.664817810058594,61.303733825683594,59.30683898925781,-44.815452575683594,-56.74190902709961,-58.15583419799805,8.293985366821289,19.5091552734375,3.212329864501953,0.9603691697120667,0.9255865216255188,0.9805923700332642,5.761443138122559,5.494908332824707,4.613754749298096,nan
18.200,0,102.9563980102539,128.2684783935547,119.02106475830078,201.88455200195312,201.9794158935547,200.55520629882812,0.45324835181236267,0.47793295979499817,0.4982886016368866,46.664817810058594,61.303733825683594,59.30683898925781,-44.815452575683594,-56.74190902709961,-58.15583419799805,8.293985366821289,19.5091552734375,3.212329864501953,0.9603691697120667,0.9255865216255188,0.9805923700332642,5.761443138122559,5.494908332824707,4.613754749298096,nan
18.250,0,102.9563980102539,128.2684783935547,119.02106475830078,201.88455200195312,201.9794158935547,200.55520629882812,0.45324835181236267,0.47793295979499817,0.4982886016368866,46.664817810058594,61.303733825683594,59.30683898925781,-44.815452575683594,-56.74190902709961,-58.15583419799805,8.293985366821289,19.5091552734375,3.212329864501953,0.9603691697120667,0.9255865216255188,0.9805923700332642,5.761443138122559,5.494908332824707,4.613754749298096,nan
18.300,0,102.8838882446289,128.37203979492188,118.98015594482422,201.9158935546875,202.0711212158203,200.41537475585938,0.4500024616718292,0.47222092747688293,0.49363404512405396,46.298004150390625,60.619964599609375,58.7326545715332,-44.603973388671875,-56.4941520690918,-57.560218811035156,6.893464088439941,17.67049789428711,1.7465933561325073,0.9634102582931519,0.9319397211074829,0.9800377488136292,5.679930210113525,5.604079723358154,4.585005283355713,nan
18.350,0,102.8838882446289,128.37203979492188,118.98015594482422,201.9158935546875,202.0711212158203,200.41537475585938,0.4500024616718292,0.47222092747688293,0.49363404512405396,46.298004150390625,60.619964599609375,58.7326545715332,-44.603973388671875,-56.4941520690918,-57.560218811035156,6.893464088439941,17.67049789428711,1.7465933561325073,0.9634102582931519,0.9319397211074829,0.9800377488136292,5.679930210113525,5.604079723358154,4.585005283355713,nan
18.400,0,102.8838882446289,128.37203979492188,118.98015594482422,201.9158935546875,202.0711212158203,200.41537475585938,0.4500024616718292,0.47222092747688293,0.49363404512405396,46.298004150390625,60.619964599609375,58.7326545715332,-44.603973388671875,-56.4941520690918,-57.560218811035156,6.893464088439941,17.67049789428711,1.7465933561325073,0.9634102582931519,0.9319397211074829,0.9800377488136292,5.679930210113525,5.604079723358154,4.585005283355713,nan
18.450,0,102.8838882446289,128.37203979492188,118.98015594482422,201.9158935546875,202.0711212158203,200.41537475585938,0.4500024616718292,0.47222092747688293,0.49363404512405396,46.298004150390625,60.619964599609375,58.7326545715332,-44.603973388671875,-56.4941520690918,-57.560218811035156,6.893464088439941,17.67049789428711,1.7465933561325073,0.9634102582931519,0.9319397211074829,0.9800377488136292,5.679930210113525,5.604079723358154,4.585005283355713,nan
18.500,0,102.90648651123047,128.294677734375,118.99201202392578,201.88864135742188,202.00717163085938,200.4492950439453,0.44544875621795654,0.4671756625175476,0.49229562282562256,45.83956527709961,59.93614959716797,58.579246520996094,-44.03097152709961,-55.398109436035156,-57.31008529663086,7.318423271179199,18.70392608642578,2.7775280475616455,0.9605451226234436,0.9242854118347168,0.9783343076705933,5.837202548980713,5.518001556396484,4.530376434326172,nan
18.550,0,102.90648651123047,128.294677734375,118.99201202392578,201.88864135742188,202.00717163085938,200.4492950439453,0.44544875621795654,0.4671756625175476,0.49229562282562256,45.83956527709961,59.93614959716797,58.579246520996094,-44.03097152709961,-55.398109436035156,-57.31008529663086,7.318423271179199,18.70392608642578,2.7775280475616455,0.9605451226234436,0.9242854118347168,0.9783343076705933,5.837202548980713,5.518001556396484,4.530376434326172,nan
18.600,0,102.90648651123047,128.294677734375,118.99201202392578,201.88864135742188,202.00717163085938,200.4492950439453,0.44544875621795654,0.4671756625175476,0.49229562282562256,45.83956527709961,59.93614959716797,58.579246520996094,-44.03097152709961,-55.398109436035156,-57.31008529663086,7.318423271179199,18.70392608642578,2.7775280475616455,0.9605451226234436,0.9242854118347168,0.9783343076705933,5.837202548980713,5.518001556396484,4.530376434326172,nan
18.650,0,102.90648651123047,128.294677734375,118.99201202392578,201.88864135742188,202.00717163085938,200.4492950439453,0.44544875621795654,0.4671756625175476,0.49229562282562256,45.83956527709961,59.93614959716797,58.579246520996094,-44.03097152709961,-55.398109436035156,-57.31008529663086,7.318423271179199,18.70392608642578,2.7775280475616455,0.9605451226234436,0.9242854118347168,0.9783343076705933,5.837202548980713,5.518001556396484,4.530376434326172,nan
18.700,0,102.98693084716797,128.34347534179688,119.05517578125,201.9855194091797,202.05870056152344,200.60292053222656,0.45523494482040405,0.47619444131851196,0.496553510427475,46.88325119018555,61.116451263427734,59.11726379394531,-45.087459564208984,-56.85280227661133,-57.843990325927734,7.3873372077941895,17.982458114624023,2.237231492996216,0.9616965055465698,0.9302372932434082,0.9784619212150574,5.6795501708984375,5.54066276550293,4.670135498046875,nan
18.750,0,102.98693084716797,128.34347534179688,119.05517578125,201.9855194091797,202.05870056152344,200.60292053222656,0.45523494482040405,0.47619444131851196,0.496553510427475,46.88325119018555,61.116451263427734,59.11726379394531,-45.087459564208984,-56.85280227661133,-57.843990325927734,7.3873372077941895,17.982458114624023,2.237231492996216,0.9616965055465698,0.9302372932434082,0.9784619212150574,5.6795501708984375,5.54066276550293,4.670135498046875,nan
18.800,0,102.98693084716797,128.34347534179688,119.05517578125,201.9855194091797,202.05870056152344,200.60292053222656,0.45523494482040405,0.47619444131851196,0.496553510427475,46.88325119018555,61.116451263427734,59.11726379394531,-45.087459564208984,-56.85280227661133,-57.843990325927734,7.3873372077941895,17.982458114624023,2.237231492996216,0.9616965055465698,0.9302372932434082,0.9784619212150574,5.6795501708984375,5.54066276550293,4.670135498046875,nan
18.850,0,102.98693084716797,128.34347534179688,119.05517578125,201.9855194091797,202.05870056152344,200.60292053222656,0.45523494482040405,0.47619444131851196,0.496553510427475,46.88325119018555,61.116451263427734,59.11726379394531,-45.087459564208984,-56.85280227661133,-57.843990325927734,7.3873372077941895,17.982458114624023,2.237231492996216,0.9616965055465698,0.9302372932434082,0.9784619212150574,5.6795501708984375,5.54066276550293,4.670135498046875,nan
18.900,0,102.95800018310547,128.40660095214844,119.01675415039062,201.9984130859375,202.1720733642578,200.49725341796875,0.44941821694374084,0.47407257556915283,0.4990726709365845,46.271202087402344,60.874046325683594,59.39801025390625,-44.52598190307617,-56.33289337158203,-58.26885986328125,7.415187835693359,19.167667388916016,2.663318634033203,0.9622827768325806,0.9254008531570435,0.9809901118278503,5.73585844039917,5.533313274383545,4.636189937591553,nan
18.950,0,102.95800018310547,128.40660095214844,119.01675415039062,201.9984130859375,202.1720733642578,200.49725341796875,0.44941821694374084,0.47407257556915283,0.4990726709365845,46.271202087402344,60.874046325683594,59.39801025390625,-44.52598190307617,-56.33289337158203,-58.26885986328125,7.415187835693359,19.167667388916016,2.663318634033203,0.9622827768325806,0.9254008531570435,0.9809901118278503,5.73585844039917,5.533313274383545,4.636189937591553,nan
19.000,0,102.95800018310547,128.40660095214844,119.01675415039062,201.9984130859375,202.1720733642578,200.49725341796875,0.44941821694374084,0.47407257556915283,0.4990726709365845,46.271202087402344,60.874046325683594,59.39801025390625,-44.52598190307617,-56.33289337158203,-58.26885986328125,7.415187835693359,19.167667388916016,2.663318634033203,0.9622827768325806,0.9254008531570435,0.9809901118278503,5.73585844039917,5.533313274383545,4.636189937591553,nan
19.050,0,102.95800018310547,128.40660095214844,119.01675415039062,201.9984130859375,202.1720733642578,200.49725341796875,0.44941821694374084,0.47407257556915283,0.4990726709365845,46.271202087402344,60.874046325683594,59.39801025390625,-44.52598190307617,-56.33289337158203,-58.26885986328125,7.415187835693359,19.167667388916016,2.663318634033203,0.9622827768325806,0.9254008531570435,0.9809901118278503,5.73585844039917,5.533313274383545,4.636189937591553,nan
19.100,0,102.90974426269531,128.3099365234375,118.96727752685547,201.87405395507812,201.9568328857422,200.47125244140625,0.4493308365345001,0.4688669741153717,0.490032821893692,46.24052047729492,60.16029357910156,58.29787063598633,-44.386009216308594,-55.843666076660156,-57.047698974609375,7.455010414123535,18.06777572631836,2.5699715614318848,0.9598942399024963,0.92824786901474,0.97855544090271,5.631436824798584,5.578094959259033,4.481581211090088,nan
19.150,0,102.90974426269531,128.3099365234375,118.96727752685547,201.87405395507812,201.9568328857422,200.47125244140625,0.4493308365345001,0.4688669741153717,0.490032821893692,46.24052047729492,60.16029357910156,58.29787063598633,-44.386009216308594,-55.843666076660156,-57.047698974609375,7.455010414123535,18.06777572631836,2.5699715614318848,0.9598942399024963,0.92824786901474,0.97855544090271,5.631436824798584,5.578094959259033,4.481581211090088,nan
19.200,0,102.90974426269531,128.3099365234375,118.96727752685547,201.87405395507812,201.9568328857422,200.47125244140625,0.4493308365345001,0.4688669741153717,0.490032821893692,46.24052047729492,60.16029357910156,58.29787063598633,-44.386009216308594,-55.843666076660156,-57.047698974609375,7.455010414123535,18.06777572631836,2.5699715614318848,0.9598942399024963,0.92824786901474,0.97855544090271,5.631436824798584,5.578094959259033,4.481581211090088,nan
19.250,0,102.90974426269531,128.3099365234375,118.96727752685547,201.87405395507812,201.9568328857422,200.47125244140625,0.4493308365345001,0.4688669741153717,0.490032821893692,46.24052047729492,60.16029357910156,58.29787063598633,-44.386009216308594,-55.843666076660156,-57.047698974609375,7.455010414123535,18.06777572631836,2.5699715614318848,0.9598942399024963,0.92824786901474,0.97855544090271,5.631436824798584,5.578094959259033,4.481581211090088,nan
19.300,0,103.00301361083984,128.36695861816406,119.07601165771484,202.04490661621094,202.14707946777344,200.5948944091797,0.4486801326274872,0.4707341492176056,0.49396827816963196,46.21540451049805,60.42671203613281,58.81977081298828,-44.45419692993164,-56.06795120239258,-57.575138092041016,7.067105770111084,18.18032455444336,2.221364974975586,0.9618913531303406,0.9278669953346252,0.9788398742675781,5.869665145874023,5.539178848266602,4.570799827575684,nan
19.350,0,103.00301361083984,128.36695861816406,119.07601165771484,202.04490661621094,202.14707946777344,200.5948944091797,0.4486801326274872,0.4707341492176056,0.49396827816963196,46.21540451049805,60.42671203613281,58.81977081298828,-44.45419692993164,-56.06795120239258,-57.575138092041016,7.067105770111084,18.18032455444336,2.221364974975586,0.9618913531303406,0.9278669953346252,0.9788398742675781,5.869665145874023,5.539178848266602,4.570799827575684,nan
19.400,0,103.00301361083984,128.36695861816406,119.07601165771484,202.04490661621094,202.14707946777344,200.5948944091797,0.4486801326274872,0.4707341492176056,0.49396827816963196,46.21540451049805,60.42671203613281,58.81977081298828,-44.45419692993164,-56.06795120239258,-57.575138092041016,7.067105770111084,18.18032455444336,2.221364974975586,0.9618913531303406,0.9278669953346252,0.9788398742675781,5.869665145874023,5.539178848266602,4.570799827575684,nan
19.450,0,103.00301361083984,128.36695861816406,119.07601165771484,202.04490661621094,202.14707946777344,200.5948944091797,0.4486801326274872,0.4707341492176056,0.49396827816963196,46.21540451049805,60.42671203613281,58.81977081298828,-44.45419692993164,-56.06795120239258,-57.575138092041016,7.067105770111084,18.18032455444336,2.221364974975586,0.9618913531303406,0.9278669953346252,0.9788398742675781,5.869665145874023,5.539178848266602,4.570799827575684,nan
19.500,0,102.96891784667969,128.43299865722656,119.03726959228516,202.04978942871094,202.1529541015625,200.54551696777344,0.45193976163864136,0.47254690527915955,0.4950151741504669,46.53574752807617,60.690616607666016,58.925254821777344,-44.77993392944336,-56.3267936706543,-57.7085075378418,7.4769439697265625,18.399675369262695,2.6672017574310303,0.9622695446014404,0.9280972480773926,0.9793509840965271,5.7724738121032715,5.612752437591553,4.648443698883057,nan
19.550,0,102.96891784667969,128.43299865722656,119.03726959228516,202.04978942871094,202.1529541015625,200.54551696777344,0.45193976163864136,0.47254690527915955,0.4950151741504669,46.53574752807617,60.690616607666016,58.925254821777344,-44.77993392944336,-56.3267936706543,-57.7085075378418,7.4769439697265625,18.399675369262695,2.6672017574310303,0.9622695446014404,0.9280972480773926,0.9793509840965271,5.7724738121032715,5.612752437591553,4.648443698883057,nan
19.600,0,102.96891784667969,128.43299865722656,119.03726959228516,202.04978942871094,202.1529541015625,200.54551696777344,0.45193976163864136,0.47254690527915955,0.4950151741504669,46.53574752807617,60.690616607666016,58.925254821777344,-44.77993392944336,-56.3267936706543,-57.7085075378418,7.4769439697265625,18.399675369262695,2.6672017574310303,0.9622695446014404,0.9280972480773926,0.9793509840965271,5.7724738121032715,5.612752437591553,4.648443698883057,nan
19.650,0,102.96891784667969,128.43299865722656,119.03726959228516,202.04978942871094,202.1529541015625,200.54551696777344,0.45193976163864136,0.47254690527915955,0.4950151741504669,46.53574752807617,60.690616607666016,58.925254821777344,-44.77993392944336,-56.3267936706543,-57.7085075378418,7.4769439697265625,18.399675369262695,2.6672017574310303,0.9622695446014404,0.9280972480773926,0.9793509840965271,5.7724738121032715,5.612752437591553,4.648443698883057,nan
19.700,0,102.99617767333984,128.37774658203125,119.05718994140625,202.0277862548828,202.0845947265625,200.62586975097656,0.45151811838150024,0.47800517082214355,0.4989578425884247,46.504638671875,61.36522674560547,59.404518127441406,-44.606082916259766,-56.67731475830078,-58.151336669921875,8.039429664611816,19.46904182434082,2.87286114692688,0.9591749310493469,0.9236063957214355,0.9789042472839355,5.734023094177246,5.5387420654296875,4.494579315185547,nan
19.750,0,102.99617767333984,128.37774658203125,119.05718994140625,202.0277862548828,202.0845947265625,200.62586975097656,0.45151811838150024,0.47800517082214355,0.4989578425884247,46.504638671875,61.36522674560547,59.404518127441406,-44.606082916259766,-56.67731475830078,-58.151336669921875,8.039429664611816,19.46904182434082,2.87286114692688,0.9591749310493469,0.9236063957214355,0.9789042472839355,5.734023094177246,5.5387420654296875,4.494579315185547,nan
19.800,0,102.99617767333984,128.37774658203125,119.05718994140625,202.0277862548828,202.0845947265625,200.62586975097656,0.45151811838150024,0.47800517082214355,0.4989578425884247,46.504638671875,61.36522674560547,59.404518127441406,-44.606082916259766,-56.67731475830078,-58.151336669921875,8.039429664611816,19.46904182434082,2.87286114692688,0.9591749310493469,0.9236063957214355,0.9789042472839355,5.734023094177246,5.5387420654296875,4.494579315185547,nan
19.850,0,102.99617767333984,128.37774658203125,119.05718994140625,202.0277862548828,202.0845947265625,200.62586975097656,0.45151811838150024,0.47800517082214355,0.4989578425884247,46.504638671875,61.36522674560547,59.404518127441406,-44.606082916259766,-56.67731475830078,-58.151336669921875,8.039429664611816,19.46904182434082,2.87286114692688,0.9591749310493469,0.9236063957214355,0.9789042472839355,5.734023094177246,5.5387420654296875,4.494579315185547,nan
19.900,0,102.99723052978516,128.3895263671875,119.05691528320312,202.0481414794922,202.13162231445312,200.58367919921875,0.4524971544742584,0.4728178083896637,0.4949157238006592,46.605953216552734,60.70485305786133,58.92313766479492,-44.82564163208008,-56.552791595458984,-57.68839645385742,6.901286602020264,17.64337730407715,1.848584532737732,0.961800754070282,0.9316024780273438,0.9790448546409607,5.832139015197754,5.592668056488037,4.734084129333496,nan
19.950,0,102.99723052978516,128.3895263671875,119.05691528320312,202.0481414794922,202.13162231445312,200.58367919921875,0.4524971544742584,0.4728178083896637,0.4949157238006592,46.605953216552734,60.70485305786133,58.92313766479492,-44.82564163208008,-56.552791595458984,-57.68839645385742,6.901286602020264,17.64337730407715,1.848584532737732,0.961800754070282,0.9316024780273438,0.9790448546409607,5.832139015197754,5.592668056488037,4.734084129333496,nan
