t+,class,V_L1,V_L2,V_L3,V_L12,V_L23,V_L31,A_L1,A_L2,A_L3,VA_L1,VA_L2,VA_L3,W_L1,W_L2,W_L3,Q_L1,Q_L2,Q_L3,PF_L1,PF_L2,PF_L3,THD_L1,THD_L2,THD_L3
0.000,0,102.5635757446289,128.2629852294922,118.65872192382812,201.55850219726562,201.97549438476562,199.70513916015625,0.45895248651504517,0.4740149974822998,0.5155482292175293,47.071807861328125,60.798580169677734,61.174293518066406,-45.4600830078125,-56.18850326538086,-59.849769592285156,5.954887866973877,18.871490478515625,2.7258102893829346,0.9657602906227112,0.9241746068000793,0.9783483743667603,5.160497665405273,5.080694675445557,4.072658538818359,nan
0.050,0,102.5118408203125,128.15882873535156,118.60121154785156,201.42576599121094,201.82711791992188,199.61463928222656,0.4508357346057892,0.4682636260986328,0.5098304152488708,46.215999603271484,60.01211929321289,60.46650314331055,-44.61490249633789,-55.25552749633789,-59.15717315673828,6.182863712310791,19.34285545349121,3.069460391998291,0.9653562307357788,0.920739471912384,0.9783461689949036,5.119688987731934,4.981733322143555,4.017548084259033,nan
0.100,0,102.5118408203125,128.15882873535156,118.60121154785156,201.42576599121094,201.82711791992188,199.61463928222656,0.4508357346057892,0.4682636260986328,0.5098304152488708,46.215999603271484,60.01211929321289,60.46650314331055,-44.61490249633789,-55.25552749633789,-59.15717315673828,6.182863712310791,19.34285545349121,3.069460391998291,0.9653562307357788,0.920739471912384,0.9783461689949036,5.119688987731934,4.981733322143555,4.017548084259033,nan
0.150,0,102.5118408203125,128.15882873535156,118.60121154785156,201.42576599121094,201.82711791992188,199.61463928222656,0.4508357346057892,0.4682636260986328,0.5098304152488708,46.215999603271484,60.01211929321289,60.46650314331055,-44.61490249633789,-55.25552749633789,-59.15717315673828,6.182863712310791,19.34285545349121,3.069460391998291,0.9653562307357788,0.920739471912384,0.9783461689949036,5.119688987731934,4.981733322143555,4.017548084259033,nan
0.200,0,102.5118408203125,128.15882873535156,118.60121154785156,201.42576599121094,201.82711791992188,199.61463928222656,0.4508357346057892,0.4682636260986328,0.5098304152488708,46.215999603271484,60.01211929321289,60.46650314331055,-44.61490249633789,-55.25552749633789,-59.15717315673828,6.182863712310791,19.34285545349121,3.069460391998291,0.9653562307357788,0.920739471912384,0.9783461689949036,5.119688987731934,4.981733322143555,4.017548084259033,nan
0.250,0,102.52027893066406,128.23890686035156,118.59955596923828,201.51246643066406,201.88587951660156,199.6148681640625,0.45723623037338257,0.47964170575141907,0.5163498520851135,46.87598419189453,61.50872802734375,61.23886489868164,-45.23003005981445,-56.73779296875,-59.90644454956055,6.23394250869751,19.25228500366211,2.3716683387756348,0.9648870229721069,0.9224348068237305,0.9782422184944153,5.122631072998047,5.012560844421387,4.019064903259277,nan
0.300,0,102.52027893066406,128.23890686035156,118.59955596923828,201.51246643066406,201.88587951660156,199.6148681640625,0.45723623037338257,0.47964170575141907,0.5163498520851135,46.87598419189453,61.50872802734375,61.23886489868164,-45.23003005981445,-56.73779296875,-59.90644454956055,6.23394250869751,19.25228500366211,2.3716683387756348,0.9648870229721069,0.9224348068237305,0.9782422184944153,5.122631072998047,5.012560844421387,4.019064903259277,nan
0.350,0,102.52027893066406,128.23890686035156,118.59955596923828,201.51246643066406,201.88587951660156,199.6148681640625,0.45723623037338257,0.47964170575141907,0.5163498520851135,46.87598419189453,61.50872802734375,61.23886489868164,-45.23003005981445,-56.73779296875,-59.90644454956055,6.23394250869751,19.25228500366211,2.3716683387756348,0.9648870229721069,0.9224348068237305,0.9782422184944153,5.122631072998047,5.012560844421387,4.019064903259277,nan
0.400,0,102.52027893066406,128.23890686035156,118.59955596923828,201.51246643066406,201.88587951660156,199.6148681640625,0.45723623037338257,0.47964170575141907,0.5163498520851135,46.87598419189453,61.50872802734375,61.23886489868164,-45.23003005981445,-56.73779296875,-59.90644454956055,6.23394250869751,19.25228500366211,2.3716683387756348,0.9648870229721069,0.9224348068237305,0.9782422184944153,5.122631072998047,5.012560844421387,4.019064903259277,nan
0.450,0,102.51118469238281,128.26626586914062,118.5988540649414,201.5360565185547,201.8716278076172,199.6260223388672,0.45891016721725464,0.47531363368034363,0.5134071111679077,47.043426513671875,60.966705322265625,60.889495849609375,-45.441162109375,-56.55385208129883,-59.62862014770508,6.032586097717285,18.61315155029297,2.3483383655548096,0.9659407138824463,0.9276186227798462,0.9792923927307129,5.1038641929626465,4.992269515991211,4.051750659942627,nan
0.500,0,102.51118469238281,128.26626586914062,118.5988540649414,201.5360565185547,201.8716278076172,199.6260223388672,0.45891016721725464,0.47531363368034363,0.5134071111679077,47.043426513671875,60.966705322265625,60.889495849609375,-45.441162109375,-56.55385208129883,-59.62862014770508,6.032586097717285,18.61315155029297,2.3483383655548096,0.9659407138824463,0.9276186227798462,0.9792923927307129,5.1038641929626465,4.992269515991211,4.051750659942627,nan
0.550,0,102.51118469238281,128.26626586914062,118.5988540649414,201.5360565185547,201.8716278076172,199.6260223388672,0.45891016721725464,0.47531363368034363,0.5134071111679077,47.043426513671875,60.966705322265625,60.889495849609375,-45.441162109375,-56.55385208129883,-59.62862014770508,6.032586097717285,18.61315155029297,2.3483383655548096,0.9659407138824463,0.9276186227798462,0.9792923927307129,5.1038641929626465,4.992269515991211,4.051750659942627,nan
0.600,0,102.51118469238281,128.26626586914062,118.5988540649414,201.5360565185547,201.8716278076172,199.6260223388672,0.45891016721725464,0.47531363368034363,0.5134071111679077,47.043426513671875,60.966705322265625,60.889495849609375,-45.441162109375,-56.55385208129883,-59.62862014770508,6.032586097717285,18.61315155029297,2.3483383655548096,0.9659407138824463,0.9276186227798462,0.9792923927307129,5.1038641929626465,4.992269515991211,4.051750659942627,nan
0.650,0,102.48836517333984,128.15748596191406,118.56062316894531,201.39613342285156,201.75221252441406,199.58831787109375,0.45871856808662415,0.4755399227142334,0.5125628113746643,47.0133171081543,60.944000244140625,60.76976776123047,-45.44892501831055,-56.288658142089844,-59.55580520629883,6.954060077667236,19.522132873535156,3.531019449234009,0.9667245149612427,0.9236127734184265,0.9800235629081726,5.091442584991455,4.9465813636779785,4.016913890838623,nan
0.700,0,102.48836517333984,128.15748596191406,118.56062316894531,201.39613342285156,201.75221252441406,199.58831787109375,0.45871856808662415,0.4755399227142334,0.5125628113746643,47.0133171081543,60.944000244140625,60.76976776123047,-45.44892501831055,-56.288658142089844,-59.55580520629883,6.954060077667236,19.522132873535156,3.531019449234009,0.9667245149612427,0.9236127734184265,0.9800235629081726,5.091442584991455,4.9465813636779785,4.016913890838623,nan
0.750,0,102.48836517333984,128.15748596191406,118.56062316894531,201.39613342285156,201.75221252441406,199.58831787109375,0.45871856808662415,0.4755399227142334,0.5125628113746643,47.0133171081543,60.944000244140625,60.76976776123047,-45.44892501831055,-56.288658142089844,-59.55580520629883,6.954060077667236,19.522132873535156,3.531019449234009,0.9667245149612427,0.9236127734184265,0.9800235629081726,5.091442584991455,4.9465813636779785,4.016913890838623,nan
0.800,0,102.48836517333984,128.15748596191406,118.56062316894531,201.39613342285156,201.75221252441406,199.58831787109375,0.45871856808662415,0.4755399227142334,0.5125628113746643,47.0133171081543,60.944000244140625,60.76976776123047,-45.44892501831055,-56.288658142089844,-59.55580520629883,6.954060077667236,19.522132873535156,3.531019449234009,0.9667245149612427,0.9236127734184265,0.9800235629081726,5.091442584991455,4.9465813636779785,4.016913890838623,nan
0.850,0,102.51165008544922,128.20704650878906,118.59305572509766,201.4669647216797,201.84120178222656,199.61962890625,0.461276113986969,0.47961556911468506,0.5177232027053833,47.28617477416992,61.49009704589844,61.39837646484375,-45.63291931152344,-56.7564697265625,-60.1206169128418,6.541841983795166,19.439117431640625,2.968569278717041,0.9650372266769409,0.9230180382728577,0.9791890382766724,5.089707374572754,4.963934898376465,4.0502471923828125,nan
0.900,0,102.51165008544922,128.20704650878906,118.59305572509766,201.4669647216797,201.84120178222656,199.61962890625,0.461276113986969,0.47961556911468506,0.5177232027053833,47.28617477416992,61.49009704589844,61.39837646484375,-45.63291931152344,-56.7564697265625,-60.1206169128418,6.541841983795166,19.439117431640625,2.968569278717041,0.9650372266769409,0.9230180382728577,0.9791890382766724,5.089707374572754,4.963934898376465,4.0502471923828125,nan
0.950,0,102.51165008544922,128.20704650878906,118.59305572509766,201.4669647216797,201.84120178222656,199.61962890625,0.461276113986969,0.47961556911468506,0.5177232027053833,47.28617477416992,61.49009704589844,61.39837646484375,-45.63291931152344,-56.7564697265625,-60.1206169128418,6.541841983795166,19.439117431640625,2.968569278717041,0.9650372266769409,0.9230180382728577,0.9791890382766724,5.089707374572754,4.963934898376465,4.0502471923828125,nan
1.000,0,102.51165008544922,128.20704650878906,118.59305572509766,201.4669647216797,201.84120178222656,199.61962890625,0.461276113986969,0.47961556911468506,0.5177232027053833,47.28617477416992,61.49009704589844,61.39837646484375,-45.63291931152344,-56.7564697265625,-60.1206169128418,6.541841983795166,19.439117431640625,2.968569278717041,0.9650372266769409,0.9230180382728577,0.9791890382766724,5.089707374572754,4.963934898376465,4.0502471923828125,nan
1.050,0,102.51371002197266,128.2194366455078,118.60330200195312,201.48367309570312,201.8621826171875,199.6251220703125,0.45386919379234314,0.47224661707878113,0.5131555795669556,46.52781677246094,60.55119705200195,60.86194610595703,-44.92618179321289,-55.9279899597168,-59.53594970703125,5.896507740020752,18.997007369995117,2.467089891433716,0.9655768275260925,0.923647940158844,0.9782130718231201,5.128603458404541,4.956047058105469,4.061871528625488,nan
1.100,0,102.51371002197266,128.2194366455078,118.60330200195312,201.48367309570312,201.8621826171875,199.6251220703125,0.45386919379234314,0.47224661707878113,0.5131555795669556,46.52781677246094,60.55119705200195,60.86194610595703,-44.92618179321289,-55.9279899597168,-59.53594970703125,5.896507740020752,18.997007369995117,2.467089891433716,0.9655768275260925,0.923647940158844,0.9782130718231201,5.128603458404541,4.956047058105469,4.061871528625488,nan
1.150,0,102.51371002197266,128.2194366455078,118.60330200195312,201.48367309570312,201.8621826171875,199.6251220703125,0.45386919379234314,0.47224661707878113,0.5131555795669556,46.52781677246094,60.55119705200195,60.86194610595703,-44.92618179321289,-55.9279899597168,-59.53594970703125,5.896507740020752,18.997007369995117,2.467089891433716,0.9655768275260925,0.923647940158844,0.9782130718231201,5.128603458404541,4.956047058105469,4.061871528625488,nan
1.200,0,102.51371002197266,128.2194366455078,118.60330200195312,201.48367309570312,201.8621826171875,199.6251220703125,0.45386919379234314,0.47224661707878113,0.5131555795669556,46.52781677246094,60.55119705200195,60.86194610595703,-44.92618179321289,-55.9279899597168,-59.53594970703125,5.896507740020752,18.997007369995117,2.467089891433716,0.9655768275260925,0.923647940158844,0.9782130718231201,5.128603458404541,4.956047058105469,4.061871528625488,nan
1.250,0,102.47095489501953,128.19818115234375,118.57829284667969,201.4328155517578,201.82640075683594,199.56002807617188,0.4543406665325165,0.4733240306377411,0.5111063718795776,46.55672073364258,60.67927932739258,60.60612106323242,-44.89586639404297,-55.9371223449707,-59.36676025390625,6.584699630737305,19.508188247680664,3.1015493869781494,0.9643262028694153,0.9218488335609436,0.9795505404472351,5.16068172454834,4.989320755004883,4.1056623458862305,nan
1.300,0,102.47095489501953,128.19818115234375,118.57829284667969,201.4328155517578,201.82640075683594,199.56002807617188,0.4543406665325165,0.4733240306377411,0.5111063718795776,46.55672073364258,60.67927932739258,60.60612106323242,-44.89586639404297,-55.9371223449707,-59.36676025390625,6.584699630737305,19.508188247680664,3.1015493869781494,0.9643262028694153,0.9218488335609436,0.9795505404472351,5.16068172454834,4.989320755004883,4.1056623458862305,nan
1.350,0,102.47095489501953,128.19818115234375,118.57829284667969,201.4328155517578,201.82640075683594,199.56002807617188,0.4543406665325165,0.4733240306377411,0.5111063718795776,46.55672073364258,60.67927932739258,60.60612106323242,-44.89586639404297,-55.9371223449707,-59.36676025390625,6.584699630737305,19.508188247680664,3.1015493869781494,0.9643262028694153,0.9218488335609436,0.9795505404472351,5.16068172454834,4.989320755004883,4.1056623458862305,nan
1.400,0,102.47095489501953,128.19818115234375,118.57829284667969,201.4328155517578,201.82640075683594,199.56002807617188,0.4543406665325165,0.4733240306377411,0.5111063718795776,46.55672073364258,60.67927932739258,60.60612106323242,-44.89586639404297,-55.9371223449707,-59.36676025390625,6.584699630737305,19.508188247680664,3.1015493869781494,0.9643262028694153,0.9218488335609436,0.9795505404472351,5.16068172454834,4.989320755004883,4.1056623458862305,nan
1.450,0,102.47695922851562,128.20736694335938,118.60896301269531,201.4241485595703,201.8693389892578,199.60386657714844,0.4603939950466156,0.4763180613517761,0.5147331357002258,47.17977523803711,61.06748580932617,61.051963806152344,-45.565582275390625,-56.55070495605469,-59.7228889465332,6.073433876037598,18.605939865112305,2.521503210067749,0.965786337852478,0.9260362386703491,0.9782304167747498,5.172513008117676,4.991889476776123,4.11543083190918,nan
1.500,0,102.47695922851562,128.20736694335938,118.60896301269531,201.4241485595703,201.8693389892578,199.60386657714844,0.4603939950466156,0.4763180613517761,0.5147331357002258,47.17977523803711,61.06748580932617,61.051963806152344,-45.565582275390625,-56.55070495605469,-59.7228889465332,6.073433876037598,18.605939865112305,2.521503210067749,0.965786337852478,0.9260362386703491,0.9782304167747498,5.172513008117676,4.991889476776123,4.11543083190918,nan
1.550,0,102.47695922851562,128.20736694335938,118.60896301269531,201.4241485595703,201.8693389892578,199.60386657714844,0.4603939950466156,0.4763180613517761,0.5147331357002258,47.17977523803711,61.06748580932617,61.051963806152344,-45.565582275390625,-56.55070495605469,-59.7228889465332,6.073433876037598,18.605939865112305,2.521503210067749,0.965786337852478,0.9260362386703491,0.9782304167747498,5.172513008117676,4.991889476776123,4.11543083190918,nan
1.600,0,102.47695922851562,128.20736694335938,118.60896301269531,201.4241485595703,201.8693389892578,199.60386657714844,0.4603939950466156,0.4763180613517761,0.5147331357002258,47.17977523803711,61.06748580932617,61.051963806152344,-45.565582275390625,-56.55070495605469,-59.7228889465332,6.073433876037598,18.605939865112305,2.521503210067749,0.965786337852478,0.9260362386703491,0.9782304167747498,5.172513008117676,4.991889476776123,4.11543083190918,nan
1.650,0,102.46253204345703,128.1116485595703,118.569091796875,201.31777954101562,201.75747680664062,199.5626678466797,0.45513421297073364,0.4689944088459015,0.5087825059890747,46.63420486450195,60.083648681640625,60.32587814331055,-45.0672607421875,-55.63475799560547,-59.09032440185547,6.082734107971191,18.59468650817871,2.8337767124176025,0.9663992524147034,0.925955057144165,0.9795186519622803,5.164783954620361,5.016824245452881,4.161988258361816,nan
1.700,0,102.46253204345703,128.1116485595703,118.569091796875,201.31777954101562,201.75747680664062,199.5626678466797,0.45513421297073364,0.4689944088459015,0.5087825059890747,46.63420486450195,60.083648681640625,60.32587814331055,-45.0672607421875,-55.63475799560547,-59.09032440185547,6.082734107971191,18.59468650817871,2.8337767124176025,0.9663992524147034,0.925955057144165,0.9795186519622803,5.164783954620361,5.016824245452881,4.161988258361816,nan
1.750,0,102.46253204345703,128.1116485595703,118.569091796875,201.31777954101562,201.75747680664062,199.5626678466797,0.45513421297073364,0.4689944088459015,0.5087825059890747,46.63420486450195,60.083648681640625,60.32587814331055,-45.0672607421875,-55.63475799560547,-59.09032440185547,6.082734107971191,18.59468650817871,2.8337767124176025,0.9663992524147034,0.925955057144165,0.9795186519622803,5.164783954620361,5.016824245452881,4.161988258361816,nan
1.800,0,102.46253204345703,128.1116485595703,118.569091796875,201.31777954101562,201.75747680664062,199.5626678466797,0.45513421297073364,0.4689944088459015,0.5087825059890747,46.63420486450195,60.083648681640625,60.32587814331055,-45.0672607421875,-55.63475799560547,-59.09032440185547,6.082734107971191,18.59468650817871,2.8337767124176025,0.9663992524147034,0.925955057144165,0.9795186519622803,5.164783954620361,5.016824245452881,4.161988258361816,nan
1.850,0,102.45816802978516,128.1515350341797,118.58609771728516,201.357421875,201.82342529296875,199.55467224121094,0.45549649000167847,0.47413039207458496,0.5130211114883423,46.669334411621094,60.760536193847656,60.83717346191406,-45.03452682495117,-55.96310043334961,-59.547515869140625,6.625258922576904,19.620418548583984,3.2717437744140625,0.9649704098701477,0.9210435748100281,0.9788014888763428,5.2577385902404785,5.108741283416748,4.180719375610352,nan
1.900,0,102.45816802978516,128.1515350341797,118.58609771728516,201.357421875,201.82342529296875,199.55467224121094,0.45549649000167847,0.47413039207458496,0.5130211114883423,46.669334411621094,60.760536193847656,60.83717346191406,-45.03452682495117,-55.96310043334961,-59.547515869140625,6.625258922576904,19.620418548583984,3.2717437744140625,0.9649704098701477,0.9210435748100281,0.9788014888763428,5.2577385902404785,5.108741283416748,4.180719375610352,nan
1.950,0,102.45816802978516,128.1515350341797,118.58609771728516,201.357421875,201.82342529296875,199.55467224121094,0.45549649000167847,0.47413039207458496,0.5130211114883423,46.669334411621094,60.760536193847656,60.83717346191406,-45.03452682495117,-55.96310043334961,-59.547515869140625,6.625258922576904,19.620418548583984,3.2717437744140625,0.9649704098701477,0.9210435748100281,0.9788014888763428,5.2577385902404785,5.108741283416748,4.180719375610352,nan
2.000,0,102.45816802978516,128.1515350341797,118.58609771728516,201.357421875,201.82342529296875,199.55467224121094,0.45549649000167847,0.47413039207458496,0.5130211114883423,46.669334411621094,60.760536193847656,60.83717346191406,-45.03452682495117,-55.96310043334961,-59.547515869140625,6.625258922576904,19.620418548583984,3.2717437744140625,0.9649704098701477,0.9210435748100281,0.9788014888763428,5.2577385902404785,5.108741283416748,4.180719375610352,nan
2.050,0,102.45545959472656,128.1938934326172,118.6057357788086,201.39984130859375,201.864990234375,199.57078552246094,0.4584895968437195,0.47533491253852844,0.5140232443809509,46.974761962890625,60.93503189086914,60.96610641479492,-45.335208892822266,-56.343326568603516,-59.65109634399414,5.834197521209717,18.532663345336914,2.3158953189849854,0.9650971293449402,0.9246459007263184,0.978430449962616,5.257230281829834,5.150886058807373,4.262349605560303,nan
2.100,0,102.45545959472656,128.1938934326172,118.6057357788086,201.39984130859375,201.864990234375,199.57078552246094,0.4584895968437195,0.47533491253852844,0.5140232443809509,46.974761962890625,60.93503189086914,60.96610641479492,-45.335208892822266,-56.343326568603516,-59.65109634399414,5.834197521209717,18.532663345336914,2.3158953189849854,0.9650971293449402,0.9246459007263184,0.978430449962616,5.257230281829834,5.150886058807373,4.262349605560303,nan
2.150,0,102.45545959472656,128.1938934326172,118.6057357788086,201.39984130859375,201.864990234375,199.57078552246094,0.4584895968437195,0.47533491253852844,0.5140232443809509,46.974761962890625,60.93503189086914,60.96610641479492,-45.335208892822266,-56.343326568603516,-59.65109634399414,5.834197521209717,18.532663345336914,2.3158953189849854,0.9650971293449402,0.9246459007263184,0.978430449962616,5.257230281829834,5.150886058807373,4.262349605560303,nan
2.200,0,102.45545959472656,128.1938934326172,118.6057357788086,201.39984130859375,201.864990234375,199.57078552246094,0.4584895968437195,0.47533491253852844,0.5140232443809509,46.974761962890625,60.93503189086914,60.96610641479492,-45.335208892822266,-56.343326568603516,-59.65109634399414,5.834197521209717,18.532663345336914,2.3158953189849854,0.9650971293449402,0.9246459007263184,0.978430449962616,5.257230281829834,5.150886058807373,4.262349605560303,nan
2.250,0,102.4463882446289,128.20297241210938,118.57572174072266,201.40765380859375,201.81509399414062,199.5504608154297,0.45656755566596985,0.4714447855949402,0.5126814842224121,46.77369689941406,60.44062423706055,60.79157638549805,-45.183753967285156,-55.88438034057617,-59.45915985107422,6.031680583953857,18.83375358581543,2.7784535884857178,0.9660077691078186,0.9246162176132202,0.9780822396278381,5.3069329261779785,5.120364189147949,4.244665622711182,nan
2.300,0,102.4463882446289,128.20297241210938,118.57572174072266,201.40765380859375,201.81509399414062,199.5504608154297,0.45656755566596985,0.4714447855949402,0.5126814842224121,46.77369689941406,60.44062423706055,60.79157638549805,-45.183753967285156,-55.88438034057617,-59.45915985107422,6.031680583953857,18.83375358581543,2.7784535884857178,0.9660077691078186,0.9246162176132202,0.9780822396278381,5.3069329261779785,5.120364189147949,4.244665622711182,nan
2.350,0,102.4463882446289,128.20297241210938,118.57572174072266,201.40765380859375,201.81509399414062,199.5504608154297,0.45656755566596985,0.4714447855949402,0.5126814842224121,46.77369689941406,60.44062423706055,60.79157638549805,-45.183753967285156,-55.88438034057617,-59.45915985107422,6.031680583953857,18.83375358581543,2.7784535884857178,0.9660077691078186,0.9246162176132202,0.9780822396278381,5.3069329261779785,5.120364189147949,4.244665622711182,nan
2.400,0,102.4463882446289,128.20297241210938,118.57572174072266,201.40765380859375,201.81509399414062,199.5504608154297,0.45656755566596985,0.4714447855949402,0.5126814842224121,46.77369689941406,60.44062423706055,60.79157638549805,-45.183753967285156,-55.88438034057617,-59.45915985107422,6.031680583953857,18.83375358581543,2.7784535884857178,0.9660077691078186,0.9246162176132202,0.9780822396278381,5.3069329261779785,5.120364189147949,4.244665622711182,nan
2.450,0,102.44231414794922,128.17481994628906,118.5751724243164,201.35641479492188,201.83360290527344,199.53797912597656,0.46331581473350525,0.479128897190094,0.5191317200660706,47.46314239501953,61.412261962890625,61.55613327026367,-45.770965576171875,-56.49725341796875,-60.24954605102539,6.873409271240234,19.867267608642578,3.730010509490967,0.9643475413322449,0.919966995716095,0.9787740707397461,5.300553798675537,5.234022617340088,4.242362976074219,nan
2.500,0,102.44231414794922,128.17481994628906,118.5751724243164,201.35641479492188,201.83360290527344,199.53797912597656,0.46331581473350525,0.479128897190094,0.5191317200660706,47.46314239501953,61.412261962890625,61.55613327026367,-45.770965576171875,-56.49725341796875,-60.24954605102539,6.873409271240234,19.867267608642578,3.730010509490967,0.9643475413322449,0.919966995716095,0.9787740707397461,5.300553798675537,5.234022617340088,4.242362976074219,nan
2.550,0,102.44231414794922,128.17481994628906,118.5751724243164,201.35641479492188,201.83360290527344,199.53797912597656,0.46331581473350525,0.479128897190094,0.5191317200660706,47.46314239501953,61.412261962890625,61.55613327026367,-45.770965576171875,-56.49725341796875,-60.24954605102539,6.873409271240234,19.867267608642578,3.730010509490967,0.9643475413322449,0.919966995716095,0.9787740707397461,5.300553798675537,5.234022617340088,4.242362976074219,nan
2.600,0,102.44231414794922,128.17481994628906,118.5751724243164,201.35641479492188,201.83360290527344,199.53797912597656,0.46331581473350525,0.479128897190094,0.5191317200660706,47.46314239501953,61.412261962890625,61.55613327026367,-45.770965576171875,-56.49725341796875,-60.24954605102539,6.873409271240234,19.867267608642578,3.730010509490967,0.9643475413322449,0.919966995716095,0.9787740707397461,5.300553798675537,5.234022617340088,4.242362976074219,nan
2.650,0,102.4581069946289,128.15359497070312,118.56927490234375,201.34715270996094,201.80101013183594,199.55621337890625,0.4614138603210449,0.4754278063774109,0.5162265300750732,47.27558898925781,60.92778396606445,61.2086067199707,-45.62063980102539,-56.29929733276367,-59.88053512573242,6.191367149353027,18.951696395874023,2.95863676071167,0.9649935960769653,0.9240332245826721,0.978302538394928,5.223568439483643,5.117413520812988,4.21921968460083,nan
2.700,0,102.4581069946289,128.15359497070312,118.56927490234375,201.34715270996094,201.80101013183594,199.55621337890625,0.4614138603210449,0.4754278063774109,0.5162265300750732,47.27558898925781,60.92778396606445,61.2086067199707,-45.62063980102539,-56.29929733276367,-59.88053512573242,6.191367149353027,18.951696395874023,2.95863676071167,0.9649935960769653,0.9240332245826721,0.978302538394928,5.223568439483643,5.117413520812988,4.21921968460083,nan
2.750,0,102.4581069946289,128.15359497070312,118.56927490234375,201.34715270996094,201.80101013183594,199.55621337890625,0.4614138603210449,0.4754278063774109,0.5162265300750732,47.27558898925781,60.92778396606445,61.2086067199707,-45.62063980102539,-56.29929733276367,-59.88053512573242,6.191367149353027,18.951696395874023,2.95863676071167,0.9649935960769653,0.9240332245826721,0.978302538394928,5.223568439483643,5.117413520812988,4.21921968460083,nan
2.800,0,102.4581069946289,128.15359497070312,118.56927490234375,201.34715270996094,201.80101013183594,199.55621337890625,0.4614138603210449,0.4754278063774109,0.5162265300750732,47.27558898925781,60.92778396606445,61.2086067199707,-45.62063980102539,-56.29929733276367,-59.88053512573242,6.191367149353027,18.951696395874023,2.95863676071167,0.9649935960769653,0.9240332245826721,0.978302538394928,5.223568439483643,5.117413520812988,4.21921968460083,nan
2.850,0,102.39630889892578,128.1259002685547,118.52118682861328,201.2787628173828,201.72557067871094,199.4598388671875,0.4500468969345093,0.4673728048801422,0.5083321332931519,46.0831413269043,59.88256072998047,60.24812698364258,-44.632991790771484,-55.404815673828125,-59.06462860107422,5.931662559509277,18.889616012573242,2.6737172603607178,0.9685319066047668,0.9252245426177979,0.9803562760353088,5.193967819213867,5.112486362457275,4.173354625701904,nan
2.900,0,102.39630889892578,128.1259002685547,118.52118682861328,201.2787628173828,201.72557067871094,199.4598388671875,0.4500468969345093,0.4673728048801422,0.5083321332931519,46.0831413269043,59.88256072998047,60.24812698364258,-44.632991790771484,-55.404815673828125,-59.06462860107422,5.931662559509277,18.889616012573242,2.6737172603607178,0.9685319066047668,0.9252245426177979,0.9803562760353088,5.193967819213867,5.112486362457275,4.173354625701904,nan
2.950,0,102.39630889892578,128.1259002685547,118.52118682861328,201.2787628173828,201.72557067871094,199.4598388671875,0.4500468969345093,0.4673728048801422,0.5083321332931519,46.0831413269043,59.88256072998047,60.24812698364258,-44.632991790771484,-55.404815673828125,-59.06462860107422,5.931662559509277,18.889616012573242,2.6737172603607178,0.9685319066047668,0.9252245426177979,0.9803562760353088,5.193967819213867,5.112486362457275,4.173354625701904,nan
3.000,0,102.39630889892578,128.1259002685547,118.52118682861328,201.2787628173828,201.72557067871094,199.4598388671875,0.4500468969345093,0.4673728048801422,0.5083321332931519,46.0831413269043,59.88256072998047,60.24812698364258,-44.632991790771484,-55.404815673828125,-59.06462860107422,5.931662559509277,18.889616012573242,2.6737172603607178,0.9685319066047668,0.9252245426177979,0.9803562760353088,5.193967819213867,5.112486362457275,4.173354625701904,nan
3.050,0,102.45845794677734,128.20309448242188,118.56501007080078,201.4220428466797,201.8211669921875,199.53932189941406,0.4592655897140503,0.477592408657074,0.514552891254425,47.05564498901367,61.228824615478516,61.00796890258789,-45.395809173583984,-56.612125396728516,-59.705867767333984,6.505613327026367,19.190673828125,2.8086869716644287,0.9647260904312134,0.9245992302894592,0.9786568880081177,5.221616268157959,5.100561618804932,4.1729044914245605,nan
3.100,0,102.45845794677734,128.20309448242188,118.56501007080078,201.4220428466797,201.8211669921875,199.53932189941406,0.4592655897140503,0.477592408657074,0.514552891254425,47.05564498901367,61.228824615478516,61.00796890258789,-45.395809173583984,-56.612125396728516,-59.705867767333984,6.505613327026367,19.190673828125,2.8086869716644287,0.9647260904312134,0.9245992302894592,0.9786568880081177,5.221616268157959,5.100561618804932,4.1729044914245605,nan
3.150,0,102.45845794677734,128.20309448242188,118.56501007080078,201.4220428466797,201.8211669921875,199.53932189941406,0.4592655897140503,0.477592408657074,0.514552891254425,47.05564498901367,61.228824615478516,61.00796890258789,-45.395809173583984,-56.612125396728516,-59.705867767333984,6.505613327026367,19.190673828125,2.8086869716644287,0.9647260904312134,0.9245992302894592,0.9786568880081177,5.221616268157959,5.100561618804932,4.1729044914245605,nan
3.200,0,102.45845794677734,128.20309448242188,118.56501007080078,201.4220428466797,201.8211669921875,199.53932189941406,0.4592655897140503,0.477592408657074,0.514552891254425,47.05564498901367,61.228824615478516,61.00796890258789,-45.395809173583984,-56.612125396728516,-59.705867767333984,6.505613327026367,19.190673828125,2.8086869716644287,0.9647260904312134,0.9245992302894592,0.9786568880081177,5.221616268157959,5.100561618804932,4.1729044914245605,nan
3.250,0,102.50619506835938,128.23797607421875,118.61260986328125,201.48873901367188,201.8932647705078,199.62554931640625,0.4614957869052887,0.4763932526111603,0.5167622566223145,47.30617904663086,61.091705322265625,61.29452133178711,-45.622589111328125,-56.430870056152344,-59.92982864379883,5.918737411499023,18.69108009338379,2.5844829082489014,0.9644107818603516,0.9237075448036194,0.9777354598045349,5.180760860443115,5.087886810302734,4.175631999969482,nan
3.300,0,102.50619506835938,128.23797607421875,118.61260986328125,201.48873901367188,201.8932647705078,199.62554931640625,0.4614957869052887,0.4763932526111603,0.5167622566223145,47.30617904663086,61.091705322265625,61.29452133178711,-45.622589111328125,-56.430870056152344,-59.92982864379883,5.918737411499023,18.69108009338379,2.5844829082489014,0.9644107818603516,0.9237075448036194,0.9777354598045349,5.180760860443115,5.087886810302734,4.175631999969482,nan
3.350,0,102.50619506835938,128.23797607421875,118.61260986328125,201.48873901367188,201.8932647705078,199.62554931640625,0.4614957869052887,0.4763932526111603,0.5167622566223145,47.30617904663086,61.091705322265625,61.29452133178711,-45.622589111328125,-56.430870056152344,-59.92982864379883,5.918737411499023,18.69108009338379,2.5844829082489014,0.9644107818603516,0.9237075448036194,0.9777354598045349,5.180760860443115,5.087886810302734,4.175631999969482,nan
3.400,0,102.50619506835938,128.23797607421875,118.61260986328125,201.48873901367188,201.8932647705078,199.62554931640625,0.4614957869052887,0.4763932526111603,0.5167622566223145,47.30617904663086,61.091705322265625,61.29452133178711,-45.622589111328125,-56.430870056152344,-59.92982864379883,5.918737411499023,18.69108009338379,2.5844829082489014,0.9644107818603516,0.9237075448036194,0.9777354598045349,5.180760860443115,5.087886810302734,4.175631999969482,nan
3.450,0,102.45924377441406,128.147216796875,118.56767272949219,201.35548400878906,201.82968139648438,199.52224731445312,0.45145347714424133,0.46529343724250793,0.5088412165641785,46.25558090209961,59.626060485839844,60.33211898803711,-44.6999397277832,-54.926700592041016,-59.0636100769043,6.16318416595459,19.259462356567383,3.4407949447631836,0.966368556022644,0.9211861491203308,0.9789745807647705,5.262767791748047,5.158791542053223,4.191844940185547,nan
3.500,0,102.45924377441406,128.147216796875,118.56767272949219,201.35548400878906,201.82968139648438,199.52224731445312,0.45145347714424133,0.46529343724250793,0.5088412165641785,46.25558090209961,59.626060485839844,60.33211898803711,-44.6999397277832,-54.926700592041016,-59.0636100769043,6.16318416595459,19.259462356567383,3.4407949447631836,0.966368556022644,0.9211861491203308,0.9789745807647705,5.262767791748047,5.158791542053223,4.191844940185547,nan
3.550,0,102.45924377441406,128.147216796875,118.56767272949219,201.35548400878906,201.82968139648438,199.52224731445312,0.45145347714424133,0.46529343724250793,0.5088412165641785,46.25558090209961,59.626060485839844,60.33211898803711,-44.6999397277832,-54.926700592041016,-59.0636100769043,6.16318416595459,19.259462356567383,3.4407949447631836,0.966368556022644,0.9211861491203308,0.9789745807647705,5.262767791748047,5.158791542053223,4.191844940185547,nan
3.600,0,102.45924377441406,128.147216796875,118.56767272949219,201.35548400878906,201.82968139648438,199.52224731445312,0.45145347714424133,0.46529343724250793,0.5088412165641785,46.25558090209961,59.626060485839844,60.33211898803711,-44.6999397277832,-54.926700592041016,-59.0636100769043,6.16318416595459,19.259462356567383,3.4407949447631836,0.966368556022644,0.9211861491203308,0.9789745807647705,5.262767791748047,5.158791542053223,4.191844940185547,nan
3.650,0,102.47332763671875,128.19642639160156,118.62146759033203,201.40293884277344,201.9009246826172,199.59913635253906,0.4574841856956482,0.4741407036781311,0.5151805281639099,46.87992858886719,60.78314208984375,61.11146926879883,-45.28422927856445,-56.12467575073242,-59.79320526123047,6.169621467590332,19.155059814453125,2.9060800075531006,0.9659619927406311,0.923359215259552,0.9784285426139832,5.222517013549805,5.1699419021606445,4.190310955047607,nan
3.700,0,102.47332763671875,128.19642639160156,118.62146759033203,201.40293884277344,201.9009246826172,199.59913635253906,0.4574841856956482,0.4741407036781311,0.5151805281639099,46.87992858886719,60.78314208984375,61.11146926879883,-45.28422927856445,-56.12467575073242,-59.79320526123047,6.169621467590332,19.155059814453125,2.9060800075531006,0.9659619927406311,0.923359215259552,0.9784285426139832,5.222517013549805,5.1699419021606445,4.190310955047607,nan
3.750,0,102.47332763671875,128.19642639160156,118.62146759033203,201.40293884277344,201.9009246826172,199.59913635253906,0.4574841856956482,0.4741407036781311,0.5151805281639099,46.87992858886719,60.78314208984375,61.11146926879883,-45.28422927856445,-56.12467575073242,-59.79320526123047,6.169621467590332,19.155059814453125,2.9060800075531006,0.9659619927406311,0.923359215259552,0.9784285426139832,5.222517013549805,5.1699419021606445,4.190310955047607,nan
3.800,0,102.47332763671875,128.19642639160156,118.62146759033203,201.40293884277344,201.9009246826172,199.59913635253906,0.4574841856956482,0.4741407036781311,0.5151805281639099,46.87992858886719,60.78314208984375,61.11146926879883,-45.28422927856445,-56.12467575073242,-59.79320526123047,6.169621467590332,19.155059814453125,2.9060800075531006,0.9659619927406311,0.923359215259552,0.9784285426139832,5.222517013549805,5.1699419021606445,4.190310955047607,nan
3.850,0,102.48239135742188,128.25328063964844,118.63731384277344,201.47486877441406,201.9402618408203,199.62405395507812,0.4587595462799072,0.4719157814979553,0.5118898749351501,47.014774322509766,60.52474594116211,60.72924041748047,-45.431514739990234,-56.14333724975586,-59.474021911621094,5.585502624511719,18.093473434448242,2.25313663482666,0.9663242101669312,0.9276096224784851,0.9793308973312378,5.22792911529541,5.1296281814575195,4.191322326660156,nan
3.900,0,102.48239135742188,128.25328063964844,118.63731384277344,201.47486877441406,201.9402618408203,199.62405395507812,0.4587595462799072,0.4719157814979553,0.5118898749351501,47.014774322509766,60.52474594116211,60.72924041748047,-45.431514739990234,-56.14333724975586,-59.474021911621094,5.585502624511719,18.093473434448242,2.25313663482666,0.9663242101669312,0.9276096224784851,0.9793308973312378,5.22792911529541,5.1296281814575195,4.191322326660156,nan
3.950,0,102.48239135742188,128.25328063964844,118.63731384277344,201.47486877441406,201.9402618408203,199.62405395507812,0.4587595462799072,0.4719157814979553,0.5118898749351501,47.014774322509766,60.52474594116211,60.72924041748047,-45.431514739990234,-56.14333724975586,-59.474021911621094,5.585502624511719,18.093473434448242,2.25313663482666,0.9663242101669312,0.9276096224784851,0.9793308973312378,5.22792911529541,5.1296281814575195,4.191322326660156,nan
4.000,0,102.48239135742188,128.25328063964844,118.63731384277344,201.47486877441406,201.9402618408203,199.62405395507812,0.4587595462799072,0.4719157814979553,0.5118898749351501,47.014774322509766,60.52474594116211,60.72924041748047,-45.431514739990234,-56.14333724975586,-59.474021911621094,5.585502624511719,18.093473434448242,2.25313663482666,0.9663242101669312,0.9276096224784851,0.9793308973312378,5.22792911529541,5.1296281814575195,4.191322326660156,nan
4.050,0,102.48760223388672,128.2333526611328,118.61803436279297,201.47842407226562,201.8845977783203,199.61253356933594,0.45828261971473694,0.47208675742149353,0.5120304822921753,46.96828842163086,60.53726577758789,60.73604965209961,-45.45115280151367,-55.8964729309082,-59.50320816040039,6.843136310577393,19.494060516357422,3.823382616043091,0.9676987528800964,0.9233399033546448,0.9797016382217407,5.232805252075195,5.156627655029297,4.177213668823242,nan
4.100,0,102.48760223388672,128.2333526611328,118.61803436279297,201.47842407226562,201.8845977783203,199.61253356933594,0.45828261971473694,0.47208675742149353,0.5120304822921753,46.96828842163086,60.53726577758789,60.73604965209961,-45.45115280151367,-55.8964729309082,-59.50320816040039,6.843136310577393,19.494060516357422,3.823382616043091,0.9676987528800964,0.9233399033546448,0.9797016382217407,5.232805252075195,5.156627655029297,4.177213668823242,nan
4.150,0,102.48760223388672,128.2333526611328,118.61803436279297,201.47842407226562,201.8845977783203,199.61253356933594,0.45828261971473694,0.47208675742149353,0.5120304822921753,46.96828842163086,60.53726577758789,60.73604965209961,-45.45115280151367,-55.8964729309082,-59.50320816040039,6.843136310577393,19.494060516357422,3.823382616043091,0.9676987528800964,0.9233399033546448,0.9797016382217407,5.232805252075195,5.156627655029297,4.177213668823242,nan
4.200,0,102.48760223388672,128.2333526611328,118.61803436279297,201.47842407226562,201.8845977783203,199.61253356933594,0.45828261971473694,0.47208675742149353,0.5120304822921753,46.96828842163086,60.53726577758789,60.73604965209961,-45.45115280151367,-55.8964729309082,-59.50320816040039,6.843136310577393,19.494060516357422,3.823382616043091,0.9676987528800964,0.9233399033546448,0.9797016382217407,5.232805252075195,5.156627655029297,4.177213668823242,nan
4.250,0,102.54476165771484,128.27593994140625,118.67965698242188,201.53919982910156,202.00177001953125,199.71994018554688,0.4619126319885254,0.4783775210380554,0.5196296572685242,47.366722106933594,61.36432647705078,61.66946792602539,-45.776031494140625,-56.58218002319336,-60.420188903808594,6.547621250152588,19.70938491821289,3.379635810852051,0.9664175510406494,0.9220696091651917,0.9797423481941223,5.214465618133545,5.117798328399658,4.179112434387207,nan
4.300,0,102.54476165771484,128.27593994140625,118.67965698242188,201.53919982910156,202.00177001953125,199.71994018554688,0.4619126319885254,0.4783775210380554,0.5196296572685242,47.366722106933594,61.36432647705078,61.66946792602539,-45.776031494140625,-56.58218002319336,-60.420188903808594,6.547621250152588,19.70938491821289,3.379635810852051,0.9664175510406494,0.9220696091651917,0.9797423481941223,5.214465618133545,5.117798328399658,4.179112434387207,nan
4.350,0,102.54476165771484,128.27593994140625,118.67965698242188,201.53919982910156,202.00177001953125,199.71994018554688,0.4619126319885254,0.4783775210380554,0.5196296572685242,47.366722106933594,61.36432647705078,61.66946792602539,-45.776031494140625,-56.58218002319336,-60.420188903808594,6.547621250152588,19.70938491821289,3.379635810852051,0.9664175510406494,0.9220696091651917,0.9797423481941223,5.214465618133545,5.117798328399658,4.179112434387207,nan
4.400,0,102.54476165771484,128.27593994140625,118.67965698242188,201.53919982910156,202.00177001953125,199.71994018554688,0.4619126319885254,0.4783775210380554,0.5196296572685242,47.366722106933594,61.36432647705078,61.66946792602539,-45.776031494140625,-56.58218002319336,-60.420188903808594,6.547621250152588,19.70938491821289,3.379635810852051,0.9664175510406494,0.9220696091651917,0.9797423481941223,5.214465618133545,5.117798328399658,4.179112434387207,nan
4.450,0,102.49130249023438,128.22454833984375,118.61125946044922,201.46539306640625,201.90553283691406,199.59349060058594,0.4551639258861542,0.47142449021339417,0.5124581456184387,46.65034484863281,60.44819259643555,60.78330612182617,-45.025150299072266,-55.82957077026367,-59.4697265625,5.994324684143066,18.9616756439209,2.7393798828125,0.9651622176170349,0.9235936999320984,0.9783891439437866,5.21507453918457,5.109945297241211,4.167886734008789,nan
4.500,0,102.49130249023438,128.22454833984375,118.61125946044922,201.46539306640625,201.90553283691406,199.59349060058594,0.4551639258861542,0.47142449021339417,0.5124581456184387,46.65034484863281,60.44819259643555,60.78330612182617,-45.025150299072266,-55.82957077026367,-59.4697265625,5.994324684143066,18.9616756439209,2.7393798828125,0.9651622176170349,0.9235936999320984,0.9783891439437866,5.21507453918457,5.109945297241211,4.167886734008789,nan
4.550,0,102.49130249023438,128.22454833984375,118.61125946044922,201.46539306640625,201.90553283691406,199.59349060058594,0.4551639258861542,0.47142449021339417,0.5124581456184387,46.65034484863281,60.44819259643555,60.78330612182617,-45.025150299072266,-55.82957077026367,-59.4697265625,5.994324684143066,18.9616756439209,2.7393798828125,0.9651622176170349,0.9235936999320984,0.9783891439437866,5.21507453918457,5.109945297241211,4.167886734008789,nan
4.600,0,102.49130249023438,128.22454833984375,118.61125946044922,201.46539306640625,201.90553283691406,199.59349060058594,0.4551639258861542,0.47142449021339417,0.5124581456184387,46.65034484863281,60.44819259643555,60.78330612182617,-45.025150299072266,-55.82957077026367,-59.4697265625,5.994324684143066,18.9616756439209,2.7393798828125,0.9651622176170349,0.9235936999320984,0.9783891439437866,5.21507453918457,5.109945297241211,4.167886734008789,nan
4.650,0,102.46259307861328,128.18490600585938,118.58100128173828,201.39898681640625,201.8258056640625,199.56138610839844,0.4525890648365021,0.4726259708404541,0.5112054944038391,46.37344741821289,60.58351516723633,60.619258880615234,-44.79909896850586,-55.80318832397461,-59.375484466552734,6.554372787475586,19.63454818725586,3.158010244369507,0.9660506248474121,0.9210952520370483,0.9794821739196777,5.192508697509766,5.090765476226807,4.166266918182373,nan
4.700,0,102.46259307861328,128.18490600585938,118.58100128173828,201.39898681640625,201.8258056640625,199.56138610839844,0.4525890648365021,0.4726259708404541,0.5112054944038391,46.37344741821289,60.58351516723633,60.619258880615234,-44.79909896850586,-55.80318832397461,-59.375484466552734,6.554372787475586,19.63454818725586,3.158010244369507,0.9660506248474121,0.9210952520370483,0.9794821739196777,5.192508697509766,5.090765476226807,4.166266918182373,nan
4.750,0,102.46259307861328,128.18490600585938,118.58100128173828,201.39898681640625,201.8258056640625,199.56138610839844,0.4525890648365021,0.4726259708404541,0.5112054944038391,46.37344741821289,60.58351516723633,60.619258880615234,-44.79909896850586,-55.80318832397461,-59.375484466552734,6.554372787475586,19.63454818725586,3.158010244369507,0.9660506248474121,0.9210952520370483,0.9794821739196777,5.192508697509766,5.090765476226807,4.166266918182373,nan
4.800,0,102.46259307861328,128.18490600585938,118.58100128173828,201.39898681640625,201.8258056640625,199.56138610839844,0.4525890648365021,0.4726259708404541,0.5112054944038391,46.37344741821289,60.58351516723633,60.619258880615234,-44.79909896850586,-55.80318832397461,-59.375484466552734,6.554372787475586,19.63454818725586,3.158010244369507,0.9660506248474121,0.9210952520370483,0.9794821739196777,5.192508697509766,5.090765476226807,4.166266918182373,nan
4.850,0,102.507080078125,128.24916076660156,118.6047592163086,201.50535583496094,201.89205932617188,199.6171417236328,0.45830038189888,0.4751847982406616,0.5152500867843628,46.979034423828125,60.94205093383789,61.11111068725586,-45.3982048034668,-56.45574951171875,-59.82060241699219,5.818426132202148,18.6562442779541,2.284830331802368,0.9663503170013428,0.9263841509819031,0.9788826107978821,5.182267189025879,5.095391750335693,4.155465126037598,nan
4.900,0,102.507080078125,128.24916076660156,118.6047592163086,201.50535583496094,201.89205932617188,199.6171417236328,0.45830038189888,0.4751847982406616,0.5152500867843628,46.979034423828125,60.94205093383789,61.11111068725586,-45.3982048034668,-56.45574951171875,-59.82060241699219,5.818426132202148,18.6562442779541,2.284830331802368,0.9663503170013428,0.9263841509819031,0.9788826107978821,5.182267189025879,5.095391750335693,4.155465126037598,nan
4.950,0,102.507080078125,128.24916076660156,118.6047592163086,201.50535583496094,201.89205932617188,199.6171417236328,0.45830038189888,0.4751847982406616,0.5152500867843628,46.979034423828125,60.94205093383789,61.11111068725586,-45.3982048034668,-56.45574951171875,-59.82060241699219,5.818426132202148,18.6562442779541,2.284830331802368,0.9663503170013428,0.9263841509819031,0.9788826107978821,5.182267189025879,5.095391750335693,4.155465126037598,nan
5.000,0,102.507080078125,128.24916076660156,118.6047592163086,201.50535583496094,201.89205932617188,199.6171417236328,0.45830038189888,0.4751847982406616,0.5152500867843628,46.979034423828125,60.94205093383789,61.11111068725586,-45.3982048034668,-56.45574951171875,-59.82060241699219,5.818426132202148,18.6562442779541,2.284830331802368,0.9663503170013428,0.9263841509819031,0.9788826107978821,5.182267189025879,5.095391750335693,4.155465126037598,nan
5.050,0,102.49131774902344,128.1985626220703,118.55864715576172,201.44451904296875,201.81858825683594,199.55892944335938,0.45604923367500305,0.4704200327396393,0.5112348198890686,46.741085052490234,60.30717086791992,60.61130905151367,-45.05544662475586,-55.68646240234375,-59.261940002441406,5.8759379386901855,18.651418685913086,2.6575849056243896,0.9639366865158081,0.923380434513092,0.9777373671531677,5.216362953186035,5.11417818069458,4.158326625823975,nan
5.100,0,102.49131774902344,128.1985626220703,118.55864715576172,201.44451904296875,201.81858825683594,199.55892944335938,0.45604923367500305,0.4704200327396393,0.5112348198890686,46.741085052490234,60.30717086791992,60.61130905151367,-45.05544662475586,-55.68646240234375,-59.261940002441406,5.8759379386901855,18.651418685913086,2.6575849056243896,0.9639366865158081,0.923380434513092,0.9777373671531677,5.216362953186035,5.11417818069458,4.158326625823975,nan
5.150,0,102.49131774902344,128.1985626220703,118.55864715576172,201.44451904296875,201.81858825683594,199.55892944335938,0.45604923367500305,0.4704200327396393,0.5112348198890686,46.741085052490234,60.30717086791992,60.61130905151367,-45.05544662475586,-55.68646240234375,-59.261940002441406,5.8759379386901855,18.651418685913086,2.6575849056243896,0.9639366865158081,0.923380434513092,0.9777373671531677,5.216362953186035,5.11417818069458,4.158326625823975,nan
5.200,0,102.49131774902344,128.1985626220703,118.55864715576172,201.44451904296875,201.81858825683594,199.55892944335938,0.45604923367500305,0.4704200327396393,0.5112348198890686,46.741085052490234,60.30717086791992,60.61130905151367,-45.05544662475586,-55.68646240234375,-59.261940002441406,5.8759379386901855,18.651418685913086,2.6575849056243896,0.9639366865158081,0.923380434513092,0.9777373671531677,5.216362953186035,5.11417818069458,4.158326625823975,nan
5.250,0,102.49923706054688,128.1836395263672,118.5587387084961,201.44882202148438,201.82418823242188,199.5452880859375,0.45561903715133667,0.4731236398220062,0.5132946372032166,46.70060348510742,60.64670944213867,60.85556411743164,-45.10316848754883,-55.83263397216797,-59.62106704711914,6.798117637634277,19.938573837280273,3.6805453300476074,0.9657941460609436,0.9206209778785706,0.9797143340110779,5.224244594573975,5.144895076751709,4.158295154571533,nan
5.300,0,102.49923706054688,128.1836395263672,118.5587387084961,201.44882202148438,201.82418823242188,199.5452880859375,0.45561903715133667,0.4731236398220062,0.5132946372032166,46.70060348510742,60.64670944213867,60.85556411743164,-45.10316848754883,-55.83263397216797,-59.62106704711914,6.798117637634277,19.938573837280273,3.6805453300476074,0.9657941460609436,0.9206209778785706,0.9797143340110779,5.224244594573975,5.144895076751709,4.158295154571533,nan
5.350,0,102.49923706054688,128.1836395263672,118.5587387084961,201.44882202148438,201.82418823242188,199.5452880859375,0.45561903715133667,0.4731236398220062,0.5132946372032166,46.70060348510742,60.64670944213867,60.85556411743164,-45.10316848754883,-55.83263397216797,-59.62106704711914,6.798117637634277,19.938573837280273,3.6805453300476074,0.9657941460609436,0.9206209778785706,0.9797143340110779,5.224244594573975,5.144895076751709,4.158295154571533,nan
5.400,0,102.49923706054688,128.1836395263672,118.5587387084961,201.44882202148438,201.82418823242188,199.5452880859375,0.45561903715133667,0.4731236398220062,0.5132946372032166,46.70060348510742,60.64670944213867,60.85556411743164,-45.10316848754883,-55.83263397216797,-59.62106704711914,6.798117637634277,19.938573837280273,3.6805453300476074,0.9657941460609436,0.9206209778785706,0.9797143340110779,5.224244594573975,5.144895076751709,4.158295154571533,nan
5.450,0,102.49901580810547,128.23782348632812,118.59419250488281,201.496826171875,201.89857482910156,199.5777130126953,0.45565953850746155,0.4742615818977356,0.5148736238479614,46.704654693603516,60.81827163696289,61.06101989746094,-45.1792106628418,-56.2130126953125,-59.751277923583984,5.737730979919434,18.800079345703125,2.306293249130249,0.967338502407074,0.9242783784866333,0.9785502552986145,5.203303337097168,5.105086326599121,4.167024612426758,nan
5.500,0,102.49901580810547,128.23782348632812,118.59419250488281,201.496826171875,201.89857482910156,199.5777130126953,0.45565953850746155,0.4742615818977356,0.5148736238479614,46.704654693603516,60.81827163696289,61.06101989746094,-45.1792106628418,-56.2130126953125,-59.751277923583984,5.737730979919434,18.800079345703125,2.306293249130249,0.967338502407074,0.9242783784866333,0.9785502552986145,5.203303337097168,5.105086326599121,4.167024612426758,nan
5.550,0,102.49901580810547,128.23782348632812,118.59419250488281,201.496826171875,201.89857482910156,199.5777130126953,0.45565953850746155,0.4742615818977356,0.5148736238479614,46.704654693603516,60.81827163696289,61.06101989746094,-45.1792106628418,-56.2130126953125,-59.751277923583984,5.737730979919434,18.800079345703125,2.306293249130249,0.967338502407074,0.9242783784866333,0.9785502552986145,5.203303337097168,5.105086326599121,4.167024612426758,nan
5.600,0,102.49901580810547,128.23782348632812,118.59419250488281,201.496826171875,201.89857482910156,199.5777130126953,0.45565953850746155,0.4742615818977356,0.5148736238479614,46.704654693603516,60.81827163696289,61.06101989746094,-45.1792106628418,-56.2130126953125,-59.751277923583984,5.737730979919434,18.800079345703125,2.306293249130249,0.967338502407074,0.9242783784866333,0.9785502552986145,5.203303337097168,5.105086326599121,4.167024612426758,nan
5.650,0,102.4662094116211,128.22862243652344,118.56822204589844,201.45887756347656,201.82662963867188,199.55340576171875,0.4552106559276581,0.4713996946811676,0.5089920163154602,46.64371109008789,60.44693374633789,60.350276947021484,-44.9310188293457,-55.83778762817383,-58.96866226196289,6.101780414581299,18.606245040893555,2.5840344429016113,0.9632813930511475,0.9237489104270935,0.9771067500114441,5.207261085510254,5.164682388305664,4.158005237579346,nan
5.700,0,102.4662094116211,128.22862243652344,118.56822204589844,201.45887756347656,201.82662963867188,199.55340576171875,0.4552106559276581,0.4713996946811676,0.5089920163154602,46.64371109008789,60.44693374633789,60.350276947021484,-44.9310188293457,-55.83778762817383,-58.96866226196289,6.101780414581299,18.606245040893555,2.5840344429016113,0.9632813930511475,0.9237489104270935,0.9771067500114441,5.207261085510254,5.164682388305664,4.158005237579346,nan
5.750,0,102.4662094116211,128.22862243652344,118.56822204589844,201.45887756347656,201.82662963867188,199.55340576171875,0.4552106559276581,0.4713996946811676,0.5089920163154602,46.64371109008789,60.44693374633789,60.350276947021484,-44.9310188293457,-55.83778762817383,-58.96866226196289,6.101780414581299,18.606245040893555,2.5840344429016113,0.9632813930511475,0.9237489104270935,0.9771067500114441,5.207261085510254,5.164682388305664,4.158005237579346,nan
5.800,0,102.4662094116211,128.22862243652344,118.56822204589844,201.45887756347656,201.82662963867188,199.55340576171875,0.4552106559276581,0.4713996946811676,0.5089920163154602,46.64371109008789,60.44693374633789,60.350276947021484,-44.9310188293457,-55.83778762817383,-58.96866226196289,6.101780414581299,18.606245040893555,2.5840344429016113,0.9632813930511475,0.9237489104270935,0.9771067500114441,5.207261085510254,5.164682388305664,4.158005237579346,nan
5.850,0,102.52915954589844,128.27935791015625,118.61884307861328,201.5600128173828,201.93753051757812,199.63636779785156,0.46134740114212036,0.47842729091644287,0.5181729793548584,47.30155944824219,61.372344970703125,61.46508026123047,-45.76393508911133,-56.639739990234375,-60.21184539794922,6.67672061920166,19.648666381835938,3.389695644378662,0.9674931764602661,0.9228870272636414,0.9796106219291687,5.204437732696533,5.154743194580078,4.192790985107422,nan
5.900,0,102.52915954589844,128.27935791015625,118.61884307861328,201.5600128173828,201.93753051757812,199.63636779785156,0.46134740114212036,0.47842729091644287,0.5181729793548584,47.30155944824219,61.372344970703125,61.46508026123047,-45.76393508911133,-56.639739990234375,-60.21184539794922,6.67672061920166,19.648666381835938,3.389695644378662,0.9674931764602661,0.9228870272636414,0.9796106219291687,5.204437732696533,5.154743194580078,4.192790985107422,nan
5.950,0,102.52915954589844,128.27935791015625,118.61884307861328,201.5600128173828,201.93753051757812,199.63636779785156,0.46134740114212036,0.47842729091644287,0.5181729793548584,47.30155944824219,61.372344970703125,61.46508026123047,-45.76393508911133,-56.639739990234375,-60.21184539794922,6.67672061920166,19.648666381835938,3.389695644378662,0.9674931764602661,0.9228870272636414,0.9796106219291687,5.204437732696533,5.154743194580078,4.192790985107422,nan
6.000,0,102.52915954589844,128.27935791015625,118.61884307861328,201.5600128173828,201.93753051757812,199.63636779785156,0.46134740114212036,0.47842729091644287,0.5181729793548584,47.30155944824219,61.372344970703125,61.46508026123047,-45.76393508911133,-56.639739990234375,-60.21184539794922,6.67672061920166,19.648666381835938,3.389695644378662,0.9674931764602661,0.9228870272636414,0.9796106219291687,5.204437732696533,5.154743194580078,4.192790985107422,nan
6.050,0,102.52977752685547,128.27667236328125,118.61724853515625,201.54600524902344,201.94625854492188,199.6372833251953,0.45773977041244507,0.4757867753505707,0.5168913006782532,46.93195724487305,61.032344818115234,61.312225341796875,-45.41728973388672,-56.3959846496582,-60.13111114501953,6.20452356338501,19.4414005279541,2.8963003158569336,0.9677262902259827,0.9240343570709229,0.9807360768318176,5.243041515350342,5.167105674743652,4.16878080368042,nan
6.100,0,102.52977752685547,128.27667236328125,118.61724853515625,201.54600524902344,201.94625854492188,199.6372833251953,0.45773977041244507,0.4757867753505707,0.5168913006782532,46.93195724487305,61.032344818115234,61.312225341796875,-45.41728973388672,-56.3959846496582,-60.13111114501953,6.20452356338501,19.4414005279541,2.8963003158569336,0.9677262902259827,0.9240343570709229,0.9807360768318176,5.243041515350342,5.167105674743652,4.16878080368042,nan
6.150,0,102.52977752685547,128.27667236328125,118.61724853515625,201.54600524902344,201.94625854492188,199.6372833251953,0.45773977041244507,0.4757867753505707,0.5168913006782532,46.93195724487305,61.032344818115234,61.312225341796875,-45.41728973388672,-56.3959846496582,-60.13111114501953,6.20452356338501,19.4414005279541,2.8963003158569336,0.9677262902259827,0.9240343570709229,0.9807360768318176,5.243041515350342,5.167105674743652,4.16878080368042,nan
6.200,0,102.52977752685547,128.27667236328125,118.61724853515625,201.54600524902344,201.94625854492188,199.6372833251953,0.45773977041244507,0.4757867753505707,0.5168913006782532,46.93195724487305,61.032344818115234,61.312225341796875,-45.41728973388672,-56.3959846496582,-60.13111114501953,6.20452356338501,19.4414005279541,2.8963003158569336,0.9677262902259827,0.9240343570709229,0.9807360768318176,5.243041515350342,5.167105674743652,4.16878080368042,nan
6.250,0,102.4714126586914,128.19688415527344,118.550537109375,201.42398071289062,201.82986450195312,199.52305603027344,0.45301365852355957,0.4695320129394531,0.5111213326454163,46.42094802856445,60.19253921508789,60.59370803833008,-44.72658157348633,-55.37316131591797,-59.21050262451172,6.128154277801514,19.25422477722168,3.030339479446411,0.9634999632835388,0.9199339747428894,0.9771724343299866,5.260137557983398,5.193387031555176,4.182442665100098,nan
6.300,0,102.4714126586914,128.19688415527344,118.550537109375,201.42398071289062,201.82986450195312,199.52305603027344,0.45301365852355957,0.4695320129394531,0.5111213326454163,46.42094802856445,60.19253921508789,60.59370803833008,-44.72658157348633,-55.37316131591797,-59.21050262451172,6.128154277801514,19.25422477722168,3.030339479446411,0.9634999632835388,0.9199339747428894,0.9771724343299866,5.260137557983398,5.193387031555176,4.182442665100098,nan
6.350,0,102.4714126586914,128.19688415527344,118.550537109375,201.42398071289062,201.82986450195312,199.52305603027344,0.45301365852355957,0.4695320129394531,0.5111213326454163,46.42094802856445,60.19253921508789,60.59370803833008,-44.72658157348633,-55.37316131591797,-59.21050262451172,6.128154277801514,19.25422477722168,3.030339479446411,0.9634999632835388,0.9199339747428894,0.9771724343299866,5.260137557983398,5.193387031555176,4.182442665100098,nan
6.400,0,102.4714126586914,128.19688415527344,118.550537109375,201.42398071289062,201.82986450195312,199.52305603027344,0.45301365852355957,0.4695320129394531,0.5111213326454163,46.42094802856445,60.19253921508789,60.59370803833008,-44.72658157348633,-55.37316131591797,-59.21050262451172,6.128154277801514,19.25422477722168,3.030339479446411,0.9634999632835388,0.9199339747428894,0.9771724343299866,5.260137557983398,5.193387031555176,4.182442665100098,nan
6.450,0,102.46044158935547,128.2353057861328,118.60901641845703,201.43539428710938,201.9143524169922,199.57460021972656,0.4556671380996704,0.4746689200401306,0.5150259137153625,46.6878547668457,60.86931228637695,61.08671569824219,-45.26765823364258,-56.302085876464844,-59.955318450927734,6.170218467712402,19.335899353027344,2.7990055084228516,0.9695810079574585,0.9249666929244995,0.9814788103103638,5.280473232269287,5.217001438140869,4.1598286628723145,nan
6.500,0,102.46044158935547,128.2353057861328,118.60901641845703,201.43539428710938,201.9143524169922,199.57460021972656,0.4556671380996704,0.4746689200401306,0.5150259137153625,46.6878547668457,60.86931228637695,61.08671569824219,-45.26765823364258,-56.302085876464844,-59.955318450927734,6.170218467712402,19.335899353027344,2.7990055084228516,0.9695810079574585,0.9249666929244995,0.9814788103103638,5.280473232269287,5.217001438140869,4.1598286628723145,nan
6.550,0,102.46044158935547,128.2353057861328,118.60901641845703,201.43539428710938,201.9143524169922,199.57460021972656,0.4556671380996704,0.4746689200401306,0.5150259137153625,46.6878547668457,60.86931228637695,61.08671569824219,-45.26765823364258,-56.302085876464844,-59.955318450927734,6.170218467712402,19.335899353027344,2.7990055084228516,0.9695810079574585,0.9249666929244995,0.9814788103103638,5.280473232269287,5.217001438140869,4.1598286628723145,nan
6.600,0,102.46044158935547,128.2353057861328,118.60901641845703,201.43539428710938,201.9143524169922,199.57460021972656,0.4556671380996704,0.4746689200401306,0.5150259137153625,46.6878547668457,60.86931228637695,61.08671569824219,-45.26765823364258,-56.302085876464844,-59.955318450927734,6.170218467712402,19.335899353027344,2.7990055084228516,0.9695810079574585,0.9249666929244995,0.9814788103103638,5.280473232269287,5.217001438140869,4.1598286628723145,nan
6.650,0,102.47181701660156,128.22857666015625,118.58271789550781,201.42796325683594,201.874267578125,199.57972717285156,0.45908620953559875,0.47454094886779785,0.5145041346549988,47.043399810791016,60.849708557128906,61.01129913330078,-45.51642990112305,-56.45752716064453,-59.737449645996094,5.827492713928223,18.45914649963379,2.3305163383483887,0.9675412774085999,0.9278191924095154,0.9791210889816284,5.231226444244385,5.189416408538818,4.148331642150879,nan
6.700,0,102.47181701660156,128.22857666015625,118.58271789550781,201.42796325683594,201.874267578125,199.57972717285156,0.45908620953559875,0.47454094886779785,0.5145041346549988,47.043399810791016,60.849708557128906,61.01129913330078,-45.51642990112305,-56.45752716064453,-59.737449645996094,5.827492713928223,18.45914649963379,2.3305163383483887,0.9675412774085999,0.9278191924095154,0.9791210889816284,5.231226444244385,5.189416408538818,4.148331642150879,nan
6.750,0,102.47181701660156,128.22857666015625,118.58271789550781,201.42796325683594,201.874267578125,199.57972717285156,0.45908620953559875,0.47454094886779785,0.5145041346549988,47.043399810791016,60.849708557128906,61.01129913330078,-45.51642990112305,-56.45752716064453,-59.737449645996094,5.827492713928223,18.45914649963379,2.3305163383483887,0.9675412774085999,0.9278191924095154,0.9791210889816284,5.231226444244385,5.189416408538818,4.148331642150879,nan
6.800,0,102.47181701660156,128.22857666015625,118.58271789550781,201.42796325683594,201.874267578125,199.57972717285156,0.45908620953559875,0.47454094886779785,0.5145041346549988,47.043399810791016,60.849708557128906,61.01129913330078,-45.51642990112305,-56.45752716064453,-59.737449645996094,5.827492713928223,18.45914649963379,2.3305163383483887,0.9675412774085999,0.9278191924095154,0.9791210889816284,5.231226444244385,5.189416408538818,4.148331642150879,nan
6.850,0,102.45941162109375,128.17514038085938,118.5235824584961,201.37010192871094,201.78875732421875,199.50814819335938,0.455013245344162,0.4702436327934265,0.5098752379417419,46.62038803100586,60.27354431152344,60.4322395324707,-44.956695556640625,-55.525577545166016,-59.050777435302734,6.178744792938232,18.855173110961914,3.0212340354919434,0.9643140435218811,0.9212263822555542,0.9771403074264526,5.252430438995361,5.198071479797363,4.1360764503479,nan
6.900,0,102.45941162109375,128.17514038085938,118.5235824584961,201.37010192871094,201.78875732421875,199.50814819335938,0.455013245344162,0.4702436327934265,0.5098752379417419,46.62038803100586,60.27354431152344,60.4322395324707,-44.956695556640625,-55.525577545166016,-59.050777435302734,6.178744792938232,18.855173110961914,3.0212340354919434,0.9643140435218811,0.9212263822555542,0.9771403074264526,5.252430438995361,5.198071479797363,4.1360764503479,nan
6.950,0,102.45941162109375,128.17514038085938,118.5235824584961,201.37010192871094,201.78875732421875,199.50814819335938,0.455013245344162,0.4702436327934265,0.5098752379417419,46.62038803100586,60.27354431152344,60.4322395324707,-44.956695556640625,-55.525577545166016,-59.050777435302734,6.178744792938232,18.855173110961914,3.0212340354919434,0.9643140435218811,0.9212263822555542,0.9771403074264526,5.252430438995361,5.198071479797363,4.1360764503479,nan
7.000,0,102.45941162109375,128.17514038085938,118.5235824584961,201.37010192871094,201.78875732421875,199.50814819335938,0.455013245344162,0.4702436327934265,0.5098752379417419,46.62038803100586,60.27354431152344,60.4322395324707,-44.956695556640625,-55.525577545166016,-59.050777435302734,6.178744792938232,18.855173110961914,3.0212340354919434,0.9643140435218811,0.9212263822555542,0.9771403074264526,5.252430438995361,5.198071479797363,4.1360764503479,nan
7.050,0,102.47935485839844,128.19175720214844,118.55326080322266,201.4220733642578,201.84461975097656,199.52569580078125,0.4587089419364929,0.4757675230503082,0.5176560282707214,47.00819778442383,60.98947525024414,61.36981201171875,-45.44343948364258,-56.2614631652832,-60.07740020751953,6.268692493438721,19.462099075317383,3.073598623275757,0.9667130708694458,0.9224782586097717,0.9789406061172485,5.2212958335876465,5.1692938804626465,4.131893634796143,nan
7.100,0,102.47935485839844,128.19175720214844,118.55326080322266,201.4220733642578,201.84461975097656,199.52569580078125,0.4587089419364929,0.4757675230503082,0.5176560282707214,47.00819778442383,60.98947525024414,61.36981201171875,-45.44343948364258,-56.2614631652832,-60.07740020751953,6.268692493438721,19.462099075317383,3.073598623275757,0.9667130708694458,0.9224782586097717,0.9789406061172485,5.2212958335876465,5.1692938804626465,4.131893634796143,nan
7.150,0,102.47935485839844,128.19175720214844,118.55326080322266,201.4220733642578,201.84461975097656,199.52569580078125,0.4587089419364929,0.4757675230503082,0.5176560282707214,47.00819778442383,60.98947525024414,61.36981201171875,-45.44343948364258,-56.2614631652832,-60.07740020751953,6.268692493438721,19.462099075317383,3.073598623275757,0.9667130708694458,0.9224782586097717,0.9789406061172485,5.2212958335876465,5.1692938804626465,4.131893634796143,nan
7.200,0,102.47935485839844,128.19175720214844,118.55326080322266,201.4220733642578,201.84461975097656,199.52569580078125,0.4587089419364929,0.4757675230503082,0.5176560282707214,47.00819778442383,60.98947525024414,61.36981201171875,-45.44343948364258,-56.2614631652832,-60.07740020751953,6.268692493438721,19.462099075317383,3.073598623275757,0.9667130708694458,0.9224782586097717,0.9789406061172485,5.2212958335876465,5.1692938804626465,4.131893634796143,nan
7.250,0,102.45882415771484,128.2139434814453,118.54112243652344,201.42324829101562,201.83950805664062,199.5055694580078,0.4531221091747284,0.47306695580482483,0.5140177011489868,46.42635726928711,60.653778076171875,60.93223571777344,-44.917415618896484,-56.0764045715332,-59.65646743774414,5.672767639160156,18.88762092590332,2.1691763401031494,0.9674981832504272,0.9245327711105347,0.9790624976158142,5.23466157913208,5.151796340942383,4.105594158172607,nan
7.300,0,102.45882415771484,128.2139434814453,118.54112243652344,201.42324829101562,201.83950805664062,199.5055694580078,0.4531221091747284,0.47306695580482483,0.5140177011489868,46.42635726928711,60.653778076171875,60.93223571777344,-44.917415618896484,-56.0764045715332,-59.65646743774414,5.672767639160156,18.88762092590332,2.1691763401031494,0.9674981832504272,0.9245327711105347,0.9790624976158142,5.23466157913208,5.151796340942383,4.105594158172607,nan
7.350,0,102.45882415771484,128.2139434814453,118.54112243652344,201.42324829101562,201.83950805664062,199.5055694580078,0.4531221091747284,0.47306695580482483,0.5140177011489868,46.42635726928711,60.653778076171875,60.93223571777344,-44.917415618896484,-56.0764045715332,-59.65646743774414,5.672767639160156,18.88762092590332,2.1691763401031494,0.9674981832504272,0.9245327711105347,0.9790624976158142,5.23466157913208,5.151796340942383,4.105594158172607,nan
7.400,0,102.45882415771484,128.2139434814453,118.54112243652344,201.42324829101562,201.83950805664062,199.5055694580078,0.4531221091747284,0.47306695580482483,0.5140177011489868,46.42635726928711,60.653778076171875,60.93223571777344,-44.917415618896484,-56.0764045715332,-59.65646743774414,5.672767639160156,18.88762092590332,2.1691763401031494,0.9674981832504272,0.9245327711105347,0.9790624976158142,5.23466157913208,5.151796340942383,4.105594158172607,nan
7.450,0,102.4271240234375,128.22164916992188,118.51254272460938,201.42367553710938,201.80540466308594,199.4470672607422,0.45462197065353394,0.4724647104740143,0.5107452273368835,46.56562042236328,60.580204010009766,60.52971649169922,-44.8127555847168,-55.75462341308594,-59.1796875,6.388710975646973,19.28565216064453,2.9964637756347656,0.9623571038246155,0.9203439354896545,0.977696418762207,5.199838161468506,5.140161514282227,4.0901899337768555,nan
7.500,0,102.4271240234375,128.22164916992188,118.51254272460938,201.42367553710938,201.80540466308594,199.4470672607422,0.45462197065353394,0.4724647104740143,0.5107452273368835,46.56562042236328,60.580204010009766,60.52971649169922,-44.8127555847168,-55.75462341308594,-59.1796875,6.388710975646973,19.28565216064453,2.9964637756347656,0.9623571038246155,0.9203439354896545,0.977696418762207,5.199838161468506,5.140161514282227,4.0901899337768555,nan
7.550,0,102.4271240234375,128.22164916992188,118.51254272460938,201.42367553710938,201.80540466308594,199.4470672607422,0.45462197065353394,0.4724647104740143,0.5107452273368835,46.56562042236328,60.580204010009766,60.52971649169922,-44.8127555847168,-55.75462341308594,-59.1796875,6.388710975646973,19.28565216064453,2.9964637756347656,0.9623571038246155,0.9203439354896545,0.977696418762207,5.199838161468506,5.140161514282227,4.0901899337768555,nan
7.600,0,102.4271240234375,128.22164916992188,118.51254272460938,201.42367553710938,201.80540466308594,199.4470672607422,0.45462197065353394,0.4724647104740143,0.5107452273368835,46.56562042236328,60.580204010009766,60.52971649169922,-44.8127555847168,-55.75462341308594,-59.1796875,6.388710975646973,19.28565216064453,2.9964637756347656,0.9623571038246155,0.9203439354896545,0.977696418762207,5.199838161468506,5.140161514282227,4.0901899337768555,nan
7.650,0,102.4898910522461,128.2459259033203,118.58970642089844,201.4755859375,201.88040161132812,199.59658813476562,0.46134114265441895,0.4761515259742737,0.5180224776268005,47.28280258178711,61.06449508666992,61.432132720947266,-45.88261413574219,-56.60102462768555,-60.2558479309082,6.202132225036621,19.107574462890625,3.0071051120758057,0.9703869223594666,0.926905632019043,0.9808523058891296,5.136804103851318,5.074326515197754,4.050261974334717,nan
7.700,0,102.4898910522461,128.2459259033203,118.58970642089844,201.4755859375,201.88040161132812,199.59658813476562,0.46134114265441895,0.4761515259742737,0.5180224776268005,47.28280258178711,61.06449508666992,61.432132720947266,-45.88261413574219,-56.60102462768555,-60.2558479309082,6.202132225036621,19.107574462890625,3.0071051120758057,0.9703869223594666,0.926905632019043,0.9808523058891296,5.136804103851318,5.074326515197754,4.050261974334717,nan
7.750,0,102.4898910522461,128.2459259033203,118.58970642089844,201.4755859375,201.88040161132812,199.59658813476562,0.46134114265441895,0.4761515259742737,0.5180224776268005,47.28280258178711,61.06449508666992,61.432132720947266,-45.88261413574219,-56.60102462768555,-60.2558479309082,6.202132225036621,19.107574462890625,3.0071051120758057,0.9703869223594666,0.926905632019043,0.9808523058891296,5.136804103851318,5.074326515197754,4.050261974334717,nan
7.800,0,102.48147583007812,128.2316436767578,118.5688705444336,201.44517517089844,201.86900329589844,199.56787109375,0.4577454924583435,0.4748159945011139,0.516315221786499,46.91043472290039,60.886436462402344,61.21891403198242,-45.311553955078125,-56.146995544433594,-59.94095230102539,6.169345378875732,19.34125328063965,2.9428060054779053,0.9659163355827332,0.9221593141555786,0.9791247248649597,5.160959243774414,5.106107711791992,4.07157564163208,nan
7.850,0,102.48147583007812,128.2316436767578,118.5688705444336,201.44517517089844,201.86900329589844,199.56787109375,0.4577454924583435,0.4748159945011139,0.516315221786499,46.91043472290039,60.886436462402344,61.21891403198242,-45.311553955078125,-56.146995544433594,-59.94095230102539,6.169345378875732,19.34125328063965,2.9428060054779053,0.9659163355827332,0.9221593141555786,0.9791247248649597,5.160959243774414,5.106107711791992,4.07157564163208,nan
7.900,0,102.48147583007812,128.2316436767578,118.5688705444336,201.44517517089844,201.86900329589844,199.56787109375,0.4577454924583435,0.4748159945011139,0.516315221786499,46.91043472290039,60.886436462402344,61.21891403198242,-45.311553955078125,-56.146995544433594,-59.94095230102539,6.169345378875732,19.34125328063965,2.9428060054779053,0.9659163355827332,0.9221593141555786,0.9791247248649597,5.160959243774414,5.106107711791992,4.07157564163208,nan
7.950,0,102.48147583007812,128.2316436767578,118.5688705444336,201.44517517089844,201.86900329589844,199.56787109375,0.4577454924583435,0.4748159945011139,0.516315221786499,46.91043472290039,60.886436462402344,61.21891403198242,-45.311553955078125,-56.146995544433594,-59.94095230102539,6.169345378875732,19.34125328063965,2.9428060054779053,0.9659163355827332,0.9221593141555786,0.9791247248649597,5.160959243774414,5.106107711791992,4.07157564163208,nan
8.000,0,102.48455810546875,128.2435302734375,118.55390167236328,201.48890686035156,201.87701416015625,199.52406311035156,0.45458823442459106,0.47308623790740967,0.5132827162742615,46.58827590942383,60.670249938964844,60.85166931152344,-44.91477584838867,-55.73509979248047,-59.55678176879883,6.598862171173096,19.882869720458984,3.454530715942383,0.964078962802887,0.9186561703681946,0.9787206053733826,5.2007036209106445,5.127129077911377,4.103273391723633,nan
8.050,0,102.48455810546875,128.2435302734375,118.55390167236328,201.48890686035156,201.87701416015625,199.52406311035156,0.45458823442459106,0.47308623790740967,0.5132827162742615,46.58827590942383,60.670249938964844,60.85166931152344,-44.91477584838867,-55.73509979248047,-59.55678176879883,6.598862171173096,19.882869720458984,3.454530715942383,0.964078962802887,0.9186561703681946,0.9787206053733826,5.2007036209106445,5.127129077911377,4.103273391723633,nan
8.100,0,102.48455810546875,128.2435302734375,118.55390167236328,201.48890686035156,201.87701416015625,199.52406311035156,0.45458823442459106,0.47308623790740967,0.5132827162742615,46.58827590942383,60.670249938964844,60.85166931152344,-44.91477584838867,-55.73509979248047,-59.55678176879883,6.598862171173096,19.882869720458984,3.454530715942383,0.964078962802887,0.9186561703681946,0.9787206053733826,5.2007036209106445,5.127129077911377,4.103273391723633,nan
8.150,0,102.48455810546875,128.2435302734375,118.55390167236328,201.48890686035156,201.87701416015625,199.52406311035156,0.45458823442459106,0.47308623790740967,0.5132827162742615,46.58827590942383,60.670249938964844,60.85166931152344,-44.91477584838867,-55.73509979248047,-59.55678176879883,6.598862171173096,19.882869720458984,3.454530715942383,0.964078962802887,0.9186561703681946,0.9787206053733826,5.2007036209106445,5.127129077911377,4.103273391723633,nan
8.200,0,102.49778747558594,128.281005859375,118.5986328125,201.53341674804688,201.94297790527344,199.57908630371094,0.45545244216918945,0.474656879901886,0.5156584978103638,46.68286895751953,60.889461517333984,61.15639114379883,-45.285911560058594,-56.36733627319336,-60.00307083129883,5.884307861328125,19.08930206298828,2.483642578125,0.9700756072998047,0.9257321953773499,0.9811414480209351,5.188407897949219,5.117982864379883,4.109556198120117,nan
8.250,0,102.49778747558594,128.281005859375,118.5986328125,201.53341674804688,201.94297790527344,199.57908630371094,0.45545244216918945,0.474656879901886,0.5156584978103638,46.68286895751953,60.889461517333984,61.15639114379883,-45.285911560058594,-56.36733627319336,-60.00307083129883,5.884307861328125,19.08930206298828,2.483642578125,0.9700756072998047,0.9257321953773499,0.9811414480209351,5.188407897949219,5.117982864379883,4.109556198120117,nan
8.300,0,102.49778747558594,128.281005859375,118.5986328125,201.53341674804688,201.94297790527344,199.57908630371094,0.45545244216918945,0.474656879901886,0.5156584978103638,46.68286895751953,60.889461517333984,61.15639114379883,-45.285911560058594,-56.36733627319336,-60.00307083129883,5.884307861328125,19.08930206298828,2.483642578125,0.9700756072998047,0.9257321953773499,0.9811414480209351,5.188407897949219,5.117982864379883,4.109556198120117,nan
8.350,0,102.49778747558594,128.281005859375,118.5986328125,201.53341674804688,201.94297790527344,199.57908630371094,0.45545244216918945,0.474656879901886,0.5156584978103638,46.68286895751953,60.889461517333984,61.15639114379883,-45.285911560058594,-56.36733627319336,-60.00307083129883,5.884307861328125,19.08930206298828,2.483642578125,0.9700756072998047,0.9257321953773499,0.9811414480209351,5.188407897949219,5.117982864379883,4.109556198120117,nan
8.400,0,102.46820068359375,128.273681640625,118.57380676269531,201.4954376220703,201.90069580078125,199.5448760986328,0.4524877071380615,0.47026899456977844,0.5111720561981201,46.3656005859375,60.32313537597656,60.61161804199219,-44.82243347167969,-55.83189392089844,-59.31356430053711,5.525341033935547,18.525541305541992,2.076645851135254,0.9667174220085144,0.9255469441413879,0.9785840511322021,5.199652671813965,5.122008323669434,4.083445072174072,nan
8.450,0,102.46820068359375,128.273681640625,118.57380676269531,201.4954376220703,201.90069580078125,199.5448760986328,0.4524877071380615,0.47026899456977844,0.5111720561981201,46.3656005859375,60.32313537597656,60.61161804199219,-44.82243347167969,-55.83189392089844,-59.31356430053711,5.525341033935547,18.525541305541992,2.076645851135254,0.9667174220085144,0.9255469441413879,0.9785840511322021,5.199652671813965,5.122008323669434,4.083445072174072,nan
8.500,0,102.46820068359375,128.273681640625,118.57380676269531,201.4954376220703,201.90069580078125,199.5448760986328,0.4524877071380615,0.47026899456977844,0.5111720561981201,46.3656005859375,60.32313537597656,60.61161804199219,-44.82243347167969,-55.83189392089844,-59.31356430053711,5.525341033935547,18.525541305541992,2.076645851135254,0.9667174220085144,0.9255469441413879,0.9785840511322021,5.199652671813965,5.122008323669434,4.083445072174072,nan
8.550,0,102.46820068359375,128.273681640625,118.57380676269531,201.4954376220703,201.90069580078125,199.5448760986328,0.4524877071380615,0.47026899456977844,0.5111720561981201,46.3656005859375,60.32313537597656,60.61161804199219,-44.82243347167969,-55.83189392089844,-59.31356430053711,5.525341033935547,18.525541305541992,2.076645851135254,0.9667174220085144,0.9255469441413879,0.9785840511322021,5.199652671813965,5.122008323669434,4.083445072174072,nan
8.600,0,102.51325988769531,128.21824645996094,118.5548095703125,201.48583984375,201.83583068847656,199.5688018798828,0.45736590027809143,0.4751903712749481,0.5134414434432983,46.886070251464844,60.928077697753906,60.87095260620117,-45.191261291503906,-56.072086334228516,-59.53263854980469,6.667023181915283,19.550716400146484,3.315227508544922,0.96385258436203,0.9202995896339417,0.9780139327049255,5.143365859985352,5.112922191619873,4.095242977142334,nan
8.650,0,102.51325988769531,128.21824645996094,118.5548095703125,201.48583984375,201.83583068847656,199.5688018798828,0.45736590027809143,0.4751903712749481,0.5134414434432983,46.886070251464844,60.928077697753906,60.87095260620117,-45.191261291503906,-56.072086334228516,-59.53263854980469,6.667023181915283,19.550716400146484,3.315227508544922,0.96385258436203,0.9202995896339417,0.9780139327049255,5.143365859985352,5.112922191619873,4.095242977142334,nan
8.700,0,102.51325988769531,128.21824645996094,118.5548095703125,201.48583984375,201.83583068847656,199.5688018798828,0.45736590027809143,0.4751903712749481,0.5134414434432983,46.886070251464844,60.928077697753906,60.87095260620117,-45.191261291503906,-56.072086334228516,-59.53263854980469,6.667023181915283,19.550716400146484,3.315227508544922,0.96385258436203,0.9202995896339417,0.9780139327049255,5.143365859985352,5.112922191619873,4.095242977142334,nan
8.750,0,102.51325988769531,128.21824645996094,118.5548095703125,201.48583984375,201.83583068847656,199.5688018798828,0.45736590027809143,0.4751903712749481,0.5134414434432983,46.886070251464844,60.928077697753906,60.87095260620117,-45.191261291503906,-56.072086334228516,-59.53263854980469,6.667023181915283,19.550716400146484,3.315227508544922,0.96385258436203,0.9202995896339417,0.9780139327049255,5.143365859985352,5.112922191619873,4.095242977142334,nan
8.800,0,102.53388214111328,128.21084594726562,118.56317901611328,201.4993896484375,201.82659912109375,199.5996856689453,0.4567154049873352,0.4729400873184204,0.5136244297027588,46.82880401611328,60.63604736328125,60.89694595336914,-45.389060974121094,-56.199947357177734,-59.70943069458008,5.96721076965332,18.83587074279785,2.6260249614715576,0.9692552089691162,0.9268405437469482,0.9804995656013489,5.143365859985352,5.112922191619873,4.095242977142334,nan
8.850,0,102.53388214111328,128.21084594726562,118.56317901611328,201.4993896484375,201.82659912109375,199.5996856689453,0.4567154049873352,0.4729400873184204,0.5136244297027588,46.82880401611328,60.63604736328125,60.89694595336914,-45.389060974121094,-56.199947357177734,-59.70943069458008,5.96721076965332,18.83587074279785,2.6260249614715576,0.9692552089691162,0.9268405437469482,0.9804995656013489,5.143038749694824,5.066391944885254,4.0524468421936035,nan
8.900,0,102.53388214111328,128.21084594726562,118.56317901611328,201.4993896484375,201.82659912109375,199.5996856689453,0.4567154049873352,0.4729400873184204,0.5136244297027588,46.82880401611328,60.63604736328125,60.89694595336914,-45.389060974121094,-56.199947357177734,-59.70943069458008,5.96721076965332,18.83587074279785,2.6260249614715576,0.9692552089691162,0.9268405437469482,0.9804995656013489,5.143038749694824,5.066391944885254,4.0524468421936035,nan
8.950,0,102.53388214111328,128.21084594726562,118.56317901611328,201.4993896484375,201.82659912109375,199.5996856689453,0.4567154049873352,0.4729400873184204,0.5136244297027588,46.82880401611328,60.63604736328125,60.89694595336914,-45.389060974121094,-56.199947357177734,-59.70943069458008,5.96721076965332,18.83587074279785,2.6260249614715576,0.9692552089691162,0.9268405437469482,0.9804995656013489,5.143038749694824,5.066391944885254,4.0524468421936035,nan
9.000,0,102.49896240234375,128.2326202392578,118.56536865234375,201.48423767089844,201.87144470214844,199.55813598632812,0.44974276423454285,0.4695814549922943,0.5105175971984863,46.098167419433594,60.215660095214844,60.52970886230469,-44.55242156982422,-55.54105758666992,-59.23399353027344,5.917757034301758,19.147104263305664,2.5529398918151855,0.9664683938026428,0.9223690032958984,0.9785937070846558,5.173666954040527,5.113255023956299,4.050246238708496,nan
9.050,0,102.49896240234375,128.2326202392578,118.56536865234375,201.48423767089844,201.87144470214844,199.55813598632812,0.44974276423454285,0.4695814549922943,0.5105175971984863,46.098167419433594,60.215660095214844,60.52970886230469,-44.55242156982422,-55.54105758666992,-59.23399353027344,5.917757034301758,19.147104263305664,2.5529398918151855,0.9664683938026428,0.9223690032958984,0.9785937070846558,5.173666954040527,5.113255023956299,4.050246238708496,nan
9.100,0,102.49896240234375,128.2326202392578,118.56536865234375,201.48423767089844,201.87144470214844,199.55813598632812,0.44974276423454285,0.4695814549922943,0.5105175971984863,46.098167419433594,60.215660095214844,60.52970886230469,-44.55242156982422,-55.54105758666992,-59.23399353027344,5.917757034301758,19.147104263305664,2.5529398918151855,0.9664683938026428,0.9223690032958984,0.9785937070846558,5.173666954040527,5.113255023956299,4.050246238708496,nan
9.150,0,102.49896240234375,128.2326202392578,118.56536865234375,201.48423767089844,201.87144470214844,199.55813598632812,0.44974276423454285,0.4695814549922943,0.5105175971984863,46.098167419433594,60.215660095214844,60.52970886230469,-44.55242156982422,-55.54105758666992,-59.23399353027344,5.917757034301758,19.147104263305664,2.5529398918151855,0.9664683938026428,0.9223690032958984,0.9785937070846558,5.173666954040527,5.113255023956299,4.050246238708496,nan
9.200,0,102.51408386230469,128.28140258789062,118.55970001220703,201.5534210205078,201.892822265625,199.5643768310547,0.45701438188552856,0.47624674439430237,0.5139377117156982,46.85041046142578,61.09360122680664,60.93230056762695,-45.13327407836914,-56.244667053222656,-59.607688903808594,6.450966835021973,19.45245361328125,2.946889877319336,0.9633485078811646,0.9206310510635376,0.9782609343528748,5.184092998504639,5.09722900390625,4.051809787750244,nan
9.250,0,102.51408386230469,128.28140258789062,118.55970001220703,201.5534210205078,201.892822265625,199.5643768310547,0.45701438188552856,0.47624674439430237,0.5139377117156982,46.85041046142578,61.09360122680664,60.93230056762695,-45.13327407836914,-56.244667053222656,-59.607688903808594,6.450966835021973,19.45245361328125,2.946889877319336,0.9633485078811646,0.9206310510635376,0.9782609343528748,5.184092998504639,5.09722900390625,4.051809787750244,nan
9.300,0,102.51408386230469,128.28140258789062,118.55970001220703,201.5534210205078,201.892822265625,199.5643768310547,0.45701438188552856,0.47624674439430237,0.5139377117156982,46.85041046142578,61.09360122680664,60.93230056762695,-45.13327407836914,-56.244667053222656,-59.607688903808594,6.450966835021973,19.45245361328125,2.946889877319336,0.9633485078811646,0.9206310510635376,0.9782609343528748,5.184092998504639,5.09722900390625,4.051809787750244,nan
9.350,0,102.51408386230469,128.28140258789062,118.55970001220703,201.5534210205078,201.892822265625,199.5643768310547,0.45701438188552856,0.47624674439430237,0.5139377117156982,46.85041046142578,61.09360122680664,60.93230056762695,-45.13327407836914,-56.244667053222656,-59.607688903808594,6.450966835021973,19.45245361328125,2.946889877319336,0.9633485078811646,0.9206310510635376,0.9782609343528748,5.184092998504639,5.09722900390625,4.051809787750244,nan
9.400,0,102.52839660644531,128.30543518066406,118.60015869140625,201.58328247070312,201.93560791015625,199.6245880126953,0.4601421654224396,0.4752694070339203,0.5174850821495056,47.17763900756836,60.97964859008789,61.37381362915039,-45.6885871887207,-56.53098678588867,-60.118064880371094,5.8392744064331055,18.79743003845215,2.5288379192352295,0.9684373140335083,0.9270467758178711,0.9795393347740173,5.212308883666992,5.114724636077881,4.055907726287842,nan
9.450,2,102.52839660644531,128.30543518066406,118.60015869140625,201.58328247070312,201.93560791015625,199.6245880126953,0.4601421654224396,0.4752694070339203,0.5174850821495056,47.17763900756836,60.97964859008789,61.37381362915039,-45.6885871887207,-56.53098678588867,-60.118064880371094,5.8392744064331055,18.79743003845215,2.5288379192352295,0.9684373140335083,0.9270467758178711,0.9795393347740173,5.212308883666992,5.114724636077881,4.055907726287842,nan
9.500,2,102.52839660644531,128.30543518066406,118.60015869140625,201.58328247070312,201.93560791015625,199.6245880126953,0.4601421654224396,0.4752694070339203,0.5174850821495056,47.17763900756836,60.97964859008789,61.37381362915039,-45.6885871887207,-56.53098678588867,-60.118064880371094,5.8392744064331055,18.79743003845215,2.5288379192352295,0.9684373140335083,0.9270467758178711,0.9795393347740173,5.212308883666992,5.114724636077881,4.055907726287842,nan
9.550,2,102.52839660644531,128.30543518066406,118.60015869140625,201.58328247070312,201.93560791015625,199.6245880126953,0.4601421654224396,0.4752694070339203,0.5174850821495056,47.17763900756836,60.97964859008789,61.37381362915039,-45.6885871887207,-56.53098678588867,-60.118064880371094,5.8392744064331055,18.79743003845215,2.5288379192352295,0.9684373140335083,0.9270467758178711,0.9795393347740173,5.212308883666992,5.114724636077881,4.055907726287842,nan
9.600,2,102.5107421875,128.2284393310547,118.55387878417969,201.48133850097656,201.8242645263672,199.58840942382812,0.4565526843070984,0.47277402877807617,0.5126463770866394,46.80155563354492,60.623077392578125,60.776214599609375,-45.26774978637695,-55.9587287902832,-59.56129837036133,6.332747459411621,19.21436882019043,3.118964672088623,0.9672274589538574,0.92305988073349,0.9800100326538086,5.1614990234375,5.095110893249512,4.024803161621094,nan
9.650,2,102.5107421875,128.2284393310547,118.55387878417969,201.48133850097656,201.8242645263672,199.58840942382812,0.4565526843070984,0.47277402877807617,0.5126463770866394,46.80155563354492,60.623077392578125,60.776214599609375,-45.26774978637695,-55.9587287902832,-59.56129837036133,6.332747459411621,19.21436882019043,3.118964672088623,0.9672274589538574,0.92305988073349,0.9800100326538086,5.1614990234375,5.095110893249512,4.024803161621094,nan
9.700,2,102.5107421875,128.2284393310547,118.55387878417969,201.48133850097656,201.8242645263672,199.58840942382812,0.4565526843070984,0.47277402877807617,0.5126463770866394,46.80155563354492,60.623077392578125,60.776214599609375,-45.26774978637695,-55.9587287902832,-59.56129837036133,6.332747459411621,19.21436882019043,3.118964672088623,0.9672274589538574,0.92305988073349,0.9800100326538086,5.1614990234375,5.095110893249512,4.024803161621094,nan
9.750,2,102.5107421875,128.2284393310547,118.55387878417969,201.48133850097656,201.8242645263672,199.58840942382812,0.4565526843070984,0.47277402877807617,0.5126463770866394,46.80155563354492,60.623077392578125,60.776214599609375,-45.26774978637695,-55.9587287902832,-59.56129837036133,6.332747459411621,19.21436882019043,3.118964672088623,0.9672274589538574,0.92305988073349,0.9800100326538086,5.1614990234375,5.095110893249512,4.024803161621094,nan
9.800,2,102.49100494384766,128.2144012451172,118.54339599609375,201.45257568359375,201.83982849121094,199.53648376464844,0.4590904712677002,0.47900038957595825,0.5187568068504333,47.052642822265625,61.41474914550781,61.49519348144531,-45.344512939453125,-56.45309829711914,-60.16294479370117,6.726316452026367,20.057157516479492,3.344907283782959,0.9636974930763245,0.9192107319831848,0.9783357381820679,5.147842884063721,5.0816545486450195,4.067610740661621,nan
9.850,2,102.49100494384766,128.2144012451172,118.54339599609375,201.45257568359375,201.83982849121094,199.53648376464844,0.4590904712677002,0.47900038957595825,0.5187568068504333,47.052642822265625,61.41474914550781,61.49519348144531,-45.344512939453125,-56.45309829711914,-60.16294479370117,6.726316452026367,20.057157516479492,3.344907283782959,0.9636974930763245,0.9192107319831848,0.9783357381820679,5.147842884063721,5.0816545486450195,4.067610740661621,nan
9.900,2,102.49100494384766,128.2144012451172,118.54339599609375,201.45257568359375,201.83982849121094,199.53648376464844,0.4590904712677002,0.47900038957595825,0.5187568068504333,47.052642822265625,61.41474914550781,61.49519348144531,-45.344512939453125,-56.45309829711914,-60.16294479370117,6.726316452026367,20.057157516479492,3.344907283782959,0.9636974930763245,0.9192107319831848,0.9783357381820679,5.147842884063721,5.0816545486450195,4.067610740661621,nan
9.950,2,102.49100494384766,128.2144012451172,118.54339599609375,201.45257568359375,201.83982849121094,199.53648376464844,0.4590904712677002,0.47900038957595825,0.5187568068504333,47.052642822265625,61.41474914550781,61.49519348144531,-45.344512939453125,-56.45309829711914,-60.16294479370117,6.726316452026367,20.057157516479492,3.344907283782959,0.9636974930763245,0.9192107319831848,0.9783357381820679,5.147842884063721,5.0816545486450195,4.067610740661621,nan
10.000,2,102.47003173828125,128.2237548828125,118.52062225341797,201.44630432128906,201.814208984375,199.50450134277344,0.4572042226791382,0.4744826853275299,0.517072319984436,46.8497314453125,60.83995056152344,61.28373336791992,-45.36891555786133,-56.28447723388672,-60.03941345214844,5.734834671020508,18.96489906311035,2.441955089569092,0.9683921933174133,0.9251236319541931,0.979695737361908,5.14591121673584,5.066128253936768,4.0383429527282715,nan
10.050,2,102.47003173828125,128.2237548828125,118.52062225341797,201.44630432128906,201.814208984375,199.50450134277344,0.4572042226791382,0.4744826853275299,0.517072319984436,46.8497314453125,60.83995056152344,61.28373336791992,-45.36891555786133,-56.28447723388672,-60.03941345214844,5.734834671020508,18.96489906311035,2.441955089569092,0.9683921933174133,0.9251236319541931,0.979695737361908,5.14591121673584,5.066128253936768,4.0383429527282715,nan
10.100,2,102.47003173828125,128.2237548828125,118.52062225341797,201.44630432128906,201.814208984375,199.50450134277344,0.4572042226791382,0.4744826853275299,0.517072319984436,46.8497314453125,60.83995056152344,61.28373336791992,-45.36891555786133,-56.28447723388672,-60.03941345214844,5.734834671020508,18.96489906311035,2.441955089569092,0.9683921933174133,0.9251236319541931,0.979695737361908,5.14591121673584,5.066128253936768,4.0383429527282715,nan
10.150,2,102.47003173828125,128.2237548828125,118.52062225341797,201.44630432128906,201.814208984375,199.50450134277344,0.4572042226791382,0.4744826853275299,0.517072319984436,46.8497314453125,60.83995056152344,61.28373336791992,-45.36891555786133,-56.28447723388672,-60.03941345214844,5.734834671020508,18.96489906311035,2.441955089569092,0.9683921933174133,0.9251236319541931,0.979695737361908,5.14591121673584,5.066128253936768,4.0383429527282715,nan
10.200,2,102.12809753417969,128.55003356933594,118.48927307128906,201.3393096923828,201.7474822998047,199.44154357910156,0.4498783051967621,0.46821296215057373,0.5080352425575256,45.94521713256836,60.18879318237305,60.19672775268555,-44.36003494262695,-55.520851135253906,-58.96648406982422,5.908228874206543,18.98356819152832,2.2765750885009766,0.9654984474182129,0.9224449992179871,0.9795629382133484,5.15114164352417,5.078882694244385,4.05389928817749,nan
10.250,2,102.12809753417969,128.55003356933594,118.48927307128906,201.3393096923828,201.7474822998047,199.44154357910156,0.4498783051967621,0.46821296215057373,0.5080352425575256,45.94521713256836,60.18879318237305,60.19672775268555,-44.36003494262695,-55.520851135253906,-58.96648406982422,5.908228874206543,18.98356819152832,2.2765750885009766,0.9654984474182129,0.9224449992179871,0.9795629382133484,5.15114164352417,5.078882694244385,4.05389928817749,nan
10.300,2,102.12809753417969,128.55003356933594,118.48927307128906,201.3393096923828,201.7474822998047,199.44154357910156,0.4498783051967621,0.46821296215057373,0.5080352425575256,45.94521713256836,60.18879318237305,60.19672775268555,-44.36003494262695,-55.520851135253906,-58.96648406982422,5.908228874206543,18.98356819152832,2.2765750885009766,0.9654984474182129,0.9224449992179871,0.9795629382133484,5.15114164352417,5.078882694244385,4.05389928817749,nan
10.350,2,102.12809753417969,128.55003356933594,118.48927307128906,201.3393096923828,201.7474822998047,199.44154357910156,0.4498783051967621,0.46821296215057373,0.5080352425575256,45.94521713256836,60.18879318237305,60.19672775268555,-44.36003494262695,-55.520851135253906,-58.96648406982422,5.908228874206543,18.98356819152832,2.2765750885009766,0.9654984474182129,0.9224449992179871,0.9795629382133484,5.15114164352417,5.078882694244385,4.05389928817749,nan
10.400,2,94.1265640258789,123.99760437011719,116.03694915771484,188.43597412109375,198.65724182128906,189.99984741210938,2.126058340072632,2.6418402194976807,1.466347098350525,200.11856079101562,327.58184814453125,170.1504364013672,44.42169189453125,-36.39207077026367,-65.38874816894531,121.13034057617188,250.1306915283203,114.32947540283203,0.2219768762588501,0.11109305918216705,0.3842996060848236,6.056939601898193,5.500316143035889,4.488377094268799,nan
10.450,2,94.1265640258789,123.99760437011719,116.03694915771484,188.43597412109375,198.65724182128906,189.99984741210938,2.126058340072632,2.6418402194976807,1.466347098350525,200.11856079101562,327.58184814453125,170.1504364013672,44.42169189453125,-36.39207077026367,-65.38874816894531,121.13034057617188,250.1306915283203,114.32947540283203,0.2219768762588501,0.11109305918216705,0.3842996060848236,6.056939601898193,5.500316143035889,4.488377094268799,nan
10.500,2,94.1265640258789,123.99760437011719,116.03694915771484,188.43597412109375,198.65724182128906,189.99984741210938,2.126058340072632,2.6418402194976807,1.466347098350525,200.11856079101562,327.58184814453125,170.1504364013672,44.42169189453125,-36.39207077026367,-65.38874816894531,121.13034057617188,250.1306915283203,114.32947540283203,0.2219768762588501,0.11109305918216705,0.3842996060848236,6.056939601898193,5.500316143035889,4.488377094268799,nan
10.550,2,94.1265640258789,123.99760437011719,116.03694915771484,188.43597412109375,198.65724182128906,189.99984741210938,2.126058340072632,2.6418402194976807,1.466347098350525,200.11856079101562,327.58184814453125,170.1504364013672,44.42169189453125,-36.39207077026367,-65.38874816894531,121.13034057617188,250.1306915283203,114.32947540283203,0.2219768762588501,0.11109305918216705,0.3842996060848236,6.056939601898193,5.500316143035889,4.488377094268799,nan
10.600,2,86.89742279052734,122.11753845214844,113.70030975341797,179.53396606445312,196.26174926757812,181.9945526123047,2.7202703952789307,3.35479736328125,1.7663850784301758,236.38449096679688,409.6795959472656,200.83853149414062,107.54974365234375,-27.6608829498291,-57.57501220703125,209.75950622558594,407.9717712402344,191.62472534179688,0.45497798919677734,0.06751833111047745,0.2866731286048889,6.326951026916504,5.68767786026001,4.73412561416626,nan
10.650,2,86.89742279052734,122.11753845214844,113.70030975341797,179.53396606445312,196.26174926757812,181.9945526123047,2.7202703952789307,3.35479736328125,1.7663850784301758,236.38449096679688,409.6795959472656,200.83853149414062,107.54974365234375,-27.6608829498291,-57.57501220703125,209.75950622558594,407.9717712402344,191.62472534179688,0.45497798919677734,0.06751833111047745,0.2866731286048889,6.326951026916504,5.68767786026001,4.73412561416626,nan
10.700,2,86.89742279052734,122.11753845214844,113.70030975341797,179.53396606445312,196.26174926757812,181.9945526123047,2.7202703952789307,3.35479736328125,1.7663850784301758,236.38449096679688,409.6795959472656,200.83853149414062,107.54974365234375,-27.6608829498291,-57.57501220703125,209.75950622558594,407.9717712402344,191.62472534179688,0.45497798919677734,0.06751833111047745,0.2866731286048889,6.326951026916504,5.68767786026001,4.73412561416626,nan
10.750,2,86.89742279052734,122.11753845214844,113.70030975341797,179.53396606445312,196.26174926757812,181.9945526123047,2.7202703952789307,3.35479736328125,1.7663850784301758,236.38449096679688,409.6795959472656,200.83853149414062,107.54974365234375,-27.6608829498291,-57.57501220703125,209.75950622558594,407.9717712402344,191.62472534179688,0.45497798919677734,0.06751833111047745,0.2866731286048889,6.326951026916504,5.68767786026001,4.73412561416626,nan
10.800,2,86.77667999267578,122.16393280029297,113.570068359375,179.565673828125,196.22048950195312,181.67971801757812,2.733271598815918,3.3380260467529297,1.7394200563430786,237.18423461914062,407.786376953125,197.54605102539062,108.76204681396484,-27.56678581237793,-53.743324279785156,210.02659606933594,406.10614013671875,189.3611297607422,0.45855513215065,0.0676010474562645,0.27205467224121094,6.30859899520874,5.634782314300537,4.775228023529053,nan
10.850,2,86.77667999267578,122.16393280029297,113.570068359375,179.565673828125,196.22048950195312,181.67971801757812,2.733271598815918,3.3380260467529297,1.7394200563430786,237.18423461914062,407.786376953125,197.54605102539062,108.76204681396484,-27.56678581237793,-53.743324279785156,210.02659606933594,406.10614013671875,189.3611297607422,0.45855513215065,0.0676010474562645,0.27205467224121094,6.30859899520874,5.634782314300537,4.775228023529053,nan
10.900,2,86.77667999267578,122.16393280029297,113.570068359375,179.565673828125,196.22048950195312,181.67971801757812,2.733271598815918,3.3380260467529297,1.7394200563430786,237.18423461914062,407.786376953125,197.54605102539062,108.76204681396484,-27.56678581237793,-53.743324279785156,210.02659606933594,406.10614013671875,189.3611297607422,0.45855513215065,0.0676010474562645,0.27205467224121094,6.30859899520874,5.634782314300537,4.775228023529053,nan
10.950,2,86.77667999267578,122.16393280029297,113.570068359375,179.565673828125,196.22048950195312,181.67971801757812,2.733271598815918,3.3380260467529297,1.7394200563430786,237.18423461914062,407.786376953125,197.54605102539062,108.76204681396484,-27.56678581237793,-53.743324279785156,210.02659606933594,406.10614013671875,189.3611297607422,0.45855513215065,0.0676010474562645,0.27205467224121094,6.30859899520874,5.634782314300537,4.775228023529053,nan
11.000,2,86.63943481445312,122.16275024414062,113.3659439086914,179.52569580078125,196.047607421875,181.31866455078125,2.7456095218658447,3.3227250576019287,1.724999189376831,237.8780517578125,405.9132385253906,195.55616760253906,109.50740814208984,-26.89789390563965,-50.31419372558594,210.43641662597656,404.27545166015625,188.26283264160156,0.46035104990005493,0.06626512855291367,0.2572876811027527,6.337160587310791,5.639780521392822,4.7238545417785645,nan
11.050,2,86.63943481445312,122.16275024414062,113.3659439086914,179.52569580078125,196.047607421875,181.31866455078125,2.7456095218658447,3.3227250576019287,1.724999189376831,237.8780517578125,405.9132385253906,195.55616760253906,109.50740814208984,-26.89789390563965,-50.31419372558594,210.43641662597656,404.27545166015625,188.26283264160156,0.46035104990005493,0.06626512855291367,0.2572876811027527,6.337160587310791,5.639780521392822,4.7238545417785645,nan
11.100,2,86.63943481445312,122.16275024414062,113.3659439086914,179.52569580078125,196.047607421875,181.31866455078125,2.7456095218658447,3.3227250576019287,1.724999189376831,237.8780517578125,405.9132385253906,195.55616760253906,109.50740814208984,-26.89789390563965,-50.31419372558594,210.43641662597656,404.27545166015625,188.26283264160156,0.46035104990005493,0.06626512855291367,0.2572876811027527,6.337160587310791,5.639780521392822,4.7238545417785645,nan
11.150,2,86.63943481445312,122.16275024414062,113.3659439086914,179.52569580078125,196.047607421875,181.31866455078125,2.7456095218658447,3.3227250576019287,1.724999189376831,237.8780517578125,405.9132385253906,195.55616760253906,109.50740814208984,-26.89789390563965,-50.31419372558594,210.43641662597656,404.27545166015625,188.26283264160156,0.46035104990005493,0.06626512855291367,0.2572876811027527,6.337160587310791,5.639780521392822,4.7238545417785645,nan
11.200,2,86.53680419921875,122.20323944091797,113.22125244140625,179.52816772460938,195.94573974609375,181.06585693359375,2.75687313079834,3.3097891807556152,1.7108628749847412,238.57098388671875,404.4669494628906,193.70603942871094,110.31773376464844,-26.468557357788086,-47.345054626464844,210.78683471679688,402.8595886230469,187.08157348632812,0.46241050958633423,0.0654405951499939,0.24441702663898468,6.326606273651123,5.654603004455566,4.759037494659424,nan
11.250,2,86.53680419921875,122.20323944091797,113.22125244140625,179.52816772460938,195.94573974609375,181.06585693359375,2.75687313079834,3.3097891807556152,1.7108628749847412,238.57098388671875,404.4669494628906,193.70603942871094,110.31773376464844,-26.468557357788086,-47.345054626464844,210.78683471679688,402.8595886230469,187.08157348632812,0.46241050958633423,0.0654405951499939,0.24441702663898468,6.326606273651123,5.654603004455566,4.759037494659424,nan
11.300,2,86.53680419921875,122.20323944091797,113.22125244140625,179.52816772460938,195.94573974609375,181.06585693359375,2.75687313079834,3.3097891807556152,1.7108628749847412,238.57098388671875,404.4669494628906,193.70603942871094,110.31773376464844,-26.468557357788086,-47.345054626464844,210.78683471679688,402.8595886230469,187.08157348632812,0.46241050958633423,0.0654405951499939,0.24441702663898468,6.326606273651123,5.654603004455566,4.759037494659424,nan
11.350,2,86.53680419921875,122.20323944091797,113.22125244140625,179.52816772460938,195.94573974609375,181.06585693359375,2.75687313079834,3.3097891807556152,1.7108628749847412,238.57098388671875,404.4669494628906,193.70603942871094,110.31773376464844,-26.468557357788086,-47.345054626464844,210.78683471679688,402.8595886230469,187.08157348632812,0.46241050958633423,0.0654405951499939,0.24441702663898468,6.326606273651123,5.654603004455566,4.759037494659424,nan
11.400,2,86.53858947753906,122.2845458984375,113.33489227294922,179.5962371826172,196.19607543945312,181.12509155273438,2.754833459854126,3.3099524974823,1.6964043378829956,238.39939880371094,404.75604248046875,192.26181030273438,110.88062286376953,-27.417312622070312,-47.4936408996582,210.31932067871094,403.1099548339844,185.66111755371094,0.46510446071624756,0.0677378699183464,0.24702586233615875,6.274151802062988,5.55667781829834,4.728635311126709,nan
11.450,2,86.53858947753906,122.2845458984375,113.33489227294922,179.5962371826172,196.19607543945312,181.12509155273438,2.754833459854126,3.3099524974823,1.6964043378829956,238.39939880371094,404.75604248046875,192.26181030273438,110.88062286376953,-27.417312622070312,-47.4936408996582,210.31932067871094,403.1099548339844,185.66111755371094,0.46510446071624756,0.0677378699183464,0.24702586233615875,6.274151802062988,5.55667781829834,4.728635311126709,nan
11.500,2,86.53858947753906,122.2845458984375,113.33489227294922,179.5962371826172,196.19607543945312,181.12509155273438,2.754833459854126,3.3099524974823,1.6964043378829956,238.39939880371094,404.75604248046875,192.26181030273438,110.88062286376953,-27.417312622070312,-47.4936408996582,210.31932067871094,403.1099548339844,185.66111755371094,0.46510446071624756,0.0677378699183464,0.24702586233615875,6.274151802062988,5.55667781829834,4.728635311126709,nan
11.550,2,86.53858947753906,122.2845458984375,113.33489227294922,179.5962371826172,196.19607543945312,181.12509155273438,2.754833459854126,3.3099524974823,1.6964043378829956,238.39939880371094,404.75604248046875,192.26181030273438,110.88062286376953,-27.417312622070312,-47.4936408996582,210.31932067871094,403.1099548339844,185.66111755371094,0.46510446071624756,0.0677378699183464,0.24702586233615875,6.274151802062988,5.55667781829834,4.728635311126709,nan
11.600,2,86.63195037841797,122.0765151977539,113.03070068359375,179.58265686035156,195.52523803710938,180.9999237060547,2.773638963699341,3.306901454925537,1.747428059577942,240.28575134277344,403.69500732421875,197.5130157470703,109.23321533203125,-23.181316375732422,-44.98344802856445,213.36424255371094,402.3490295410156,192.0841522216797,0.454597145318985,0.05742284655570984,0.2277492880821228,6.227614402770996,5.6050920486450195,4.664170265197754,nan
11.650,2,86.63195037841797,122.0765151977539,113.03070068359375,179.58265686035156,195.52523803710938,180.9999237060547,2.773638963699341,3.306901454925537,1.747428059577942,240.28575134277344,403.69500732421875,197.5130157470703,109.23321533203125,-23.181316375732422,-44.98344802856445,213.36424255371094,402.3490295410156,192.0841522216797,0.454597145318985,0.05742284655570984,0.2277492880821228,6.227614402770996,5.6050920486450195,4.664170265197754,nan
11.700,2,86.63195037841797,122.0765151977539,113.03070068359375,179.58265686035156,195.52523803710938,180.9999237060547,2.773638963699341,3.306901454925537,1.747428059577942,240.28575134277344,403.69500732421875,197.5130157470703,109.23321533203125,-23.181316375732422,-44.98344802856445,213.36424255371094,402.3490295410156,192.0841522216797,0.454597145318985,0.05742284655570984,0.2277492880821228,6.227614402770996,5.6050920486450195,4.664170265197754,nan
11.750,2,86.63195037841797,122.0765151977539,113.03070068359375,179.58265686035156,195.52523803710938,180.9999237060547,2.773638963699341,3.306901454925537,1.747428059577942,240.28575134277344,403.69500732421875,197.5130157470703,109.23321533203125,-23.181316375732422,-44.98344802856445,213.36424255371094,402.3490295410156,192.0841522216797,0.454597145318985,0.05742284655570984,0.2277492880821228,6.227614402770996,5.6050920486450195,4.664170265197754,nan
11.800,2,86.20233917236328,122.38336181640625,112.97635650634766,179.59373474121094,196.04409790039062,180.3184356689453,2.7889859676361084,3.2640275955200195,1.6298991441726685,240.4171142578125,399.4626770019531,184.1400604248047,114.0848388671875,-27.217674255371094,-37.607749938964844,210.90753173828125,397.8747253417969,179.79002380371094,0.47452878952026367,0.06813571602106094,0.20423448085784912,6.260760307312012,5.5585150718688965,4.715145587921143,nan
11.850,2,86.20233917236328,122.38336181640625,112.97635650634766,179.59373474121094,196.04409790039062,180.3184356689453,2.7889859676361084,3.2640275955200195,1.6298991441726685,240.4171142578125,399.4626770019531,184.1400604248047,114.0848388671875,-27.217674255371094,-37.607749938964844,210.90753173828125,397.8747253417969,179.79002380371094,0.47452878952026367,0.06813571602106094,0.20423448085784912,6.260760307312012,5.5585150718688965,4.715145587921143,nan
11.900,2,86.20233917236328,122.38336181640625,112.97635650634766,179.59373474121094,196.04409790039062,180.3184356689453,2.7889859676361084,3.2640275955200195,1.6298991441726685,240.4171142578125,399.4626770019531,184.1400604248047,114.0848388671875,-27.217674255371094,-37.607749938964844,210.90753173828125,397.8747253417969,179.79002380371094,0.47452878952026367,0.06813571602106094,0.20423448085784912,6.260760307312012,5.5585150718688965,4.715145587921143,nan
11.950,2,86.20233917236328,122.38336181640625,112.97635650634766,179.59373474121094,196.04409790039062,180.3184356689453,2.7889859676361084,3.2640275955200195,1.6298991441726685,240.4171142578125,399.4626770019531,184.1400604248047,114.0848388671875,-27.217674255371094,-37.607749938964844,210.90753173828125,397.8747253417969,179.79002380371094,0.47452878952026367,0.06813571602106094,0.20423448085784912,6.260760307312012,5.5585150718688965,4.715145587921143,nan
12.000,2,86.36672973632812,122.21379089355469,112.85626220703125,179.6029510498047,195.58551025390625,180.46353149414062,2.7898426055908203,3.2780351638793945,1.6885565519332886,240.9495849609375,400.62109375,190.56417846679688,111.74079132080078,-24.201997756958008,-39.2670783996582,212.7949981689453,399.28314208984375,186.33383178710938,0.46375176310539246,0.06041119247674942,0.20605698227882385,6.264562129974365,5.486990451812744,4.733364582061768,nan
12.050,2,86.36672973632812,122.21379089355469,112.85626220703125,179.6029510498047,195.58551025390625,180.46353149414062,2.7898426055908203,3.2780351638793945,1.6885565519332886,240.9495849609375,400.62109375,190.56417846679688,111.74079132080078,-24.201997756958008,-39.2670783996582,212.7949981689453,399.28314208984375,186.33383178710938,0.46375176310539246,0.06041119247674942,0.20605698227882385,6.264562129974365,5.486990451812744,4.733364582061768,nan
12.100,2,86.36672973632812,122.21379089355469,112.85626220703125,179.6029510498047,195.58551025390625,180.46353149414062,2.7898426055908203,3.2780351638793945,1.6885565519332886,240.9495849609375,400.62109375,190.56417846679688,111.74079132080078,-24.201997756958008,-39.2670783996582,212.7949981689453,399.28314208984375,186.33383178710938,0.46375176310539246,0.06041119247674942,0.20605698227882385,6.264562129974365,5.486990451812744,4.733364582061768,nan
12.150,2,86.36672973632812,122.21379089355469,112.85626220703125,179.6029510498047,195.58551025390625,180.46353149414062,2.7898426055908203,3.2780351638793945,1.6885565519332886,240.9495849609375,400.62109375,190.56417846679688,111.74079132080078,-24.201997756958008,-39.2670783996582,212.7949981689453,399.28314208984375,186.33383178710938,0.46375176310539246,0.06041119247674942,0.20605698227882385,6.264562129974365,5.486990451812744,4.733364582061768,nan
12.200,2,86.44142150878906,122.16259002685547,112.72633361816406,179.63229370117188,195.3627166748047,180.44378662109375,2.7967689037323,3.2809081077575684,1.7194827795028687,241.75668334960938,400.8042297363281,193.83099365234375,110.95025634765625,-22.541460037231445,-38.924415588378906,214.05862426757812,399.48004150390625,189.33460998535156,0.458933562040329,0.05624057352542877,0.20081625878810883,6.290131568908691,5.583981990814209,4.733982563018799,nan
12.250,2,86.44142150878906,122.16259002685547,112.72633361816406,179.63229370117188,195.3627166748047,180.44378662109375,2.7967689037323,3.2809081077575684,1.7194827795028687,241.75668334960938,400.8042297363281,193.83099365234375,110.95025634765625,-22.541460037231445,-38.924415588378906,214.05862426757812,399.48004150390625,189.33460998535156,0.458933562040329,0.05624057352542877,0.20081625878810883,6.290131568908691,5.583981990814209,4.733982563018799,nan
12.300,2,86.44142150878906,122.16259002685547,112.72633361816406,179.63229370117188,195.3627166748047,180.44378662109375,2.7967689037323,3.2809081077575684,1.7194827795028687,241.75668334960938,400.8042297363281,193.83099365234375,110.95025634765625,-22.541460037231445,-38.924415588378906,214.05862426757812,399.48004150390625,189.33460998535156,0.458933562040329,0.05624057352542877,0.20081625878810883,6.290131568908691,5.583981990814209,4.733982563018799,nan
12.350,2,86.44142150878906,122.16259002685547,112.72633361816406,179.63229370117188,195.3627166748047,180.44378662109375,2.7967689037323,3.2809081077575684,1.7194827795028687,241.75668334960938,400.8042297363281,193.83099365234375,110.95025634765625,-22.541460037231445,-38.924415588378906,214.05862426757812,399.48004150390625,189.33460998535156,0.458933562040329,0.05624057352542877,0.20081625878810883,6.290131568908691,5.583981990814209,4.733982563018799,nan
12.400,2,93.95721435546875,125.84125518798828,115.38470458984375,190.57321166992188,198.00897216796875,189.8614044189453,1.940994143486023,2.243220806121826,1.2103068828582764,182.3704071044922,282.28973388671875,139.65090942382812,38.017337799072266,-30.479751586914062,-39.348472595214844,104.34732818603516,198.01022338867188,89.57939910888672,0.2084622085094452,0.10797329246997833,0.28176310658454895,5.836119174957275,5.44404935836792,4.48137092590332,nan
12.450,2,93.95721435546875,125.84125518798828,115.38470458984375,190.57321166992188,198.00897216796875,189.8614044189453,1.940994143486023,2.243220806121826,1.2103068828582764,182.3704071044922,282.28973388671875,139.65090942382812,38.017337799072266,-30.479751586914062,-39.348472595214844,104.34732818603516,198.01022338867188,89.57939910888672,0.2084622085094452,0.10797329246997833,0.28176310658454895,5.836119174957275,5.44404935836792,4.48137092590332,nan
12.500,0,93.95721435546875,125.84125518798828,115.38470458984375,190.57321166992188,198.00897216796875,189.8614044189453,1.940994143486023,2.243220806121826,1.2103068828582764,182.3704071044922,282.28973388671875,139.65090942382812,38.017337799072266,-30.479751586914062,-39.348472595214844,104.34732818603516,198.01022338867188,89.57939910888672,0.2084622085094452,0.10797329246997833,0.28176310658454895,5.836119174957275,5.44404935836792,4.48137092590332,nan
12.550,0,93.95721435546875,125.84125518798828,115.38470458984375,190.57321166992188,198.00897216796875,189.8614044189453,1.940994143486023,2.243220806121826,1.2103068828582764,182.3704071044922,282.28973388671875,139.65090942382812,38.017337799072266,-30.479751586914062,-39.348472595214844,104.34732818603516,198.01022338867188,89.57939910888672,0.2084622085094452,0.10797329246997833,0.28176310658454895,5.836119174957275,5.44404935836792,4.48137092590332,nan
12.600,0,101.90721130371094,127.74414825439453,118.14093780517578,200.49435424804688,201.16136169433594,198.66563415527344,0.34845608472824097,0.3924836218357086,0.4293583333492279,35.510189056396484,50.13748550415039,50.724796295166016,-33.781192779541016,-45.113101959228516,-49.52655029296875,2.196855068206787,17.06429100036621,-1.3937844038009644,0.951309859752655,0.8997879028320312,0.9763774871826172,5.134448051452637,4.996973037719727,4.050230026245117,nan
12.650,0,101.90721130371094,127.74414825439453,118.14093780517578,200.49435424804688,201.16136169433594,198.66563415527344,0.34845608472824097,0.3924836218357086,0.4293583333492279,35.510189056396484,50.13748550415039,50.724796295166016,-33.781192779541016,-45.113101959228516,-49.52655029296875,2.196855068206787,17.06429100036621,-1.3937844038009644,0.951309859752655,0.8997879028320312,0.9763774871826172,5.134448051452637,4.996973037719727,4.050230026245117,nan
12.700,0,101.90721130371094,127.74414825439453,118.14093780517578,200.49435424804688,201.16136169433594,198.66563415527344,0.34845608472824097,0.3924836218357086,0.4293583333492279,35.510189056396484,50.13748550415039,50.724796295166016,-33.781192779541016,-45.113101959228516,-49.52655029296875,2.196855068206787,17.06429100036621,-1.3937844038009644,0.951309859752655,0.8997879028320312,0.9763774871826172,5.134448051452637,4.996973037719727,4.050230026245117,nan
12.750,0,101.90721130371094,127.74414825439453,118.14093780517578,200.49435424804688,201.16136169433594,198.66563415527344,0.34845608472824097,0.3924836218357086,0.4293583333492279,35.510189056396484,50.13748550415039,50.724796295166016,-33.781192779541016,-45.113101959228516,-49.52655029296875,2.196855068206787,17.06429100036621,-1.3937844038009644,0.951309859752655,0.8997879028320312,0.9763774871826172,5.134448051452637,4.996973037719727,4.050230026245117,nan
12.800,0,101.94998931884766,127.68074798583984,118.04559326171875,200.48399353027344,200.99127197265625,198.63478088378906,0.3358646035194397,0.35122498869895935,0.4060165286064148,34.24139404296875,44.844669342041016,47.928462982177734,-33.51456069946289,-42.45420837402344,-47.14962387084961,-1.8253594636917114,11.20152759552002,-4.105116844177246,0.9787732362747192,0.9466946721076965,0.9837499856948853,5.156377792358398,4.997642993927002,4.083373546600342,nan
12.850,0,101.94998931884766,127.68074798583984,118.04559326171875,200.48399353027344,200.99127197265625,198.63478088378906,0.3358646035194397,0.35122498869895935,0.4060165286064148,34.24139404296875,44.844669342041016,47.928462982177734,-33.51456069946289,-42.45420837402344,-47.14962387084961,-1.8253594636917114,11.20152759552002,-4.105116844177246,0.9787732362747192,0.9466946721076965,0.9837499856948853,5.156377792358398,4.997642993927002,4.083373546600342,nan
12.900,0,101.94998931884766,127.68074798583984,118.04559326171875,200.48399353027344,200.99127197265625,198.63478088378906,0.3358646035194397,0.35122498869895935,0.4060165286064148,34.24139404296875,44.844669342041016,47.928462982177734,-33.51456069946289,-42.45420837402344,-47.14962387084961,-1.8253594636917114,11.20152759552002,-4.105116844177246,0.9787732362747192,0.9466946721076965,0.9837499856948853,5.156377792358398,4.997642993927002,4.083373546600342,nan
12.950,0,101.94998931884766,127.68074798583984,118.04559326171875,200.48399353027344,200.99127197265625,198.63478088378906,0.3358646035194397,0.35122498869895935,0.4060165286064148,34.24139404296875,44.844669342041016,47.928462982177734,-33.51456069946289,-42.45420837402344,-47.14962387084961,-1.8253594636917114,11.20152759552002,-4.105116844177246,0.9787732362747192,0.9466946721076965,0.9837499856948853,5.156377792358398,4.997642993927002,4.083373546600342,nan
13.000,0,101.94322967529297,127.65091705322266,117.99202728271484,200.47348022460938,200.87144470214844,198.59498596191406,0.340690553188324,0.3532266318798065,0.4056105315685272,34.73109436035156,45.08970260620117,47.85881042480469,-34.29860305786133,-42.369117736816406,-47.431888580322266,0.6575009226799011,13.491966247558594,-0.8124223351478577,0.9875474572181702,0.9396628141403198,0.991079568862915,5.191127777099609,5.055629730224609,4.126303672790527,nan
13.050,0,101.94322967529297,127.65091705322266,117.99202728271484,200.47348022460938,200.87144470214844,198.59498596191406,0.340690553188324,0.3532266318798065,0.4056105315685272,34.73109436035156,45.08970260620117,47.85881042480469,-34.29860305786133,-42.369117736816406,-47.431888580322266,0.6575009226799011,13.491966247558594,-0.8124223351478577,0.9875474572181702,0.9396628141403198,0.991079568862915,5.191127777099609,5.055629730224609,4.126303672790527,nan
13.100,0,101.94322967529297,127.65091705322266,117.99202728271484,200.47348022460938,200.87144470214844,198.59498596191406,0.340690553188324,0.3532266318798065,0.4056105315685272,34.73109436035156,45.08970260620117,47.85881042480469,-34.29860305786133,-42.369117736816406,-47.431888580322266,0.6575009226799011,13.491966247558594,-0.8124223351478577,0.9875474572181702,0.9396628141403198,0.991079568862915,5.191127777099609,5.055629730224609,4.126303672790527,nan
13.150,0,101.94322967529297,127.65091705322266,117.99202728271484,200.47348022460938,200.87144470214844,198.59498596191406,0.340690553188324,0.3532266318798065,0.4056105315685272,34.73109436035156,45.08970260620117,47.85881042480469,-34.29860305786133,-42.369117736816406,-47.431888580322266,0.6575009226799011,13.491966247558594,-0.8124223351478577,0.9875474572181702,0.9396628141403198,0.991079568862915,5.191127777099609,5.055629730224609,4.126303672790527,nan
13.200,0,101.9648666381836,127.6738052368164,117.97661590576172,200.54998779296875,200.86256408691406,198.57894897460938,0.34778305888175964,0.35702961683273315,0.40435591340065,35.46165466308594,45.58332824707031,47.70454406738281,-34.938865661621094,-42.99089813232422,-47.1610107421875,0.8417562246322632,12.632987022399902,-0.9604083299636841,0.985257625579834,0.9431276917457581,0.9886062741279602,5.1802592277526855,5.056392669677734,4.179910182952881,nan
13.250,0,101.9648666381836,127.6738052368164,117.97661590576172,200.54998779296875,200.86256408691406,198.57894897460938,0.34778305888175964,0.35702961683273315,0.40435591340065,35.46165466308594,45.58332824707031,47.70454406738281,-34.938865661621094,-42.99089813232422,-47.1610107421875,0.8417562246322632,12.632987022399902,-0.9604083299636841,0.985257625579834,0.9431276917457581,0.9886062741279602,5.1802592277526855,5.056392669677734,4.179910182952881,nan
13.300,0,101.9648666381836,127.6738052368164,117.97661590576172,200.54998779296875,200.86256408691406,198.57894897460938,0.34778305888175964,0.35702961683273315,0.40435591340065,35.46165466308594,45.58332824707031,47.70454406738281,-34.938865661621094,-42.99089813232422,-47.1610107421875,0.8417562246322632,12.632987022399902,-0.9604083299636841,0.985257625579834,0.9431276917457581,0.9886062741279602,5.1802592277526855,5.056392669677734,4.179910182952881,nan
13.350,0,101.9648666381836,127.6738052368164,117.97661590576172,200.54998779296875,200.86256408691406,198.57894897460938,0.34778305888175964,0.35702961683273315,0.40435591340065,35.46165466308594,45.58332824707031,47.70454406738281,-34.938865661621094,-42.99089813232422,-47.1610107421875,0.8417562246322632,12.632987022399902,-0.9604083299636841,0.985257625579834,0.9431276917457581,0.9886062741279602,5.1802592277526855,5.056392669677734,4.179910182952881,nan
13.400,0,102.11135864257812,127.821044921875,118.15931701660156,200.77899169921875,201.15391540527344,198.8837432861328,0.3828269839286804,0.3978289067745209,0.4404854476451874,39.09098434448242,50.85090637207031,52.04745864868164,-38.26567840576172,-47.06964874267578,-51.397621154785156,4.500453472137451,17.008501052856445,2.5577476024627686,0.9788875579833984,0.9256402850151062,0.9875144958496094,5.201385021209717,5.072471618652344,4.09857702255249,nan
13.450,0,102.09619140625,127.86468505859375,118.1698226928711,200.8223419189453,201.2099609375,198.8590087890625,0.3819281756877899,0.39848577976226807,0.44090697169303894,38.993412017822266,50.9522590637207,52.101898193359375,-38.14697265625,-47.33637237548828,-51.42948913574219,3.782456636428833,16.285287857055664,1.480791449546814,0.9782927632331848,0.9290338158607483,0.9870943427085876,5.264591217041016,5.1063947677612305,4.1589884757995605,nan
13.500,0,102.09619140625,127.86468505859375,118.1698226928711,200.8223419189453,201.2099609375,198.8590087890625,0.3819281756877899,0.39848577976226807,0.44090697169303894,38.993412017822266,50.9522590637207,52.101898193359375,-38.14697265625,-47.33637237548828,-51.42948913574219,3.782456636428833,16.285287857055664,1.480791449546814,0.9782927632331848,0.9290338158607483,0.9870943427085876,5.264591217041016,5.1063947677612305,4.1589884757995605,nan
13.550,0,102.09619140625,127.86468505859375,118.1698226928711,200.8223419189453,201.2099609375,198.8590087890625,0.3819281756877899,0.39848577976226807,0.44090697169303894,38.993412017822266,50.9522590637207,52.101898193359375,-38.14697265625,-47.33637237548828,-51.42948913574219,3.782456636428833,16.285287857055664,1.480791449546814,0.9782927632331848,0.9290338158607483,0.9870943427085876,5.264591217041016,5.1063947677612305,4.1589884757995605,nan
13.600,0,102.09619140625,127.86468505859375,118.1698226928711,200.8223419189453,201.2099609375,198.8590087890625,0.3819281756877899,0.39848577976226807,0.44090697169303894,38.993412017822266,50.9522590637207,52.101898193359375,-38.14697265625,-47.33637237548828,-51.42948913574219,3.782456636428833,16.285287857055664,1.480791449546814,0.9782927632331848,0.9290338158607483,0.9870943427085876,5.264591217041016,5.1063947677612305,4.1589884757995605,nan
13.650,0,102.22004699707031,127.94913482666016,118.27212524414062,201.00381469726562,201.3739471435547,199.05316162109375,0.40025824308395386,0.4152001142501831,0.4588494300842285,40.9144172668457,53.12449645996094,54.26909637451172,-40.112300872802734,-49.572017669677734,-53.63037872314453,3.9896762371063232,16.610931396484375,1.55517578125,0.9803952574729919,0.9331291913986206,0.9882305264472961,5.277772426605225,5.105515480041504,4.187457084655762,nan
13.700,0,102.22004699707031,127.94913482666016,118.27212524414062,201.00381469726562,201.3739471435547,199.05316162109375,0.40025824308395386,0.4152001142501831,0.4588494300842285,40.9144172668457,53.12449645996094,54.26909637451172,-40.112300872802734,-49.572017669677734,-53.63037872314453,3.9896762371063232,16.610931396484375,1.55517578125,0.9803952574729919,0.9331291913986206,0.9882305264472961,5.277772426605225,5.105515480041504,4.187457084655762,nan
13.750,0,102.22004699707031,127.94913482666016,118.27212524414062,201.00381469726562,201.3739471435547,199.05316162109375,0.40025824308395386,0.4152001142501831,0.4588494300842285,40.9144172668457,53.12449645996094,54.26909637451172,-40.112300872802734,-49.572017669677734,-53.63037872314453,3.9896762371063232,16.610931396484375,1.55517578125,0.9803952574729919,0.9331291913986206,0.9882305264472961,5.277772426605225,5.105515480041504,4.187457084655762,nan
13.800,0,102.22004699707031,127.94913482666016,118.27212524414062,201.00381469726562,201.3739471435547,199.05316162109375,0.40025824308395386,0.4152001142501831,0.4588494300842285,40.9144172668457,53.12449645996094,54.26909637451172,-40.112300872802734,-49.572017669677734,-53.63037872314453,3.9896762371063232,16.610931396484375,1.55517578125,0.9803952574729919,0.9331291913986206,0.9882305264472961,5.277772426605225,5.105515480041504,4.187457084655762,nan
13.850,0,102.1839370727539,127.91123962402344,118.23566436767578,200.94309997558594,201.3019561767578,198.99253845214844,0.40172550082206726,0.4158264100551605,0.46013179421424866,41.04989242553711,53.188873291015625,54.403987884521484,-40.02989196777344,-48.95815658569336,-53.6219596862793,5.435829162597656,18.36457633972168,3.6027960777282715,0.9751521944999695,0.9204586148262024,0.9856255650520325,5.298574447631836,5.156186103820801,4.222172737121582,nan
13.900,0,102.1839370727539,127.91123962402344,118.23566436767578,200.94309997558594,201.3019561767578,198.99253845214844,0.40172550082206726,0.4158264100551605,0.46013179421424866,41.04989242553711,53.188873291015625,54.403987884521484,-40.02989196777344,-48.95815658569336,-53.6219596862793,5.435829162597656,18.36457633972168,3.6027960777282715,0.9751521944999695,0.9204586148262024,0.9856255650520325,5.298574447631836,5.156186103820801,4.222172737121582,nan
13.950,0,102.1839370727539,127.91123962402344,118.23566436767578,200.94309997558594,201.3019561767578,198.99253845214844,0.40172550082206726,0.4158264100551605,0.46013179421424866,41.04989242553711,53.188873291015625,54.403987884521484,-40.02989196777344,-48.95815658569336,-53.6219596862793,5.435829162597656,18.36457633972168,3.6027960777282715,0.9751521944999695,0.9204586148262024,0.9856255650520325,5.298574447631836,5.156186103820801,4.222172737121582,nan
14.000,0,102.1839370727539,127.91123962402344,118.23566436767578,200.94309997558594,201.3019561767578,198.99253845214844,0.40172550082206726,0.4158264100551605,0.46013179421424866,41.04989242553711,53.188873291015625,54.403987884521484,-40.02989196777344,-48.95815658569336,-53.6219596862793,5.435829162597656,18.36457633972168,3.6027960777282715,0.9751521944999695,0.9204586148262024,0.9856255650520325,5.298574447631836,5.156186103820801,4.222172737121582,nan
14.050,0,102.1386489868164,127.89746856689453,118.19121551513672,200.88717651367188,201.2516632080078,198.91744995117188,0.3949958086013794,0.4100279211997986,0.4539456367492676,40.344337463378906,52.441532135009766,53.65238571166992,-39.42313003540039,-48.43449020385742,-52.927093505859375,4.797613620758057,17.638267517089844,2.833364486694336,0.9771663546562195,0.9235903024673462,0.9864816665649414,5.28532600402832,5.1509246826171875,4.214019775390625,nan
14.100,0,102.1386489868164,127.89746856689453,118.19121551513672,200.88717651367188,201.2516632080078,198.91744995117188,0.3949958086013794,0.4100279211997986,0.4539456367492676,40.344337463378906,52.441532135009766,53.65238571166992,-39.42313003540039,-48.43449020385742,-52.927093505859375,4.797613620758057,17.638267517089844,2.833364486694336,0.9771663546562195,0.9235903024673462,0.9864816665649414,5.28532600402832,5.1509246826171875,4.214019775390625,nan
14.150,0,102.1386489868164,127.89746856689453,118.19121551513672,200.88717651367188,201.2516632080078,198.91744995117188,0.3949958086013794,0.4100279211997986,0.4539456367492676,40.344337463378906,52.441532135009766,53.65238571166992,-39.42313003540039,-48.43449020385742,-52.927093505859375,4.797613620758057,17.638267517089844,2.833364486694336,0.9771663546562195,0.9235903024673462,0.9864816665649414,5.28532600402832,5.1509246826171875,4.214019775390625,nan
14.200,0,102.1386489868164,127.89746856689453,118.19121551513672,200.88717651367188,201.2516632080078,198.91744995117188,0.3949958086013794,0.4100279211997986,0.4539456367492676,40.344337463378906,52.441532135009766,53.65238571166992,-39.42313003540039,-48.43449020385742,-52.927093505859375,4.797613620758057,17.638267517089844,2.833364486694336,0.9771663546562195,0.9235903024673462,0.9864816665649414,5.28532600402832,5.1509246826171875,4.214019775390625,nan
14.250,0,102.24124145507812,128.01663208007812,118.34205627441406,201.06695556640625,201.4785919189453,199.15457153320312,0.4094492793083191,0.42544490098953247,0.4698812663555145,41.86260223388672,54.46402359008789,55.60671615600586,-40.982051849365234,-50.655635833740234,-54.91778564453125,4.481048583984375,17.44379997253418,2.018446922302246,0.978965699672699,0.9300751686096191,0.9876106381416321,5.232176780700684,5.1425933837890625,4.187986850738525,nan
14.300,0,102.24124145507812,128.01663208007812,118.34205627441406,201.06695556640625,201.4785919189453,199.15457153320312,0.4094492793083191,0.42544490098953247,0.4698812663555145,41.86260223388672,54.46402359008789,55.60671615600586,-40.982051849365234,-50.655635833740234,-54.91778564453125,4.481048583984375,17.44379997253418,2.018446922302246,0.978965699672699,0.9300751686096191,0.9876106381416321,5.232176780700684,5.1425933837890625,4.187986850738525,nan
14.350,0,102.24124145507812,128.01663208007812,118.34205627441406,201.06695556640625,201.4785919189453,199.15457153320312,0.4094492793083191,0.42544490098953247,0.4698812663555145,41.86260223388672,54.46402359008789,55.60671615600586,-40.982051849365234,-50.655635833740234,-54.91778564453125,4.481048583984375,17.44379997253418,2.018446922302246,0.978965699672699,0.9300751686096191,0.9876106381416321,5.232176780700684,5.1425933837890625,4.187986850738525,nan
14.400,0,102.24124145507812,128.01663208007812,118.34205627441406,201.06695556640625,201.4785919189453,199.15457153320312,0.4094492793083191,0.42544490098953247,0.4698812663555145,41.86260223388672,54.46402359008789,55.60671615600586,-40.982051849365234,-50.655635833740234,-54.91778564453125,4.481048583984375,17.44379997253418,2.018446922302246,0.978965699672699,0.9300751686096191,0.9876106381416321,5.232176780700684,5.1425933837890625,4.187986850738525,nan
14.450,0,102.2220687866211,127.98065185546875,118.28263092041016,201.03013610839844,201.41983032226562,199.06024169921875,0.40572312474250793,0.4250245988368988,0.4665033519268036,41.47385787963867,54.39492416381836,55.17924499511719,-40.388275146484375,-49.90430450439453,-54.366424560546875,6.113999366760254,19.307207107543945,3.9283246994018555,0.9738249182701111,0.9174441695213318,0.9852694272994995,5.257471561431885,5.147189140319824,4.192975044250488,nan
14.500,0,102.2220687866211,127.98065185546875,118.28263092041016,201.03013610839844,201.41983032226562,199.06024169921875,0.40572312474250793,0.4250245988368988,0.4665033519268036,41.47385787963867,54.39492416381836,55.17924499511719,-40.388275146484375,-49.90430450439453,-54.366424560546875,6.113999366760254,19.307207107543945,3.9283246994018555,0.9738249182701111,0.9174441695213318,0.9852694272994995,5.257471561431885,5.147189140319824,4.192975044250488,nan
14.550,0,102.2220687866211,127.98065185546875,118.28263092041016,201.03013610839844,201.41983032226562,199.06024169921875,0.40572312474250793,0.4250245988368988,0.4665033519268036,41.47385787963867,54.39492416381836,55.17924499511719,-40.388275146484375,-49.90430450439453,-54.366424560546875,6.113999366760254,19.307207107543945,3.9283246994018555,0.9738249182701111,0.9174441695213318,0.9852694272994995,5.257471561431885,5.147189140319824,4.192975044250488,nan
14.600,0,102.2220687866211,127.98065185546875,118.28263092041016,201.03013610839844,201.41983032226562,199.06024169921875,0.40572312474250793,0.4250245988368988,0.4665033519268036,41.47385787963867,54.39492416381836,55.17924499511719,-40.388275146484375,-49.90430450439453,-54.366424560546875,6.113999366760254,19.307207107543945,3.9283246994018555,0.9738249182701111,0.9174441695213318,0.9852694272994995,5.257471561431885,5.147189140319824,4.192975044250488,nan
14.650,0,102.26278686523438,127.99461364746094,118.2884292602539,201.09353637695312,201.42291259765625,199.09713745117188,0.4044731557369232,0.41849619150161743,0.46278977394104004,41.362552642822266,53.56525802612305,54.74267578125,-40.350929260253906,-49.686866760253906,-53.91276168823242,4.224482536315918,16.943222045898438,1.9498646259307861,0.9755425453186035,0.9275950193405151,0.9848397374153137,5.232160568237305,5.121851921081543,4.188918113708496,nan
14.700,0,102.26278686523438,127.99461364746094,118.2884292602539,201.09353637695312,201.42291259765625,199.09713745117188,0.4044731557369232,0.41849619150161743,0.46278977394104004,41.362552642822266,53.56525802612305,54.74267578125,-40.350929260253906,-49.686866760253906,-53.91276168823242,4.224482536315918,16.943222045898438,1.9498646259307861,0.9755425453186035,0.9275950193405151,0.9848397374153137,5.232160568237305,5.121851921081543,4.188918113708496,nan
14.750,0,102.26278686523438,127.99461364746094,118.2884292602539,201.09353637695312,201.42291259765625,199.09713745117188,0.4044731557369232,0.41849619150161743,0.46278977394104004,41.362552642822266,53.56525802612305,54.74267578125,-40.350929260253906,-49.686866760253906,-53.91276168823242,4.224482536315918,16.943222045898438,1.9498646259307861,0.9755425453186035,0.9275950193405151,0.9848397374153137,5.232160568237305,5.121851921081543,4.188918113708496,nan
14.800,0,102.26278686523438,127.99461364746094,118.2884292602539,201.09353637695312,201.42291259765625,199.09713745117188,0.4044731557369232,0.41849619150161743,0.46278977394104004,41.362552642822266,53.56525802612305,54.74267578125,-40.350929260253906,-49.686866760253906,-53.91276168823242,4.224482536315918,16.943222045898438,1.9498646259307861,0.9755425453186035,0.9275950193405151,0.9848397374153137,5.232160568237305,5.121851921081543,4.188918113708496,nan
14.850,0,102.31649780273438,128.08578491210938,118.37957763671875,201.20880126953125,201.5547332763672,199.248779296875,0.4177192449569702,0.4360007345676422,0.4794834554195404,42.73957061767578,55.845497131347656,56.76104736328125,-41.712886810302734,-51.55156326293945,-56.01011276245117,5.70611047744751,19.08319854736328,3.29032039642334,0.9759781360626221,0.9231104850769043,0.9867702722549438,5.2286376953125,5.118895053863525,4.197183132171631,nan
14.900,0,102.31649780273438,128.08578491210938,118.37957763671875,201.20880126953125,201.5547332763672,199.248779296875,0.4177192449569702,0.4360007345676422,0.4794834554195404,42.73957061767578,55.845497131347656,56.76104736328125,-41.712886810302734,-51.55156326293945,-56.01011276245117,5.70611047744751,19.08319854736328,3.29032039642334,0.9759781360626221,0.9231104850769043,0.9867702722549438,5.2286376953125,5.118895053863525,4.197183132171631,nan
14.950,0,102.31649780273438,128.08578491210938,118.37957763671875,201.20880126953125,201.5547332763672,199.248779296875,0.4177192449569702,0.4360007345676422,0.4794834554195404,42.73957061767578,55.845497131347656,56.76104736328125,-41.712886810302734,-51.55156326293945,-56.01011276245117,5.70611047744751,19.08319854736328,3.29032039642334,0.9759781360626221,0.9231104850769043,0.9867702722549438,5.2286376953125,5.118895053863525,4.197183132171631,nan
15.000,0,102.31649780273438,128.08578491210938,118.37957763671875,201.20880126953125,201.5547332763672,199.248779296875,0.4177192449569702,0.4360007345676422,0.4794834554195404,42.73957061767578,55.845497131347656,56.76104736328125,-41.712886810302734,-51.55156326293945,-56.01011276245117,5.70611047744751,19.08319854736328,3.29032039642334,0.9759781360626221,0.9231104850769043,0.9867702722549438,5.2286376953125,5.118895053863525,4.197183132171631,nan
15.050,0,102.36003875732422,128.05368041992188,118.40760040283203,201.2071533203125,201.5625762939453,199.31329345703125,0.4233296513557434,0.4407549798488617,0.48190996050834656,43.33203887939453,56.4402961730957,57.06180191040039,-42.13750076293945,-51.9735107421875,-56.19504928588867,6.356245040893555,19.415142059326172,3.8665833473205566,0.9724329113960266,0.9208582043647766,0.9848102927207947,5.256318092346191,5.184451103210449,4.165087699890137,nan
15.100,0,102.45742797851562,128.18678283691406,118.54487609863281,201.40435791015625,201.79791259765625,199.51954650878906,0.43499812483787537,0.4507211446762085,0.4936217665672302,44.568790435791016,57.776493072509766,58.51633071899414,-43.42141342163086,-53.586181640625,-57.617008209228516,5.5364508628845215,18.54616355895996,2.755291223526001,0.9742560386657715,0.927473783493042,0.9846312403678894,5.278573989868164,5.160977840423584,4.202978134155273,nan
15.150,0,102.45742797851562,128.18678283691406,118.54487609863281,201.40435791015625,201.79791259765625,199.51954650878906,0.43499812483787537,0.4507211446762085,0.4936217665672302,44.568790435791016,57.776493072509766,58.51633071899414,-43.42141342163086,-53.586181640625,-57.617008209228516,5.5364508628845215,18.54616355895996,2.755291223526001,0.9742560386657715,0.927473783493042,0.9846312403678894,5.278573989868164,5.160977840423584,4.202978134155273,nan
15.200,0,102.45742797851562,128.18678283691406,118.54487609863281,201.40435791015625,201.79791259765625,199.51954650878906,0.43499812483787537,0.4507211446762085,0.4936217665672302,44.568790435791016,57.776493072509766,58.51633071899414,-43.42141342163086,-53.586181640625,-57.617008209228516,5.5364508628845215,18.54616355895996,2.755291223526001,0.9742560386657715,0.927473783493042,0.9846312403678894,5.278573989868164,5.160977840423584,4.202978134155273,nan
15.250,0,102.45742797851562,128.18678283691406,118.54487609863281,201.40435791015625,201.79791259765625,199.51954650878906,0.43499812483787537,0.4507211446762085,0.4936217665672302,44.568790435791016,57.776493072509766,58.51633071899414,-43.42141342163086,-53.586181640625,-57.617008209228516,5.5364508628845215,18.54616355895996,2.755291223526001,0.9742560386657715,0.927473783493042,0.9846312403678894,5.278573989868164,5.160977840423584,4.202978134155273,nan
15.300,0,102.4027099609375,128.1596221923828,118.4732437133789,201.36285400390625,201.69017028808594,199.39857482910156,0.4279504716396332,0.4441336989402771,0.48382171988487244,43.82328796386719,56.920005798339844,57.31992721557617,-42.63310241699219,-52.57578659057617,-56.4515380859375,6.319447994232178,19.072769165039062,3.663302183151245,0.9728412628173828,0.9236785173416138,0.9848501086235046,5.300132751464844,5.1780476570129395,4.188541889190674,nan
15.350,0,102.4027099609375,128.1596221923828,118.4732437133789,201.36285400390625,201.69017028808594,199.39857482910156,0.4279504716396332,0.4441336989402771,0.48382171988487244,43.82328796386719,56.920005798339844,57.31992721557617,-42.63310241699219,-52.57578659057617,-56.4515380859375,6.319447994232178,19.072769165039062,3.663302183151245,0.9728412628173828,0.9236785173416138,0.9848501086235046,5.300132751464844,5.1780476570129395,4.188541889190674,nan
15.400,0,102.4027099609375,128.1596221923828,118.4732437133789,201.36285400390625,201.69017028808594,199.39857482910156,0.4279504716396332,0.4441336989402771,0.48382171988487244,43.82328796386719,56.920005798339844,57.31992721557617,-42.63310241699219,-52.57578659057617,-56.4515380859375,6.319447994232178,19.072769165039062,3.663302183151245,0.9728412628173828,0.9236785173416138,0.9848501086235046,5.300132751464844,5.1780476570129395,4.188541889190674,nan
15.450,0,102.4027099609375,128.1596221923828,118.4732437133789,201.36285400390625,201.69017028808594,199.39857482910156,0.4279504716396332,0.4441336989402771,0.48382171988487244,43.82328796386719,56.920005798339844,57.31992721557617,-42.63310241699219,-52.57578659057617,-56.4515380859375,6.319447994232178,19.072769165039062,3.663302183151245,0.9728412628173828,0.9236785173416138,0.9848501086235046,5.300132751464844,5.1780476570129395,4.188541889190674,nan
15.500,0,102.4561538696289,128.1613006591797,118.54145812988281,201.38150024414062,201.7987823486328,199.4980926513672,0.43347635865211487,0.4482957124710083,0.49118414521217346,44.41231918334961,57.45416259765625,58.225685119628906,-43.198482513427734,-53.32465744018555,-57.24620819091797,5.182873725891113,18.031267166137695,2.3734281063079834,0.9726689457893372,0.9281252026557922,0.983177900314331,5.282177925109863,5.151042938232422,4.199652194976807,nan
15.550,0,102.4561538696289,128.1613006591797,118.54145812988281,201.38150024414062,201.7987823486328,199.4980926513672,0.43347635865211487,0.4482957124710083,0.49118414521217346,44.41231918334961,57.45416259765625,58.225685119628906,-43.198482513427734,-53.32465744018555,-57.24620819091797,5.182873725891113,18.031267166137695,2.3734281063079834,0.9726689457893372,0.9281252026557922,0.983177900314331,5.282177925109863,5.151042938232422,4.199652194976807,nan
15.600,0,102.4561538696289,128.1613006591797,118.54145812988281,201.38150024414062,201.7987823486328,199.4980926513672,0.43347635865211487,0.4482957124710083,0.49118414521217346,44.41231918334961,57.45416259765625,58.225685119628906,-43.198482513427734,-53.32465744018555,-57.24620819091797,5.182873725891113,18.031267166137695,2.3734281063079834,0.9726689457893372,0.9281252026557922,0.983177900314331,5.282177925109863,5.151042938232422,4.199652194976807,nan
15.650,0,102.4561538696289,128.1613006591797,118.54145812988281,201.38150024414062,201.7987823486328,199.4980926513672,0.43347635865211487,0.4482957124710083,0.49118414521217346,44.41231918334961,57.45416259765625,58.225685119628906,-43.198482513427734,-53.32465744018555,-57.24620819091797,5.182873725891113,18.031267166137695,2.3734281063079834,0.9726689457893372,0.9281252026557922,0.983177900314331,5.282177925109863,5.151042938232422,4.199652194976807,nan
15.700,0,102.38430786132812,128.11312866210938,118.48619079589844,201.26214599609375,201.69825744628906,199.40673828125,0.4301675856113434,0.44391152262687683,0.487131267786026,44.04241180419922,56.87089538574219,57.718326568603516,-42.8465461730957,-52.550533294677734,-56.803409576416016,5.926407814025879,18.842571258544922,3.5344481468200684,0.9728474020957947,0.9240320920944214,0.9841485619544983,5.306948661804199,5.193079471588135,4.153975486755371,nan
15.750,0,102.38430786132812,128.11312866210938,118.48619079589844,201.26214599609375,201.69825744628906,199.40673828125,0.4301675856113434,0.44391152262687683,0.487131267786026,44.04241180419922,56.87089538574219,57.718326568603516,-42.8465461730957,-52.550533294677734,-56.803409576416016,5.926407814025879,18.842571258544922,3.5344481468200684,0.9728474020957947,0.9240320920944214,0.9841485619544983,5.306948661804199,5.193079471588135,4.153975486755371,nan
15.800,0,102.38430786132812,128.11312866210938,118.48619079589844,201.26214599609375,201.69825744628906,199.40673828125,0.4301675856113434,0.44391152262687683,0.487131267786026,44.04241180419922,56.87089538574219,57.718326568603516,-42.8465461730957,-52.550533294677734,-56.803409576416016,5.926407814025879,18.842571258544922,3.5344481468200684,0.9728474020957947,0.9240320920944214,0.9841485619544983,5.306948661804199,5.193079471588135,4.153975486755371,nan
15.850,0,102.38430786132812,128.11312866210938,118.48619079589844,201.26214599609375,201.69825744628906,199.40673828125,0.4301675856113434,0.44391152262687683,0.487131267786026,44.04241180419922,56.87089538574219,57.718326568603516,-42.8465461730957,-52.550533294677734,-56.803409576416016,5.926407814025879,18.842571258544922,3.5344481468200684,0.9728474020957947,0.9240320920944214,0.9841485619544983,5.306948661804199,5.193079471588135,4.153975486755371,nan
15.900,0,102.4582290649414,128.1746063232422,118.5692367553711,201.37832641601562,201.80950927734375,199.55441284179688,0.4401523470878601,0.45584115386009216,0.49773406982421875,45.09722900390625,58.42726135253906,59.01594924926758,-43.903900146484375,-54.15580368041992,-58.11182403564453,6.007847785949707,18.95953369140625,3.1456985473632812,0.9735387563705444,0.9268927574157715,0.9846799969673157,5.257044792175293,5.15270471572876,4.141558647155762,nan
15.950,0,102.4582290649414,128.1746063232422,118.5692367553711,201.37832641601562,201.80950927734375,199.55441284179688,0.4401523470878601,0.45584115386009216,0.49773406982421875,45.09722900390625,58.42726135253906,59.01594924926758,-43.903900146484375,-54.15580368041992,-58.11182403564453,6.007847785949707,18.95953369140625,3.1456985473632812,0.9735387563705444,0.9268927574157715,0.9846799969673157,5.257044792175293,5.15270471572876,4.141558647155762,nan
16.000,0,102.4582290649414,128.1746063232422,118.5692367553711,201.37832641601562,201.80950927734375,199.55441284179688,0.4401523470878601,0.45584115386009216,0.49773406982421875,45.09722900390625,58.42726135253906,59.01594924926758,-43.903900146484375,-54.15580368041992,-58.11182403564453,6.007847785949707,18.95953369140625,3.1456985473632812,0.9735387563705444,0.9268927574157715,0.9846799969673157,5.257044792175293,5.15270471572876,4.141558647155762,nan
16.050,0,102.4582290649414,128.1746063232422,118.5692367553711,201.37832641601562,201.80950927734375,199.55441284179688,0.4401523470878601,0.45584115386009216,0.49773406982421875,45.09722900390625,58.42726135253906,59.01594924926758,-43.903900146484375,-54.15580368041992,-58.11182403564453,6.007847785949707,18.95953369140625,3.1456985473632812,0.9735387563705444,0.9268927574157715,0.9846799969673157,5.257044792175293,5.15270471572876,4.141558647155762,nan
16.100,0,102.45584106445312,128.15975952148438,118.49591827392578,201.41111755371094,201.7022705078125,199.46728515625,0.43265148997306824,0.45029813051223755,0.4888976514339447,44.32767105102539,57.71009826660156,57.932376861572266,-42.997528076171875,-53.40684509277344,-56.93144989013672,5.755394458770752,18.424156188964844,2.636296272277832,0.9699929356575012,0.9254332780838013,0.9827225208282471,5.234708309173584,5.107315540313721,4.186158180236816,nan
16.150,0,102.45584106445312,128.15975952148438,118.49591827392578,201.41111755371094,201.7022705078125,199.46728515625,0.43265148997306824,0.45029813051223755,0.4888976514339447,44.32767105102539,57.71009826660156,57.932376861572266,-42.997528076171875,-53.40684509277344,-56.93144989013672,5.755394458770752,18.424156188964844,2.636296272277832,0.9699929356575012,0.9254332780838013,0.9827225208282471,5.234708309173584,5.107315540313721,4.186158180236816,nan
16.200,0,102.45584106445312,128.15975952148438,118.49591827392578,201.41111755371094,201.7022705078125,199.46728515625,0.43265148997306824,0.45029813051223755,0.4888976514339447,44.32767105102539,57.71009826660156,57.932376861572266,-42.997528076171875,-53.40684509277344,-56.93144989013672,5.755394458770752,18.424156188964844,2.636296272277832,0.9699929356575012,0.9254332780838013,0.9827225208282471,5.234708309173584,5.107315540313721,4.186158180236816,nan
16.250,0,102.45584106445312,128.15975952148438,118.49591827392578,201.41111755371094,201.7022705078125,199.46728515625,0.43265148997306824,0.45029813051223755,0.4888976514339447,44.32767105102539,57.71009826660156,57.932376861572266,-42.997528076171875,-53.40684509277344,-56.93144989013672,5.755394458770752,18.424156188964844,2.636296272277832,0.9699929356575012,0.9254332780838013,0.9827225208282471,5.234708309173584,5.107315540313721,4.186158180236816,nan
16.300,0,102.49928283691406,128.22573852539062,118.52519989013672,201.49441528320312,201.8031768798828,199.52915954589844,0.43840014934539795,0.4564341902732849,0.498007595539093,44.935699462890625,58.526611328125,59.026451110839844,-43.612728118896484,-53.96403884887695,-58.084259033203125,6.375880241394043,19.68058204650879,3.558910846710205,0.9705585837364197,0.9220427870750427,0.9840378165245056,5.279422760009766,5.131115436553955,4.19320011138916,nan
16.350,0,102.49928283691406,128.22573852539062,118.52519989013672,201.49441528320312,201.8031768798828,199.52915954589844,0.43840014934539795,0.4564341902732849,0.498007595539093,44.935699462890625,58.526611328125,59.026451110839844,-43.612728118896484,-53.96403884887695,-58.084259033203125,6.375880241394043,19.68058204650879,3.558910846710205,0.9705585837364197,0.9220427870750427,0.9840378165245056,5.279422760009766,5.131115436553955,4.19320011138916,nan
16.400,0,102.49928283691406,128.22573852539062,118.52519989013672,201.49441528320312,201.8031768798828,199.52915954589844,0.43840014934539795,0.4564341902732849,0.498007595539093,44.935699462890625,58.526611328125,59.026451110839844,-43.612728118896484,-53.96403884887695,-58.084259033203125,6.375880241394043,19.68058204650879,3.558910846710205,0.9705585837364197,0.9220427870750427,0.9840378165245056,5.279422760009766,5.131115436553955,4.19320011138916,nan
16.450,0,102.49928283691406,128.22573852539062,118.52519989013672,201.49441528320312,201.8031768798828,199.52915954589844,0.43840014934539795,0.4564341902732849,0.498007595539093,44.935699462890625,58.526611328125,59.026451110839844,-43.612728118896484,-53.96403884887695,-58.084259033203125,6.375880241394043,19.68058204650879,3.558910846710205,0.9705585837364197,0.9220427870750427,0.9840378165245056,5.279422760009766,5.131115436553955,4.19320011138916,nan
16.500,0,102.49417877197266,128.2598114013672,118.53947448730469,201.54261779785156,201.840087890625,199.5200653076172,0.44094330072402954,0.45913228392601013,0.49852651357650757,45.194122314453125,58.888221740722656,59.095069885253906,-43.81938934326172,-54.534645080566406,-58.074581146240234,6.106710433959961,19.030067443847656,2.8796133995056152,0.9695816040039062,0.926070511341095,0.9827314019203186,5.294482231140137,5.15435791015625,4.190845489501953,nan
16.550,0,102.49417877197266,128.2598114013672,118.53947448730469,201.54261779785156,201.840087890625,199.5200653076172,0.44094330072402954,0.45913228392601013,0.49852651357650757,45.194122314453125,58.888221740722656,59.095069885253906,-43.81938934326172,-54.534645080566406,-58.074581146240234,6.106710433959961,19.030067443847656,2.8796133995056152,0.9695816040039062,0.926070511341095,0.9827314019203186,5.294482231140137,5.15435791015625,4.190845489501953,nan
16.600,0,102.49417877197266,128.2598114013672,118.53947448730469,201.54261779785156,201.840087890625,199.5200653076172,0.44094330072402954,0.45913228392601013,0.49852651357650757,45.194122314453125,58.888221740722656,59.095069885253906,-43.81938934326172,-54.534645080566406,-58.074581146240234,6.106710433959961,19.030067443847656,2.8796133995056152,0.9695816040039062,0.926070511341095,0.9827314019203186,5.294482231140137,5.15435791015625,4.190845489501953,nan
16.650,0,102.49417877197266,128.2598114013672,118.53947448730469,201.54261779785156,201.840087890625,199.5200653076172,0.44094330072402954,0.45913228392601013,0.49852651357650757,45.194122314453125,58.888221740722656,59.095069885253906,-43.81938934326172,-54.534645080566406,-58.074581146240234,6.106710433959961,19.030067443847656,2.8796133995056152,0.9695816040039062,0.926070511341095,0.9827314019203186,5.294482231140137,5.15435791015625,4.190845489501953,nan
16.700,0,102.45842742919922,128.2068328857422,118.52613830566406,201.4379425048828,201.83946228027344,199.46372985839844,0.43485817313194275,0.45324862003326416,0.49551019072532654,44.55488586425781,58.10956954956055,58.73091125488281,-43.17963790893555,-53.544273376464844,-57.705692291259766,5.951138496398926,19.30683135986328,3.1553213596343994,0.9691336154937744,0.9214364290237427,0.9825437664985657,5.330051422119141,5.183864116668701,4.231244087219238,nan
16.750,0,102.45842742919922,128.2068328857422,118.52613830566406,201.4379425048828,201.83946228027344,199.46372985839844,0.43485817313194275,0.45324862003326416,0.49551019072532654,44.55488586425781,58.10956954956055,58.73091125488281,-43.17963790893555,-53.544273376464844,-57.705692291259766,5.951138496398926,19.30683135986328,3.1553213596343994,0.9691336154937744,0.9214364290237427,0.9825437664985657,5.330051422119141,5.183864116668701,4.231244087219238,nan
16.800,0,102.45842742919922,128.2068328857422,118.52613830566406,201.4379425048828,201.83946228027344,199.46372985839844,0.43485817313194275,0.45324862003326416,0.49551019072532654,44.55488586425781,58.10956954956055,58.73091125488281,-43.17963790893555,-53.544273376464844,-57.705692291259766,5.951138496398926,19.30683135986328,3.1553213596343994,0.9691336154937744,0.9214364290237427,0.9825437664985657,5.330051422119141,5.183864116668701,4.231244087219238,nan
16.850,0,102.45842742919922,128.2068328857422,118.52613830566406,201.4379425048828,201.83946228027344,199.46372985839844,0.43485817313194275,0.45324862003326416,0.49551019072532654,44.55488586425781,58.10956954956055,58.73091125488281,-43.17963790893555,-53.544273376464844,-57.705692291259766,5.951138496398926,19.30683135986328,3.1553213596343994,0.9691336154937744,0.9214364290237427,0.9825437664985657,5.330051422119141,5.183864116668701,4.231244087219238,nan
16.900,0,102.55004119873047,128.2962646484375,118.64152526855469,201.5931854248047,201.95489501953125,199.68560791015625,0.4475553333759308,0.4637754559516907,0.5070429444313049,45.89681625366211,59.50065994262695,60.156349182128906,-44.61034393310547,-55.026641845703125,-59.16877365112305,6.0642290115356445,19.367176055908203,3.202392339706421,0.9719703197479248,0.9248072504997253,0.9835832118988037,5.2773637771606445,5.179505348205566,4.186704158782959,nan
16.950,0,102.55004119873047,128.2962646484375,118.64152526855469,201.5931854248047,201.95489501953125,199.68560791015625,0.4475553333759308,0.4637754559516907,0.5070429444313049,45.89681625366211,59.50065994262695,60.156349182128906,-44.61034393310547,-55.026641845703125,-59.16877365112305,6.0642290115356445,19.367176055908203,3.202392339706421,0.9719703197479248,0.9248072504997253,0.9835832118988037,5.2773637771606445,5.179505348205566,4.186704158782959,nan
17.000,0,102.55004119873047,128.2962646484375,118.64152526855469,201.5931854248047,201.95489501953125,199.68560791015625,0.4475553333759308,0.4637754559516907,0.5070429444313049,45.89681625366211,59.50065994262695,60.156349182128906,-44.61034393310547,-55.026641845703125,-59.16877365112305,6.0642290115356445,19.367176055908203,3.202392339706421,0.9719703197479248,0.9248072504997253,0.9835832118988037,5.2773637771606445,5.179505348205566,4.186704158782959,nan
17.050,0,102.55004119873047,128.2962646484375,118.64152526855469,201.5931854248047,201.95489501953125,199.68560791015625,0.4475553333759308,0.4637754559516907,0.5070429444313049,45.89681625366211,59.50065994262695,60.156349182128906,-44.61034393310547,-55.026641845703125,-59.16877365112305,6.0642290115356445,19.367176055908203,3.202392339706421,0.9719703197479248,0.9248072504997253,0.9835832118988037,5.2773637771606445,5.179505348205566,4.186704158782959,nan
17.100,0,102.48827362060547,128.1918487548828,118.5469970703125,201.44920349121094,201.81405639648438,199.5298614501953,0.43386110663414,0.45202505588531494,0.4927445352077484,44.465675354003906,57.945926666259766,58.41338348388672,-43.071163177490234,-53.43837356567383,-57.36349105834961,5.928449630737305,19.011486053466797,2.9999783039093018,0.9686384797096252,0.9222110509872437,0.9820265173912048,5.2534637451171875,5.176579475402832,4.2288312911987305,nan
17.150,0,102.48827362060547,128.1918487548828,118.5469970703125,201.44920349121094,201.81405639648438,199.5298614501953,0.43386110663414,0.45202505588531494,0.4927445352077484,44.465675354003906,57.945926666259766,58.41338348388672,-43.071163177490234,-53.43837356567383,-57.36349105834961,5.928449630737305,19.011486053466797,2.9999783039093018,0.9686384797096252,0.9222110509872437,0.9820265173912048,5.2534637451171875,5.176579475402832,4.2288312911987305,nan
17.200,0,102.48827362060547,128.1918487548828,118.5469970703125,201.44920349121094,201.81405639648438,199.5298614501953,0.43386110663414,0.45202505588531494,0.4927445352077484,44.465675354003906,57.945926666259766,58.41338348388672,-43.071163177490234,-53.43837356567383,-57.36349105834961,5.928449630737305,19.011486053466797,2.9999783039093018,0.9686384797096252,0.9222110509872437,0.9820265173912048,5.2534637451171875,5.176579475402832,4.2288312911987305,nan
17.250,0,102.48827362060547,128.1918487548828,118.5469970703125,201.44920349121094,201.81405639648438,199.5298614501953,0.43386110663414,0.45202505588531494,0.4927445352077484,44.465675354003906,57.945926666259766,58.41338348388672,-43.071163177490234,-53.43837356567383,-57.36349105834961,5.928449630737305,19.011486053466797,2.9999783039093018,0.9686384797096252,0.9222110509872437,0.9820265173912048,5.2534637451171875,5.176579475402832,4.2288312911987305,nan
17.300,0,102.54637145996094,128.34939575195312,118.64374542236328,201.67214965820312,201.97036743164062,199.6795196533203,0.44989457726478577,0.4681015908718109,0.5088854432106018,46.13505554199219,60.0805549621582,60.376075744628906,-44.8166389465332,-55.56340789794922,-59.37462615966797,6.312864780426025,19.52374839782715,3.143404960632324,0.9714226722717285,0.9248151779174805,0.9834131598472595,5.26007604598999,5.13521146774292,4.1276726722717285,nan
17.350,0,102.54637145996094,128.34939575195312,118.64374542236328,201.67214965820312,201.97036743164062,199.6795196533203,0.44989457726478577,0.4681015908718109,0.5088854432106018,46.13505554199219,60.0805549621582,60.376075744628906,-44.8166389465332,-55.56340789794922,-59.37462615966797,6.312864780426025,19.52374839782715,3.143404960632324,0.9714226722717285,0.9248151779174805,0.9834131598472595,5.26007604598999,5.13521146774292,4.1276726722717285,nan
17.400,0,102.54637145996094,128.34939575195312,118.64374542236328,201.67214965820312,201.97036743164062,199.6795196533203,0.44989457726478577,0.4681015908718109,0.5088854432106018,46.13505554199219,60.0805549621582,60.376075744628906,-44.8166389465332,-55.56340789794922,-59.37462615966797,6.312864780426025,19.52374839782715,3.143404960632324,0.9714226722717285,0.9248151779174805,0.9834131598472595,5.26007604598999,5.13521146774292,4.1276726722717285,nan
17.450,0,102.54637145996094,128.34939575195312,118.64374542236328,201.67214965820312,201.97036743164062,199.6795196533203,0.44989457726478577,0.4681015908718109,0.5088854432106018,46.13505554199219,60.0805549621582,60.376075744628906,-44.8166389465332,-55.56340789794922,-59.37462615966797,6.312864780426025,19.52374839782715,3.143404960632324,0.9714226722717285,0.9248151779174805,0.9834131598472595,5.26007604598999,5.13521146774292,4.1276726722717285,nan
17.500,0,102.48936462402344,128.23472595214844,118.53865814208984,201.4995880126953,201.82644653320312,199.5236358642578,0.43672794103622437,0.4540545642375946,0.49640771746635437,44.75996780395508,58.225563049316406,58.843505859375,-43.44607162475586,-53.982112884521484,-57.8153190612793,5.147980690002441,18.243743896484375,2.066197156906128,0.9706457257270813,0.9271205067634583,0.9825267791748047,5.335353851318359,5.19500732421875,4.19407844543457,nan
17.550,0,102.48936462402344,128.23472595214844,118.53865814208984,201.4995880126953,201.82644653320312,199.5236358642578,0.43672794103622437,0.4540545642375946,0.49640771746635437,44.75996780395508,58.225563049316406,58.843505859375,-43.44607162475586,-53.982112884521484,-57.8153190612793,5.147980690002441,18.243743896484375,2.066197156906128,0.9706457257270813,0.9271205067634583,0.9825267791748047,5.335353851318359,5.19500732421875,4.19407844543457,nan
17.600,0,102.48936462402344,128.23472595214844,118.53865814208984,201.4995880126953,201.82644653320312,199.5236358642578,0.43672794103622437,0.4540545642375946,0.49640771746635437,44.75996780395508,58.225563049316406,58.843505859375,-43.44607162475586,-53.982112884521484,-57.8153190612793,5.147980690002441,18.243743896484375,2.066197156906128,0.9706457257270813,0.9271205067634583,0.9825267791748047,5.335353851318359,5.19500732421875,4.19407844543457,nan
17.650,0,102.48936462402344,128.23472595214844,118.53865814208984,201.4995880126953,201.82644653320312,199.5236358642578,0.43672794103622437,0.4540545642375946,0.49640771746635437,44.75996780395508,58.225563049316406,58.843505859375,-43.44607162475586,-53.982112884521484,-57.8153190612793,5.147980690002441,18.243743896484375,2.066197156906128,0.9706457257270813,0.9271205067634583,0.9825267791748047,5.335353851318359,5.19500732421875,4.19407844543457,nan
17.700,0,102.50164794921875,128.21005249023438,118.54035186767578,201.4932098388672,201.82086181640625,199.523193359375,0.4442375898361206,0.46366095542907715,0.5053414702415466,45.53508377075195,59.44599533081055,59.90335464477539,-44.069435119628906,-54.70711898803711,-58.782100677490234,6.290987968444824,19.75473976135254,3.2882449626922607,0.9678127765655518,0.9202826619148254,0.9812822937965393,5.332286834716797,5.184427261352539,4.236340522766113,nan
17.750,0,102.50164794921875,128.21005249023438,118.54035186767578,201.4932098388672,201.82086181640625,199.523193359375,0.4442375898361206,0.46366095542907715,0.5053414702415466,45.53508377075195,59.44599533081055,59.90335464477539,-44.069435119628906,-54.70711898803711,-58.782100677490234,6.290987968444824,19.75473976135254,3.2882449626922607,0.9678127765655518,0.9202826619148254,0.9812822937965393,5.332286834716797,5.184427261352539,4.236340522766113,nan
17.800,0,102.50164794921875,128.21005249023438,118.54035186767578,201.4932098388672,201.82086181640625,199.523193359375,0.4442375898361206,0.46366095542907715,0.5053414702415466,45.53508377075195,59.44599533081055,59.90335464477539,-44.069435119628906,-54.70711898803711,-58.782100677490234,6.290987968444824,19.75473976135254,3.2882449626922607,0.9678127765655518,0.9202826619148254,0.9812822937965393,5.332286834716797,5.184427261352539,4.236340522766113,nan
17.850,0,102.50164794921875,128.21005249023438,118.54035186767578,201.4932098388672,201.82086181640625,199.523193359375,0.4442375898361206,0.46366095542907715,0.5053414702415466,45.53508377075195,59.44599533081055,59.90335464477539,-44.069435119628906,-54.70711898803711,-58.782100677490234,6.290987968444824,19.75473976135254,3.2882449626922607,0.9678127765655518,0.9202826619148254,0.9812822937965393,5.332286834716797,5.184427261352539,4.236340522766113,nan
17.900,0,102.53179931640625,128.23291015625,118.5936279296875,201.51087951660156,201.86546325683594,199.6332550048828,0.44588467478752136,0.4619062840938568,0.5061387419700623,45.71735763549805,59.23158645629883,60.02482986450195,-44.4184684753418,-54.744903564453125,-59.0269889831543,5.82767915725708,19.21465492248535,3.0464065074920654,0.9715887308120728,0.9242518544197083,0.9833762049674988,5.3063225746154785,5.170538902282715,4.202116012573242,nan
17.950,0,102.53179931640625,128.23291015625,118.5936279296875,201.51087951660156,201.86546325683594,199.6332550048828,0.44588467478752136,0.4619062840938568,0.5061387419700623,45.71735763549805,59.23158645629883,60.02482986450195,-44.4184684753418,-54.744903564453125,-59.0269889831543,5.82767915725708,19.21465492248535,3.0464065074920654,0.9715887308120728,0.9242518544197083,0.9833762049674988,5.3063225746154785,5.170538902282715,4.202116012573242,nan
18.000,0,102.53179931640625,128.23291015625,118.5936279296875,201.51087951660156,201.86546325683594,199.6332550048828,0.44588467478752136,0.4619062840938568,0.5061387419700623,45.71735763549805,59.23158645629883,60.02482986450195,-44.4184684753418,-54.744903564453125,-59.0269889831543,5.82767915725708,19.21465492248535,3.0464065074920654,0.9715887308120728,0.9242518544197083,0.9833762049674988,5.3063225746154785,5.170538902282715,4.202116012573242,nan
18.050,0,102.53179931640625,128.23291015625,118.5936279296875,201.51087951660156,201.86546325683594,199.6332550048828,0.44588467478752136,0.4619062840938568,0.5061387419700623,45.71735763549805,59.23158645629883,60.02482986450195,-44.4184684753418,-54.744903564453125,-59.0269889831543,5.82767915725708,19.21465492248535,3.0464065074920654,0.9715887308120728,0.9242518544197083,0.9833762049674988,5.3063225746154785,5.170538902282715,4.202116012573242,nan
18.100,0,102.50462341308594,128.1976776123047,118.52886962890625,201.47462463378906,201.79150390625,199.5298309326172,0.4426480233669281,0.4582025706768036,0.4988366663455963,45.373470306396484,58.74050521850586,59.12654495239258,-43.81037139892578,-54.05940628051758,-57.900062561035156,6.238086700439453,19.124786376953125,3.359525442123413,0.9655503630638123,0.9203088283538818,0.9792566299438477,5.313086032867432,5.142590522766113,4.2056097984313965,nan
18.150,0,102.50462341308594,128.1976776123047,118.52886962890625,201.47462463378906,201.79150390625,199.5298309326172,0.4426480233669281,0.4582025706768036,0.4988366663455963,45.373470306396484,58.74050521850586,59.12654495239258,-43.81037139892578,-54.05940628051758,-57.900062561035156,6.238086700439453,19.124786376953125,3.359525442123413,0.9655503630638123,0.9203088283538818,0.9792566299438477,5.313086032867432,5.142590522766113,4.2056097984313965,nan
18.200,0,102.50462341308594,128.1976776123047,118.52886962890625,201.47462463378906,201.79150390625,199.5298309326172,0.4426480233669281,0.4582025706768036,0.4988366663455963,45.373470306396484,58.74050521850586,59.12654495239258,-43.81037139892578,-54.05940628051758,-57.900062561035156,6.238086700439453,19.124786376953125,3.359525442123413,0.9655503630638123,0.9203088283538818,0.9792566299438477,5.313086032867432,5.142590522766113,4.2056097984313965,nan
18.250,0,102.55679321289062,128.3317413330078,118.63713073730469,201.64431762695312,201.97239685058594,199.68130493164062,0.4538998603820801,0.47100764513015747,0.4988366663455963,45.373470306396484,58.74050521850586,59.12654495239258,-43.81037139892578,-54.05940628051758,-57.900062561035156,6.238086700439453,19.124786376953125,3.359525442123413,0.9655503630638123,0.9203088283538818,0.9792566299438477,5.313086032867432,5.142590522766113,4.2056097984313965,nan
18.300,0,102.55679321289062,128.3317413330078,118.63713073730469,201.64431762695312,201.97239685058594,199.68130493164062,0.4538998603820801,0.47100764513015747,0.5101125836372375,46.550514221191406,60.44523239135742,60.51829147338867,-45.13298797607422,-55.99834442138672,-59.371219635009766,6.151607513427734,18.912906646728516,2.778702735900879,0.9695486426353455,0.9264311194419861,0.9810458421707153,5.280156135559082,5.1412553787231445,4.147365093231201,nan
18.350,0,102.55679321289062,128.3317413330078,118.63713073730469,201.64431762695312,201.97239685058594,199.68130493164062,0.4538998603820801,0.47100764513015747,0.5101125836372375,46.550514221191406,60.44523239135742,60.51829147338867,-45.13298797607422,-55.99834442138672,-59.371219635009766,6.151607513427734,18.912906646728516,2.778702735900879,0.9695486426353455,0.9264311194419861,0.9810458421707153,5.280156135559082,5.1412553787231445,4.147365093231201,nan
18.400,0,102.55679321289062,128.3317413330078,118.63713073730469,201.64431762695312,201.97239685058594,199.68130493164062,0.4538998603820801,0.47100764513015747,0.5101125836372375,46.550514221191406,60.44523239135742,60.51829147338867,-45.13298797607422,-55.99834442138672,-59.371219635009766,6.151607513427734,18.912906646728516,2.778702735900879,0.9695486426353455,0.9264311194419861,0.9810458421707153,5.280156135559082,5.1412553787231445,4.147365093231201,nan
18.450,0,102.55679321289062,128.3317413330078,118.63713073730469,201.64431762695312,201.97239685058594,199.68130493164062,0.4538998603820801,0.47100764513015747,0.5101125836372375,46.550514221191406,60.44523239135742,60.51829147338867,-45.13298797607422,-55.99834442138672,-59.371219635009766,6.151607513427734,18.912906646728516,2.778702735900879,0.9695486426353455,0.9264311194419861,0.9810458421707153,5.280156135559082,5.1412553787231445,4.147365093231201,nan
18.500,0,102.52092742919922,128.27352905273438,118.60559844970703,201.54702758789062,201.93536376953125,199.60963439941406,0.4435899257659912,0.4615094065666199,0.5049309730529785,45.47724914550781,59.199440002441406,59.88764190673828,-44.11003875732422,-54.666099548339844,-58.83349609375,5.615700721740723,19.072208404541016,2.6804330348968506,0.9699363708496094,0.9234225749969482,0.9823979139328003,5.244149208068848,5.106456279754639,4.172418117523193,nan
18.550,0,102.52092742919922,128.27352905273438,118.60559844970703,201.54702758789062,201.93536376953125,199.60963439941406,0.4435899257659912,0.4615094065666199,0.5049309730529785,45.47724914550781,59.199440002441406,59.88764190673828,-44.11003875732422,-54.666099548339844,-58.83349609375,5.615700721740723,19.072208404541016,2.6804330348968506,0.9699363708496094,0.9234225749969482,0.9823979139328003,5.244149208068848,5.106456279754639,4.172418117523193,nan
18.600,0,102.52092742919922,128.27352905273438,118.60559844970703,201.54702758789062,201.93536376953125,199.60963439941406,0.4435899257659912,0.4615094065666199,0.5049309730529785,45.47724914550781,59.199440002441406,59.88764190673828,-44.11003875732422,-54.666099548339844,-58.83349609375,5.615700721740723,19.072208404541016,2.6804330348968506,0.9699363708496094,0.9234225749969482,0.9823979139328003,5.244149208068848,5.106456279754639,4.172418117523193,nan
18.650,0,102.52780151367188,128.25335693359375,118.55534362792969,201.56173706054688,201.8697967529297,199.55184936523438,0.4473727345466614,0.46360230445861816,0.5043752789497375,45.868141174316406,59.458553314208984,59.796382904052734,-44.289825439453125,-54.701663970947266,-58.57798385620117,6.488744258880615,19.543014526367188,3.6030540466308594,0.9655901789665222,0.9199965596199036,0.9796242117881775,5.249825477600098,5.141106128692627,4.1709699630737305,nan
18.700,0,102.52780151367188,128.25335693359375,118.55534362792969,201.56173706054688,201.8697967529297,199.55184936523438,0.4473727345466614,0.46360230445861816,0.5043752789497375,45.868141174316406,59.458553314208984,59.796382904052734,-44.289825439453125,-54.701663970947266,-58.57798385620117,6.488744258880615,19.543014526367188,3.6030540466308594,0.9655901789665222,0.9199965596199036,0.9796242117881775,5.249825477600098,5.141106128692627,4.1709699630737305,nan
18.750,0,102.52780151367188,128.25335693359375,118.55534362792969,201.56173706054688,201.8697967529297,199.55184936523438,0.4473727345466614,0.46360230445861816,0.5043752789497375,45.868141174316406,59.458553314208984,59.796382904052734,-44.289825439453125,-54.701663970947266,-58.57798385620117,6.488744258880615,19.543014526367188,3.6030540466308594,0.9655901789665222,0.9199965596199036,0.9796242117881775,5.249825477600098,5.141106128692627,4.1709699630737305,nan
18.800,0,102.52780151367188,128.25335693359375,118.55534362792969,201.56173706054688,201.8697967529297,199.55184936523438,0.4473727345466614,0.46360230445861816,0.5043752789497375,45.868141174316406,59.458553314208984,59.796382904052734,-44.289825439453125,-54.701663970947266,-58.57798385620117,6.488744258880615,19.543014526367188,3.6030540466308594,0.9655901789665222,0.9199965596199036,0.9796242117881775,5.249825477600098,5.141106128692627,4.1709699630737305,nan
18.850,0,102.52452087402344,128.25335693359375,118.55534362792969,201.56173706054688,201.8697967529297,199.55184936523438,0.4473727345466614,0.46360230445861816,0.5043752789497375,45.868141174316406,59.458553314208984,59.796382904052734,-44.289825439453125,-54.701663970947266,-58.57798385620117,6.488744258880615,19.543014526367188,3.6030540466308594,0.9655901789665222,0.9199965596199036,0.9796242117881775,5.249825477600098,5.141106128692627,4.1709699630737305,nan
18.900,0,102.52452087402344,128.26780700683594,118.59746551513672,201.56813049316406,201.88905334472656,199.60888671875,0.4526870846748352,0.47000160813331604,0.5088575482368469,46.41152572631836,60.286075592041016,60.34921646118164,-44.814453125,-55.74083709716797,-59.04676055908203,5.877277374267578,18.619348526000977,2.406255006790161,0.9655888676643372,0.9246054887771606,0.9784179925918579,5.227825164794922,5.1295390129089355,4.185670852661133,nan
18.950,0,102.52452087402344,128.26780700683594,118.59746551513672,201.56813049316406,201.88905334472656,199.60888671875,0.4526870846748352,0.47000160813331604,0.5088575482368469,46.41152572631836,60.286075592041016,60.34921646118164,-44.814453125,-55.74083709716797,-59.04676055908203,5.877277374267578,18.619348526000977,2.406255006790161,0.9655888676643372,0.9246054887771606,0.9784179925918579,5.227825164794922,5.1295390129089355,4.185670852661133,nan
19.000,0,102.52452087402344,128.26780700683594,118.59746551513672,201.56813049316406,201.88905334472656,199.60888671875,0.4526870846748352,0.47000160813331604,0.5088575482368469,46.41152572631836,60.286075592041016,60.34921646118164,-44.814453125,-55.74083709716797,-59.04676055908203,5.877277374267578,18.619348526000977,2.406255006790161,0.9655888676643372,0.9246054887771606,0.9784179925918579,5.227825164794922,5.1295390129089355,4.185670852661133,nan
19.050,0,102.52452087402344,128.26780700683594,118.59746551513672,201.56813049316406,201.88905334472656,199.60888671875,0.4526870846748352,0.47000160813331604,0.5088575482368469,46.41152572631836,60.286075592041016,60.34921646118164,-44.814453125,-55.74083709716797,-59.04676055908203,5.877277374267578,18.619348526000977,2.406255006790161,0.9655888676643372,0.9246054887771606,0.9784179925918579,5.227825164794922,5.1295390129089355,4.185670852661133,nan
19.100,0,102.48352813720703,128.18324279785156,118.52688598632812,201.43450927734375,201.76947021484375,199.52175903320312,0.4497845768928528,0.4641852378845215,0.5086184740066528,46.09550857543945,59.500770568847656,60.28496551513672,-44.602996826171875,-54.711360931396484,-59.1297492980957,6.421787261962891,19.82154083251953,3.8796565532684326,0.9676213264465332,0.9195067882537842,0.9808374047279358,5.2742815017700195,5.166468143463135,4.1865034103393555,nan
19.150,0,102.48352813720703,128.18324279785156,118.52688598632812,201.43450927734375,201.76947021484375,199.52175903320312,0.4497845768928528,0.4641852378845215,0.5086184740066528,46.09550857543945,59.500770568847656,60.28496551513672,-44.602996826171875,-54.711360931396484,-59.1297492980957,6.421787261962891,19.82154083251953,3.8796565532684326,0.9676213264465332,0.9195067882537842,0.9808374047279358,5.2742815017700195,5.166468143463135,4.1865034103393555,nan
19.200,0,102.48352813720703,128.18324279785156,118.52688598632812,201.43450927734375,201.76947021484375,199.52175903320312,0.4497845768928528,0.4641852378845215,0.5086184740066528,46.09550857543945,59.500770568847656,60.28496551513672,-44.602996826171875,-54.711360931396484,-59.1297492980957,6.421787261962891,19.82154083251953,3.8796565532684326,0.9676213264465332,0.9195067882537842,0.9808374047279358,5.2742815017700195,5.166468143463135,4.1865034103393555,nan
19.250,0,102.48352813720703,128.18324279785156,118.52688598632812,201.43450927734375,201.76947021484375,199.52175903320312,0.4497845768928528,0.4641852378845215,0.5086184740066528,46.09550857543945,59.500770568847656,60.28496551513672,-44.602996826171875,-54.711360931396484,-59.1297492980957,6.421787261962891,19.82154083251953,3.8796565532684326,0.9676213264465332,0.9195067882537842,0.9808374047279358,5.2742815017700195,5.166468143463135,4.1865034103393555,nan
19.300,0,102.47578430175781,128.26547241210938,118.56094360351562,201.53131103515625,201.86463928222656,199.52230834960938,0.4508295953273773,0.46990129351615906,0.5097043514251709,46.19911575317383,60.27210998535156,60.4310302734375,-44.7194709777832,-55.683685302734375,-59.22688674926758,5.993707180023193,19.065340042114258,2.6157147884368896,0.967972457408905,0.9238715171813965,0.9800741076469421,5.276861667633057,5.15787935256958,4.2035603523254395,nan
19.350,0,102.47578430175781,128.26547241210938,118.56094360351562,201.53131103515625,201.86463928222656,199.52230834960938,0.4508295953273773,0.46990129351615906,0.5097043514251709,46.19911575317383,60.27210998535156,60.4310302734375,-44.7194709777832,-55.683685302734375,-59.22688674926758,5.993707180023193,19.065340042114258,2.6157147884368896,0.967972457408905,0.9238715171813965,0.9800741076469421,5.276861667633057,5.15787935256958,4.2035603523254395,nan
19.400,0,102.47578430175781,128.26547241210938,118.56094360351562,201.53131103515625,201.86463928222656,199.52230834960938,0.4508295953273773,0.46990129351615906,0.5097043514251709,46.19911575317383,60.27210998535156,60.4310302734375,-44.7194709777832,-55.683685302734375,-59.22688674926758,5.993707180023193,19.065340042114258,2.6157147884368896,0.967972457408905,0.9238715171813965,0.9800741076469421,5.276861667633057,5.15787935256958,4.2035603523254395,nan
19.450,0,102.53475952148438,128.26547241210938,118.56094360351562,201.53131103515625,201.86463928222656,199.52230834960938,0.4508295953273773,0.46990129351615906,0.5097043514251709,46.19911575317383,60.27210998535156,60.4310302734375,-44.7194709777832,-55.683685302734375,-59.22688674926758,5.993707180023193,19.065340042114258,2.6157147884368896,0.967972457408905,0.9238715171813965,0.9800741076469421,5.276861667633057,5.15787935256958,4.2035603523254395,nan
19.500,0,102.53475952148438,128.2060546875,118.58654022216797,201.50149536132812,201.8643341064453,199.6012725830078,0.4500479996204376,0.46386265754699707,0.5094802379608154,46.145565032958984,59.470001220703125,60.41749954223633,-44.72017288208008,-54.95611572265625,-59.2483024597168,5.620928764343262,18.94493865966797,2.91390061378479,0.9691109657287598,0.9240981340408325,0.9806480407714844,5.2820024490356445,5.182201385498047,4.210151195526123,nan
19.550,0,102.53475952148438,128.2060546875,118.58654022216797,201.50149536132812,201.8643341064453,199.6012725830078,0.4500479996204376,0.46386265754699707,0.5094802379608154,46.145565032958984,59.470001220703125,60.41749954223633,-44.72017288208008,-54.95611572265625,-59.2483024597168,5.620928764343262,18.94493865966797,2.91390061378479,0.9691109657287598,0.9240981340408325,0.9806480407714844,5.2820024490356445,5.182201385498047,4.210151195526123,nan
19.600,0,102.53475952148438,128.2060546875,118.58654022216797,201.50149536132812,201.8643341064453,199.6012725830078,0.4500479996204376,0.46386265754699707,0.5094802379608154,46.145565032958984,59.470001220703125,60.41749954223633,-44.72017288208008,-54.95611572265625,-59.2483024597168,5.620928764343262,18.94493865966797,2.91390061378479,0.9691109657287598,0.9240981340408325,0.9806480407714844,5.2820024490356445,5.182201385498047,4.210151195526123,nan
19.650,0,102.4379653930664,128.2480926513672,118.56135559082031,201.46746826171875,201.85643005371094,199.49879455566406,0.4499469995498657,0.46719545125961304,0.5064729452133179,46.09165573120117,59.916927337646484,60.048118591308594,-44.54581069946289,-55.198368072509766,-58.81751251220703,6.412874698638916,19.313997268676758,3.2720491886138916,0.9664614796638489,0.9212483167648315,0.9795063138008118,5.320595741271973,5.25038480758667,4.225772857666016,nan
19.700,0,102.4379653930664,128.2480926513672,118.56135559082031,201.46746826171875,201.85643005371094,199.49879455566406,0.4499469995498657,0.46719545125961304,0.5064729452133179,46.09165573120117,59.916927337646484,60.048118591308594,-44.54581069946289,-55.198368072509766,-58.81751251220703,6.412874698638916,19.313997268676758,3.2720491886138916,0.9664614796638489,0.9212483167648315,0.9795063138008118,5.320595741271973,5.25038480758667,4.225772857666016,nan
19.750,0,102.4379653930664,128.2480926513672,118.56135559082031,201.46746826171875,201.85643005371094,199.49879455566406,0.4499469995498657,0.46719545125961304,0.5064729452133179,46.09165573120117,59.916927337646484,60.048118591308594,-44.54581069946289,-55.198368072509766,-58.81751251220703,6.412874698638916,19.313997268676758,3.2720491886138916,0.9664614796638489,0.9212483167648315,0.9795063138008118,5.320595741271973,5.25038480758667,4.225772857666016,nan
19.800,0,102.4379653930664,128.2480926513672,118.56135559082031,201.46746826171875,201.85643005371094,199.49879455566406,0.4499469995498657,0.46719545125961304,0.5064729452133179,46.09165573120117,59.916927337646484,60.048118591308594,-44.54581069946289,-55.198368072509766,-58.81751251220703,6.412874698638916,19.313997268676758,3.2720491886138916,0.9664614796638489,0.9212483167648315,0.9795063138008118,5.320595741271973,5.25038480758667,4.225772857666016,nan
19.850,0,102.55797576904297,128.27452087402344,118.6382827758789,201.56602478027344,201.95062255859375,199.69012451171875,0.4588477611541748,0.4737074375152588,0.5168178081512451,47.05849838256836,60.76459503173828,61.31437683105469,-45.49742126464844,-55.974361419677734,-60.097320556640625,6.551364421844482,19.852842330932617,3.6821377277374268,0.966826856136322,0.9211673736572266,0.980150580406189,5.312516689300537,5.2595391273498535,4.208763122558594,nan
19.900,0,102.55797576904297,128.27452087402344,118.6382827758789,201.56602478027344,201.95062255859375,199.69012451171875,0.4588477611541748,0.4737074375152588,0.5168178081512451,47.05849838256836,60.76459503173828,61.31437683105469,-45.49742126464844,-55.974361419677734,-60.097320556640625,6.551364421844482,19.852842330932617,3.6821377277374268,0.966826856136322,0.9211673736572266,0.980150580406189,5.312516689300537,5.2595391273498535,4.208763122558594,nan
19.950,0,102.55797576904297,128.27452087402344,118.6382827758789,201.56602478027344,201.95062255859375,199.69012451171875,0.4588477611541748,0.4737074375152588,0.5168178081512451,47.05849838256836,60.76459503173828,61.31437683105469,-45.49742126464844,-55.974361419677734,-60.097320556640625,6.551364421844482,19.852842330932617,3.6821377277374268,0.966826856136322,0.9211673736572266,0.980150580406189,5.312516689300537,5.2595391273498535,4.208763122558594,nan
