t+,class,V_L1,V_L2,V_L3,V_L12,V_L23,V_L31,A_L1,A_L2,A_L3,VA_L1,VA_L2,VA_L3,W_L1,W_L2,W_L3,Q_L1,Q_L2,Q_L3,PF_L1,PF_L2,PF_L3,THD_L1,THD_L2,THD_L3
0.000,0,130.32179260253906,155.927978515625,146.13902282714844,250.64498901367188,249.05044555664062,247.39959716796875,0.42337387800216675,0.34599727392196655,0.3056464195251465,55.174842834472656,53.95065689086914,44.6668701171875,16.434154510498047,7.14312219619751,15.607040405273438,45.755226135253906,47.64759826660156,39.25450897216797,0.297855943441391,0.1324010193347931,0.3494097590446472,5.875168323516846,5.470566749572754,4.71846866607666,nan
0.020,0,130.32179260253906,155.927978515625,146.13902282714844,250.64498901367188,249.05044555664062,247.39959716796875,0.42337387800216675,0.34599727392196655,0.3056464195251465,55.174842834472656,53.95065689086914,44.6668701171875,16.434154510498047,7.14312219619751,15.607040405273438,45.755226135253906,47.64759826660156,39.25450897216797,0.297855943441391,0.1324010193347931,0.3494097590446472,5.875168323516846,5.470566749572754,4.71846866607666,nan
0.040,0,130.32179260253906,155.927978515625,146.13902282714844,250.64498901367188,249.05044555664062,247.39959716796875,0.42337387800216675,0.34599727392196655,0.3056464195251465,55.174842834472656,53.95065689086914,44.6668701171875,16.434154510498047,7.14312219619751,15.607040405273438,45.755226135253906,47.64759826660156,39.25450897216797,0.297855943441391,0.1324010193347931,0.3494097590446472,5.875168323516846,5.470566749572754,4.71846866607666,nan
0.060,0,130.32179260253906,155.927978515625,146.13902282714844,250.64498901367188,249.05044555664062,247.39959716796875,0.42337387800216675,0.34599727392196655,0.3056464195251465,55.174842834472656,53.95065689086914,44.6668701171875,16.434154510498047,7.14312219619751,15.607040405273438,45.755226135253906,47.64759826660156,39.25450897216797,0.297855943441391,0.1324010193347931,0.3494097590446472,5.875168323516846,5.470566749572754,4.71846866607666,nan
0.080,0,130.32179260253906,155.927978515625,146.13902282714844,250.64498901367188,249.05044555664062,247.39959716796875,0.42337387800216675,0.34599727392196655,0.3056464195251465,55.174842834472656,53.95065689086914,44.6668701171875,16.434154510498047,7.14312219619751,15.607040405273438,45.755226135253906,47.64759826660156,39.25450897216797,0.297855943441391,0.1324010193347931,0.3494097590446472,5.875168323516846,5.470566749572754,4.71846866607666,nan
0.100,0,130.32179260253906,155.927978515625,146.13902282714844,250.64498901367188,249.05044555664062,247.39959716796875,0.42337387800216675,0.34599727392196655,0.3056464195251465,55.174842834472656,53.95065689086914,44.6668701171875,16.434154510498047,7.14312219619751,15.607040405273438,45.755226135253906,47.64759826660156,39.25450897216797,0.297855943441391,0.1324010193347931,0.3494097590446472,5.875168323516846,5.470566749572754,4.71846866607666,nan
0.120,0,130.32179260253906,155.927978515625,146.13902282714844,250.64498901367188,249.05044555664062,247.39959716796875,0.42337387800216675,0.34599727392196655,0.3056464195251465,55.174842834472656,53.95065689086914,44.6668701171875,16.434154510498047,7.14312219619751,15.607040405273438,45.755226135253906,47.64759826660156,39.25450897216797,0.297855943441391,0.1324010193347931,0.3494097590446472,5.875168323516846,5.470566749572754,4.71846866607666,nan
0.140,0,130.32179260253906,155.927978515625,146.13902282714844,250.64498901367188,249.05044555664062,247.39959716796875,0.42337387800216675,0.34599727392196655,0.3056464195251465,55.174842834472656,53.95065689086914,44.6668701171875,16.434154510498047,7.14312219619751,15.607040405273438,45.755226135253906,47.64759826660156,39.25450897216797,0.297855943441391,0.1324010193347931,0.3494097590446472,5.875168323516846,5.470566749572754,4.71846866607666,nan
0.160,0,130.32179260253906,155.927978515625,146.13902282714844,250.64498901367188,249.05044555664062,247.39959716796875,0.42337387800216675,0.34599727392196655,0.3056464195251465,55.174842834472656,53.95065689086914,44.6668701171875,16.434154510498047,7.14312219619751,15.607040405273438,45.755226135253906,47.64759826660156,39.25450897216797,0.297855943441391,0.1324010193347931,0.3494097590446472,5.875168323516846,5.470566749572754,4.71846866607666,nan
0.180,0,130.32179260253906,155.927978515625,146.13902282714844,250.64498901367188,249.05044555664062,247.39959716796875,0.42337387800216675,0.34599727392196655,0.3056464195251465,55.174842834472656,53.95065689086914,44.6668701171875,16.434154510498047,7.14312219619751,15.607040405273438,45.755226135253906,47.64759826660156,39.25450897216797,0.297855943441391,0.1324010193347931,0.3494097590446472,5.875168323516846,5.470566749572754,4.71846866607666,nan
0.200,0,130.42337036132812,155.98097229003906,146.10923767089844,250.85989379882812,248.90042114257812,247.52027893066406,0.4209544360637665,0.33351340889930725,0.3221105635166168,54.90229797363281,52.02174758911133,47.06332778930664,14.963383674621582,8.514692306518555,15.962263107299805,46.015316009521484,46.69038391113281,41.44404220581055,0.2725456655025482,0.16367563605308533,0.3391656279563904,5.8874735832214355,5.381353378295898,4.697220325469971,nan
0.220,0,130.42337036132812,155.98097229003906,146.10923767089844,250.85989379882812,248.90042114257812,247.52027893066406,0.4209544360637665,0.33351340889930725,0.3221105635166168,54.90229797363281,52.02174758911133,47.06332778930664,14.963383674621582,8.514692306518555,15.962263107299805,46.015316009521484,46.69038391113281,41.44404220581055,0.2725456655025482,0.16367563605308533,0.3391656279563904,5.8874735832214355,5.381353378295898,4.697220325469971,nan
0.240,0,130.42337036132812,155.98097229003906,146.10923767089844,250.85989379882812,248.90042114257812,247.52027893066406,0.4209544360637665,0.33351340889930725,0.3221105635166168,54.90229797363281,52.02174758911133,47.06332778930664,14.963383674621582,8.514692306518555,15.962263107299805,46.015316009521484,46.69038391113281,41.44404220581055,0.2725456655025482,0.16367563605308533,0.3391656279563904,5.8874735832214355,5.381353378295898,4.697220325469971,nan
0.260,0,130.42337036132812,155.98097229003906,146.10923767089844,250.85989379882812,248.90042114257812,247.52027893066406,0.4209544360637665,0.33351340889930725,0.3221105635166168,54.90229797363281,52.02174758911133,47.06332778930664,14.963383674621582,8.514692306518555,15.962263107299805,46.015316009521484,46.69038391113281,41.44404220581055,0.2725456655025482,0.16367563605308533,0.3391656279563904,5.8874735832214355,5.381353378295898,4.697220325469971,nan
0.280,0,130.42337036132812,155.98097229003906,146.10923767089844,250.85989379882812,248.90042114257812,247.52027893066406,0.4209544360637665,0.33351340889930725,0.3221105635166168,54.90229797363281,52.02174758911133,47.06332778930664,14.963383674621582,8.514692306518555,15.962263107299805,46.015316009521484,46.69038391113281,41.44404220581055,0.2725456655025482,0.16367563605308533,0.3391656279563904,5.8874735832214355,5.381353378295898,4.697220325469971,nan
0.300,0,130.42337036132812,155.98097229003906,146.10923767089844,250.85989379882812,248.90042114257812,247.52027893066406,0.4209544360637665,0.33351340889930725,0.3221105635166168,54.90229797363281,52.02174758911133,47.06332778930664,14.963383674621582,8.514692306518555,15.962263107299805,46.015316009521484,46.69038391113281,41.44404220581055,0.2725456655025482,0.16367563605308533,0.3391656279563904,5.8874735832214355,5.381353378295898,4.697220325469971,nan
0.320,0,130.42337036132812,155.98097229003906,146.10923767089844,250.85989379882812,248.90042114257812,247.52027893066406,0.4209544360637665,0.33351340889930725,0.3221105635166168,54.90229797363281,52.02174758911133,47.06332778930664,14.963383674621582,8.514692306518555,15.962263107299805,46.015316009521484,46.69038391113281,41.44404220581055,0.2725456655025482,0.16367563605308533,0.3391656279563904,5.8874735832214355,5.381353378295898,4.697220325469971,nan
0.340,0,130.42337036132812,155.98097229003906,146.10923767089844,250.85989379882812,248.90042114257812,247.52027893066406,0.4209544360637665,0.33351340889930725,0.3221105635166168,54.90229797363281,52.02174758911133,47.06332778930664,14.963383674621582,8.514692306518555,15.962263107299805,46.015316009521484,46.69038391113281,41.44404220581055,0.2725456655025482,0.16367563605308533,0.3391656279563904,5.8874735832214355,5.381353378295898,4.697220325469971,nan
0.360,0,130.42337036132812,155.98097229003906,146.10923767089844,250.85989379882812,248.90042114257812,247.52027893066406,0.4209544360637665,0.33351340889930725,0.3221105635166168,54.90229797363281,52.02174758911133,47.06332778930664,14.963383674621582,8.514692306518555,15.962263107299805,46.015316009521484,46.69038391113281,41.44404220581055,0.2725456655025482,0.16367563605308533,0.3391656279563904,5.8874735832214355,5.381353378295898,4.697220325469971,nan
0.380,0,130.42337036132812,155.98097229003906,146.10923767089844,250.85989379882812,248.90042114257812,247.52027893066406,0.4209544360637665,0.33351340889930725,0.3221105635166168,54.90229797363281,52.02174758911133,47.06332778930664,14.963383674621582,8.514692306518555,15.962263107299805,46.015316009521484,46.69038391113281,41.44404220581055,0.2725456655025482,0.16367563605308533,0.3391656279563904,5.8874735832214355,5.381353378295898,4.697220325469971,nan
0.400,0,130.41969299316406,156.05189514160156,146.06253051757812,250.8973388671875,249.0194091796875,247.4157257080078,0.424134224653244,0.33934369683265686,0.3204812705516815,55.31545639038086,52.95522689819336,46.810306549072266,15.206438064575195,7.920938014984131,15.93571662902832,46.36256408691406,47.14160919189453,41.105499267578125,0.27490395307540894,0.1495780199766159,0.3404317796230316,5.807891368865967,5.415013313293457,4.626121520996094,nan
0.420,0,130.41969299316406,156.05189514160156,146.06253051757812,250.8973388671875,249.0194091796875,247.4157257080078,0.424134224653244,0.33934369683265686,0.3204812705516815,55.31545639038086,52.95522689819336,46.810306549072266,15.206438064575195,7.920938014984131,15.93571662902832,46.36256408691406,47.14160919189453,41.105499267578125,0.27490395307540894,0.1495780199766159,0.3404317796230316,5.807891368865967,5.415013313293457,4.626121520996094,nan
0.440,0,130.41969299316406,156.05189514160156,146.06253051757812,250.8973388671875,249.0194091796875,247.4157257080078,0.424134224653244,0.33934369683265686,0.3204812705516815,55.31545639038086,52.95522689819336,46.810306549072266,15.206438064575195,7.920938014984131,15.93571662902832,46.36256408691406,47.14160919189453,41.105499267578125,0.27490395307540894,0.1495780199766159,0.3404317796230316,5.807891368865967,5.415013313293457,4.626121520996094,nan
0.460,0,130.41969299316406,156.05189514160156,146.06253051757812,250.8973388671875,249.0194091796875,247.4157257080078,0.424134224653244,0.33934369683265686,0.3204812705516815,55.31545639038086,52.95522689819336,46.810306549072266,15.206438064575195,7.920938014984131,15.93571662902832,46.36256408691406,47.14160919189453,41.105499267578125,0.27490395307540894,0.1495780199766159,0.3404317796230316,5.807891368865967,5.415013313293457,4.626121520996094,nan
0.480,0,130.41969299316406,156.05189514160156,146.06253051757812,250.8973388671875,249.0194091796875,247.4157257080078,0.424134224653244,0.33934369683265686,0.3204812705516815,55.31545639038086,52.95522689819336,46.810306549072266,15.206438064575195,7.920938014984131,15.93571662902832,46.36256408691406,47.14160919189453,41.105499267578125,0.27490395307540894,0.1495780199766159,0.3404317796230316,5.807891368865967,5.415013313293457,4.626121520996094,nan
0.500,0,130.41969299316406,156.05189514160156,146.06253051757812,250.8973388671875,249.0194091796875,247.4157257080078,0.424134224653244,0.33934369683265686,0.3204812705516815,55.31545639038086,52.95522689819336,46.810306549072266,15.206438064575195,7.920938014984131,15.93571662902832,46.36256408691406,47.14160919189453,41.105499267578125,0.27490395307540894,0.1495780199766159,0.3404317796230316,5.807891368865967,5.415013313293457,4.626121520996094,nan
0.520,0,130.41969299316406,156.05189514160156,146.06253051757812,250.8973388671875,249.0194091796875,247.4157257080078,0.424134224653244,0.33934369683265686,0.3204812705516815,55.31545639038086,52.95522689819336,46.810306549072266,15.206438064575195,7.920938014984131,15.93571662902832,46.36256408691406,47.14160919189453,41.105499267578125,0.27490395307540894,0.1495780199766159,0.3404317796230316,5.807891368865967,5.415013313293457,4.626121520996094,nan
0.540,0,130.41969299316406,156.05189514160156,146.06253051757812,250.8973388671875,249.0194091796875,247.4157257080078,0.424134224653244,0.33934369683265686,0.3204812705516815,55.31545639038086,52.95522689819336,46.810306549072266,15.206438064575195,7.920938014984131,15.93571662902832,46.36256408691406,47.14160919189453,41.105499267578125,0.27490395307540894,0.1495780199766159,0.3404317796230316,5.807891368865967,5.415013313293457,4.626121520996094,nan
0.560,0,130.41969299316406,156.05189514160156,146.06253051757812,250.8973388671875,249.0194091796875,247.4157257080078,0.424134224653244,0.33934369683265686,0.3204812705516815,55.31545639038086,52.95522689819336,46.810306549072266,15.206438064575195,7.920938014984131,15.93571662902832,46.36256408691406,47.14160919189453,41.105499267578125,0.27490395307540894,0.1495780199766159,0.3404317796230316,5.807891368865967,5.415013313293457,4.626121520996094,nan
0.580,0,130.41969299316406,156.05189514160156,146.06253051757812,250.8973388671875,249.0194091796875,247.4157257080078,0.424134224653244,0.33934369683265686,0.3204812705516815,55.31545639038086,52.95522689819336,46.810306549072266,15.206438064575195,7.920938014984131,15.93571662902832,46.36256408691406,47.14160919189453,41.105499267578125,0.27490395307540894,0.1495780199766159,0.3404317796230316,5.807891368865967,5.415013313293457,4.626121520996094,nan
0.600,0,130.1694793701172,156.0752410888672,146.20045471191406,250.61874389648438,249.30136108398438,247.2974853515625,0.44254010915756226,0.37915122509002686,0.2940819263458252,57.60521697998047,59.17612075805664,42.994911193847656,19.05861473083496,5.58612585067749,14.826680183410645,46.89461135864258,51.410743713378906,37.70689392089844,0.330848753452301,0.09439831227064133,0.34484732151031494,5.920441627502441,5.412410736083984,4.580384254455566,nan
0.620,0,130.1694793701172,156.0752410888672,146.20045471191406,250.61874389648438,249.30136108398438,247.2974853515625,0.44254010915756226,0.37915122509002686,0.2940819263458252,57.60521697998047,59.17612075805664,42.994911193847656,19.05861473083496,5.58612585067749,14.826680183410645,46.89461135864258,51.410743713378906,37.70689392089844,0.330848753452301,0.09439831227064133,0.34484732151031494,5.920441627502441,5.412410736083984,4.580384254455566,nan
0.640,0,130.1694793701172,156.0752410888672,146.20045471191406,250.61874389648438,249.30136108398438,247.2974853515625,0.44254010915756226,0.37915122509002686,0.2940819263458252,57.60521697998047,59.17612075805664,42.994911193847656,19.05861473083496,5.58612585067749,14.826680183410645,46.89461135864258,51.410743713378906,37.70689392089844,0.330848753452301,0.09439831227064133,0.34484732151031494,5.920441627502441,5.412410736083984,4.580384254455566,nan
0.660,0,130.1694793701172,156.0752410888672,146.20045471191406,250.61874389648438,249.30136108398438,247.2974853515625,0.44254010915756226,0.37915122509002686,0.2940819263458252,57.60521697998047,59.17612075805664,42.994911193847656,19.05861473083496,5.58612585067749,14.826680183410645,46.89461135864258,51.410743713378906,37.70689392089844,0.330848753452301,0.09439831227064133,0.34484732151031494,5.920441627502441,5.412410736083984,4.580384254455566,nan
0.680,0,130.1694793701172,156.0752410888672,146.20045471191406,250.61874389648438,249.30136108398438,247.2974853515625,0.44254010915756226,0.37915122509002686,0.2940819263458252,57.60521697998047,59.17612075805664,42.994911193847656,19.05861473083496,5.58612585067749,14.826680183410645,46.89461135864258,51.410743713378906,37.70689392089844,0.330848753452301,0.09439831227064133,0.34484732151031494,5.920441627502441,5.412410736083984,4.580384254455566,nan
0.700,0,130.1694793701172,156.0752410888672,146.20045471191406,250.61874389648438,249.30136108398438,247.2974853515625,0.44254010915756226,0.37915122509002686,0.2940819263458252,57.60521697998047,59.17612075805664,42.994911193847656,19.05861473083496,5.58612585067749,14.826680183410645,46.89461135864258,51.410743713378906,37.70689392089844,0.330848753452301,0.09439831227064133,0.34484732151031494,5.920441627502441,5.412410736083984,4.580384254455566,nan
0.720,0,130.1694793701172,156.0752410888672,146.20045471191406,250.61874389648438,249.30136108398438,247.2974853515625,0.44254010915756226,0.37915122509002686,0.2940819263458252,57.60521697998047,59.17612075805664,42.994911193847656,19.05861473083496,5.58612585067749,14.826680183410645,46.89461135864258,51.410743713378906,37.70689392089844,0.330848753452301,0.09439831227064133,0.34484732151031494,5.920441627502441,5.412410736083984,4.580384254455566,nan
0.740,0,130.1694793701172,156.0752410888672,146.20045471191406,250.61874389648438,249.30136108398438,247.2974853515625,0.44254010915756226,0.37915122509002686,0.2940819263458252,57.60521697998047,59.17612075805664,42.994911193847656,19.05861473083496,5.58612585067749,14.826680183410645,46.89461135864258,51.410743713378906,37.70689392089844,0.330848753452301,0.09439831227064133,0.34484732151031494,5.920441627502441,5.412410736083984,4.580384254455566,nan
0.760,0,130.1694793701172,156.0752410888672,146.20045471191406,250.61874389648438,249.30136108398438,247.2974853515625,0.44254010915756226,0.37915122509002686,0.2940819263458252,57.60521697998047,59.17612075805664,42.994911193847656,19.05861473083496,5.58612585067749,14.826680183410645,46.89461135864258,51.410743713378906,37.70689392089844,0.330848753452301,0.09439831227064133,0.34484732151031494,5.920441627502441,5.412410736083984,4.580384254455566,nan
0.780,0,130.1694793701172,156.0752410888672,146.20045471191406,250.61874389648438,249.30136108398438,247.2974853515625,0.44254010915756226,0.37915122509002686,0.2940819263458252,57.60521697998047,59.17612075805664,42.994911193847656,19.05861473083496,5.58612585067749,14.826680183410645,46.89461135864258,51.410743713378906,37.70689392089844,0.330848753452301,0.09439831227064133,0.34484732151031494,5.920441627502441,5.412410736083984,4.580384254455566,nan
0.800,0,130.17495727539062,155.99850463867188,146.13804626464844,250.4631805419922,249.29129028320312,247.2429962158203,0.44225308299064636,0.38005682826042175,0.2913859784603119,57.570274353027344,59.28829574584961,42.582576751708984,19.192068099975586,5.269474983215332,14.85788345336914,46.81838607788086,51.29845428466797,37.31622314453125,0.3333676755428314,0.08887884020805359,0.3489193022251129,5.8131303787231445,5.451678276062012,4.598784923553467,nan
0.820,0,130.17495727539062,155.99850463867188,146.13804626464844,250.4631805419922,249.29129028320312,247.2429962158203,0.44225308299064636,0.38005682826042175,0.2913859784603119,57.570274353027344,59.28829574584961,42.582576751708984,19.192068099975586,5.269474983215332,14.85788345336914,46.81838607788086,51.29845428466797,37.31622314453125,0.3333676755428314,0.08887884020805359,0.3489193022251129,5.8131303787231445,5.451678276062012,4.598784923553467,nan
0.840,0,130.17495727539062,155.99850463867188,146.13804626464844,250.4631805419922,249.29129028320312,247.2429962158203,0.44225308299064636,0.38005682826042175,0.2913859784603119,57.570274353027344,59.28829574584961,42.582576751708984,19.192068099975586,5.269474983215332,14.85788345336914,46.81838607788086,51.29845428466797,37.31622314453125,0.3333676755428314,0.08887884020805359,0.3489193022251129,5.8131303787231445,5.451678276062012,4.598784923553467,nan
0.860,0,130.17495727539062,155.99850463867188,146.13804626464844,250.4631805419922,249.29129028320312,247.2429962158203,0.44225308299064636,0.38005682826042175,0.2913859784603119,57.570274353027344,59.28829574584961,42.582576751708984,19.192068099975586,5.269474983215332,14.85788345336914,46.81838607788086,51.29845428466797,37.31622314453125,0.3333676755428314,0.08887884020805359,0.3489193022251129,5.8131303787231445,5.451678276062012,4.598784923553467,nan
0.880,0,130.17495727539062,155.99850463867188,146.13804626464844,250.4631805419922,249.29129028320312,247.2429962158203,0.44225308299064636,0.38005682826042175,0.2913859784603119,57.570274353027344,59.28829574584961,42.582576751708984,19.192068099975586,5.269474983215332,14.85788345336914,46.81838607788086,51.29845428466797,37.31622314453125,0.3333676755428314,0.08887884020805359,0.3489193022251129,5.8131303787231445,5.451678276062012,4.598784923553467,nan
0.900,0,130.17495727539062,155.99850463867188,146.13804626464844,250.4631805419922,249.29129028320312,247.2429962158203,0.44225308299064636,0.38005682826042175,0.2913859784603119,57.570274353027344,59.28829574584961,42.582576751708984,19.192068099975586,5.269474983215332,14.85788345336914,46.81838607788086,51.29845428466797,37.31622314453125,0.3333676755428314,0.08887884020805359,0.3489193022251129,5.8131303787231445,5.451678276062012,4.598784923553467,nan
0.920,0,130.17495727539062,155.99850463867188,146.13804626464844,250.4631805419922,249.29129028320312,247.2429962158203,0.44225308299064636,0.38005682826042175,0.2913859784603119,57.570274353027344,59.28829574584961,42.582576751708984,19.192068099975586,5.269474983215332,14.85788345336914,46.81838607788086,51.29845428466797,37.31622314453125,0.3333676755428314,0.08887884020805359,0.3489193022251129,5.8131303787231445,5.451678276062012,4.598784923553467,nan
0.940,0,130.17495727539062,155.99850463867188,146.13804626464844,250.4631805419922,249.29129028320312,247.2429962158203,0.44225308299064636,0.38005682826042175,0.2913859784603119,57.570274353027344,59.28829574584961,42.582576751708984,19.192068099975586,5.269474983215332,14.85788345336914,46.81838607788086,51.29845428466797,37.31622314453125,0.3333676755428314,0.08887884020805359,0.3489193022251129,5.8131303787231445,5.451678276062012,4.598784923553467,nan
0.960,0,130.17495727539062,155.99850463867188,146.13804626464844,250.4631805419922,249.29129028320312,247.2429962158203,0.44225308299064636,0.38005682826042175,0.2913859784603119,57.570274353027344,59.28829574584961,42.582576751708984,19.192068099975586,5.269474983215332,14.85788345336914,46.81838607788086,51.29845428466797,37.31622314453125,0.3333676755428314,0.08887884020805359,0.3489193022251129,5.8131303787231445,5.451678276062012,4.598784923553467,nan
0.980,0,130.17495727539062,155.99850463867188,146.13804626464844,250.4631805419922,249.29129028320312,247.2429962158203,0.44225308299064636,0.38005682826042175,0.2913859784603119,57.570274353027344,59.28829574584961,42.582576751708984,19.192068099975586,5.269474983215332,14.85788345336914,46.81838607788086,51.29845428466797,37.31622314453125,0.3333676755428314,0.08887884020805359,0.3489193022251129,5.8131303787231445,5.451678276062012,4.598784923553467,nan
1.000,0,130.1341552734375,156.10546875,146.13470458984375,250.58978271484375,249.28733825683594,247.22085571289062,0.4378758668899536,0.37523818016052246,0.2886105179786682,56.98260498046875,58.57673263549805,42.1760139465332,19.235889434814453,5.390470027923584,14.949777603149414,46.52354431152344,50.94675827026367,36.992897033691406,0.3375747501850128,0.09202408045530319,0.3544616103172302,5.903641700744629,5.394983291625977,4.58154821395874,nan
1.020,0,130.1341552734375,156.10546875,146.13470458984375,250.58978271484375,249.28733825683594,247.22085571289062,0.4378758668899536,0.37523818016052246,0.2886105179786682,56.98260498046875,58.57673263549805,42.1760139465332,19.235889434814453,5.390470027923584,14.949777603149414,46.52354431152344,50.94675827026367,36.992897033691406,0.3375747501850128,0.09202408045530319,0.3544616103172302,5.903641700744629,5.394983291625977,4.58154821395874,nan
1.040,0,130.1341552734375,156.10546875,146.13470458984375,250.58978271484375,249.28733825683594,247.22085571289062,0.4378758668899536,0.37523818016052246,0.2886105179786682,56.98260498046875,58.57673263549805,42.1760139465332,19.235889434814453,5.390470027923584,14.949777603149414,46.52354431152344,50.94675827026367,36.992897033691406,0.3375747501850128,0.09202408045530319,0.3544616103172302,5.903641700744629,5.394983291625977,4.58154821395874,nan
1.060,0,130.1341552734375,156.10546875,146.13470458984375,250.58978271484375,249.28733825683594,247.22085571289062,0.4378758668899536,0.37523818016052246,0.2886105179786682,56.98260498046875,58.57673263549805,42.1760139465332,19.235889434814453,5.390470027923584,14.949777603149414,46.52354431152344,50.94675827026367,36.992897033691406,0.3375747501850128,0.09202408045530319,0.3544616103172302,5.903641700744629,5.394983291625977,4.58154821395874,nan
1.080,0,130.1341552734375,156.10546875,146.13470458984375,250.58978271484375,249.28733825683594,247.22085571289062,0.4378758668899536,0.37523818016052246,0.2886105179786682,56.98260498046875,58.57673263549805,42.1760139465332,19.235889434814453,5.390470027923584,14.949777603149414,46.52354431152344,50.94675827026367,36.992897033691406,0.3375747501850128,0.09202408045530319,0.3544616103172302,5.903641700744629,5.394983291625977,4.58154821395874,nan
1.100,0,130.1341552734375,156.10546875,146.13470458984375,250.58978271484375,249.28733825683594,247.22085571289062,0.4378758668899536,0.37523818016052246,0.2886105179786682,56.98260498046875,58.57673263549805,42.1760139465332,19.235889434814453,5.390470027923584,14.949777603149414,46.52354431152344,50.94675827026367,36.992897033691406,0.3375747501850128,0.09202408045530319,0.3544616103172302,5.903641700744629,5.394983291625977,4.58154821395874,nan
1.120,0,130.1341552734375,156.10546875,146.13470458984375,250.58978271484375,249.28733825683594,247.22085571289062,0.4378758668899536,0.37523818016052246,0.2886105179786682,56.98260498046875,58.57673263549805,42.1760139465332,19.235889434814453,5.390470027923584,14.949777603149414,46.52354431152344,50.94675827026367,36.992897033691406,0.3375747501850128,0.09202408045530319,0.3544616103172302,5.903641700744629,5.394983291625977,4.58154821395874,nan
1.140,0,130.1341552734375,156.10546875,146.13470458984375,250.58978271484375,249.28733825683594,247.22085571289062,0.4378758668899536,0.37523818016052246,0.2886105179786682,56.98260498046875,58.57673263549805,42.1760139465332,19.235889434814453,5.390470027923584,14.949777603149414,46.52354431152344,50.94675827026367,36.992897033691406,0.3375747501850128,0.09202408045530319,0.3544616103172302,5.903641700744629,5.394983291625977,4.58154821395874,nan
1.160,0,130.1341552734375,156.10546875,146.13470458984375,250.58978271484375,249.28733825683594,247.22085571289062,0.4378758668899536,0.37523818016052246,0.2886105179786682,56.98260498046875,58.57673263549805,42.1760139465332,19.235889434814453,5.390470027923584,14.949777603149414,46.52354431152344,50.94675827026367,36.992897033691406,0.3375747501850128,0.09202408045530319,0.3544616103172302,5.903641700744629,5.394983291625977,4.58154821395874,nan
1.180,0,130.1341552734375,156.10546875,146.13470458984375,250.58978271484375,249.28733825683594,247.22085571289062,0.4378758668899536,0.37523818016052246,0.2886105179786682,56.98260498046875,58.57673263549805,42.1760139465332,19.235889434814453,5.390470027923584,14.949777603149414,46.52354431152344,50.94675827026367,36.992897033691406,0.3375747501850128,0.09202408045530319,0.3544616103172302,5.903641700744629,5.394983291625977,4.58154821395874,nan
1.200,0,130.22471618652344,156.02066040039062,146.16046142578125,250.5718231201172,249.28457641601562,247.29661560058594,0.43503910303115845,0.368975967168808,0.2937643229961395,56.6528434753418,57.567874908447266,42.936729431152344,18.381881713867188,5.842284202575684,14.851786613464355,46.22160339355469,50.19621276855469,37.69315719604492,0.3244653046131134,0.10148514807224274,0.3458993434906006,5.85608434677124,5.454030513763428,4.6404709815979,nan
1.220,0,130.22471618652344,156.02066040039062,146.16046142578125,250.5718231201172,249.28457641601562,247.29661560058594,0.43503910303115845,0.368975967168808,0.2937643229961395,56.6528434753418,57.567874908447266,42.936729431152344,18.381881713867188,5.842284202575684,14.851786613464355,46.22160339355469,50.19621276855469,37.69315719604492,0.3244653046131134,0.10148514807224274,0.3458993434906006,5.85608434677124,5.454030513763428,4.6404709815979,nan
1.240,0,130.22471618652344,156.02066040039062,146.16046142578125,250.5718231201172,249.28457641601562,247.29661560058594,0.43503910303115845,0.368975967168808,0.2937643229961395,56.6528434753418,57.567874908447266,42.936729431152344,18.381881713867188,5.842284202575684,14.851786613464355,46.22160339355469,50.19621276855469,37.69315719604492,0.3244653046131134,0.10148514807224274,0.3458993434906006,5.85608434677124,5.454030513763428,4.6404709815979,nan
1.260,0,130.22471618652344,156.02066040039062,146.16046142578125,250.5718231201172,249.28457641601562,247.29661560058594,0.43503910303115845,0.368975967168808,0.2937643229961395,56.6528434753418,57.567874908447266,42.936729431152344,18.381881713867188,5.842284202575684,14.851786613464355,46.22160339355469,50.19621276855469,37.69315719604492,0.3244653046131134,0.10148514807224274,0.3458993434906006,5.85608434677124,5.454030513763428,4.6404709815979,nan
1.280,0,130.22471618652344,156.02066040039062,146.16046142578125,250.5718231201172,249.28457641601562,247.29661560058594,0.43503910303115845,0.368975967168808,0.2937643229961395,56.6528434753418,57.567874908447266,42.936729431152344,18.381881713867188,5.842284202575684,14.851786613464355,46.22160339355469,50.19621276855469,37.69315719604492,0.3244653046131134,0.10148514807224274,0.3458993434906006,5.85608434677124,5.454030513763428,4.6404709815979,nan
1.300,0,130.22471618652344,156.02066040039062,146.16046142578125,250.5718231201172,249.28457641601562,247.29661560058594,0.43503910303115845,0.368975967168808,0.2937643229961395,56.6528434753418,57.567874908447266,42.936729431152344,18.381881713867188,5.842284202575684,14.851786613464355,46.22160339355469,50.19621276855469,37.69315719604492,0.3244653046131134,0.10148514807224274,0.3458993434906006,5.85608434677124,5.454030513763428,4.6404709815979,nan
1.320,0,130.22471618652344,156.02066040039062,146.16046142578125,250.5718231201172,249.28457641601562,247.29661560058594,0.43503910303115845,0.368975967168808,0.2937643229961395,56.6528434753418,57.567874908447266,42.936729431152344,18.381881713867188,5.842284202575684,14.851786613464355,46.22160339355469,50.19621276855469,37.69315719604492,0.3244653046131134,0.10148514807224274,0.3458993434906006,5.85608434677124,5.454030513763428,4.6404709815979,nan
1.340,0,130.22471618652344,156.02066040039062,146.16046142578125,250.5718231201172,249.28457641601562,247.29661560058594,0.43503910303115845,0.368975967168808,0.2937643229961395,56.6528434753418,57.567874908447266,42.936729431152344,18.381881713867188,5.842284202575684,14.851786613464355,46.22160339355469,50.19621276855469,37.69315719604492,0.3244653046131134,0.10148514807224274,0.3458993434906006,5.85608434677124,5.454030513763428,4.6404709815979,nan
1.360,0,130.22471618652344,156.02066040039062,146.16046142578125,250.5718231201172,249.28457641601562,247.29661560058594,0.43503910303115845,0.368975967168808,0.2937643229961395,56.6528434753418,57.567874908447266,42.936729431152344,18.381881713867188,5.842284202575684,14.851786613464355,46.22160339355469,50.19621276855469,37.69315719604492,0.3244653046131134,0.10148514807224274,0.3458993434906006,5.85608434677124,5.454030513763428,4.6404709815979,nan
1.380,0,130.22471618652344,156.02066040039062,146.16046142578125,250.5718231201172,249.28457641601562,247.29661560058594,0.43503910303115845,0.368975967168808,0.2937643229961395,56.6528434753418,57.567874908447266,42.936729431152344,18.381881713867188,5.842284202575684,14.851786613464355,46.22160339355469,50.19621276855469,37.69315719604492,0.3244653046131134,0.10148514807224274,0.3458993434906006,5.85608434677124,5.454030513763428,4.6404709815979,nan
1.400,0,130.1608428955078,156.05966186523438,146.1092987060547,250.5865936279297,249.1741485595703,247.24664306640625,0.4324471056461334,0.36792975664138794,0.29452013969421387,56.287681579589844,57.41899490356445,43.03213119506836,18.36842918395996,6.571793079376221,14.806742668151855,45.76124954223633,50.01605987548828,37.90446090698242,0.3263312578201294,0.11445329338312149,0.3440857529640198,5.87611722946167,5.393209457397461,4.543358325958252,nan
1.420,0,130.1608428955078,156.05966186523438,146.1092987060547,250.5865936279297,249.1741485595703,247.24664306640625,0.4324471056461334,0.36792975664138794,0.29452013969421387,56.287681579589844,57.41899490356445,43.03213119506836,18.36842918395996,6.571793079376221,14.806742668151855,45.76124954223633,50.01605987548828,37.90446090698242,0.3263312578201294,0.11445329338312149,0.3440857529640198,5.87611722946167,5.393209457397461,4.543358325958252,nan
1.440,0,130.1608428955078,156.05966186523438,146.1092987060547,250.5865936279297,249.1741485595703,247.24664306640625,0.4324471056461334,0.36792975664138794,0.29452013969421387,56.287681579589844,57.41899490356445,43.03213119506836,18.36842918395996,6.571793079376221,14.806742668151855,45.76124954223633,50.01605987548828,37.90446090698242,0.3263312578201294,0.11445329338312149,0.3440857529640198,5.87611722946167,5.393209457397461,4.543358325958252,nan
1.460,0,130.1608428955078,156.05966186523438,146.1092987060547,250.5865936279297,249.1741485595703,247.24664306640625,0.4324471056461334,0.36792975664138794,0.29452013969421387,56.287681579589844,57.41899490356445,43.03213119506836,18.36842918395996,6.571793079376221,14.806742668151855,45.76124954223633,50.01605987548828,37.90446090698242,0.3263312578201294,0.11445329338312149,0.3440857529640198,5.87611722946167,5.393209457397461,4.543358325958252,nan
1.480,0,130.1608428955078,156.05966186523438,146.1092987060547,250.5865936279297,249.1741485595703,247.24664306640625,0.4324471056461334,0.36792975664138794,0.29452013969421387,56.287681579589844,57.41899490356445,43.03213119506836,18.36842918395996,6.571793079376221,14.806742668151855,45.76124954223633,50.01605987548828,37.90446090698242,0.3263312578201294,0.11445329338312149,0.3440857529640198,5.87611722946167,5.393209457397461,4.543358325958252,nan
1.500,0,130.1608428955078,156.05966186523438,146.1092987060547,250.5865936279297,249.1741485595703,247.24664306640625,0.4324471056461334,0.36792975664138794,0.29452013969421387,56.287681579589844,57.41899490356445,43.03213119506836,18.36842918395996,6.571793079376221,14.806742668151855,45.76124954223633,50.01605987548828,37.90446090698242,0.3263312578201294,0.11445329338312149,0.3440857529640198,5.87611722946167,5.393209457397461,4.543358325958252,nan
1.520,0,130.1608428955078,156.05966186523438,146.1092987060547,250.5865936279297,249.1741485595703,247.24664306640625,0.4324471056461334,0.36792975664138794,0.29452013969421387,56.287681579589844,57.41899490356445,43.03213119506836,18.36842918395996,6.571793079376221,14.806742668151855,45.76124954223633,50.01605987548828,37.90446090698242,0.3263312578201294,0.11445329338312149,0.3440857529640198,5.87611722946167,5.393209457397461,4.543358325958252,nan
1.540,0,130.1608428955078,156.05966186523438,146.1092987060547,250.5865936279297,249.1741485595703,247.24664306640625,0.4324471056461334,0.36792975664138794,0.29452013969421387,56.287681579589844,57.41899490356445,43.03213119506836,18.36842918395996,6.571793079376221,14.806742668151855,45.76124954223633,50.01605987548828,37.90446090698242,0.3263312578201294,0.11445329338312149,0.3440857529640198,5.87611722946167,5.393209457397461,4.543358325958252,nan
1.560,0,130.1608428955078,156.05966186523438,146.1092987060547,250.5865936279297,249.1741485595703,247.24664306640625,0.4324471056461334,0.36792975664138794,0.29452013969421387,56.287681579589844,57.41899490356445,43.03213119506836,18.36842918395996,6.571793079376221,14.806742668151855,45.76124954223633,50.01605987548828,37.90446090698242,0.3263312578201294,0.11445329338312149,0.3440857529640198,5.87611722946167,5.393209457397461,4.543358325958252,nan
1.580,0,130.1608428955078,156.05966186523438,146.1092987060547,250.5865936279297,249.1741485595703,247.24664306640625,0.4324471056461334,0.36792975664138794,0.29452013969421387,56.287681579589844,57.41899490356445,43.03213119506836,18.36842918395996,6.571793079376221,14.806742668151855,45.76124954223633,50.01605987548828,37.90446090698242,0.3263312578201294,0.11445329338312149,0.3440857529640198,5.87611722946167,5.393209457397461,4.543358325958252,nan
1.600,0,130.25181579589844,155.96827697753906,146.1312255859375,250.58213806152344,249.1483154296875,247.31336975097656,0.4290510416030884,0.36027735471725464,0.2937123775482178,55.88467788696289,56.191837310791016,42.92055130004883,17.8338680267334,6.013628005981445,15.172174453735352,45.85874938964844,49.026737213134766,37.64128112792969,0.31911909580230713,0.10701960325241089,0.35349440574645996,5.8257951736450195,5.407048225402832,4.657094955444336,nan
1.620,0,130.25181579589844,155.96827697753906,146.1312255859375,250.58213806152344,249.1483154296875,247.31336975097656,0.4290510416030884,0.36027735471725464,0.2937123775482178,55.88467788696289,56.191837310791016,42.92055130004883,17.8338680267334,6.013628005981445,15.172174453735352,45.85874938964844,49.026737213134766,37.64128112792969,0.31911909580230713,0.10701960325241089,0.35349440574645996,5.8257951736450195,5.407048225402832,4.657094955444336,nan
1.640,0,130.25181579589844,155.96827697753906,146.1312255859375,250.58213806152344,249.1483154296875,247.31336975097656,0.4290510416030884,0.36027735471725464,0.2937123775482178,55.88467788696289,56.191837310791016,42.92055130004883,17.8338680267334,6.013628005981445,15.172174453735352,45.85874938964844,49.026737213134766,37.64128112792969,0.31911909580230713,0.10701960325241089,0.35349440574645996,5.8257951736450195,5.407048225402832,4.657094955444336,nan
1.660,0,130.25181579589844,155.96827697753906,146.1312255859375,250.58213806152344,249.1483154296875,247.31336975097656,0.4290510416030884,0.36027735471725464,0.2937123775482178,55.88467788696289,56.191837310791016,42.92055130004883,17.8338680267334,6.013628005981445,15.172174453735352,45.85874938964844,49.026737213134766,37.64128112792969,0.31911909580230713,0.10701960325241089,0.35349440574645996,5.8257951736450195,5.407048225402832,4.657094955444336,nan
1.680,0,130.25181579589844,155.96827697753906,146.1312255859375,250.58213806152344,249.1483154296875,247.31336975097656,0.4290510416030884,0.36027735471725464,0.2937123775482178,55.88467788696289,56.191837310791016,42.92055130004883,17.8338680267334,6.013628005981445,15.172174453735352,45.85874938964844,49.026737213134766,37.64128112792969,0.31911909580230713,0.10701960325241089,0.35349440574645996,5.8257951736450195,5.407048225402832,4.657094955444336,nan
1.700,0,130.25181579589844,155.96827697753906,146.1312255859375,250.58213806152344,249.1483154296875,247.31336975097656,0.4290510416030884,0.36027735471725464,0.2937123775482178,55.88467788696289,56.191837310791016,42.92055130004883,17.8338680267334,6.013628005981445,15.172174453735352,45.85874938964844,49.026737213134766,37.64128112792969,0.31911909580230713,0.10701960325241089,0.35349440574645996,5.8257951736450195,5.407048225402832,4.657094955444336,nan
1.720,0,130.25181579589844,155.96827697753906,146.1312255859375,250.58213806152344,249.1483154296875,247.31336975097656,0.4290510416030884,0.36027735471725464,0.2937123775482178,55.88467788696289,56.191837310791016,42.92055130004883,17.8338680267334,6.013628005981445,15.172174453735352,45.85874938964844,49.026737213134766,37.64128112792969,0.31911909580230713,0.10701960325241089,0.35349440574645996,5.8257951736450195,5.407048225402832,4.657094955444336,nan
1.740,0,130.25181579589844,155.96827697753906,146.1312255859375,250.58213806152344,249.1483154296875,247.31336975097656,0.4290510416030884,0.36027735471725464,0.2937123775482178,55.88467788696289,56.191837310791016,42.92055130004883,17.8338680267334,6.013628005981445,15.172174453735352,45.85874938964844,49.026737213134766,37.64128112792969,0.31911909580230713,0.10701960325241089,0.35349440574645996,5.8257951736450195,5.407048225402832,4.657094955444336,nan
1.760,0,130.25181579589844,155.96827697753906,146.1312255859375,250.58213806152344,249.1483154296875,247.31336975097656,0.4290510416030884,0.36027735471725464,0.2937123775482178,55.88467788696289,56.191837310791016,42.92055130004883,17.8338680267334,6.013628005981445,15.172174453735352,45.85874938964844,49.026737213134766,37.64128112792969,0.31911909580230713,0.10701960325241089,0.35349440574645996,5.8257951736450195,5.407048225402832,4.657094955444336,nan
1.780,0,130.25181579589844,155.96827697753906,146.1312255859375,250.58213806152344,249.1483154296875,247.31336975097656,0.4290510416030884,0.36027735471725464,0.2937123775482178,55.88467788696289,56.191837310791016,42.92055130004883,17.8338680267334,6.013628005981445,15.172174453735352,45.85874938964844,49.026737213134766,37.64128112792969,0.31911909580230713,0.10701960325241089,0.35349440574645996,5.8257951736450195,5.407048225402832,4.657094955444336,nan
1.800,0,130.11569213867188,156.04441833496094,146.10496520996094,250.49639892578125,249.20468139648438,247.20062255859375,0.43947041034698486,0.3786967098712921,0.2905610501766205,57.1819953918457,59.093509674072266,42.45241165161133,19.292461395263672,5.179301738739014,14.97596263885498,46.92605972290039,51.28048324584961,37.201576232910156,0.33738699555397034,0.08764586597681046,0.35277059674263,5.807260990142822,5.371165752410889,4.47200870513916,nan
1.820,0,130.11569213867188,156.04441833496094,146.10496520996094,250.49639892578125,249.20468139648438,247.20062255859375,0.43947041034698486,0.3786967098712921,0.2905610501766205,57.1819953918457,59.093509674072266,42.45241165161133,19.292461395263672,5.179301738739014,14.97596263885498,46.92605972290039,51.28048324584961,37.201576232910156,0.33738699555397034,0.08764586597681046,0.35277059674263,5.807260990142822,5.371165752410889,4.47200870513916,nan
1.840,0,130.11569213867188,156.04441833496094,146.10496520996094,250.49639892578125,249.20468139648438,247.20062255859375,0.43947041034698486,0.3786967098712921,0.2905610501766205,57.1819953918457,59.093509674072266,42.45241165161133,19.292461395263672,5.179301738739014,14.97596263885498,46.92605972290039,51.28048324584961,37.201576232910156,0.33738699555397034,0.08764586597681046,0.35277059674263,5.807260990142822,5.371165752410889,4.47200870513916,nan
1.860,0,130.11569213867188,156.04441833496094,146.10496520996094,250.49639892578125,249.20468139648438,247.20062255859375,0.43947041034698486,0.3786967098712921,0.2905610501766205,57.1819953918457,59.093509674072266,42.45241165161133,19.292461395263672,5.179301738739014,14.97596263885498,46.92605972290039,51.28048324584961,37.201576232910156,0.33738699555397034,0.08764586597681046,0.35277059674263,5.807260990142822,5.371165752410889,4.47200870513916,nan
1.880,0,130.11569213867188,156.04441833496094,146.10496520996094,250.49639892578125,249.20468139648438,247.20062255859375,0.43947041034698486,0.3786967098712921,0.2905610501766205,57.1819953918457,59.093509674072266,42.45241165161133,19.292461395263672,5.179301738739014,14.97596263885498,46.92605972290039,51.28048324584961,37.201576232910156,0.33738699555397034,0.08764586597681046,0.35277059674263,5.807260990142822,5.371165752410889,4.47200870513916,nan
1.900,0,130.11569213867188,156.04441833496094,146.10496520996094,250.49639892578125,249.20468139648438,247.20062255859375,0.43947041034698486,0.3786967098712921,0.2905610501766205,57.1819953918457,59.093509674072266,42.45241165161133,19.292461395263672,5.179301738739014,14.97596263885498,46.92605972290039,51.28048324584961,37.201576232910156,0.33738699555397034,0.08764586597681046,0.35277059674263,5.807260990142822,5.371165752410889,4.47200870513916,nan
1.920,0,130.11569213867188,156.04441833496094,146.10496520996094,250.49639892578125,249.20468139648438,247.20062255859375,0.43947041034698486,0.3786967098712921,0.2905610501766205,57.1819953918457,59.093509674072266,42.45241165161133,19.292461395263672,5.179301738739014,14.97596263885498,46.92605972290039,51.28048324584961,37.201576232910156,0.33738699555397034,0.08764586597681046,0.35277059674263,5.807260990142822,5.371165752410889,4.47200870513916,nan
1.940,0,130.11569213867188,156.04441833496094,146.10496520996094,250.49639892578125,249.20468139648438,247.20062255859375,0.43947041034698486,0.3786967098712921,0.2905610501766205,57.1819953918457,59.093509674072266,42.45241165161133,19.292461395263672,5.179301738739014,14.97596263885498,46.92605972290039,51.28048324584961,37.201576232910156,0.33738699555397034,0.08764586597681046,0.35277059674263,5.807260990142822,5.371165752410889,4.47200870513916,nan
1.960,0,130.11569213867188,156.04441833496094,146.10496520996094,250.49639892578125,249.20468139648438,247.20062255859375,0.43947041034698486,0.3786967098712921,0.2905610501766205,57.1819953918457,59.093509674072266,42.45241165161133,19.292461395263672,5.179301738739014,14.97596263885498,46.92605972290039,51.28048324584961,37.201576232910156,0.33738699555397034,0.08764586597681046,0.35277059674263,5.807260990142822,5.371165752410889,4.47200870513916,nan
1.980,0,130.11569213867188,156.04441833496094,146.10496520996094,250.49639892578125,249.20468139648438,247.20062255859375,0.43947041034698486,0.3786967098712921,0.2905610501766205,57.1819953918457,59.093509674072266,42.45241165161133,19.292461395263672,5.179301738739014,14.97596263885498,46.92605972290039,51.28048324584961,37.201576232910156,0.33738699555397034,0.08764586597681046,0.35277059674263,5.807260990142822,5.371165752410889,4.47200870513916,nan
2.000,0,130.21817016601562,156.0276336669922,146.17994689941406,250.5503692626953,249.3192138671875,247.32032775878906,0.4324275851249695,0.3677290678024292,0.28962165117263794,56.30992889404297,57.37589645385742,42.336875915527344,18.702667236328125,5.766432285308838,14.858566284179688,45.75598907470703,49.946807861328125,36.955204010009766,0.3321380019187927,0.10050269961357117,0.350960373878479,5.850595951080322,5.414913177490234,4.628402233123779,nan
2.020,0,130.21817016601562,156.0276336669922,146.17994689941406,250.5503692626953,249.3192138671875,247.32032775878906,0.4324275851249695,0.3677290678024292,0.28962165117263794,56.30992889404297,57.37589645385742,42.336875915527344,18.702667236328125,5.766432285308838,14.858566284179688,45.75598907470703,49.946807861328125,36.955204010009766,0.3321380019187927,0.10050269961357117,0.350960373878479,5.850595951080322,5.414913177490234,4.628402233123779,nan
2.040,0,130.21817016601562,156.0276336669922,146.17994689941406,250.5503692626953,249.3192138671875,247.32032775878906,0.4324275851249695,0.3677290678024292,0.28962165117263794,56.30992889404297,57.37589645385742,42.336875915527344,18.702667236328125,5.766432285308838,14.858566284179688,45.75598907470703,49.946807861328125,36.955204010009766,0.3321380019187927,0.10050269961357117,0.350960373878479,5.850595951080322,5.414913177490234,4.628402233123779,nan
2.060,0,130.21817016601562,156.0276336669922,146.17994689941406,250.5503692626953,249.3192138671875,247.32032775878906,0.4324275851249695,0.3677290678024292,0.28962165117263794,56.30992889404297,57.37589645385742,42.336875915527344,18.702667236328125,5.766432285308838,14.858566284179688,45.75598907470703,49.946807861328125,36.955204010009766,0.3321380019187927,0.10050269961357117,0.350960373878479,5.850595951080322,5.414913177490234,4.628402233123779,nan
2.080,0,130.21817016601562,156.0276336669922,146.17994689941406,250.5503692626953,249.3192138671875,247.32032775878906,0.4324275851249695,0.3677290678024292,0.28962165117263794,56.30992889404297,57.37589645385742,42.336875915527344,18.702667236328125,5.766432285308838,14.858566284179688,45.75598907470703,49.946807861328125,36.955204010009766,0.3321380019187927,0.10050269961357117,0.350960373878479,5.850595951080322,5.414913177490234,4.628402233123779,nan
2.100,0,130.21817016601562,156.0276336669922,146.17994689941406,250.5503692626953,249.3192138671875,247.32032775878906,0.4324275851249695,0.3677290678024292,0.28962165117263794,56.30992889404297,57.37589645385742,42.336875915527344,18.702667236328125,5.766432285308838,14.858566284179688,45.75598907470703,49.946807861328125,36.955204010009766,0.3321380019187927,0.10050269961357117,0.350960373878479,5.850595951080322,5.414913177490234,4.628402233123779,nan
2.120,0,130.21817016601562,156.0276336669922,146.17994689941406,250.5503692626953,249.3192138671875,247.32032775878906,0.4324275851249695,0.3677290678024292,0.28962165117263794,56.30992889404297,57.37589645385742,42.336875915527344,18.702667236328125,5.766432285308838,14.858566284179688,45.75598907470703,49.946807861328125,36.955204010009766,0.3321380019187927,0.10050269961357117,0.350960373878479,5.850595951080322,5.414913177490234,4.628402233123779,nan
2.140,0,130.21817016601562,156.0276336669922,146.17994689941406,250.5503692626953,249.3192138671875,247.32032775878906,0.4324275851249695,0.3677290678024292,0.28962165117263794,56.30992889404297,57.37589645385742,42.336875915527344,18.702667236328125,5.766432285308838,14.858566284179688,45.75598907470703,49.946807861328125,36.955204010009766,0.3321380019187927,0.10050269961357117,0.350960373878479,5.850595951080322,5.414913177490234,4.628402233123779,nan
2.160,0,130.21817016601562,156.0276336669922,146.17994689941406,250.5503692626953,249.3192138671875,247.32032775878906,0.4324275851249695,0.3677290678024292,0.28962165117263794,56.30992889404297,57.37589645385742,42.336875915527344,18.702667236328125,5.766432285308838,14.858566284179688,45.75598907470703,49.946807861328125,36.955204010009766,0.3321380019187927,0.10050269961357117,0.350960373878479,5.850595951080322,5.414913177490234,4.628402233123779,nan
2.180,0,130.21817016601562,156.0276336669922,146.17994689941406,250.5503692626953,249.3192138671875,247.32032775878906,0.4324275851249695,0.3677290678024292,0.28962165117263794,56.30992889404297,57.37589645385742,42.336875915527344,18.702667236328125,5.766432285308838,14.858566284179688,45.75598907470703,49.946807861328125,36.955204010009766,0.3321380019187927,0.10050269961357117,0.350960373878479,5.850595951080322,5.414913177490234,4.628402233123779,nan
2.200,0,130.23081970214844,156.0963592529297,146.14187622070312,250.67181396484375,249.23268127441406,247.34144592285156,0.431123822927475,0.36111143231391907,0.29847532510757446,56.145606994628906,56.36817932128906,43.61974334716797,17.719276428222656,6.54345178604126,15.21345043182373,46.01597213745117,49.26096725463867,38.35502243041992,0.3155950605869293,0.11608414351940155,0.34877440333366394,5.836700916290283,5.392143726348877,4.515849590301514,nan
2.220,0,130.23081970214844,156.0963592529297,146.14187622070312,250.67181396484375,249.23268127441406,247.34144592285156,0.431123822927475,0.36111143231391907,0.29847532510757446,56.145606994628906,56.36817932128906,43.61974334716797,17.719276428222656,6.54345178604126,15.21345043182373,46.01597213745117,49.26096725463867,38.35502243041992,0.3155950605869293,0.11608414351940155,0.34877440333366394,5.836700916290283,5.392143726348877,4.515849590301514,nan
2.240,0,130.23081970214844,156.0963592529297,146.14187622070312,250.67181396484375,249.23268127441406,247.34144592285156,0.431123822927475,0.36111143231391907,0.29847532510757446,56.145606994628906,56.36817932128906,43.61974334716797,17.719276428222656,6.54345178604126,15.21345043182373,46.01597213745117,49.26096725463867,38.35502243041992,0.3155950605869293,0.11608414351940155,0.34877440333366394,5.836700916290283,5.392143726348877,4.515849590301514,nan
2.260,0,130.23081970214844,156.0963592529297,146.14187622070312,250.67181396484375,249.23268127441406,247.34144592285156,0.431123822927475,0.36111143231391907,0.29847532510757446,56.145606994628906,56.36817932128906,43.61974334716797,17.719276428222656,6.54345178604126,15.21345043182373,46.01597213745117,49.26096725463867,38.35502243041992,0.3155950605869293,0.11608414351940155,0.34877440333366394,5.836700916290283,5.392143726348877,4.515849590301514,nan
2.280,0,130.23081970214844,156.0963592529297,146.14187622070312,250.67181396484375,249.23268127441406,247.34144592285156,0.431123822927475,0.36111143231391907,0.29847532510757446,56.145606994628906,56.36817932128906,43.61974334716797,17.719276428222656,6.54345178604126,15.21345043182373,46.01597213745117,49.26096725463867,38.35502243041992,0.3155950605869293,0.11608414351940155,0.34877440333366394,5.836700916290283,5.392143726348877,4.515849590301514,nan
2.300,0,130.23081970214844,156.0963592529297,146.14187622070312,250.67181396484375,249.23268127441406,247.34144592285156,0.431123822927475,0.36111143231391907,0.29847532510757446,56.145606994628906,56.36817932128906,43.61974334716797,17.719276428222656,6.54345178604126,15.21345043182373,46.01597213745117,49.26096725463867,38.35502243041992,0.3155950605869293,0.11608414351940155,0.34877440333366394,5.836700916290283,5.392143726348877,4.515849590301514,nan
2.320,0,130.23081970214844,156.0963592529297,146.14187622070312,250.67181396484375,249.23268127441406,247.34144592285156,0.431123822927475,0.36111143231391907,0.29847532510757446,56.145606994628906,56.36817932128906,43.61974334716797,17.719276428222656,6.54345178604126,15.21345043182373,46.01597213745117,49.26096725463867,38.35502243041992,0.3155950605869293,0.11608414351940155,0.34877440333366394,5.836700916290283,5.392143726348877,4.515849590301514,nan
2.340,0,130.23081970214844,156.0963592529297,146.14187622070312,250.67181396484375,249.23268127441406,247.34144592285156,0.431123822927475,0.36111143231391907,0.29847532510757446,56.145606994628906,56.36817932128906,43.61974334716797,17.719276428222656,6.54345178604126,15.21345043182373,46.01597213745117,49.26096725463867,38.35502243041992,0.3155950605869293,0.11608414351940155,0.34877440333366394,5.836700916290283,5.392143726348877,4.515849590301514,nan
2.360,0,130.23081970214844,156.0963592529297,146.14187622070312,250.67181396484375,249.23268127441406,247.34144592285156,0.431123822927475,0.36111143231391907,0.29847532510757446,56.145606994628906,56.36817932128906,43.61974334716797,17.719276428222656,6.54345178604126,15.21345043182373,46.01597213745117,49.26096725463867,38.35502243041992,0.3155950605869293,0.11608414351940155,0.34877440333366394,5.836700916290283,5.392143726348877,4.515849590301514,nan
2.380,0,130.23081970214844,156.0963592529297,146.14187622070312,250.67181396484375,249.23268127441406,247.34144592285156,0.431123822927475,0.36111143231391907,0.29847532510757446,56.145606994628906,56.36817932128906,43.61974334716797,17.719276428222656,6.54345178604126,15.21345043182373,46.01597213745117,49.26096725463867,38.35502243041992,0.3155950605869293,0.11608414351940155,0.34877440333366394,5.836700916290283,5.392143726348877,4.515849590301514,nan
2.400,0,130.38821411132812,155.99049377441406,146.1178741455078,250.79978942871094,249.048828125,247.42897033691406,0.4243536591529846,0.34324896335601807,0.3173282742500305,55.33071517944336,53.543575286865234,46.367332458496094,15.714853286743164,8.180476188659668,15.63660717010498,46.21807098388672,47.847347259521484,41.05499267578125,0.28401681780815125,0.1527816504240036,0.3372332751750946,5.818445205688477,5.334035873413086,4.6432671546936035,nan
2.420,0,130.38821411132812,155.99049377441406,146.1178741455078,250.79978942871094,249.048828125,247.42897033691406,0.4243536591529846,0.34324896335601807,0.3173282742500305,55.33071517944336,53.543575286865234,46.367332458496094,15.714853286743164,8.180476188659668,15.63660717010498,46.21807098388672,47.847347259521484,41.05499267578125,0.28401681780815125,0.1527816504240036,0.3372332751750946,5.818445205688477,5.334035873413086,4.6432671546936035,nan
2.440,0,130.38821411132812,155.99049377441406,146.1178741455078,250.79978942871094,249.048828125,247.42897033691406,0.4243536591529846,0.34324896335601807,0.3173282742500305,55.33071517944336,53.543575286865234,46.367332458496094,15.714853286743164,8.180476188659668,15.63660717010498,46.21807098388672,47.847347259521484,41.05499267578125,0.28401681780815125,0.1527816504240036,0.3372332751750946,5.818445205688477,5.334035873413086,4.6432671546936035,nan
2.460,0,130.38821411132812,155.99049377441406,146.1178741455078,250.79978942871094,249.048828125,247.42897033691406,0.4243536591529846,0.34324896335601807,0.3173282742500305,55.33071517944336,53.543575286865234,46.367332458496094,15.714853286743164,8.180476188659668,15.63660717010498,46.21807098388672,47.847347259521484,41.05499267578125,0.28401681780815125,0.1527816504240036,0.3372332751750946,5.818445205688477,5.334035873413086,4.6432671546936035,nan
2.480,0,130.38821411132812,155.99049377441406,146.1178741455078,250.79978942871094,249.048828125,247.42897033691406,0.4243536591529846,0.34324896335601807,0.3173282742500305,55.33071517944336,53.543575286865234,46.367332458496094,15.714853286743164,8.180476188659668,15.63660717010498,46.21807098388672,47.847347259521484,41.05499267578125,0.28401681780815125,0.1527816504240036,0.3372332751750946,5.818445205688477,5.334035873413086,4.6432671546936035,nan
2.500,0,130.38821411132812,155.99049377441406,146.1178741455078,250.79978942871094,249.048828125,247.42897033691406,0.4243536591529846,0.34324896335601807,0.3173282742500305,55.33071517944336,53.543575286865234,46.367332458496094,15.714853286743164,8.180476188659668,15.63660717010498,46.21807098388672,47.847347259521484,41.05499267578125,0.28401681780815125,0.1527816504240036,0.3372332751750946,5.818445205688477,5.334035873413086,4.6432671546936035,nan
2.520,0,130.38821411132812,155.99049377441406,146.1178741455078,250.79978942871094,249.048828125,247.42897033691406,0.4243536591529846,0.34324896335601807,0.3173282742500305,55.33071517944336,53.543575286865234,46.367332458496094,15.714853286743164,8.180476188659668,15.63660717010498,46.21807098388672,47.847347259521484,41.05499267578125,0.28401681780815125,0.1527816504240036,0.3372332751750946,5.818445205688477,5.334035873413086,4.6432671546936035,nan
2.540,0,130.38821411132812,155.99049377441406,146.1178741455078,250.79978942871094,249.048828125,247.42897033691406,0.4243536591529846,0.34324896335601807,0.3173282742500305,55.33071517944336,53.543575286865234,46.367332458496094,15.714853286743164,8.180476188659668,15.63660717010498,46.21807098388672,47.847347259521484,41.05499267578125,0.28401681780815125,0.1527816504240036,0.3372332751750946,5.818445205688477,5.334035873413086,4.6432671546936035,nan
2.560,0,130.38821411132812,155.99049377441406,146.1178741455078,250.79978942871094,249.048828125,247.42897033691406,0.4243536591529846,0.34324896335601807,0.3173282742500305,55.33071517944336,53.543575286865234,46.367332458496094,15.714853286743164,8.180476188659668,15.63660717010498,46.21807098388672,47.847347259521484,41.05499267578125,0.28401681780815125,0.1527816504240036,0.3372332751750946,5.818445205688477,5.334035873413086,4.6432671546936035,nan
2.580,0,130.38821411132812,155.99049377441406,146.1178741455078,250.79978942871094,249.048828125,247.42897033691406,0.4243536591529846,0.34324896335601807,0.3173282742500305,55.33071517944336,53.543575286865234,46.367332458496094,15.714853286743164,8.180476188659668,15.63660717010498,46.21807098388672,47.847347259521484,41.05499267578125,0.28401681780815125,0.1527816504240036,0.3372332751750946,5.818445205688477,5.334035873413086,4.6432671546936035,nan
2.600,0,130.3724822998047,156.0136260986328,146.0754852294922,250.7947235107422,248.94183349609375,247.45864868164062,0.41557350754737854,0.3242160975933075,0.3221213221549988,54.17934799194336,50.582130432128906,47.05402755737305,14.373709678649902,8.64145565032959,16.27153205871582,45.28985595703125,45.19363021850586,41.07048797607422,0.2652986943721771,0.1708400845527649,0.345805287361145,5.773542404174805,5.413459300994873,4.51416540145874,nan
2.620,0,130.3724822998047,156.0136260986328,146.0754852294922,250.7947235107422,248.94183349609375,247.45864868164062,0.41557350754737854,0.3242160975933075,0.3221213221549988,54.17934799194336,50.582130432128906,47.05402755737305,14.373709678649902,8.64145565032959,16.27153205871582,45.28985595703125,45.19363021850586,41.07048797607422,0.2652986943721771,0.1708400845527649,0.345805287361145,5.773542404174805,5.413459300994873,4.51416540145874,nan
2.640,0,130.3724822998047,156.0136260986328,146.0754852294922,250.7947235107422,248.94183349609375,247.45864868164062,0.41557350754737854,0.3242160975933075,0.3221213221549988,54.17934799194336,50.582130432128906,47.05402755737305,14.373709678649902,8.64145565032959,16.27153205871582,45.28985595703125,45.19363021850586,41.07048797607422,0.2652986943721771,0.1708400845527649,0.345805287361145,5.773542404174805,5.413459300994873,4.51416540145874,nan
2.660,0,130.3724822998047,156.0136260986328,146.0754852294922,250.7947235107422,248.94183349609375,247.45864868164062,0.41557350754737854,0.3242160975933075,0.3221213221549988,54.17934799194336,50.582130432128906,47.05402755737305,14.373709678649902,8.64145565032959,16.27153205871582,45.28985595703125,45.19363021850586,41.07048797607422,0.2652986943721771,0.1708400845527649,0.345805287361145,5.773542404174805,5.413459300994873,4.51416540145874,nan
2.680,0,130.3724822998047,156.0136260986328,146.0754852294922,250.7947235107422,248.94183349609375,247.45864868164062,0.41557350754737854,0.3242160975933075,0.3221213221549988,54.17934799194336,50.582130432128906,47.05402755737305,14.373709678649902,8.64145565032959,16.27153205871582,45.28985595703125,45.19363021850586,41.07048797607422,0.2652986943721771,0.1708400845527649,0.345805287361145,5.773542404174805,5.413459300994873,4.51416540145874,nan
2.700,0,130.3724822998047,156.0136260986328,146.0754852294922,250.7947235107422,248.94183349609375,247.45864868164062,0.41557350754737854,0.3242160975933075,0.3221213221549988,54.17934799194336,50.582130432128906,47.05402755737305,14.373709678649902,8.64145565032959,16.27153205871582,45.28985595703125,45.19363021850586,41.07048797607422,0.2652986943721771,0.1708400845527649,0.345805287361145,5.773542404174805,5.413459300994873,4.51416540145874,nan
2.720,0,130.3724822998047,156.0136260986328,146.0754852294922,250.7947235107422,248.94183349609375,247.45864868164062,0.41557350754737854,0.3242160975933075,0.3221213221549988,54.17934799194336,50.582130432128906,47.05402755737305,14.373709678649902,8.64145565032959,16.27153205871582,45.28985595703125,45.19363021850586,41.07048797607422,0.2652986943721771,0.1708400845527649,0.345805287361145,5.773542404174805,5.413459300994873,4.51416540145874,nan
2.740,0,130.3724822998047,156.0136260986328,146.0754852294922,250.7947235107422,248.94183349609375,247.45864868164062,0.41557350754737854,0.3242160975933075,0.3221213221549988,54.17934799194336,50.582130432128906,47.05402755737305,14.373709678649902,8.64145565032959,16.27153205871582,45.28985595703125,45.19363021850586,41.07048797607422,0.2652986943721771,0.1708400845527649,0.345805287361145,5.773542404174805,5.413459300994873,4.51416540145874,nan
2.760,0,130.3724822998047,156.0136260986328,146.0754852294922,250.7947235107422,248.94183349609375,247.45864868164062,0.41557350754737854,0.3242160975933075,0.3221213221549988,54.17934799194336,50.582130432128906,47.05402755737305,14.373709678649902,8.64145565032959,16.27153205871582,45.28985595703125,45.19363021850586,41.07048797607422,0.2652986943721771,0.1708400845527649,0.345805287361145,5.773542404174805,5.413459300994873,4.51416540145874,nan
2.780,0,130.3724822998047,156.0136260986328,146.0754852294922,250.7947235107422,248.94183349609375,247.45864868164062,0.41557350754737854,0.3242160975933075,0.3221213221549988,54.17934799194336,50.582130432128906,47.05402755737305,14.373709678649902,8.64145565032959,16.27153205871582,45.28985595703125,45.19363021850586,41.07048797607422,0.2652986943721771,0.1708400845527649,0.345805287361145,5.773542404174805,5.413459300994873,4.51416540145874,nan
2.800,0,130.19456481933594,155.7859344482422,146.11520385742188,250.38868713378906,248.88302612304688,247.30783081054688,0.4710114896297455,0.40024441480636597,0.35983675718307495,61.32313537597656,62.35245132446289,52.57762145996094,16.599010467529297,8.428725242614746,14.740246772766113,52.999752044677734,56.66001510620117,48.16001892089844,0.2706810534000397,0.13517872989177704,0.2803521156311035,5.778401851654053,5.408383846282959,4.607729434967041,nan
2.820,0,130.19456481933594,155.7859344482422,146.11520385742188,250.38868713378906,248.88302612304688,247.30783081054688,0.4710114896297455,0.40024441480636597,0.35983675718307495,61.32313537597656,62.35245132446289,52.57762145996094,16.599010467529297,8.428725242614746,14.740246772766113,52.999752044677734,56.66001510620117,48.16001892089844,0.2706810534000397,0.13517872989177704,0.2803521156311035,5.778401851654053,5.408383846282959,4.607729434967041,nan
2.840,0,130.19456481933594,155.7859344482422,146.11520385742188,250.38868713378906,248.88302612304688,247.30783081054688,0.4710114896297455,0.40024441480636597,0.35983675718307495,61.32313537597656,62.35245132446289,52.57762145996094,16.599010467529297,8.428725242614746,14.740246772766113,52.999752044677734,56.66001510620117,48.16001892089844,0.2706810534000397,0.13517872989177704,0.2803521156311035,5.778401851654053,5.408383846282959,4.607729434967041,nan
2.860,0,130.19456481933594,155.7859344482422,146.11520385742188,250.38868713378906,248.88302612304688,247.30783081054688,0.4710114896297455,0.40024441480636597,0.35983675718307495,61.32313537597656,62.35245132446289,52.57762145996094,16.599010467529297,8.428725242614746,14.740246772766113,52.999752044677734,56.66001510620117,48.16001892089844,0.2706810534000397,0.13517872989177704,0.2803521156311035,5.778401851654053,5.408383846282959,4.607729434967041,nan
2.880,0,130.19456481933594,155.7859344482422,146.11520385742188,250.38868713378906,248.88302612304688,247.30783081054688,0.4710114896297455,0.40024441480636597,0.35983675718307495,61.32313537597656,62.35245132446289,52.57762145996094,16.599010467529297,8.428725242614746,14.740246772766113,52.999752044677734,56.66001510620117,48.16001892089844,0.2706810534000397,0.13517872989177704,0.2803521156311035,5.778401851654053,5.408383846282959,4.607729434967041,nan
2.900,0,130.19456481933594,155.7859344482422,146.11520385742188,250.38868713378906,248.88302612304688,247.30783081054688,0.4710114896297455,0.40024441480636597,0.35983675718307495,61.32313537597656,62.35245132446289,52.57762145996094,16.599010467529297,8.428725242614746,14.740246772766113,52.999752044677734,56.66001510620117,48.16001892089844,0.2706810534000397,0.13517872989177704,0.2803521156311035,5.778401851654053,5.408383846282959,4.607729434967041,nan
2.920,0,130.19456481933594,155.7859344482422,146.11520385742188,250.38868713378906,248.88302612304688,247.30783081054688,0.4710114896297455,0.40024441480636597,0.35983675718307495,61.32313537597656,62.35245132446289,52.57762145996094,16.599010467529297,8.428725242614746,14.740246772766113,52.999752044677734,56.66001510620117,48.16001892089844,0.2706810534000397,0.13517872989177704,0.2803521156311035,5.778401851654053,5.408383846282959,4.607729434967041,nan
2.940,0,130.19456481933594,155.7859344482422,146.11520385742188,250.38868713378906,248.88302612304688,247.30783081054688,0.4710114896297455,0.40024441480636597,0.35983675718307495,61.32313537597656,62.35245132446289,52.57762145996094,16.599010467529297,8.428725242614746,14.740246772766113,52.999752044677734,56.66001510620117,48.16001892089844,0.2706810534000397,0.13517872989177704,0.2803521156311035,5.778401851654053,5.408383846282959,4.607729434967041,nan
2.960,0,130.19456481933594,155.7859344482422,146.11520385742188,250.38868713378906,248.88302612304688,247.30783081054688,0.4710114896297455,0.40024441480636597,0.35983675718307495,61.32313537597656,62.35245132446289,52.57762145996094,16.599010467529297,8.428725242614746,14.740246772766113,52.999752044677734,56.66001510620117,48.16001892089844,0.2706810534000397,0.13517872989177704,0.2803521156311035,5.778401851654053,5.408383846282959,4.607729434967041,nan
2.980,0,130.19456481933594,155.7859344482422,146.11520385742188,250.38868713378906,248.88302612304688,247.30783081054688,0.4710114896297455,0.40024441480636597,0.35983675718307495,61.32313537597656,62.35245132446289,52.57762145996094,16.599010467529297,8.428725242614746,14.740246772766113,52.999752044677734,56.66001510620117,48.16001892089844,0.2706810534000397,0.13517872989177704,0.2803521156311035,5.778401851654053,5.408383846282959,4.607729434967041,nan
3.000,0,130.07452392578125,155.75399780273438,145.9425048828125,250.20230102539062,248.74664306640625,247.07350158691406,0.521142840385437,0.46256178617477417,0.4087010324001312,67.78740692138672,72.04584503173828,59.6468505859375,17.68150520324707,9.117286682128906,13.74814510345459,60.84725570678711,66.98530578613281,56.685543060302734,0.2608376145362854,0.1265484094619751,0.23049238324165344,5.834585189819336,5.494787693023682,4.5492682456970215,nan
3.020,0,130.07452392578125,155.75399780273438,145.9425048828125,250.20230102539062,248.74664306640625,247.07350158691406,0.521142840385437,0.46256178617477417,0.4087010324001312,67.78740692138672,72.04584503173828,59.6468505859375,17.68150520324707,9.117286682128906,13.74814510345459,60.84725570678711,66.98530578613281,56.685543060302734,0.2608376145362854,0.1265484094619751,0.23049238324165344,5.834585189819336,5.494787693023682,4.5492682456970215,nan
3.040,0,130.07452392578125,155.75399780273438,145.9425048828125,250.20230102539062,248.74664306640625,247.07350158691406,0.521142840385437,0.46256178617477417,0.4087010324001312,67.78740692138672,72.04584503173828,59.6468505859375,17.68150520324707,9.117286682128906,13.74814510345459,60.84725570678711,66.98530578613281,56.685543060302734,0.2608376145362854,0.1265484094619751,0.23049238324165344,5.834585189819336,5.494787693023682,4.5492682456970215,nan
3.060,0,130.07452392578125,155.75399780273438,145.9425048828125,250.20230102539062,248.74664306640625,247.07350158691406,0.521142840385437,0.46256178617477417,0.4087010324001312,67.78740692138672,72.04584503173828,59.6468505859375,17.68150520324707,9.117286682128906,13.74814510345459,60.84725570678711,66.98530578613281,56.685543060302734,0.2608376145362854,0.1265484094619751,0.23049238324165344,5.834585189819336,5.494787693023682,4.5492682456970215,nan
3.080,0,130.07452392578125,155.75399780273438,145.9425048828125,250.20230102539062,248.74664306640625,247.07350158691406,0.521142840385437,0.46256178617477417,0.4087010324001312,67.78740692138672,72.04584503173828,59.6468505859375,17.68150520324707,9.117286682128906,13.74814510345459,60.84725570678711,66.98530578613281,56.685543060302734,0.2608376145362854,0.1265484094619751,0.23049238324165344,5.834585189819336,5.494787693023682,4.5492682456970215,nan
3.100,0,130.07452392578125,155.75399780273438,145.9425048828125,250.20230102539062,248.74664306640625,247.07350158691406,0.521142840385437,0.46256178617477417,0.4087010324001312,67.78740692138672,72.04584503173828,59.6468505859375,17.68150520324707,9.117286682128906,13.74814510345459,60.84725570678711,66.98530578613281,56.685543060302734,0.2608376145362854,0.1265484094619751,0.23049238324165344,5.834585189819336,5.494787693023682,4.5492682456970215,nan
3.120,0,130.07452392578125,155.75399780273438,145.9425048828125,250.20230102539062,248.74664306640625,247.07350158691406,0.521142840385437,0.46256178617477417,0.4087010324001312,67.78740692138672,72.04584503173828,59.6468505859375,17.68150520324707,9.117286682128906,13.74814510345459,60.84725570678711,66.98530578613281,56.685543060302734,0.2608376145362854,0.1265484094619751,0.23049238324165344,5.834585189819336,5.494787693023682,4.5492682456970215,nan
3.140,0,130.07452392578125,155.75399780273438,145.9425048828125,250.20230102539062,248.74664306640625,247.07350158691406,0.521142840385437,0.46256178617477417,0.4087010324001312,67.78740692138672,72.04584503173828,59.6468505859375,17.68150520324707,9.117286682128906,13.74814510345459,60.84725570678711,66.98530578613281,56.685543060302734,0.2608376145362854,0.1265484094619751,0.23049238324165344,5.834585189819336,5.494787693023682,4.5492682456970215,nan
3.160,0,130.07452392578125,155.75399780273438,145.9425048828125,250.20230102539062,248.74664306640625,247.07350158691406,0.521142840385437,0.46256178617477417,0.4087010324001312,67.78740692138672,72.04584503173828,59.6468505859375,17.68150520324707,9.117286682128906,13.74814510345459,60.84725570678711,66.98530578613281,56.685543060302734,0.2608376145362854,0.1265484094619751,0.23049238324165344,5.834585189819336,5.494787693023682,4.5492682456970215,nan
3.180,0,130.07452392578125,155.75399780273438,145.9425048828125,250.20230102539062,248.74664306640625,247.07350158691406,0.521142840385437,0.46256178617477417,0.4087010324001312,67.78740692138672,72.04584503173828,59.6468505859375,17.68150520324707,9.117286682128906,13.74814510345459,60.84725570678711,66.98530578613281,56.685543060302734,0.2608376145362854,0.1265484094619751,0.23049238324165344,5.834585189819336,5.494787693023682,4.5492682456970215,nan
3.200,0,130.34266662597656,156.13746643066406,146.1184844970703,250.78079223632812,249.2715301513672,247.41793823242188,0.4080350399017334,0.3507945239543915,0.29149675369262695,53.18437576293945,54.77216720581055,42.59306335449219,17.263811111450195,6.183933258056641,15.600687980651855,43.94488525390625,46.176761627197266,36.098358154296875,0.32460305094718933,0.11290284246206284,0.3662729859352112,5.870562553405762,5.3781867027282715,4.550645351409912,nan
3.220,0,130.34266662597656,156.13746643066406,146.1184844970703,250.78079223632812,249.2715301513672,247.41793823242188,0.4080350399017334,0.3507945239543915,0.29149675369262695,53.18437576293945,54.77216720581055,42.59306335449219,17.263811111450195,6.183933258056641,15.600687980651855,43.94488525390625,46.176761627197266,36.098358154296875,0.32460305094718933,0.11290284246206284,0.3662729859352112,5.870562553405762,5.3781867027282715,4.550645351409912,nan
3.240,0,130.34266662597656,156.13746643066406,146.1184844970703,250.78079223632812,249.2715301513672,247.41793823242188,0.4080350399017334,0.3507945239543915,0.29149675369262695,53.18437576293945,54.77216720581055,42.59306335449219,17.263811111450195,6.183933258056641,15.600687980651855,43.94488525390625,46.176761627197266,36.098358154296875,0.32460305094718933,0.11290284246206284,0.3662729859352112,5.870562553405762,5.3781867027282715,4.550645351409912,nan
3.260,0,130.34266662597656,156.13746643066406,146.1184844970703,250.78079223632812,249.2715301513672,247.41793823242188,0.4080350399017334,0.3507945239543915,0.29149675369262695,53.18437576293945,54.77216720581055,42.59306335449219,17.263811111450195,6.183933258056641,15.600687980651855,43.94488525390625,46.176761627197266,36.098358154296875,0.32460305094718933,0.11290284246206284,0.3662729859352112,5.870562553405762,5.3781867027282715,4.550645351409912,nan
3.280,0,130.34266662597656,156.13746643066406,146.1184844970703,250.78079223632812,249.2715301513672,247.41793823242188,0.4080350399017334,0.3507945239543915,0.29149675369262695,53.18437576293945,54.77216720581055,42.59306335449219,17.263811111450195,6.183933258056641,15.600687980651855,43.94488525390625,46.176761627197266,36.098358154296875,0.32460305094718933,0.11290284246206284,0.3662729859352112,5.870562553405762,5.3781867027282715,4.550645351409912,nan
3.300,0,130.34266662597656,156.13746643066406,146.1184844970703,250.78079223632812,249.2715301513672,247.41793823242188,0.4080350399017334,0.3507945239543915,0.29149675369262695,53.18437576293945,54.77216720581055,42.59306335449219,17.263811111450195,6.183933258056641,15.600687980651855,43.94488525390625,46.176761627197266,36.098358154296875,0.32460305094718933,0.11290284246206284,0.3662729859352112,5.870562553405762,5.3781867027282715,4.550645351409912,nan
3.320,0,130.34266662597656,156.13746643066406,146.1184844970703,250.78079223632812,249.2715301513672,247.41793823242188,0.4080350399017334,0.3507945239543915,0.29149675369262695,53.18437576293945,54.77216720581055,42.59306335449219,17.263811111450195,6.183933258056641,15.600687980651855,43.94488525390625,46.176761627197266,36.098358154296875,0.32460305094718933,0.11290284246206284,0.3662729859352112,5.870562553405762,5.3781867027282715,4.550645351409912,nan
3.340,0,130.34266662597656,156.13746643066406,146.1184844970703,250.78079223632812,249.2715301513672,247.41793823242188,0.4080350399017334,0.3507945239543915,0.29149675369262695,53.18437576293945,54.77216720581055,42.59306335449219,17.263811111450195,6.183933258056641,15.600687980651855,43.94488525390625,46.176761627197266,36.098358154296875,0.32460305094718933,0.11290284246206284,0.3662729859352112,5.870562553405762,5.3781867027282715,4.550645351409912,nan
3.360,0,130.34266662597656,156.13746643066406,146.1184844970703,250.78079223632812,249.2715301513672,247.41793823242188,0.4080350399017334,0.3507945239543915,0.29149675369262695,53.18437576293945,54.77216720581055,42.59306335449219,17.263811111450195,6.183933258056641,15.600687980651855,43.94488525390625,46.176761627197266,36.098358154296875,0.32460305094718933,0.11290284246206284,0.3662729859352112,5.870562553405762,5.3781867027282715,4.550645351409912,nan
3.380,0,130.1957244873047,156.1003875732422,146.11521911621094,250.5751953125,249.359130859375,247.24041748046875,0.4328506886959076,0.37129414081573486,0.29299986362457275,56.355308532714844,57.95915985107422,42.81174087524414,18.819740295410156,5.967034339904785,14.605558395385742,46.33867263793945,51.0119743347168,37.751712799072266,0.32460305094718933,0.11290284246206284,0.3662729859352112,5.870562553405762,5.3781867027282715,4.550645351409912,nan
3.400,0,130.1957244873047,156.1003875732422,146.11521911621094,250.5751953125,249.359130859375,247.24041748046875,0.4328506886959076,0.37129414081573486,0.29299986362457275,56.355308532714844,57.95915985107422,42.81174087524414,18.819740295410156,5.967034339904785,14.605558395385742,46.33867263793945,51.0119743347168,37.751712799072266,0.33394795656204224,0.10295239835977554,0.3411577641963959,5.79586124420166,5.425415515899658,4.486893653869629,nan
3.420,0,130.1957244873047,156.1003875732422,146.11521911621094,250.5751953125,249.359130859375,247.24041748046875,0.4328506886959076,0.37129414081573486,0.29299986362457275,56.355308532714844,57.95915985107422,42.81174087524414,18.819740295410156,5.967034339904785,14.605558395385742,46.33867263793945,51.0119743347168,37.751712799072266,0.33394795656204224,0.10295239835977554,0.3411577641963959,5.79586124420166,5.425415515899658,4.486893653869629,nan
3.440,0,130.1957244873047,156.1003875732422,146.11521911621094,250.5751953125,249.359130859375,247.24041748046875,0.4328506886959076,0.37129414081573486,0.29299986362457275,56.355308532714844,57.95915985107422,42.81174087524414,18.819740295410156,5.967034339904785,14.605558395385742,46.33867263793945,51.0119743347168,37.751712799072266,0.33394795656204224,0.10295239835977554,0.3411577641963959,5.79586124420166,5.425415515899658,4.486893653869629,nan
3.460,0,130.1957244873047,156.1003875732422,146.11521911621094,250.5751953125,249.359130859375,247.24041748046875,0.4328506886959076,0.37129414081573486,0.29299986362457275,56.355308532714844,57.95915985107422,42.81174087524414,18.819740295410156,5.967034339904785,14.605558395385742,46.33867263793945,51.0119743347168,37.751712799072266,0.33394795656204224,0.10295239835977554,0.3411577641963959,5.79586124420166,5.425415515899658,4.486893653869629,nan
3.480,0,130.1957244873047,156.1003875732422,146.11521911621094,250.5751953125,249.359130859375,247.24041748046875,0.4328506886959076,0.37129414081573486,0.29299986362457275,56.355308532714844,57.95915985107422,42.81174087524414,18.819740295410156,5.967034339904785,14.605558395385742,46.33867263793945,51.0119743347168,37.751712799072266,0.33394795656204224,0.10295239835977554,0.3411577641963959,5.79586124420166,5.425415515899658,4.486893653869629,nan
3.500,0,130.1957244873047,156.1003875732422,146.11521911621094,250.5751953125,249.359130859375,247.24041748046875,0.4328506886959076,0.37129414081573486,0.29299986362457275,56.355308532714844,57.95915985107422,42.81174087524414,18.819740295410156,5.967034339904785,14.605558395385742,46.33867263793945,51.0119743347168,37.751712799072266,0.33394795656204224,0.10295239835977554,0.3411577641963959,5.79586124420166,5.425415515899658,4.486893653869629,nan
3.520,0,130.1957244873047,156.1003875732422,146.11521911621094,250.5751953125,249.359130859375,247.24041748046875,0.4328506886959076,0.37129414081573486,0.29299986362457275,56.355308532714844,57.95915985107422,42.81174087524414,18.819740295410156,5.967034339904785,14.605558395385742,46.33867263793945,51.0119743347168,37.751712799072266,0.33394795656204224,0.10295239835977554,0.3411577641963959,5.79586124420166,5.425415515899658,4.486893653869629,nan
3.540,0,130.1957244873047,156.1003875732422,146.11521911621094,250.5751953125,249.359130859375,247.24041748046875,0.4328506886959076,0.37129414081573486,0.29299986362457275,56.355308532714844,57.95915985107422,42.81174087524414,18.819740295410156,5.967034339904785,14.605558395385742,46.33867263793945,51.0119743347168,37.751712799072266,0.33394795656204224,0.10295239835977554,0.3411577641963959,5.79586124420166,5.425415515899658,4.486893653869629,nan
3.560,0,130.1957244873047,156.1003875732422,146.11521911621094,250.5751953125,249.359130859375,247.24041748046875,0.4328506886959076,0.37129414081573486,0.29299986362457275,56.355308532714844,57.95915985107422,42.81174087524414,18.819740295410156,5.967034339904785,14.605558395385742,46.33867263793945,51.0119743347168,37.751712799072266,0.33394795656204224,0.10295239835977554,0.3411577641963959,5.79586124420166,5.425415515899658,4.486893653869629,nan
3.580,0,130.14418029785156,156.08013916015625,146.22584533691406,250.56777954101562,249.3651123046875,247.2985076904297,0.4420073330402374,0.3799886703491211,0.28944939374923706,57.524681091308594,59.308685302734375,42.324981689453125,19.389263153076172,5.162153720855713,14.887948989868164,46.65300369262695,51.24928283691406,36.88457489013672,0.337059885263443,0.08703874796628952,0.35175323486328125,5.877039432525635,5.384750843048096,4.558465480804443,nan
3.600,0,130.14418029785156,156.08013916015625,146.22584533691406,250.56777954101562,249.3651123046875,247.2985076904297,0.4420073330402374,0.3799886703491211,0.28944939374923706,57.524681091308594,59.308685302734375,42.324981689453125,19.389263153076172,5.162153720855713,14.887948989868164,46.65300369262695,51.24928283691406,36.88457489013672,0.337059885263443,0.08703874796628952,0.35175323486328125,5.877039432525635,5.384750843048096,4.558465480804443,nan
3.620,0,130.14418029785156,156.08013916015625,146.22584533691406,250.56777954101562,249.3651123046875,247.2985076904297,0.4420073330402374,0.3799886703491211,0.28944939374923706,57.524681091308594,59.308685302734375,42.324981689453125,19.389263153076172,5.162153720855713,14.887948989868164,46.65300369262695,51.24928283691406,36.88457489013672,0.337059885263443,0.08703874796628952,0.35175323486328125,5.877039432525635,5.384750843048096,4.558465480804443,nan
3.640,0,130.14418029785156,156.08013916015625,146.22584533691406,250.56777954101562,249.3651123046875,247.2985076904297,0.4420073330402374,0.3799886703491211,0.28944939374923706,57.524681091308594,59.308685302734375,42.324981689453125,19.389263153076172,5.162153720855713,14.887948989868164,46.65300369262695,51.24928283691406,36.88457489013672,0.337059885263443,0.08703874796628952,0.35175323486328125,5.877039432525635,5.384750843048096,4.558465480804443,nan
3.660,0,130.14418029785156,156.08013916015625,146.22584533691406,250.56777954101562,249.3651123046875,247.2985076904297,0.4420073330402374,0.3799886703491211,0.28944939374923706,57.524681091308594,59.308685302734375,42.324981689453125,19.389263153076172,5.162153720855713,14.887948989868164,46.65300369262695,51.24928283691406,36.88457489013672,0.337059885263443,0.08703874796628952,0.35175323486328125,5.877039432525635,5.384750843048096,4.558465480804443,nan
3.680,0,130.14418029785156,156.08013916015625,146.22584533691406,250.56777954101562,249.3651123046875,247.2985076904297,0.4420073330402374,0.3799886703491211,0.28944939374923706,57.524681091308594,59.308685302734375,42.324981689453125,19.389263153076172,5.162153720855713,14.887948989868164,46.65300369262695,51.24928283691406,36.88457489013672,0.337059885263443,0.08703874796628952,0.35175323486328125,5.877039432525635,5.384750843048096,4.558465480804443,nan
3.700,0,130.14418029785156,156.08013916015625,146.22584533691406,250.56777954101562,249.3651123046875,247.2985076904297,0.4420073330402374,0.3799886703491211,0.28944939374923706,57.524681091308594,59.308685302734375,42.324981689453125,19.389263153076172,5.162153720855713,14.887948989868164,46.65300369262695,51.24928283691406,36.88457489013672,0.337059885263443,0.08703874796628952,0.35175323486328125,5.877039432525635,5.384750843048096,4.558465480804443,nan
3.720,0,130.14418029785156,156.08013916015625,146.22584533691406,250.56777954101562,249.3651123046875,247.2985076904297,0.4420073330402374,0.3799886703491211,0.28944939374923706,57.524681091308594,59.308685302734375,42.324981689453125,19.389263153076172,5.162153720855713,14.887948989868164,46.65300369262695,51.24928283691406,36.88457489013672,0.337059885263443,0.08703874796628952,0.35175323486328125,5.877039432525635,5.384750843048096,4.558465480804443,nan
3.740,0,130.14418029785156,156.08013916015625,146.22584533691406,250.56777954101562,249.3651123046875,247.2985076904297,0.4420073330402374,0.3799886703491211,0.28944939374923706,57.524681091308594,59.308685302734375,42.324981689453125,19.389263153076172,5.162153720855713,14.887948989868164,46.65300369262695,51.24928283691406,36.88457489013672,0.337059885263443,0.08703874796628952,0.35175323486328125,5.877039432525635,5.384750843048096,4.558465480804443,nan
3.760,0,130.14418029785156,156.08013916015625,146.22584533691406,250.56777954101562,249.3651123046875,247.2985076904297,0.4420073330402374,0.3799886703491211,0.28944939374923706,57.524681091308594,59.308685302734375,42.324981689453125,19.389263153076172,5.162153720855713,14.887948989868164,46.65300369262695,51.24928283691406,36.88457489013672,0.337059885263443,0.08703874796628952,0.35175323486328125,5.877039432525635,5.384750843048096,4.558465480804443,nan
3.780,0,130.1463165283203,156.04019165039062,146.12252807617188,250.46047973632812,249.29734802246094,247.23077392578125,0.4384934604167938,0.37607821822166443,0.28898999094963074,57.06830978393555,58.683319091796875,42.22794723510742,19.373538970947266,5.469021797180176,14.980969429016113,46.40576934814453,50.92559814453125,36.905616760253906,0.33947980403900146,0.09319550544023514,0.35476434230804443,5.752455711364746,5.414829254150391,4.487728118896484,nan
3.800,0,130.1463165283203,156.04019165039062,146.12252807617188,250.46047973632812,249.29734802246094,247.23077392578125,0.4384934604167938,0.37607821822166443,0.28898999094963074,57.06830978393555,58.683319091796875,42.22794723510742,19.373538970947266,5.469021797180176,14.980969429016113,46.40576934814453,50.92559814453125,36.905616760253906,0.33947980403900146,0.09319550544023514,0.35476434230804443,5.752455711364746,5.414829254150391,4.487728118896484,nan
3.820,0,130.1463165283203,156.04019165039062,146.12252807617188,250.46047973632812,249.29734802246094,247.23077392578125,0.4384934604167938,0.37607821822166443,0.28898999094963074,57.06830978393555,58.683319091796875,42.22794723510742,19.373538970947266,5.469021797180176,14.980969429016113,46.40576934814453,50.92559814453125,36.905616760253906,0.33947980403900146,0.09319550544023514,0.35476434230804443,5.752455711364746,5.414829254150391,4.487728118896484,nan
3.840,0,130.1463165283203,156.04019165039062,146.12252807617188,250.46047973632812,249.29734802246094,247.23077392578125,0.4384934604167938,0.37607821822166443,0.28898999094963074,57.06830978393555,58.683319091796875,42.22794723510742,19.373538970947266,5.469021797180176,14.980969429016113,46.40576934814453,50.92559814453125,36.905616760253906,0.33947980403900146,0.09319550544023514,0.35476434230804443,5.752455711364746,5.414829254150391,4.487728118896484,nan
3.860,0,130.1463165283203,156.04019165039062,146.12252807617188,250.46047973632812,249.29734802246094,247.23077392578125,0.4384934604167938,0.37607821822166443,0.28898999094963074,57.06830978393555,58.683319091796875,42.22794723510742,19.373538970947266,5.469021797180176,14.980969429016113,46.40576934814453,50.92559814453125,36.905616760253906,0.33947980403900146,0.09319550544023514,0.35476434230804443,5.752455711364746,5.414829254150391,4.487728118896484,nan
3.880,0,130.1463165283203,156.04019165039062,146.12252807617188,250.46047973632812,249.29734802246094,247.23077392578125,0.4384934604167938,0.37607821822166443,0.28898999094963074,57.06830978393555,58.683319091796875,42.22794723510742,19.373538970947266,5.469021797180176,14.980969429016113,46.40576934814453,50.92559814453125,36.905616760253906,0.33947980403900146,0.09319550544023514,0.35476434230804443,5.752455711364746,5.414829254150391,4.487728118896484,nan
3.900,0,130.1463165283203,156.04019165039062,146.12252807617188,250.46047973632812,249.29734802246094,247.23077392578125,0.4384934604167938,0.37607821822166443,0.28898999094963074,57.06830978393555,58.683319091796875,42.22794723510742,19.373538970947266,5.469021797180176,14.980969429016113,46.40576934814453,50.92559814453125,36.905616760253906,0.33947980403900146,0.09319550544023514,0.35476434230804443,5.752455711364746,5.414829254150391,4.487728118896484,nan
3.920,0,130.1463165283203,156.04019165039062,146.12252807617188,250.46047973632812,249.29734802246094,247.23077392578125,0.4384934604167938,0.37607821822166443,0.28898999094963074,57.06830978393555,58.683319091796875,42.22794723510742,19.373538970947266,5.469021797180176,14.980969429016113,46.40576934814453,50.92559814453125,36.905616760253906,0.33947980403900146,0.09319550544023514,0.35476434230804443,5.752455711364746,5.414829254150391,4.487728118896484,nan
3.940,0,130.1463165283203,156.04019165039062,146.12252807617188,250.46047973632812,249.29734802246094,247.23077392578125,0.4384934604167938,0.37607821822166443,0.28898999094963074,57.06830978393555,58.683319091796875,42.22794723510742,19.373538970947266,5.469021797180176,14.980969429016113,46.40576934814453,50.92559814453125,36.905616760253906,0.33947980403900146,0.09319550544023514,0.35476434230804443,5.752455711364746,5.414829254150391,4.487728118896484,nan
3.960,0,130.1463165283203,156.04019165039062,146.12252807617188,250.46047973632812,249.29734802246094,247.23077392578125,0.4384934604167938,0.37607821822166443,0.28898999094963074,57.06830978393555,58.683319091796875,42.22794723510742,19.373538970947266,5.469021797180176,14.980969429016113,46.40576934814453,50.92559814453125,36.905616760253906,0.33947980403900146,0.09319550544023514,0.35476434230804443,5.752455711364746,5.414829254150391,4.487728118896484,nan
3.980,0,130.4186248779297,155.97801208496094,146.08963012695312,250.8225860595703,248.9130096435547,247.5045928955078,0.4115387797355652,0.3249724209308624,0.31865379214286804,53.67232131958008,50.68855285644531,46.5520133972168,14.586785316467285,8.62022876739502,16.086393356323242,45.26411437988281,45.523136138916016,40.97439193725586,0.2717748284339905,0.17006263136863708,0.34555742144584656,5.793535232543945,5.325441360473633,4.547560214996338,nan
4.000,0,130.4186248779297,155.97801208496094,146.08963012695312,250.8225860595703,248.9130096435547,247.5045928955078,0.4115387797355652,0.3249724209308624,0.31865379214286804,53.67232131958008,50.68855285644531,46.5520133972168,14.586785316467285,8.62022876739502,16.086393356323242,45.26411437988281,45.523136138916016,40.97439193725586,0.2717748284339905,0.17006263136863708,0.34555742144584656,5.793535232543945,5.325441360473633,4.547560214996338,nan
4.020,0,130.4186248779297,155.97801208496094,146.08963012695312,250.8225860595703,248.9130096435547,247.5045928955078,0.4115387797355652,0.3249724209308624,0.31865379214286804,53.67232131958008,50.68855285644531,46.5520133972168,14.586785316467285,8.62022876739502,16.086393356323242,45.26411437988281,45.523136138916016,40.97439193725586,0.2717748284339905,0.17006263136863708,0.34555742144584656,5.793535232543945,5.325441360473633,4.547560214996338,nan
4.040,0,130.4186248779297,155.97801208496094,146.08963012695312,250.8225860595703,248.9130096435547,247.5045928955078,0.4115387797355652,0.3249724209308624,0.31865379214286804,53.67232131958008,50.68855285644531,46.5520133972168,14.586785316467285,8.62022876739502,16.086393356323242,45.26411437988281,45.523136138916016,40.97439193725586,0.2717748284339905,0.17006263136863708,0.34555742144584656,5.793535232543945,5.325441360473633,4.547560214996338,nan
4.060,0,130.4186248779297,155.97801208496094,146.08963012695312,250.8225860595703,248.9130096435547,247.5045928955078,0.4115387797355652,0.3249724209308624,0.31865379214286804,53.67232131958008,50.68855285644531,46.5520133972168,14.586785316467285,8.62022876739502,16.086393356323242,45.26411437988281,45.523136138916016,40.97439193725586,0.2717748284339905,0.17006263136863708,0.34555742144584656,5.793535232543945,5.325441360473633,4.547560214996338,nan
4.080,0,130.4186248779297,155.97801208496094,146.08963012695312,250.8225860595703,248.9130096435547,247.5045928955078,0.4115387797355652,0.3249724209308624,0.31865379214286804,53.67232131958008,50.68855285644531,46.5520133972168,14.586785316467285,8.62022876739502,16.086393356323242,45.26411437988281,45.523136138916016,40.97439193725586,0.2717748284339905,0.17006263136863708,0.34555742144584656,5.793535232543945,5.325441360473633,4.547560214996338,nan
4.100,0,130.4186248779297,155.97801208496094,146.08963012695312,250.8225860595703,248.9130096435547,247.5045928955078,0.4115387797355652,0.3249724209308624,0.31865379214286804,53.67232131958008,50.68855285644531,46.5520133972168,14.586785316467285,8.62022876739502,16.086393356323242,45.26411437988281,45.523136138916016,40.97439193725586,0.2717748284339905,0.17006263136863708,0.34555742144584656,5.793535232543945,5.325441360473633,4.547560214996338,nan
4.120,0,130.4186248779297,155.97801208496094,146.08963012695312,250.8225860595703,248.9130096435547,247.5045928955078,0.4115387797355652,0.3249724209308624,0.31865379214286804,53.67232131958008,50.68855285644531,46.5520133972168,14.586785316467285,8.62022876739502,16.086393356323242,45.26411437988281,45.523136138916016,40.97439193725586,0.2717748284339905,0.17006263136863708,0.34555742144584656,5.793535232543945,5.325441360473633,4.547560214996338,nan
4.140,0,130.4186248779297,155.97801208496094,146.08963012695312,250.8225860595703,248.9130096435547,247.5045928955078,0.4115387797355652,0.3249724209308624,0.31865379214286804,53.67232131958008,50.68855285644531,46.5520133972168,14.586785316467285,8.62022876739502,16.086393356323242,45.26411437988281,45.523136138916016,40.97439193725586,0.2717748284339905,0.17006263136863708,0.34555742144584656,5.793535232543945,5.325441360473633,4.547560214996338,nan
4.160,0,130.4186248779297,155.97801208496094,146.08963012695312,250.8225860595703,248.9130096435547,247.5045928955078,0.4115387797355652,0.3249724209308624,0.31865379214286804,53.67232131958008,50.68855285644531,46.5520133972168,14.586785316467285,8.62022876739502,16.086393356323242,45.26411437988281,45.523136138916016,40.97439193725586,0.2717748284339905,0.17006263136863708,0.34555742144584656,5.793535232543945,5.325441360473633,4.547560214996338,nan
4.180,0,130.46524047851562,155.9610595703125,146.01441955566406,250.84690856933594,248.84756469726562,247.4609832763672,0.4140916168689728,0.3197561800479889,0.3272992670536041,54.02456283569336,49.86951446533203,47.79041290283203,13.899232864379883,8.974751472473145,16.498586654663086,45.40509033203125,44.75300979614258,41.658573150634766,0.25727617740631104,0.17996469140052795,0.3452279567718506,5.727836608886719,5.376420974731445,4.594689846038818,nan
4.200,0,130.46524047851562,155.9610595703125,146.01441955566406,250.84690856933594,248.84756469726562,247.4609832763672,0.4140916168689728,0.3197561800479889,0.3272992670536041,54.02456283569336,49.86951446533203,47.79041290283203,13.899232864379883,8.974751472473145,16.498586654663086,45.40509033203125,44.75300979614258,41.658573150634766,0.25727617740631104,0.17996469140052795,0.3452279567718506,5.727836608886719,5.376420974731445,4.594689846038818,nan
4.220,0,130.46524047851562,155.9610595703125,146.01441955566406,250.84690856933594,248.84756469726562,247.4609832763672,0.4140916168689728,0.3197561800479889,0.3272992670536041,54.02456283569336,49.86951446533203,47.79041290283203,13.899232864379883,8.974751472473145,16.498586654663086,45.40509033203125,44.75300979614258,41.658573150634766,0.25727617740631104,0.17996469140052795,0.3452279567718506,5.727836608886719,5.376420974731445,4.594689846038818,nan
4.240,0,130.46524047851562,155.9610595703125,146.01441955566406,250.84690856933594,248.84756469726562,247.4609832763672,0.4140916168689728,0.3197561800479889,0.3272992670536041,54.02456283569336,49.86951446533203,47.79041290283203,13.899232864379883,8.974751472473145,16.498586654663086,45.40509033203125,44.75300979614258,41.658573150634766,0.25727617740631104,0.17996469140052795,0.3452279567718506,5.727836608886719,5.376420974731445,4.594689846038818,nan
4.260,0,130.46524047851562,155.9610595703125,146.01441955566406,250.84690856933594,248.84756469726562,247.4609832763672,0.4140916168689728,0.3197561800479889,0.3272992670536041,54.02456283569336,49.86951446533203,47.79041290283203,13.899232864379883,8.974751472473145,16.498586654663086,45.40509033203125,44.75300979614258,41.658573150634766,0.25727617740631104,0.17996469140052795,0.3452279567718506,5.727836608886719,5.376420974731445,4.594689846038818,nan
4.280,0,130.46524047851562,155.9610595703125,146.01441955566406,250.84690856933594,248.84756469726562,247.4609832763672,0.4140916168689728,0.3197561800479889,0.3272992670536041,54.02456283569336,49.86951446533203,47.79041290283203,13.899232864379883,8.974751472473145,16.498586654663086,45.40509033203125,44.75300979614258,41.658573150634766,0.25727617740631104,0.17996469140052795,0.3452279567718506,5.727836608886719,5.376420974731445,4.594689846038818,nan
4.300,0,130.46524047851562,155.9610595703125,146.01441955566406,250.84690856933594,248.84756469726562,247.4609832763672,0.4140916168689728,0.3197561800479889,0.3272992670536041,54.02456283569336,49.86951446533203,47.79041290283203,13.899232864379883,8.974751472473145,16.498586654663086,45.40509033203125,44.75300979614258,41.658573150634766,0.25727617740631104,0.17996469140052795,0.3452279567718506,5.727836608886719,5.376420974731445,4.594689846038818,nan
4.320,0,130.46524047851562,155.9610595703125,146.01441955566406,250.84690856933594,248.84756469726562,247.4609832763672,0.4140916168689728,0.3197561800479889,0.3272992670536041,54.02456283569336,49.86951446533203,47.79041290283203,13.899232864379883,8.974751472473145,16.498586654663086,45.40509033203125,44.75300979614258,41.658573150634766,0.25727617740631104,0.17996469140052795,0.3452279567718506,5.727836608886719,5.376420974731445,4.594689846038818,nan
4.340,0,130.46524047851562,155.9610595703125,146.01441955566406,250.84690856933594,248.84756469726562,247.4609832763672,0.4140916168689728,0.3197561800479889,0.3272992670536041,54.02456283569336,49.86951446533203,47.79041290283203,13.899232864379883,8.974751472473145,16.498586654663086,45.40509033203125,44.75300979614258,41.658573150634766,0.25727617740631104,0.17996469140052795,0.3452279567718506,5.727836608886719,5.376420974731445,4.594689846038818,nan
4.360,0,130.46524047851562,155.9610595703125,146.01441955566406,250.84690856933594,248.84756469726562,247.4609832763672,0.4140916168689728,0.3197561800479889,0.3272992670536041,54.02456283569336,49.86951446533203,47.79041290283203,13.899232864379883,8.974751472473145,16.498586654663086,45.40509033203125,44.75300979614258,41.658573150634766,0.25727617740631104,0.17996469140052795,0.3452279567718506,5.727836608886719,5.376420974731445,4.594689846038818,nan
4.380,0,130.39669799804688,155.89857482910156,145.9336395263672,250.83056640625,248.59783935546875,247.34466552734375,0.46513378620147705,0.36799356341362,0.3819330930709839,60.65190887451172,57.36967086791992,55.73688507080078,13.44561767578125,9.857382774353027,16.08292579650879,52.81051254272461,52.761131286621094,50.45641326904297,0.221684992313385,0.171822190284729,0.28855085372924805,5.885114669799805,5.3557448387146,4.6272969245910645,nan
4.400,0,130.39669799804688,155.89857482910156,145.9336395263672,250.83056640625,248.59783935546875,247.34466552734375,0.46513378620147705,0.36799356341362,0.3819330930709839,60.65190887451172,57.36967086791992,55.73688507080078,13.44561767578125,9.857382774353027,16.08292579650879,52.81051254272461,52.761131286621094,50.45641326904297,0.221684992313385,0.171822190284729,0.28855085372924805,5.885114669799805,5.3557448387146,4.6272969245910645,nan
4.420,0,130.39669799804688,155.89857482910156,145.9336395263672,250.83056640625,248.59783935546875,247.34466552734375,0.46513378620147705,0.36799356341362,0.3819330930709839,60.65190887451172,57.36967086791992,55.73688507080078,13.44561767578125,9.857382774353027,16.08292579650879,52.81051254272461,52.761131286621094,50.45641326904297,0.221684992313385,0.171822190284729,0.28855085372924805,5.885114669799805,5.3557448387146,4.6272969245910645,nan
4.440,0,130.39669799804688,155.89857482910156,145.9336395263672,250.83056640625,248.59783935546875,247.34466552734375,0.46513378620147705,0.36799356341362,0.3819330930709839,60.65190887451172,57.36967086791992,55.73688507080078,13.44561767578125,9.857382774353027,16.08292579650879,52.81051254272461,52.761131286621094,50.45641326904297,0.221684992313385,0.171822190284729,0.28855085372924805,5.885114669799805,5.3557448387146,4.6272969245910645,nan
4.460,0,130.39669799804688,155.89857482910156,145.9336395263672,250.83056640625,248.59783935546875,247.34466552734375,0.46513378620147705,0.36799356341362,0.3819330930709839,60.65190887451172,57.36967086791992,55.73688507080078,13.44561767578125,9.857382774353027,16.08292579650879,52.81051254272461,52.761131286621094,50.45641326904297,0.221684992313385,0.171822190284729,0.28855085372924805,5.885114669799805,5.3557448387146,4.6272969245910645,nan
4.480,0,130.39669799804688,155.89857482910156,145.9336395263672,250.83056640625,248.59783935546875,247.34466552734375,0.46513378620147705,0.36799356341362,0.3819330930709839,60.65190887451172,57.36967086791992,55.73688507080078,13.44561767578125,9.857382774353027,16.08292579650879,52.81051254272461,52.761131286621094,50.45641326904297,0.221684992313385,0.171822190284729,0.28855085372924805,5.885114669799805,5.3557448387146,4.6272969245910645,nan
4.500,0,130.39669799804688,155.89857482910156,145.9336395263672,250.83056640625,248.59783935546875,247.34466552734375,0.46513378620147705,0.36799356341362,0.3819330930709839,60.65190887451172,57.36967086791992,55.73688507080078,13.44561767578125,9.857382774353027,16.08292579650879,52.81051254272461,52.761131286621094,50.45641326904297,0.221684992313385,0.171822190284729,0.28855085372924805,5.885114669799805,5.3557448387146,4.6272969245910645,nan
4.520,0,130.39669799804688,155.89857482910156,145.9336395263672,250.83056640625,248.59783935546875,247.34466552734375,0.46513378620147705,0.36799356341362,0.3819330930709839,60.65190887451172,57.36967086791992,55.73688507080078,13.44561767578125,9.857382774353027,16.08292579650879,52.81051254272461,52.761131286621094,50.45641326904297,0.221684992313385,0.171822190284729,0.28855085372924805,5.885114669799805,5.3557448387146,4.6272969245910645,nan
4.540,0,130.39669799804688,155.89857482910156,145.9336395263672,250.83056640625,248.59783935546875,247.34466552734375,0.46513378620147705,0.36799356341362,0.3819330930709839,60.65190887451172,57.36967086791992,55.73688507080078,13.44561767578125,9.857382774353027,16.08292579650879,52.81051254272461,52.761131286621094,50.45641326904297,0.221684992313385,0.171822190284729,0.28855085372924805,5.885114669799805,5.3557448387146,4.6272969245910645,nan
4.560,0,130.39669799804688,155.89857482910156,145.9336395263672,250.83056640625,248.59783935546875,247.34466552734375,0.46513378620147705,0.36799356341362,0.3819330930709839,60.65190887451172,57.36967086791992,55.73688507080078,13.44561767578125,9.857382774353027,16.08292579650879,52.81051254272461,52.761131286621094,50.45641326904297,0.221684992313385,0.171822190284729,0.28855085372924805,5.885114669799805,5.3557448387146,4.6272969245910645,nan
4.580,0,130.2822265625,155.9728546142578,146.0821533203125,250.62026977539062,249.076416015625,247.31361389160156,0.434488981962204,0.36307528614997864,0.31453660130500793,56.60619354248047,56.62989044189453,45.948184967041016,16.941383361816406,7.27454948425293,15.65400218963623,46.78553771972656,49.191810607910156,40.185523986816406,0.299284964799881,0.12845776975154877,0.34068813920021057,5.818550109863281,5.442365646362305,4.580883979797363,nan
4.600,0,130.2822265625,155.9728546142578,146.0821533203125,250.62026977539062,249.076416015625,247.31361389160156,0.434488981962204,0.36307528614997864,0.31453660130500793,56.60619354248047,56.62989044189453,45.948184967041016,16.941383361816406,7.27454948425293,15.65400218963623,46.78553771972656,49.191810607910156,40.185523986816406,0.299284964799881,0.12845776975154877,0.34068813920021057,5.818550109863281,5.442365646362305,4.580883979797363,nan
4.620,0,130.2822265625,155.9728546142578,146.0821533203125,250.62026977539062,249.076416015625,247.31361389160156,0.434488981962204,0.36307528614997864,0.31453660130500793,56.60619354248047,56.62989044189453,45.948184967041016,16.941383361816406,7.27454948425293,15.65400218963623,46.78553771972656,49.191810607910156,40.185523986816406,0.299284964799881,0.12845776975154877,0.34068813920021057,5.818550109863281,5.442365646362305,4.580883979797363,nan
4.640,0,130.2822265625,155.9728546142578,146.0821533203125,250.62026977539062,249.076416015625,247.31361389160156,0.434488981962204,0.36307528614997864,0.31453660130500793,56.60619354248047,56.62989044189453,45.948184967041016,16.941383361816406,7.27454948425293,15.65400218963623,46.78553771972656,49.191810607910156,40.185523986816406,0.299284964799881,0.12845776975154877,0.34068813920021057,5.818550109863281,5.442365646362305,4.580883979797363,nan
4.660,0,130.2822265625,155.9728546142578,146.0821533203125,250.62026977539062,249.076416015625,247.31361389160156,0.434488981962204,0.36307528614997864,0.31453660130500793,56.60619354248047,56.62989044189453,45.948184967041016,16.941383361816406,7.27454948425293,15.65400218963623,46.78553771972656,49.191810607910156,40.185523986816406,0.299284964799881,0.12845776975154877,0.34068813920021057,5.818550109863281,5.442365646362305,4.580883979797363,nan
4.680,0,130.2822265625,155.9728546142578,146.0821533203125,250.62026977539062,249.076416015625,247.31361389160156,0.434488981962204,0.36307528614997864,0.31453660130500793,56.60619354248047,56.62989044189453,45.948184967041016,16.941383361816406,7.27454948425293,15.65400218963623,46.78553771972656,49.191810607910156,40.185523986816406,0.299284964799881,0.12845776975154877,0.34068813920021057,5.818550109863281,5.442365646362305,4.580883979797363,nan
4.700,0,130.2822265625,155.9728546142578,146.0821533203125,250.62026977539062,249.076416015625,247.31361389160156,0.434488981962204,0.36307528614997864,0.31453660130500793,56.60619354248047,56.62989044189453,45.948184967041016,16.941383361816406,7.27454948425293,15.65400218963623,46.78553771972656,49.191810607910156,40.185523986816406,0.299284964799881,0.12845776975154877,0.34068813920021057,5.818550109863281,5.442365646362305,4.580883979797363,nan
4.720,0,130.2822265625,155.9728546142578,146.0821533203125,250.62026977539062,249.076416015625,247.31361389160156,0.434488981962204,0.36307528614997864,0.31453660130500793,56.60619354248047,56.62989044189453,45.948184967041016,16.941383361816406,7.27454948425293,15.65400218963623,46.78553771972656,49.191810607910156,40.185523986816406,0.299284964799881,0.12845776975154877,0.34068813920021057,5.818550109863281,5.442365646362305,4.580883979797363,nan
4.740,0,130.2822265625,155.9728546142578,146.0821533203125,250.62026977539062,249.076416015625,247.31361389160156,0.434488981962204,0.36307528614997864,0.31453660130500793,56.60619354248047,56.62989044189453,45.948184967041016,16.941383361816406,7.27454948425293,15.65400218963623,46.78553771972656,49.191810607910156,40.185523986816406,0.299284964799881,0.12845776975154877,0.34068813920021057,5.818550109863281,5.442365646362305,4.580883979797363,nan
4.760,0,130.2822265625,155.9728546142578,146.0821533203125,250.62026977539062,249.076416015625,247.31361389160156,0.434488981962204,0.36307528614997864,0.31453660130500793,56.60619354248047,56.62989044189453,45.948184967041016,16.941383361816406,7.27454948425293,15.65400218963623,46.78553771972656,49.191810607910156,40.185523986816406,0.299284964799881,0.12845776975154877,0.34068813920021057,5.818550109863281,5.442365646362305,4.580883979797363,nan
4.780,0,130.3586883544922,155.94802856445312,146.03091430664062,250.75448608398438,248.783203125,247.43226623535156,0.412548691034317,0.3191119134426117,0.32444652915000916,53.77930450439453,49.76487350463867,47.37922286987305,14.164628028869629,8.89106559753418,16.308292388916016,44.97514724731445,44.717708587646484,41.06116485595703,0.2633843719959259,0.17866146564483643,0.34420767426490784,5.77894401550293,5.337182998657227,4.527714729309082,nan
4.800,0,130.3586883544922,155.94802856445312,146.03091430664062,250.75448608398438,248.783203125,247.43226623535156,0.412548691034317,0.3191119134426117,0.32444652915000916,53.77930450439453,49.76487350463867,47.37922286987305,14.164628028869629,8.89106559753418,16.308292388916016,44.97514724731445,44.717708587646484,41.06116485595703,0.2633843719959259,0.17866146564483643,0.34420767426490784,5.77894401550293,5.337182998657227,4.527714729309082,nan
4.820,0,130.3586883544922,155.94802856445312,146.03091430664062,250.75448608398438,248.783203125,247.43226623535156,0.412548691034317,0.3191119134426117,0.32444652915000916,53.77930450439453,49.76487350463867,47.37922286987305,14.164628028869629,8.89106559753418,16.308292388916016,44.97514724731445,44.717708587646484,41.06116485595703,0.2633843719959259,0.17866146564483643,0.34420767426490784,5.77894401550293,5.337182998657227,4.527714729309082,nan
4.840,0,130.3586883544922,155.94802856445312,146.03091430664062,250.75448608398438,248.783203125,247.43226623535156,0.412548691034317,0.3191119134426117,0.32444652915000916,53.77930450439453,49.76487350463867,47.37922286987305,14.164628028869629,8.89106559753418,16.308292388916016,44.97514724731445,44.717708587646484,41.06116485595703,0.2633843719959259,0.17866146564483643,0.34420767426490784,5.77894401550293,5.337182998657227,4.527714729309082,nan
4.860,0,130.3586883544922,155.94802856445312,146.03091430664062,250.75448608398438,248.783203125,247.43226623535156,0.412548691034317,0.3191119134426117,0.32444652915000916,53.77930450439453,49.76487350463867,47.37922286987305,14.164628028869629,8.89106559753418,16.308292388916016,44.97514724731445,44.717708587646484,41.06116485595703,0.2633843719959259,0.17866146564483643,0.34420767426490784,5.77894401550293,5.337182998657227,4.527714729309082,nan
4.880,0,130.3586883544922,155.94802856445312,146.03091430664062,250.75448608398438,248.783203125,247.43226623535156,0.412548691034317,0.3191119134426117,0.32444652915000916,53.77930450439453,49.76487350463867,47.37922286987305,14.164628028869629,8.89106559753418,16.308292388916016,44.97514724731445,44.717708587646484,41.06116485595703,0.2633843719959259,0.17866146564483643,0.34420767426490784,5.77894401550293,5.337182998657227,4.527714729309082,nan
4.900,0,130.3586883544922,155.94802856445312,146.03091430664062,250.75448608398438,248.783203125,247.43226623535156,0.412548691034317,0.3191119134426117,0.32444652915000916,53.77930450439453,49.76487350463867,47.37922286987305,14.164628028869629,8.89106559753418,16.308292388916016,44.97514724731445,44.717708587646484,41.06116485595703,0.2633843719959259,0.17866146564483643,0.34420767426490784,5.77894401550293,5.337182998657227,4.527714729309082,nan
4.920,0,130.3586883544922,155.94802856445312,146.03091430664062,250.75448608398438,248.783203125,247.43226623535156,0.412548691034317,0.3191119134426117,0.32444652915000916,53.77930450439453,49.76487350463867,47.37922286987305,14.164628028869629,8.89106559753418,16.308292388916016,44.97514724731445,44.717708587646484,41.06116485595703,0.2633843719959259,0.17866146564483643,0.34420767426490784,5.77894401550293,5.337182998657227,4.527714729309082,nan
4.940,0,130.3586883544922,155.94802856445312,146.03091430664062,250.75448608398438,248.783203125,247.43226623535156,0.412548691034317,0.3191119134426117,0.32444652915000916,53.77930450439453,49.76487350463867,47.37922286987305,14.164628028869629,8.89106559753418,16.308292388916016,44.97514724731445,44.717708587646484,41.06116485595703,0.2633843719959259,0.17866146564483643,0.34420767426490784,5.77894401550293,5.337182998657227,4.527714729309082,nan
4.960,0,130.3586883544922,155.94802856445312,146.03091430664062,250.75448608398438,248.783203125,247.43226623535156,0.412548691034317,0.3191119134426117,0.32444652915000916,53.77930450439453,49.76487350463867,47.37922286987305,14.164628028869629,8.89106559753418,16.308292388916016,44.97514724731445,44.717708587646484,41.06116485595703,0.2633843719959259,0.17866146564483643,0.34420767426490784,5.77894401550293,5.337182998657227,4.527714729309082,nan
4.980,0,130.3319091796875,155.81558227539062,146.03851318359375,250.571533203125,248.80247497558594,247.35108947753906,0.4454133212566376,0.35858428478240967,0.3436795175075531,58.05156707763672,55.87302017211914,50.19044494628906,15.022767066955566,8.505451202392578,15.720508575439453,48.997005462646484,50.107662200927734,44.57298278808594,0.25878313183784485,0.1522282361984253,0.3132171630859375,5.765230655670166,5.405782699584961,4.653493404388428,nan
5.000,0,130.3319091796875,155.81558227539062,146.03851318359375,250.571533203125,248.80247497558594,247.35108947753906,0.4454133212566376,0.35858428478240967,0.3436795175075531,58.05156707763672,55.87302017211914,50.19044494628906,15.022767066955566,8.505451202392578,15.720508575439453,48.997005462646484,50.107662200927734,44.57298278808594,0.25878313183784485,0.1522282361984253,0.3132171630859375,5.765230655670166,5.405782699584961,4.653493404388428,nan
5.020,0,130.3319091796875,155.81558227539062,146.03851318359375,250.571533203125,248.80247497558594,247.35108947753906,0.4454133212566376,0.35858428478240967,0.3436795175075531,58.05156707763672,55.87302017211914,50.19044494628906,15.022767066955566,8.505451202392578,15.720508575439453,48.997005462646484,50.107662200927734,44.57298278808594,0.25878313183784485,0.1522282361984253,0.3132171630859375,5.765230655670166,5.405782699584961,4.653493404388428,nan
5.040,0,130.3319091796875,155.81558227539062,146.03851318359375,250.571533203125,248.80247497558594,247.35108947753906,0.4454133212566376,0.35858428478240967,0.3436795175075531,58.05156707763672,55.87302017211914,50.19044494628906,15.022767066955566,8.505451202392578,15.720508575439453,48.997005462646484,50.107662200927734,44.57298278808594,0.25878313183784485,0.1522282361984253,0.3132171630859375,5.765230655670166,5.405782699584961,4.653493404388428,nan
5.060,0,130.3319091796875,155.81558227539062,146.03851318359375,250.571533203125,248.80247497558594,247.35108947753906,0.4454133212566376,0.35858428478240967,0.3436795175075531,58.05156707763672,55.87302017211914,50.19044494628906,15.022767066955566,8.505451202392578,15.720508575439453,48.997005462646484,50.107662200927734,44.57298278808594,0.25878313183784485,0.1522282361984253,0.3132171630859375,5.765230655670166,5.405782699584961,4.653493404388428,nan
5.080,0,130.3319091796875,155.81558227539062,146.03851318359375,250.571533203125,248.80247497558594,247.35108947753906,0.4454133212566376,0.35858428478240967,0.3436795175075531,58.05156707763672,55.87302017211914,50.19044494628906,15.022767066955566,8.505451202392578,15.720508575439453,48.997005462646484,50.107662200927734,44.57298278808594,0.25878313183784485,0.1522282361984253,0.3132171630859375,5.765230655670166,5.405782699584961,4.653493404388428,nan
5.100,0,130.3319091796875,155.81558227539062,146.03851318359375,250.571533203125,248.80247497558594,247.35108947753906,0.4454133212566376,0.35858428478240967,0.3436795175075531,58.05156707763672,55.87302017211914,50.19044494628906,15.022767066955566,8.505451202392578,15.720508575439453,48.997005462646484,50.107662200927734,44.57298278808594,0.25878313183784485,0.1522282361984253,0.3132171630859375,5.765230655670166,5.405782699584961,4.653493404388428,nan
5.120,0,130.3319091796875,155.81558227539062,146.03851318359375,250.571533203125,248.80247497558594,247.35108947753906,0.4454133212566376,0.35858428478240967,0.3436795175075531,58.05156707763672,55.87302017211914,50.19044494628906,15.022767066955566,8.505451202392578,15.720508575439453,48.997005462646484,50.107662200927734,44.57298278808594,0.25878313183784485,0.1522282361984253,0.3132171630859375,5.765230655670166,5.405782699584961,4.653493404388428,nan
5.140,0,130.3319091796875,155.81558227539062,146.03851318359375,250.571533203125,248.80247497558594,247.35108947753906,0.4454133212566376,0.35858428478240967,0.3436795175075531,58.05156707763672,55.87302017211914,50.19044494628906,15.022767066955566,8.505451202392578,15.720508575439453,48.997005462646484,50.107662200927734,44.57298278808594,0.25878313183784485,0.1522282361984253,0.3132171630859375,5.765230655670166,5.405782699584961,4.653493404388428,nan
5.160,0,130.3319091796875,155.81558227539062,146.03851318359375,250.571533203125,248.80247497558594,247.35108947753906,0.4454133212566376,0.35858428478240967,0.3436795175075531,58.05156707763672,55.87302017211914,50.19044494628906,15.022767066955566,8.505451202392578,15.720508575439453,48.997005462646484,50.107662200927734,44.57298278808594,0.25878313183784485,0.1522282361984253,0.3132171630859375,5.765230655670166,5.405782699584961,4.653493404388428,nan
5.180,0,130.020751953125,155.75843811035156,145.96026611328125,250.2106475830078,248.7190704345703,247.0339813232422,0.5107611417770386,0.4517320990562439,0.3868214786052704,66.4095458984375,70.361083984375,56.460567474365234,18.322694778442383,8.415895462036133,13.917651176452637,58.426517486572266,64.60509490966797,53.05735778808594,0.2759045362472534,0.11961008608341217,0.24650214612483978,5.896800994873047,5.45281457901001,4.570331573486328,nan
5.200,0,130.020751953125,155.75843811035156,145.96026611328125,250.2106475830078,248.7190704345703,247.0339813232422,0.5107611417770386,0.4517320990562439,0.3868214786052704,66.4095458984375,70.361083984375,56.460567474365234,18.322694778442383,8.415895462036133,13.917651176452637,58.426517486572266,64.60509490966797,53.05735778808594,0.2759045362472534,0.11961008608341217,0.24650214612483978,5.896800994873047,5.45281457901001,4.570331573486328,nan
5.220,0,130.020751953125,155.75843811035156,145.96026611328125,250.2106475830078,248.7190704345703,247.0339813232422,0.5107611417770386,0.4517320990562439,0.3868214786052704,66.4095458984375,70.361083984375,56.460567474365234,18.322694778442383,8.415895462036133,13.917651176452637,58.426517486572266,64.60509490966797,53.05735778808594,0.2759045362472534,0.11961008608341217,0.24650214612483978,5.896800994873047,5.45281457901001,4.570331573486328,nan
5.240,0,130.020751953125,155.75843811035156,145.96026611328125,250.2106475830078,248.7190704345703,247.0339813232422,0.5107611417770386,0.4517320990562439,0.3868214786052704,66.4095458984375,70.361083984375,56.460567474365234,18.322694778442383,8.415895462036133,13.917651176452637,58.426517486572266,64.60509490966797,53.05735778808594,0.2759045362472534,0.11961008608341217,0.24650214612483978,5.896800994873047,5.45281457901001,4.570331573486328,nan
5.260,0,130.020751953125,155.75843811035156,145.96026611328125,250.2106475830078,248.7190704345703,247.0339813232422,0.5107611417770386,0.4517320990562439,0.3868214786052704,66.4095458984375,70.361083984375,56.460567474365234,18.322694778442383,8.415895462036133,13.917651176452637,58.426517486572266,64.60509490966797,53.05735778808594,0.2759045362472534,0.11961008608341217,0.24650214612483978,5.896800994873047,5.45281457901001,4.570331573486328,nan
5.280,0,130.020751953125,155.75843811035156,145.96026611328125,250.2106475830078,248.7190704345703,247.0339813232422,0.5107611417770386,0.4517320990562439,0.3868214786052704,66.4095458984375,70.361083984375,56.460567474365234,18.322694778442383,8.415895462036133,13.917651176452637,58.426517486572266,64.60509490966797,53.05735778808594,0.2759045362472534,0.11961008608341217,0.24650214612483978,5.896800994873047,5.45281457901001,4.570331573486328,nan
5.300,0,130.020751953125,155.75843811035156,145.96026611328125,250.2106475830078,248.7190704345703,247.0339813232422,0.5107611417770386,0.4517320990562439,0.3868214786052704,66.4095458984375,70.361083984375,56.460567474365234,18.322694778442383,8.415895462036133,13.917651176452637,58.426517486572266,64.60509490966797,53.05735778808594,0.2759045362472534,0.11961008608341217,0.24650214612483978,5.896800994873047,5.45281457901001,4.570331573486328,nan
5.320,0,130.020751953125,155.75843811035156,145.96026611328125,250.2106475830078,248.7190704345703,247.0339813232422,0.5107611417770386,0.4517320990562439,0.3868214786052704,66.4095458984375,70.361083984375,56.460567474365234,18.322694778442383,8.415895462036133,13.917651176452637,58.426517486572266,64.60509490966797,53.05735778808594,0.2759045362472534,0.11961008608341217,0.24650214612483978,5.896800994873047,5.45281457901001,4.570331573486328,nan
5.340,0,130.020751953125,155.75843811035156,145.96026611328125,250.2106475830078,248.7190704345703,247.0339813232422,0.5107611417770386,0.4517320990562439,0.3868214786052704,66.4095458984375,70.361083984375,56.460567474365234,18.322694778442383,8.415895462036133,13.917651176452637,58.426517486572266,64.60509490966797,53.05735778808594,0.2759045362472534,0.11961008608341217,0.24650214612483978,5.896800994873047,5.45281457901001,4.570331573486328,nan
5.360,0,130.020751953125,155.75843811035156,145.96026611328125,250.2106475830078,248.7190704345703,247.0339813232422,0.5107611417770386,0.4517320990562439,0.3868214786052704,66.4095458984375,70.361083984375,56.460567474365234,18.322694778442383,8.415895462036133,13.917651176452637,58.426517486572266,64.60509490966797,53.05735778808594,0.2759045362472534,0.11961008608341217,0.24650214612483978,5.896800994873047,5.45281457901001,4.570331573486328,nan
5.380,0,130.29920959472656,156.0946807861328,146.16705322265625,250.6916046142578,249.34385681152344,247.38336181640625,0.39994320273399353,0.33653566241264343,0.2665650546550751,52.112281799316406,52.53142547607422,38.96302795410156,17.6295108795166,5.5553202629089355,15.423050880432129,41.83611297607422,44.32576370239258,33.177001953125,0.33829858899116516,0.10575231909751892,0.3958381116390228,5.82274055480957,5.404925346374512,4.593282699584961,nan
5.400,0,130.29920959472656,156.0946807861328,146.16705322265625,250.6916046142578,249.34385681152344,247.38336181640625,0.39994320273399353,0.33653566241264343,0.2665650546550751,52.112281799316406,52.53142547607422,38.96302795410156,17.6295108795166,5.5553202629089355,15.423050880432129,41.83611297607422,44.32576370239258,33.177001953125,0.33829858899116516,0.10575231909751892,0.3958381116390228,5.82274055480957,5.404925346374512,4.593282699584961,nan
5.420,0,130.29920959472656,156.0946807861328,146.16705322265625,250.6916046142578,249.34385681152344,247.38336181640625,0.39994320273399353,0.33653566241264343,0.2665650546550751,52.112281799316406,52.53142547607422,38.96302795410156,17.6295108795166,5.5553202629089355,15.423050880432129,41.83611297607422,44.32576370239258,33.177001953125,0.33829858899116516,0.10575231909751892,0.3958381116390228,5.82274055480957,5.404925346374512,4.593282699584961,nan
5.440,0,130.29920959472656,156.0946807861328,146.16705322265625,250.6916046142578,249.34385681152344,247.38336181640625,0.39994320273399353,0.33653566241264343,0.2665650546550751,52.112281799316406,52.53142547607422,38.96302795410156,17.6295108795166,5.5553202629089355,15.423050880432129,41.83611297607422,44.32576370239258,33.177001953125,0.33829858899116516,0.10575231909751892,0.3958381116390228,5.82274055480957,5.404925346374512,4.593282699584961,nan
5.460,0,130.29920959472656,156.0946807861328,146.16705322265625,250.6916046142578,249.34385681152344,247.38336181640625,0.39994320273399353,0.33653566241264343,0.2665650546550751,52.112281799316406,52.53142547607422,38.96302795410156,17.6295108795166,5.5553202629089355,15.423050880432129,41.83611297607422,44.32576370239258,33.177001953125,0.33829858899116516,0.10575231909751892,0.3958381116390228,5.82274055480957,5.404925346374512,4.593282699584961,nan
5.480,0,130.29920959472656,156.0946807861328,146.16705322265625,250.6916046142578,249.34385681152344,247.38336181640625,0.39994320273399353,0.33653566241264343,0.2665650546550751,52.112281799316406,52.53142547607422,38.96302795410156,17.6295108795166,5.5553202629089355,15.423050880432129,41.83611297607422,44.32576370239258,33.177001953125,0.33829858899116516,0.10575231909751892,0.3958381116390228,5.82274055480957,5.404925346374512,4.593282699584961,nan
5.500,0,130.29920959472656,156.0946807861328,146.16705322265625,250.6916046142578,249.34385681152344,247.38336181640625,0.39994320273399353,0.33653566241264343,0.2665650546550751,52.112281799316406,52.53142547607422,38.96302795410156,17.6295108795166,5.5553202629089355,15.423050880432129,41.83611297607422,44.32576370239258,33.177001953125,0.33829858899116516,0.10575231909751892,0.3958381116390228,5.82274055480957,5.404925346374512,4.593282699584961,nan
5.520,0,130.29920959472656,156.0946807861328,146.16705322265625,250.6916046142578,249.34385681152344,247.38336181640625,0.39994320273399353,0.33653566241264343,0.2665650546550751,52.112281799316406,52.53142547607422,38.96302795410156,17.6295108795166,5.5553202629089355,15.423050880432129,41.83611297607422,44.32576370239258,33.177001953125,0.33829858899116516,0.10575231909751892,0.3958381116390228,5.82274055480957,5.404925346374512,4.593282699584961,nan
5.540,0,130.29920959472656,156.0946807861328,146.16705322265625,250.6916046142578,249.34385681152344,247.38336181640625,0.39994320273399353,0.33653566241264343,0.2665650546550751,52.112281799316406,52.53142547607422,38.96302795410156,17.6295108795166,5.5553202629089355,15.423050880432129,41.83611297607422,44.32576370239258,33.177001953125,0.33829858899116516,0.10575231909751892,0.3958381116390228,5.82274055480957,5.404925346374512,4.593282699584961,nan
5.560,0,130.29920959472656,156.0946807861328,146.16705322265625,250.6916046142578,249.34385681152344,247.38336181640625,0.39994320273399353,0.33653566241264343,0.2665650546550751,52.112281799316406,52.53142547607422,38.96302795410156,17.6295108795166,5.5553202629089355,15.423050880432129,41.83611297607422,44.32576370239258,33.177001953125,0.33829858899116516,0.10575231909751892,0.3958381116390228,5.82274055480957,5.404925346374512,4.593282699584961,nan
5.580,0,130.07034301757812,156.01565551757812,146.09201049804688,250.4137420654297,249.19970703125,247.1461944580078,0.4476498067378998,0.3846304714679718,0.2938344478607178,58.2259635925293,60.00837326049805,42.92686462402344,19.431718826293945,5.408562660217285,14.707597732543945,47.23686599731445,52.14678192138672,37.755950927734375,0.33372944593429565,0.09013013541698456,0.3426198959350586,5.801278591156006,5.382256507873535,4.460031032562256,nan
5.600,0,130.07034301757812,156.01565551757812,146.09201049804688,250.4137420654297,249.19970703125,247.1461944580078,0.4476498067378998,0.3846304714679718,0.2938344478607178,58.2259635925293,60.00837326049805,42.92686462402344,19.431718826293945,5.408562660217285,14.707597732543945,47.23686599731445,52.14678192138672,37.755950927734375,0.33372944593429565,0.09013013541698456,0.3426198959350586,5.801278591156006,5.382256507873535,4.460031032562256,nan
5.620,0,130.07034301757812,156.01565551757812,146.09201049804688,250.4137420654297,249.19970703125,247.1461944580078,0.4476498067378998,0.3846304714679718,0.2938344478607178,58.2259635925293,60.00837326049805,42.92686462402344,19.431718826293945,5.408562660217285,14.707597732543945,47.23686599731445,52.14678192138672,37.755950927734375,0.33372944593429565,0.09013013541698456,0.3426198959350586,5.801278591156006,5.382256507873535,4.460031032562256,nan
5.640,0,130.07034301757812,156.01565551757812,146.09201049804688,250.4137420654297,249.19970703125,247.1461944580078,0.4476498067378998,0.3846304714679718,0.2938344478607178,58.2259635925293,60.00837326049805,42.92686462402344,19.431718826293945,5.408562660217285,14.707597732543945,47.23686599731445,52.14678192138672,37.755950927734375,0.33372944593429565,0.09013013541698456,0.3426198959350586,5.801278591156006,5.382256507873535,4.460031032562256,nan
5.660,0,130.07034301757812,156.01565551757812,146.09201049804688,250.4137420654297,249.19970703125,247.1461944580078,0.4476498067378998,0.3846304714679718,0.2938344478607178,58.2259635925293,60.00837326049805,42.92686462402344,19.431718826293945,5.408562660217285,14.707597732543945,47.23686599731445,52.14678192138672,37.755950927734375,0.33372944593429565,0.09013013541698456,0.3426198959350586,5.801278591156006,5.382256507873535,4.460031032562256,nan
5.680,0,130.07034301757812,156.01565551757812,146.09201049804688,250.4137420654297,249.19970703125,247.1461944580078,0.4476498067378998,0.3846304714679718,0.2938344478607178,58.2259635925293,60.00837326049805,42.92686462402344,19.431718826293945,5.408562660217285,14.707597732543945,47.23686599731445,52.14678192138672,37.755950927734375,0.33372944593429565,0.09013013541698456,0.3426198959350586,5.801278591156006,5.382256507873535,4.460031032562256,nan
5.700,0,130.07034301757812,156.01565551757812,146.09201049804688,250.4137420654297,249.19970703125,247.1461944580078,0.4476498067378998,0.3846304714679718,0.2938344478607178,58.2259635925293,60.00837326049805,42.92686462402344,19.431718826293945,5.408562660217285,14.707597732543945,47.23686599731445,52.14678192138672,37.755950927734375,0.33372944593429565,0.09013013541698456,0.3426198959350586,5.801278591156006,5.382256507873535,4.460031032562256,nan
5.720,0,130.07034301757812,156.01565551757812,146.09201049804688,250.4137420654297,249.19970703125,247.1461944580078,0.4476498067378998,0.3846304714679718,0.2938344478607178,58.2259635925293,60.00837326049805,42.92686462402344,19.431718826293945,5.408562660217285,14.707597732543945,47.23686599731445,52.14678192138672,37.755950927734375,0.33372944593429565,0.09013013541698456,0.3426198959350586,5.801278591156006,5.382256507873535,4.460031032562256,nan
5.740,0,130.07034301757812,156.01565551757812,146.09201049804688,250.4137420654297,249.19970703125,247.1461944580078,0.4476498067378998,0.3846304714679718,0.2938344478607178,58.2259635925293,60.00837326049805,42.92686462402344,19.431718826293945,5.408562660217285,14.707597732543945,47.23686599731445,52.14678192138672,37.755950927734375,0.33372944593429565,0.09013013541698456,0.3426198959350586,5.801278591156006,5.382256507873535,4.460031032562256,nan
5.760,0,130.07034301757812,156.01565551757812,146.09201049804688,250.4137420654297,249.19970703125,247.1461944580078,0.4476498067378998,0.3846304714679718,0.2938344478607178,58.2259635925293,60.00837326049805,42.92686462402344,19.431718826293945,5.408562660217285,14.707597732543945,47.23686599731445,52.14678192138672,37.755950927734375,0.33372944593429565,0.09013013541698456,0.3426198959350586,5.801278591156006,5.382256507873535,4.460031032562256,nan
5.780,0,130.09947204589844,155.9308624267578,146.13963317871094,250.36383056640625,249.21194458007812,247.1736602783203,0.4447304606437683,0.3828679323196411,0.28766104578971863,57.85919952392578,59.700927734375,42.03868103027344,19.58523178100586,5.025501251220703,14.713298797607422,46.48097610473633,51.37043762207031,36.54401779174805,0.33849814534187317,0.08417794108390808,0.3499943017959595,5.79196310043335,5.389923095703125,4.568093776702881,nan
5.800,0,130.09947204589844,155.9308624267578,146.13963317871094,250.36383056640625,249.21194458007812,247.1736602783203,0.4447304606437683,0.3828679323196411,0.28766104578971863,57.85919952392578,59.700927734375,42.03868103027344,19.58523178100586,5.025501251220703,14.713298797607422,46.48097610473633,51.37043762207031,36.54401779174805,0.33849814534187317,0.08417794108390808,0.3499943017959595,5.79196310043335,5.389923095703125,4.568093776702881,nan
5.820,0,130.09947204589844,155.9308624267578,146.13963317871094,250.36383056640625,249.21194458007812,247.1736602783203,0.4447304606437683,0.3828679323196411,0.28766104578971863,57.85919952392578,59.700927734375,42.03868103027344,19.58523178100586,5.025501251220703,14.713298797607422,46.48097610473633,51.37043762207031,36.54401779174805,0.33849814534187317,0.08417794108390808,0.3499943017959595,5.79196310043335,5.389923095703125,4.568093776702881,nan
5.840,0,130.09947204589844,155.9308624267578,146.13963317871094,250.36383056640625,249.21194458007812,247.1736602783203,0.4447304606437683,0.3828679323196411,0.28766104578971863,57.85919952392578,59.700927734375,42.03868103027344,19.58523178100586,5.025501251220703,14.713298797607422,46.48097610473633,51.37043762207031,36.54401779174805,0.33849814534187317,0.08417794108390808,0.3499943017959595,5.79196310043335,5.389923095703125,4.568093776702881,nan
5.860,0,130.09947204589844,155.9308624267578,146.13963317871094,250.36383056640625,249.21194458007812,247.1736602783203,0.4447304606437683,0.3828679323196411,0.28766104578971863,57.85919952392578,59.700927734375,42.03868103027344,19.58523178100586,5.025501251220703,14.713298797607422,46.48097610473633,51.37043762207031,36.54401779174805,0.33849814534187317,0.08417794108390808,0.3499943017959595,5.79196310043335,5.389923095703125,4.568093776702881,nan
5.880,0,130.09947204589844,155.9308624267578,146.13963317871094,250.36383056640625,249.21194458007812,247.1736602783203,0.4447304606437683,0.3828679323196411,0.28766104578971863,57.85919952392578,59.700927734375,42.03868103027344,19.58523178100586,5.025501251220703,14.713298797607422,46.48097610473633,51.37043762207031,36.54401779174805,0.33849814534187317,0.08417794108390808,0.3499943017959595,5.79196310043335,5.389923095703125,4.568093776702881,nan
5.900,0,130.09947204589844,155.9308624267578,146.13963317871094,250.36383056640625,249.21194458007812,247.1736602783203,0.4447304606437683,0.3828679323196411,0.28766104578971863,57.85919952392578,59.700927734375,42.03868103027344,19.58523178100586,5.025501251220703,14.713298797607422,46.48097610473633,51.37043762207031,36.54401779174805,0.33849814534187317,0.08417794108390808,0.3499943017959595,5.79196310043335,5.389923095703125,4.568093776702881,nan
5.920,0,130.09947204589844,155.9308624267578,146.13963317871094,250.36383056640625,249.21194458007812,247.1736602783203,0.4447304606437683,0.3828679323196411,0.28766104578971863,57.85919952392578,59.700927734375,42.03868103027344,19.58523178100586,5.025501251220703,14.713298797607422,46.48097610473633,51.37043762207031,36.54401779174805,0.33849814534187317,0.08417794108390808,0.3499943017959595,5.79196310043335,5.389923095703125,4.568093776702881,nan
5.940,0,130.09947204589844,155.9308624267578,146.13963317871094,250.36383056640625,249.21194458007812,247.1736602783203,0.4447304606437683,0.3828679323196411,0.28766104578971863,57.85919952392578,59.700927734375,42.03868103027344,19.58523178100586,5.025501251220703,14.713298797607422,46.48097610473633,51.37043762207031,36.54401779174805,0.33849814534187317,0.08417794108390808,0.3499943017959595,5.79196310043335,5.389923095703125,4.568093776702881,nan
5.960,0,130.09947204589844,155.9308624267578,146.13963317871094,250.36383056640625,249.21194458007812,247.1736602783203,0.4447304606437683,0.3828679323196411,0.28766104578971863,57.85919952392578,59.700927734375,42.03868103027344,19.58523178100586,5.025501251220703,14.713298797607422,46.48097610473633,51.37043762207031,36.54401779174805,0.33849814534187317,0.08417794108390808,0.3499943017959595,5.79196310043335,5.389923095703125,4.568093776702881,nan
5.980,0,130.0435333251953,156.02064514160156,146.1199188232422,250.36053466796875,249.2736053466797,247.14337158203125,0.4455852508544922,0.38355499505996704,0.2906893193721771,57.94548034667969,59.842498779296875,42.47549819946289,19.449357986450195,5.166353225708008,14.74771785736084,46.776981353759766,51.59975814819336,37.05988311767578,0.3356492519378662,0.08633251488208771,0.3472052812576294,5.859635353088379,5.47385311126709,4.445335865020752,nan
6.000,0,130.0435333251953,156.02064514160156,146.1199188232422,250.36053466796875,249.2736053466797,247.14337158203125,0.4455852508544922,0.38355499505996704,0.2906893193721771,57.94548034667969,59.842498779296875,42.47549819946289,19.449357986450195,5.166353225708008,14.74771785736084,46.776981353759766,51.59975814819336,37.05988311767578,0.3356492519378662,0.08633251488208771,0.3472052812576294,5.859635353088379,5.47385311126709,4.445335865020752,nan
6.020,0,130.0435333251953,156.02064514160156,146.1199188232422,250.36053466796875,249.2736053466797,247.14337158203125,0.4455852508544922,0.38355499505996704,0.2906893193721771,57.94548034667969,59.842498779296875,42.47549819946289,19.449357986450195,5.166353225708008,14.74771785736084,46.776981353759766,51.59975814819336,37.05988311767578,0.3356492519378662,0.08633251488208771,0.3472052812576294,5.859635353088379,5.47385311126709,4.445335865020752,nan
6.040,0,130.0435333251953,156.02064514160156,146.1199188232422,250.36053466796875,249.2736053466797,247.14337158203125,0.4455852508544922,0.38355499505996704,0.2906893193721771,57.94548034667969,59.842498779296875,42.47549819946289,19.449357986450195,5.166353225708008,14.74771785736084,46.776981353759766,51.59975814819336,37.05988311767578,0.3356492519378662,0.08633251488208771,0.3472052812576294,5.859635353088379,5.47385311126709,4.445335865020752,nan
6.060,0,130.0435333251953,156.02064514160156,146.1199188232422,250.36053466796875,249.2736053466797,247.14337158203125,0.4455852508544922,0.38355499505996704,0.2906893193721771,57.94548034667969,59.842498779296875,42.47549819946289,19.449357986450195,5.166353225708008,14.74771785736084,46.776981353759766,51.59975814819336,37.05988311767578,0.3356492519378662,0.08633251488208771,0.3472052812576294,5.859635353088379,5.47385311126709,4.445335865020752,nan
6.080,0,130.0435333251953,156.02064514160156,146.1199188232422,250.36053466796875,249.2736053466797,247.14337158203125,0.4455852508544922,0.38355499505996704,0.2906893193721771,57.94548034667969,59.842498779296875,42.47549819946289,19.449357986450195,5.166353225708008,14.74771785736084,46.776981353759766,51.59975814819336,37.05988311767578,0.3356492519378662,0.08633251488208771,0.3472052812576294,5.859635353088379,5.47385311126709,4.445335865020752,nan
6.100,0,130.0435333251953,156.02064514160156,146.1199188232422,250.36053466796875,249.2736053466797,247.14337158203125,0.4455852508544922,0.38355499505996704,0.2906893193721771,57.94548034667969,59.842498779296875,42.47549819946289,19.449357986450195,5.166353225708008,14.74771785736084,46.776981353759766,51.59975814819336,37.05988311767578,0.3356492519378662,0.08633251488208771,0.3472052812576294,5.859635353088379,5.47385311126709,4.445335865020752,nan
6.120,0,130.0435333251953,156.02064514160156,146.1199188232422,250.36053466796875,249.2736053466797,247.14337158203125,0.4455852508544922,0.38355499505996704,0.2906893193721771,57.94548034667969,59.842498779296875,42.47549819946289,19.449357986450195,5.166353225708008,14.74771785736084,46.776981353759766,51.59975814819336,37.05988311767578,0.3356492519378662,0.08633251488208771,0.3472052812576294,5.859635353088379,5.47385311126709,4.445335865020752,nan
6.140,0,130.0435333251953,156.02064514160156,146.1199188232422,250.36053466796875,249.2736053466797,247.14337158203125,0.4455852508544922,0.38355499505996704,0.2906893193721771,57.94548034667969,59.842498779296875,42.47549819946289,19.449357986450195,5.166353225708008,14.74771785736084,46.776981353759766,51.59975814819336,37.05988311767578,0.3356492519378662,0.08633251488208771,0.3472052812576294,5.859635353088379,5.47385311126709,4.445335865020752,nan
6.160,0,130.0435333251953,156.02064514160156,146.1199188232422,250.36053466796875,249.2736053466797,247.14337158203125,0.4455852508544922,0.38355499505996704,0.2906893193721771,57.94548034667969,59.842498779296875,42.47549819946289,19.449357986450195,5.166353225708008,14.74771785736084,46.776981353759766,51.59975814819336,37.05988311767578,0.3356492519378662,0.08633251488208771,0.3472052812576294,5.859635353088379,5.47385311126709,4.445335865020752,nan
6.180,0,130.12203979492188,156.0166473388672,146.0955352783203,250.50347900390625,249.2349395751953,247.1245574951172,0.4411558210849762,0.38038331270217896,0.29201585054397583,57.40409469604492,59.34613037109375,42.66221237182617,19.37744903564453,5.598911285400391,14.904908180236816,46.948184967041016,51.65702819824219,37.57334899902344,0.3375621438026428,0.09434332698583603,0.3493702709674835,5.9096999168396,5.4245285987854,4.6475300788879395,nan
6.200,0,130.12203979492188,156.0166473388672,146.0955352783203,250.50347900390625,249.2349395751953,247.1245574951172,0.4411558210849762,0.38038331270217896,0.29201585054397583,57.40409469604492,59.34613037109375,42.66221237182617,19.37744903564453,5.598911285400391,14.904908180236816,46.948184967041016,51.65702819824219,37.57334899902344,0.3375621438026428,0.09434332698583603,0.3493702709674835,5.9096999168396,5.4245285987854,4.6475300788879395,nan
6.220,0,130.12203979492188,156.0166473388672,146.0955352783203,250.50347900390625,249.2349395751953,247.1245574951172,0.4411558210849762,0.38038331270217896,0.29201585054397583,57.40409469604492,59.34613037109375,42.66221237182617,19.37744903564453,5.598911285400391,14.904908180236816,46.948184967041016,51.65702819824219,37.57334899902344,0.3375621438026428,0.09434332698583603,0.3493702709674835,5.9096999168396,5.4245285987854,4.6475300788879395,nan
6.240,0,130.12203979492188,156.0166473388672,146.0955352783203,250.50347900390625,249.2349395751953,247.1245574951172,0.4411558210849762,0.38038331270217896,0.29201585054397583,57.40409469604492,59.34613037109375,42.66221237182617,19.37744903564453,5.598911285400391,14.904908180236816,46.948184967041016,51.65702819824219,37.57334899902344,0.3375621438026428,0.09434332698583603,0.3493702709674835,5.9096999168396,5.4245285987854,4.6475300788879395,nan
6.260,0,130.12203979492188,156.0166473388672,146.0955352783203,250.50347900390625,249.2349395751953,247.1245574951172,0.4411558210849762,0.38038331270217896,0.29201585054397583,57.40409469604492,59.34613037109375,42.66221237182617,19.37744903564453,5.598911285400391,14.904908180236816,46.948184967041016,51.65702819824219,37.57334899902344,0.3375621438026428,0.09434332698583603,0.3493702709674835,5.9096999168396,5.4245285987854,4.6475300788879395,nan
6.280,0,130.12203979492188,156.0166473388672,146.0955352783203,250.50347900390625,249.2349395751953,247.1245574951172,0.4411558210849762,0.38038331270217896,0.29201585054397583,57.40409469604492,59.34613037109375,42.66221237182617,19.37744903564453,5.598911285400391,14.904908180236816,46.948184967041016,51.65702819824219,37.57334899902344,0.3375621438026428,0.09434332698583603,0.3493702709674835,5.9096999168396,5.4245285987854,4.6475300788879395,nan
6.300,0,130.12203979492188,156.0166473388672,146.0955352783203,250.50347900390625,249.2349395751953,247.1245574951172,0.4411558210849762,0.38038331270217896,0.29201585054397583,57.40409469604492,59.34613037109375,42.66221237182617,19.37744903564453,5.598911285400391,14.904908180236816,46.948184967041016,51.65702819824219,37.57334899902344,0.3375621438026428,0.09434332698583603,0.3493702709674835,5.9096999168396,5.4245285987854,4.6475300788879395,nan
6.320,0,130.12203979492188,156.0166473388672,146.0955352783203,250.50347900390625,249.2349395751953,247.1245574951172,0.4411558210849762,0.38038331270217896,0.29201585054397583,57.40409469604492,59.34613037109375,42.66221237182617,19.37744903564453,5.598911285400391,14.904908180236816,46.948184967041016,51.65702819824219,37.57334899902344,0.3375621438026428,0.09434332698583603,0.3493702709674835,5.9096999168396,5.4245285987854,4.6475300788879395,nan
6.340,0,130.12203979492188,156.0166473388672,146.0955352783203,250.50347900390625,249.2349395751953,247.1245574951172,0.4411558210849762,0.38038331270217896,0.29201585054397583,57.40409469604492,59.34613037109375,42.66221237182617,19.37744903564453,5.598911285400391,14.904908180236816,46.948184967041016,51.65702819824219,37.57334899902344,0.3375621438026428,0.09434332698583603,0.3493702709674835,5.9096999168396,5.4245285987854,4.6475300788879395,nan
6.360,0,130.12203979492188,156.0166473388672,146.0955352783203,250.50347900390625,249.2349395751953,247.1245574951172,0.4411558210849762,0.38038331270217896,0.29201585054397583,57.40409469604492,59.34613037109375,42.66221237182617,19.37744903564453,5.598911285400391,14.904908180236816,46.948184967041016,51.65702819824219,37.57334899902344,0.3375621438026428,0.09434332698583603,0.3493702709674835,5.9096999168396,5.4245285987854,4.6475300788879395,nan
6.380,0,130.32264709472656,156.0630645751953,146.0220489501953,250.75567626953125,249.0424041748047,247.32798767089844,0.4163210391998291,0.3399069309234619,0.30724331736564636,54.25606155395508,53.04691696166992,44.86429977416992,15.8739013671875,7.521916389465332,15.368973731994629,45.33441162109375,47.136741638183594,39.552406311035156,0.2925737798213959,0.14179742336273193,0.34256577491760254,5.848892688751221,5.400167942047119,4.5374531745910645,nan
6.400,0,130.32264709472656,156.0630645751953,146.0220489501953,250.75567626953125,249.0424041748047,247.32798767089844,0.4163210391998291,0.3399069309234619,0.30724331736564636,54.25606155395508,53.04691696166992,44.86429977416992,15.8739013671875,7.521916389465332,15.368973731994629,45.33441162109375,47.136741638183594,39.552406311035156,0.2925737798213959,0.14179742336273193,0.34256577491760254,5.848892688751221,5.400167942047119,4.5374531745910645,nan
6.420,0,130.32264709472656,156.0630645751953,146.0220489501953,250.75567626953125,249.0424041748047,247.32798767089844,0.4163210391998291,0.3399069309234619,0.30724331736564636,54.25606155395508,53.04691696166992,44.86429977416992,15.8739013671875,7.521916389465332,15.368973731994629,45.33441162109375,47.136741638183594,39.552406311035156,0.2925737798213959,0.14179742336273193,0.34256577491760254,5.848892688751221,5.400167942047119,4.5374531745910645,nan
6.440,0,130.32264709472656,156.0630645751953,146.0220489501953,250.75567626953125,249.0424041748047,247.32798767089844,0.4163210391998291,0.3399069309234619,0.30724331736564636,54.25606155395508,53.04691696166992,44.86429977416992,15.8739013671875,7.521916389465332,15.368973731994629,45.33441162109375,47.136741638183594,39.552406311035156,0.2925737798213959,0.14179742336273193,0.34256577491760254,5.848892688751221,5.400167942047119,4.5374531745910645,nan
6.460,0,130.32264709472656,156.0630645751953,146.0220489501953,250.75567626953125,249.0424041748047,247.32798767089844,0.4163210391998291,0.3399069309234619,0.30724331736564636,54.25606155395508,53.04691696166992,44.86429977416992,15.8739013671875,7.521916389465332,15.368973731994629,45.33441162109375,47.136741638183594,39.552406311035156,0.2925737798213959,0.14179742336273193,0.34256577491760254,5.848892688751221,5.400167942047119,4.5374531745910645,nan
6.480,0,130.32264709472656,156.0630645751953,146.0220489501953,250.75567626953125,249.0424041748047,247.32798767089844,0.4163210391998291,0.3399069309234619,0.30724331736564636,54.25606155395508,53.04691696166992,44.86429977416992,15.8739013671875,7.521916389465332,15.368973731994629,45.33441162109375,47.136741638183594,39.552406311035156,0.2925737798213959,0.14179742336273193,0.34256577491760254,5.848892688751221,5.400167942047119,4.5374531745910645,nan
6.500,0,130.32264709472656,156.0630645751953,146.0220489501953,250.75567626953125,249.0424041748047,247.32798767089844,0.4163210391998291,0.3399069309234619,0.30724331736564636,54.25606155395508,53.04691696166992,44.86429977416992,15.8739013671875,7.521916389465332,15.368973731994629,45.33441162109375,47.136741638183594,39.552406311035156,0.2925737798213959,0.14179742336273193,0.34256577491760254,5.848892688751221,5.400167942047119,4.5374531745910645,nan
6.520,0,130.32264709472656,156.0630645751953,146.0220489501953,250.75567626953125,249.0424041748047,247.32798767089844,0.4163210391998291,0.3399069309234619,0.30724331736564636,54.25606155395508,53.04691696166992,44.86429977416992,15.8739013671875,7.521916389465332,15.368973731994629,45.33441162109375,47.136741638183594,39.552406311035156,0.2925737798213959,0.14179742336273193,0.34256577491760254,5.848892688751221,5.400167942047119,4.5374531745910645,nan
6.540,0,130.32264709472656,156.0630645751953,146.0220489501953,250.75567626953125,249.0424041748047,247.32798767089844,0.4163210391998291,0.3399069309234619,0.30724331736564636,54.25606155395508,53.04691696166992,44.86429977416992,15.8739013671875,7.521916389465332,15.368973731994629,45.33441162109375,47.136741638183594,39.552406311035156,0.2925737798213959,0.14179742336273193,0.34256577491760254,5.848892688751221,5.400167942047119,4.5374531745910645,nan
6.560,0,130.32264709472656,156.0630645751953,146.0220489501953,250.75567626953125,249.0424041748047,247.32798767089844,0.4163210391998291,0.3399069309234619,0.30724331736564636,54.25606155395508,53.04691696166992,44.86429977416992,15.8739013671875,7.521916389465332,15.368973731994629,45.33441162109375,47.136741638183594,39.552406311035156,0.2925737798213959,0.14179742336273193,0.34256577491760254,5.848892688751221,5.400167942047119,4.5374531745910645,nan
6.580,0,130.10264587402344,155.962890625,146.18991088867188,250.42953491210938,249.2415771484375,247.2215118408203,0.4397023916244507,0.37460750341415405,0.28989720344543457,57.206443786621094,58.424869537353516,42.38004684448242,19.110828399658203,5.867978572845459,14.86310863494873,45.878028869628906,50.47270202636719,36.93790817260742,0.33406776189804077,0.10043631494045258,0.35071006417274475,5.8915557861328125,5.374124526977539,4.5993170738220215,nan
6.600,0,130.10264587402344,155.962890625,146.18991088867188,250.42953491210938,249.2415771484375,247.2215118408203,0.4397023916244507,0.37460750341415405,0.28989720344543457,57.206443786621094,58.424869537353516,42.38004684448242,19.110828399658203,5.867978572845459,14.86310863494873,45.878028869628906,50.47270202636719,36.93790817260742,0.33406776189804077,0.10043631494045258,0.35071006417274475,5.8915557861328125,5.374124526977539,4.5993170738220215,nan
6.620,0,130.10264587402344,155.962890625,146.18991088867188,250.42953491210938,249.2415771484375,247.2215118408203,0.4397023916244507,0.37460750341415405,0.28989720344543457,57.206443786621094,58.424869537353516,42.38004684448242,19.110828399658203,5.867978572845459,14.86310863494873,45.878028869628906,50.47270202636719,36.93790817260742,0.33406776189804077,0.10043631494045258,0.35071006417274475,5.8915557861328125,5.374124526977539,4.5993170738220215,nan
6.640,0,130.10264587402344,155.962890625,146.18991088867188,250.42953491210938,249.2415771484375,247.2215118408203,0.4397023916244507,0.37460750341415405,0.28989720344543457,57.206443786621094,58.424869537353516,42.38004684448242,19.110828399658203,5.867978572845459,14.86310863494873,45.878028869628906,50.47270202636719,36.93790817260742,0.33406776189804077,0.10043631494045258,0.35071006417274475,5.8915557861328125,5.374124526977539,4.5993170738220215,nan
6.660,0,130.10264587402344,155.962890625,146.18991088867188,250.42953491210938,249.2415771484375,247.2215118408203,0.4397023916244507,0.37460750341415405,0.28989720344543457,57.206443786621094,58.424869537353516,42.38004684448242,19.110828399658203,5.867978572845459,14.86310863494873,45.878028869628906,50.47270202636719,36.93790817260742,0.33406776189804077,0.10043631494045258,0.35071006417274475,5.8915557861328125,5.374124526977539,4.5993170738220215,nan
6.680,0,130.10264587402344,155.962890625,146.18991088867188,250.42953491210938,249.2415771484375,247.2215118408203,0.4397023916244507,0.37460750341415405,0.28989720344543457,57.206443786621094,58.424869537353516,42.38004684448242,19.110828399658203,5.867978572845459,14.86310863494873,45.878028869628906,50.47270202636719,36.93790817260742,0.33406776189804077,0.10043631494045258,0.35071006417274475,5.8915557861328125,5.374124526977539,4.5993170738220215,nan
6.700,0,130.10264587402344,155.962890625,146.18991088867188,250.42953491210938,249.2415771484375,247.2215118408203,0.4397023916244507,0.37460750341415405,0.28989720344543457,57.206443786621094,58.424869537353516,42.38004684448242,19.110828399658203,5.867978572845459,14.86310863494873,45.878028869628906,50.47270202636719,36.93790817260742,0.33406776189804077,0.10043631494045258,0.35071006417274475,5.8915557861328125,5.374124526977539,4.5993170738220215,nan
6.720,0,130.10264587402344,155.962890625,146.18991088867188,250.42953491210938,249.2415771484375,247.2215118408203,0.4397023916244507,0.37460750341415405,0.28989720344543457,57.206443786621094,58.424869537353516,42.38004684448242,19.110828399658203,5.867978572845459,14.86310863494873,45.878028869628906,50.47270202636719,36.93790817260742,0.33406776189804077,0.10043631494045258,0.35071006417274475,5.8915557861328125,5.374124526977539,4.5993170738220215,nan
6.740,0,130.10264587402344,155.962890625,146.18991088867188,250.42953491210938,249.2415771484375,247.2215118408203,0.4397023916244507,0.37460750341415405,0.28989720344543457,57.206443786621094,58.424869537353516,42.38004684448242,19.110828399658203,5.867978572845459,14.86310863494873,45.878028869628906,50.47270202636719,36.93790817260742,0.33406776189804077,0.10043631494045258,0.35071006417274475,5.8915557861328125,5.374124526977539,4.5993170738220215,nan
6.760,0,130.10264587402344,155.962890625,146.18991088867188,250.42953491210938,249.2415771484375,247.2215118408203,0.4397023916244507,0.37460750341415405,0.28989720344543457,57.206443786621094,58.424869537353516,42.38004684448242,19.110828399658203,5.867978572845459,14.86310863494873,45.878028869628906,50.47270202636719,36.93790817260742,0.33406776189804077,0.10043631494045258,0.35071006417274475,5.8915557861328125,5.374124526977539,4.5993170738220215,nan
6.780,0,130.10028076171875,155.99603271484375,146.10598754882812,250.3925323486328,249.21156311035156,247.19485473632812,0.4333195984363556,0.36658039689064026,0.28552037477493286,56.375,57.185089111328125,41.71623611450195,18.69571876525879,5.370663642883301,15.062541961669922,45.469547271728516,49.28373718261719,36.22272491455078,0.3316313624382019,0.09391720592975616,0.3610714375972748,5.7297587394714355,5.367562770843506,4.4226484298706055,nan
6.800,0,130.10028076171875,155.99603271484375,146.10598754882812,250.3925323486328,249.21156311035156,247.19485473632812,0.4333195984363556,0.36658039689064026,0.28552037477493286,56.375,57.185089111328125,41.71623611450195,18.69571876525879,5.370663642883301,15.062541961669922,45.469547271728516,49.28373718261719,36.22272491455078,0.3316313624382019,0.09391720592975616,0.3610714375972748,5.7297587394714355,5.367562770843506,4.4226484298706055,nan
6.820,0,130.10028076171875,155.99603271484375,146.10598754882812,250.3925323486328,249.21156311035156,247.19485473632812,0.4333195984363556,0.36658039689064026,0.28552037477493286,56.375,57.185089111328125,41.71623611450195,18.69571876525879,5.370663642883301,15.062541961669922,45.469547271728516,49.28373718261719,36.22272491455078,0.3316313624382019,0.09391720592975616,0.3610714375972748,5.7297587394714355,5.367562770843506,4.4226484298706055,nan
6.840,0,130.10028076171875,155.99603271484375,146.10598754882812,250.3925323486328,249.21156311035156,247.19485473632812,0.4333195984363556,0.36658039689064026,0.28552037477493286,56.375,57.185089111328125,41.71623611450195,18.69571876525879,5.370663642883301,15.062541961669922,45.469547271728516,49.28373718261719,36.22272491455078,0.3316313624382019,0.09391720592975616,0.3610714375972748,5.7297587394714355,5.367562770843506,4.4226484298706055,nan
6.860,0,130.10028076171875,155.99603271484375,146.10598754882812,250.3925323486328,249.21156311035156,247.19485473632812,0.4333195984363556,0.36658039689064026,0.28552037477493286,56.375,57.185089111328125,41.71623611450195,18.69571876525879,5.370663642883301,15.062541961669922,45.469547271728516,49.28373718261719,36.22272491455078,0.3316313624382019,0.09391720592975616,0.3610714375972748,5.7297587394714355,5.367562770843506,4.4226484298706055,nan
6.880,0,130.10028076171875,155.99603271484375,146.10598754882812,250.3925323486328,249.21156311035156,247.19485473632812,0.4333195984363556,0.36658039689064026,0.28552037477493286,56.375,57.185089111328125,41.71623611450195,18.69571876525879,5.370663642883301,15.062541961669922,45.469547271728516,49.28373718261719,36.22272491455078,0.3316313624382019,0.09391720592975616,0.3610714375972748,5.7297587394714355,5.367562770843506,4.4226484298706055,nan
6.900,0,130.10028076171875,155.99603271484375,146.10598754882812,250.3925323486328,249.21156311035156,247.19485473632812,0.4333195984363556,0.36658039689064026,0.28552037477493286,56.375,57.185089111328125,41.71623611450195,18.69571876525879,5.370663642883301,15.062541961669922,45.469547271728516,49.28373718261719,36.22272491455078,0.3316313624382019,0.09391720592975616,0.3610714375972748,5.7297587394714355,5.367562770843506,4.4226484298706055,nan
6.920,0,130.10028076171875,155.99603271484375,146.10598754882812,250.3925323486328,249.21156311035156,247.19485473632812,0.4333195984363556,0.36658039689064026,0.28552037477493286,56.375,57.185089111328125,41.71623611450195,18.69571876525879,5.370663642883301,15.062541961669922,45.469547271728516,49.28373718261719,36.22272491455078,0.3316313624382019,0.09391720592975616,0.3610714375972748,5.7297587394714355,5.367562770843506,4.4226484298706055,nan
6.940,0,130.10028076171875,155.99603271484375,146.10598754882812,250.3925323486328,249.21156311035156,247.19485473632812,0.4333195984363556,0.36658039689064026,0.28552037477493286,56.375,57.185089111328125,41.71623611450195,18.69571876525879,5.370663642883301,15.062541961669922,45.469547271728516,49.28373718261719,36.22272491455078,0.3316313624382019,0.09391720592975616,0.3610714375972748,5.7297587394714355,5.367562770843506,4.4226484298706055,nan
6.960,0,130.10028076171875,155.99603271484375,146.10598754882812,250.3925323486328,249.21156311035156,247.19485473632812,0.4333195984363556,0.36658039689064026,0.28552037477493286,56.375,57.185089111328125,41.71623611450195,18.69571876525879,5.370663642883301,15.062541961669922,45.469547271728516,49.28373718261719,36.22272491455078,0.3316313624382019,0.09391720592975616,0.3610714375972748,5.7297587394714355,5.367562770843506,4.4226484298706055,nan
6.980,0,130.157958984375,155.9924774169922,146.19375610351562,250.49427795410156,249.27130126953125,247.28208923339844,0.4324949383735657,0.36908459663391113,0.28682422637939453,56.292659759521484,57.57442092895508,41.93191146850586,18.731773376464844,5.383693695068359,14.866167068481445,45.860111236572266,49.957908630371094,36.685115814208984,0.3327569365501404,0.09350842982530594,0.35453110933303833,5.8270697593688965,5.332343578338623,4.554562568664551,nan
7.000,0,130.157958984375,155.9924774169922,146.19375610351562,250.49427795410156,249.27130126953125,247.28208923339844,0.4324949383735657,0.36908459663391113,0.28682422637939453,56.292659759521484,57.57442092895508,41.93191146850586,18.731773376464844,5.383693695068359,14.866167068481445,45.860111236572266,49.957908630371094,36.685115814208984,0.3327569365501404,0.09350842982530594,0.35453110933303833,5.8270697593688965,5.332343578338623,4.554562568664551,nan
7.020,0,130.157958984375,155.9924774169922,146.19375610351562,250.49427795410156,249.27130126953125,247.28208923339844,0.4324949383735657,0.36908459663391113,0.28682422637939453,56.292659759521484,57.57442092895508,41.93191146850586,18.731773376464844,5.383693695068359,14.866167068481445,45.860111236572266,49.957908630371094,36.685115814208984,0.3327569365501404,0.09350842982530594,0.35453110933303833,5.8270697593688965,5.332343578338623,4.554562568664551,nan
7.040,0,130.157958984375,155.9924774169922,146.19375610351562,250.49427795410156,249.27130126953125,247.28208923339844,0.4324949383735657,0.36908459663391113,0.28682422637939453,56.292659759521484,57.57442092895508,41.93191146850586,18.731773376464844,5.383693695068359,14.866167068481445,45.860111236572266,49.957908630371094,36.685115814208984,0.3327569365501404,0.09350842982530594,0.35453110933303833,5.8270697593688965,5.332343578338623,4.554562568664551,nan
7.060,0,130.157958984375,155.9924774169922,146.19375610351562,250.49427795410156,249.27130126953125,247.28208923339844,0.4324949383735657,0.36908459663391113,0.28682422637939453,56.292659759521484,57.57442092895508,41.93191146850586,18.731773376464844,5.383693695068359,14.866167068481445,45.860111236572266,49.957908630371094,36.685115814208984,0.3327569365501404,0.09350842982530594,0.35453110933303833,5.8270697593688965,5.332343578338623,4.554562568664551,nan
7.080,0,130.157958984375,155.9924774169922,146.19375610351562,250.49427795410156,249.27130126953125,247.28208923339844,0.4324949383735657,0.36908459663391113,0.28682422637939453,56.292659759521484,57.57442092895508,41.93191146850586,18.731773376464844,5.383693695068359,14.866167068481445,45.860111236572266,49.957908630371094,36.685115814208984,0.3327569365501404,0.09350842982530594,0.35453110933303833,5.8270697593688965,5.332343578338623,4.554562568664551,nan
7.100,0,130.157958984375,155.9924774169922,146.19375610351562,250.49427795410156,249.27130126953125,247.28208923339844,0.4324949383735657,0.36908459663391113,0.28682422637939453,56.292659759521484,57.57442092895508,41.93191146850586,18.731773376464844,5.383693695068359,14.866167068481445,45.860111236572266,49.957908630371094,36.685115814208984,0.3327569365501404,0.09350842982530594,0.35453110933303833,5.8270697593688965,5.332343578338623,4.554562568664551,nan
7.120,0,130.157958984375,155.9924774169922,146.19375610351562,250.49427795410156,249.27130126953125,247.28208923339844,0.4324949383735657,0.36908459663391113,0.28682422637939453,56.292659759521484,57.57442092895508,41.93191146850586,18.731773376464844,5.383693695068359,14.866167068481445,45.860111236572266,49.957908630371094,36.685115814208984,0.3327569365501404,0.09350842982530594,0.35453110933303833,5.8270697593688965,5.332343578338623,4.554562568664551,nan
7.140,0,130.157958984375,155.9924774169922,146.19375610351562,250.49427795410156,249.27130126953125,247.28208923339844,0.4324949383735657,0.36908459663391113,0.28682422637939453,56.292659759521484,57.57442092895508,41.93191146850586,18.731773376464844,5.383693695068359,14.866167068481445,45.860111236572266,49.957908630371094,36.685115814208984,0.3327569365501404,0.09350842982530594,0.35453110933303833,5.8270697593688965,5.332343578338623,4.554562568664551,nan
7.160,0,130.1696319580078,156.0472869873047,146.089599609375,250.54017639160156,249.22738647460938,247.21087646484375,0.44133949279785156,0.3778354525566101,0.2958480417728424,57.448997497558594,58.96019744873047,43.22032165527344,18.800382614135742,5.887199401855469,14.612608909606934,46.75083541870117,51.36982727050781,38.10393142700195,0.32725346088409424,0.09985040128231049,0.3380957841873169,5.79957914352417,5.3577070236206055,4.505105972290039,nan
7.180,0,130.1696319580078,156.0472869873047,146.089599609375,250.54017639160156,249.22738647460938,247.21087646484375,0.44133949279785156,0.3778354525566101,0.2958480417728424,57.448997497558594,58.96019744873047,43.22032165527344,18.800382614135742,5.887199401855469,14.612608909606934,46.75083541870117,51.36982727050781,38.10393142700195,0.32725346088409424,0.09985040128231049,0.3380957841873169,5.79957914352417,5.3577070236206055,4.505105972290039,nan
7.200,0,130.1696319580078,156.0472869873047,146.089599609375,250.54017639160156,249.22738647460938,247.21087646484375,0.44133949279785156,0.3778354525566101,0.2958480417728424,57.448997497558594,58.96019744873047,43.22032165527344,18.800382614135742,5.887199401855469,14.612608909606934,46.75083541870117,51.36982727050781,38.10393142700195,0.32725346088409424,0.09985040128231049,0.3380957841873169,5.79957914352417,5.3577070236206055,4.505105972290039,nan
7.220,0,130.1696319580078,156.0472869873047,146.089599609375,250.54017639160156,249.22738647460938,247.21087646484375,0.44133949279785156,0.3778354525566101,0.2958480417728424,57.448997497558594,58.96019744873047,43.22032165527344,18.800382614135742,5.887199401855469,14.612608909606934,46.75083541870117,51.36982727050781,38.10393142700195,0.32725346088409424,0.09985040128231049,0.3380957841873169,5.79957914352417,5.3577070236206055,4.505105972290039,nan
7.240,0,130.1696319580078,156.0472869873047,146.089599609375,250.54017639160156,249.22738647460938,247.21087646484375,0.44133949279785156,0.3778354525566101,0.2958480417728424,57.448997497558594,58.96019744873047,43.22032165527344,18.800382614135742,5.887199401855469,14.612608909606934,46.75083541870117,51.36982727050781,38.10393142700195,0.32725346088409424,0.09985040128231049,0.3380957841873169,5.79957914352417,5.3577070236206055,4.505105972290039,nan
7.260,0,130.1696319580078,156.0472869873047,146.089599609375,250.54017639160156,249.22738647460938,247.21087646484375,0.44133949279785156,0.3778354525566101,0.2958480417728424,57.448997497558594,58.96019744873047,43.22032165527344,18.800382614135742,5.887199401855469,14.612608909606934,46.75083541870117,51.36982727050781,38.10393142700195,0.32725346088409424,0.09985040128231049,0.3380957841873169,5.79957914352417,5.3577070236206055,4.505105972290039,nan
7.280,0,130.1696319580078,156.0472869873047,146.089599609375,250.54017639160156,249.22738647460938,247.21087646484375,0.44133949279785156,0.3778354525566101,0.2958480417728424,57.448997497558594,58.96019744873047,43.22032165527344,18.800382614135742,5.887199401855469,14.612608909606934,46.75083541870117,51.36982727050781,38.10393142700195,0.32725346088409424,0.09985040128231049,0.3380957841873169,5.79957914352417,5.3577070236206055,4.505105972290039,nan
7.300,0,130.1696319580078,156.0472869873047,146.089599609375,250.54017639160156,249.22738647460938,247.21087646484375,0.44133949279785156,0.3778354525566101,0.2958480417728424,57.448997497558594,58.96019744873047,43.22032165527344,18.800382614135742,5.887199401855469,14.612608909606934,46.75083541870117,51.36982727050781,38.10393142700195,0.32725346088409424,0.09985040128231049,0.3380957841873169,5.79957914352417,5.3577070236206055,4.505105972290039,nan
7.320,0,130.1696319580078,156.0472869873047,146.089599609375,250.54017639160156,249.22738647460938,247.21087646484375,0.44133949279785156,0.3778354525566101,0.2958480417728424,57.448997497558594,58.96019744873047,43.22032165527344,18.800382614135742,5.887199401855469,14.612608909606934,46.75083541870117,51.36982727050781,38.10393142700195,0.32725346088409424,0.09985040128231049,0.3380957841873169,5.79957914352417,5.3577070236206055,4.505105972290039,nan
7.340,0,130.1696319580078,156.0472869873047,146.089599609375,250.54017639160156,249.22738647460938,247.21087646484375,0.44133949279785156,0.3778354525566101,0.2958480417728424,57.448997497558594,58.96019744873047,43.22032165527344,18.800382614135742,5.887199401855469,14.612608909606934,46.75083541870117,51.36982727050781,38.10393142700195,0.32725346088409424,0.09985040128231049,0.3380957841873169,5.79957914352417,5.3577070236206055,4.505105972290039,nan
7.360,0,130.10328674316406,156.0638427734375,146.20167541503906,250.54566955566406,249.35333251953125,247.2003936767578,0.45185011625289917,0.3917517364025116,0.2918314039707184,58.78718566894531,61.138282775878906,42.66624069213867,19.84078598022461,4.998294353485107,14.628680229187012,47.30695724487305,52.56327819824219,37.2188720703125,0.3375018835067749,0.0817539244890213,0.3428631126880646,5.927672863006592,5.350149154663086,4.589274883270264,nan
7.380,0,130.10328674316406,156.0638427734375,146.20167541503906,250.54566955566406,249.35333251953125,247.2003936767578,0.45185011625289917,0.3917517364025116,0.2918314039707184,58.78718566894531,61.138282775878906,42.66624069213867,19.84078598022461,4.998294353485107,14.628680229187012,47.30695724487305,52.56327819824219,37.2188720703125,0.3375018835067749,0.0817539244890213,0.3428631126880646,5.927672863006592,5.350149154663086,4.589274883270264,nan
7.400,0,130.10328674316406,156.0638427734375,146.20167541503906,250.54566955566406,249.35333251953125,247.2003936767578,0.45185011625289917,0.3917517364025116,0.2918314039707184,58.78718566894531,61.138282775878906,42.66624069213867,19.84078598022461,4.998294353485107,14.628680229187012,47.30695724487305,52.56327819824219,37.2188720703125,0.3375018835067749,0.0817539244890213,0.3428631126880646,5.927672863006592,5.350149154663086,4.589274883270264,nan
7.420,0,130.10328674316406,156.0638427734375,146.20167541503906,250.54566955566406,249.35333251953125,247.2003936767578,0.45185011625289917,0.3917517364025116,0.2918314039707184,58.78718566894531,61.138282775878906,42.66624069213867,19.84078598022461,4.998294353485107,14.628680229187012,47.30695724487305,52.56327819824219,37.2188720703125,0.3375018835067749,0.0817539244890213,0.3428631126880646,5.927672863006592,5.350149154663086,4.589274883270264,nan
7.440,0,130.10328674316406,156.0638427734375,146.20167541503906,250.54566955566406,249.35333251953125,247.2003936767578,0.45185011625289917,0.3917517364025116,0.2918314039707184,58.78718566894531,61.138282775878906,42.66624069213867,19.84078598022461,4.998294353485107,14.628680229187012,47.30695724487305,52.56327819824219,37.2188720703125,0.3375018835067749,0.0817539244890213,0.3428631126880646,5.927672863006592,5.350149154663086,4.589274883270264,nan
7.460,0,130.10328674316406,156.0638427734375,146.20167541503906,250.54566955566406,249.35333251953125,247.2003936767578,0.45185011625289917,0.3917517364025116,0.2918314039707184,58.78718566894531,61.138282775878906,42.66624069213867,19.84078598022461,4.998294353485107,14.628680229187012,47.30695724487305,52.56327819824219,37.2188720703125,0.3375018835067749,0.0817539244890213,0.3428631126880646,5.927672863006592,5.350149154663086,4.589274883270264,nan
7.480,0,130.10328674316406,156.0638427734375,146.20167541503906,250.54566955566406,249.35333251953125,247.2003936767578,0.45185011625289917,0.3917517364025116,0.2918314039707184,58.78718566894531,61.138282775878906,42.66624069213867,19.84078598022461,4.998294353485107,14.628680229187012,47.30695724487305,52.56327819824219,37.2188720703125,0.3375018835067749,0.0817539244890213,0.3428631126880646,5.927672863006592,5.350149154663086,4.589274883270264,nan
7.500,0,130.10328674316406,156.0638427734375,146.20167541503906,250.54566955566406,249.35333251953125,247.2003936767578,0.45185011625289917,0.3917517364025116,0.2918314039707184,58.78718566894531,61.138282775878906,42.66624069213867,19.84078598022461,4.998294353485107,14.628680229187012,47.30695724487305,52.56327819824219,37.2188720703125,0.3375018835067749,0.0817539244890213,0.3428631126880646,5.927672863006592,5.350149154663086,4.589274883270264,nan
7.520,0,130.10328674316406,156.0638427734375,146.20167541503906,250.54566955566406,249.35333251953125,247.2003936767578,0.45185011625289917,0.3917517364025116,0.2918314039707184,58.78718566894531,61.138282775878906,42.66624069213867,19.84078598022461,4.998294353485107,14.628680229187012,47.30695724487305,52.56327819824219,37.2188720703125,0.3375018835067749,0.0817539244890213,0.3428631126880646,5.927672863006592,5.350149154663086,4.589274883270264,nan
7.540,0,130.10328674316406,156.0638427734375,146.20167541503906,250.54566955566406,249.35333251953125,247.2003936767578,0.45185011625289917,0.3917517364025116,0.2918314039707184,58.78718566894531,61.138282775878906,42.66624069213867,19.84078598022461,4.998294353485107,14.628680229187012,47.30695724487305,52.56327819824219,37.2188720703125,0.3375018835067749,0.0817539244890213,0.3428631126880646,5.927672863006592,5.350149154663086,4.589274883270264,nan
7.560,0,130.14198303222656,156.06655883789062,146.09083557128906,250.49807739257812,249.30564880371094,247.17437744140625,0.442206472158432,0.3804683983325958,0.2918314039707184,58.78718566894531,61.138282775878906,42.66624069213867,19.84078598022461,4.998294353485107,14.628680229187012,47.30695724487305,52.56327819824219,37.2188720703125,0.3375018835067749,0.0817539244890213,0.3428631126880646,5.927672863006592,5.350149154663086,4.589274883270264,nan
7.580,0,130.14198303222656,156.06655883789062,146.09083557128906,250.49807739257812,249.30564880371094,247.17437744140625,0.442206472158432,0.3804683983325958,0.2878119945526123,57.549625396728516,59.378395080566406,42.046695709228516,19.504873275756836,5.050384998321533,14.949790000915527,46.61977005004883,51.175750732421875,36.64570999145508,0.3389226794242859,0.08505425602197647,0.355552077293396,5.7808427810668945,5.35979700088501,4.4932990074157715,nan
7.600,0,130.14198303222656,156.06655883789062,146.09083557128906,250.49807739257812,249.30564880371094,247.17437744140625,0.442206472158432,0.3804683983325958,0.2878119945526123,57.549625396728516,59.378395080566406,42.046695709228516,19.504873275756836,5.050384998321533,14.949790000915527,46.61977005004883,51.175750732421875,36.64570999145508,0.3389226794242859,0.08505425602197647,0.355552077293396,5.7808427810668945,5.35979700088501,4.4932990074157715,nan
7.620,0,130.14198303222656,156.06655883789062,146.09083557128906,250.49807739257812,249.30564880371094,247.17437744140625,0.442206472158432,0.3804683983325958,0.2878119945526123,57.549625396728516,59.378395080566406,42.046695709228516,19.504873275756836,5.050384998321533,14.949790000915527,46.61977005004883,51.175750732421875,36.64570999145508,0.3389226794242859,0.08505425602197647,0.355552077293396,5.7808427810668945,5.35979700088501,4.4932990074157715,nan
7.640,0,130.14198303222656,156.06655883789062,146.09083557128906,250.49807739257812,249.30564880371094,247.17437744140625,0.442206472158432,0.3804683983325958,0.2878119945526123,57.549625396728516,59.378395080566406,42.046695709228516,19.504873275756836,5.050384998321533,14.949790000915527,46.61977005004883,51.175750732421875,36.64570999145508,0.3389226794242859,0.08505425602197647,0.355552077293396,5.7808427810668945,5.35979700088501,4.4932990074157715,nan
7.660,0,130.14198303222656,156.06655883789062,146.09083557128906,250.49807739257812,249.30564880371094,247.17437744140625,0.442206472158432,0.3804683983325958,0.2878119945526123,57.549625396728516,59.378395080566406,42.046695709228516,19.504873275756836,5.050384998321533,14.949790000915527,46.61977005004883,51.175750732421875,36.64570999145508,0.3389226794242859,0.08505425602197647,0.355552077293396,5.7808427810668945,5.35979700088501,4.4932990074157715,nan
7.680,0,130.14198303222656,156.06655883789062,146.09083557128906,250.49807739257812,249.30564880371094,247.17437744140625,0.442206472158432,0.3804683983325958,0.2878119945526123,57.549625396728516,59.378395080566406,42.046695709228516,19.504873275756836,5.050384998321533,14.949790000915527,46.61977005004883,51.175750732421875,36.64570999145508,0.3389226794242859,0.08505425602197647,0.355552077293396,5.7808427810668945,5.35979700088501,4.4932990074157715,nan
7.700,0,130.14198303222656,156.06655883789062,146.09083557128906,250.49807739257812,249.30564880371094,247.17437744140625,0.442206472158432,0.3804683983325958,0.2878119945526123,57.549625396728516,59.378395080566406,42.046695709228516,19.504873275756836,5.050384998321533,14.949790000915527,46.61977005004883,51.175750732421875,36.64570999145508,0.3389226794242859,0.08505425602197647,0.355552077293396,5.7808427810668945,5.35979700088501,4.4932990074157715,nan
7.720,0,130.14198303222656,156.06655883789062,146.09083557128906,250.49807739257812,249.30564880371094,247.17437744140625,0.442206472158432,0.3804683983325958,0.2878119945526123,57.549625396728516,59.378395080566406,42.046695709228516,19.504873275756836,5.050384998321533,14.949790000915527,46.61977005004883,51.175750732421875,36.64570999145508,0.3389226794242859,0.08505425602197647,0.355552077293396,5.7808427810668945,5.35979700088501,4.4932990074157715,nan
7.740,0,130.14198303222656,156.06655883789062,146.09083557128906,250.49807739257812,249.30564880371094,247.17437744140625,0.442206472158432,0.3804683983325958,0.2878119945526123,57.549625396728516,59.378395080566406,42.046695709228516,19.504873275756836,5.050384998321533,14.949790000915527,46.61977005004883,51.175750732421875,36.64570999145508,0.3389226794242859,0.08505425602197647,0.355552077293396,5.7808427810668945,5.35979700088501,4.4932990074157715,nan
7.760,0,130.37730407714844,155.9514923095703,146.0750274658203,250.73252868652344,248.9059600830078,247.4630126953125,0.40845927596092224,0.32830265164375305,0.30140960216522217,53.25381851196289,51.19928741455078,44.02841567993164,15.714865684509277,7.902690410614014,15.74531078338623,44.059329986572266,45.33064651489258,38.55473709106445,0.29509368538856506,0.15435157716274261,0.35761702060699463,5.6977314949035645,5.191339492797852,4.477481365203857,nan
7.780,0,130.37730407714844,155.9514923095703,146.0750274658203,250.73252868652344,248.9059600830078,247.4630126953125,0.40845927596092224,0.32830265164375305,0.30140960216522217,53.25381851196289,51.19928741455078,44.02841567993164,15.714865684509277,7.902690410614014,15.74531078338623,44.059329986572266,45.33064651489258,38.55473709106445,0.29509368538856506,0.15435157716274261,0.35761702060699463,5.6977314949035645,5.191339492797852,4.477481365203857,nan
7.800,0,130.37730407714844,155.9514923095703,146.0750274658203,250.73252868652344,248.9059600830078,247.4630126953125,0.40845927596092224,0.32830265164375305,0.30140960216522217,53.25381851196289,51.19928741455078,44.02841567993164,15.714865684509277,7.902690410614014,15.74531078338623,44.059329986572266,45.33064651489258,38.55473709106445,0.29509368538856506,0.15435157716274261,0.35761702060699463,5.6977314949035645,5.191339492797852,4.477481365203857,nan
7.820,0,130.37730407714844,155.9514923095703,146.0750274658203,250.73252868652344,248.9059600830078,247.4630126953125,0.40845927596092224,0.32830265164375305,0.30140960216522217,53.25381851196289,51.19928741455078,44.02841567993164,15.714865684509277,7.902690410614014,15.74531078338623,44.059329986572266,45.33064651489258,38.55473709106445,0.29509368538856506,0.15435157716274261,0.35761702060699463,5.6977314949035645,5.191339492797852,4.477481365203857,nan
7.840,0,130.37730407714844,155.9514923095703,146.0750274658203,250.73252868652344,248.9059600830078,247.4630126953125,0.40845927596092224,0.32830265164375305,0.30140960216522217,53.25381851196289,51.19928741455078,44.02841567993164,15.714865684509277,7.902690410614014,15.74531078338623,44.059329986572266,45.33064651489258,38.55473709106445,0.29509368538856506,0.15435157716274261,0.35761702060699463,5.6977314949035645,5.191339492797852,4.477481365203857,nan
7.860,0,130.37730407714844,155.9514923095703,146.0750274658203,250.73252868652344,248.9059600830078,247.4630126953125,0.40845927596092224,0.32830265164375305,0.30140960216522217,53.25381851196289,51.19928741455078,44.02841567993164,15.714865684509277,7.902690410614014,15.74531078338623,44.059329986572266,45.33064651489258,38.55473709106445,0.29509368538856506,0.15435157716274261,0.35761702060699463,5.6977314949035645,5.191339492797852,4.477481365203857,nan
7.880,0,130.37730407714844,155.9514923095703,146.0750274658203,250.73252868652344,248.9059600830078,247.4630126953125,0.40845927596092224,0.32830265164375305,0.30140960216522217,53.25381851196289,51.19928741455078,44.02841567993164,15.714865684509277,7.902690410614014,15.74531078338623,44.059329986572266,45.33064651489258,38.55473709106445,0.29509368538856506,0.15435157716274261,0.35761702060699463,5.6977314949035645,5.191339492797852,4.477481365203857,nan
7.900,0,130.37730407714844,155.9514923095703,146.0750274658203,250.73252868652344,248.9059600830078,247.4630126953125,0.40845927596092224,0.32830265164375305,0.30140960216522217,53.25381851196289,51.19928741455078,44.02841567993164,15.714865684509277,7.902690410614014,15.74531078338623,44.059329986572266,45.33064651489258,38.55473709106445,0.29509368538856506,0.15435157716274261,0.35761702060699463,5.6977314949035645,5.191339492797852,4.477481365203857,nan
7.920,0,130.37730407714844,155.9514923095703,146.0750274658203,250.73252868652344,248.9059600830078,247.4630126953125,0.40845927596092224,0.32830265164375305,0.30140960216522217,53.25381851196289,51.19928741455078,44.02841567993164,15.714865684509277,7.902690410614014,15.74531078338623,44.059329986572266,45.33064651489258,38.55473709106445,0.29509368538856506,0.15435157716274261,0.35761702060699463,5.6977314949035645,5.191339492797852,4.477481365203857,nan
7.940,0,130.37730407714844,155.9514923095703,146.0750274658203,250.73252868652344,248.9059600830078,247.4630126953125,0.40845927596092224,0.32830265164375305,0.30140960216522217,53.25381851196289,51.19928741455078,44.02841567993164,15.714865684509277,7.902690410614014,15.74531078338623,44.059329986572266,45.33064651489258,38.55473709106445,0.29509368538856506,0.15435157716274261,0.35761702060699463,5.6977314949035645,5.191339492797852,4.477481365203857,nan
7.960,0,130.29742431640625,156.03712463378906,146.1240997314453,250.68536376953125,249.18496704101562,247.35614013671875,0.4262009263038635,0.35217610001564026,0.29631689190864563,55.53288269042969,54.952545166015625,43.29903793334961,17.350624084472656,6.439511299133301,15.378982543945312,45.38935470581055,48.0406494140625,37.72770309448242,0.3124387562274933,0.1171831339597702,0.3551807105541229,5.708378791809082,5.301313400268555,4.465105056762695,nan
7.980,0,130.29742431640625,156.03712463378906,146.1240997314453,250.68536376953125,249.18496704101562,247.35614013671875,0.4262009263038635,0.35217610001564026,0.29631689190864563,55.53288269042969,54.952545166015625,43.29903793334961,17.350624084472656,6.439511299133301,15.378982543945312,45.38935470581055,48.0406494140625,37.72770309448242,0.3124387562274933,0.1171831339597702,0.3551807105541229,5.708378791809082,5.301313400268555,4.465105056762695,nan
8.000,0,130.29742431640625,156.03712463378906,146.1240997314453,250.68536376953125,249.18496704101562,247.35614013671875,0.4262009263038635,0.35217610001564026,0.29631689190864563,55.53288269042969,54.952545166015625,43.29903793334961,17.350624084472656,6.439511299133301,15.378982543945312,45.38935470581055,48.0406494140625,37.72770309448242,0.3124387562274933,0.1171831339597702,0.3551807105541229,5.708378791809082,5.301313400268555,4.465105056762695,nan
8.020,0,130.29742431640625,156.03712463378906,146.1240997314453,250.68536376953125,249.18496704101562,247.35614013671875,0.4262009263038635,0.35217610001564026,0.29631689190864563,55.53288269042969,54.952545166015625,43.29903793334961,17.350624084472656,6.439511299133301,15.378982543945312,45.38935470581055,48.0406494140625,37.72770309448242,0.3124387562274933,0.1171831339597702,0.3551807105541229,5.708378791809082,5.301313400268555,4.465105056762695,nan
8.040,0,130.29742431640625,156.03712463378906,146.1240997314453,250.68536376953125,249.18496704101562,247.35614013671875,0.4262009263038635,0.35217610001564026,0.29631689190864563,55.53288269042969,54.952545166015625,43.29903793334961,17.350624084472656,6.439511299133301,15.378982543945312,45.38935470581055,48.0406494140625,37.72770309448242,0.3124387562274933,0.1171831339597702,0.3551807105541229,5.708378791809082,5.301313400268555,4.465105056762695,nan
8.060,0,130.29742431640625,156.03712463378906,146.1240997314453,250.68536376953125,249.18496704101562,247.35614013671875,0.4262009263038635,0.35217610001564026,0.29631689190864563,55.53288269042969,54.952545166015625,43.29903793334961,17.350624084472656,6.439511299133301,15.378982543945312,45.38935470581055,48.0406494140625,37.72770309448242,0.3124387562274933,0.1171831339597702,0.3551807105541229,5.708378791809082,5.301313400268555,4.465105056762695,nan
8.080,0,130.29742431640625,156.03712463378906,146.1240997314453,250.68536376953125,249.18496704101562,247.35614013671875,0.4262009263038635,0.35217610001564026,0.29631689190864563,55.53288269042969,54.952545166015625,43.29903793334961,17.350624084472656,6.439511299133301,15.378982543945312,45.38935470581055,48.0406494140625,37.72770309448242,0.3124387562274933,0.1171831339597702,0.3551807105541229,5.708378791809082,5.301313400268555,4.465105056762695,nan
8.100,0,130.29742431640625,156.03712463378906,146.1240997314453,250.68536376953125,249.18496704101562,247.35614013671875,0.4262009263038635,0.35217610001564026,0.29631689190864563,55.53288269042969,54.952545166015625,43.29903793334961,17.350624084472656,6.439511299133301,15.378982543945312,45.38935470581055,48.0406494140625,37.72770309448242,0.3124387562274933,0.1171831339597702,0.3551807105541229,5.708378791809082,5.301313400268555,4.465105056762695,nan
8.120,0,130.29742431640625,156.03712463378906,146.1240997314453,250.68536376953125,249.18496704101562,247.35614013671875,0.4262009263038635,0.35217610001564026,0.29631689190864563,55.53288269042969,54.952545166015625,43.29903793334961,17.350624084472656,6.439511299133301,15.378982543945312,45.38935470581055,48.0406494140625,37.72770309448242,0.3124387562274933,0.1171831339597702,0.3551807105541229,5.708378791809082,5.301313400268555,4.465105056762695,nan
8.140,0,130.29742431640625,156.03712463378906,146.1240997314453,250.68536376953125,249.18496704101562,247.35614013671875,0.4262009263038635,0.35217610001564026,0.29631689190864563,55.53288269042969,54.952545166015625,43.29903793334961,17.350624084472656,6.439511299133301,15.378982543945312,45.38935470581055,48.0406494140625,37.72770309448242,0.3124387562274933,0.1171831339597702,0.3551807105541229,5.708378791809082,5.301313400268555,4.465105056762695,nan
8.160,0,130.3518829345703,156.0454559326172,146.0845184326172,250.83413696289062,249.00747680664062,247.4033203125,0.41510266065597534,0.3371921479701996,0.30016860365867615,54.109413146972656,52.61730194091797,43.8499870300293,16.12880516052246,7.405261039733887,15.588554382324219,44.50816345214844,46.20227813720703,38.3181266784668,0.29807761311531067,0.1407381296157837,0.3554973602294922,5.735394477844238,5.197253227233887,4.462896823883057,nan
8.180,0,130.3518829345703,156.0454559326172,146.0845184326172,250.83413696289062,249.00747680664062,247.4033203125,0.41510266065597534,0.3371921479701996,0.30016860365867615,54.109413146972656,52.61730194091797,43.8499870300293,16.12880516052246,7.405261039733887,15.588554382324219,44.50816345214844,46.20227813720703,38.3181266784668,0.29807761311531067,0.1407381296157837,0.3554973602294922,5.735394477844238,5.197253227233887,4.462896823883057,nan
8.200,0,130.3518829345703,156.0454559326172,146.0845184326172,250.83413696289062,249.00747680664062,247.4033203125,0.41510266065597534,0.3371921479701996,0.30016860365867615,54.109413146972656,52.61730194091797,43.8499870300293,16.12880516052246,7.405261039733887,15.588554382324219,44.50816345214844,46.20227813720703,38.3181266784668,0.29807761311531067,0.1407381296157837,0.3554973602294922,5.735394477844238,5.197253227233887,4.462896823883057,nan
8.220,0,130.3518829345703,156.0454559326172,146.0845184326172,250.83413696289062,249.00747680664062,247.4033203125,0.41510266065597534,0.3371921479701996,0.30016860365867615,54.109413146972656,52.61730194091797,43.8499870300293,16.12880516052246,7.405261039733887,15.588554382324219,44.50816345214844,46.20227813720703,38.3181266784668,0.29807761311531067,0.1407381296157837,0.3554973602294922,5.735394477844238,5.197253227233887,4.462896823883057,nan
8.240,0,130.3518829345703,156.0454559326172,146.0845184326172,250.83413696289062,249.00747680664062,247.4033203125,0.41510266065597534,0.3371921479701996,0.30016860365867615,54.109413146972656,52.61730194091797,43.8499870300293,16.12880516052246,7.405261039733887,15.588554382324219,44.50816345214844,46.20227813720703,38.3181266784668,0.29807761311531067,0.1407381296157837,0.3554973602294922,5.735394477844238,5.197253227233887,4.462896823883057,nan
8.260,0,130.3518829345703,156.0454559326172,146.0845184326172,250.83413696289062,249.00747680664062,247.4033203125,0.41510266065597534,0.3371921479701996,0.30016860365867615,54.109413146972656,52.61730194091797,43.8499870300293,16.12880516052246,7.405261039733887,15.588554382324219,44.50816345214844,46.20227813720703,38.3181266784668,0.29807761311531067,0.1407381296157837,0.3554973602294922,5.735394477844238,5.197253227233887,4.462896823883057,nan
8.280,0,130.3518829345703,156.0454559326172,146.0845184326172,250.83413696289062,249.00747680664062,247.4033203125,0.41510266065597534,0.3371921479701996,0.30016860365867615,54.109413146972656,52.61730194091797,43.8499870300293,16.12880516052246,7.405261039733887,15.588554382324219,44.50816345214844,46.20227813720703,38.3181266784668,0.29807761311531067,0.1407381296157837,0.3554973602294922,5.735394477844238,5.197253227233887,4.462896823883057,nan
8.300,0,130.3518829345703,156.0454559326172,146.0845184326172,250.83413696289062,249.00747680664062,247.4033203125,0.41510266065597534,0.3371921479701996,0.30016860365867615,54.109413146972656,52.61730194091797,43.8499870300293,16.12880516052246,7.405261039733887,15.588554382324219,44.50816345214844,46.20227813720703,38.3181266784668,0.29807761311531067,0.1407381296157837,0.3554973602294922,5.735394477844238,5.197253227233887,4.462896823883057,nan
8.320,0,130.3518829345703,156.0454559326172,146.0845184326172,250.83413696289062,249.00747680664062,247.4033203125,0.41510266065597534,0.3371921479701996,0.30016860365867615,54.109413146972656,52.61730194091797,43.8499870300293,16.12880516052246,7.405261039733887,15.588554382324219,44.50816345214844,46.20227813720703,38.3181266784668,0.29807761311531067,0.1407381296157837,0.3554973602294922,5.735394477844238,5.197253227233887,4.462896823883057,nan
8.340,0,130.3518829345703,156.0454559326172,146.0845184326172,250.83413696289062,249.00747680664062,247.4033203125,0.41510266065597534,0.3371921479701996,0.30016860365867615,54.109413146972656,52.61730194091797,43.8499870300293,16.12880516052246,7.405261039733887,15.588554382324219,44.50816345214844,46.20227813720703,38.3181266784668,0.29807761311531067,0.1407381296157837,0.3554973602294922,5.735394477844238,5.197253227233887,4.462896823883057,nan
8.360,0,130.17724609375,156.04188537597656,146.11964416503906,250.56280517578125,249.29150390625,247.1908416748047,0.4384427070617676,0.37340760231018066,0.28940680623054504,57.07526397705078,58.26722717285156,42.288021087646484,19.055099487304688,5.4579596519470215,14.973690032958984,46.33171844482422,50.60369110107422,36.94786834716797,0.3338591456413269,0.09367117285728455,0.3540882170200348,5.779883861541748,5.324705123901367,4.57216739654541,nan
8.380,0,130.17724609375,156.04188537597656,146.11964416503906,250.56280517578125,249.29150390625,247.1908416748047,0.4384427070617676,0.37340760231018066,0.28940680623054504,57.07526397705078,58.26722717285156,42.288021087646484,19.055099487304688,5.4579596519470215,14.973690032958984,46.33171844482422,50.60369110107422,36.94786834716797,0.3338591456413269,0.09367117285728455,0.3540882170200348,5.779883861541748,5.324705123901367,4.57216739654541,nan
8.400,0,130.17724609375,156.04188537597656,146.11964416503906,250.56280517578125,249.29150390625,247.1908416748047,0.4384427070617676,0.37340760231018066,0.28940680623054504,57.07526397705078,58.26722717285156,42.288021087646484,19.055099487304688,5.4579596519470215,14.973690032958984,46.33171844482422,50.60369110107422,36.94786834716797,0.3338591456413269,0.09367117285728455,0.3540882170200348,5.779883861541748,5.324705123901367,4.57216739654541,nan
8.420,0,130.17724609375,156.04188537597656,146.11964416503906,250.56280517578125,249.29150390625,247.1908416748047,0.4384427070617676,0.37340760231018066,0.28940680623054504,57.07526397705078,58.26722717285156,42.288021087646484,19.055099487304688,5.4579596519470215,14.973690032958984,46.33171844482422,50.60369110107422,36.94786834716797,0.3338591456413269,0.09367117285728455,0.3540882170200348,5.779883861541748,5.324705123901367,4.57216739654541,nan
8.440,0,130.17724609375,156.04188537597656,146.11964416503906,250.56280517578125,249.29150390625,247.1908416748047,0.4384427070617676,0.37340760231018066,0.28940680623054504,57.07526397705078,58.26722717285156,42.288021087646484,19.055099487304688,5.4579596519470215,14.973690032958984,46.33171844482422,50.60369110107422,36.94786834716797,0.3338591456413269,0.09367117285728455,0.3540882170200348,5.779883861541748,5.324705123901367,4.57216739654541,nan
8.460,0,130.17724609375,156.04188537597656,146.11964416503906,250.56280517578125,249.29150390625,247.1908416748047,0.4384427070617676,0.37340760231018066,0.28940680623054504,57.07526397705078,58.26722717285156,42.288021087646484,19.055099487304688,5.4579596519470215,14.973690032958984,46.33171844482422,50.60369110107422,36.94786834716797,0.3338591456413269,0.09367117285728455,0.3540882170200348,5.779883861541748,5.324705123901367,4.57216739654541,nan
8.480,0,130.17724609375,156.04188537597656,146.11964416503906,250.56280517578125,249.29150390625,247.1908416748047,0.4384427070617676,0.37340760231018066,0.28940680623054504,57.07526397705078,58.26722717285156,42.288021087646484,19.055099487304688,5.4579596519470215,14.973690032958984,46.33171844482422,50.60369110107422,36.94786834716797,0.3338591456413269,0.09367117285728455,0.3540882170200348,5.779883861541748,5.324705123901367,4.57216739654541,nan
8.500,0,130.17724609375,156.04188537597656,146.11964416503906,250.56280517578125,249.29150390625,247.1908416748047,0.4384427070617676,0.37340760231018066,0.28940680623054504,57.07526397705078,58.26722717285156,42.288021087646484,19.055099487304688,5.4579596519470215,14.973690032958984,46.33171844482422,50.60369110107422,36.94786834716797,0.3338591456413269,0.09367117285728455,0.3540882170200348,5.779883861541748,5.324705123901367,4.57216739654541,nan
8.520,0,130.17724609375,156.04188537597656,146.11964416503906,250.56280517578125,249.29150390625,247.1908416748047,0.4384427070617676,0.37340760231018066,0.28940680623054504,57.07526397705078,58.26722717285156,42.288021087646484,19.055099487304688,5.4579596519470215,14.973690032958984,46.33171844482422,50.60369110107422,36.94786834716797,0.3338591456413269,0.09367117285728455,0.3540882170200348,5.779883861541748,5.324705123901367,4.57216739654541,nan
8.540,0,130.17724609375,156.04188537597656,146.11964416503906,250.56280517578125,249.29150390625,247.1908416748047,0.4384427070617676,0.37340760231018066,0.28940680623054504,57.07526397705078,58.26722717285156,42.288021087646484,19.055099487304688,5.4579596519470215,14.973690032958984,46.33171844482422,50.60369110107422,36.94786834716797,0.3338591456413269,0.09367117285728455,0.3540882170200348,5.779883861541748,5.324705123901367,4.57216739654541,nan
8.560,0,130.1187744140625,156.0588836669922,146.11111450195312,250.56353759765625,249.21185302734375,247.17300415039062,0.4348513185977936,0.37338346242904663,0.2850504219532013,56.58232116699219,58.269805908203125,41.6490364074707,19.207651138305664,5.328256607055664,14.750307083129883,45.904850006103516,50.48424530029297,36.37894058227539,0.33946382999420166,0.09144112467765808,0.3541572093963623,5.81204891204834,5.257289886474609,4.463150978088379,nan
8.580,0,130.1187744140625,156.0588836669922,146.11111450195312,250.56353759765625,249.21185302734375,247.17300415039062,0.4348513185977936,0.37338346242904663,0.2850504219532013,56.58232116699219,58.269805908203125,41.6490364074707,19.207651138305664,5.328256607055664,14.750307083129883,45.904850006103516,50.48424530029297,36.37894058227539,0.33946382999420166,0.09144112467765808,0.3541572093963623,5.81204891204834,5.257289886474609,4.463150978088379,nan
8.600,0,130.1187744140625,156.0588836669922,146.11111450195312,250.56353759765625,249.21185302734375,247.17300415039062,0.4348513185977936,0.37338346242904663,0.2850504219532013,56.58232116699219,58.269805908203125,41.6490364074707,19.207651138305664,5.328256607055664,14.750307083129883,45.904850006103516,50.48424530029297,36.37894058227539,0.33946382999420166,0.09144112467765808,0.3541572093963623,5.81204891204834,5.257289886474609,4.463150978088379,nan
8.620,0,130.1187744140625,156.0588836669922,146.11111450195312,250.56353759765625,249.21185302734375,247.17300415039062,0.4348513185977936,0.37338346242904663,0.2850504219532013,56.58232116699219,58.269805908203125,41.6490364074707,19.207651138305664,5.328256607055664,14.750307083129883,45.904850006103516,50.48424530029297,36.37894058227539,0.33946382999420166,0.09144112467765808,0.3541572093963623,5.81204891204834,5.257289886474609,4.463150978088379,nan
8.640,0,130.1187744140625,156.0588836669922,146.11111450195312,250.56353759765625,249.21185302734375,247.17300415039062,0.4348513185977936,0.37338346242904663,0.2850504219532013,56.58232116699219,58.269805908203125,41.6490364074707,19.207651138305664,5.328256607055664,14.750307083129883,45.904850006103516,50.48424530029297,36.37894058227539,0.33946382999420166,0.09144112467765808,0.3541572093963623,5.81204891204834,5.257289886474609,4.463150978088379,nan
8.660,0,130.1187744140625,156.0588836669922,146.11111450195312,250.56353759765625,249.21185302734375,247.17300415039062,0.4348513185977936,0.37338346242904663,0.2850504219532013,56.58232116699219,58.269805908203125,41.6490364074707,19.207651138305664,5.328256607055664,14.750307083129883,45.904850006103516,50.48424530029297,36.37894058227539,0.33946382999420166,0.09144112467765808,0.3541572093963623,5.81204891204834,5.257289886474609,4.463150978088379,nan
8.680,0,130.1187744140625,156.0588836669922,146.11111450195312,250.56353759765625,249.21185302734375,247.17300415039062,0.4348513185977936,0.37338346242904663,0.2850504219532013,56.58232116699219,58.269805908203125,41.6490364074707,19.207651138305664,5.328256607055664,14.750307083129883,45.904850006103516,50.48424530029297,36.37894058227539,0.33946382999420166,0.09144112467765808,0.3541572093963623,5.81204891204834,5.257289886474609,4.463150978088379,nan
8.700,0,130.1187744140625,156.0588836669922,146.11111450195312,250.56353759765625,249.21185302734375,247.17300415039062,0.4348513185977936,0.37338346242904663,0.2850504219532013,56.58232116699219,58.269805908203125,41.6490364074707,19.207651138305664,5.328256607055664,14.750307083129883,45.904850006103516,50.48424530029297,36.37894058227539,0.33946382999420166,0.09144112467765808,0.3541572093963623,5.81204891204834,5.257289886474609,4.463150978088379,nan
8.720,0,130.1187744140625,156.0588836669922,146.11111450195312,250.56353759765625,249.21185302734375,247.17300415039062,0.4348513185977936,0.37338346242904663,0.2850504219532013,56.58232116699219,58.269805908203125,41.6490364074707,19.207651138305664,5.328256607055664,14.750307083129883,45.904850006103516,50.48424530029297,36.37894058227539,0.33946382999420166,0.09144112467765808,0.3541572093963623,5.81204891204834,5.257289886474609,4.463150978088379,nan
8.740,0,130.1187744140625,156.0588836669922,146.11111450195312,250.56353759765625,249.21185302734375,247.17300415039062,0.4348513185977936,0.37338346242904663,0.2850504219532013,56.58232116699219,58.269805908203125,41.6490364074707,19.207651138305664,5.328256607055664,14.750307083129883,45.904850006103516,50.48424530029297,36.37894058227539,0.33946382999420166,0.09144112467765808,0.3541572093963623,5.81204891204834,5.257289886474609,4.463150978088379,nan
8.760,0,130.16842651367188,155.9556427001953,146.11392211914062,250.43121337890625,249.2198486328125,247.21681213378906,0.4338964819908142,0.3719583749771118,0.2863578796386719,56.47962188720703,58.00900650024414,41.84087371826172,18.94896125793457,5.399357318878174,14.889739990234375,45.767276763916016,50.001304626464844,36.479915618896484,0.3355008661746979,0.09307791292667389,0.3558658957481384,5.689682483673096,5.295876979827881,4.5097575187683105,nan
8.780,0,130.16842651367188,155.9556427001953,146.11392211914062,250.43121337890625,249.2198486328125,247.21681213378906,0.4338964819908142,0.3719583749771118,0.2863578796386719,56.47962188720703,58.00900650024414,41.84087371826172,18.94896125793457,5.399357318878174,14.889739990234375,45.767276763916016,50.001304626464844,36.479915618896484,0.3355008661746979,0.09307791292667389,0.3558658957481384,5.689682483673096,5.295876979827881,4.5097575187683105,nan
8.800,0,130.16842651367188,155.9556427001953,146.11392211914062,250.43121337890625,249.2198486328125,247.21681213378906,0.4338964819908142,0.3719583749771118,0.2863578796386719,56.47962188720703,58.00900650024414,41.84087371826172,18.94896125793457,5.399357318878174,14.889739990234375,45.767276763916016,50.001304626464844,36.479915618896484,0.3355008661746979,0.09307791292667389,0.3558658957481384,5.689682483673096,5.295876979827881,4.5097575187683105,nan
8.820,0,130.16842651367188,155.9556427001953,146.11392211914062,250.43121337890625,249.2198486328125,247.21681213378906,0.4338964819908142,0.3719583749771118,0.2863578796386719,56.47962188720703,58.00900650024414,41.84087371826172,18.94896125793457,5.399357318878174,14.889739990234375,45.767276763916016,50.001304626464844,36.479915618896484,0.3355008661746979,0.09307791292667389,0.3558658957481384,5.689682483673096,5.295876979827881,4.5097575187683105,nan
8.840,0,130.16842651367188,155.9556427001953,146.11392211914062,250.43121337890625,249.2198486328125,247.21681213378906,0.4338964819908142,0.3719583749771118,0.2863578796386719,56.47962188720703,58.00900650024414,41.84087371826172,18.94896125793457,5.399357318878174,14.889739990234375,45.767276763916016,50.001304626464844,36.479915618896484,0.3355008661746979,0.09307791292667389,0.3558658957481384,5.689682483673096,5.295876979827881,4.5097575187683105,nan
8.860,0,130.16842651367188,155.9556427001953,146.11392211914062,250.43121337890625,249.2198486328125,247.21681213378906,0.4338964819908142,0.3719583749771118,0.2863578796386719,56.47962188720703,58.00900650024414,41.84087371826172,18.94896125793457,5.399357318878174,14.889739990234375,45.767276763916016,50.001304626464844,36.479915618896484,0.3355008661746979,0.09307791292667389,0.3558658957481384,5.689682483673096,5.295876979827881,4.5097575187683105,nan
8.880,0,130.16842651367188,155.9556427001953,146.11392211914062,250.43121337890625,249.2198486328125,247.21681213378906,0.4338964819908142,0.3719583749771118,0.2863578796386719,56.47962188720703,58.00900650024414,41.84087371826172,18.94896125793457,5.399357318878174,14.889739990234375,45.767276763916016,50.001304626464844,36.479915618896484,0.3355008661746979,0.09307791292667389,0.3558658957481384,5.689682483673096,5.295876979827881,4.5097575187683105,nan
8.900,0,130.16842651367188,155.9556427001953,146.11392211914062,250.43121337890625,249.2198486328125,247.21681213378906,0.4338964819908142,0.3719583749771118,0.2863578796386719,56.47962188720703,58.00900650024414,41.84087371826172,18.94896125793457,5.399357318878174,14.889739990234375,45.767276763916016,50.001304626464844,36.479915618896484,0.3355008661746979,0.09307791292667389,0.3558658957481384,5.689682483673096,5.295876979827881,4.5097575187683105,nan
8.920,0,130.16842651367188,155.9556427001953,146.11392211914062,250.43121337890625,249.2198486328125,247.21681213378906,0.4338964819908142,0.3719583749771118,0.2863578796386719,56.47962188720703,58.00900650024414,41.84087371826172,18.94896125793457,5.399357318878174,14.889739990234375,45.767276763916016,50.001304626464844,36.479915618896484,0.3355008661746979,0.09307791292667389,0.3558658957481384,5.689682483673096,5.295876979827881,4.5097575187683105,nan
8.940,0,130.16842651367188,155.9556427001953,146.11392211914062,250.43121337890625,249.2198486328125,247.21681213378906,0.4338964819908142,0.3719583749771118,0.2863578796386719,56.47962188720703,58.00900650024414,41.84087371826172,18.94896125793457,5.399357318878174,14.889739990234375,45.767276763916016,50.001304626464844,36.479915618896484,0.3355008661746979,0.09307791292667389,0.3558658957481384,5.689682483673096,5.295876979827881,4.5097575187683105,nan
8.960,0,130.14039611816406,156.0417022705078,146.1085968017578,250.52606201171875,249.1533660888672,247.2561492919922,0.42309606075286865,0.3542279899120331,0.2841578722000122,55.0618896484375,55.27433776855469,41.517906188964844,18.243656158447266,6.080861568450928,15.309136390686035,44.45212936401367,47.79694747924805,35.97660446166992,0.33133000135421753,0.11001238226890564,0.36873576045036316,5.720546722412109,5.229928493499756,4.42241096496582,nan
8.980,0,130.14039611816406,156.0417022705078,146.1085968017578,250.52606201171875,249.1533660888672,247.2561492919922,0.42309606075286865,0.3542279899120331,0.2841578722000122,55.0618896484375,55.27433776855469,41.517906188964844,18.243656158447266,6.080861568450928,15.309136390686035,44.45212936401367,47.79694747924805,35.97660446166992,0.33133000135421753,0.11001238226890564,0.36873576045036316,5.720546722412109,5.229928493499756,4.42241096496582,nan
9.000,0,130.14039611816406,156.0417022705078,146.1085968017578,250.52606201171875,249.1533660888672,247.2561492919922,0.42309606075286865,0.3542279899120331,0.2841578722000122,55.0618896484375,55.27433776855469,41.517906188964844,18.243656158447266,6.080861568450928,15.309136390686035,44.45212936401367,47.79694747924805,35.97660446166992,0.33133000135421753,0.11001238226890564,0.36873576045036316,5.720546722412109,5.229928493499756,4.42241096496582,nan
9.020,0,130.14039611816406,156.0417022705078,146.1085968017578,250.52606201171875,249.1533660888672,247.2561492919922,0.42309606075286865,0.3542279899120331,0.2841578722000122,55.0618896484375,55.27433776855469,41.517906188964844,18.243656158447266,6.080861568450928,15.309136390686035,44.45212936401367,47.79694747924805,35.97660446166992,0.33133000135421753,0.11001238226890564,0.36873576045036316,5.720546722412109,5.229928493499756,4.42241096496582,nan
9.040,0,130.14039611816406,156.0417022705078,146.1085968017578,250.52606201171875,249.1533660888672,247.2561492919922,0.42309606075286865,0.3542279899120331,0.2841578722000122,55.0618896484375,55.27433776855469,41.517906188964844,18.243656158447266,6.080861568450928,15.309136390686035,44.45212936401367,47.79694747924805,35.97660446166992,0.33133000135421753,0.11001238226890564,0.36873576045036316,5.720546722412109,5.229928493499756,4.42241096496582,nan
9.060,0,130.14039611816406,156.0417022705078,146.1085968017578,250.52606201171875,249.1533660888672,247.2561492919922,0.42309606075286865,0.3542279899120331,0.2841578722000122,55.0618896484375,55.27433776855469,41.517906188964844,18.243656158447266,6.080861568450928,15.309136390686035,44.45212936401367,47.79694747924805,35.97660446166992,0.33133000135421753,0.11001238226890564,0.36873576045036316,5.720546722412109,5.229928493499756,4.42241096496582,nan
9.080,0,130.14039611816406,156.0417022705078,146.1085968017578,250.52606201171875,249.1533660888672,247.2561492919922,0.42309606075286865,0.3542279899120331,0.2841578722000122,55.0618896484375,55.27433776855469,41.517906188964844,18.243656158447266,6.080861568450928,15.309136390686035,44.45212936401367,47.79694747924805,35.97660446166992,0.33133000135421753,0.11001238226890564,0.36873576045036316,5.720546722412109,5.229928493499756,4.42241096496582,nan
9.100,0,130.14039611816406,156.0417022705078,146.1085968017578,250.52606201171875,249.1533660888672,247.2561492919922,0.42309606075286865,0.3542279899120331,0.2841578722000122,55.0618896484375,55.27433776855469,41.517906188964844,18.243656158447266,6.080861568450928,15.309136390686035,44.45212936401367,47.79694747924805,35.97660446166992,0.33133000135421753,0.11001238226890564,0.36873576045036316,5.720546722412109,5.229928493499756,4.42241096496582,nan
9.120,0,130.14039611816406,156.0417022705078,146.1085968017578,250.52606201171875,249.1533660888672,247.2561492919922,0.42309606075286865,0.3542279899120331,0.2841578722000122,55.0618896484375,55.27433776855469,41.517906188964844,18.243656158447266,6.080861568450928,15.309136390686035,44.45212936401367,47.79694747924805,35.97660446166992,0.33133000135421753,0.11001238226890564,0.36873576045036316,5.720546722412109,5.229928493499756,4.42241096496582,nan
9.140,0,130.14039611816406,156.0417022705078,146.1085968017578,250.52606201171875,249.1533660888672,247.2561492919922,0.42309606075286865,0.3542279899120331,0.2841578722000122,55.0618896484375,55.27433776855469,41.517906188964844,18.243656158447266,6.080861568450928,15.309136390686035,44.45212936401367,47.79694747924805,35.97660446166992,0.33133000135421753,0.11001238226890564,0.36873576045036316,5.720546722412109,5.229928493499756,4.42241096496582,nan
9.160,0,130.34677124023438,155.9476776123047,146.06784057617188,250.70809936523438,249.00701904296875,247.335205078125,0.41690218448638916,0.3423537611961365,0.29990699887275696,54.341854095458984,53.38927459716797,43.806766510009766,16.412311553955078,6.966057777404785,15.522945404052734,45.02991485595703,46.897552490234375,38.32963943481445,0.30201971530914307,0.13047672808170319,0.35435041785240173,5.710925579071045,5.210103988647461,4.559654712677002,nan
9.180,0,130.34677124023438,155.9476776123047,146.06784057617188,250.70809936523438,249.00701904296875,247.335205078125,0.41690218448638916,0.3423537611961365,0.29990699887275696,54.341854095458984,53.38927459716797,43.806766510009766,16.412311553955078,6.966057777404785,15.522945404052734,45.02991485595703,46.897552490234375,38.32963943481445,0.30201971530914307,0.13047672808170319,0.35435041785240173,5.710925579071045,5.210103988647461,4.559654712677002,nan
9.200,0,130.34677124023438,155.9476776123047,146.06784057617188,250.70809936523438,249.00701904296875,247.335205078125,0.41690218448638916,0.3423537611961365,0.29990699887275696,54.341854095458984,53.38927459716797,43.806766510009766,16.412311553955078,6.966057777404785,15.522945404052734,45.02991485595703,46.897552490234375,38.32963943481445,0.30201971530914307,0.13047672808170319,0.35435041785240173,5.710925579071045,5.210103988647461,4.559654712677002,nan
9.220,0,130.34677124023438,155.9476776123047,146.06784057617188,250.70809936523438,249.00701904296875,247.335205078125,0.41690218448638916,0.3423537611961365,0.29990699887275696,54.341854095458984,53.38927459716797,43.806766510009766,16.412311553955078,6.966057777404785,15.522945404052734,45.02991485595703,46.897552490234375,38.32963943481445,0.30201971530914307,0.13047672808170319,0.35435041785240173,5.710925579071045,5.210103988647461,4.559654712677002,nan
9.240,0,130.34677124023438,155.9476776123047,146.06784057617188,250.70809936523438,249.00701904296875,247.335205078125,0.41690218448638916,0.3423537611961365,0.29990699887275696,54.341854095458984,53.38927459716797,43.806766510009766,16.412311553955078,6.966057777404785,15.522945404052734,45.02991485595703,46.897552490234375,38.32963943481445,0.30201971530914307,0.13047672808170319,0.35435041785240173,5.710925579071045,5.210103988647461,4.559654712677002,nan
9.260,0,130.34677124023438,155.9476776123047,146.06784057617188,250.70809936523438,249.00701904296875,247.335205078125,0.41690218448638916,0.3423537611961365,0.29990699887275696,54.341854095458984,53.38927459716797,43.806766510009766,16.412311553955078,6.966057777404785,15.522945404052734,45.02991485595703,46.897552490234375,38.32963943481445,0.30201971530914307,0.13047672808170319,0.35435041785240173,5.710925579071045,5.210103988647461,4.559654712677002,nan
9.280,0,130.34677124023438,155.9476776123047,146.06784057617188,250.70809936523438,249.00701904296875,247.335205078125,0.41690218448638916,0.3423537611961365,0.29990699887275696,54.341854095458984,53.38927459716797,43.806766510009766,16.412311553955078,6.966057777404785,15.522945404052734,45.02991485595703,46.897552490234375,38.32963943481445,0.30201971530914307,0.13047672808170319,0.35435041785240173,5.710925579071045,5.210103988647461,4.559654712677002,nan
9.300,0,130.34677124023438,155.9476776123047,146.06784057617188,250.70809936523438,249.00701904296875,247.335205078125,0.41690218448638916,0.3423537611961365,0.29990699887275696,54.341854095458984,53.38927459716797,43.806766510009766,16.412311553955078,6.966057777404785,15.522945404052734,45.02991485595703,46.897552490234375,38.32963943481445,0.30201971530914307,0.13047672808170319,0.35435041785240173,5.710925579071045,5.210103988647461,4.559654712677002,nan
9.320,0,130.34677124023438,155.9476776123047,146.06784057617188,250.70809936523438,249.00701904296875,247.335205078125,0.41690218448638916,0.3423537611961365,0.29990699887275696,54.341854095458984,53.38927459716797,43.806766510009766,16.412311553955078,6.966057777404785,15.522945404052734,45.02991485595703,46.897552490234375,38.32963943481445,0.30201971530914307,0.13047672808170319,0.35435041785240173,5.710925579071045,5.210103988647461,4.559654712677002,nan
9.340,0,130.34677124023438,155.9476776123047,146.06784057617188,250.70809936523438,249.00701904296875,247.335205078125,0.41690218448638916,0.3423537611961365,0.29990699887275696,54.341854095458984,53.38927459716797,43.806766510009766,16.412311553955078,6.966057777404785,15.522945404052734,45.02991485595703,46.897552490234375,38.32963943481445,0.30201971530914307,0.13047672808170319,0.35435041785240173,5.710925579071045,5.210103988647461,4.559654712677002,nan
9.360,0,130.17311096191406,156.0765380859375,146.0519561767578,250.62258911132812,249.12364196777344,247.20860290527344,0.4262228310108185,0.3599127531051636,0.2900272309780121,55.48275375366211,56.17393493652344,42.35904312133789,18.064828872680664,6.158910751342773,15.18321418762207,45.33876037597656,48.73268127441406,37.083553314208984,0.32559359073638916,0.10964000970125198,0.35844090580940247,5.77933931350708,5.223791599273682,4.445612907409668,nan
9.380,0,130.17311096191406,156.0765380859375,146.0519561767578,250.62258911132812,249.12364196777344,247.20860290527344,0.4262228310108185,0.3599127531051636,0.2900272309780121,55.48275375366211,56.17393493652344,42.35904312133789,18.064828872680664,6.158910751342773,15.18321418762207,45.33876037597656,48.73268127441406,37.083553314208984,0.32559359073638916,0.10964000970125198,0.35844090580940247,5.77933931350708,5.223791599273682,4.445612907409668,nan
9.400,0,130.17311096191406,156.0765380859375,146.0519561767578,250.62258911132812,249.12364196777344,247.20860290527344,0.4262228310108185,0.3599127531051636,0.2900272309780121,55.48275375366211,56.17393493652344,42.35904312133789,18.064828872680664,6.158910751342773,15.18321418762207,45.33876037597656,48.73268127441406,37.083553314208984,0.32559359073638916,0.10964000970125198,0.35844090580940247,5.77933931350708,5.223791599273682,4.445612907409668,nan
9.420,0,130.17311096191406,156.0765380859375,146.0519561767578,250.62258911132812,249.12364196777344,247.20860290527344,0.4262228310108185,0.3599127531051636,0.2900272309780121,55.48275375366211,56.17393493652344,42.35904312133789,18.064828872680664,6.158910751342773,15.18321418762207,45.33876037597656,48.73268127441406,37.083553314208984,0.32559359073638916,0.10964000970125198,0.35844090580940247,5.77933931350708,5.223791599273682,4.445612907409668,nan
9.440,0,130.17311096191406,156.0765380859375,146.0519561767578,250.62258911132812,249.12364196777344,247.20860290527344,0.4262228310108185,0.3599127531051636,0.2900272309780121,55.48275375366211,56.17393493652344,42.35904312133789,18.064828872680664,6.158910751342773,15.18321418762207,45.33876037597656,48.73268127441406,37.083553314208984,0.32559359073638916,0.10964000970125198,0.35844090580940247,5.77933931350708,5.223791599273682,4.445612907409668,nan
9.460,0,130.17311096191406,156.0765380859375,146.0519561767578,250.62258911132812,249.12364196777344,247.20860290527344,0.4262228310108185,0.3599127531051636,0.2900272309780121,55.48275375366211,56.17393493652344,42.35904312133789,18.064828872680664,6.158910751342773,15.18321418762207,45.33876037597656,48.73268127441406,37.083553314208984,0.32559359073638916,0.10964000970125198,0.35844090580940247,5.77933931350708,5.223791599273682,4.445612907409668,nan
9.480,0,130.17311096191406,156.0765380859375,146.0519561767578,250.62258911132812,249.12364196777344,247.20860290527344,0.4262228310108185,0.3599127531051636,0.2900272309780121,55.48275375366211,56.17393493652344,42.35904312133789,18.064828872680664,6.158910751342773,15.18321418762207,45.33876037597656,48.73268127441406,37.083553314208984,0.32559359073638916,0.10964000970125198,0.35844090580940247,5.77933931350708,5.223791599273682,4.445612907409668,nan
9.500,0,130.17311096191406,156.0765380859375,146.0519561767578,250.62258911132812,249.12364196777344,247.20860290527344,0.4262228310108185,0.3599127531051636,0.2900272309780121,55.48275375366211,56.17393493652344,42.35904312133789,18.064828872680664,6.158910751342773,15.18321418762207,45.33876037597656,48.73268127441406,37.083553314208984,0.32559359073638916,0.10964000970125198,0.35844090580940247,5.77933931350708,5.223791599273682,4.445612907409668,nan
9.520,0,130.17311096191406,156.0765380859375,146.0519561767578,250.62258911132812,249.12364196777344,247.20860290527344,0.4262228310108185,0.3599127531051636,0.2900272309780121,55.48275375366211,56.17393493652344,42.35904312133789,18.064828872680664,6.158910751342773,15.18321418762207,45.33876037597656,48.73268127441406,37.083553314208984,0.32559359073638916,0.10964000970125198,0.35844090580940247,5.77933931350708,5.223791599273682,4.445612907409668,nan
9.540,0,130.17311096191406,156.0765380859375,146.0519561767578,250.62258911132812,249.12364196777344,247.20860290527344,0.4262228310108185,0.3599127531051636,0.2900272309780121,55.48275375366211,56.17393493652344,42.35904312133789,18.064828872680664,6.158910751342773,15.18321418762207,45.33876037597656,48.73268127441406,37.083553314208984,0.32559359073638916,0.10964000970125198,0.35844090580940247,5.77933931350708,5.223791599273682,4.445612907409668,nan
9.560,0,130.21139526367188,155.955078125,146.1246337890625,250.5621795654297,249.12078857421875,247.25802612304688,0.42356187105178833,0.35533788800239563,0.2858140170574188,55.152584075927734,55.416748046875,41.764469146728516,18.084041595458984,5.903714656829834,15.149152755737305,44.69316864013672,48.01999282836914,36.184776306152344,0.32789111137390137,0.10653304308652878,0.3627282381057739,5.683285236358643,5.180212020874023,4.519773960113525,nan
9.580,0,130.21139526367188,155.955078125,146.1246337890625,250.5621795654297,249.12078857421875,247.25802612304688,0.42356187105178833,0.35533788800239563,0.2858140170574188,55.152584075927734,55.416748046875,41.764469146728516,18.084041595458984,5.903714656829834,15.149152755737305,44.69316864013672,48.01999282836914,36.184776306152344,0.32789111137390137,0.10653304308652878,0.3627282381057739,5.683285236358643,5.180212020874023,4.519773960113525,nan
9.600,0,130.21139526367188,155.955078125,146.1246337890625,250.5621795654297,249.12078857421875,247.25802612304688,0.42356187105178833,0.35533788800239563,0.2858140170574188,55.152584075927734,55.416748046875,41.764469146728516,18.084041595458984,5.903714656829834,15.149152755737305,44.69316864013672,48.01999282836914,36.184776306152344,0.32789111137390137,0.10653304308652878,0.3627282381057739,5.683285236358643,5.180212020874023,4.519773960113525,nan
9.620,0,130.21139526367188,155.955078125,146.1246337890625,250.5621795654297,249.12078857421875,247.25802612304688,0.42356187105178833,0.35533788800239563,0.2858140170574188,55.152584075927734,55.416748046875,41.764469146728516,18.084041595458984,5.903714656829834,15.149152755737305,44.69316864013672,48.01999282836914,36.184776306152344,0.32789111137390137,0.10653304308652878,0.3627282381057739,5.683285236358643,5.180212020874023,4.519773960113525,nan
9.640,0,130.21139526367188,155.955078125,146.1246337890625,250.5621795654297,249.12078857421875,247.25802612304688,0.42356187105178833,0.35533788800239563,0.2858140170574188,55.152584075927734,55.416748046875,41.764469146728516,18.084041595458984,5.903714656829834,15.149152755737305,44.69316864013672,48.01999282836914,36.184776306152344,0.32789111137390137,0.10653304308652878,0.3627282381057739,5.683285236358643,5.180212020874023,4.519773960113525,nan
9.660,0,130.21139526367188,155.955078125,146.1246337890625,250.5621795654297,249.12078857421875,247.25802612304688,0.42356187105178833,0.35533788800239563,0.2858140170574188,55.152584075927734,55.416748046875,41.764469146728516,18.084041595458984,5.903714656829834,15.149152755737305,44.69316864013672,48.01999282836914,36.184776306152344,0.32789111137390137,0.10653304308652878,0.3627282381057739,5.683285236358643,5.180212020874023,4.519773960113525,nan
9.680,0,130.21139526367188,155.955078125,146.1246337890625,250.5621795654297,249.12078857421875,247.25802612304688,0.42356187105178833,0.35533788800239563,0.2858140170574188,55.152584075927734,55.416748046875,41.764469146728516,18.084041595458984,5.903714656829834,15.149152755737305,44.69316864013672,48.01999282836914,36.184776306152344,0.32789111137390137,0.10653304308652878,0.3627282381057739,5.683285236358643,5.180212020874023,4.519773960113525,nan
9.700,0,130.21139526367188,155.955078125,146.1246337890625,250.5621795654297,249.12078857421875,247.25802612304688,0.42356187105178833,0.35533788800239563,0.2858140170574188,55.152584075927734,55.416748046875,41.764469146728516,18.084041595458984,5.903714656829834,15.149152755737305,44.69316864013672,48.01999282836914,36.184776306152344,0.32789111137390137,0.10653304308652878,0.3627282381057739,5.683285236358643,5.180212020874023,4.519773960113525,nan
9.720,0,130.21139526367188,155.955078125,146.1246337890625,250.5621795654297,249.12078857421875,247.25802612304688,0.42356187105178833,0.35533788800239563,0.2858140170574188,55.152584075927734,55.416748046875,41.764469146728516,18.084041595458984,5.903714656829834,15.149152755737305,44.69316864013672,48.01999282836914,36.184776306152344,0.32789111137390137,0.10653304308652878,0.3627282381057739,5.683285236358643,5.180212020874023,4.519773960113525,nan
9.740,0,130.21139526367188,155.955078125,146.1246337890625,250.5621795654297,249.12078857421875,247.25802612304688,0.42356187105178833,0.35533788800239563,0.2858140170574188,55.152584075927734,55.416748046875,41.764469146728516,18.084041595458984,5.903714656829834,15.149152755737305,44.69316864013672,48.01999282836914,36.184776306152344,0.32789111137390137,0.10653304308652878,0.3627282381057739,5.683285236358643,5.180212020874023,4.519773960113525,nan
9.760,1,130.0629119873047,156.0053253173828,146.09848022460938,250.39874267578125,249.19570922851562,247.14427185058594,0.435408353805542,0.37418133020401,0.2825962007045746,56.63047790527344,58.3742790222168,41.2868766784668,19.25452423095703,5.193006992340088,14.683126449584961,45.40363311767578,50.06843185424805,35.79336166381836,0.3400028645992279,0.08896053582429886,0.3556366562843323,5.69020414352417,5.184760093688965,4.392539024353027,nan
9.780,1,130.0629119873047,156.0053253173828,146.09848022460938,250.39874267578125,249.19570922851562,247.14427185058594,0.435408353805542,0.37418133020401,0.2825962007045746,56.63047790527344,58.3742790222168,41.2868766784668,19.25452423095703,5.193006992340088,14.683126449584961,45.40363311767578,50.06843185424805,35.79336166381836,0.3400028645992279,0.08896053582429886,0.3556366562843323,5.69020414352417,5.184760093688965,4.392539024353027,nan
9.800,1,130.0629119873047,156.0053253173828,146.09848022460938,250.39874267578125,249.19570922851562,247.14427185058594,0.435408353805542,0.37418133020401,0.2825962007045746,56.63047790527344,58.3742790222168,41.2868766784668,19.25452423095703,5.193006992340088,14.683126449584961,45.40363311767578,50.06843185424805,35.79336166381836,0.3400028645992279,0.08896053582429886,0.3556366562843323,5.69020414352417,5.184760093688965,4.392539024353027,nan
9.820,1,130.0629119873047,156.0053253173828,146.09848022460938,250.39874267578125,249.19570922851562,247.14427185058594,0.435408353805542,0.37418133020401,0.2825962007045746,56.63047790527344,58.3742790222168,41.2868766784668,19.25452423095703,5.193006992340088,14.683126449584961,45.40363311767578,50.06843185424805,35.79336166381836,0.3400028645992279,0.08896053582429886,0.3556366562843323,5.69020414352417,5.184760093688965,4.392539024353027,nan
9.840,1,130.0629119873047,156.0053253173828,146.09848022460938,250.39874267578125,249.19570922851562,247.14427185058594,0.435408353805542,0.37418133020401,0.2825962007045746,56.63047790527344,58.3742790222168,41.2868766784668,19.25452423095703,5.193006992340088,14.683126449584961,45.40363311767578,50.06843185424805,35.79336166381836,0.3400028645992279,0.08896053582429886,0.3556366562843323,5.69020414352417,5.184760093688965,4.392539024353027,nan
9.860,1,130.0629119873047,156.0053253173828,146.09848022460938,250.39874267578125,249.19570922851562,247.14427185058594,0.435408353805542,0.37418133020401,0.2825962007045746,56.63047790527344,58.3742790222168,41.2868766784668,19.25452423095703,5.193006992340088,14.683126449584961,45.40363311767578,50.06843185424805,35.79336166381836,0.3400028645992279,0.08896053582429886,0.3556366562843323,5.69020414352417,5.184760093688965,4.392539024353027,nan
9.880,1,130.0629119873047,156.0053253173828,146.09848022460938,250.39874267578125,249.19570922851562,247.14427185058594,0.435408353805542,0.37418133020401,0.2825962007045746,56.63047790527344,58.3742790222168,41.2868766784668,19.25452423095703,5.193006992340088,14.683126449584961,45.40363311767578,50.06843185424805,35.79336166381836,0.3400028645992279,0.08896053582429886,0.3556366562843323,5.69020414352417,5.184760093688965,4.392539024353027,nan
9.900,1,130.0629119873047,156.0053253173828,146.09848022460938,250.39874267578125,249.19570922851562,247.14427185058594,0.435408353805542,0.37418133020401,0.2825962007045746,56.63047790527344,58.3742790222168,41.2868766784668,19.25452423095703,5.193006992340088,14.683126449584961,45.40363311767578,50.06843185424805,35.79336166381836,0.3400028645992279,0.08896053582429886,0.3556366562843323,5.69020414352417,5.184760093688965,4.392539024353027,nan
9.920,1,130.0629119873047,156.0053253173828,146.09848022460938,250.39874267578125,249.19570922851562,247.14427185058594,0.435408353805542,0.37418133020401,0.2825962007045746,56.63047790527344,58.3742790222168,41.2868766784668,19.25452423095703,5.193006992340088,14.683126449584961,45.40363311767578,50.06843185424805,35.79336166381836,0.3400028645992279,0.08896053582429886,0.3556366562843323,5.69020414352417,5.184760093688965,4.392539024353027,nan
9.940,1,130.0629119873047,156.0053253173828,146.09848022460938,250.39874267578125,249.19570922851562,247.14427185058594,0.435408353805542,0.37418133020401,0.2825962007045746,56.63047790527344,58.3742790222168,41.2868766784668,19.25452423095703,5.193006992340088,14.683126449584961,45.40363311767578,50.06843185424805,35.79336166381836,0.3400028645992279,0.08896053582429886,0.3556366562843323,5.69020414352417,5.184760093688965,4.392539024353027,nan
9.960,1,130.10418701171875,155.97325134277344,146.13735961914062,250.3615264892578,249.27149963378906,247.1971435546875,0.43875208497047424,0.37666547298431396,0.2853166460990906,57.0834846496582,58.74973678588867,41.6954231262207,19.421579360961914,5.050988674163818,14.982128143310547,46.10685729980469,50.5590934753418,36.214332580566406,0.34023115038871765,0.08597466349601746,0.35932308435440063,5.686142444610596,5.206110954284668,4.439652442932129,nan
9.980,1,130.10418701171875,155.97325134277344,146.13735961914062,250.3615264892578,249.27149963378906,247.1971435546875,0.43875208497047424,0.37666547298431396,0.2853166460990906,57.0834846496582,58.74973678588867,41.6954231262207,19.421579360961914,5.050988674163818,14.982128143310547,46.10685729980469,50.5590934753418,36.214332580566406,0.34023115038871765,0.08597466349601746,0.35932308435440063,5.686142444610596,5.206110954284668,4.439652442932129,nan
10.000,1,130.10418701171875,155.97325134277344,146.13735961914062,250.3615264892578,249.27149963378906,247.1971435546875,0.43875208497047424,0.37666547298431396,0.2853166460990906,57.0834846496582,58.74973678588867,41.6954231262207,19.421579360961914,5.050988674163818,14.982128143310547,46.10685729980469,50.5590934753418,36.214332580566406,0.34023115038871765,0.08597466349601746,0.35932308435440063,5.686142444610596,5.206110954284668,4.439652442932129,nan
10.020,1,130.10418701171875,155.97325134277344,146.13735961914062,250.3615264892578,249.27149963378906,247.1971435546875,0.43875208497047424,0.37666547298431396,0.2853166460990906,57.0834846496582,58.74973678588867,41.6954231262207,19.421579360961914,5.050988674163818,14.982128143310547,46.10685729980469,50.5590934753418,36.214332580566406,0.34023115038871765,0.08597466349601746,0.35932308435440063,5.686142444610596,5.206110954284668,4.439652442932129,nan
10.040,1,130.10418701171875,155.97325134277344,146.13735961914062,250.3615264892578,249.27149963378906,247.1971435546875,0.43875208497047424,0.37666547298431396,0.2853166460990906,57.0834846496582,58.74973678588867,41.6954231262207,19.421579360961914,5.050988674163818,14.982128143310547,46.10685729980469,50.5590934753418,36.214332580566406,0.34023115038871765,0.08597466349601746,0.35932308435440063,5.686142444610596,5.206110954284668,4.439652442932129,nan
10.060,1,130.10418701171875,155.97325134277344,146.13735961914062,250.3615264892578,249.27149963378906,247.1971435546875,0.43875208497047424,0.37666547298431396,0.2853166460990906,57.0834846496582,58.74973678588867,41.6954231262207,19.421579360961914,5.050988674163818,14.982128143310547,46.10685729980469,50.5590934753418,36.214332580566406,0.34023115038871765,0.08597466349601746,0.35932308435440063,5.686142444610596,5.206110954284668,4.439652442932129,nan
10.080,1,130.10418701171875,155.97325134277344,146.13735961914062,250.3615264892578,249.27149963378906,247.1971435546875,0.43875208497047424,0.37666547298431396,0.2853166460990906,57.0834846496582,58.74973678588867,41.6954231262207,19.421579360961914,5.050988674163818,14.982128143310547,46.10685729980469,50.5590934753418,36.214332580566406,0.34023115038871765,0.08597466349601746,0.35932308435440063,5.686142444610596,5.206110954284668,4.439652442932129,nan
10.100,1,130.10418701171875,155.97325134277344,146.13735961914062,250.3615264892578,249.27149963378906,247.1971435546875,0.43875208497047424,0.37666547298431396,0.2853166460990906,57.0834846496582,58.74973678588867,41.6954231262207,19.421579360961914,5.050988674163818,14.982128143310547,46.10685729980469,50.5590934753418,36.214332580566406,0.34023115038871765,0.08597466349601746,0.35932308435440063,5.686142444610596,5.206110954284668,4.439652442932129,nan
10.120,1,130.10418701171875,155.97325134277344,146.13735961914062,250.3615264892578,249.27149963378906,247.1971435546875,0.43875208497047424,0.37666547298431396,0.2853166460990906,57.0834846496582,58.74973678588867,41.6954231262207,19.421579360961914,5.050988674163818,14.982128143310547,46.10685729980469,50.5590934753418,36.214332580566406,0.34023115038871765,0.08597466349601746,0.35932308435440063,5.686142444610596,5.206110954284668,4.439652442932129,nan
10.140,1,130.10418701171875,155.97325134277344,146.13735961914062,250.3615264892578,249.27149963378906,247.1971435546875,0.43875208497047424,0.37666547298431396,0.2853166460990906,57.0834846496582,58.74973678588867,41.6954231262207,19.421579360961914,5.050988674163818,14.982128143310547,46.10685729980469,50.5590934753418,36.214332580566406,0.34023115038871765,0.08597466349601746,0.35932308435440063,5.686142444610596,5.206110954284668,4.439652442932129,nan
10.160,1,103.20317077636719,197.86416625976562,192.9702606201172,250.41162109375,249.54254150390625,247.53128051757812,0.3971880376338959,0.37327632308006287,0.2893681526184082,40.991065979003906,73.8580093383789,55.839447021484375,12.041789054870605,20.01332664489746,9.394230842590332,28.149341583251953,57.05088806152344,48.85572814941406,0.29376617074012756,0.27097028493881226,0.16823646426200867,5.644249439239502,5.243430137634277,4.510515213012695,nan
10.180,1,103.20317077636719,197.86416625976562,192.9702606201172,250.41162109375,249.54254150390625,247.53128051757812,0.3971880376338959,0.37327632308006287,0.2893681526184082,40.991065979003906,73.8580093383789,55.839447021484375,12.041789054870605,20.01332664489746,9.394230842590332,28.149341583251953,57.05088806152344,48.85572814941406,0.29376617074012756,0.27097028493881226,0.16823646426200867,5.644249439239502,5.243430137634277,4.510515213012695,nan
10.200,1,103.20317077636719,197.86416625976562,192.9702606201172,250.41162109375,249.54254150390625,247.53128051757812,0.3971880376338959,0.37327632308006287,0.2893681526184082,40.991065979003906,73.8580093383789,55.839447021484375,12.041789054870605,20.01332664489746,9.394230842590332,28.149341583251953,57.05088806152344,48.85572814941406,0.29376617074012756,0.27097028493881226,0.16823646426200867,5.644249439239502,5.243430137634277,4.510515213012695,nan
10.220,1,103.20317077636719,197.86416625976562,192.9702606201172,250.41162109375,249.54254150390625,247.53128051757812,0.3971880376338959,0.37327632308006287,0.2893681526184082,40.991065979003906,73.8580093383789,55.839447021484375,12.041789054870605,20.01332664489746,9.394230842590332,28.149341583251953,57.05088806152344,48.85572814941406,0.29376617074012756,0.27097028493881226,0.16823646426200867,5.644249439239502,5.243430137634277,4.510515213012695,nan
10.240,1,103.20317077636719,197.86416625976562,192.9702606201172,250.41162109375,249.54254150390625,247.53128051757812,0.3971880376338959,0.37327632308006287,0.2893681526184082,40.991065979003906,73.8580093383789,55.839447021484375,12.041789054870605,20.01332664489746,9.394230842590332,28.149341583251953,57.05088806152344,48.85572814941406,0.29376617074012756,0.27097028493881226,0.16823646426200867,5.644249439239502,5.243430137634277,4.510515213012695,nan
10.260,1,103.20317077636719,197.86416625976562,192.9702606201172,250.41162109375,249.54254150390625,247.53128051757812,0.3971880376338959,0.37327632308006287,0.2893681526184082,40.991065979003906,73.8580093383789,55.839447021484375,12.041789054870605,20.01332664489746,9.394230842590332,28.149341583251953,57.05088806152344,48.85572814941406,0.29376617074012756,0.27097028493881226,0.16823646426200867,5.644249439239502,5.243430137634277,4.510515213012695,nan
10.280,1,103.20317077636719,197.86416625976562,192.9702606201172,250.41162109375,249.54254150390625,247.53128051757812,0.3971880376338959,0.37327632308006287,0.2893681526184082,40.991065979003906,73.8580093383789,55.839447021484375,12.041789054870605,20.01332664489746,9.394230842590332,28.149341583251953,57.05088806152344,48.85572814941406,0.29376617074012756,0.27097028493881226,0.16823646426200867,5.644249439239502,5.243430137634277,4.510515213012695,nan
10.300,1,103.20317077636719,197.86416625976562,192.9702606201172,250.41162109375,249.54254150390625,247.53128051757812,0.3971880376338959,0.37327632308006287,0.2893681526184082,40.991065979003906,73.8580093383789,55.839447021484375,12.041789054870605,20.01332664489746,9.394230842590332,28.149341583251953,57.05088806152344,48.85572814941406,0.29376617074012756,0.27097028493881226,0.16823646426200867,5.644249439239502,5.243430137634277,4.510515213012695,nan
10.320,1,103.20317077636719,197.86416625976562,192.9702606201172,250.41162109375,249.54254150390625,247.53128051757812,0.3971880376338959,0.37327632308006287,0.2893681526184082,40.991065979003906,73.8580093383789,55.839447021484375,12.041789054870605,20.01332664489746,9.394230842590332,28.149341583251953,57.05088806152344,48.85572814941406,0.29376617074012756,0.27097028493881226,0.16823646426200867,5.644249439239502,5.243430137634277,4.510515213012695,nan
10.340,1,103.20317077636719,197.86416625976562,192.9702606201172,250.41162109375,249.54254150390625,247.53128051757812,0.3971880376338959,0.37327632308006287,0.2893681526184082,40.991065979003906,73.8580093383789,55.839447021484375,12.041789054870605,20.01332664489746,9.394230842590332,28.149341583251953,57.05088806152344,48.85572814941406,0.29376617074012756,0.27097028493881226,0.16823646426200867,5.644249439239502,5.243430137634277,4.510515213012695,nan
10.360,1,9.812825202941895,253.52847290039062,253.06024169921875,250.26368713378906,250.21755981445312,248.20887756347656,0.3158925175666809,0.3809167742729187,0.28755006194114685,3.0997979640960693,96.57324981689453,72.76748657226562,-0.49712470173835754,45.03094482421875,-2.9614479541778564,-0.43344196677207947,69.39078521728516,67.73548126220703,0.160373255610466,0.4662879705429077,0.040697406977415085,5.575321197509766,5.25044059753418,4.339617729187012,nan
10.380,1,9.812825202941895,253.52847290039062,253.06024169921875,250.26368713378906,250.21755981445312,248.20887756347656,0.3158925175666809,0.3809167742729187,0.28755006194114685,3.0997979640960693,96.57324981689453,72.76748657226562,-0.49712470173835754,45.03094482421875,-2.9614479541778564,-0.43344196677207947,69.39078521728516,67.73548126220703,0.160373255610466,0.4662879705429077,0.040697406977415085,5.575321197509766,5.25044059753418,4.339617729187012,nan
10.400,1,9.812825202941895,253.52847290039062,253.06024169921875,250.26368713378906,250.21755981445312,248.20887756347656,0.3158925175666809,0.3809167742729187,0.28755006194114685,3.0997979640960693,96.57324981689453,72.76748657226562,-0.49712470173835754,45.03094482421875,-2.9614479541778564,-0.43344196677207947,69.39078521728516,67.73548126220703,0.160373255610466,0.4662879705429077,0.040697406977415085,5.575321197509766,5.25044059753418,4.339617729187012,nan
10.420,1,9.812825202941895,253.52847290039062,253.06024169921875,250.26368713378906,250.21755981445312,248.20887756347656,0.3158925175666809,0.3809167742729187,0.28755006194114685,3.0997979640960693,96.57324981689453,72.76748657226562,-0.49712470173835754,45.03094482421875,-2.9614479541778564,-0.43344196677207947,69.39078521728516,67.73548126220703,0.160373255610466,0.4662879705429077,0.040697406977415085,5.575321197509766,5.25044059753418,4.339617729187012,nan
10.440,1,9.812825202941895,253.52847290039062,253.06024169921875,250.26368713378906,250.21755981445312,248.20887756347656,0.3158925175666809,0.3809167742729187,0.28755006194114685,3.0997979640960693,96.57324981689453,72.76748657226562,-0.49712470173835754,45.03094482421875,-2.9614479541778564,-0.43344196677207947,69.39078521728516,67.73548126220703,0.160373255610466,0.4662879705429077,0.040697406977415085,5.575321197509766,5.25044059753418,4.339617729187012,nan
10.460,1,9.812825202941895,253.52847290039062,253.06024169921875,250.26368713378906,250.21755981445312,248.20887756347656,0.3158925175666809,0.3809167742729187,0.28755006194114685,3.0997979640960693,96.57324981689453,72.76748657226562,-0.49712470173835754,45.03094482421875,-2.9614479541778564,-0.43344196677207947,69.39078521728516,67.73548126220703,0.160373255610466,0.4662879705429077,0.040697406977415085,5.575321197509766,5.25044059753418,4.339617729187012,nan
10.480,1,9.812825202941895,253.52847290039062,253.06024169921875,250.26368713378906,250.21755981445312,248.20887756347656,0.3158925175666809,0.3809167742729187,0.28755006194114685,3.0997979640960693,96.57324981689453,72.76748657226562,-0.49712470173835754,45.03094482421875,-2.9614479541778564,-0.43344196677207947,69.39078521728516,67.73548126220703,0.160373255610466,0.4662879705429077,0.040697406977415085,5.575321197509766,5.25044059753418,4.339617729187012,nan
10.500,1,9.812825202941895,253.52847290039062,253.06024169921875,250.26368713378906,250.21755981445312,248.20887756347656,0.3158925175666809,0.3809167742729187,0.28755006194114685,3.0997979640960693,96.57324981689453,72.76748657226562,-0.49712470173835754,45.03094482421875,-2.9614479541778564,-0.43344196677207947,69.39078521728516,67.73548126220703,0.160373255610466,0.4662879705429077,0.040697406977415085,5.575321197509766,5.25044059753418,4.339617729187012,nan
10.520,1,9.812825202941895,253.52847290039062,253.06024169921875,250.26368713378906,250.21755981445312,248.20887756347656,0.3158925175666809,0.3809167742729187,0.28755006194114685,3.0997979640960693,96.57324981689453,72.76748657226562,-0.49712470173835754,45.03094482421875,-2.9614479541778564,-0.43344196677207947,69.39078521728516,67.73548126220703,0.160373255610466,0.4662879705429077,0.040697406977415085,5.575321197509766,5.25044059753418,4.339617729187012,nan
10.540,1,9.812825202941895,253.52847290039062,253.06024169921875,250.26368713378906,250.21755981445312,248.20887756347656,0.3158925175666809,0.3809167742729187,0.28755006194114685,3.0997979640960693,96.57324981689453,72.76748657226562,-0.49712470173835754,45.03094482421875,-2.9614479541778564,-0.43344196677207947,69.39078521728516,67.73548126220703,0.160373255610466,0.4662879705429077,0.040697406977415085,5.575321197509766,5.25044059753418,4.339617729187012,nan
10.560,1,10.015249252319336,253.48004150390625,253.1920623779297,250.20037841796875,250.1433868408203,248.2930908203125,0.3100617229938507,0.36708396673202515,0.28374752402305603,3.1053454875946045,93.0484619140625,71.84262084960938,-0.48140960931777954,44.2169189453125,-2.1917543411254883,-0.356576532125473,66.0374755859375,66.87992095947266,0.15502610802650452,0.47520312666893005,0.03050771728157997,5.545655250549316,5.251658916473389,4.4232378005981445,nan
10.580,1,10.015249252319336,253.48004150390625,253.1920623779297,250.20037841796875,250.1433868408203,248.2930908203125,0.3100617229938507,0.36708396673202515,0.28374752402305603,3.1053454875946045,93.0484619140625,71.84262084960938,-0.48140960931777954,44.2169189453125,-2.1917543411254883,-0.356576532125473,66.0374755859375,66.87992095947266,0.15502610802650452,0.47520312666893005,0.03050771728157997,5.545655250549316,5.251658916473389,4.4232378005981445,nan
10.600,1,10.015249252319336,253.48004150390625,253.1920623779297,250.20037841796875,250.1433868408203,248.2930908203125,0.3100617229938507,0.36708396673202515,0.28374752402305603,3.1053454875946045,93.0484619140625,71.84262084960938,-0.48140960931777954,44.2169189453125,-2.1917543411254883,-0.356576532125473,66.0374755859375,66.87992095947266,0.15502610802650452,0.47520312666893005,0.03050771728157997,5.545655250549316,5.251658916473389,4.4232378005981445,nan
10.620,1,10.015249252319336,253.48004150390625,253.1920623779297,250.20037841796875,250.1433868408203,248.2930908203125,0.3100617229938507,0.36708396673202515,0.28374752402305603,3.1053454875946045,93.0484619140625,71.84262084960938,-0.48140960931777954,44.2169189453125,-2.1917543411254883,-0.356576532125473,66.0374755859375,66.87992095947266,0.15502610802650452,0.47520312666893005,0.03050771728157997,5.545655250549316,5.251658916473389,4.4232378005981445,nan
10.640,1,10.015249252319336,253.48004150390625,253.1920623779297,250.20037841796875,250.1433868408203,248.2930908203125,0.3100617229938507,0.36708396673202515,0.28374752402305603,3.1053454875946045,93.0484619140625,71.84262084960938,-0.48140960931777954,44.2169189453125,-2.1917543411254883,-0.356576532125473,66.0374755859375,66.87992095947266,0.15502610802650452,0.47520312666893005,0.03050771728157997,5.545655250549316,5.251658916473389,4.4232378005981445,nan
10.660,1,10.015249252319336,253.48004150390625,253.1920623779297,250.20037841796875,250.1433868408203,248.2930908203125,0.3100617229938507,0.36708396673202515,0.28374752402305603,3.1053454875946045,93.0484619140625,71.84262084960938,-0.48140960931777954,44.2169189453125,-2.1917543411254883,-0.356576532125473,66.0374755859375,66.87992095947266,0.15502610802650452,0.47520312666893005,0.03050771728157997,5.545655250549316,5.251658916473389,4.4232378005981445,nan
10.680,1,10.015249252319336,253.48004150390625,253.1920623779297,250.20037841796875,250.1433868408203,248.2930908203125,0.3100617229938507,0.36708396673202515,0.28374752402305603,3.1053454875946045,93.0484619140625,71.84262084960938,-0.48140960931777954,44.2169189453125,-2.1917543411254883,-0.356576532125473,66.0374755859375,66.87992095947266,0.15502610802650452,0.47520312666893005,0.03050771728157997,5.545655250549316,5.251658916473389,4.4232378005981445,nan
10.700,1,10.015249252319336,253.48004150390625,253.1920623779297,250.20037841796875,250.1433868408203,248.2930908203125,0.3100617229938507,0.36708396673202515,0.28374752402305603,3.1053454875946045,93.0484619140625,71.84262084960938,-0.48140960931777954,44.2169189453125,-2.1917543411254883,-0.356576532125473,66.0374755859375,66.87992095947266,0.15502610802650452,0.47520312666893005,0.03050771728157997,5.545655250549316,5.251658916473389,4.4232378005981445,nan
10.720,1,10.015249252319336,253.48004150390625,253.1920623779297,250.20037841796875,250.1433868408203,248.2930908203125,0.3100617229938507,0.36708396673202515,0.28374752402305603,3.1053454875946045,93.0484619140625,71.84262084960938,-0.48140960931777954,44.2169189453125,-2.1917543411254883,-0.356576532125473,66.0374755859375,66.87992095947266,0.15502610802650452,0.47520312666893005,0.03050771728157997,5.545655250549316,5.251658916473389,4.4232378005981445,nan
10.740,1,10.015249252319336,253.48004150390625,253.1920623779297,250.20037841796875,250.1433868408203,248.2930908203125,0.3100617229938507,0.36708396673202515,0.28374752402305603,3.1053454875946045,93.0484619140625,71.84262084960938,-0.48140960931777954,44.2169189453125,-2.1917543411254883,-0.356576532125473,66.0374755859375,66.87992095947266,0.15502610802650452,0.47520312666893005,0.03050771728157997,5.545655250549316,5.251658916473389,4.4232378005981445,nan
10.760,1,9.987862586975098,253.56472778320312,253.2671356201172,250.19129943847656,250.13589477539062,248.31747436523438,0.3064981997013092,0.35996678471565247,0.2843236029148102,3.0612618923187256,91.2748794555664,72.00982666015625,-0.47923803329467773,44.215576171875,-2.3451104164123535,-0.32984694838523865,64.90118408203125,67.14629364013672,0.15654918551445007,0.4844221770763397,0.032566532492637634,5.518150806427002,5.296124458312988,4.2984299659729,nan
10.780,1,9.987862586975098,253.56472778320312,253.2671356201172,250.19129943847656,250.13589477539062,248.31747436523438,0.3064981997013092,0.35996678471565247,0.2843236029148102,3.0612618923187256,91.2748794555664,72.00982666015625,-0.47923803329467773,44.215576171875,-2.3451104164123535,-0.32984694838523865,64.90118408203125,67.14629364013672,0.15654918551445007,0.4844221770763397,0.032566532492637634,5.518150806427002,5.296124458312988,4.2984299659729,nan
10.800,1,9.987862586975098,253.56472778320312,253.2671356201172,250.19129943847656,250.13589477539062,248.31747436523438,0.3064981997013092,0.35996678471565247,0.2843236029148102,3.0612618923187256,91.2748794555664,72.00982666015625,-0.47923803329467773,44.215576171875,-2.3451104164123535,-0.32984694838523865,64.90118408203125,67.14629364013672,0.15654918551445007,0.4844221770763397,0.032566532492637634,5.518150806427002,5.296124458312988,4.2984299659729,nan
10.820,1,9.987862586975098,253.56472778320312,253.2671356201172,250.19129943847656,250.13589477539062,248.31747436523438,0.3064981997013092,0.35996678471565247,0.2843236029148102,3.0612618923187256,91.2748794555664,72.00982666015625,-0.47923803329467773,44.215576171875,-2.3451104164123535,-0.32984694838523865,64.90118408203125,67.14629364013672,0.15654918551445007,0.4844221770763397,0.032566532492637634,5.518150806427002,5.296124458312988,4.2984299659729,nan
10.840,1,9.987862586975098,253.56472778320312,253.2671356201172,250.19129943847656,250.13589477539062,248.31747436523438,0.3064981997013092,0.35996678471565247,0.2843236029148102,3.0612618923187256,91.2748794555664,72.00982666015625,-0.47923803329467773,44.215576171875,-2.3451104164123535,-0.32984694838523865,64.90118408203125,67.14629364013672,0.15654918551445007,0.4844221770763397,0.032566532492637634,5.518150806427002,5.296124458312988,4.2984299659729,nan
10.860,1,9.987862586975098,253.56472778320312,253.2671356201172,250.19129943847656,250.13589477539062,248.31747436523438,0.3064981997013092,0.35996678471565247,0.2843236029148102,3.0612618923187256,91.2748794555664,72.00982666015625,-0.47923803329467773,44.215576171875,-2.3451104164123535,-0.32984694838523865,64.90118408203125,67.14629364013672,0.15654918551445007,0.4844221770763397,0.032566532492637634,5.518150806427002,5.296124458312988,4.2984299659729,nan
10.880,0,9.987862586975098,253.56472778320312,253.2671356201172,250.19129943847656,250.13589477539062,248.31747436523438,0.3064981997013092,0.35996678471565247,0.2843236029148102,3.0612618923187256,91.2748794555664,72.00982666015625,-0.47923803329467773,44.215576171875,-2.3451104164123535,-0.32984694838523865,64.90118408203125,67.14629364013672,0.15654918551445007,0.4844221770763397,0.032566532492637634,5.518150806427002,5.296124458312988,4.2984299659729,nan
10.900,0,9.987862586975098,253.56472778320312,253.2671356201172,250.19129943847656,250.13589477539062,248.31747436523438,0.3064981997013092,0.35996678471565247,0.2843236029148102,3.0612618923187256,91.2748794555664,72.00982666015625,-0.47923803329467773,44.215576171875,-2.3451104164123535,-0.32984694838523865,64.90118408203125,67.14629364013672,0.15654918551445007,0.4844221770763397,0.032566532492637634,5.518150806427002,5.296124458312988,4.2984299659729,nan
10.920,0,9.987862586975098,253.56472778320312,253.2671356201172,250.19129943847656,250.13589477539062,248.31747436523438,0.3064981997013092,0.35996678471565247,0.2843236029148102,3.0612618923187256,91.2748794555664,72.00982666015625,-0.47923803329467773,44.215576171875,-2.3451104164123535,-0.32984694838523865,64.90118408203125,67.14629364013672,0.15654918551445007,0.4844221770763397,0.032566532492637634,5.518150806427002,5.296124458312988,4.2984299659729,nan
10.940,0,9.987862586975098,253.56472778320312,253.2671356201172,250.19129943847656,250.13589477539062,248.31747436523438,0.3064981997013092,0.35996678471565247,0.2843236029148102,3.0612618923187256,91.2748794555664,72.00982666015625,-0.47923803329467773,44.215576171875,-2.3451104164123535,-0.32984694838523865,64.90118408203125,67.14629364013672,0.15654918551445007,0.4844221770763397,0.032566532492637634,5.518150806427002,5.296124458312988,4.2984299659729,nan
10.960,0,10.066679954528809,253.47891235351562,253.2860870361328,250.18568420410156,250.30641174316406,248.3614501953125,0.3122170865535736,0.3719360828399658,0.28553107380867004,3.14298939704895,94.2779541015625,72.321044921875,-0.4944938123226166,45.1007080078125,-3.019979953765869,-0.3641672134399414,67.8025131225586,67.83451080322266,0.15733231604099274,0.4783802032470703,0.041757967323064804,5.615865230560303,5.329385757446289,4.449877738952637,nan
10.980,0,10.066679954528809,253.47891235351562,253.2860870361328,250.18568420410156,250.30641174316406,248.3614501953125,0.3122170865535736,0.3719360828399658,0.28553107380867004,3.14298939704895,94.2779541015625,72.321044921875,-0.4944938123226166,45.1007080078125,-3.019979953765869,-0.3641672134399414,67.8025131225586,67.83451080322266,0.15733231604099274,0.4783802032470703,0.041757967323064804,5.615865230560303,5.329385757446289,4.449877738952637,nan
11.000,0,10.066679954528809,253.47891235351562,253.2860870361328,250.18568420410156,250.30641174316406,248.3614501953125,0.3122170865535736,0.3719360828399658,0.28553107380867004,3.14298939704895,94.2779541015625,72.321044921875,-0.4944938123226166,45.1007080078125,-3.019979953765869,-0.3641672134399414,67.8025131225586,67.83451080322266,0.15733231604099274,0.4783802032470703,0.041757967323064804,5.615865230560303,5.329385757446289,4.449877738952637,nan
11.020,0,10.066679954528809,253.47891235351562,253.2860870361328,250.18568420410156,250.30641174316406,248.3614501953125,0.3122170865535736,0.3719360828399658,0.28553107380867004,3.14298939704895,94.2779541015625,72.321044921875,-0.4944938123226166,45.1007080078125,-3.019979953765869,-0.3641672134399414,67.8025131225586,67.83451080322266,0.15733231604099274,0.4783802032470703,0.041757967323064804,5.615865230560303,5.329385757446289,4.449877738952637,nan
11.040,0,10.066679954528809,253.47891235351562,253.2860870361328,250.18568420410156,250.30641174316406,248.3614501953125,0.3122170865535736,0.3719360828399658,0.28553107380867004,3.14298939704895,94.2779541015625,72.321044921875,-0.4944938123226166,45.1007080078125,-3.019979953765869,-0.3641672134399414,67.8025131225586,67.83451080322266,0.15733231604099274,0.4783802032470703,0.041757967323064804,5.615865230560303,5.329385757446289,4.449877738952637,nan
11.060,0,10.066679954528809,253.47891235351562,253.2860870361328,250.18568420410156,250.30641174316406,248.3614501953125,0.3122170865535736,0.3719360828399658,0.28553107380867004,3.14298939704895,94.2779541015625,72.321044921875,-0.4944938123226166,45.1007080078125,-3.019979953765869,-0.3641672134399414,67.8025131225586,67.83451080322266,0.15733231604099274,0.4783802032470703,0.041757967323064804,5.615865230560303,5.329385757446289,4.449877738952637,nan
11.080,0,10.066679954528809,253.47891235351562,253.2860870361328,250.18568420410156,250.30641174316406,248.3614501953125,0.3122170865535736,0.3719360828399658,0.28553107380867004,3.14298939704895,94.2779541015625,72.321044921875,-0.4944938123226166,45.1007080078125,-3.019979953765869,-0.3641672134399414,67.8025131225586,67.83451080322266,0.15733231604099274,0.4783802032470703,0.041757967323064804,5.615865230560303,5.329385757446289,4.449877738952637,nan
11.100,0,10.066679954528809,253.47891235351562,253.2860870361328,250.18568420410156,250.30641174316406,248.3614501953125,0.3122170865535736,0.3719360828399658,0.28553107380867004,3.14298939704895,94.2779541015625,72.321044921875,-0.4944938123226166,45.1007080078125,-3.019979953765869,-0.3641672134399414,67.8025131225586,67.83451080322266,0.15733231604099274,0.4783802032470703,0.041757967323064804,5.615865230560303,5.329385757446289,4.449877738952637,nan
11.120,0,10.066679954528809,253.47891235351562,253.2860870361328,250.18568420410156,250.30641174316406,248.3614501953125,0.3122170865535736,0.3719360828399658,0.28553107380867004,3.14298939704895,94.2779541015625,72.321044921875,-0.4944938123226166,45.1007080078125,-3.019979953765869,-0.3641672134399414,67.8025131225586,67.83451080322266,0.15733231604099274,0.4783802032470703,0.041757967323064804,5.615865230560303,5.329385757446289,4.449877738952637,nan
11.140,0,10.066679954528809,253.47891235351562,253.2860870361328,250.18568420410156,250.30641174316406,248.3614501953125,0.3122170865535736,0.3719360828399658,0.28553107380867004,3.14298939704895,94.2779541015625,72.321044921875,-0.4944938123226166,45.1007080078125,-3.019979953765869,-0.3641672134399414,67.8025131225586,67.83451080322266,0.15733231604099274,0.4783802032470703,0.041757967323064804,5.615865230560303,5.329385757446289,4.449877738952637,nan
11.160,0,87.5617446899414,231.37376403808594,237.63436889648438,250.36239624023438,249.8953094482422,247.83876037597656,0.3712978959083557,0.37929147481918335,0.3089487552642822,32.51148986816406,87.75809478759766,73.41683959960938,1.7780039310455322,35.32891082763672,4.957698345184326,14.420269966125488,61.1982307434082,65.05120086669922,0.054688479751348495,0.40257152915000916,0.06752808392047882,5.634121417999268,5.279994964599609,4.385329246520996,nan
11.180,0,87.5617446899414,231.37376403808594,237.63436889648438,250.36239624023438,249.8953094482422,247.83876037597656,0.3712978959083557,0.37929147481918335,0.3089487552642822,32.51148986816406,87.75809478759766,73.41683959960938,1.7780039310455322,35.32891082763672,4.957698345184326,14.420269966125488,61.1982307434082,65.05120086669922,0.054688479751348495,0.40257152915000916,0.06752808392047882,5.634121417999268,5.279994964599609,4.385329246520996,nan
11.200,0,87.5617446899414,231.37376403808594,237.63436889648438,250.36239624023438,249.8953094482422,247.83876037597656,0.3712978959083557,0.37929147481918335,0.3089487552642822,32.51148986816406,87.75809478759766,73.41683959960938,1.7780039310455322,35.32891082763672,4.957698345184326,14.420269966125488,61.1982307434082,65.05120086669922,0.054688479751348495,0.40257152915000916,0.06752808392047882,5.634121417999268,5.279994964599609,4.385329246520996,nan
11.220,0,87.5617446899414,231.37376403808594,237.63436889648438,250.36239624023438,249.8953094482422,247.83876037597656,0.3712978959083557,0.37929147481918335,0.3089487552642822,32.51148986816406,87.75809478759766,73.41683959960938,1.7780039310455322,35.32891082763672,4.957698345184326,14.420269966125488,61.1982307434082,65.05120086669922,0.054688479751348495,0.40257152915000916,0.06752808392047882,5.634121417999268,5.279994964599609,4.385329246520996,nan
11.240,0,87.5617446899414,231.37376403808594,237.63436889648438,250.36239624023438,249.8953094482422,247.83876037597656,0.3712978959083557,0.37929147481918335,0.3089487552642822,32.51148986816406,87.75809478759766,73.41683959960938,1.7780039310455322,35.32891082763672,4.957698345184326,14.420269966125488,61.1982307434082,65.05120086669922,0.054688479751348495,0.40257152915000916,0.06752808392047882,5.634121417999268,5.279994964599609,4.385329246520996,nan
11.260,0,87.5617446899414,231.37376403808594,237.63436889648438,250.36239624023438,249.8953094482422,247.83876037597656,0.3712978959083557,0.37929147481918335,0.3089487552642822,32.51148986816406,87.75809478759766,73.41683959960938,1.7780039310455322,35.32891082763672,4.957698345184326,14.420269966125488,61.1982307434082,65.05120086669922,0.054688479751348495,0.40257152915000916,0.06752808392047882,5.634121417999268,5.279994964599609,4.385329246520996,nan
11.280,0,87.5617446899414,231.37376403808594,237.63436889648438,250.36239624023438,249.8953094482422,247.83876037597656,0.3712978959083557,0.37929147481918335,0.3089487552642822,32.51148986816406,87.75809478759766,73.41683959960938,1.7780039310455322,35.32891082763672,4.957698345184326,14.420269966125488,61.1982307434082,65.05120086669922,0.054688479751348495,0.40257152915000916,0.06752808392047882,5.634121417999268,5.279994964599609,4.385329246520996,nan
11.300,0,87.5617446899414,231.37376403808594,237.63436889648438,250.36239624023438,249.8953094482422,247.83876037597656,0.3712978959083557,0.37929147481918335,0.3089487552642822,32.51148986816406,87.75809478759766,73.41683959960938,1.7780039310455322,35.32891082763672,4.957698345184326,14.420269966125488,61.1982307434082,65.05120086669922,0.054688479751348495,0.40257152915000916,0.06752808392047882,5.634121417999268,5.279994964599609,4.385329246520996,nan
11.320,0,87.5617446899414,231.37376403808594,237.63436889648438,250.36239624023438,249.8953094482422,247.83876037597656,0.3712978959083557,0.37929147481918335,0.3089487552642822,32.51148986816406,87.75809478759766,73.41683959960938,1.7780039310455322,35.32891082763672,4.957698345184326,14.420269966125488,61.1982307434082,65.05120086669922,0.054688479751348495,0.40257152915000916,0.06752808392047882,5.634121417999268,5.279994964599609,4.385329246520996,nan
11.340,0,136.4574432373047,189.7939453125,192.25146484375,250.5735321044922,249.26365661621094,247.1439208984375,0.445983350276947,0.38065698742866516,0.3327544331550598,60.85774612426758,72.24639129638672,63.97252655029297,12.340330123901367,14.436985969543457,16.5286865234375,37.92246627807617,52.51254653930664,53.9812126159668,0.20277336239814758,0.1998298615217209,0.25837165117263794,5.840049743652344,5.318821430206299,4.577178001403809,nan
11.360,0,136.4574432373047,189.7939453125,192.25146484375,250.5735321044922,249.26365661621094,247.1439208984375,0.445983350276947,0.38065698742866516,0.3327544331550598,60.85774612426758,72.24639129638672,63.97252655029297,12.340330123901367,14.436985969543457,16.5286865234375,37.92246627807617,52.51254653930664,53.9812126159668,0.20277336239814758,0.1998298615217209,0.25837165117263794,5.840049743652344,5.318821430206299,4.577178001403809,nan
11.380,0,136.4574432373047,189.7939453125,192.25146484375,250.5735321044922,249.26365661621094,247.1439208984375,0.445983350276947,0.38065698742866516,0.3327544331550598,60.85774612426758,72.24639129638672,63.97252655029297,12.340330123901367,14.436985969543457,16.5286865234375,37.92246627807617,52.51254653930664,53.9812126159668,0.20277336239814758,0.1998298615217209,0.25837165117263794,5.840049743652344,5.318821430206299,4.577178001403809,nan
11.400,0,136.4574432373047,189.7939453125,192.25146484375,250.5735321044922,249.26365661621094,247.1439208984375,0.445983350276947,0.38065698742866516,0.3327544331550598,60.85774612426758,72.24639129638672,63.97252655029297,12.340330123901367,14.436985969543457,16.5286865234375,37.92246627807617,52.51254653930664,53.9812126159668,0.20277336239814758,0.1998298615217209,0.25837165117263794,5.840049743652344,5.318821430206299,4.577178001403809,nan
11.420,0,136.4574432373047,189.7939453125,192.25146484375,250.5735321044922,249.26365661621094,247.1439208984375,0.445983350276947,0.38065698742866516,0.3327544331550598,60.85774612426758,72.24639129638672,63.97252655029297,12.340330123901367,14.436985969543457,16.5286865234375,37.92246627807617,52.51254653930664,53.9812126159668,0.20277336239814758,0.1998298615217209,0.25837165117263794,5.840049743652344,5.318821430206299,4.577178001403809,nan
11.440,0,136.4574432373047,189.7939453125,192.25146484375,250.5735321044922,249.26365661621094,247.1439208984375,0.445983350276947,0.38065698742866516,0.3327544331550598,60.85774612426758,72.24639129638672,63.97252655029297,12.340330123901367,14.436985969543457,16.5286865234375,37.92246627807617,52.51254653930664,53.9812126159668,0.20277336239814758,0.1998298615217209,0.25837165117263794,5.840049743652344,5.318821430206299,4.577178001403809,nan
11.460,0,136.4574432373047,189.7939453125,192.25146484375,250.5735321044922,249.26365661621094,247.1439208984375,0.445983350276947,0.38065698742866516,0.3327544331550598,60.85774612426758,72.24639129638672,63.97252655029297,12.340330123901367,14.436985969543457,16.5286865234375,37.92246627807617,52.51254653930664,53.9812126159668,0.20277336239814758,0.1998298615217209,0.25837165117263794,5.840049743652344,5.318821430206299,4.577178001403809,nan
11.480,0,136.4574432373047,189.7939453125,192.25146484375,250.5735321044922,249.26365661621094,247.1439208984375,0.445983350276947,0.38065698742866516,0.3327544331550598,60.85774612426758,72.24639129638672,63.97252655029297,12.340330123901367,14.436985969543457,16.5286865234375,37.92246627807617,52.51254653930664,53.9812126159668,0.20277336239814758,0.1998298615217209,0.25837165117263794,5.840049743652344,5.318821430206299,4.577178001403809,nan
11.500,0,136.4574432373047,189.7939453125,192.25146484375,250.5735321044922,249.26365661621094,247.1439208984375,0.445983350276947,0.38065698742866516,0.3327544331550598,60.85774612426758,72.24639129638672,63.97252655029297,12.340330123901367,14.436985969543457,16.5286865234375,37.92246627807617,52.51254653930664,53.9812126159668,0.20277336239814758,0.1998298615217209,0.25837165117263794,5.840049743652344,5.318821430206299,4.577178001403809,nan
11.520,0,136.4574432373047,189.7939453125,192.25146484375,250.5735321044922,249.26365661621094,247.1439208984375,0.445983350276947,0.38065698742866516,0.3327544331550598,60.85774612426758,72.24639129638672,63.97252655029297,12.340330123901367,14.436985969543457,16.5286865234375,37.92246627807617,52.51254653930664,53.9812126159668,0.20277336239814758,0.1998298615217209,0.25837165117263794,5.840049743652344,5.318821430206299,4.577178001403809,nan
11.540,0,138.3777618408203,195.0088653564453,197.614990234375,250.65199279785156,248.96603393554688,247.21949768066406,0.420410692691803,0.34581178426742554,0.34294888377189636,58.17549133300781,67.43636322021484,67.77184295654297,9.568818092346191,16.970947265625,17.12293243408203,35.28584289550781,48.238563537597656,57.310218811035156,0.16448195278644562,0.25165870785713196,0.252655565738678,5.664604663848877,5.296374797821045,4.43252420425415,nan
11.560,0,138.3777618408203,195.0088653564453,197.614990234375,250.65199279785156,248.96603393554688,247.21949768066406,0.420410692691803,0.34581178426742554,0.34294888377189636,58.17549133300781,67.43636322021484,67.77184295654297,9.568818092346191,16.970947265625,17.12293243408203,35.28584289550781,48.238563537597656,57.310218811035156,0.16448195278644562,0.25165870785713196,0.252655565738678,5.664604663848877,5.296374797821045,4.43252420425415,nan
11.580,0,138.3777618408203,195.0088653564453,197.614990234375,250.65199279785156,248.96603393554688,247.21949768066406,0.420410692691803,0.34581178426742554,0.34294888377189636,58.17549133300781,67.43636322021484,67.77184295654297,9.568818092346191,16.970947265625,17.12293243408203,35.28584289550781,48.238563537597656,57.310218811035156,0.16448195278644562,0.25165870785713196,0.252655565738678,5.664604663848877,5.296374797821045,4.43252420425415,nan
11.600,0,138.3777618408203,195.0088653564453,197.614990234375,250.65199279785156,248.96603393554688,247.21949768066406,0.420410692691803,0.34581178426742554,0.34294888377189636,58.17549133300781,67.43636322021484,67.77184295654297,9.568818092346191,16.970947265625,17.12293243408203,35.28584289550781,48.238563537597656,57.310218811035156,0.16448195278644562,0.25165870785713196,0.252655565738678,5.664604663848877,5.296374797821045,4.43252420425415,nan
11.620,0,138.3777618408203,195.0088653564453,197.614990234375,250.65199279785156,248.96603393554688,247.21949768066406,0.420410692691803,0.34581178426742554,0.34294888377189636,58.17549133300781,67.43636322021484,67.77184295654297,9.568818092346191,16.970947265625,17.12293243408203,35.28584289550781,48.238563537597656,57.310218811035156,0.16448195278644562,0.25165870785713196,0.252655565738678,5.664604663848877,5.296374797821045,4.43252420425415,nan
11.640,0,138.3777618408203,195.0088653564453,197.614990234375,250.65199279785156,248.96603393554688,247.21949768066406,0.420410692691803,0.34581178426742554,0.34294888377189636,58.17549133300781,67.43636322021484,67.77184295654297,9.568818092346191,16.970947265625,17.12293243408203,35.28584289550781,48.238563537597656,57.310218811035156,0.16448195278644562,0.25165870785713196,0.252655565738678,5.664604663848877,5.296374797821045,4.43252420425415,nan
11.660,0,138.3777618408203,195.0088653564453,197.614990234375,250.65199279785156,248.96603393554688,247.21949768066406,0.420410692691803,0.34581178426742554,0.34294888377189636,58.17549133300781,67.43636322021484,67.77184295654297,9.568818092346191,16.970947265625,17.12293243408203,35.28584289550781,48.238563537597656,57.310218811035156,0.16448195278644562,0.25165870785713196,0.252655565738678,5.664604663848877,5.296374797821045,4.43252420425415,nan
11.680,0,138.3777618408203,195.0088653564453,197.614990234375,250.65199279785156,248.96603393554688,247.21949768066406,0.420410692691803,0.34581178426742554,0.34294888377189636,58.17549133300781,67.43636322021484,67.77184295654297,9.568818092346191,16.970947265625,17.12293243408203,35.28584289550781,48.238563537597656,57.310218811035156,0.16448195278644562,0.25165870785713196,0.252655565738678,5.664604663848877,5.296374797821045,4.43252420425415,nan
11.700,0,138.3777618408203,195.0088653564453,197.614990234375,250.65199279785156,248.96603393554688,247.21949768066406,0.420410692691803,0.34581178426742554,0.34294888377189636,58.17549133300781,67.43636322021484,67.77184295654297,9.568818092346191,16.970947265625,17.12293243408203,35.28584289550781,48.238563537597656,57.310218811035156,0.16448195278644562,0.25165870785713196,0.252655565738678,5.664604663848877,5.296374797821045,4.43252420425415,nan
11.720,0,138.3777618408203,195.0088653564453,197.614990234375,250.65199279785156,248.96603393554688,247.21949768066406,0.420410692691803,0.34581178426742554,0.34294888377189636,58.17549133300781,67.43636322021484,67.77184295654297,9.568818092346191,16.970947265625,17.12293243408203,35.28584289550781,48.238563537597656,57.310218811035156,0.16448195278644562,0.25165870785713196,0.252655565738678,5.664604663848877,5.296374797821045,4.43252420425415,nan
11.740,0,138.171142578125,194.64356994628906,197.22203063964844,250.513916015625,249.14822387695312,247.16627502441406,0.4384824335575104,0.3748600482940674,0.3325601816177368,60.58561706542969,72.96409606933594,65.58819580078125,12.057572364807129,15.907363891601562,15.930922508239746,35.81172561645508,52.32402038574219,55.6418342590332,0.19901707768440247,0.21801632642745972,0.24289312958717346,5.700740814208984,5.203207015991211,4.498181343078613,nan
11.760,0,138.171142578125,194.64356994628906,197.22203063964844,250.513916015625,249.14822387695312,247.16627502441406,0.4384824335575104,0.3748600482940674,0.3325601816177368,60.58561706542969,72.96409606933594,65.58819580078125,12.057572364807129,15.907363891601562,15.930922508239746,35.81172561645508,52.32402038574219,55.6418342590332,0.19901707768440247,0.21801632642745972,0.24289312958717346,5.700740814208984,5.203207015991211,4.498181343078613,nan
11.780,0,138.171142578125,194.64356994628906,197.22203063964844,250.513916015625,249.14822387695312,247.16627502441406,0.4384824335575104,0.3748600482940674,0.3325601816177368,60.58561706542969,72.96409606933594,65.58819580078125,12.057572364807129,15.907363891601562,15.930922508239746,35.81172561645508,52.32402038574219,55.6418342590332,0.19901707768440247,0.21801632642745972,0.24289312958717346,5.700740814208984,5.203207015991211,4.498181343078613,nan
11.800,0,138.171142578125,194.64356994628906,197.22203063964844,250.513916015625,249.14822387695312,247.16627502441406,0.4384824335575104,0.3748600482940674,0.3325601816177368,60.58561706542969,72.96409606933594,65.58819580078125,12.057572364807129,15.907363891601562,15.930922508239746,35.81172561645508,52.32402038574219,55.6418342590332,0.19901707768440247,0.21801632642745972,0.24289312958717346,5.700740814208984,5.203207015991211,4.498181343078613,nan
11.820,0,138.171142578125,194.64356994628906,197.22203063964844,250.513916015625,249.14822387695312,247.16627502441406,0.4384824335575104,0.3748600482940674,0.3325601816177368,60.58561706542969,72.96409606933594,65.58819580078125,12.057572364807129,15.907363891601562,15.930922508239746,35.81172561645508,52.32402038574219,55.6418342590332,0.19901707768440247,0.21801632642745972,0.24289312958717346,5.700740814208984,5.203207015991211,4.498181343078613,nan
11.840,0,138.171142578125,194.64356994628906,197.22203063964844,250.513916015625,249.14822387695312,247.16627502441406,0.4384824335575104,0.3748600482940674,0.3325601816177368,60.58561706542969,72.96409606933594,65.58819580078125,12.057572364807129,15.907363891601562,15.930922508239746,35.81172561645508,52.32402038574219,55.6418342590332,0.19901707768440247,0.21801632642745972,0.24289312958717346,5.700740814208984,5.203207015991211,4.498181343078613,nan
11.860,0,138.171142578125,194.64356994628906,197.22203063964844,250.513916015625,249.14822387695312,247.16627502441406,0.4384824335575104,0.3748600482940674,0.3325601816177368,60.58561706542969,72.96409606933594,65.58819580078125,12.057572364807129,15.907363891601562,15.930922508239746,35.81172561645508,52.32402038574219,55.6418342590332,0.19901707768440247,0.21801632642745972,0.24289312958717346,5.700740814208984,5.203207015991211,4.498181343078613,nan
11.880,0,138.171142578125,194.64356994628906,197.22203063964844,250.513916015625,249.14822387695312,247.16627502441406,0.4384824335575104,0.3748600482940674,0.3325601816177368,60.58561706542969,72.96409606933594,65.58819580078125,12.057572364807129,15.907363891601562,15.930922508239746,35.81172561645508,52.32402038574219,55.6418342590332,0.19901707768440247,0.21801632642745972,0.24289312958717346,5.700740814208984,5.203207015991211,4.498181343078613,nan
11.900,0,138.171142578125,194.64356994628906,197.22203063964844,250.513916015625,249.14822387695312,247.16627502441406,0.4384824335575104,0.3748600482940674,0.3325601816177368,60.58561706542969,72.96409606933594,65.58819580078125,12.057572364807129,15.907363891601562,15.930922508239746,35.81172561645508,52.32402038574219,55.6418342590332,0.19901707768440247,0.21801632642745972,0.24289312958717346,5.700740814208984,5.203207015991211,4.498181343078613,nan
11.920,0,138.171142578125,194.64356994628906,197.22203063964844,250.513916015625,249.14822387695312,247.16627502441406,0.4384824335575104,0.3748600482940674,0.3325601816177368,60.58561706542969,72.96409606933594,65.58819580078125,12.057572364807129,15.907363891601562,15.930922508239746,35.81172561645508,52.32402038574219,55.6418342590332,0.19901707768440247,0.21801632642745972,0.24289312958717346,5.700740814208984,5.203207015991211,4.498181343078613,nan
11.940,0,138.26254272460938,194.43963623046875,196.79676818847656,250.5346221923828,249.24710083007812,247.1385498046875,0.44539615511894226,0.3794226050376892,0.33681371808052063,61.58160400390625,73.77479553222656,66.28385162353516,11.594843864440918,15.803991317749023,16.27448272705078,36.140724182128906,53.12900161743164,56.2515754699707,0.18828421831130981,0.21421939134597778,0.24552711844444275,5.709062099456787,5.322261333465576,4.464004039764404,nan
11.960,0,138.26254272460938,194.43963623046875,196.79676818847656,250.5346221923828,249.24710083007812,247.1385498046875,0.44539615511894226,0.3794226050376892,0.33681371808052063,61.58160400390625,73.77479553222656,66.28385162353516,11.594843864440918,15.803991317749023,16.27448272705078,36.140724182128906,53.12900161743164,56.2515754699707,0.18828421831130981,0.21421939134597778,0.24552711844444275,5.709062099456787,5.322261333465576,4.464004039764404,nan
11.980,1,138.26254272460938,194.43963623046875,196.79676818847656,250.5346221923828,249.24710083007812,247.1385498046875,0.44539615511894226,0.3794226050376892,0.33681371808052063,61.58160400390625,73.77479553222656,66.28385162353516,11.594843864440918,15.803991317749023,16.27448272705078,36.140724182128906,53.12900161743164,56.2515754699707,0.18828421831130981,0.21421939134597778,0.24552711844444275,5.709062099456787,5.322261333465576,4.464004039764404,nan
12.000,1,138.26254272460938,194.43963623046875,196.79676818847656,250.5346221923828,249.24710083007812,247.1385498046875,0.44539615511894226,0.3794226050376892,0.33681371808052063,61.58160400390625,73.77479553222656,66.28385162353516,11.594843864440918,15.803991317749023,16.27448272705078,36.140724182128906,53.12900161743164,56.2515754699707,0.18828421831130981,0.21421939134597778,0.24552711844444275,5.709062099456787,5.322261333465576,4.464004039764404,nan
12.020,1,138.26254272460938,194.43963623046875,196.79676818847656,250.5346221923828,249.24710083007812,247.1385498046875,0.44539615511894226,0.3794226050376892,0.33681371808052063,61.58160400390625,73.77479553222656,66.28385162353516,11.594843864440918,15.803991317749023,16.27448272705078,36.140724182128906,53.12900161743164,56.2515754699707,0.18828421831130981,0.21421939134597778,0.24552711844444275,5.709062099456787,5.322261333465576,4.464004039764404,nan
12.040,1,138.26254272460938,194.43963623046875,196.79676818847656,250.5346221923828,249.24710083007812,247.1385498046875,0.44539615511894226,0.3794226050376892,0.33681371808052063,61.58160400390625,73.77479553222656,66.28385162353516,11.594843864440918,15.803991317749023,16.27448272705078,36.140724182128906,53.12900161743164,56.2515754699707,0.18828421831130981,0.21421939134597778,0.24552711844444275,5.709062099456787,5.322261333465576,4.464004039764404,nan
12.060,1,138.26254272460938,194.43963623046875,196.79676818847656,250.5346221923828,249.24710083007812,247.1385498046875,0.44539615511894226,0.3794226050376892,0.33681371808052063,61.58160400390625,73.77479553222656,66.28385162353516,11.594843864440918,15.803991317749023,16.27448272705078,36.140724182128906,53.12900161743164,56.2515754699707,0.18828421831130981,0.21421939134597778,0.24552711844444275,5.709062099456787,5.322261333465576,4.464004039764404,nan
12.080,1,138.26254272460938,194.43963623046875,196.79676818847656,250.5346221923828,249.24710083007812,247.1385498046875,0.44539615511894226,0.3794226050376892,0.33681371808052063,61.58160400390625,73.77479553222656,66.28385162353516,11.594843864440918,15.803991317749023,16.27448272705078,36.140724182128906,53.12900161743164,56.2515754699707,0.18828421831130981,0.21421939134597778,0.24552711844444275,5.709062099456787,5.322261333465576,4.464004039764404,nan
12.100,1,138.26254272460938,194.43963623046875,196.79676818847656,250.5346221923828,249.24710083007812,247.1385498046875,0.44539615511894226,0.3794226050376892,0.33681371808052063,61.58160400390625,73.77479553222656,66.28385162353516,11.594843864440918,15.803991317749023,16.27448272705078,36.140724182128906,53.12900161743164,56.2515754699707,0.18828421831130981,0.21421939134597778,0.24552711844444275,5.709062099456787,5.322261333465576,4.464004039764404,nan
12.120,1,138.26254272460938,194.43963623046875,196.79676818847656,250.5346221923828,249.24710083007812,247.1385498046875,0.44539615511894226,0.3794226050376892,0.33681371808052063,61.58160400390625,73.77479553222656,66.28385162353516,11.594843864440918,15.803991317749023,16.27448272705078,36.140724182128906,53.12900161743164,56.2515754699707,0.18828421831130981,0.21421939134597778,0.24552711844444275,5.709062099456787,5.322261333465576,4.464004039764404,nan
12.140,1,138.32388305664062,194.52577209472656,196.8833770751953,250.62986755371094,249.21177673339844,247.15216064453125,0.4445623457431793,0.3805764317512512,0.33562254905700684,61.49359130859375,74.03192138671875,66.07849884033203,10.961156845092773,16.029232025146484,16.640907287597656,36.302738189697266,52.680023193359375,55.70002365112305,0.17824876308441162,0.2165178507566452,0.251835435628891,5.791543483734131,5.257014751434326,4.5183305740356445,nan
12.160,0,138.32388305664062,194.52577209472656,196.8833770751953,250.62986755371094,249.21177673339844,247.15216064453125,0.4445623457431793,0.3805764317512512,0.33562254905700684,61.49359130859375,74.03192138671875,66.07849884033203,10.961156845092773,16.029232025146484,16.640907287597656,36.302738189697266,52.680023193359375,55.70002365112305,0.17824876308441162,0.2165178507566452,0.251835435628891,5.791543483734131,5.257014751434326,4.5183305740356445,nan
12.180,0,138.32388305664062,194.52577209472656,196.8833770751953,250.62986755371094,249.21177673339844,247.15216064453125,0.4445623457431793,0.3805764317512512,0.33562254905700684,61.49359130859375,74.03192138671875,66.07849884033203,10.961156845092773,16.029232025146484,16.640907287597656,36.302738189697266,52.680023193359375,55.70002365112305,0.17824876308441162,0.2165178507566452,0.251835435628891,5.791543483734131,5.257014751434326,4.5183305740356445,nan
12.200,0,138.32388305664062,194.52577209472656,196.8833770751953,250.62986755371094,249.21177673339844,247.15216064453125,0.4445623457431793,0.3805764317512512,0.33562254905700684,61.49359130859375,74.03192138671875,66.07849884033203,10.961156845092773,16.029232025146484,16.640907287597656,36.302738189697266,52.680023193359375,55.70002365112305,0.17824876308441162,0.2165178507566452,0.251835435628891,5.791543483734131,5.257014751434326,4.5183305740356445,nan
12.220,0,138.32388305664062,194.52577209472656,196.8833770751953,250.62986755371094,249.21177673339844,247.15216064453125,0.4445623457431793,0.3805764317512512,0.33562254905700684,61.49359130859375,74.03192138671875,66.07849884033203,10.961156845092773,16.029232025146484,16.640907287597656,36.302738189697266,52.680023193359375,55.70002365112305,0.17824876308441162,0.2165178507566452,0.251835435628891,5.791543483734131,5.257014751434326,4.5183305740356445,nan
12.240,0,138.32388305664062,194.52577209472656,196.8833770751953,250.62986755371094,249.21177673339844,247.15216064453125,0.4445623457431793,0.3805764317512512,0.33562254905700684,61.49359130859375,74.03192138671875,66.07849884033203,10.961156845092773,16.029232025146484,16.640907287597656,36.302738189697266,52.680023193359375,55.70002365112305,0.17824876308441162,0.2165178507566452,0.251835435628891,5.791543483734131,5.257014751434326,4.5183305740356445,nan
12.260,0,138.32388305664062,194.52577209472656,196.8833770751953,250.62986755371094,249.21177673339844,247.15216064453125,0.4445623457431793,0.3805764317512512,0.33562254905700684,61.49359130859375,74.03192138671875,66.07849884033203,10.961156845092773,16.029232025146484,16.640907287597656,36.302738189697266,52.680023193359375,55.70002365112305,0.17824876308441162,0.2165178507566452,0.251835435628891,5.791543483734131,5.257014751434326,4.5183305740356445,nan
12.280,0,138.32388305664062,194.52577209472656,196.8833770751953,250.62986755371094,249.21177673339844,247.15216064453125,0.4445623457431793,0.3805764317512512,0.33562254905700684,61.49359130859375,74.03192138671875,66.07849884033203,10.961156845092773,16.029232025146484,16.640907287597656,36.302738189697266,52.680023193359375,55.70002365112305,0.17824876308441162,0.2165178507566452,0.251835435628891,5.791543483734131,5.257014751434326,4.5183305740356445,nan
12.300,0,138.32388305664062,194.52577209472656,196.8833770751953,250.62986755371094,249.21177673339844,247.15216064453125,0.4445623457431793,0.3805764317512512,0.33562254905700684,61.49359130859375,74.03192138671875,66.07849884033203,10.961156845092773,16.029232025146484,16.640907287597656,36.302738189697266,52.680023193359375,55.70002365112305,0.17824876308441162,0.2165178507566452,0.251835435628891,5.791543483734131,5.257014751434326,4.5183305740356445,nan
12.320,0,138.32388305664062,194.52577209472656,196.8833770751953,250.62986755371094,249.21177673339844,247.15216064453125,0.4445623457431793,0.3805764317512512,0.33562254905700684,61.49359130859375,74.03192138671875,66.07849884033203,10.961156845092773,16.029232025146484,16.640907287597656,36.302738189697266,52.680023193359375,55.70002365112305,0.17824876308441162,0.2165178507566452,0.251835435628891,5.791543483734131,5.257014751434326,4.5183305740356445,nan
12.340,0,138.27931213378906,194.4781951904297,196.7834930419922,250.51467895507812,249.24221801757812,247.04742431640625,0.4435651898384094,0.37928506731987,0.3325659930706024,61.33588790893555,73.7626724243164,65.44349670410156,11.48371696472168,15.662477493286133,16.61064338684082,36.053279876708984,52.82320785522461,55.24605941772461,0.18722671270370483,0.21233609318733215,0.2538165748119354,5.698315620422363,5.289910316467285,4.493195533752441,nan
12.360,0,138.27931213378906,194.4781951904297,196.7834930419922,250.51467895507812,249.24221801757812,247.04742431640625,0.4435651898384094,0.37928506731987,0.3325659930706024,61.33588790893555,73.7626724243164,65.44349670410156,11.48371696472168,15.662477493286133,16.61064338684082,36.053279876708984,52.82320785522461,55.24605941772461,0.18722671270370483,0.21233609318733215,0.2538165748119354,5.698315620422363,5.289910316467285,4.493195533752441,nan
12.380,0,138.27931213378906,194.4781951904297,196.7834930419922,250.51467895507812,249.24221801757812,247.04742431640625,0.4435651898384094,0.37928506731987,0.3325659930706024,61.33588790893555,73.7626724243164,65.44349670410156,11.48371696472168,15.662477493286133,16.61064338684082,36.053279876708984,52.82320785522461,55.24605941772461,0.18722671270370483,0.21233609318733215,0.2538165748119354,5.698315620422363,5.289910316467285,4.493195533752441,nan
12.400,0,138.27931213378906,194.4781951904297,196.7834930419922,250.51467895507812,249.24221801757812,247.04742431640625,0.4435651898384094,0.37928506731987,0.3325659930706024,61.33588790893555,73.7626724243164,65.44349670410156,11.48371696472168,15.662477493286133,16.61064338684082,36.053279876708984,52.82320785522461,55.24605941772461,0.18722671270370483,0.21233609318733215,0.2538165748119354,5.698315620422363,5.289910316467285,4.493195533752441,nan
12.420,0,138.27931213378906,194.4781951904297,196.7834930419922,250.51467895507812,249.24221801757812,247.04742431640625,0.4435651898384094,0.37928506731987,0.3325659930706024,61.33588790893555,73.7626724243164,65.44349670410156,11.48371696472168,15.662477493286133,16.61064338684082,36.053279876708984,52.82320785522461,55.24605941772461,0.18722671270370483,0.21233609318733215,0.2538165748119354,5.698315620422363,5.289910316467285,4.493195533752441,nan
12.440,0,138.27931213378906,194.4781951904297,196.7834930419922,250.51467895507812,249.24221801757812,247.04742431640625,0.4435651898384094,0.37928506731987,0.3325659930706024,61.33588790893555,73.7626724243164,65.44349670410156,11.48371696472168,15.662477493286133,16.61064338684082,36.053279876708984,52.82320785522461,55.24605941772461,0.18722671270370483,0.21233609318733215,0.2538165748119354,5.698315620422363,5.289910316467285,4.493195533752441,nan
12.460,0,138.27931213378906,194.4781951904297,196.7834930419922,250.51467895507812,249.24221801757812,247.04742431640625,0.4435651898384094,0.37928506731987,0.3325659930706024,61.33588790893555,73.7626724243164,65.44349670410156,11.48371696472168,15.662477493286133,16.61064338684082,36.053279876708984,52.82320785522461,55.24605941772461,0.18722671270370483,0.21233609318733215,0.2538165748119354,5.698315620422363,5.289910316467285,4.493195533752441,nan
12.480,0,138.27931213378906,194.4781951904297,196.7834930419922,250.51467895507812,249.24221801757812,247.04742431640625,0.4435651898384094,0.37928506731987,0.3325659930706024,61.33588790893555,73.7626724243164,65.44349670410156,11.48371696472168,15.662477493286133,16.61064338684082,36.053279876708984,52.82320785522461,55.24605941772461,0.18722671270370483,0.21233609318733215,0.2538165748119354,5.698315620422363,5.289910316467285,4.493195533752441,nan
12.500,0,138.27931213378906,194.4781951904297,196.7834930419922,250.51467895507812,249.24221801757812,247.04742431640625,0.4435651898384094,0.37928506731987,0.3325659930706024,61.33588790893555,73.7626724243164,65.44349670410156,11.48371696472168,15.662477493286133,16.61064338684082,36.053279876708984,52.82320785522461,55.24605941772461,0.18722671270370483,0.21233609318733215,0.2538165748119354,5.698315620422363,5.289910316467285,4.493195533752441,nan
12.520,0,138.27931213378906,194.4781951904297,196.7834930419922,250.51467895507812,249.24221801757812,247.04742431640625,0.4435651898384094,0.37928506731987,0.3325659930706024,61.33588790893555,73.7626724243164,65.44349670410156,11.48371696472168,15.662477493286133,16.61064338684082,36.053279876708984,52.82320785522461,55.24605941772461,0.18722671270370483,0.21233609318733215,0.2538165748119354,5.698315620422363,5.289910316467285,4.493195533752441,nan
12.540,0,138.23731994628906,194.43235778808594,196.77423095703125,250.50465393066406,249.12083435058594,247.01626586914062,0.43969711661338806,0.3772316575050354,0.3314844071865082,60.78255081176758,73.34603881835938,65.22759246826172,11.616494178771973,15.666598320007324,16.3714656829834,35.62567901611328,52.593910217285156,55.19700622558594,0.191115602850914,0.21359843015670776,0.2509898841381073,5.700630187988281,5.15756368637085,4.4288859367370605,nan
12.560,0,138.23731994628906,194.43235778808594,196.77423095703125,250.50465393066406,249.12083435058594,247.01626586914062,0.43969711661338806,0.3772316575050354,0.3314844071865082,60.78255081176758,73.34603881835938,65.22759246826172,11.616494178771973,15.666598320007324,16.3714656829834,35.62567901611328,52.593910217285156,55.19700622558594,0.191115602850914,0.21359843015670776,0.2509898841381073,5.700630187988281,5.15756368637085,4.4288859367370605,nan
12.580,0,138.23731994628906,194.43235778808594,196.77423095703125,250.50465393066406,249.12083435058594,247.01626586914062,0.43969711661338806,0.3772316575050354,0.3314844071865082,60.78255081176758,73.34603881835938,65.22759246826172,11.616494178771973,15.666598320007324,16.3714656829834,35.62567901611328,52.593910217285156,55.19700622558594,0.191115602850914,0.21359843015670776,0.2509898841381073,5.700630187988281,5.15756368637085,4.4288859367370605,nan
12.600,0,138.23731994628906,194.43235778808594,196.77423095703125,250.50465393066406,249.12083435058594,247.01626586914062,0.43969711661338806,0.3772316575050354,0.3314844071865082,60.78255081176758,73.34603881835938,65.22759246826172,11.616494178771973,15.666598320007324,16.3714656829834,35.62567901611328,52.593910217285156,55.19700622558594,0.191115602850914,0.21359843015670776,0.2509898841381073,5.700630187988281,5.15756368637085,4.4288859367370605,nan
12.620,0,138.23731994628906,194.43235778808594,196.77423095703125,250.50465393066406,249.12083435058594,247.01626586914062,0.43969711661338806,0.3772316575050354,0.3314844071865082,60.78255081176758,73.34603881835938,65.22759246826172,11.616494178771973,15.666598320007324,16.3714656829834,35.62567901611328,52.593910217285156,55.19700622558594,0.191115602850914,0.21359843015670776,0.2509898841381073,5.700630187988281,5.15756368637085,4.4288859367370605,nan
12.640,0,138.23731994628906,194.43235778808594,196.77423095703125,250.50465393066406,249.12083435058594,247.01626586914062,0.43969711661338806,0.3772316575050354,0.3314844071865082,60.78255081176758,73.34603881835938,65.22759246826172,11.616494178771973,15.666598320007324,16.3714656829834,35.62567901611328,52.593910217285156,55.19700622558594,0.191115602850914,0.21359843015670776,0.2509898841381073,5.700630187988281,5.15756368637085,4.4288859367370605,nan
12.660,0,138.23731994628906,194.43235778808594,196.77423095703125,250.50465393066406,249.12083435058594,247.01626586914062,0.43969711661338806,0.3772316575050354,0.3314844071865082,60.78255081176758,73.34603881835938,65.22759246826172,11.616494178771973,15.666598320007324,16.3714656829834,35.62567901611328,52.593910217285156,55.19700622558594,0.191115602850914,0.21359843015670776,0.2509898841381073,5.700630187988281,5.15756368637085,4.4288859367370605,nan
12.680,0,138.23731994628906,194.43235778808594,196.77423095703125,250.50465393066406,249.12083435058594,247.01626586914062,0.43969711661338806,0.3772316575050354,0.3314844071865082,60.78255081176758,73.34603881835938,65.22759246826172,11.616494178771973,15.666598320007324,16.3714656829834,35.62567901611328,52.593910217285156,55.19700622558594,0.191115602850914,0.21359843015670776,0.2509898841381073,5.700630187988281,5.15756368637085,4.4288859367370605,nan
12.700,0,138.23731994628906,194.43235778808594,196.77423095703125,250.50465393066406,249.12083435058594,247.01626586914062,0.43969711661338806,0.3772316575050354,0.3314844071865082,60.78255081176758,73.34603881835938,65.22759246826172,11.616494178771973,15.666598320007324,16.3714656829834,35.62567901611328,52.593910217285156,55.19700622558594,0.191115602850914,0.21359843015670776,0.2509898841381073,5.700630187988281,5.15756368637085,4.4288859367370605,nan
12.720,0,138.23731994628906,194.43235778808594,196.77423095703125,250.50465393066406,249.12083435058594,247.01626586914062,0.43969711661338806,0.3772316575050354,0.3314844071865082,60.78255081176758,73.34603881835938,65.22759246826172,11.616494178771973,15.666598320007324,16.3714656829834,35.62567901611328,52.593910217285156,55.19700622558594,0.191115602850914,0.21359843015670776,0.2509898841381073,5.700630187988281,5.15756368637085,4.4288859367370605,nan
12.740,0,138.18402099609375,194.3477325439453,196.76873779296875,250.3319854736328,249.16261291503906,247.04112243652344,0.44451284408569336,0.38025906682014465,0.3312973976135254,61.4245719909668,73.9024887084961,65.18897247314453,12.356311798095703,15.190743446350098,16.27093505859375,35.59732437133789,52.91811752319336,55.01683807373047,0.20116235315799713,0.2055511772632599,0.24959643185138702,5.613364219665527,5.239715576171875,4.403872966766357,nan
12.760,0,138.18402099609375,194.3477325439453,196.76873779296875,250.3319854736328,249.16261291503906,247.04112243652344,0.44451284408569336,0.38025906682014465,0.3312973976135254,61.4245719909668,73.9024887084961,65.18897247314453,12.356311798095703,15.190743446350098,16.27093505859375,35.59732437133789,52.91811752319336,55.01683807373047,0.20116235315799713,0.2055511772632599,0.24959643185138702,5.613364219665527,5.239715576171875,4.403872966766357,nan
12.780,0,138.18402099609375,194.3477325439453,196.76873779296875,250.3319854736328,249.16261291503906,247.04112243652344,0.44451284408569336,0.38025906682014465,0.3312973976135254,61.4245719909668,73.9024887084961,65.18897247314453,12.356311798095703,15.190743446350098,16.27093505859375,35.59732437133789,52.91811752319336,55.01683807373047,0.20116235315799713,0.2055511772632599,0.24959643185138702,5.613364219665527,5.239715576171875,4.403872966766357,nan
12.800,0,138.18402099609375,194.3477325439453,196.76873779296875,250.3319854736328,249.16261291503906,247.04112243652344,0.44451284408569336,0.38025906682014465,0.3312973976135254,61.4245719909668,73.9024887084961,65.18897247314453,12.356311798095703,15.190743446350098,16.27093505859375,35.59732437133789,52.91811752319336,55.01683807373047,0.20116235315799713,0.2055511772632599,0.24959643185138702,5.613364219665527,5.239715576171875,4.403872966766357,nan
12.820,0,138.18402099609375,194.3477325439453,196.76873779296875,250.3319854736328,249.16261291503906,247.04112243652344,0.44451284408569336,0.38025906682014465,0.3312973976135254,61.4245719909668,73.9024887084961,65.18897247314453,12.356311798095703,15.190743446350098,16.27093505859375,35.59732437133789,52.91811752319336,55.01683807373047,0.20116235315799713,0.2055511772632599,0.24959643185138702,5.613364219665527,5.239715576171875,4.403872966766357,nan
12.840,0,138.18402099609375,194.3477325439453,196.76873779296875,250.3319854736328,249.16261291503906,247.04112243652344,0.44451284408569336,0.38025906682014465,0.3312973976135254,61.4245719909668,73.9024887084961,65.18897247314453,12.356311798095703,15.190743446350098,16.27093505859375,35.59732437133789,52.91811752319336,55.01683807373047,0.20116235315799713,0.2055511772632599,0.24959643185138702,5.613364219665527,5.239715576171875,4.403872966766357,nan
12.860,0,138.18402099609375,194.3477325439453,196.76873779296875,250.3319854736328,249.16261291503906,247.04112243652344,0.44451284408569336,0.38025906682014465,0.3312973976135254,61.4245719909668,73.9024887084961,65.18897247314453,12.356311798095703,15.190743446350098,16.27093505859375,35.59732437133789,52.91811752319336,55.01683807373047,0.20116235315799713,0.2055511772632599,0.24959643185138702,5.613364219665527,5.239715576171875,4.403872966766357,nan
12.880,0,138.18402099609375,194.3477325439453,196.76873779296875,250.3319854736328,249.16261291503906,247.04112243652344,0.44451284408569336,0.38025906682014465,0.3312973976135254,61.4245719909668,73.9024887084961,65.18897247314453,12.356311798095703,15.190743446350098,16.27093505859375,35.59732437133789,52.91811752319336,55.01683807373047,0.20116235315799713,0.2055511772632599,0.24959643185138702,5.613364219665527,5.239715576171875,4.403872966766357,nan
12.900,0,138.18402099609375,194.3477325439453,196.76873779296875,250.3319854736328,249.16261291503906,247.04112243652344,0.44451284408569336,0.38025906682014465,0.3312973976135254,61.4245719909668,73.9024887084961,65.18897247314453,12.356311798095703,15.190743446350098,16.27093505859375,35.59732437133789,52.91811752319336,55.01683807373047,0.20116235315799713,0.2055511772632599,0.24959643185138702,5.613364219665527,5.239715576171875,4.403872966766357,nan
12.920,0,138.18402099609375,194.3477325439453,196.76873779296875,250.3319854736328,249.16261291503906,247.04112243652344,0.44451284408569336,0.38025906682014465,0.3312973976135254,61.4245719909668,73.9024887084961,65.18897247314453,12.356311798095703,15.190743446350098,16.27093505859375,35.59732437133789,52.91811752319336,55.01683807373047,0.20116235315799713,0.2055511772632599,0.24959643185138702,5.613364219665527,5.239715576171875,4.403872966766357,nan
12.940,0,138.36192321777344,194.45713806152344,196.79615783691406,250.57717895507812,248.892578125,247.301025390625,0.4130290746688843,0.33463791012763977,0.3437149226665497,57.14749526977539,65.0727310180664,67.64177703857422,9.34253978729248,17.354965209960938,17.108205795288086,34.44171142578125,46.53063201904297,57.055660247802734,0.16348117589950562,0.2667010426521301,0.2529236674308777,5.594601631164551,5.16394567489624,4.363321781158447,nan
12.960,0,138.36192321777344,194.45713806152344,196.79615783691406,250.57717895507812,248.892578125,247.301025390625,0.4130290746688843,0.33463791012763977,0.3437149226665497,57.14749526977539,65.0727310180664,67.64177703857422,9.34253978729248,17.354965209960938,17.108205795288086,34.44171142578125,46.53063201904297,57.055660247802734,0.16348117589950562,0.2667010426521301,0.2529236674308777,5.594601631164551,5.16394567489624,4.363321781158447,nan
12.980,0,138.36192321777344,194.45713806152344,196.79615783691406,250.57717895507812,248.892578125,247.301025390625,0.4130290746688843,0.33463791012763977,0.3437149226665497,57.14749526977539,65.0727310180664,67.64177703857422,9.34253978729248,17.354965209960938,17.108205795288086,34.44171142578125,46.53063201904297,57.055660247802734,0.16348117589950562,0.2667010426521301,0.2529236674308777,5.594601631164551,5.16394567489624,4.363321781158447,nan
13.000,0,138.36192321777344,194.45713806152344,196.79615783691406,250.57717895507812,248.892578125,247.301025390625,0.4130290746688843,0.33463791012763977,0.3437149226665497,57.14749526977539,65.0727310180664,67.64177703857422,9.34253978729248,17.354965209960938,17.108205795288086,34.44171142578125,46.53063201904297,57.055660247802734,0.16348117589950562,0.2667010426521301,0.2529236674308777,5.594601631164551,5.16394567489624,4.363321781158447,nan
13.020,0,138.36192321777344,194.45713806152344,196.79615783691406,250.57717895507812,248.892578125,247.301025390625,0.4130290746688843,0.33463791012763977,0.3437149226665497,57.14749526977539,65.0727310180664,67.64177703857422,9.34253978729248,17.354965209960938,17.108205795288086,34.44171142578125,46.53063201904297,57.055660247802734,0.16348117589950562,0.2667010426521301,0.2529236674308777,5.594601631164551,5.16394567489624,4.363321781158447,nan
13.040,0,138.36192321777344,194.45713806152344,196.79615783691406,250.57717895507812,248.892578125,247.301025390625,0.4130290746688843,0.33463791012763977,0.3437149226665497,57.14749526977539,65.0727310180664,67.64177703857422,9.34253978729248,17.354965209960938,17.108205795288086,34.44171142578125,46.53063201904297,57.055660247802734,0.16348117589950562,0.2667010426521301,0.2529236674308777,5.594601631164551,5.16394567489624,4.363321781158447,nan
13.060,0,138.36192321777344,194.45713806152344,196.79615783691406,250.57717895507812,248.892578125,247.301025390625,0.4130290746688843,0.33463791012763977,0.3437149226665497,57.14749526977539,65.0727310180664,67.64177703857422,9.34253978729248,17.354965209960938,17.108205795288086,34.44171142578125,46.53063201904297,57.055660247802734,0.16348117589950562,0.2667010426521301,0.2529236674308777,5.594601631164551,5.16394567489624,4.363321781158447,nan
13.080,0,138.36192321777344,194.45713806152344,196.79615783691406,250.57717895507812,248.892578125,247.301025390625,0.4130290746688843,0.33463791012763977,0.3437149226665497,57.14749526977539,65.0727310180664,67.64177703857422,9.34253978729248,17.354965209960938,17.108205795288086,34.44171142578125,46.53063201904297,57.055660247802734,0.16348117589950562,0.2667010426521301,0.2529236674308777,5.594601631164551,5.16394567489624,4.363321781158447,nan
13.100,0,138.36192321777344,194.45713806152344,196.79615783691406,250.57717895507812,248.892578125,247.301025390625,0.4130290746688843,0.33463791012763977,0.3437149226665497,57.14749526977539,65.0727310180664,67.64177703857422,9.34253978729248,17.354965209960938,17.108205795288086,34.44171142578125,46.53063201904297,57.055660247802734,0.16348117589950562,0.2667010426521301,0.2529236674308777,5.594601631164551,5.16394567489624,4.363321781158447,nan
13.120,0,138.36192321777344,194.45713806152344,196.79615783691406,250.57717895507812,248.892578125,247.301025390625,0.4130290746688843,0.33463791012763977,0.3437149226665497,57.14749526977539,65.0727310180664,67.64177703857422,9.34253978729248,17.354965209960938,17.108205795288086,34.44171142578125,46.53063201904297,57.055660247802734,0.16348117589950562,0.2667010426521301,0.2529236674308777,5.594601631164551,5.16394567489624,4.363321781158447,nan
13.140,0,138.42803955078125,194.48680114746094,196.78504943847656,250.5995330810547,249.07313537597656,247.15350341796875,0.43501174449920654,0.36289241909980774,0.3469299077987671,60.21782302856445,70.57778930664062,68.27062225341797,9.486710548400879,16.777437210083008,17.256683349609375,35.33700180053711,50.77473831176758,58.46371841430664,0.15753991901874542,0.23771554231643677,0.2527688145637512,5.667914390563965,5.253394603729248,4.525210857391357,nan
13.160,0,138.42803955078125,194.48680114746094,196.78504943847656,250.5995330810547,249.07313537597656,247.15350341796875,0.43501174449920654,0.36289241909980774,0.3469299077987671,60.21782302856445,70.57778930664062,68.27062225341797,9.486710548400879,16.777437210083008,17.256683349609375,35.33700180053711,50.77473831176758,58.46371841430664,0.15753991901874542,0.23771554231643677,0.2527688145637512,5.667914390563965,5.253394603729248,4.525210857391357,nan
13.180,0,138.42803955078125,194.48680114746094,196.78504943847656,250.5995330810547,249.07313537597656,247.15350341796875,0.43501174449920654,0.36289241909980774,0.3469299077987671,60.21782302856445,70.57778930664062,68.27062225341797,9.486710548400879,16.777437210083008,17.256683349609375,35.33700180053711,50.77473831176758,58.46371841430664,0.15753991901874542,0.23771554231643677,0.2527688145637512,5.667914390563965,5.253394603729248,4.525210857391357,nan
13.200,0,138.42803955078125,194.48680114746094,196.78504943847656,250.5995330810547,249.07313537597656,247.15350341796875,0.43501174449920654,0.36289241909980774,0.3469299077987671,60.21782302856445,70.57778930664062,68.27062225341797,9.486710548400879,16.777437210083008,17.256683349609375,35.33700180053711,50.77473831176758,58.46371841430664,0.15753991901874542,0.23771554231643677,0.2527688145637512,5.667914390563965,5.253394603729248,4.525210857391357,nan
13.220,0,138.42803955078125,194.48680114746094,196.78504943847656,250.5995330810547,249.07313537597656,247.15350341796875,0.43501174449920654,0.36289241909980774,0.3469299077987671,60.21782302856445,70.57778930664062,68.27062225341797,9.486710548400879,16.777437210083008,17.256683349609375,35.33700180053711,50.77473831176758,58.46371841430664,0.15753991901874542,0.23771554231643677,0.2527688145637512,5.667914390563965,5.253394603729248,4.525210857391357,nan
13.240,0,138.42803955078125,194.48680114746094,196.78504943847656,250.5995330810547,249.07313537597656,247.15350341796875,0.43501174449920654,0.36289241909980774,0.3469299077987671,60.21782302856445,70.57778930664062,68.27062225341797,9.486710548400879,16.777437210083008,17.256683349609375,35.33700180053711,50.77473831176758,58.46371841430664,0.15753991901874542,0.23771554231643677,0.2527688145637512,5.667914390563965,5.253394603729248,4.525210857391357,nan
13.260,0,138.42803955078125,194.48680114746094,196.78504943847656,250.5995330810547,249.07313537597656,247.15350341796875,0.43501174449920654,0.36289241909980774,0.3469299077987671,60.21782302856445,70.57778930664062,68.27062225341797,9.486710548400879,16.777437210083008,17.256683349609375,35.33700180053711,50.77473831176758,58.46371841430664,0.15753991901874542,0.23771554231643677,0.2527688145637512,5.667914390563965,5.253394603729248,4.525210857391357,nan
13.280,0,138.42803955078125,194.48680114746094,196.78504943847656,250.5995330810547,249.07313537597656,247.15350341796875,0.43501174449920654,0.36289241909980774,0.3469299077987671,60.21782302856445,70.57778930664062,68.27062225341797,9.486710548400879,16.777437210083008,17.256683349609375,35.33700180053711,50.77473831176758,58.46371841430664,0.15753991901874542,0.23771554231643677,0.2527688145637512,5.667914390563965,5.253394603729248,4.525210857391357,nan
13.300,0,138.42803955078125,194.48680114746094,196.78504943847656,250.5995330810547,249.07313537597656,247.15350341796875,0.43501174449920654,0.36289241909980774,0.3469299077987671,60.21782302856445,70.57778930664062,68.27062225341797,9.486710548400879,16.777437210083008,17.256683349609375,35.33700180053711,50.77473831176758,58.46371841430664,0.15753991901874542,0.23771554231643677,0.2527688145637512,5.667914390563965,5.253394603729248,4.525210857391357,nan
13.320,0,138.42803955078125,194.48680114746094,196.78504943847656,250.5995330810547,249.07313537597656,247.15350341796875,0.43501174449920654,0.36289241909980774,0.3469299077987671,60.21782302856445,70.57778930664062,68.27062225341797,9.486710548400879,16.777437210083008,17.256683349609375,35.33700180053711,50.77473831176758,58.46371841430664,0.15753991901874542,0.23771554231643677,0.2527688145637512,5.667914390563965,5.253394603729248,4.525210857391357,nan
13.340,0,138.2851104736328,194.49148559570312,196.80972290039062,250.5517578125,249.13082885742188,247.08970642089844,0.44269677996635437,0.3734152615070343,0.3421210050582886,61.2183723449707,72.62609100341797,67.3327407836914,10.784361839294434,16.5297794342041,16.637388229370117,35.760677337646484,52.44890594482422,57.40826416015625,0.17616218328475952,0.22760111093521118,0.2470920979976654,5.730313777923584,5.220871925354004,4.380768775939941,nan
13.360,0,138.2851104736328,194.49148559570312,196.80972290039062,250.5517578125,249.13082885742188,247.08970642089844,0.44269677996635437,0.3734152615070343,0.3421210050582886,61.2183723449707,72.62609100341797,67.3327407836914,10.784361839294434,16.5297794342041,16.637388229370117,35.760677337646484,52.44890594482422,57.40826416015625,0.17616218328475952,0.22760111093521118,0.2470920979976654,5.730313777923584,5.220871925354004,4.380768775939941,nan
13.380,0,138.2851104736328,194.49148559570312,196.80972290039062,250.5517578125,249.13082885742188,247.08970642089844,0.44269677996635437,0.3734152615070343,0.3421210050582886,61.2183723449707,72.62609100341797,67.3327407836914,10.784361839294434,16.5297794342041,16.637388229370117,35.760677337646484,52.44890594482422,57.40826416015625,0.17616218328475952,0.22760111093521118,0.2470920979976654,5.730313777923584,5.220871925354004,4.380768775939941,nan
13.400,0,138.2851104736328,194.49148559570312,196.80972290039062,250.5517578125,249.13082885742188,247.08970642089844,0.44269677996635437,0.3734152615070343,0.3421210050582886,61.2183723449707,72.62609100341797,67.3327407836914,10.784361839294434,16.5297794342041,16.637388229370117,35.760677337646484,52.44890594482422,57.40826416015625,0.17616218328475952,0.22760111093521118,0.2470920979976654,5.730313777923584,5.220871925354004,4.380768775939941,nan
13.420,0,138.2851104736328,194.49148559570312,196.80972290039062,250.5517578125,249.13082885742188,247.08970642089844,0.44269677996635437,0.3734152615070343,0.3421210050582886,61.2183723449707,72.62609100341797,67.3327407836914,10.784361839294434,16.5297794342041,16.637388229370117,35.760677337646484,52.44890594482422,57.40826416015625,0.17616218328475952,0.22760111093521118,0.2470920979976654,5.730313777923584,5.220871925354004,4.380768775939941,nan
13.440,0,138.2851104736328,194.49148559570312,196.80972290039062,250.5517578125,249.13082885742188,247.08970642089844,0.44269677996635437,0.3734152615070343,0.3421210050582886,61.2183723449707,72.62609100341797,67.3327407836914,10.784361839294434,16.5297794342041,16.637388229370117,35.760677337646484,52.44890594482422,57.40826416015625,0.17616218328475952,0.22760111093521118,0.2470920979976654,5.730313777923584,5.220871925354004,4.380768775939941,nan
13.460,0,138.2851104736328,194.49148559570312,196.80972290039062,250.5517578125,249.13082885742188,247.08970642089844,0.44269677996635437,0.3734152615070343,0.3421210050582886,61.2183723449707,72.62609100341797,67.3327407836914,10.784361839294434,16.5297794342041,16.637388229370117,35.760677337646484,52.44890594482422,57.40826416015625,0.17616218328475952,0.22760111093521118,0.2470920979976654,5.730313777923584,5.220871925354004,4.380768775939941,nan
13.480,0,138.2851104736328,194.49148559570312,196.80972290039062,250.5517578125,249.13082885742188,247.08970642089844,0.44269677996635437,0.3734152615070343,0.3421210050582886,61.2183723449707,72.62609100341797,67.3327407836914,10.784361839294434,16.5297794342041,16.637388229370117,35.760677337646484,52.44890594482422,57.40826416015625,0.17616218328475952,0.22760111093521118,0.2470920979976654,5.730313777923584,5.220871925354004,4.380768775939941,nan
13.500,0,138.2851104736328,194.49148559570312,196.80972290039062,250.5517578125,249.13082885742188,247.08970642089844,0.44269677996635437,0.3734152615070343,0.3421210050582886,61.2183723449707,72.62609100341797,67.3327407836914,10.784361839294434,16.5297794342041,16.637388229370117,35.760677337646484,52.44890594482422,57.40826416015625,0.17616218328475952,0.22760111093521118,0.2470920979976654,5.730313777923584,5.220871925354004,4.380768775939941,nan
13.520,0,138.2851104736328,194.49148559570312,196.80972290039062,250.5517578125,249.13082885742188,247.08970642089844,0.44269677996635437,0.3734152615070343,0.3421210050582886,61.2183723449707,72.62609100341797,67.3327407836914,10.784361839294434,16.5297794342041,16.637388229370117,35.760677337646484,52.44890594482422,57.40826416015625,0.17616218328475952,0.22760111093521118,0.2470920979976654,5.730313777923584,5.220871925354004,4.380768775939941,nan
13.540,0,138.40208435058594,194.4267578125,196.8282012939453,250.48983764648438,249.1339569091797,247.1388397216797,0.43940261006355286,0.37287968397140503,0.33677393198013306,60.81423568725586,72.49778747558594,66.28660583496094,9.997709274291992,16.738300323486328,16.80128288269043,35.26939010620117,52.098575592041016,56.13032150268555,0.16439752280712128,0.23088015615940094,0.2534642219543457,5.6180500984191895,5.213232040405273,4.458396911621094,nan
13.560,0,138.40208435058594,194.4267578125,196.8282012939453,250.48983764648438,249.1339569091797,247.1388397216797,0.43940261006355286,0.37287968397140503,0.33677393198013306,60.81423568725586,72.49778747558594,66.28660583496094,9.997709274291992,16.738300323486328,16.80128288269043,35.26939010620117,52.098575592041016,56.13032150268555,0.16439752280712128,0.23088015615940094,0.2534642219543457,5.6180500984191895,5.213232040405273,4.458396911621094,nan
13.580,0,138.40208435058594,194.4267578125,196.8282012939453,250.48983764648438,249.1339569091797,247.1388397216797,0.43940261006355286,0.37287968397140503,0.33677393198013306,60.81423568725586,72.49778747558594,66.28660583496094,9.997709274291992,16.738300323486328,16.80128288269043,35.26939010620117,52.098575592041016,56.13032150268555,0.16439752280712128,0.23088015615940094,0.2534642219543457,5.6180500984191895,5.213232040405273,4.458396911621094,nan
13.600,0,138.40208435058594,194.4267578125,196.8282012939453,250.48983764648438,249.1339569091797,247.1388397216797,0.43940261006355286,0.37287968397140503,0.33677393198013306,60.81423568725586,72.49778747558594,66.28660583496094,9.997709274291992,16.738300323486328,16.80128288269043,35.26939010620117,52.098575592041016,56.13032150268555,0.16439752280712128,0.23088015615940094,0.2534642219543457,5.6180500984191895,5.213232040405273,4.458396911621094,nan
13.620,0,138.40208435058594,194.4267578125,196.8282012939453,250.48983764648438,249.1339569091797,247.1388397216797,0.43940261006355286,0.37287968397140503,0.33677393198013306,60.81423568725586,72.49778747558594,66.28660583496094,9.997709274291992,16.738300323486328,16.80128288269043,35.26939010620117,52.098575592041016,56.13032150268555,0.16439752280712128,0.23088015615940094,0.2534642219543457,5.6180500984191895,5.213232040405273,4.458396911621094,nan
13.640,0,138.40208435058594,194.4267578125,196.8282012939453,250.48983764648438,249.1339569091797,247.1388397216797,0.43940261006355286,0.37287968397140503,0.33677393198013306,60.81423568725586,72.49778747558594,66.28660583496094,9.997709274291992,16.738300323486328,16.80128288269043,35.26939010620117,52.098575592041016,56.13032150268555,0.16439752280712128,0.23088015615940094,0.2534642219543457,5.6180500984191895,5.213232040405273,4.458396911621094,nan
13.660,0,138.40208435058594,194.4267578125,196.8282012939453,250.48983764648438,249.1339569091797,247.1388397216797,0.43940261006355286,0.37287968397140503,0.33677393198013306,60.81423568725586,72.49778747558594,66.28660583496094,9.997709274291992,16.738300323486328,16.80128288269043,35.26939010620117,52.098575592041016,56.13032150268555,0.16439752280712128,0.23088015615940094,0.2534642219543457,5.6180500984191895,5.213232040405273,4.458396911621094,nan
13.680,0,138.40208435058594,194.4267578125,196.8282012939453,250.48983764648438,249.1339569091797,247.1388397216797,0.43940261006355286,0.37287968397140503,0.33677393198013306,60.81423568725586,72.49778747558594,66.28660583496094,9.997709274291992,16.738300323486328,16.80128288269043,35.26939010620117,52.098575592041016,56.13032150268555,0.16439752280712128,0.23088015615940094,0.2534642219543457,5.6180500984191895,5.213232040405273,4.458396911621094,nan
13.700,0,138.40208435058594,194.4267578125,196.8282012939453,250.48983764648438,249.1339569091797,247.1388397216797,0.43940261006355286,0.37287968397140503,0.33677393198013306,60.81423568725586,72.49778747558594,66.28660583496094,9.997709274291992,16.738300323486328,16.80128288269043,35.26939010620117,52.098575592041016,56.13032150268555,0.16439752280712128,0.23088015615940094,0.2534642219543457,5.6180500984191895,5.213232040405273,4.458396911621094,nan
13.720,0,138.40208435058594,194.4267578125,196.8282012939453,250.48983764648438,249.1339569091797,247.1388397216797,0.43940261006355286,0.37287968397140503,0.33677393198013306,60.81423568725586,72.49778747558594,66.28660583496094,9.997709274291992,16.738300323486328,16.80128288269043,35.26939010620117,52.098575592041016,56.13032150268555,0.16439752280712128,0.23088015615940094,0.2534642219543457,5.6180500984191895,5.213232040405273,4.458396911621094,nan
13.740,0,138.2748565673828,194.4422149658203,196.8290252685547,250.47203063964844,249.14288330078125,247.14382934570312,0.44053545594215393,0.37374433875083923,0.3361232876777649,60.91497802734375,72.67167663574219,66.15882110595703,10.942258834838867,15.862060546875,16.86495590209961,35.23781204223633,51.6971321105957,56.23200607299805,0.17963166534900665,0.2182701826095581,0.2549162209033966,5.5990519523620605,5.20920991897583,4.325992584228516,nan
13.760,0,138.2748565673828,194.4422149658203,196.8290252685547,250.47203063964844,249.14288330078125,247.14382934570312,0.44053545594215393,0.37374433875083923,0.3361232876777649,60.91497802734375,72.67167663574219,66.15882110595703,10.942258834838867,15.862060546875,16.86495590209961,35.23781204223633,51.6971321105957,56.23200607299805,0.17963166534900665,0.2182701826095581,0.2549162209033966,5.5990519523620605,5.20920991897583,4.325992584228516,nan
13.780,0,138.2748565673828,194.4422149658203,196.8290252685547,250.47203063964844,249.14288330078125,247.14382934570312,0.44053545594215393,0.37374433875083923,0.3361232876777649,60.91497802734375,72.67167663574219,66.15882110595703,10.942258834838867,15.862060546875,16.86495590209961,35.23781204223633,51.6971321105957,56.23200607299805,0.17963166534900665,0.2182701826095581,0.2549162209033966,5.5990519523620605,5.20920991897583,4.325992584228516,nan
13.800,0,138.2748565673828,194.4422149658203,196.8290252685547,250.47203063964844,249.14288330078125,247.14382934570312,0.44053545594215393,0.37374433875083923,0.3361232876777649,60.91497802734375,72.67167663574219,66.15882110595703,10.942258834838867,15.862060546875,16.86495590209961,35.23781204223633,51.6971321105957,56.23200607299805,0.17963166534900665,0.2182701826095581,0.2549162209033966,5.5990519523620605,5.20920991897583,4.325992584228516,nan
13.820,0,138.2748565673828,194.4422149658203,196.8290252685547,250.47203063964844,249.14288330078125,247.14382934570312,0.44053545594215393,0.37374433875083923,0.3361232876777649,60.91497802734375,72.67167663574219,66.15882110595703,10.942258834838867,15.862060546875,16.86495590209961,35.23781204223633,51.6971321105957,56.23200607299805,0.17963166534900665,0.2182701826095581,0.2549162209033966,5.5990519523620605,5.20920991897583,4.325992584228516,nan
13.840,0,138.2748565673828,194.4422149658203,196.8290252685547,250.47203063964844,249.14288330078125,247.14382934570312,0.44053545594215393,0.37374433875083923,0.3361232876777649,60.91497802734375,72.67167663574219,66.15882110595703,10.942258834838867,15.862060546875,16.86495590209961,35.23781204223633,51.6971321105957,56.23200607299805,0.17963166534900665,0.2182701826095581,0.2549162209033966,5.5990519523620605,5.20920991897583,4.325992584228516,nan
13.860,0,138.2748565673828,194.4422149658203,196.8290252685547,250.47203063964844,249.14288330078125,247.14382934570312,0.44053545594215393,0.37374433875083923,0.3361232876777649,60.91497802734375,72.67167663574219,66.15882110595703,10.942258834838867,15.862060546875,16.86495590209961,35.23781204223633,51.6971321105957,56.23200607299805,0.17963166534900665,0.2182701826095581,0.2549162209033966,5.5990519523620605,5.20920991897583,4.325992584228516,nan
13.880,0,138.2748565673828,194.4422149658203,196.8290252685547,250.47203063964844,249.14288330078125,247.14382934570312,0.44053545594215393,0.37374433875083923,0.3361232876777649,60.91497802734375,72.67167663574219,66.15882110595703,10.942258834838867,15.862060546875,16.86495590209961,35.23781204223633,51.6971321105957,56.23200607299805,0.17963166534900665,0.2182701826095581,0.2549162209033966,5.5990519523620605,5.20920991897583,4.325992584228516,nan
13.900,0,138.2748565673828,194.4422149658203,196.8290252685547,250.47203063964844,249.14288330078125,247.14382934570312,0.44053545594215393,0.37374433875083923,0.3361232876777649,60.91497802734375,72.67167663574219,66.15882110595703,10.942258834838867,15.862060546875,16.86495590209961,35.23781204223633,51.6971321105957,56.23200607299805,0.17963166534900665,0.2182701826095581,0.2549162209033966,5.5990519523620605,5.20920991897583,4.325992584228516,nan
13.920,0,138.2748565673828,194.4422149658203,196.8290252685547,250.47203063964844,249.14288330078125,247.14382934570312,0.44053545594215393,0.37374433875083923,0.3361232876777649,60.91497802734375,72.67167663574219,66.15882110595703,10.942258834838867,15.862060546875,16.86495590209961,35.23781204223633,51.6971321105957,56.23200607299805,0.17963166534900665,0.2182701826095581,0.2549162209033966,5.5990519523620605,5.20920991897583,4.325992584228516,nan
13.940,0,138.32664489746094,194.43165588378906,196.90365600585938,250.53204345703125,249.15599060058594,247.27476501464844,0.4329487085342407,0.3613710403442383,0.3441575765609741,59.888343811035156,70.26197052001953,67.76588439941406,10.758305549621582,16.487422943115234,16.52858543395996,35.58668899536133,50.678977966308594,57.739013671875,0.17963938415050507,0.234656423330307,0.243907168507576,5.651993751525879,5.253477573394775,4.461817264556885,nan
13.960,0,138.32664489746094,194.43165588378906,196.90365600585938,250.53204345703125,249.15599060058594,247.27476501464844,0.4329487085342407,0.3613710403442383,0.3441575765609741,59.888343811035156,70.26197052001953,67.76588439941406,10.758305549621582,16.487422943115234,16.52858543395996,35.58668899536133,50.678977966308594,57.739013671875,0.17963938415050507,0.234656423330307,0.243907168507576,5.651993751525879,5.253477573394775,4.461817264556885,nan
13.980,0,138.32664489746094,194.43165588378906,196.90365600585938,250.53204345703125,249.15599060058594,247.27476501464844,0.4329487085342407,0.3613710403442383,0.3441575765609741,59.888343811035156,70.26197052001953,67.76588439941406,10.758305549621582,16.487422943115234,16.52858543395996,35.58668899536133,50.678977966308594,57.739013671875,0.17963938415050507,0.234656423330307,0.243907168507576,5.651993751525879,5.253477573394775,4.461817264556885,nan
14.000,0,138.32664489746094,194.43165588378906,196.90365600585938,250.53204345703125,249.15599060058594,247.27476501464844,0.4329487085342407,0.3613710403442383,0.3441575765609741,59.888343811035156,70.26197052001953,67.76588439941406,10.758305549621582,16.487422943115234,16.52858543395996,35.58668899536133,50.678977966308594,57.739013671875,0.17963938415050507,0.234656423330307,0.243907168507576,5.651993751525879,5.253477573394775,4.461817264556885,nan
14.020,0,138.32664489746094,194.43165588378906,196.90365600585938,250.53204345703125,249.15599060058594,247.27476501464844,0.4329487085342407,0.3613710403442383,0.3441575765609741,59.888343811035156,70.26197052001953,67.76588439941406,10.758305549621582,16.487422943115234,16.52858543395996,35.58668899536133,50.678977966308594,57.739013671875,0.17963938415050507,0.234656423330307,0.243907168507576,5.651993751525879,5.253477573394775,4.461817264556885,nan
14.040,0,138.32664489746094,194.43165588378906,196.90365600585938,250.53204345703125,249.15599060058594,247.27476501464844,0.4329487085342407,0.3613710403442383,0.3441575765609741,59.888343811035156,70.26197052001953,67.76588439941406,10.758305549621582,16.487422943115234,16.52858543395996,35.58668899536133,50.678977966308594,57.739013671875,0.17963938415050507,0.234656423330307,0.243907168507576,5.651993751525879,5.253477573394775,4.461817264556885,nan
14.060,0,138.32664489746094,194.43165588378906,196.90365600585938,250.53204345703125,249.15599060058594,247.27476501464844,0.4329487085342407,0.3613710403442383,0.3441575765609741,59.888343811035156,70.26197052001953,67.76588439941406,10.758305549621582,16.487422943115234,16.52858543395996,35.58668899536133,50.678977966308594,57.739013671875,0.17963938415050507,0.234656423330307,0.243907168507576,5.651993751525879,5.253477573394775,4.461817264556885,nan
14.080,0,138.32664489746094,194.43165588378906,196.90365600585938,250.53204345703125,249.15599060058594,247.27476501464844,0.4329487085342407,0.3613710403442383,0.3441575765609741,59.888343811035156,70.26197052001953,67.76588439941406,10.758305549621582,16.487422943115234,16.52858543395996,35.58668899536133,50.678977966308594,57.739013671875,0.17963938415050507,0.234656423330307,0.243907168507576,5.651993751525879,5.253477573394775,4.461817264556885,nan
14.100,0,138.32664489746094,194.43165588378906,196.90365600585938,250.53204345703125,249.15599060058594,247.27476501464844,0.4329487085342407,0.3613710403442383,0.3441575765609741,59.888343811035156,70.26197052001953,67.76588439941406,10.758305549621582,16.487422943115234,16.52858543395996,35.58668899536133,50.678977966308594,57.739013671875,0.17963938415050507,0.234656423330307,0.243907168507576,5.651993751525879,5.253477573394775,4.461817264556885,nan
14.120,0,138.32664489746094,194.43165588378906,196.90365600585938,250.53204345703125,249.15599060058594,247.27476501464844,0.4329487085342407,0.3613710403442383,0.3441575765609741,59.888343811035156,70.26197052001953,67.76588439941406,10.758305549621582,16.487422943115234,16.52858543395996,35.58668899536133,50.678977966308594,57.739013671875,0.17963938415050507,0.234656423330307,0.243907168507576,5.651993751525879,5.253477573394775,4.461817264556885,nan
14.140,0,138.26126098632812,194.48580932617188,196.8067169189453,250.54776000976562,249.28897094726562,247.08331298828125,0.4473516345024109,0.3840128183364868,0.3366662561893463,61.851402282714844,74.68504333496094,66.2581787109375,11.353743553161621,16.21824073791504,16.23360252380371,36.09429168701172,53.65403366088867,56.4290885925293,0.18356485664844513,0.21715512871742249,0.245005264878273,5.709884166717529,5.263753890991211,4.387506008148193,nan
14.160,0,138.26126098632812,194.48580932617188,196.8067169189453,250.54776000976562,249.28897094726562,247.08331298828125,0.4473516345024109,0.3840128183364868,0.3366662561893463,61.851402282714844,74.68504333496094,66.2581787109375,11.353743553161621,16.21824073791504,16.23360252380371,36.09429168701172,53.65403366088867,56.4290885925293,0.18356485664844513,0.21715512871742249,0.245005264878273,5.709884166717529,5.263753890991211,4.387506008148193,nan
14.180,0,138.26126098632812,194.48580932617188,196.8067169189453,250.54776000976562,249.28897094726562,247.08331298828125,0.4473516345024109,0.3840128183364868,0.3366662561893463,61.851402282714844,74.68504333496094,66.2581787109375,11.353743553161621,16.21824073791504,16.23360252380371,36.09429168701172,53.65403366088867,56.4290885925293,0.18356485664844513,0.21715512871742249,0.245005264878273,5.709884166717529,5.263753890991211,4.387506008148193,nan
14.200,0,138.26126098632812,194.48580932617188,196.8067169189453,250.54776000976562,249.28897094726562,247.08331298828125,0.4473516345024109,0.3840128183364868,0.3366662561893463,61.851402282714844,74.68504333496094,66.2581787109375,11.353743553161621,16.21824073791504,16.23360252380371,36.09429168701172,53.65403366088867,56.4290885925293,0.18356485664844513,0.21715512871742249,0.245005264878273,5.709884166717529,5.263753890991211,4.387506008148193,nan
14.220,0,138.26126098632812,194.48580932617188,196.8067169189453,250.54776000976562,249.28897094726562,247.08331298828125,0.4473516345024109,0.3840128183364868,0.3366662561893463,61.851402282714844,74.68504333496094,66.2581787109375,11.353743553161621,16.21824073791504,16.23360252380371,36.09429168701172,53.65403366088867,56.4290885925293,0.18356485664844513,0.21715512871742249,0.245005264878273,5.709884166717529,5.263753890991211,4.387506008148193,nan
14.240,0,138.26126098632812,194.48580932617188,196.8067169189453,250.54776000976562,249.28897094726562,247.08331298828125,0.4473516345024109,0.3840128183364868,0.3366662561893463,61.851402282714844,74.68504333496094,66.2581787109375,11.353743553161621,16.21824073791504,16.23360252380371,36.09429168701172,53.65403366088867,56.4290885925293,0.18356485664844513,0.21715512871742249,0.245005264878273,5.709884166717529,5.263753890991211,4.387506008148193,nan
14.260,0,138.26126098632812,194.48580932617188,196.8067169189453,250.54776000976562,249.28897094726562,247.08331298828125,0.4473516345024109,0.3840128183364868,0.3366662561893463,61.851402282714844,74.68504333496094,66.2581787109375,11.353743553161621,16.21824073791504,16.23360252380371,36.09429168701172,53.65403366088867,56.4290885925293,0.18356485664844513,0.21715512871742249,0.245005264878273,5.709884166717529,5.263753890991211,4.387506008148193,nan
14.280,0,138.26126098632812,194.48580932617188,196.8067169189453,250.54776000976562,249.28897094726562,247.08331298828125,0.4473516345024109,0.3840128183364868,0.3366662561893463,61.851402282714844,74.68504333496094,66.2581787109375,11.353743553161621,16.21824073791504,16.23360252380371,36.09429168701172,53.65403366088867,56.4290885925293,0.18356485664844513,0.21715512871742249,0.245005264878273,5.709884166717529,5.263753890991211,4.387506008148193,nan
14.300,0,138.26126098632812,194.48580932617188,196.8067169189453,250.54776000976562,249.28897094726562,247.08331298828125,0.4473516345024109,0.3840128183364868,0.3366662561893463,61.851402282714844,74.68504333496094,66.2581787109375,11.353743553161621,16.21824073791504,16.23360252380371,36.09429168701172,53.65403366088867,56.4290885925293,0.18356485664844513,0.21715512871742249,0.245005264878273,5.709884166717529,5.263753890991211,4.387506008148193,nan
14.320,0,138.26126098632812,194.48580932617188,196.8067169189453,250.54776000976562,249.28897094726562,247.08331298828125,0.4473516345024109,0.3840128183364868,0.3366662561893463,61.851402282714844,74.68504333496094,66.2581787109375,11.353743553161621,16.21824073791504,16.23360252380371,36.09429168701172,53.65403366088867,56.4290885925293,0.18356485664844513,0.21715512871742249,0.245005264878273,5.709884166717529,5.263753890991211,4.387506008148193,nan
14.340,0,138.2542266845703,194.4106903076172,196.87704467773438,250.5258331298828,249.3253631591797,247.14486694335938,0.44524529576301575,0.378363698720932,0.334514319896698,61.557044982910156,73.55794525146484,65.85819244384766,11.69185733795166,15.563591957092285,16.37558364868164,36.18449020385742,52.83591842651367,55.22380828857422,0.1899353265762329,0.211582750082016,0.24864915013313293,5.758551597595215,5.263922214508057,4.538314342498779,nan
14.360,0,138.2542266845703,194.4106903076172,196.87704467773438,250.5258331298828,249.3253631591797,247.14486694335938,0.44524529576301575,0.378363698720932,0.334514319896698,61.557044982910156,73.55794525146484,65.85819244384766,11.69185733795166,15.563591957092285,16.37558364868164,36.18449020385742,52.83591842651367,55.22380828857422,0.1899353265762329,0.211582750082016,0.24864915013313293,5.758551597595215,5.263922214508057,4.538314342498779,nan
14.380,0,138.2542266845703,194.4106903076172,196.87704467773438,250.5258331298828,249.3253631591797,247.14486694335938,0.44524529576301575,0.378363698720932,0.334514319896698,61.557044982910156,73.55794525146484,65.85819244384766,11.69185733795166,15.563591957092285,16.37558364868164,36.18449020385742,52.83591842651367,55.22380828857422,0.1899353265762329,0.211582750082016,0.24864915013313293,5.758551597595215,5.263922214508057,4.538314342498779,nan
14.400,0,138.2542266845703,194.4106903076172,196.87704467773438,250.5258331298828,249.3253631591797,247.14486694335938,0.44524529576301575,0.378363698720932,0.334514319896698,61.557044982910156,73.55794525146484,65.85819244384766,11.69185733795166,15.563591957092285,16.37558364868164,36.18449020385742,52.83591842651367,55.22380828857422,0.1899353265762329,0.211582750082016,0.24864915013313293,5.758551597595215,5.263922214508057,4.538314342498779,nan
14.420,0,138.2542266845703,194.4106903076172,196.87704467773438,250.5258331298828,249.3253631591797,247.14486694335938,0.44524529576301575,0.378363698720932,0.334514319896698,61.557044982910156,73.55794525146484,65.85819244384766,11.69185733795166,15.563591957092285,16.37558364868164,36.18449020385742,52.83591842651367,55.22380828857422,0.1899353265762329,0.211582750082016,0.24864915013313293,5.758551597595215,5.263922214508057,4.538314342498779,nan
14.440,0,138.2542266845703,194.4106903076172,196.87704467773438,250.5258331298828,249.3253631591797,247.14486694335938,0.44524529576301575,0.378363698720932,0.334514319896698,61.557044982910156,73.55794525146484,65.85819244384766,11.69185733795166,15.563591957092285,16.37558364868164,36.18449020385742,52.83591842651367,55.22380828857422,0.1899353265762329,0.211582750082016,0.24864915013313293,5.758551597595215,5.263922214508057,4.538314342498779,nan
14.460,0,138.2542266845703,194.4106903076172,196.87704467773438,250.5258331298828,249.3253631591797,247.14486694335938,0.44524529576301575,0.378363698720932,0.334514319896698,61.557044982910156,73.55794525146484,65.85819244384766,11.69185733795166,15.563591957092285,16.37558364868164,36.18449020385742,52.83591842651367,55.22380828857422,0.1899353265762329,0.211582750082016,0.24864915013313293,5.758551597595215,5.263922214508057,4.538314342498779,nan
14.480,0,138.2542266845703,194.4106903076172,196.87704467773438,250.5258331298828,249.3253631591797,247.14486694335938,0.44524529576301575,0.378363698720932,0.334514319896698,61.557044982910156,73.55794525146484,65.85819244384766,11.69185733795166,15.563591957092285,16.37558364868164,36.18449020385742,52.83591842651367,55.22380828857422,0.1899353265762329,0.211582750082016,0.24864915013313293,5.758551597595215,5.263922214508057,4.538314342498779,nan
14.500,0,138.2542266845703,194.4106903076172,196.87704467773438,250.5258331298828,249.3253631591797,247.14486694335938,0.44524529576301575,0.378363698720932,0.334514319896698,61.557044982910156,73.55794525146484,65.85819244384766,11.69185733795166,15.563591957092285,16.37558364868164,36.18449020385742,52.83591842651367,55.22380828857422,0.1899353265762329,0.211582750082016,0.24864915013313293,5.758551597595215,5.263922214508057,4.538314342498779,nan
14.520,0,138.2542266845703,194.4106903076172,196.87704467773438,250.5258331298828,249.3253631591797,247.14486694335938,0.44524529576301575,0.378363698720932,0.334514319896698,61.557044982910156,73.55794525146484,65.85819244384766,11.69185733795166,15.563591957092285,16.37558364868164,36.18449020385742,52.83591842651367,55.22380828857422,0.1899353265762329,0.211582750082016,0.24864915013313293,5.758551597595215,5.263922214508057,4.538314342498779,nan
14.540,0,138.2256317138672,194.40670776367188,196.7678985595703,250.42230224609375,249.26466369628906,247.0614471435547,0.43957510590553284,0.37631624937057495,0.3319956362247467,60.76054763793945,73.15840148925781,65.32608032226562,11.709074020385742,15.627485275268555,16.21148109436035,35.59750747680664,52.32480239868164,54.89955139160156,0.19270850718021393,0.2136116325855255,0.24816246330738068,5.657036304473877,5.227134704589844,4.382968902587891,nan
14.560,0,138.2256317138672,194.40670776367188,196.7678985595703,250.42230224609375,249.26466369628906,247.0614471435547,0.43957510590553284,0.37631624937057495,0.3319956362247467,60.76054763793945,73.15840148925781,65.32608032226562,11.709074020385742,15.627485275268555,16.21148109436035,35.59750747680664,52.32480239868164,54.89955139160156,0.19270850718021393,0.2136116325855255,0.24816246330738068,5.657036304473877,5.227134704589844,4.382968902587891,nan
14.580,0,138.2256317138672,194.40670776367188,196.7678985595703,250.42230224609375,249.26466369628906,247.0614471435547,0.43957510590553284,0.37631624937057495,0.3319956362247467,60.76054763793945,73.15840148925781,65.32608032226562,11.709074020385742,15.627485275268555,16.21148109436035,35.59750747680664,52.32480239868164,54.89955139160156,0.19270850718021393,0.2136116325855255,0.24816246330738068,5.657036304473877,5.227134704589844,4.382968902587891,nan
14.600,0,138.2256317138672,194.40670776367188,196.7678985595703,250.42230224609375,249.26466369628906,247.0614471435547,0.43957510590553284,0.37631624937057495,0.3319956362247467,60.76054763793945,73.15840148925781,65.32608032226562,11.709074020385742,15.627485275268555,16.21148109436035,35.59750747680664,52.32480239868164,54.89955139160156,0.19270850718021393,0.2136116325855255,0.24816246330738068,5.657036304473877,5.227134704589844,4.382968902587891,nan
14.620,0,138.2256317138672,194.40670776367188,196.7678985595703,250.42230224609375,249.26466369628906,247.0614471435547,0.43957510590553284,0.37631624937057495,0.3319956362247467,60.76054763793945,73.15840148925781,65.32608032226562,11.709074020385742,15.627485275268555,16.21148109436035,35.59750747680664,52.32480239868164,54.89955139160156,0.19270850718021393,0.2136116325855255,0.24816246330738068,5.657036304473877,5.227134704589844,4.382968902587891,nan
14.640,0,138.2256317138672,194.40670776367188,196.7678985595703,250.42230224609375,249.26466369628906,247.0614471435547,0.43957510590553284,0.37631624937057495,0.3319956362247467,60.76054763793945,73.15840148925781,65.32608032226562,11.709074020385742,15.627485275268555,16.21148109436035,35.59750747680664,52.32480239868164,54.89955139160156,0.19270850718021393,0.2136116325855255,0.24816246330738068,5.657036304473877,5.227134704589844,4.382968902587891,nan
14.660,0,138.2256317138672,194.40670776367188,196.7678985595703,250.42230224609375,249.26466369628906,247.0614471435547,0.43957510590553284,0.37631624937057495,0.3319956362247467,60.76054763793945,73.15840148925781,65.32608032226562,11.709074020385742,15.627485275268555,16.21148109436035,35.59750747680664,52.32480239868164,54.89955139160156,0.19270850718021393,0.2136116325855255,0.24816246330738068,5.657036304473877,5.227134704589844,4.382968902587891,nan
14.680,0,138.2256317138672,194.40670776367188,196.7678985595703,250.42230224609375,249.26466369628906,247.0614471435547,0.43957510590553284,0.37631624937057495,0.3319956362247467,60.76054763793945,73.15840148925781,65.32608032226562,11.709074020385742,15.627485275268555,16.21148109436035,35.59750747680664,52.32480239868164,54.89955139160156,0.19270850718021393,0.2136116325855255,0.24816246330738068,5.657036304473877,5.227134704589844,4.382968902587891,nan
14.700,0,138.2256317138672,194.40670776367188,196.7678985595703,250.42230224609375,249.26466369628906,247.0614471435547,0.43957510590553284,0.37631624937057495,0.3319956362247467,60.76054763793945,73.15840148925781,65.32608032226562,11.709074020385742,15.627485275268555,16.21148109436035,35.59750747680664,52.32480239868164,54.89955139160156,0.19270850718021393,0.2136116325855255,0.24816246330738068,5.657036304473877,5.227134704589844,4.382968902587891,nan
14.720,0,138.2256317138672,194.40670776367188,196.7678985595703,250.42230224609375,249.26466369628906,247.0614471435547,0.43957510590553284,0.37631624937057495,0.3319956362247467,60.76054763793945,73.15840148925781,65.32608032226562,11.709074020385742,15.627485275268555,16.21148109436035,35.59750747680664,52.32480239868164,54.89955139160156,0.19270850718021393,0.2136116325855255,0.24816246330738068,5.657036304473877,5.227134704589844,4.382968902587891,nan
14.740,0,138.21250915527344,194.29718017578125,196.85301208496094,250.3309326171875,249.23512268066406,247.12281799316406,0.4425564110279083,0.37858062982559204,0.3340901732444763,61.166831970214844,73.5571517944336,65.76665496826172,11.488128662109375,15.803744316101074,16.42025375366211,35.9422492980957,52.98128890991211,55.63127136230469,0.1878163069486618,0.21484987437725067,0.249674454331398,5.692150115966797,5.242690563201904,4.449018955230713,nan
14.760,0,138.21250915527344,194.29718017578125,196.85301208496094,250.3309326171875,249.23512268066406,247.12281799316406,0.4425564110279083,0.37858062982559204,0.3340901732444763,61.166831970214844,73.5571517944336,65.76665496826172,11.488128662109375,15.803744316101074,16.42025375366211,35.9422492980957,52.98128890991211,55.63127136230469,0.1878163069486618,0.21484987437725067,0.249674454331398,5.692150115966797,5.242690563201904,4.449018955230713,nan
14.780,0,138.21250915527344,194.29718017578125,196.85301208496094,250.3309326171875,249.23512268066406,247.12281799316406,0.4425564110279083,0.37858062982559204,0.3340901732444763,61.166831970214844,73.5571517944336,65.76665496826172,11.488128662109375,15.803744316101074,16.42025375366211,35.9422492980957,52.98128890991211,55.63127136230469,0.1878163069486618,0.21484987437725067,0.249674454331398,5.692150115966797,5.242690563201904,4.449018955230713,nan
14.800,0,138.21250915527344,194.29718017578125,196.85301208496094,250.3309326171875,249.23512268066406,247.12281799316406,0.4425564110279083,0.37858062982559204,0.3340901732444763,61.166831970214844,73.5571517944336,65.76665496826172,11.488128662109375,15.803744316101074,16.42025375366211,35.9422492980957,52.98128890991211,55.63127136230469,0.1878163069486618,0.21484987437725067,0.249674454331398,5.692150115966797,5.242690563201904,4.449018955230713,nan
14.820,0,138.21250915527344,194.29718017578125,196.85301208496094,250.3309326171875,249.23512268066406,247.12281799316406,0.4425564110279083,0.37858062982559204,0.3340901732444763,61.166831970214844,73.5571517944336,65.76665496826172,11.488128662109375,15.803744316101074,16.42025375366211,35.9422492980957,52.98128890991211,55.63127136230469,0.1878163069486618,0.21484987437725067,0.249674454331398,5.692150115966797,5.242690563201904,4.449018955230713,nan
14.840,0,138.21250915527344,194.29718017578125,196.85301208496094,250.3309326171875,249.23512268066406,247.12281799316406,0.4425564110279083,0.37858062982559204,0.3340901732444763,61.166831970214844,73.5571517944336,65.76665496826172,11.488128662109375,15.803744316101074,16.42025375366211,35.9422492980957,52.98128890991211,55.63127136230469,0.1878163069486618,0.21484987437725067,0.249674454331398,5.692150115966797,5.242690563201904,4.449018955230713,nan
14.860,0,138.21250915527344,194.29718017578125,196.85301208496094,250.3309326171875,249.23512268066406,247.12281799316406,0.4425564110279083,0.37858062982559204,0.3340901732444763,61.166831970214844,73.5571517944336,65.76665496826172,11.488128662109375,15.803744316101074,16.42025375366211,35.9422492980957,52.98128890991211,55.63127136230469,0.1878163069486618,0.21484987437725067,0.249674454331398,5.692150115966797,5.242690563201904,4.449018955230713,nan
14.880,0,138.21250915527344,194.29718017578125,196.85301208496094,250.3309326171875,249.23512268066406,247.12281799316406,0.4425564110279083,0.37858062982559204,0.3340901732444763,61.166831970214844,73.5571517944336,65.76665496826172,11.488128662109375,15.803744316101074,16.42025375366211,35.9422492980957,52.98128890991211,55.63127136230469,0.1878163069486618,0.21484987437725067,0.249674454331398,5.692150115966797,5.242690563201904,4.449018955230713,nan
14.900,0,138.21250915527344,194.29718017578125,196.85301208496094,250.3309326171875,249.23512268066406,247.12281799316406,0.4425564110279083,0.37858062982559204,0.3340901732444763,61.166831970214844,73.5571517944336,65.76665496826172,11.488128662109375,15.803744316101074,16.42025375366211,35.9422492980957,52.98128890991211,55.63127136230469,0.1878163069486618,0.21484987437725067,0.249674454331398,5.692150115966797,5.242690563201904,4.449018955230713,nan
14.920,0,138.21250915527344,194.29718017578125,196.85301208496094,250.3309326171875,249.23512268066406,247.12281799316406,0.4425564110279083,0.37858062982559204,0.3340901732444763,61.166831970214844,73.5571517944336,65.76665496826172,11.488128662109375,15.803744316101074,16.42025375366211,35.9422492980957,52.98128890991211,55.63127136230469,0.1878163069486618,0.21484987437725067,0.249674454331398,5.692150115966797,5.242690563201904,4.449018955230713,nan
14.940,0,138.17239379882812,194.36793518066406,196.82650756835938,250.26026916503906,249.2576141357422,247.03189086914062,0.44292211532592773,0.37951838970184326,0.3325424790382385,61.199607849121094,73.76620483398438,65.45317840576172,11.5951509475708,15.743189811706543,16.500349044799805,35.624515533447266,52.753204345703125,55.426170349121094,0.18946446478366852,0.2134200930595398,0.25209394097328186,5.63702392578125,5.275064945220947,4.356049060821533,nan
14.960,0,138.17239379882812,194.36793518066406,196.82650756835938,250.26026916503906,249.2576141357422,247.03189086914062,0.44292211532592773,0.37951838970184326,0.3325424790382385,61.199607849121094,73.76620483398438,65.45317840576172,11.5951509475708,15.743189811706543,16.500349044799805,35.624515533447266,52.753204345703125,55.426170349121094,0.18946446478366852,0.2134200930595398,0.25209394097328186,5.63702392578125,5.275064945220947,4.356049060821533,nan
14.980,0,138.17239379882812,194.36793518066406,196.82650756835938,250.26026916503906,249.2576141357422,247.03189086914062,0.44292211532592773,0.37951838970184326,0.3325424790382385,61.199607849121094,73.76620483398438,65.45317840576172,11.5951509475708,15.743189811706543,16.500349044799805,35.624515533447266,52.753204345703125,55.426170349121094,0.18946446478366852,0.2134200930595398,0.25209394097328186,5.63702392578125,5.275064945220947,4.356049060821533,nan
15.000,0,138.17239379882812,194.36793518066406,196.82650756835938,250.26026916503906,249.2576141357422,247.03189086914062,0.44292211532592773,0.37951838970184326,0.3325424790382385,61.199607849121094,73.76620483398438,65.45317840576172,11.5951509475708,15.743189811706543,16.500349044799805,35.624515533447266,52.753204345703125,55.426170349121094,0.18946446478366852,0.2134200930595398,0.25209394097328186,5.63702392578125,5.275064945220947,4.356049060821533,nan
15.020,0,138.17239379882812,194.36793518066406,196.82650756835938,250.26026916503906,249.2576141357422,247.03189086914062,0.44292211532592773,0.37951838970184326,0.3325424790382385,61.199607849121094,73.76620483398438,65.45317840576172,11.5951509475708,15.743189811706543,16.500349044799805,35.624515533447266,52.753204345703125,55.426170349121094,0.18946446478366852,0.2134200930595398,0.25209394097328186,5.63702392578125,5.275064945220947,4.356049060821533,nan
15.040,0,138.17239379882812,194.36793518066406,196.82650756835938,250.26026916503906,249.2576141357422,247.03189086914062,0.44292211532592773,0.37951838970184326,0.3325424790382385,61.199607849121094,73.76620483398438,65.45317840576172,11.5951509475708,15.743189811706543,16.500349044799805,35.624515533447266,52.753204345703125,55.426170349121094,0.18946446478366852,0.2134200930595398,0.25209394097328186,5.63702392578125,5.275064945220947,4.356049060821533,nan
15.060,0,138.17239379882812,194.36793518066406,196.82650756835938,250.26026916503906,249.2576141357422,247.03189086914062,0.44292211532592773,0.37951838970184326,0.3325424790382385,61.199607849121094,73.76620483398438,65.45317840576172,11.5951509475708,15.743189811706543,16.500349044799805,35.624515533447266,52.753204345703125,55.426170349121094,0.18946446478366852,0.2134200930595398,0.25209394097328186,5.63702392578125,5.275064945220947,4.356049060821533,nan
15.080,0,138.17239379882812,194.36793518066406,196.82650756835938,250.26026916503906,249.2576141357422,247.03189086914062,0.44292211532592773,0.37951838970184326,0.3325424790382385,61.199607849121094,73.76620483398438,65.45317840576172,11.5951509475708,15.743189811706543,16.500349044799805,35.624515533447266,52.753204345703125,55.426170349121094,0.18946446478366852,0.2134200930595398,0.25209394097328186,5.63702392578125,5.275064945220947,4.356049060821533,nan
15.100,0,138.17239379882812,194.36793518066406,196.82650756835938,250.26026916503906,249.2576141357422,247.03189086914062,0.44292211532592773,0.37951838970184326,0.3325424790382385,61.199607849121094,73.76620483398438,65.45317840576172,11.5951509475708,15.743189811706543,16.500349044799805,35.624515533447266,52.753204345703125,55.426170349121094,0.18946446478366852,0.2134200930595398,0.25209394097328186,5.63702392578125,5.275064945220947,4.356049060821533,nan
15.120,0,138.32101440429688,194.4078369140625,196.86424255371094,250.4761505126953,249.21627807617188,247.12838745117188,0.44126102328300476,0.3776187300682068,0.3347512185573578,61.03567123413086,73.41204071044922,65.90054321289062,10.621268272399902,16.097347259521484,16.907033920288086,35.75015640258789,52.168853759765625,55.66890335083008,0.17401738464832306,0.21927393972873688,0.2565537989139557,5.732896327972412,5.210065841674805,4.475938320159912,nan
15.140,0,138.32101440429688,194.4078369140625,196.86424255371094,250.4761505126953,249.21627807617188,247.12838745117188,0.44126102328300476,0.3776187300682068,0.3347512185573578,61.03567123413086,73.41204071044922,65.90054321289062,10.621268272399902,16.097347259521484,16.907033920288086,35.75015640258789,52.168853759765625,55.66890335083008,0.17401738464832306,0.21927393972873688,0.2565537989139557,5.732896327972412,5.210065841674805,4.475938320159912,nan
15.160,0,138.32101440429688,194.4078369140625,196.86424255371094,250.4761505126953,249.21627807617188,247.12838745117188,0.44126102328300476,0.3776187300682068,0.3347512185573578,61.03567123413086,73.41204071044922,65.90054321289062,10.621268272399902,16.097347259521484,16.907033920288086,35.75015640258789,52.168853759765625,55.66890335083008,0.17401738464832306,0.21927393972873688,0.2565537989139557,5.732896327972412,5.210065841674805,4.475938320159912,nan
15.180,0,138.32101440429688,194.4078369140625,196.86424255371094,250.4761505126953,249.21627807617188,247.12838745117188,0.44126102328300476,0.3776187300682068,0.3347512185573578,61.03567123413086,73.41204071044922,65.90054321289062,10.621268272399902,16.097347259521484,16.907033920288086,35.75015640258789,52.168853759765625,55.66890335083008,0.17401738464832306,0.21927393972873688,0.2565537989139557,5.732896327972412,5.210065841674805,4.475938320159912,nan
15.200,0,138.32101440429688,194.4078369140625,196.86424255371094,250.4761505126953,249.21627807617188,247.12838745117188,0.44126102328300476,0.3776187300682068,0.3347512185573578,61.03567123413086,73.41204071044922,65.90054321289062,10.621268272399902,16.097347259521484,16.907033920288086,35.75015640258789,52.168853759765625,55.66890335083008,0.17401738464832306,0.21927393972873688,0.2565537989139557,5.732896327972412,5.210065841674805,4.475938320159912,nan
15.220,0,138.32101440429688,194.4078369140625,196.86424255371094,250.4761505126953,249.21627807617188,247.12838745117188,0.44126102328300476,0.3776187300682068,0.3347512185573578,61.03567123413086,73.41204071044922,65.90054321289062,10.621268272399902,16.097347259521484,16.907033920288086,35.75015640258789,52.168853759765625,55.66890335083008,0.17401738464832306,0.21927393972873688,0.2565537989139557,5.732896327972412,5.210065841674805,4.475938320159912,nan
15.240,0,138.32101440429688,194.4078369140625,196.86424255371094,250.4761505126953,249.21627807617188,247.12838745117188,0.44126102328300476,0.3776187300682068,0.3347512185573578,61.03567123413086,73.41204071044922,65.90054321289062,10.621268272399902,16.097347259521484,16.907033920288086,35.75015640258789,52.168853759765625,55.66890335083008,0.17401738464832306,0.21927393972873688,0.2565537989139557,5.732896327972412,5.210065841674805,4.475938320159912,nan
15.260,0,138.32101440429688,194.4078369140625,196.86424255371094,250.4761505126953,249.21627807617188,247.12838745117188,0.44126102328300476,0.3776187300682068,0.3347512185573578,61.03567123413086,73.41204071044922,65.90054321289062,10.621268272399902,16.097347259521484,16.907033920288086,35.75015640258789,52.168853759765625,55.66890335083008,0.17401738464832306,0.21927393972873688,0.2565537989139557,5.732896327972412,5.210065841674805,4.475938320159912,nan
15.280,0,138.32101440429688,194.4078369140625,196.86424255371094,250.4761505126953,249.21627807617188,247.12838745117188,0.44126102328300476,0.3776187300682068,0.3347512185573578,61.03567123413086,73.41204071044922,65.90054321289062,10.621268272399902,16.097347259521484,16.907033920288086,35.75015640258789,52.168853759765625,55.66890335083008,0.17401738464832306,0.21927393972873688,0.2565537989139557,5.732896327972412,5.210065841674805,4.475938320159912,nan
15.300,0,138.32101440429688,194.4078369140625,196.86424255371094,250.4761505126953,249.21627807617188,247.12838745117188,0.44126102328300476,0.3776187300682068,0.3347512185573578,61.03567123413086,73.41204071044922,65.90054321289062,10.621268272399902,16.097347259521484,16.907033920288086,35.75015640258789,52.168853759765625,55.66890335083008,0.17401738464832306,0.21927393972873688,0.2565537989139557,5.732896327972412,5.210065841674805,4.475938320159912,nan
15.320,0,138.30743408203125,194.48251342773438,196.80645751953125,250.56130981445312,249.30178833007812,247.07496643066406,0.4432137906551361,0.3784109950065613,0.3374220132827759,61.29976272583008,73.59432220458984,66.40682983398438,11.146138191223145,16.074981689453125,16.522769927978516,35.80960464477539,52.83074951171875,56.565391540527344,0.181830033659935,0.2184269279241562,0.24881130456924438,5.715980529785156,5.297436237335205,4.45449686050415,nan
15.340,0,138.30743408203125,194.48251342773438,196.80645751953125,250.56130981445312,249.30178833007812,247.07496643066406,0.4432137906551361,0.3784109950065613,0.3374220132827759,61.29976272583008,73.59432220458984,66.40682983398438,11.146138191223145,16.074981689453125,16.522769927978516,35.80960464477539,52.83074951171875,56.565391540527344,0.181830033659935,0.2184269279241562,0.24881130456924438,5.715980529785156,5.297436237335205,4.45449686050415,nan
15.360,0,138.30743408203125,194.48251342773438,196.80645751953125,250.56130981445312,249.30178833007812,247.07496643066406,0.4432137906551361,0.3784109950065613,0.3374220132827759,61.29976272583008,73.59432220458984,66.40682983398438,11.146138191223145,16.074981689453125,16.522769927978516,35.80960464477539,52.83074951171875,56.565391540527344,0.181830033659935,0.2184269279241562,0.24881130456924438,5.715980529785156,5.297436237335205,4.45449686050415,nan
15.380,0,138.30743408203125,194.48251342773438,196.80645751953125,250.56130981445312,249.30178833007812,247.07496643066406,0.4432137906551361,0.3784109950065613,0.3374220132827759,61.29976272583008,73.59432220458984,66.40682983398438,11.146138191223145,16.074981689453125,16.522769927978516,35.80960464477539,52.83074951171875,56.565391540527344,0.181830033659935,0.2184269279241562,0.24881130456924438,5.715980529785156,5.297436237335205,4.45449686050415,nan
15.400,0,138.30743408203125,194.48251342773438,196.80645751953125,250.56130981445312,249.30178833007812,247.07496643066406,0.4432137906551361,0.3784109950065613,0.3374220132827759,61.29976272583008,73.59432220458984,66.40682983398438,11.146138191223145,16.074981689453125,16.522769927978516,35.80960464477539,52.83074951171875,56.565391540527344,0.181830033659935,0.2184269279241562,0.24881130456924438,5.715980529785156,5.297436237335205,4.45449686050415,nan
15.420,0,138.30743408203125,194.48251342773438,196.80645751953125,250.56130981445312,249.30178833007812,247.07496643066406,0.4432137906551361,0.3784109950065613,0.3374220132827759,61.29976272583008,73.59432220458984,66.40682983398438,11.146138191223145,16.074981689453125,16.522769927978516,35.80960464477539,52.83074951171875,56.565391540527344,0.181830033659935,0.2184269279241562,0.24881130456924438,5.715980529785156,5.297436237335205,4.45449686050415,nan
15.440,0,138.30743408203125,194.48251342773438,196.80645751953125,250.56130981445312,249.30178833007812,247.07496643066406,0.4432137906551361,0.3784109950065613,0.3374220132827759,61.29976272583008,73.59432220458984,66.40682983398438,11.146138191223145,16.074981689453125,16.522769927978516,35.80960464477539,52.83074951171875,56.565391540527344,0.181830033659935,0.2184269279241562,0.24881130456924438,5.715980529785156,5.297436237335205,4.45449686050415,nan
15.460,0,138.30743408203125,194.48251342773438,196.80645751953125,250.56130981445312,249.30178833007812,247.07496643066406,0.4432137906551361,0.3784109950065613,0.3374220132827759,61.29976272583008,73.59432220458984,66.40682983398438,11.146138191223145,16.074981689453125,16.522769927978516,35.80960464477539,52.83074951171875,56.565391540527344,0.181830033659935,0.2184269279241562,0.24881130456924438,5.715980529785156,5.297436237335205,4.45449686050415,nan
15.480,0,138.30743408203125,194.48251342773438,196.80645751953125,250.56130981445312,249.30178833007812,247.07496643066406,0.4432137906551361,0.3784109950065613,0.3374220132827759,61.29976272583008,73.59432220458984,66.40682983398438,11.146138191223145,16.074981689453125,16.522769927978516,35.80960464477539,52.83074951171875,56.565391540527344,0.181830033659935,0.2184269279241562,0.24881130456924438,5.715980529785156,5.297436237335205,4.45449686050415,nan
15.500,0,138.30743408203125,194.48251342773438,196.80645751953125,250.56130981445312,249.30178833007812,247.07496643066406,0.4432137906551361,0.3784109950065613,0.3374220132827759,61.29976272583008,73.59432220458984,66.40682983398438,11.146138191223145,16.074981689453125,16.522769927978516,35.80960464477539,52.83074951171875,56.565391540527344,0.181830033659935,0.2184269279241562,0.24881130456924438,5.715980529785156,5.297436237335205,4.45449686050415,nan
15.520,0,138.3465576171875,194.41348266601562,196.75283813476562,250.61767578125,249.061279296875,247.15628051757812,0.4303209185600281,0.3632084131240845,0.3380873203277588,59.533416748046875,70.61260986328125,66.51963806152344,10.771805763244629,16.9342098236084,16.490604400634766,35.41943359375,51.23922348022461,56.443748474121094,0.18093712627887726,0.2398184984922409,0.24790580570697784,5.678624153137207,5.17447566986084,4.415952205657959,nan
15.540,0,138.3465576171875,194.41348266601562,196.75283813476562,250.61767578125,249.061279296875,247.15628051757812,0.4303209185600281,0.3632084131240845,0.3380873203277588,59.533416748046875,70.61260986328125,66.51963806152344,10.771805763244629,16.9342098236084,16.490604400634766,35.41943359375,51.23922348022461,56.443748474121094,0.18093712627887726,0.2398184984922409,0.24790580570697784,5.678624153137207,5.17447566986084,4.415952205657959,nan
15.560,0,138.3465576171875,194.41348266601562,196.75283813476562,250.61767578125,249.061279296875,247.15628051757812,0.4303209185600281,0.3632084131240845,0.3380873203277588,59.533416748046875,70.61260986328125,66.51963806152344,10.771805763244629,16.9342098236084,16.490604400634766,35.41943359375,51.23922348022461,56.443748474121094,0.18093712627887726,0.2398184984922409,0.24790580570697784,5.678624153137207,5.17447566986084,4.415952205657959,nan
15.580,0,138.3465576171875,194.41348266601562,196.75283813476562,250.61767578125,249.061279296875,247.15628051757812,0.4303209185600281,0.3632084131240845,0.3380873203277588,59.533416748046875,70.61260986328125,66.51963806152344,10.771805763244629,16.9342098236084,16.490604400634766,35.41943359375,51.23922348022461,56.443748474121094,0.18093712627887726,0.2398184984922409,0.24790580570697784,5.678624153137207,5.17447566986084,4.415952205657959,nan
15.600,0,138.3465576171875,194.41348266601562,196.75283813476562,250.61767578125,249.061279296875,247.15628051757812,0.4303209185600281,0.3632084131240845,0.3380873203277588,59.533416748046875,70.61260986328125,66.51963806152344,10.771805763244629,16.9342098236084,16.490604400634766,35.41943359375,51.23922348022461,56.443748474121094,0.18093712627887726,0.2398184984922409,0.24790580570697784,5.678624153137207,5.17447566986084,4.415952205657959,nan
15.620,0,138.3465576171875,194.41348266601562,196.75283813476562,250.61767578125,249.061279296875,247.15628051757812,0.4303209185600281,0.3632084131240845,0.3380873203277588,59.533416748046875,70.61260986328125,66.51963806152344,10.771805763244629,16.9342098236084,16.490604400634766,35.41943359375,51.23922348022461,56.443748474121094,0.18093712627887726,0.2398184984922409,0.24790580570697784,5.678624153137207,5.17447566986084,4.415952205657959,nan
15.640,0,138.3465576171875,194.41348266601562,196.75283813476562,250.61767578125,249.061279296875,247.15628051757812,0.4303209185600281,0.3632084131240845,0.3380873203277588,59.533416748046875,70.61260986328125,66.51963806152344,10.771805763244629,16.9342098236084,16.490604400634766,35.41943359375,51.23922348022461,56.443748474121094,0.18093712627887726,0.2398184984922409,0.24790580570697784,5.678624153137207,5.17447566986084,4.415952205657959,nan
15.660,0,138.3465576171875,194.41348266601562,196.75283813476562,250.61767578125,249.061279296875,247.15628051757812,0.4303209185600281,0.3632084131240845,0.3380873203277588,59.533416748046875,70.61260986328125,66.51963806152344,10.771805763244629,16.9342098236084,16.490604400634766,35.41943359375,51.23922348022461,56.443748474121094,0.18093712627887726,0.2398184984922409,0.24790580570697784,5.678624153137207,5.17447566986084,4.415952205657959,nan
15.680,0,138.3465576171875,194.41348266601562,196.75283813476562,250.61767578125,249.061279296875,247.15628051757812,0.4303209185600281,0.3632084131240845,0.3380873203277588,59.533416748046875,70.61260986328125,66.51963806152344,10.771805763244629,16.9342098236084,16.490604400634766,35.41943359375,51.23922348022461,56.443748474121094,0.18093712627887726,0.2398184984922409,0.24790580570697784,5.678624153137207,5.17447566986084,4.415952205657959,nan
15.700,0,138.3465576171875,194.41348266601562,196.75283813476562,250.61767578125,249.061279296875,247.15628051757812,0.4303209185600281,0.3632084131240845,0.3380873203277588,59.533416748046875,70.61260986328125,66.51963806152344,10.771805763244629,16.9342098236084,16.490604400634766,35.41943359375,51.23922348022461,56.443748474121094,0.18093712627887726,0.2398184984922409,0.24790580570697784,5.678624153137207,5.17447566986084,4.415952205657959,nan
15.720,0,138.42420959472656,194.43841552734375,196.82240295410156,250.58566284179688,249.126220703125,247.292236328125,0.4260098934173584,0.35325881838798523,0.34260469675064087,58.9700813293457,68.68708801269531,67.43228149414062,9.475046157836914,16.516223907470703,17.2203311920166,34.52737045288086,49.42877197265625,57.52659225463867,0.16067548096179962,0.2404560148715973,0.25537222623825073,5.588281154632568,5.262638568878174,4.44160270690918,nan
15.740,0,138.42420959472656,194.43841552734375,196.82240295410156,250.58566284179688,249.126220703125,247.292236328125,0.4260098934173584,0.35325881838798523,0.34260469675064087,58.9700813293457,68.68708801269531,67.43228149414062,9.475046157836914,16.516223907470703,17.2203311920166,34.52737045288086,49.42877197265625,57.52659225463867,0.16067548096179962,0.2404560148715973,0.25537222623825073,5.588281154632568,5.262638568878174,4.44160270690918,nan
15.760,0,138.42420959472656,194.43841552734375,196.82240295410156,250.58566284179688,249.126220703125,247.292236328125,0.4260098934173584,0.35325881838798523,0.34260469675064087,58.9700813293457,68.68708801269531,67.43228149414062,9.475046157836914,16.516223907470703,17.2203311920166,34.52737045288086,49.42877197265625,57.52659225463867,0.16067548096179962,0.2404560148715973,0.25537222623825073,5.588281154632568,5.262638568878174,4.44160270690918,nan
15.780,0,138.42420959472656,194.43841552734375,196.82240295410156,250.58566284179688,249.126220703125,247.292236328125,0.4260098934173584,0.35325881838798523,0.34260469675064087,58.9700813293457,68.68708801269531,67.43228149414062,9.475046157836914,16.516223907470703,17.2203311920166,34.52737045288086,49.42877197265625,57.52659225463867,0.16067548096179962,0.2404560148715973,0.25537222623825073,5.588281154632568,5.262638568878174,4.44160270690918,nan
15.800,0,138.42420959472656,194.43841552734375,196.82240295410156,250.58566284179688,249.126220703125,247.292236328125,0.4260098934173584,0.35325881838798523,0.34260469675064087,58.9700813293457,68.68708801269531,67.43228149414062,9.475046157836914,16.516223907470703,17.2203311920166,34.52737045288086,49.42877197265625,57.52659225463867,0.16067548096179962,0.2404560148715973,0.25537222623825073,5.588281154632568,5.262638568878174,4.44160270690918,nan
15.820,0,138.42420959472656,194.43841552734375,196.82240295410156,250.58566284179688,249.126220703125,247.292236328125,0.4260098934173584,0.35325881838798523,0.34260469675064087,58.9700813293457,68.68708801269531,67.43228149414062,9.475046157836914,16.516223907470703,17.2203311920166,34.52737045288086,49.42877197265625,57.52659225463867,0.16067548096179962,0.2404560148715973,0.25537222623825073,5.588281154632568,5.262638568878174,4.44160270690918,nan
15.840,0,138.42420959472656,194.43841552734375,196.82240295410156,250.58566284179688,249.126220703125,247.292236328125,0.4260098934173584,0.35325881838798523,0.34260469675064087,58.9700813293457,68.68708801269531,67.43228149414062,9.475046157836914,16.516223907470703,17.2203311920166,34.52737045288086,49.42877197265625,57.52659225463867,0.16067548096179962,0.2404560148715973,0.25537222623825073,5.588281154632568,5.262638568878174,4.44160270690918,nan
15.860,0,138.42420959472656,194.43841552734375,196.82240295410156,250.58566284179688,249.126220703125,247.292236328125,0.4260098934173584,0.35325881838798523,0.34260469675064087,58.9700813293457,68.68708801269531,67.43228149414062,9.475046157836914,16.516223907470703,17.2203311920166,34.52737045288086,49.42877197265625,57.52659225463867,0.16067548096179962,0.2404560148715973,0.25537222623825073,5.588281154632568,5.262638568878174,4.44160270690918,nan
15.880,0,138.42420959472656,194.43841552734375,196.82240295410156,250.58566284179688,249.126220703125,247.292236328125,0.4260098934173584,0.35325881838798523,0.34260469675064087,58.9700813293457,68.68708801269531,67.43228149414062,9.475046157836914,16.516223907470703,17.2203311920166,34.52737045288086,49.42877197265625,57.52659225463867,0.16067548096179962,0.2404560148715973,0.25537222623825073,5.588281154632568,5.262638568878174,4.44160270690918,nan
15.900,0,138.42420959472656,194.43841552734375,196.82240295410156,250.58566284179688,249.126220703125,247.292236328125,0.4260098934173584,0.35325881838798523,0.34260469675064087,58.9700813293457,68.68708801269531,67.43228149414062,9.475046157836914,16.516223907470703,17.2203311920166,34.52737045288086,49.42877197265625,57.52659225463867,0.16067548096179962,0.2404560148715973,0.25537222623825073,5.588281154632568,5.262638568878174,4.44160270690918,nan
15.920,0,138.3177490234375,194.5177459716797,196.86923217773438,250.62249755859375,249.22723388671875,247.1588134765625,0.4408477544784546,0.375732421875,0.3359661400318146,60.97706985473633,73.08662414550781,66.14139556884766,11.001057624816895,16.195497512817383,16.37517547607422,36.191680908203125,52.12360382080078,55.753482818603516,0.18041302263736725,0.22159318625926971,0.24757832288742065,5.7503557205200195,5.214877128601074,4.4215569496154785,nan
15.940,0,138.3177490234375,194.5177459716797,196.86923217773438,250.62249755859375,249.22723388671875,247.1588134765625,0.4408477544784546,0.375732421875,0.3359661400318146,60.97706985473633,73.08662414550781,66.14139556884766,11.001057624816895,16.195497512817383,16.37517547607422,36.191680908203125,52.12360382080078,55.753482818603516,0.18041302263736725,0.22159318625926971,0.24757832288742065,5.7503557205200195,5.214877128601074,4.4215569496154785,nan
15.960,0,138.3177490234375,194.5177459716797,196.86923217773438,250.62249755859375,249.22723388671875,247.1588134765625,0.4408477544784546,0.375732421875,0.3359661400318146,60.97706985473633,73.08662414550781,66.14139556884766,11.001057624816895,16.195497512817383,16.37517547607422,36.191680908203125,52.12360382080078,55.753482818603516,0.18041302263736725,0.22159318625926971,0.24757832288742065,5.7503557205200195,5.214877128601074,4.4215569496154785,nan
15.980,0,138.3177490234375,194.5177459716797,196.86923217773438,250.62249755859375,249.22723388671875,247.1588134765625,0.4408477544784546,0.375732421875,0.3359661400318146,60.97706985473633,73.08662414550781,66.14139556884766,11.001057624816895,16.195497512817383,16.37517547607422,36.191680908203125,52.12360382080078,55.753482818603516,0.18041302263736725,0.22159318625926971,0.24757832288742065,5.7503557205200195,5.214877128601074,4.4215569496154785,nan
16.000,0,138.3177490234375,194.5177459716797,196.86923217773438,250.62249755859375,249.22723388671875,247.1588134765625,0.4408477544784546,0.375732421875,0.3359661400318146,60.97706985473633,73.08662414550781,66.14139556884766,11.001057624816895,16.195497512817383,16.37517547607422,36.191680908203125,52.12360382080078,55.753482818603516,0.18041302263736725,0.22159318625926971,0.24757832288742065,5.7503557205200195,5.214877128601074,4.4215569496154785,nan
16.020,0,138.3177490234375,194.5177459716797,196.86923217773438,250.62249755859375,249.22723388671875,247.1588134765625,0.4408477544784546,0.375732421875,0.3359661400318146,60.97706985473633,73.08662414550781,66.14139556884766,11.001057624816895,16.195497512817383,16.37517547607422,36.191680908203125,52.12360382080078,55.753482818603516,0.18041302263736725,0.22159318625926971,0.24757832288742065,5.7503557205200195,5.214877128601074,4.4215569496154785,nan
16.040,0,138.3177490234375,194.5177459716797,196.86923217773438,250.62249755859375,249.22723388671875,247.1588134765625,0.4408477544784546,0.375732421875,0.3359661400318146,60.97706985473633,73.08662414550781,66.14139556884766,11.001057624816895,16.195497512817383,16.37517547607422,36.191680908203125,52.12360382080078,55.753482818603516,0.18041302263736725,0.22159318625926971,0.24757832288742065,5.7503557205200195,5.214877128601074,4.4215569496154785,nan
16.060,0,138.3177490234375,194.5177459716797,196.86923217773438,250.62249755859375,249.22723388671875,247.1588134765625,0.4408477544784546,0.375732421875,0.3359661400318146,60.97706985473633,73.08662414550781,66.14139556884766,11.001057624816895,16.195497512817383,16.37517547607422,36.191680908203125,52.12360382080078,55.753482818603516,0.18041302263736725,0.22159318625926971,0.24757832288742065,5.7503557205200195,5.214877128601074,4.4215569496154785,nan
16.080,0,138.3177490234375,194.5177459716797,196.86923217773438,250.62249755859375,249.22723388671875,247.1588134765625,0.4408477544784546,0.375732421875,0.3359661400318146,60.97706985473633,73.08662414550781,66.14139556884766,11.001057624816895,16.195497512817383,16.37517547607422,36.191680908203125,52.12360382080078,55.753482818603516,0.18041302263736725,0.22159318625926971,0.24757832288742065,5.7503557205200195,5.214877128601074,4.4215569496154785,nan
16.100,0,138.3177490234375,194.5177459716797,196.86923217773438,250.62249755859375,249.22723388671875,247.1588134765625,0.4408477544784546,0.375732421875,0.3359661400318146,60.97706985473633,73.08662414550781,66.14139556884766,11.001057624816895,16.195497512817383,16.37517547607422,36.191680908203125,52.12360382080078,55.753482818603516,0.18041302263736725,0.22159318625926971,0.24757832288742065,5.7503557205200195,5.214877128601074,4.4215569496154785,nan
16.120,0,138.33517456054688,194.45387268066406,196.81019592285156,250.5621337890625,249.29006958007812,247.0878143310547,0.44777342677116394,0.38515394926071167,0.33413365483283997,61.942813873291016,74.8946762084961,65.76091003417969,11.585306167602539,15.745248794555664,16.543067932128906,37.011146545410156,53.636932373046875,55.11144256591797,0.1870322823524475,0.21023188531398773,0.2515638470649719,5.709599494934082,5.282097816467285,4.491336822509766,nan
16.140,0,138.33517456054688,194.45387268066406,196.81019592285156,250.5621337890625,249.29006958007812,247.0878143310547,0.44777342677116394,0.38515394926071167,0.33413365483283997,61.942813873291016,74.8946762084961,65.76091003417969,11.585306167602539,15.745248794555664,16.543067932128906,37.011146545410156,53.636932373046875,55.11144256591797,0.1870322823524475,0.21023188531398773,0.2515638470649719,5.709599494934082,5.282097816467285,4.491336822509766,nan
16.160,0,138.33517456054688,194.45387268066406,196.81019592285156,250.5621337890625,249.29006958007812,247.0878143310547,0.44777342677116394,0.38515394926071167,0.33413365483283997,61.942813873291016,74.8946762084961,65.76091003417969,11.585306167602539,15.745248794555664,16.543067932128906,37.011146545410156,53.636932373046875,55.11144256591797,0.1870322823524475,0.21023188531398773,0.2515638470649719,5.709599494934082,5.282097816467285,4.491336822509766,nan
16.180,0,138.33517456054688,194.45387268066406,196.81019592285156,250.5621337890625,249.29006958007812,247.0878143310547,0.44777342677116394,0.38515394926071167,0.33413365483283997,61.942813873291016,74.8946762084961,65.76091003417969,11.585306167602539,15.745248794555664,16.543067932128906,37.011146545410156,53.636932373046875,55.11144256591797,0.1870322823524475,0.21023188531398773,0.2515638470649719,5.709599494934082,5.282097816467285,4.491336822509766,nan
16.200,0,138.33517456054688,194.45387268066406,196.81019592285156,250.5621337890625,249.29006958007812,247.0878143310547,0.44777342677116394,0.38515394926071167,0.33413365483283997,61.942813873291016,74.8946762084961,65.76091003417969,11.585306167602539,15.745248794555664,16.543067932128906,37.011146545410156,53.636932373046875,55.11144256591797,0.1870322823524475,0.21023188531398773,0.2515638470649719,5.709599494934082,5.282097816467285,4.491336822509766,nan
16.220,0,138.33517456054688,194.45387268066406,196.81019592285156,250.5621337890625,249.29006958007812,247.0878143310547,0.44777342677116394,0.38515394926071167,0.33413365483283997,61.942813873291016,74.8946762084961,65.76091003417969,11.585306167602539,15.745248794555664,16.543067932128906,37.011146545410156,53.636932373046875,55.11144256591797,0.1870322823524475,0.21023188531398773,0.2515638470649719,5.709599494934082,5.282097816467285,4.491336822509766,nan
16.240,0,138.33517456054688,194.45387268066406,196.81019592285156,250.5621337890625,249.29006958007812,247.0878143310547,0.44777342677116394,0.38515394926071167,0.33413365483283997,61.942813873291016,74.8946762084961,65.76091003417969,11.585306167602539,15.745248794555664,16.543067932128906,37.011146545410156,53.636932373046875,55.11144256591797,0.1870322823524475,0.21023188531398773,0.2515638470649719,5.709599494934082,5.282097816467285,4.491336822509766,nan
16.260,0,138.33517456054688,194.45387268066406,196.81019592285156,250.5621337890625,249.29006958007812,247.0878143310547,0.44777342677116394,0.38515394926071167,0.33413365483283997,61.942813873291016,74.8946762084961,65.76091003417969,11.585306167602539,15.745248794555664,16.543067932128906,37.011146545410156,53.636932373046875,55.11144256591797,0.1870322823524475,0.21023188531398773,0.2515638470649719,5.709599494934082,5.282097816467285,4.491336822509766,nan
16.280,0,138.33517456054688,194.45387268066406,196.81019592285156,250.5621337890625,249.29006958007812,247.0878143310547,0.44777342677116394,0.38515394926071167,0.33413365483283997,61.942813873291016,74.8946762084961,65.76091003417969,11.585306167602539,15.745248794555664,16.543067932128906,37.011146545410156,53.636932373046875,55.11144256591797,0.1870322823524475,0.21023188531398773,0.2515638470649719,5.709599494934082,5.282097816467285,4.491336822509766,nan
16.300,0,138.33517456054688,194.45387268066406,196.81019592285156,250.5621337890625,249.29006958007812,247.0878143310547,0.44777342677116394,0.38515394926071167,0.33413365483283997,61.942813873291016,74.8946762084961,65.76091003417969,11.585306167602539,15.745248794555664,16.543067932128906,37.011146545410156,53.636932373046875,55.11144256591797,0.1870322823524475,0.21023188531398773,0.2515638470649719,5.709599494934082,5.282097816467285,4.491336822509766,nan
16.320,0,138.31761169433594,194.4469757080078,196.7525177001953,250.6261444091797,249.2920379638672,247.0570526123047,0.4475715458393097,0.3850061893463135,0.3339232802391052,61.90702819824219,74.86328887939453,65.70024871826172,11.29151439666748,15.900592803955078,16.584026336669922,36.27213668823242,53.43791198730469,55.63203048706055,0.18239471316337585,0.2123950570821762,0.25241953134536743,5.739463806152344,5.206997871398926,4.412860870361328,nan
16.340,0,138.31761169433594,194.4469757080078,196.7525177001953,250.6261444091797,249.2920379638672,247.0570526123047,0.4475715458393097,0.3850061893463135,0.3339232802391052,61.90702819824219,74.86328887939453,65.70024871826172,11.29151439666748,15.900592803955078,16.584026336669922,36.27213668823242,53.43791198730469,55.63203048706055,0.18239471316337585,0.2123950570821762,0.25241953134536743,5.739463806152344,5.206997871398926,4.412860870361328,nan
16.360,0,138.31761169433594,194.4469757080078,196.7525177001953,250.6261444091797,249.2920379638672,247.0570526123047,0.4475715458393097,0.3850061893463135,0.3339232802391052,61.90702819824219,74.86328887939453,65.70024871826172,11.29151439666748,15.900592803955078,16.584026336669922,36.27213668823242,53.43791198730469,55.63203048706055,0.18239471316337585,0.2123950570821762,0.25241953134536743,5.739463806152344,5.206997871398926,4.412860870361328,nan
16.380,0,138.31761169433594,194.4469757080078,196.7525177001953,250.6261444091797,249.2920379638672,247.0570526123047,0.4475715458393097,0.3850061893463135,0.3339232802391052,61.90702819824219,74.86328887939453,65.70024871826172,11.29151439666748,15.900592803955078,16.584026336669922,36.27213668823242,53.43791198730469,55.63203048706055,0.18239471316337585,0.2123950570821762,0.25241953134536743,5.739463806152344,5.206997871398926,4.412860870361328,nan
16.400,0,138.31761169433594,194.4469757080078,196.7525177001953,250.6261444091797,249.2920379638672,247.0570526123047,0.4475715458393097,0.3850061893463135,0.3339232802391052,61.90702819824219,74.86328887939453,65.70024871826172,11.29151439666748,15.900592803955078,16.584026336669922,36.27213668823242,53.43791198730469,55.63203048706055,0.18239471316337585,0.2123950570821762,0.25241953134536743,5.739463806152344,5.206997871398926,4.412860870361328,nan
16.420,0,138.31761169433594,194.4469757080078,196.7525177001953,250.6261444091797,249.2920379638672,247.0570526123047,0.4475715458393097,0.3850061893463135,0.3339232802391052,61.90702819824219,74.86328887939453,65.70024871826172,11.29151439666748,15.900592803955078,16.584026336669922,36.27213668823242,53.43791198730469,55.63203048706055,0.18239471316337585,0.2123950570821762,0.25241953134536743,5.739463806152344,5.206997871398926,4.412860870361328,nan
16.440,0,138.31761169433594,194.4469757080078,196.7525177001953,250.6261444091797,249.2920379638672,247.0570526123047,0.4475715458393097,0.3850061893463135,0.3339232802391052,61.90702819824219,74.86328887939453,65.70024871826172,11.29151439666748,15.900592803955078,16.584026336669922,36.27213668823242,53.43791198730469,55.63203048706055,0.18239471316337585,0.2123950570821762,0.25241953134536743,5.739463806152344,5.206997871398926,4.412860870361328,nan
16.460,0,138.31761169433594,194.4469757080078,196.7525177001953,250.6261444091797,249.2920379638672,247.0570526123047,0.4475715458393097,0.3850061893463135,0.3339232802391052,61.90702819824219,74.86328887939453,65.70024871826172,11.29151439666748,15.900592803955078,16.584026336669922,36.27213668823242,53.43791198730469,55.63203048706055,0.18239471316337585,0.2123950570821762,0.25241953134536743,5.739463806152344,5.206997871398926,4.412860870361328,nan
16.480,0,138.31761169433594,194.4469757080078,196.7525177001953,250.6261444091797,249.2920379638672,247.0570526123047,0.4475715458393097,0.3850061893463135,0.3339232802391052,61.90702819824219,74.86328887939453,65.70024871826172,11.29151439666748,15.900592803955078,16.584026336669922,36.27213668823242,53.43791198730469,55.63203048706055,0.18239471316337585,0.2123950570821762,0.25241953134536743,5.739463806152344,5.206997871398926,4.412860870361328,nan
16.500,0,138.31761169433594,194.4469757080078,196.7525177001953,250.6261444091797,249.2920379638672,247.0570526123047,0.4475715458393097,0.3850061893463135,0.3339232802391052,61.90702819824219,74.86328887939453,65.70024871826172,11.29151439666748,15.900592803955078,16.584026336669922,36.27213668823242,53.43791198730469,55.63203048706055,0.18239471316337585,0.2123950570821762,0.25241953134536743,5.739463806152344,5.206997871398926,4.412860870361328,nan
16.520,0,138.27716064453125,194.41000366210938,196.81956481933594,250.5207977294922,249.22604370117188,247.1053009033203,0.4452125132083893,0.3816687762737274,0.335340291261673,61.562721252441406,74.20022583007812,66.00153350830078,12.047103881835938,15.842114448547363,15.943852424621582,36.1817512512207,53.207557678222656,55.95055389404297,0.19568829238414764,0.21350494027137756,0.24156790971755981,5.684103488922119,5.236846446990967,4.509373188018799,nan
16.540,0,138.27716064453125,194.41000366210938,196.81956481933594,250.5207977294922,249.22604370117188,247.1053009033203,0.4452125132083893,0.3816687762737274,0.335340291261673,61.562721252441406,74.20022583007812,66.00153350830078,12.047103881835938,15.842114448547363,15.943852424621582,36.1817512512207,53.207557678222656,55.95055389404297,0.19568829238414764,0.21350494027137756,0.24156790971755981,5.684103488922119,5.236846446990967,4.509373188018799,nan
16.560,0,138.27716064453125,194.41000366210938,196.81956481933594,250.5207977294922,249.22604370117188,247.1053009033203,0.4452125132083893,0.3816687762737274,0.335340291261673,61.562721252441406,74.20022583007812,66.00153350830078,12.047103881835938,15.842114448547363,15.943852424621582,36.1817512512207,53.207557678222656,55.95055389404297,0.19568829238414764,0.21350494027137756,0.24156790971755981,5.684103488922119,5.236846446990967,4.509373188018799,nan
16.580,0,138.27716064453125,194.41000366210938,196.81956481933594,250.5207977294922,249.22604370117188,247.1053009033203,0.4452125132083893,0.3816687762737274,0.335340291261673,61.562721252441406,74.20022583007812,66.00153350830078,12.047103881835938,15.842114448547363,15.943852424621582,36.1817512512207,53.207557678222656,55.95055389404297,0.19568829238414764,0.21350494027137756,0.24156790971755981,5.684103488922119,5.236846446990967,4.509373188018799,nan
16.600,0,138.27716064453125,194.41000366210938,196.81956481933594,250.5207977294922,249.22604370117188,247.1053009033203,0.4452125132083893,0.3816687762737274,0.335340291261673,61.562721252441406,74.20022583007812,66.00153350830078,12.047103881835938,15.842114448547363,15.943852424621582,36.1817512512207,53.207557678222656,55.95055389404297,0.19568829238414764,0.21350494027137756,0.24156790971755981,5.684103488922119,5.236846446990967,4.509373188018799,nan
16.620,0,138.27716064453125,194.41000366210938,196.81956481933594,250.5207977294922,249.22604370117188,247.1053009033203,0.4452125132083893,0.3816687762737274,0.335340291261673,61.562721252441406,74.20022583007812,66.00153350830078,12.047103881835938,15.842114448547363,15.943852424621582,36.1817512512207,53.207557678222656,55.95055389404297,0.19568829238414764,0.21350494027137756,0.24156790971755981,5.684103488922119,5.236846446990967,4.509373188018799,nan
16.640,0,138.27716064453125,194.41000366210938,196.81956481933594,250.5207977294922,249.22604370117188,247.1053009033203,0.4452125132083893,0.3816687762737274,0.335340291261673,61.562721252441406,74.20022583007812,66.00153350830078,12.047103881835938,15.842114448547363,15.943852424621582,36.1817512512207,53.207557678222656,55.95055389404297,0.19568829238414764,0.21350494027137756,0.24156790971755981,5.684103488922119,5.236846446990967,4.509373188018799,nan
16.660,0,138.27716064453125,194.41000366210938,196.81956481933594,250.5207977294922,249.22604370117188,247.1053009033203,0.4452125132083893,0.3816687762737274,0.335340291261673,61.562721252441406,74.20022583007812,66.00153350830078,12.047103881835938,15.842114448547363,15.943852424621582,36.1817512512207,53.207557678222656,55.95055389404297,0.19568829238414764,0.21350494027137756,0.24156790971755981,5.684103488922119,5.236846446990967,4.509373188018799,nan
16.680,0,138.27716064453125,194.41000366210938,196.81956481933594,250.5207977294922,249.22604370117188,247.1053009033203,0.4452125132083893,0.3816687762737274,0.335340291261673,61.562721252441406,74.20022583007812,66.00153350830078,12.047103881835938,15.842114448547363,15.943852424621582,36.1817512512207,53.207557678222656,55.95055389404297,0.19568829238414764,0.21350494027137756,0.24156790971755981,5.684103488922119,5.236846446990967,4.509373188018799,nan
16.700,0,138.27716064453125,194.41000366210938,196.81956481933594,250.5207977294922,249.22604370117188,247.1053009033203,0.4452125132083893,0.3816687762737274,0.335340291261673,61.562721252441406,74.20022583007812,66.00153350830078,12.047103881835938,15.842114448547363,15.943852424621582,36.1817512512207,53.207557678222656,55.95055389404297,0.19568829238414764,0.21350494027137756,0.24156790971755981,5.684103488922119,5.236846446990967,4.509373188018799,nan
16.720,0,138.35519409179688,194.47669982910156,196.79605102539062,250.59884643554688,249.09716796875,247.2041778564453,0.428838849067688,0.36040198802948,0.33980992436408997,59.33208084106445,70.08979034423828,66.87325286865234,10.328168869018555,16.66106414794922,16.481037139892578,35.137779235839844,50.43545913696289,56.616546630859375,0.1740739345550537,0.23771028220653534,0.24645185470581055,5.681737899780273,5.247290134429932,4.362653732299805,nan
16.740,0,138.35519409179688,194.47669982910156,196.79605102539062,250.59884643554688,249.09716796875,247.2041778564453,0.428838849067688,0.36040198802948,0.33980992436408997,59.33208084106445,70.08979034423828,66.87325286865234,10.328168869018555,16.66106414794922,16.481037139892578,35.137779235839844,50.43545913696289,56.616546630859375,0.1740739345550537,0.23771028220653534,0.24645185470581055,5.681737899780273,5.247290134429932,4.362653732299805,nan
16.760,0,138.35519409179688,194.47669982910156,196.79605102539062,250.59884643554688,249.09716796875,247.2041778564453,0.428838849067688,0.36040198802948,0.33980992436408997,59.33208084106445,70.08979034423828,66.87325286865234,10.328168869018555,16.66106414794922,16.481037139892578,35.137779235839844,50.43545913696289,56.616546630859375,0.1740739345550537,0.23771028220653534,0.24645185470581055,5.681737899780273,5.247290134429932,4.362653732299805,nan
16.780,0,138.35519409179688,194.47669982910156,196.79605102539062,250.59884643554688,249.09716796875,247.2041778564453,0.428838849067688,0.36040198802948,0.33980992436408997,59.33208084106445,70.08979034423828,66.87325286865234,10.328168869018555,16.66106414794922,16.481037139892578,35.137779235839844,50.43545913696289,56.616546630859375,0.1740739345550537,0.23771028220653534,0.24645185470581055,5.681737899780273,5.247290134429932,4.362653732299805,nan
16.800,0,138.35519409179688,194.47669982910156,196.79605102539062,250.59884643554688,249.09716796875,247.2041778564453,0.428838849067688,0.36040198802948,0.33980992436408997,59.33208084106445,70.08979034423828,66.87325286865234,10.328168869018555,16.66106414794922,16.481037139892578,35.137779235839844,50.43545913696289,56.616546630859375,0.1740739345550537,0.23771028220653534,0.24645185470581055,5.681737899780273,5.247290134429932,4.362653732299805,nan
16.820,0,138.35519409179688,194.47669982910156,196.79605102539062,250.59884643554688,249.09716796875,247.2041778564453,0.428838849067688,0.36040198802948,0.33980992436408997,59.33208084106445,70.08979034423828,66.87325286865234,10.328168869018555,16.66106414794922,16.481037139892578,35.137779235839844,50.43545913696289,56.616546630859375,0.1740739345550537,0.23771028220653534,0.24645185470581055,5.681737899780273,5.247290134429932,4.362653732299805,nan
16.840,0,138.35519409179688,194.47669982910156,196.79605102539062,250.59884643554688,249.09716796875,247.2041778564453,0.428838849067688,0.36040198802948,0.33980992436408997,59.33208084106445,70.08979034423828,66.87325286865234,10.328168869018555,16.66106414794922,16.481037139892578,35.137779235839844,50.43545913696289,56.616546630859375,0.1740739345550537,0.23771028220653534,0.24645185470581055,5.681737899780273,5.247290134429932,4.362653732299805,nan
16.860,0,138.35519409179688,194.47669982910156,196.79605102539062,250.59884643554688,249.09716796875,247.2041778564453,0.428838849067688,0.36040198802948,0.33980992436408997,59.33208084106445,70.08979034423828,66.87325286865234,10.328168869018555,16.66106414794922,16.481037139892578,35.137779235839844,50.43545913696289,56.616546630859375,0.1740739345550537,0.23771028220653534,0.24645185470581055,5.681737899780273,5.247290134429932,4.362653732299805,nan
16.880,0,138.35519409179688,194.47669982910156,196.79605102539062,250.59884643554688,249.09716796875,247.2041778564453,0.428838849067688,0.36040198802948,0.33980992436408997,59.33208084106445,70.08979034423828,66.87325286865234,10.328168869018555,16.66106414794922,16.481037139892578,35.137779235839844,50.43545913696289,56.616546630859375,0.1740739345550537,0.23771028220653534,0.24645185470581055,5.681737899780273,5.247290134429932,4.362653732299805,nan
16.900,0,138.35519409179688,194.47669982910156,196.79605102539062,250.59884643554688,249.09716796875,247.2041778564453,0.428838849067688,0.36040198802948,0.33980992436408997,59.33208084106445,70.08979034423828,66.87325286865234,10.328168869018555,16.66106414794922,16.481037139892578,35.137779235839844,50.43545913696289,56.616546630859375,0.1740739345550537,0.23771028220653534,0.24645185470581055,5.681737899780273,5.247290134429932,4.362653732299805,nan
16.920,0,138.35897827148438,194.40550231933594,196.8288116455078,250.54161071777344,249.13739013671875,247.15277099609375,0.4316155016422272,0.3639073371887207,0.3345459997653961,59.71788024902344,70.74559020996094,65.8482894897461,10.844734191894531,16.167476654052734,16.679826736450195,35.495811462402344,50.87157440185547,55.698486328125,0.1815994530916214,0.22852981090545654,0.25330689549446106,5.667093753814697,5.214335918426514,4.504507064819336,nan
16.940,0,138.35897827148438,194.40550231933594,196.8288116455078,250.54161071777344,249.13739013671875,247.15277099609375,0.4316155016422272,0.3639073371887207,0.3345459997653961,59.71788024902344,70.74559020996094,65.8482894897461,10.844734191894531,16.167476654052734,16.679826736450195,35.495811462402344,50.87157440185547,55.698486328125,0.1815994530916214,0.22852981090545654,0.25330689549446106,5.667093753814697,5.214335918426514,4.504507064819336,nan
16.960,0,138.35897827148438,194.40550231933594,196.8288116455078,250.54161071777344,249.13739013671875,247.15277099609375,0.4316155016422272,0.3639073371887207,0.3345459997653961,59.71788024902344,70.74559020996094,65.8482894897461,10.844734191894531,16.167476654052734,16.679826736450195,35.495811462402344,50.87157440185547,55.698486328125,0.1815994530916214,0.22852981090545654,0.25330689549446106,5.667093753814697,5.214335918426514,4.504507064819336,nan
16.980,0,138.35897827148438,194.40550231933594,196.8288116455078,250.54161071777344,249.13739013671875,247.15277099609375,0.4316155016422272,0.3639073371887207,0.3345459997653961,59.71788024902344,70.74559020996094,65.8482894897461,10.844734191894531,16.167476654052734,16.679826736450195,35.495811462402344,50.87157440185547,55.698486328125,0.1815994530916214,0.22852981090545654,0.25330689549446106,5.667093753814697,5.214335918426514,4.504507064819336,nan
17.000,0,138.35897827148438,194.40550231933594,196.8288116455078,250.54161071777344,249.13739013671875,247.15277099609375,0.4316155016422272,0.3639073371887207,0.3345459997653961,59.71788024902344,70.74559020996094,65.8482894897461,10.844734191894531,16.167476654052734,16.679826736450195,35.495811462402344,50.87157440185547,55.698486328125,0.1815994530916214,0.22852981090545654,0.25330689549446106,5.667093753814697,5.214335918426514,4.504507064819336,nan
17.020,0,138.35897827148438,194.40550231933594,196.8288116455078,250.54161071777344,249.13739013671875,247.15277099609375,0.4316155016422272,0.3639073371887207,0.3345459997653961,59.71788024902344,70.74559020996094,65.8482894897461,10.844734191894531,16.167476654052734,16.679826736450195,35.495811462402344,50.87157440185547,55.698486328125,0.1815994530916214,0.22852981090545654,0.25330689549446106,5.667093753814697,5.214335918426514,4.504507064819336,nan
17.040,0,138.35897827148438,194.40550231933594,196.8288116455078,250.54161071777344,249.13739013671875,247.15277099609375,0.4316155016422272,0.3639073371887207,0.3345459997653961,59.71788024902344,70.74559020996094,65.8482894897461,10.844734191894531,16.167476654052734,16.679826736450195,35.495811462402344,50.87157440185547,55.698486328125,0.1815994530916214,0.22852981090545654,0.25330689549446106,5.667093753814697,5.214335918426514,4.504507064819336,nan
17.060,0,138.35897827148438,194.40550231933594,196.8288116455078,250.54161071777344,249.13739013671875,247.15277099609375,0.4316155016422272,0.3639073371887207,0.3345459997653961,59.71788024902344,70.74559020996094,65.8482894897461,10.844734191894531,16.167476654052734,16.679826736450195,35.495811462402344,50.87157440185547,55.698486328125,0.1815994530916214,0.22852981090545654,0.25330689549446106,5.667093753814697,5.214335918426514,4.504507064819336,nan
17.080,0,138.35897827148438,194.40550231933594,196.8288116455078,250.54161071777344,249.13739013671875,247.15277099609375,0.4316155016422272,0.3639073371887207,0.3345459997653961,59.71788024902344,70.74559020996094,65.8482894897461,10.844734191894531,16.167476654052734,16.679826736450195,35.495811462402344,50.87157440185547,55.698486328125,0.1815994530916214,0.22852981090545654,0.25330689549446106,5.667093753814697,5.214335918426514,4.504507064819336,nan
17.100,0,138.35897827148438,194.40550231933594,196.8288116455078,250.54161071777344,249.13739013671875,247.15277099609375,0.4316155016422272,0.3639073371887207,0.3345459997653961,59.71788024902344,70.74559020996094,65.8482894897461,10.844734191894531,16.167476654052734,16.679826736450195,35.495811462402344,50.87157440185547,55.698486328125,0.1815994530916214,0.22852981090545654,0.25330689549446106,5.667093753814697,5.214335918426514,4.504507064819336,nan
17.120,0,138.30665588378906,194.41738891601562,196.7608184814453,250.50946044921875,249.16676330566406,247.1077423095703,0.43801242113113403,0.3742760717868805,0.3340555429458618,60.58003234863281,72.76577758789062,65.72904205322266,11.233866691589355,16.078527450561523,16.261045455932617,35.89414978027344,52.39859390258789,55.5352783203125,0.18543843924999237,0.2209627628326416,0.24739514291286469,5.696163654327393,5.2568559646606445,4.406221389770508,nan
17.140,0,138.30665588378906,194.41738891601562,196.7608184814453,250.50946044921875,249.16676330566406,247.1077423095703,0.43801242113113403,0.3742760717868805,0.3340555429458618,60.58003234863281,72.76577758789062,65.72904205322266,11.233866691589355,16.078527450561523,16.261045455932617,35.89414978027344,52.39859390258789,55.5352783203125,0.18543843924999237,0.2209627628326416,0.24739514291286469,5.696163654327393,5.2568559646606445,4.406221389770508,nan
17.160,0,138.30665588378906,194.41738891601562,196.7608184814453,250.50946044921875,249.16676330566406,247.1077423095703,0.43801242113113403,0.3742760717868805,0.3340555429458618,60.58003234863281,72.76577758789062,65.72904205322266,11.233866691589355,16.078527450561523,16.261045455932617,35.89414978027344,52.39859390258789,55.5352783203125,0.18543843924999237,0.2209627628326416,0.24739514291286469,5.696163654327393,5.2568559646606445,4.406221389770508,nan
17.180,0,138.30665588378906,194.41738891601562,196.7608184814453,250.50946044921875,249.16676330566406,247.1077423095703,0.43801242113113403,0.3742760717868805,0.3340555429458618,60.58003234863281,72.76577758789062,65.72904205322266,11.233866691589355,16.078527450561523,16.261045455932617,35.89414978027344,52.39859390258789,55.5352783203125,0.18543843924999237,0.2209627628326416,0.24739514291286469,5.696163654327393,5.2568559646606445,4.406221389770508,nan
17.200,0,138.30665588378906,194.41738891601562,196.7608184814453,250.50946044921875,249.16676330566406,247.1077423095703,0.43801242113113403,0.3742760717868805,0.3340555429458618,60.58003234863281,72.76577758789062,65.72904205322266,11.233866691589355,16.078527450561523,16.261045455932617,35.89414978027344,52.39859390258789,55.5352783203125,0.18543843924999237,0.2209627628326416,0.24739514291286469,5.696163654327393,5.2568559646606445,4.406221389770508,nan
17.220,0,138.30665588378906,194.41738891601562,196.7608184814453,250.50946044921875,249.16676330566406,247.1077423095703,0.43801242113113403,0.3742760717868805,0.3340555429458618,60.58003234863281,72.76577758789062,65.72904205322266,11.233866691589355,16.078527450561523,16.261045455932617,35.89414978027344,52.39859390258789,55.5352783203125,0.18543843924999237,0.2209627628326416,0.24739514291286469,5.696163654327393,5.2568559646606445,4.406221389770508,nan
17.240,0,138.30665588378906,194.41738891601562,196.7608184814453,250.50946044921875,249.16676330566406,247.1077423095703,0.43801242113113403,0.3742760717868805,0.3340555429458618,60.58003234863281,72.76577758789062,65.72904205322266,11.233866691589355,16.078527450561523,16.261045455932617,35.89414978027344,52.39859390258789,55.5352783203125,0.18543843924999237,0.2209627628326416,0.24739514291286469,5.696163654327393,5.2568559646606445,4.406221389770508,nan
17.260,0,138.30665588378906,194.41738891601562,196.7608184814453,250.50946044921875,249.16676330566406,247.1077423095703,0.43801242113113403,0.3742760717868805,0.3340555429458618,60.58003234863281,72.76577758789062,65.72904205322266,11.233866691589355,16.078527450561523,16.261045455932617,35.89414978027344,52.39859390258789,55.5352783203125,0.18543843924999237,0.2209627628326416,0.24739514291286469,5.696163654327393,5.2568559646606445,4.406221389770508,nan
17.280,0,138.30665588378906,194.41738891601562,196.7608184814453,250.50946044921875,249.16676330566406,247.1077423095703,0.43801242113113403,0.3742760717868805,0.3340555429458618,60.58003234863281,72.76577758789062,65.72904205322266,11.233866691589355,16.078527450561523,16.261045455932617,35.89414978027344,52.39859390258789,55.5352783203125,0.18543843924999237,0.2209627628326416,0.24739514291286469,5.696163654327393,5.2568559646606445,4.406221389770508,nan
17.300,0,138.30665588378906,194.41738891601562,196.7608184814453,250.50946044921875,249.16676330566406,247.1077423095703,0.43801242113113403,0.3742760717868805,0.3340555429458618,60.58003234863281,72.76577758789062,65.72904205322266,11.233866691589355,16.078527450561523,16.261045455932617,35.89414978027344,52.39859390258789,55.5352783203125,0.18543843924999237,0.2209627628326416,0.24739514291286469,5.696163654327393,5.2568559646606445,4.406221389770508,nan
17.320,0,138.29551696777344,194.40408325195312,196.87681579589844,250.47853088378906,249.22726440429688,247.08450317382812,0.44632723927497864,0.3830212950706482,0.33618858456611633,61.72505569458008,74.46090698242188,66.18773651123047,11.29478931427002,16.14914321899414,16.25910186767578,36.434043884277344,53.37685775756836,55.64366149902344,0.18298548460006714,0.21688082814216614,0.2456512749195099,5.797797203063965,5.286316394805908,4.541106700897217,nan
17.340,0,138.29551696777344,194.40408325195312,196.87681579589844,250.47853088378906,249.22726440429688,247.08450317382812,0.44632723927497864,0.3830212950706482,0.33618858456611633,61.72505569458008,74.46090698242188,66.18773651123047,11.29478931427002,16.14914321899414,16.25910186767578,36.434043884277344,53.37685775756836,55.64366149902344,0.18298548460006714,0.21688082814216614,0.2456512749195099,5.797797203063965,5.286316394805908,4.541106700897217,nan
17.360,0,138.29551696777344,194.40408325195312,196.87681579589844,250.47853088378906,249.22726440429688,247.08450317382812,0.44632723927497864,0.3830212950706482,0.33618858456611633,61.72505569458008,74.46090698242188,66.18773651123047,11.29478931427002,16.14914321899414,16.25910186767578,36.434043884277344,53.37685775756836,55.64366149902344,0.18298548460006714,0.21688082814216614,0.2456512749195099,5.797797203063965,5.286316394805908,4.541106700897217,nan
17.380,0,138.29551696777344,194.40408325195312,196.87681579589844,250.47853088378906,249.22726440429688,247.08450317382812,0.44632723927497864,0.3830212950706482,0.33618858456611633,61.72505569458008,74.46090698242188,66.18773651123047,11.29478931427002,16.14914321899414,16.25910186767578,36.434043884277344,53.37685775756836,55.64366149902344,0.18298548460006714,0.21688082814216614,0.2456512749195099,5.797797203063965,5.286316394805908,4.541106700897217,nan
17.400,0,138.29551696777344,194.40408325195312,196.87681579589844,250.47853088378906,249.22726440429688,247.08450317382812,0.44632723927497864,0.3830212950706482,0.33618858456611633,61.72505569458008,74.46090698242188,66.18773651123047,11.29478931427002,16.14914321899414,16.25910186767578,36.434043884277344,53.37685775756836,55.64366149902344,0.18298548460006714,0.21688082814216614,0.2456512749195099,5.797797203063965,5.286316394805908,4.541106700897217,nan
17.420,0,138.29551696777344,194.40408325195312,196.87681579589844,250.47853088378906,249.22726440429688,247.08450317382812,0.44632723927497864,0.3830212950706482,0.33618858456611633,61.72505569458008,74.46090698242188,66.18773651123047,11.29478931427002,16.14914321899414,16.25910186767578,36.434043884277344,53.37685775756836,55.64366149902344,0.18298548460006714,0.21688082814216614,0.2456512749195099,5.797797203063965,5.286316394805908,4.541106700897217,nan
17.440,0,138.29551696777344,194.40408325195312,196.87681579589844,250.47853088378906,249.22726440429688,247.08450317382812,0.44632723927497864,0.3830212950706482,0.33618858456611633,61.72505569458008,74.46090698242188,66.18773651123047,11.29478931427002,16.14914321899414,16.25910186767578,36.434043884277344,53.37685775756836,55.64366149902344,0.18298548460006714,0.21688082814216614,0.2456512749195099,5.797797203063965,5.286316394805908,4.541106700897217,nan
17.460,0,138.29551696777344,194.40408325195312,196.87681579589844,250.47853088378906,249.22726440429688,247.08450317382812,0.44632723927497864,0.3830212950706482,0.33618858456611633,61.72505569458008,74.46090698242188,66.18773651123047,11.29478931427002,16.14914321899414,16.25910186767578,36.434043884277344,53.37685775756836,55.64366149902344,0.18298548460006714,0.21688082814216614,0.2456512749195099,5.797797203063965,5.286316394805908,4.541106700897217,nan
17.480,0,138.29551696777344,194.40408325195312,196.87681579589844,250.47853088378906,249.22726440429688,247.08450317382812,0.44632723927497864,0.3830212950706482,0.33618858456611633,61.72505569458008,74.46090698242188,66.18773651123047,11.29478931427002,16.14914321899414,16.25910186767578,36.434043884277344,53.37685775756836,55.64366149902344,0.18298548460006714,0.21688082814216614,0.2456512749195099,5.797797203063965,5.286316394805908,4.541106700897217,nan
17.500,0,138.29551696777344,194.40408325195312,196.87681579589844,250.47853088378906,249.22726440429688,247.08450317382812,0.44632723927497864,0.3830212950706482,0.33618858456611633,61.72505569458008,74.46090698242188,66.18773651123047,11.29478931427002,16.14914321899414,16.25910186767578,36.434043884277344,53.37685775756836,55.64366149902344,0.18298548460006714,0.21688082814216614,0.2456512749195099,5.797797203063965,5.286316394805908,4.541106700897217,nan
17.520,0,138.2788543701172,194.391357421875,196.70755004882812,250.43881225585938,249.13787841796875,246.989501953125,0.43869704008102417,0.3749934434890747,0.33148279786109924,60.66252517700195,72.8954849243164,65.20516967773438,11.257445335388184,15.543354988098145,16.83070945739746,35.59939193725586,51.85174560546875,54.825138092041016,0.1855749487876892,0.21322795748710632,0.25811925530433655,5.685030460357666,5.3093085289001465,4.410647392272949,nan
17.540,0,138.2788543701172,194.391357421875,196.70755004882812,250.43881225585938,249.13787841796875,246.989501953125,0.43869704008102417,0.3749934434890747,0.33148279786109924,60.66252517700195,72.8954849243164,65.20516967773438,11.257445335388184,15.543354988098145,16.83070945739746,35.59939193725586,51.85174560546875,54.825138092041016,0.1855749487876892,0.21322795748710632,0.25811925530433655,5.685030460357666,5.3093085289001465,4.410647392272949,nan
17.560,0,138.2788543701172,194.391357421875,196.70755004882812,250.43881225585938,249.13787841796875,246.989501953125,0.43869704008102417,0.3749934434890747,0.33148279786109924,60.66252517700195,72.8954849243164,65.20516967773438,11.257445335388184,15.543354988098145,16.83070945739746,35.59939193725586,51.85174560546875,54.825138092041016,0.1855749487876892,0.21322795748710632,0.25811925530433655,5.685030460357666,5.3093085289001465,4.410647392272949,nan
17.580,0,138.2788543701172,194.391357421875,196.70755004882812,250.43881225585938,249.13787841796875,246.989501953125,0.43869704008102417,0.3749934434890747,0.33148279786109924,60.66252517700195,72.8954849243164,65.20516967773438,11.257445335388184,15.543354988098145,16.83070945739746,35.59939193725586,51.85174560546875,54.825138092041016,0.1855749487876892,0.21322795748710632,0.25811925530433655,5.685030460357666,5.3093085289001465,4.410647392272949,nan
17.600,0,138.2788543701172,194.391357421875,196.70755004882812,250.43881225585938,249.13787841796875,246.989501953125,0.43869704008102417,0.3749934434890747,0.33148279786109924,60.66252517700195,72.8954849243164,65.20516967773438,11.257445335388184,15.543354988098145,16.83070945739746,35.59939193725586,51.85174560546875,54.825138092041016,0.1855749487876892,0.21322795748710632,0.25811925530433655,5.685030460357666,5.3093085289001465,4.410647392272949,nan
17.620,0,138.2788543701172,194.391357421875,196.70755004882812,250.43881225585938,249.13787841796875,246.989501953125,0.43869704008102417,0.3749934434890747,0.33148279786109924,60.66252517700195,72.8954849243164,65.20516967773438,11.257445335388184,15.543354988098145,16.83070945739746,35.59939193725586,51.85174560546875,54.825138092041016,0.1855749487876892,0.21322795748710632,0.25811925530433655,5.685030460357666,5.3093085289001465,4.410647392272949,nan
17.640,0,138.2788543701172,194.391357421875,196.70755004882812,250.43881225585938,249.13787841796875,246.989501953125,0.43869704008102417,0.3749934434890747,0.33148279786109924,60.66252517700195,72.8954849243164,65.20516967773438,11.257445335388184,15.543354988098145,16.83070945739746,35.59939193725586,51.85174560546875,54.825138092041016,0.1855749487876892,0.21322795748710632,0.25811925530433655,5.685030460357666,5.3093085289001465,4.410647392272949,nan
17.660,0,138.2788543701172,194.391357421875,196.70755004882812,250.43881225585938,249.13787841796875,246.989501953125,0.43869704008102417,0.3749934434890747,0.33148279786109924,60.66252517700195,72.8954849243164,65.20516967773438,11.257445335388184,15.543354988098145,16.83070945739746,35.59939193725586,51.85174560546875,54.825138092041016,0.1855749487876892,0.21322795748710632,0.25811925530433655,5.685030460357666,5.3093085289001465,4.410647392272949,nan
17.680,0,138.2788543701172,194.391357421875,196.70755004882812,250.43881225585938,249.13787841796875,246.989501953125,0.43869704008102417,0.3749934434890747,0.33148279786109924,60.66252517700195,72.8954849243164,65.20516967773438,11.257445335388184,15.543354988098145,16.83070945739746,35.59939193725586,51.85174560546875,54.825138092041016,0.1855749487876892,0.21322795748710632,0.25811925530433655,5.685030460357666,5.3093085289001465,4.410647392272949,nan
17.700,0,138.2788543701172,194.391357421875,196.70755004882812,250.43881225585938,249.13787841796875,246.989501953125,0.43869704008102417,0.3749934434890747,0.33148279786109924,60.66252517700195,72.8954849243164,65.20516967773438,11.257445335388184,15.543354988098145,16.83070945739746,35.59939193725586,51.85174560546875,54.825138092041016,0.1855749487876892,0.21322795748710632,0.25811925530433655,5.685030460357666,5.3093085289001465,4.410647392272949,nan
17.720,0,138.5175018310547,194.37741088867188,196.752685546875,250.55865478515625,248.7721405029297,247.2545928955078,0.4092845022678375,0.32877489924430847,0.3461853265762329,56.69306564331055,63.90641403198242,68.1128921508789,8.155985832214355,18.106632232666016,17.791791915893555,34.27212905883789,46.375247955322266,57.54049301147461,0.14386214315891266,0.28333044052124023,0.2612103521823883,5.644335746765137,5.189983367919922,4.493181228637695,nan
17.740,0,138.5175018310547,194.37741088867188,196.752685546875,250.55865478515625,248.7721405029297,247.2545928955078,0.4092845022678375,0.32877489924430847,0.3461853265762329,56.69306564331055,63.90641403198242,68.1128921508789,8.155985832214355,18.106632232666016,17.791791915893555,34.27212905883789,46.375247955322266,57.54049301147461,0.14386214315891266,0.28333044052124023,0.2612103521823883,5.644335746765137,5.189983367919922,4.493181228637695,nan
17.760,0,138.5175018310547,194.37741088867188,196.752685546875,250.55865478515625,248.7721405029297,247.2545928955078,0.4092845022678375,0.32877489924430847,0.3461853265762329,56.69306564331055,63.90641403198242,68.1128921508789,8.155985832214355,18.106632232666016,17.791791915893555,34.27212905883789,46.375247955322266,57.54049301147461,0.14386214315891266,0.28333044052124023,0.2612103521823883,5.644335746765137,5.189983367919922,4.493181228637695,nan
17.780,0,138.5175018310547,194.37741088867188,196.752685546875,250.55865478515625,248.7721405029297,247.2545928955078,0.4092845022678375,0.32877489924430847,0.3461853265762329,56.69306564331055,63.90641403198242,68.1128921508789,8.155985832214355,18.106632232666016,17.791791915893555,34.27212905883789,46.375247955322266,57.54049301147461,0.14386214315891266,0.28333044052124023,0.2612103521823883,5.644335746765137,5.189983367919922,4.493181228637695,nan
17.800,0,138.5175018310547,194.37741088867188,196.752685546875,250.55865478515625,248.7721405029297,247.2545928955078,0.4092845022678375,0.32877489924430847,0.3461853265762329,56.69306564331055,63.90641403198242,68.1128921508789,8.155985832214355,18.106632232666016,17.791791915893555,34.27212905883789,46.375247955322266,57.54049301147461,0.14386214315891266,0.28333044052124023,0.2612103521823883,5.644335746765137,5.189983367919922,4.493181228637695,nan
17.820,0,138.5175018310547,194.37741088867188,196.752685546875,250.55865478515625,248.7721405029297,247.2545928955078,0.4092845022678375,0.32877489924430847,0.3461853265762329,56.69306564331055,63.90641403198242,68.1128921508789,8.155985832214355,18.106632232666016,17.791791915893555,34.27212905883789,46.375247955322266,57.54049301147461,0.14386214315891266,0.28333044052124023,0.2612103521823883,5.644335746765137,5.189983367919922,4.493181228637695,nan
17.840,0,138.5175018310547,194.37741088867188,196.752685546875,250.55865478515625,248.7721405029297,247.2545928955078,0.4092845022678375,0.32877489924430847,0.3461853265762329,56.69306564331055,63.90641403198242,68.1128921508789,8.155985832214355,18.106632232666016,17.791791915893555,34.27212905883789,46.375247955322266,57.54049301147461,0.14386214315891266,0.28333044052124023,0.2612103521823883,5.644335746765137,5.189983367919922,4.493181228637695,nan
17.860,0,138.5175018310547,194.37741088867188,196.752685546875,250.55865478515625,248.7721405029297,247.2545928955078,0.4092845022678375,0.32877489924430847,0.3461853265762329,56.69306564331055,63.90641403198242,68.1128921508789,8.155985832214355,18.106632232666016,17.791791915893555,34.27212905883789,46.375247955322266,57.54049301147461,0.14386214315891266,0.28333044052124023,0.2612103521823883,5.644335746765137,5.189983367919922,4.493181228637695,nan
17.880,0,138.5175018310547,194.37741088867188,196.752685546875,250.55865478515625,248.7721405029297,247.2545928955078,0.4092845022678375,0.32877489924430847,0.3461853265762329,56.69306564331055,63.90641403198242,68.1128921508789,8.155985832214355,18.106632232666016,17.791791915893555,34.27212905883789,46.375247955322266,57.54049301147461,0.14386214315891266,0.28333044052124023,0.2612103521823883,5.644335746765137,5.189983367919922,4.493181228637695,nan
17.900,0,138.5175018310547,194.37741088867188,196.752685546875,250.55865478515625,248.7721405029297,247.2545928955078,0.4092845022678375,0.32877489924430847,0.3461853265762329,56.69306564331055,63.90641403198242,68.1128921508789,8.155985832214355,18.106632232666016,17.791791915893555,34.27212905883789,46.375247955322266,57.54049301147461,0.14386214315891266,0.28333044052124023,0.2612103521823883,5.644335746765137,5.189983367919922,4.493181228637695,nan
17.920,0,138.45872497558594,194.54759216308594,196.71762084960938,250.6416015625,248.860595703125,247.10362243652344,0.4219592809677124,0.3414662778377533,0.35340267419815063,58.42394256591797,66.43144226074219,69.5205307006836,8.987403869628906,17.060794830322266,17.20702362060547,35.20790481567383,47.81588363647461,58.558536529541016,0.15383084118366241,0.2568180561065674,0.24750995635986328,5.662347316741943,5.268488883972168,4.423427104949951,nan
17.940,0,138.45872497558594,194.54759216308594,196.71762084960938,250.6416015625,248.860595703125,247.10362243652344,0.4219592809677124,0.3414662778377533,0.35340267419815063,58.42394256591797,66.43144226074219,69.5205307006836,8.987403869628906,17.060794830322266,17.20702362060547,35.20790481567383,47.81588363647461,58.558536529541016,0.15383084118366241,0.2568180561065674,0.24750995635986328,5.662347316741943,5.268488883972168,4.423427104949951,nan
17.960,0,138.45872497558594,194.54759216308594,196.71762084960938,250.6416015625,248.860595703125,247.10362243652344,0.4219592809677124,0.3414662778377533,0.35340267419815063,58.42394256591797,66.43144226074219,69.5205307006836,8.987403869628906,17.060794830322266,17.20702362060547,35.20790481567383,47.81588363647461,58.558536529541016,0.15383084118366241,0.2568180561065674,0.24750995635986328,5.662347316741943,5.268488883972168,4.423427104949951,nan
17.980,0,138.45872497558594,194.54759216308594,196.71762084960938,250.6416015625,248.860595703125,247.10362243652344,0.4219592809677124,0.3414662778377533,0.35340267419815063,58.42394256591797,66.43144226074219,69.5205307006836,8.987403869628906,17.060794830322266,17.20702362060547,35.20790481567383,47.81588363647461,58.558536529541016,0.15383084118366241,0.2568180561065674,0.24750995635986328,5.662347316741943,5.268488883972168,4.423427104949951,nan
18.000,0,138.45872497558594,194.54759216308594,196.71762084960938,250.6416015625,248.860595703125,247.10362243652344,0.4219592809677124,0.3414662778377533,0.35340267419815063,58.42394256591797,66.43144226074219,69.5205307006836,8.987403869628906,17.060794830322266,17.20702362060547,35.20790481567383,47.81588363647461,58.558536529541016,0.15383084118366241,0.2568180561065674,0.24750995635986328,5.662347316741943,5.268488883972168,4.423427104949951,nan
18.020,0,138.45872497558594,194.54759216308594,196.71762084960938,250.6416015625,248.860595703125,247.10362243652344,0.4219592809677124,0.3414662778377533,0.35340267419815063,58.42394256591797,66.43144226074219,69.5205307006836,8.987403869628906,17.060794830322266,17.20702362060547,35.20790481567383,47.81588363647461,58.558536529541016,0.15383084118366241,0.2568180561065674,0.24750995635986328,5.662347316741943,5.268488883972168,4.423427104949951,nan
18.040,0,138.45872497558594,194.54759216308594,196.71762084960938,250.6416015625,248.860595703125,247.10362243652344,0.4219592809677124,0.3414662778377533,0.35340267419815063,58.42394256591797,66.43144226074219,69.5205307006836,8.987403869628906,17.060794830322266,17.20702362060547,35.20790481567383,47.81588363647461,58.558536529541016,0.15383084118366241,0.2568180561065674,0.24750995635986328,5.662347316741943,5.268488883972168,4.423427104949951,nan
18.060,0,138.45872497558594,194.54759216308594,196.71762084960938,250.6416015625,248.860595703125,247.10362243652344,0.4219592809677124,0.3414662778377533,0.35340267419815063,58.42394256591797,66.43144226074219,69.5205307006836,8.987403869628906,17.060794830322266,17.20702362060547,35.20790481567383,47.81588363647461,58.558536529541016,0.15383084118366241,0.2568180561065674,0.24750995635986328,5.662347316741943,5.268488883972168,4.423427104949951,nan
18.080,0,138.45872497558594,194.54759216308594,196.71762084960938,250.6416015625,248.860595703125,247.10362243652344,0.4219592809677124,0.3414662778377533,0.35340267419815063,58.42394256591797,66.43144226074219,69.5205307006836,8.987403869628906,17.060794830322266,17.20702362060547,35.20790481567383,47.81588363647461,58.558536529541016,0.15383084118366241,0.2568180561065674,0.24750995635986328,5.662347316741943,5.268488883972168,4.423427104949951,nan
18.100,0,138.45872497558594,194.54759216308594,196.71762084960938,250.6416015625,248.860595703125,247.10362243652344,0.4219592809677124,0.3414662778377533,0.35340267419815063,58.42394256591797,66.43144226074219,69.5205307006836,8.987403869628906,17.060794830322266,17.20702362060547,35.20790481567383,47.81588363647461,58.558536529541016,0.15383084118366241,0.2568180561065674,0.24750995635986328,5.662347316741943,5.268488883972168,4.423427104949951,nan
18.120,0,138.26524353027344,194.36582946777344,196.78335571289062,250.44369506835938,249.18104553222656,247.00653076171875,0.4446544647216797,0.38102373480796814,0.3339539170265198,61.48025894165039,74.05799102783203,65.7165756225586,11.479772567749023,15.671279907226562,16.380773544311523,35.91261672973633,52.767250061035156,55.3466911315918,0.18672290444374084,0.21160821616649628,0.2492639571428299,5.790466785430908,5.271266937255859,4.492564678192139,nan
18.140,0,138.26524353027344,194.36582946777344,196.78335571289062,250.44369506835938,249.18104553222656,247.00653076171875,0.4446544647216797,0.38102373480796814,0.3339539170265198,61.48025894165039,74.05799102783203,65.7165756225586,11.479772567749023,15.671279907226562,16.380773544311523,35.91261672973633,52.767250061035156,55.3466911315918,0.18672290444374084,0.21160821616649628,0.2492639571428299,5.790466785430908,5.271266937255859,4.492564678192139,nan
18.160,0,138.26524353027344,194.36582946777344,196.78335571289062,250.44369506835938,249.18104553222656,247.00653076171875,0.4446544647216797,0.38102373480796814,0.3339539170265198,61.48025894165039,74.05799102783203,65.7165756225586,11.479772567749023,15.671279907226562,16.380773544311523,35.91261672973633,52.767250061035156,55.3466911315918,0.18672290444374084,0.21160821616649628,0.2492639571428299,5.790466785430908,5.271266937255859,4.492564678192139,nan
18.180,0,138.26524353027344,194.36582946777344,196.78335571289062,250.44369506835938,249.18104553222656,247.00653076171875,0.4446544647216797,0.38102373480796814,0.3339539170265198,61.48025894165039,74.05799102783203,65.7165756225586,11.479772567749023,15.671279907226562,16.380773544311523,35.91261672973633,52.767250061035156,55.3466911315918,0.18672290444374084,0.21160821616649628,0.2492639571428299,5.790466785430908,5.271266937255859,4.492564678192139,nan
18.200,0,138.26524353027344,194.36582946777344,196.78335571289062,250.44369506835938,249.18104553222656,247.00653076171875,0.4446544647216797,0.38102373480796814,0.3339539170265198,61.48025894165039,74.05799102783203,65.7165756225586,11.479772567749023,15.671279907226562,16.380773544311523,35.91261672973633,52.767250061035156,55.3466911315918,0.18672290444374084,0.21160821616649628,0.2492639571428299,5.790466785430908,5.271266937255859,4.492564678192139,nan
18.220,0,138.26524353027344,194.36582946777344,196.78335571289062,250.44369506835938,249.18104553222656,247.00653076171875,0.4446544647216797,0.38102373480796814,0.3339539170265198,61.48025894165039,74.05799102783203,65.7165756225586,11.479772567749023,15.671279907226562,16.380773544311523,35.91261672973633,52.767250061035156,55.3466911315918,0.18672290444374084,0.21160821616649628,0.2492639571428299,5.790466785430908,5.271266937255859,4.492564678192139,nan
18.240,0,138.26524353027344,194.36582946777344,196.78335571289062,250.44369506835938,249.18104553222656,247.00653076171875,0.4446544647216797,0.38102373480796814,0.3339539170265198,61.48025894165039,74.05799102783203,65.7165756225586,11.479772567749023,15.671279907226562,16.380773544311523,35.91261672973633,52.767250061035156,55.3466911315918,0.18672290444374084,0.21160821616649628,0.2492639571428299,5.790466785430908,5.271266937255859,4.492564678192139,nan
18.260,0,138.26524353027344,194.36582946777344,196.78335571289062,250.44369506835938,249.18104553222656,247.00653076171875,0.4446544647216797,0.38102373480796814,0.3339539170265198,61.48025894165039,74.05799102783203,65.7165756225586,11.479772567749023,15.671279907226562,16.380773544311523,35.91261672973633,52.767250061035156,55.3466911315918,0.18672290444374084,0.21160821616649628,0.2492639571428299,5.790466785430908,5.271266937255859,4.492564678192139,nan
18.280,0,138.26524353027344,194.36582946777344,196.78335571289062,250.44369506835938,249.18104553222656,247.00653076171875,0.4446544647216797,0.38102373480796814,0.3339539170265198,61.48025894165039,74.05799102783203,65.7165756225586,11.479772567749023,15.671279907226562,16.380773544311523,35.91261672973633,52.767250061035156,55.3466911315918,0.18672290444374084,0.21160821616649628,0.2492639571428299,5.790466785430908,5.271266937255859,4.492564678192139,nan
18.300,0,138.25730895996094,194.41110229492188,196.7359161376953,250.48973083496094,249.26593017578125,246.9616241455078,0.44394826889038086,0.382204532623291,0.33396390080451965,61.379093170166016,74.30480194091797,65.70269775390625,11.735492706298828,15.867086410522461,16.135217666625977,35.82484817504883,52.966026306152344,55.76444625854492,0.19119690358638763,0.21354052424430847,0.24557922780513763,5.712164878845215,5.295711517333984,4.48099422454834,nan
18.320,0,138.25730895996094,194.41110229492188,196.7359161376953,250.48973083496094,249.26593017578125,246.9616241455078,0.44394826889038086,0.382204532623291,0.33396390080451965,61.379093170166016,74.30480194091797,65.70269775390625,11.735492706298828,15.867086410522461,16.135217666625977,35.82484817504883,52.966026306152344,55.76444625854492,0.19119690358638763,0.21354052424430847,0.24557922780513763,5.712164878845215,5.295711517333984,4.48099422454834,nan
18.340,0,138.25730895996094,194.41110229492188,196.7359161376953,250.48973083496094,249.26593017578125,246.9616241455078,0.44394826889038086,0.382204532623291,0.33396390080451965,61.379093170166016,74.30480194091797,65.70269775390625,11.735492706298828,15.867086410522461,16.135217666625977,35.82484817504883,52.966026306152344,55.76444625854492,0.19119690358638763,0.21354052424430847,0.24557922780513763,5.712164878845215,5.295711517333984,4.48099422454834,nan
18.360,0,138.25730895996094,194.41110229492188,196.7359161376953,250.48973083496094,249.26593017578125,246.9616241455078,0.44394826889038086,0.382204532623291,0.33396390080451965,61.379093170166016,74.30480194091797,65.70269775390625,11.735492706298828,15.867086410522461,16.135217666625977,35.82484817504883,52.966026306152344,55.76444625854492,0.19119690358638763,0.21354052424430847,0.24557922780513763,5.712164878845215,5.295711517333984,4.48099422454834,nan
18.380,0,138.25730895996094,194.41110229492188,196.7359161376953,250.48973083496094,249.26593017578125,246.9616241455078,0.44394826889038086,0.382204532623291,0.33396390080451965,61.379093170166016,74.30480194091797,65.70269775390625,11.735492706298828,15.867086410522461,16.135217666625977,35.82484817504883,52.966026306152344,55.76444625854492,0.19119690358638763,0.21354052424430847,0.24557922780513763,5.712164878845215,5.295711517333984,4.48099422454834,nan
18.400,0,138.25730895996094,194.41110229492188,196.7359161376953,250.48973083496094,249.26593017578125,246.9616241455078,0.44394826889038086,0.382204532623291,0.33396390080451965,61.379093170166016,74.30480194091797,65.70269775390625,11.735492706298828,15.867086410522461,16.135217666625977,35.82484817504883,52.966026306152344,55.76444625854492,0.19119690358638763,0.21354052424430847,0.24557922780513763,5.712164878845215,5.295711517333984,4.48099422454834,nan
18.420,0,138.25730895996094,194.41110229492188,196.7359161376953,250.48973083496094,249.26593017578125,246.9616241455078,0.44394826889038086,0.382204532623291,0.33396390080451965,61.379093170166016,74.30480194091797,65.70269775390625,11.735492706298828,15.867086410522461,16.135217666625977,35.82484817504883,52.966026306152344,55.76444625854492,0.19119690358638763,0.21354052424430847,0.24557922780513763,5.712164878845215,5.295711517333984,4.48099422454834,nan
18.440,0,138.25730895996094,194.41110229492188,196.7359161376953,250.48973083496094,249.26593017578125,246.9616241455078,0.44394826889038086,0.382204532623291,0.33396390080451965,61.379093170166016,74.30480194091797,65.70269775390625,11.735492706298828,15.867086410522461,16.135217666625977,35.82484817504883,52.966026306152344,55.76444625854492,0.19119690358638763,0.21354052424430847,0.24557922780513763,5.712164878845215,5.295711517333984,4.48099422454834,nan
18.460,0,138.25730895996094,194.41110229492188,196.7359161376953,250.48973083496094,249.26593017578125,246.9616241455078,0.44394826889038086,0.382204532623291,0.33396390080451965,61.379093170166016,74.30480194091797,65.70269775390625,11.735492706298828,15.867086410522461,16.135217666625977,35.82484817504883,52.966026306152344,55.76444625854492,0.19119690358638763,0.21354052424430847,0.24557922780513763,5.712164878845215,5.295711517333984,4.48099422454834,nan
18.480,0,138.25730895996094,194.41110229492188,196.7359161376953,250.48973083496094,249.26593017578125,246.9616241455078,0.44394826889038086,0.382204532623291,0.33396390080451965,61.379093170166016,74.30480194091797,65.70269775390625,11.735492706298828,15.867086410522461,16.135217666625977,35.82484817504883,52.966026306152344,55.76444625854492,0.19119690358638763,0.21354052424430847,0.24557922780513763,5.712164878845215,5.295711517333984,4.48099422454834,nan
18.500,0,138.258056640625,194.4382781982422,196.85777282714844,250.50955200195312,249.2472381591797,247.060302734375,0.4406777620315552,0.37805411219596863,0.33506229519844055,60.927249908447266,73.50819396972656,65.9596176147461,11.509575843811035,15.805123329162598,16.518245697021484,35.95317077636719,52.99153137207031,55.947662353515625,0.18890686333179474,0.21501171588897705,0.2504296898841858,5.759521961212158,5.270699977874756,4.44117546081543,nan
18.520,0,138.258056640625,194.4382781982422,196.85777282714844,250.50955200195312,249.2472381591797,247.060302734375,0.4406777620315552,0.37805411219596863,0.33506229519844055,60.927249908447266,73.50819396972656,65.9596176147461,11.509575843811035,15.805123329162598,16.518245697021484,35.95317077636719,52.99153137207031,55.947662353515625,0.18890686333179474,0.21501171588897705,0.2504296898841858,5.759521961212158,5.270699977874756,4.44117546081543,nan
18.540,0,138.258056640625,194.4382781982422,196.85777282714844,250.50955200195312,249.2472381591797,247.060302734375,0.4406777620315552,0.37805411219596863,0.33506229519844055,60.927249908447266,73.50819396972656,65.9596176147461,11.509575843811035,15.805123329162598,16.518245697021484,35.95317077636719,52.99153137207031,55.947662353515625,0.18890686333179474,0.21501171588897705,0.2504296898841858,5.759521961212158,5.270699977874756,4.44117546081543,nan
18.560,0,138.258056640625,194.4382781982422,196.85777282714844,250.50955200195312,249.2472381591797,247.060302734375,0.4406777620315552,0.37805411219596863,0.33506229519844055,60.927249908447266,73.50819396972656,65.9596176147461,11.509575843811035,15.805123329162598,16.518245697021484,35.95317077636719,52.99153137207031,55.947662353515625,0.18890686333179474,0.21501171588897705,0.2504296898841858,5.759521961212158,5.270699977874756,4.44117546081543,nan
18.580,0,138.258056640625,194.4382781982422,196.85777282714844,250.50955200195312,249.2472381591797,247.060302734375,0.4406777620315552,0.37805411219596863,0.33506229519844055,60.927249908447266,73.50819396972656,65.9596176147461,11.509575843811035,15.805123329162598,16.518245697021484,35.95317077636719,52.99153137207031,55.947662353515625,0.18890686333179474,0.21501171588897705,0.2504296898841858,5.759521961212158,5.270699977874756,4.44117546081543,nan
18.600,0,138.258056640625,194.4382781982422,196.85777282714844,250.50955200195312,249.2472381591797,247.060302734375,0.4406777620315552,0.37805411219596863,0.33506229519844055,60.927249908447266,73.50819396972656,65.9596176147461,11.509575843811035,15.805123329162598,16.518245697021484,35.95317077636719,52.99153137207031,55.947662353515625,0.18890686333179474,0.21501171588897705,0.2504296898841858,5.759521961212158,5.270699977874756,4.44117546081543,nan
18.620,0,138.258056640625,194.4382781982422,196.85777282714844,250.50955200195312,249.2472381591797,247.060302734375,0.4406777620315552,0.37805411219596863,0.33506229519844055,60.927249908447266,73.50819396972656,65.9596176147461,11.509575843811035,15.805123329162598,16.518245697021484,35.95317077636719,52.99153137207031,55.947662353515625,0.18890686333179474,0.21501171588897705,0.2504296898841858,5.759521961212158,5.270699977874756,4.44117546081543,nan
18.640,0,138.258056640625,194.4382781982422,196.85777282714844,250.50955200195312,249.2472381591797,247.060302734375,0.4406777620315552,0.37805411219596863,0.33506229519844055,60.927249908447266,73.50819396972656,65.9596176147461,11.509575843811035,15.805123329162598,16.518245697021484,35.95317077636719,52.99153137207031,55.947662353515625,0.18890686333179474,0.21501171588897705,0.2504296898841858,5.759521961212158,5.270699977874756,4.44117546081543,nan
18.660,0,138.258056640625,194.4382781982422,196.85777282714844,250.50955200195312,249.2472381591797,247.060302734375,0.4406777620315552,0.37805411219596863,0.33506229519844055,60.927249908447266,73.50819396972656,65.9596176147461,11.509575843811035,15.805123329162598,16.518245697021484,35.95317077636719,52.99153137207031,55.947662353515625,0.18890686333179474,0.21501171588897705,0.2504296898841858,5.759521961212158,5.270699977874756,4.44117546081543,nan
18.680,0,138.258056640625,194.4382781982422,196.85777282714844,250.50955200195312,249.2472381591797,247.060302734375,0.4406777620315552,0.37805411219596863,0.33506229519844055,60.927249908447266,73.50819396972656,65.9596176147461,11.509575843811035,15.805123329162598,16.518245697021484,35.95317077636719,52.99153137207031,55.947662353515625,0.18890686333179474,0.21501171588897705,0.2504296898841858,5.759521961212158,5.270699977874756,4.44117546081543,nan
18.700,0,138.22889709472656,194.324951171875,196.81112670898438,250.47874450683594,249.35459899902344,247.1145477294922,0.43704164028167725,0.3735730051994324,0.33496740460395813,60.41178512573242,72.59455871582031,65.9253158569336,11.710708618164062,15.934317588806152,15.914752006530762,35.97047424316406,52.23095703125,55.480552673339844,0.19384808838367462,0.219497412443161,0.24140577018260956,5.672616958618164,5.343994617462158,4.411280632019043,nan
18.720,0,138.22889709472656,194.324951171875,196.81112670898438,250.47874450683594,249.35459899902344,247.1145477294922,0.43704164028167725,0.3735730051994324,0.33496740460395813,60.41178512573242,72.59455871582031,65.9253158569336,11.710708618164062,15.934317588806152,15.914752006530762,35.97047424316406,52.23095703125,55.480552673339844,0.19384808838367462,0.219497412443161,0.24140577018260956,5.672616958618164,5.343994617462158,4.411280632019043,nan
18.740,0,138.22889709472656,194.324951171875,196.81112670898438,250.47874450683594,249.35459899902344,247.1145477294922,0.43704164028167725,0.3735730051994324,0.33496740460395813,60.41178512573242,72.59455871582031,65.9253158569336,11.710708618164062,15.934317588806152,15.914752006530762,35.97047424316406,52.23095703125,55.480552673339844,0.19384808838367462,0.219497412443161,0.24140577018260956,5.672616958618164,5.343994617462158,4.411280632019043,nan
18.760,0,138.22889709472656,194.324951171875,196.81112670898438,250.47874450683594,249.35459899902344,247.1145477294922,0.43704164028167725,0.3735730051994324,0.33496740460395813,60.41178512573242,72.59455871582031,65.9253158569336,11.710708618164062,15.934317588806152,15.914752006530762,35.97047424316406,52.23095703125,55.480552673339844,0.19384808838367462,0.219497412443161,0.24140577018260956,5.672616958618164,5.343994617462158,4.411280632019043,nan
18.780,0,138.22889709472656,194.324951171875,196.81112670898438,250.47874450683594,249.35459899902344,247.1145477294922,0.43704164028167725,0.3735730051994324,0.33496740460395813,60.41178512573242,72.59455871582031,65.9253158569336,11.710708618164062,15.934317588806152,15.914752006530762,35.97047424316406,52.23095703125,55.480552673339844,0.19384808838367462,0.219497412443161,0.24140577018260956,5.672616958618164,5.343994617462158,4.411280632019043,nan
18.800,0,138.22889709472656,194.324951171875,196.81112670898438,250.47874450683594,249.35459899902344,247.1145477294922,0.43704164028167725,0.3735730051994324,0.33496740460395813,60.41178512573242,72.59455871582031,65.9253158569336,11.710708618164062,15.934317588806152,15.914752006530762,35.97047424316406,52.23095703125,55.480552673339844,0.19384808838367462,0.219497412443161,0.24140577018260956,5.672616958618164,5.343994617462158,4.411280632019043,nan
18.820,0,138.22889709472656,194.324951171875,196.81112670898438,250.47874450683594,249.35459899902344,247.1145477294922,0.43704164028167725,0.3735730051994324,0.33496740460395813,60.41178512573242,72.59455871582031,65.9253158569336,11.710708618164062,15.934317588806152,15.914752006530762,35.97047424316406,52.23095703125,55.480552673339844,0.19384808838367462,0.219497412443161,0.24140577018260956,5.672616958618164,5.343994617462158,4.411280632019043,nan
18.840,0,138.22889709472656,194.324951171875,196.81112670898438,250.47874450683594,249.35459899902344,247.1145477294922,0.43704164028167725,0.3735730051994324,0.33496740460395813,60.41178512573242,72.59455871582031,65.9253158569336,11.710708618164062,15.934317588806152,15.914752006530762,35.97047424316406,52.23095703125,55.480552673339844,0.19384808838367462,0.219497412443161,0.24140577018260956,5.672616958618164,5.343994617462158,4.411280632019043,nan
18.860,0,138.22889709472656,194.324951171875,196.81112670898438,250.47874450683594,249.35459899902344,247.1145477294922,0.43704164028167725,0.3735730051994324,0.33496740460395813,60.41178512573242,72.59455871582031,65.9253158569336,11.710708618164062,15.934317588806152,15.914752006530762,35.97047424316406,52.23095703125,55.480552673339844,0.19384808838367462,0.219497412443161,0.24140577018260956,5.672616958618164,5.343994617462158,4.411280632019043,nan
18.880,0,138.22889709472656,194.324951171875,196.81112670898438,250.47874450683594,249.35459899902344,247.1145477294922,0.43704164028167725,0.3735730051994324,0.33496740460395813,60.41178512573242,72.59455871582031,65.9253158569336,11.710708618164062,15.934317588806152,15.914752006530762,35.97047424316406,52.23095703125,55.480552673339844,0.19384808838367462,0.219497412443161,0.24140577018260956,5.672616958618164,5.343994617462158,4.411280632019043,nan
18.900,0,138.3079833984375,194.4921875,196.8824920654297,250.5952911376953,249.31346130371094,247.12611389160156,0.43650826811790466,0.37349334359169006,0.3332526981830597,60.37257766723633,72.64154052734375,65.61161804199219,10.932902336120605,15.758929252624512,16.786659240722656,35.52175521850586,51.8264274597168,55.41582489013672,0.18109053373336792,0.2169410139322281,0.25584888458251953,5.727653503417969,5.279717445373535,4.395600318908691,nan
18.920,0,138.3079833984375,194.4921875,196.8824920654297,250.5952911376953,249.31346130371094,247.12611389160156,0.43650826811790466,0.37349334359169006,0.3332526981830597,60.37257766723633,72.64154052734375,65.61161804199219,10.932902336120605,15.758929252624512,16.786659240722656,35.52175521850586,51.8264274597168,55.41582489013672,0.18109053373336792,0.2169410139322281,0.25584888458251953,5.727653503417969,5.279717445373535,4.395600318908691,nan
18.940,0,138.3079833984375,194.4921875,196.8824920654297,250.5952911376953,249.31346130371094,247.12611389160156,0.43650826811790466,0.37349334359169006,0.3332526981830597,60.37257766723633,72.64154052734375,65.61161804199219,10.932902336120605,15.758929252624512,16.786659240722656,35.52175521850586,51.8264274597168,55.41582489013672,0.18109053373336792,0.2169410139322281,0.25584888458251953,5.727653503417969,5.279717445373535,4.395600318908691,nan
18.960,0,138.3079833984375,194.4921875,196.8824920654297,250.5952911376953,249.31346130371094,247.12611389160156,0.43650826811790466,0.37349334359169006,0.3332526981830597,60.37257766723633,72.64154052734375,65.61161804199219,10.932902336120605,15.758929252624512,16.786659240722656,35.52175521850586,51.8264274597168,55.41582489013672,0.18109053373336792,0.2169410139322281,0.25584888458251953,5.727653503417969,5.279717445373535,4.395600318908691,nan
18.980,0,138.3079833984375,194.4921875,196.8824920654297,250.5952911376953,249.31346130371094,247.12611389160156,0.43650826811790466,0.37349334359169006,0.3332526981830597,60.37257766723633,72.64154052734375,65.61161804199219,10.932902336120605,15.758929252624512,16.786659240722656,35.52175521850586,51.8264274597168,55.41582489013672,0.18109053373336792,0.2169410139322281,0.25584888458251953,5.727653503417969,5.279717445373535,4.395600318908691,nan
19.000,0,138.3079833984375,194.4921875,196.8824920654297,250.5952911376953,249.31346130371094,247.12611389160156,0.43650826811790466,0.37349334359169006,0.3332526981830597,60.37257766723633,72.64154052734375,65.61161804199219,10.932902336120605,15.758929252624512,16.786659240722656,35.52175521850586,51.8264274597168,55.41582489013672,0.18109053373336792,0.2169410139322281,0.25584888458251953,5.727653503417969,5.279717445373535,4.395600318908691,nan
19.020,0,138.3079833984375,194.4921875,196.8824920654297,250.5952911376953,249.31346130371094,247.12611389160156,0.43650826811790466,0.37349334359169006,0.3332526981830597,60.37257766723633,72.64154052734375,65.61161804199219,10.932902336120605,15.758929252624512,16.786659240722656,35.52175521850586,51.8264274597168,55.41582489013672,0.18109053373336792,0.2169410139322281,0.25584888458251953,5.727653503417969,5.279717445373535,4.395600318908691,nan
19.040,0,138.3079833984375,194.4921875,196.8824920654297,250.5952911376953,249.31346130371094,247.12611389160156,0.43650826811790466,0.37349334359169006,0.3332526981830597,60.37257766723633,72.64154052734375,65.61161804199219,10.932902336120605,15.758929252624512,16.786659240722656,35.52175521850586,51.8264274597168,55.41582489013672,0.18109053373336792,0.2169410139322281,0.25584888458251953,5.727653503417969,5.279717445373535,4.395600318908691,nan
19.060,0,138.3079833984375,194.4921875,196.8824920654297,250.5952911376953,249.31346130371094,247.12611389160156,0.43650826811790466,0.37349334359169006,0.3332526981830597,60.37257766723633,72.64154052734375,65.61161804199219,10.932902336120605,15.758929252624512,16.786659240722656,35.52175521850586,51.8264274597168,55.41582489013672,0.18109053373336792,0.2169410139322281,0.25584888458251953,5.727653503417969,5.279717445373535,4.395600318908691,nan
19.080,0,138.3079833984375,194.4921875,196.8824920654297,250.5952911376953,249.31346130371094,247.12611389160156,0.43650826811790466,0.37349334359169006,0.3332526981830597,60.37257766723633,72.64154052734375,65.61161804199219,10.932902336120605,15.758929252624512,16.786659240722656,35.52175521850586,51.8264274597168,55.41582489013672,0.18109053373336792,0.2169410139322281,0.25584888458251953,5.727653503417969,5.279717445373535,4.395600318908691,nan
19.100,0,138.3351593017578,194.39767456054688,196.8203582763672,250.56185913085938,249.33311462402344,247.1332244873047,0.44583776593208313,0.38177135586738586,0.33715662360191345,61.6750373840332,74.21546173095703,66.35929107666016,11.398090362548828,15.977001190185547,16.425498962402344,36.0380973815918,53.470176696777344,56.404205322265625,0.18480880558490753,0.21527861058712006,0.2475237250328064,5.748598098754883,5.342026233673096,4.527383327484131,nan
19.120,0,138.3351593017578,194.39767456054688,196.8203582763672,250.56185913085938,249.33311462402344,247.1332244873047,0.44583776593208313,0.38177135586738586,0.33715662360191345,61.6750373840332,74.21546173095703,66.35929107666016,11.398090362548828,15.977001190185547,16.425498962402344,36.0380973815918,53.470176696777344,56.404205322265625,0.18480880558490753,0.21527861058712006,0.2475237250328064,5.748598098754883,5.342026233673096,4.527383327484131,nan
19.140,0,138.3351593017578,194.39767456054688,196.8203582763672,250.56185913085938,249.33311462402344,247.1332244873047,0.44583776593208313,0.38177135586738586,0.33715662360191345,61.6750373840332,74.21546173095703,66.35929107666016,11.398090362548828,15.977001190185547,16.425498962402344,36.0380973815918,53.470176696777344,56.404205322265625,0.18480880558490753,0.21527861058712006,0.2475237250328064,5.748598098754883,5.342026233673096,4.527383327484131,nan
19.160,0,138.3351593017578,194.39767456054688,196.8203582763672,250.56185913085938,249.33311462402344,247.1332244873047,0.44583776593208313,0.38177135586738586,0.33715662360191345,61.6750373840332,74.21546173095703,66.35929107666016,11.398090362548828,15.977001190185547,16.425498962402344,36.0380973815918,53.470176696777344,56.404205322265625,0.18480880558490753,0.21527861058712006,0.2475237250328064,5.748598098754883,5.342026233673096,4.527383327484131,nan
19.180,0,138.3351593017578,194.39767456054688,196.8203582763672,250.56185913085938,249.33311462402344,247.1332244873047,0.44583776593208313,0.38177135586738586,0.33715662360191345,61.6750373840332,74.21546173095703,66.35929107666016,11.398090362548828,15.977001190185547,16.425498962402344,36.0380973815918,53.470176696777344,56.404205322265625,0.18480880558490753,0.21527861058712006,0.2475237250328064,5.748598098754883,5.342026233673096,4.527383327484131,nan
19.200,0,138.3351593017578,194.39767456054688,196.8203582763672,250.56185913085938,249.33311462402344,247.1332244873047,0.44583776593208313,0.38177135586738586,0.33715662360191345,61.6750373840332,74.21546173095703,66.35929107666016,11.398090362548828,15.977001190185547,16.425498962402344,36.0380973815918,53.470176696777344,56.404205322265625,0.18480880558490753,0.21527861058712006,0.2475237250328064,5.748598098754883,5.342026233673096,4.527383327484131,nan
19.220,0,138.3351593017578,194.39767456054688,196.8203582763672,250.56185913085938,249.33311462402344,247.1332244873047,0.44583776593208313,0.38177135586738586,0.33715662360191345,61.6750373840332,74.21546173095703,66.35929107666016,11.398090362548828,15.977001190185547,16.425498962402344,36.0380973815918,53.470176696777344,56.404205322265625,0.18480880558490753,0.21527861058712006,0.2475237250328064,5.748598098754883,5.342026233673096,4.527383327484131,nan
19.240,0,138.3351593017578,194.39767456054688,196.8203582763672,250.56185913085938,249.33311462402344,247.1332244873047,0.44583776593208313,0.38177135586738586,0.33715662360191345,61.6750373840332,74.21546173095703,66.35929107666016,11.398090362548828,15.977001190185547,16.425498962402344,36.0380973815918,53.470176696777344,56.404205322265625,0.18480880558490753,0.21527861058712006,0.2475237250328064,5.748598098754883,5.342026233673096,4.527383327484131,nan
19.260,0,138.3351593017578,194.39767456054688,196.8203582763672,250.56185913085938,249.33311462402344,247.1332244873047,0.44583776593208313,0.38177135586738586,0.33715662360191345,61.6750373840332,74.21546173095703,66.35929107666016,11.398090362548828,15.977001190185547,16.425498962402344,36.0380973815918,53.470176696777344,56.404205322265625,0.18480880558490753,0.21527861058712006,0.2475237250328064,5.748598098754883,5.342026233673096,4.527383327484131,nan
19.280,0,138.3351593017578,194.39767456054688,196.8203582763672,250.56185913085938,249.33311462402344,247.1332244873047,0.44583776593208313,0.38177135586738586,0.33715662360191345,61.6750373840332,74.21546173095703,66.35929107666016,11.398090362548828,15.977001190185547,16.425498962402344,36.0380973815918,53.470176696777344,56.404205322265625,0.18480880558490753,0.21527861058712006,0.2475237250328064,5.748598098754883,5.342026233673096,4.527383327484131,nan
19.300,0,138.3037109375,194.49314880371094,196.8009490966797,250.6544952392578,249.3004913330078,247.06228637695312,0.44557929039001465,0.3820250630378723,0.33677932620048523,61.62527084350586,74.30125427246094,66.27848815917969,11.4345703125,16.04448699951172,16.233896255493164,36.19416427612305,53.50766372680664,56.36244583129883,0.1855500191450119,0.21593829989433289,0.24493461847305298,5.779478073120117,5.275119781494141,4.416502475738525,nan
19.320,0,138.3037109375,194.49314880371094,196.8009490966797,250.6544952392578,249.3004913330078,247.06228637695312,0.44557929039001465,0.3820250630378723,0.33677932620048523,61.62527084350586,74.30125427246094,66.27848815917969,11.4345703125,16.04448699951172,16.233896255493164,36.19416427612305,53.50766372680664,56.36244583129883,0.1855500191450119,0.21593829989433289,0.24493461847305298,5.779478073120117,5.275119781494141,4.416502475738525,nan
19.340,0,138.3037109375,194.49314880371094,196.8009490966797,250.6544952392578,249.3004913330078,247.06228637695312,0.44557929039001465,0.3820250630378723,0.33677932620048523,61.62527084350586,74.30125427246094,66.27848815917969,11.4345703125,16.04448699951172,16.233896255493164,36.19416427612305,53.50766372680664,56.36244583129883,0.1855500191450119,0.21593829989433289,0.24493461847305298,5.779478073120117,5.275119781494141,4.416502475738525,nan
19.360,0,138.3037109375,194.49314880371094,196.8009490966797,250.6544952392578,249.3004913330078,247.06228637695312,0.44557929039001465,0.3820250630378723,0.33677932620048523,61.62527084350586,74.30125427246094,66.27848815917969,11.4345703125,16.04448699951172,16.233896255493164,36.19416427612305,53.50766372680664,56.36244583129883,0.1855500191450119,0.21593829989433289,0.24493461847305298,5.779478073120117,5.275119781494141,4.416502475738525,nan
19.380,0,138.3037109375,194.49314880371094,196.8009490966797,250.6544952392578,249.3004913330078,247.06228637695312,0.44557929039001465,0.3820250630378723,0.33677932620048523,61.62527084350586,74.30125427246094,66.27848815917969,11.4345703125,16.04448699951172,16.233896255493164,36.19416427612305,53.50766372680664,56.36244583129883,0.1855500191450119,0.21593829989433289,0.24493461847305298,5.779478073120117,5.275119781494141,4.416502475738525,nan
19.400,0,138.3037109375,194.49314880371094,196.8009490966797,250.6544952392578,249.3004913330078,247.06228637695312,0.44557929039001465,0.3820250630378723,0.33677932620048523,61.62527084350586,74.30125427246094,66.27848815917969,11.4345703125,16.04448699951172,16.233896255493164,36.19416427612305,53.50766372680664,56.36244583129883,0.1855500191450119,0.21593829989433289,0.24493461847305298,5.779478073120117,5.275119781494141,4.416502475738525,nan
19.420,0,138.3037109375,194.49314880371094,196.8009490966797,250.6544952392578,249.3004913330078,247.06228637695312,0.44557929039001465,0.3820250630378723,0.33677932620048523,61.62527084350586,74.30125427246094,66.27848815917969,11.4345703125,16.04448699951172,16.233896255493164,36.19416427612305,53.50766372680664,56.36244583129883,0.1855500191450119,0.21593829989433289,0.24493461847305298,5.779478073120117,5.275119781494141,4.416502475738525,nan
19.440,0,138.3037109375,194.49314880371094,196.8009490966797,250.6544952392578,249.3004913330078,247.06228637695312,0.44557929039001465,0.3820250630378723,0.33677932620048523,61.62527084350586,74.30125427246094,66.27848815917969,11.4345703125,16.04448699951172,16.233896255493164,36.19416427612305,53.50766372680664,56.36244583129883,0.1855500191450119,0.21593829989433289,0.24493461847305298,5.779478073120117,5.275119781494141,4.416502475738525,nan
19.460,0,138.3037109375,194.49314880371094,196.8009490966797,250.6544952392578,249.3004913330078,247.06228637695312,0.44557929039001465,0.3820250630378723,0.33677932620048523,61.62527084350586,74.30125427246094,66.27848815917969,11.4345703125,16.04448699951172,16.233896255493164,36.19416427612305,53.50766372680664,56.36244583129883,0.1855500191450119,0.21593829989433289,0.24493461847305298,5.779478073120117,5.275119781494141,4.416502475738525,nan
19.480,0,138.3037109375,194.49314880371094,196.8009490966797,250.6544952392578,249.3004913330078,247.06228637695312,0.44557929039001465,0.3820250630378723,0.33677932620048523,61.62527084350586,74.30125427246094,66.27848815917969,11.4345703125,16.04448699951172,16.233896255493164,36.19416427612305,53.50766372680664,56.36244583129883,0.1855500191450119,0.21593829989433289,0.24493461847305298,5.779478073120117,5.275119781494141,4.416502475738525,nan
19.500,0,138.50875854492188,194.42947387695312,196.80328369140625,250.6725311279297,249.02207946777344,247.31729125976562,0.4215564727783203,0.3476588726043701,0.34629809856414795,58.38926315307617,67.59513092041016,68.15260314941406,9.527107238769531,17.661216735839844,17.085451126098633,35.108638763427734,48.65729904174805,57.56973648071289,0.1631653904914856,0.261279433965683,0.25069403648376465,5.6440277099609375,5.272366046905518,4.522944450378418,nan
19.520,0,138.50875854492188,194.42947387695312,196.80328369140625,250.6725311279297,249.02207946777344,247.31729125976562,0.4215564727783203,0.3476588726043701,0.34629809856414795,58.38926315307617,67.59513092041016,68.15260314941406,9.527107238769531,17.661216735839844,17.085451126098633,35.108638763427734,48.65729904174805,57.56973648071289,0.1631653904914856,0.261279433965683,0.25069403648376465,5.6440277099609375,5.272366046905518,4.522944450378418,nan
19.540,0,138.50875854492188,194.42947387695312,196.80328369140625,250.6725311279297,249.02207946777344,247.31729125976562,0.4215564727783203,0.3476588726043701,0.34629809856414795,58.38926315307617,67.59513092041016,68.15260314941406,9.527107238769531,17.661216735839844,17.085451126098633,35.108638763427734,48.65729904174805,57.56973648071289,0.1631653904914856,0.261279433965683,0.25069403648376465,5.6440277099609375,5.272366046905518,4.522944450378418,nan
19.560,0,138.50875854492188,194.42947387695312,196.80328369140625,250.6725311279297,249.02207946777344,247.31729125976562,0.4215564727783203,0.3476588726043701,0.34629809856414795,58.38926315307617,67.59513092041016,68.15260314941406,9.527107238769531,17.661216735839844,17.085451126098633,35.108638763427734,48.65729904174805,57.56973648071289,0.1631653904914856,0.261279433965683,0.25069403648376465,5.6440277099609375,5.272366046905518,4.522944450378418,nan
19.580,0,138.50875854492188,194.42947387695312,196.80328369140625,250.6725311279297,249.02207946777344,247.31729125976562,0.4215564727783203,0.3476588726043701,0.34629809856414795,58.38926315307617,67.59513092041016,68.15260314941406,9.527107238769531,17.661216735839844,17.085451126098633,35.108638763427734,48.65729904174805,57.56973648071289,0.1631653904914856,0.261279433965683,0.25069403648376465,5.6440277099609375,5.272366046905518,4.522944450378418,nan
19.600,0,138.50875854492188,194.42947387695312,196.80328369140625,250.6725311279297,249.02207946777344,247.31729125976562,0.4215564727783203,0.3476588726043701,0.34629809856414795,58.38926315307617,67.59513092041016,68.15260314941406,9.527107238769531,17.661216735839844,17.085451126098633,35.108638763427734,48.65729904174805,57.56973648071289,0.1631653904914856,0.261279433965683,0.25069403648376465,5.6440277099609375,5.272366046905518,4.522944450378418,nan
19.620,0,138.50875854492188,194.42947387695312,196.80328369140625,250.6725311279297,249.02207946777344,247.31729125976562,0.4215564727783203,0.3476588726043701,0.34629809856414795,58.38926315307617,67.59513092041016,68.15260314941406,9.527107238769531,17.661216735839844,17.085451126098633,35.108638763427734,48.65729904174805,57.56973648071289,0.1631653904914856,0.261279433965683,0.25069403648376465,5.6440277099609375,5.272366046905518,4.522944450378418,nan
19.640,0,138.50875854492188,194.42947387695312,196.80328369140625,250.6725311279297,249.02207946777344,247.31729125976562,0.4215564727783203,0.3476588726043701,0.34629809856414795,58.38926315307617,67.59513092041016,68.15260314941406,9.527107238769531,17.661216735839844,17.085451126098633,35.108638763427734,48.65729904174805,57.56973648071289,0.1631653904914856,0.261279433965683,0.25069403648376465,5.6440277099609375,5.272366046905518,4.522944450378418,nan
19.660,0,138.50875854492188,194.42947387695312,196.80328369140625,250.6725311279297,249.02207946777344,247.31729125976562,0.4215564727783203,0.3476588726043701,0.34629809856414795,58.38926315307617,67.59513092041016,68.15260314941406,9.527107238769531,17.661216735839844,17.085451126098633,35.108638763427734,48.65729904174805,57.56973648071289,0.1631653904914856,0.261279433965683,0.25069403648376465,5.6440277099609375,5.272366046905518,4.522944450378418,nan
19.680,0,138.50875854492188,194.42947387695312,196.80328369140625,250.6725311279297,249.02207946777344,247.31729125976562,0.4215564727783203,0.3476588726043701,0.34629809856414795,58.38926315307617,67.59513092041016,68.15260314941406,9.527107238769531,17.661216735839844,17.085451126098633,35.108638763427734,48.65729904174805,57.56973648071289,0.1631653904914856,0.261279433965683,0.25069403648376465,5.6440277099609375,5.272366046905518,4.522944450378418,nan
19.700,0,138.48916625976562,194.51902770996094,196.75733947753906,250.73692321777344,248.95675659179688,247.28048706054688,0.4254101812839508,0.3479379117488861,0.3529132306575775,58.91469955444336,67.6805419921875,69.43827056884766,9.073627471923828,17.036725997924805,16.951705932617188,35.58322525024414,48.568790435791016,58.8758430480957,0.15401296317577362,0.25172266364097595,0.24412627518177032,5.640074253082275,5.2446064949035645,4.392534255981445,nan
19.720,0,138.48916625976562,194.51902770996094,196.75733947753906,250.73692321777344,248.95675659179688,247.28048706054688,0.4254101812839508,0.3479379117488861,0.3529132306575775,58.91469955444336,67.6805419921875,69.43827056884766,9.073627471923828,17.036725997924805,16.951705932617188,35.58322525024414,48.568790435791016,58.8758430480957,0.15401296317577362,0.25172266364097595,0.24412627518177032,5.640074253082275,5.2446064949035645,4.392534255981445,nan
19.740,0,138.48916625976562,194.51902770996094,196.75733947753906,250.73692321777344,248.95675659179688,247.28048706054688,0.4254101812839508,0.3479379117488861,0.3529132306575775,58.91469955444336,67.6805419921875,69.43827056884766,9.073627471923828,17.036725997924805,16.951705932617188,35.58322525024414,48.568790435791016,58.8758430480957,0.15401296317577362,0.25172266364097595,0.24412627518177032,5.640074253082275,5.2446064949035645,4.392534255981445,nan
19.760,0,138.48916625976562,194.51902770996094,196.75733947753906,250.73692321777344,248.95675659179688,247.28048706054688,0.4254101812839508,0.3479379117488861,0.3529132306575775,58.91469955444336,67.6805419921875,69.43827056884766,9.073627471923828,17.036725997924805,16.951705932617188,35.58322525024414,48.568790435791016,58.8758430480957,0.15401296317577362,0.25172266364097595,0.24412627518177032,5.640074253082275,5.2446064949035645,4.392534255981445,nan
19.780,0,138.48916625976562,194.51902770996094,196.75733947753906,250.73692321777344,248.95675659179688,247.28048706054688,0.4254101812839508,0.3479379117488861,0.3529132306575775,58.91469955444336,67.6805419921875,69.43827056884766,9.073627471923828,17.036725997924805,16.951705932617188,35.58322525024414,48.568790435791016,58.8758430480957,0.15401296317577362,0.25172266364097595,0.24412627518177032,5.640074253082275,5.2446064949035645,4.392534255981445,nan
19.800,0,138.48916625976562,194.51902770996094,196.75733947753906,250.73692321777344,248.95675659179688,247.28048706054688,0.4254101812839508,0.3479379117488861,0.3529132306575775,58.91469955444336,67.6805419921875,69.43827056884766,9.073627471923828,17.036725997924805,16.951705932617188,35.58322525024414,48.568790435791016,58.8758430480957,0.15401296317577362,0.25172266364097595,0.24412627518177032,5.640074253082275,5.2446064949035645,4.392534255981445,nan
19.820,0,138.48916625976562,194.51902770996094,196.75733947753906,250.73692321777344,248.95675659179688,247.28048706054688,0.4254101812839508,0.3479379117488861,0.3529132306575775,58.91469955444336,67.6805419921875,69.43827056884766,9.073627471923828,17.036725997924805,16.951705932617188,35.58322525024414,48.568790435791016,58.8758430480957,0.15401296317577362,0.25172266364097595,0.24412627518177032,5.640074253082275,5.2446064949035645,4.392534255981445,nan
19.840,0,138.48916625976562,194.51902770996094,196.75733947753906,250.73692321777344,248.95675659179688,247.28048706054688,0.4254101812839508,0.3479379117488861,0.3529132306575775,58.91469955444336,67.6805419921875,69.43827056884766,9.073627471923828,17.036725997924805,16.951705932617188,35.58322525024414,48.568790435791016,58.8758430480957,0.15401296317577362,0.25172266364097595,0.24412627518177032,5.640074253082275,5.2446064949035645,4.392534255981445,nan
19.860,0,138.48916625976562,194.51902770996094,196.75733947753906,250.73692321777344,248.95675659179688,247.28048706054688,0.4254101812839508,0.3479379117488861,0.3529132306575775,58.91469955444336,67.6805419921875,69.43827056884766,9.073627471923828,17.036725997924805,16.951705932617188,35.58322525024414,48.568790435791016,58.8758430480957,0.15401296317577362,0.25172266364097595,0.24412627518177032,5.640074253082275,5.2446064949035645,4.392534255981445,nan
19.880,0,138.48916625976562,194.51902770996094,196.75733947753906,250.73692321777344,248.95675659179688,247.28048706054688,0.4254101812839508,0.3479379117488861,0.3529132306575775,58.91469955444336,67.6805419921875,69.43827056884766,9.073627471923828,17.036725997924805,16.951705932617188,35.58322525024414,48.568790435791016,58.8758430480957,0.15401296317577362,0.25172266364097595,0.24412627518177032,5.640074253082275,5.2446064949035645,4.392534255981445,nan
19.900,0,138.3292999267578,194.37428283691406,196.8228302001953,250.5137481689453,249.24058532714844,247.15406799316406,0.4389466345310211,0.3729051351547241,0.3356037139892578,60.719181060791016,72.48316955566406,66.05447387695312,11.400289535522461,15.874931335449219,16.47869110107422,35.714019775390625,51.90699768066406,56.04464340209961,0.1877543330192566,0.21901541948318481,0.24947123229503632,5.703225612640381,5.323397159576416,4.564600944519043,nan
19.920,0,138.3292999267578,194.37428283691406,196.8228302001953,250.5137481689453,249.24058532714844,247.15406799316406,0.4389466345310211,0.3729051351547241,0.3356037139892578,60.719181060791016,72.48316955566406,66.05447387695312,11.400289535522461,15.874931335449219,16.47869110107422,35.714019775390625,51.90699768066406,56.04464340209961,0.1877543330192566,0.21901541948318481,0.24947123229503632,5.703225612640381,5.323397159576416,4.564600944519043,nan
19.940,0,138.3292999267578,194.37428283691406,196.8228302001953,250.5137481689453,249.24058532714844,247.15406799316406,0.4389466345310211,0.3729051351547241,0.3356037139892578,60.719181060791016,72.48316955566406,66.05447387695312,11.400289535522461,15.874931335449219,16.47869110107422,35.714019775390625,51.90699768066406,56.04464340209961,0.1877543330192566,0.21901541948318481,0.24947123229503632,5.703225612640381,5.323397159576416,4.564600944519043,nan
19.960,0,138.3292999267578,194.37428283691406,196.8228302001953,250.5137481689453,249.24058532714844,247.15406799316406,0.4389466345310211,0.3729051351547241,0.3356037139892578,60.719181060791016,72.48316955566406,66.05447387695312,11.400289535522461,15.874931335449219,16.47869110107422,35.714019775390625,51.90699768066406,56.04464340209961,0.1877543330192566,0.21901541948318481,0.24947123229503632,5.703225612640381,5.323397159576416,4.564600944519043,nan
19.980,0,138.3292999267578,194.37428283691406,196.8228302001953,250.5137481689453,249.24058532714844,247.15406799316406,0.4389466345310211,0.3729051351547241,0.3356037139892578,60.719181060791016,72.48316955566406,66.05447387695312,11.400289535522461,15.874931335449219,16.47869110107422,35.714019775390625,51.90699768066406,56.04464340209961,0.1877543330192566,0.21901541948318481,0.24947123229503632,5.703225612640381,5.323397159576416,4.564600944519043,nan
