t+,class,V_L1,V_L2,V_L3,V_L12,V_L23,V_L31,A_L1,A_L2,A_L3,VA_L1,VA_L1,VA_L2,W_L1,W_L2,W_L1,Q_L1,Q_L2,Q_L3,PF_L1,PF_L2,PF_L3,THD_L1,THD_L2,THD_L3
0.000,0,140.32318115234375,195.307861328125,200.1541748046875,257.1888427734375,256.6086120605469,255.09423828125,0.5305073857307434,0.6218410134315491,0.5589247941970825,74.4424819946289,121.450439453125,111.87113189697266,-50.32329177856445,-80.75151062011719,-93.45317077636719,23.05144691467285,67.83839416503906,23.8179874420166,0.6760023236274719,0.6648926734924316,0.8353644609451294,4.764242649078369,4.364185333251953,3.8028836250305176,nan
0.020,0,140.32318115234375,195.307861328125,200.1541748046875,257.1888427734375,256.6086120605469,255.09423828125,0.5305073857307434,0.6218410134315491,0.5589247941970825,74.4424819946289,121.450439453125,111.87113189697266,-50.32329177856445,-80.75151062011719,-93.45317077636719,23.05144691467285,67.83839416503906,23.8179874420166,0.6760023236274719,0.6648926734924316,0.8353644609451294,4.764242649078369,4.364185333251953,3.8028836250305176,nan
0.040,0,140.32318115234375,195.307861328125,200.1541748046875,257.1888427734375,256.6086120605469,255.09423828125,0.5305073857307434,0.6218410134315491,0.5589247941970825,74.4424819946289,121.450439453125,111.87113189697266,-50.32329177856445,-80.75151062011719,-93.45317077636719,23.05144691467285,67.83839416503906,23.8179874420166,0.6760023236274719,0.6648926734924316,0.8353644609451294,4.764242649078369,4.364185333251953,3.8028836250305176,nan
0.060,0,140.32318115234375,195.307861328125,200.1541748046875,257.1888427734375,256.6086120605469,255.09423828125,0.5305073857307434,0.6218410134315491,0.5589247941970825,74.4424819946289,121.450439453125,111.87113189697266,-50.32329177856445,-80.75151062011719,-93.45317077636719,23.05144691467285,67.83839416503906,23.8179874420166,0.6760023236274719,0.6648926734924316,0.8353644609451294,4.764242649078369,4.364185333251953,3.8028836250305176,nan
0.080,0,140.32318115234375,195.307861328125,200.1541748046875,257.1888427734375,256.6086120605469,255.09423828125,0.5305073857307434,0.6218410134315491,0.5589247941970825,74.4424819946289,121.450439453125,111.87113189697266,-50.32329177856445,-80.75151062011719,-93.45317077636719,23.05144691467285,67.83839416503906,23.8179874420166,0.6760023236274719,0.6648926734924316,0.8353644609451294,4.764242649078369,4.364185333251953,3.8028836250305176,nan
0.100,0,140.27642822265625,195.3129425048828,200.2107696533203,257.2154846191406,256.63079833984375,255.10545349121094,0.5267232656478882,0.6200546622276306,0.5572821497917175,73.88685607910156,121.10469818115234,111.57389068603516,-49.979148864746094,-80.30046844482422,-93.5960922241211,22.51804542541504,67.52591705322266,23.658872604370117,0.6764281392097473,0.6630665063858032,0.8388709425926208,4.78278112411499,4.366975784301758,3.8578429222106934,nan
0.120,0,140.27642822265625,195.3129425048828,200.2107696533203,257.2154846191406,256.63079833984375,255.10545349121094,0.5267232656478882,0.6200546622276306,0.5572821497917175,73.88685607910156,121.10469818115234,111.57389068603516,-49.979148864746094,-80.30046844482422,-93.5960922241211,22.51804542541504,67.52591705322266,23.658872604370117,0.6764281392097473,0.6630665063858032,0.8388709425926208,4.78278112411499,4.366975784301758,3.8578429222106934,nan
0.140,0,140.27642822265625,195.3129425048828,200.2107696533203,257.2154846191406,256.63079833984375,255.10545349121094,0.5267232656478882,0.6200546622276306,0.5572821497917175,73.88685607910156,121.10469818115234,111.57389068603516,-49.979148864746094,-80.30046844482422,-93.5960922241211,22.51804542541504,67.52591705322266,23.658872604370117,0.6764281392097473,0.6630665063858032,0.8388709425926208,4.78278112411499,4.366975784301758,3.8578429222106934,nan
0.160,0,140.27642822265625,195.3129425048828,200.2107696533203,257.2154846191406,256.63079833984375,255.10545349121094,0.5267232656478882,0.6200546622276306,0.5572821497917175,73.88685607910156,121.10469818115234,111.57389068603516,-49.979148864746094,-80.30046844482422,-93.5960922241211,22.51804542541504,67.52591705322266,23.658872604370117,0.6764281392097473,0.6630665063858032,0.8388709425926208,4.78278112411499,4.366975784301758,3.8578429222106934,nan
0.180,0,140.27642822265625,195.3129425048828,200.2107696533203,257.2154846191406,256.63079833984375,255.10545349121094,0.5267232656478882,0.6200546622276306,0.5572821497917175,73.88685607910156,121.10469818115234,111.57389068603516,-49.979148864746094,-80.30046844482422,-93.5960922241211,22.51804542541504,67.52591705322266,23.658872604370117,0.6764281392097473,0.6630665063858032,0.8388709425926208,4.78278112411499,4.366975784301758,3.8578429222106934,nan
0.200,0,140.27642822265625,195.3129425048828,200.2107696533203,257.2154846191406,256.63079833984375,255.10545349121094,0.5267232656478882,0.6200546622276306,0.5572821497917175,73.88685607910156,121.10469818115234,111.57389068603516,-49.979148864746094,-80.30046844482422,-93.5960922241211,22.51804542541504,67.52591705322266,23.658872604370117,0.6764281392097473,0.6630665063858032,0.8388709425926208,4.78278112411499,4.366975784301758,3.8578429222106934,nan
0.220,0,140.27642822265625,195.3129425048828,200.2107696533203,257.2154846191406,256.63079833984375,255.10545349121094,0.5267232656478882,0.6200546622276306,0.5572821497917175,73.88685607910156,121.10469818115234,111.57389068603516,-49.979148864746094,-80.30046844482422,-93.5960922241211,22.51804542541504,67.52591705322266,23.658872604370117,0.6764281392097473,0.6630665063858032,0.8388709425926208,4.78278112411499,4.366975784301758,3.8578429222106934,nan
0.240,0,140.27642822265625,195.3129425048828,200.2107696533203,257.2154846191406,256.63079833984375,255.10545349121094,0.5267232656478882,0.6200546622276306,0.5572821497917175,73.88685607910156,121.10469818115234,111.57389068603516,-49.979148864746094,-80.30046844482422,-93.5960922241211,22.51804542541504,67.52591705322266,23.658872604370117,0.6764281392097473,0.6630665063858032,0.8388709425926208,4.78278112411499,4.366975784301758,3.8578429222106934,nan
0.260,0,140.27642822265625,195.3129425048828,200.2107696533203,257.2154846191406,256.63079833984375,255.10545349121094,0.5267232656478882,0.6200546622276306,0.5572821497917175,73.88685607910156,121.10469818115234,111.57389068603516,-49.979148864746094,-80.30046844482422,-93.5960922241211,22.51804542541504,67.52591705322266,23.658872604370117,0.6764281392097473,0.6630665063858032,0.8388709425926208,4.78278112411499,4.366975784301758,3.8578429222106934,nan
0.280,0,140.27642822265625,195.3129425048828,200.2107696533203,257.2154846191406,256.63079833984375,255.10545349121094,0.5267232656478882,0.6200546622276306,0.5572821497917175,73.88685607910156,121.10469818115234,111.57389068603516,-49.979148864746094,-80.30046844482422,-93.5960922241211,22.51804542541504,67.52591705322266,23.658872604370117,0.6764281392097473,0.6630665063858032,0.8388709425926208,4.78278112411499,4.366975784301758,3.8578429222106934,nan
0.300,0,140.28085327148438,195.20953369140625,200.12562561035156,257.1467590332031,256.6043395996094,255.11849975585938,0.5285359025001526,0.6199266910552979,0.5554158091545105,74.14347076416016,121.0156021118164,111.15293884277344,-50.053348541259766,-80.81002044677734,-93.26041412353516,22.43368148803711,67.13296508789062,23.49168586730957,0.6750877499580383,0.6677653193473816,0.8390278816223145,4.752059459686279,4.414637565612793,3.781012535095215,nan
0.320,0,140.28085327148438,195.20953369140625,200.12562561035156,257.1467590332031,256.6043395996094,255.11849975585938,0.5285359025001526,0.6199266910552979,0.5554158091545105,74.14347076416016,121.0156021118164,111.15293884277344,-50.053348541259766,-80.81002044677734,-93.26041412353516,22.43368148803711,67.13296508789062,23.49168586730957,0.6750877499580383,0.6677653193473816,0.8390278816223145,4.752059459686279,4.414637565612793,3.781012535095215,nan
0.340,0,140.28085327148438,195.20953369140625,200.12562561035156,257.1467590332031,256.6043395996094,255.11849975585938,0.5285359025001526,0.6199266910552979,0.5554158091545105,74.14347076416016,121.0156021118164,111.15293884277344,-50.053348541259766,-80.81002044677734,-93.26041412353516,22.43368148803711,67.13296508789062,23.49168586730957,0.6750877499580383,0.6677653193473816,0.8390278816223145,4.752059459686279,4.414637565612793,3.781012535095215,nan
0.360,0,140.28085327148438,195.20953369140625,200.12562561035156,257.1467590332031,256.6043395996094,255.11849975585938,0.5285359025001526,0.6199266910552979,0.5554158091545105,74.14347076416016,121.0156021118164,111.15293884277344,-50.053348541259766,-80.81002044677734,-93.26041412353516,22.43368148803711,67.13296508789062,23.49168586730957,0.6750877499580383,0.6677653193473816,0.8390278816223145,4.752059459686279,4.414637565612793,3.781012535095215,nan
0.380,0,140.28085327148438,195.20953369140625,200.12562561035156,257.1467590332031,256.6043395996094,255.11849975585938,0.5285359025001526,0.6199266910552979,0.5554158091545105,74.14347076416016,121.0156021118164,111.15293884277344,-50.053348541259766,-80.81002044677734,-93.26041412353516,22.43368148803711,67.13296508789062,23.49168586730957,0.6750877499580383,0.6677653193473816,0.8390278816223145,4.752059459686279,4.414637565612793,3.781012535095215,nan
0.400,0,140.28085327148438,195.20953369140625,200.12562561035156,257.1467590332031,256.6043395996094,255.11849975585938,0.5285359025001526,0.6199266910552979,0.5554158091545105,74.14347076416016,121.0156021118164,111.15293884277344,-50.053348541259766,-80.81002044677734,-93.26041412353516,22.43368148803711,67.13296508789062,23.49168586730957,0.6750877499580383,0.6677653193473816,0.8390278816223145,4.752059459686279,4.414637565612793,3.781012535095215,nan
0.420,0,140.28085327148438,195.20953369140625,200.12562561035156,257.1467590332031,256.6043395996094,255.11849975585938,0.5285359025001526,0.6199266910552979,0.5554158091545105,74.14347076416016,121.0156021118164,111.15293884277344,-50.053348541259766,-80.81002044677734,-93.26041412353516,22.43368148803711,67.13296508789062,23.49168586730957,0.6750877499580383,0.6677653193473816,0.8390278816223145,4.752059459686279,4.414637565612793,3.781012535095215,nan
0.440,0,140.28085327148438,195.20953369140625,200.12562561035156,257.1467590332031,256.6043395996094,255.11849975585938,0.5285359025001526,0.6199266910552979,0.5554158091545105,74.14347076416016,121.0156021118164,111.15293884277344,-50.053348541259766,-80.81002044677734,-93.26041412353516,22.43368148803711,67.13296508789062,23.49168586730957,0.6750877499580383,0.6677653193473816,0.8390278816223145,4.752059459686279,4.414637565612793,3.781012535095215,nan
0.460,0,140.28085327148438,195.20953369140625,200.12562561035156,257.1467590332031,256.6043395996094,255.11849975585938,0.5285359025001526,0.6199266910552979,0.5554158091545105,74.14347076416016,121.0156021118164,111.15293884277344,-50.053348541259766,-80.81002044677734,-93.26041412353516,22.43368148803711,67.13296508789062,23.49168586730957,0.6750877499580383,0.6677653193473816,0.8390278816223145,4.752059459686279,4.414637565612793,3.781012535095215,nan
0.480,0,140.28085327148438,195.20953369140625,200.12562561035156,257.1467590332031,256.6043395996094,255.11849975585938,0.5285359025001526,0.6199266910552979,0.5554158091545105,74.14347076416016,121.0156021118164,111.15293884277344,-50.053348541259766,-80.81002044677734,-93.26041412353516,22.43368148803711,67.13296508789062,23.49168586730957,0.6750877499580383,0.6677653193473816,0.8390278816223145,4.752059459686279,4.414637565612793,3.781012535095215,nan
0.500,0,140.24884033203125,195.3971710205078,200.2672119140625,257.16583251953125,256.6076354980469,255.140869140625,0.528226375579834,0.6173994541168213,0.5554472208023071,74.08313751220703,120.63810729980469,111.23786926269531,-49.90296936035156,-81.13633728027344,-92.97030639648438,22.816041946411133,66.71377563476562,23.103700637817383,0.6736076474189758,0.6725597381591797,0.8357793092727661,4.742417335510254,4.3508219718933105,3.828788995742798,nan
0.520,0,140.24884033203125,195.3971710205078,200.2672119140625,257.16583251953125,256.6076354980469,255.140869140625,0.528226375579834,0.6173994541168213,0.5554472208023071,74.08313751220703,120.63810729980469,111.23786926269531,-49.90296936035156,-81.13633728027344,-92.97030639648438,22.816041946411133,66.71377563476562,23.103700637817383,0.6736076474189758,0.6725597381591797,0.8357793092727661,4.742417335510254,4.3508219718933105,3.828788995742798,nan
0.540,0,140.24884033203125,195.3971710205078,200.2672119140625,257.16583251953125,256.6076354980469,255.140869140625,0.528226375579834,0.6173994541168213,0.5554472208023071,74.08313751220703,120.63810729980469,111.23786926269531,-49.90296936035156,-81.13633728027344,-92.97030639648438,22.816041946411133,66.71377563476562,23.103700637817383,0.6736076474189758,0.6725597381591797,0.8357793092727661,4.742417335510254,4.3508219718933105,3.828788995742798,nan
0.560,0,140.24884033203125,195.3971710205078,200.2672119140625,257.16583251953125,256.6076354980469,255.140869140625,0.528226375579834,0.6173994541168213,0.5554472208023071,74.08313751220703,120.63810729980469,111.23786926269531,-49.90296936035156,-81.13633728027344,-92.97030639648438,22.816041946411133,66.71377563476562,23.103700637817383,0.6736076474189758,0.6725597381591797,0.8357793092727661,4.742417335510254,4.3508219718933105,3.828788995742798,nan
0.580,0,140.24884033203125,195.3971710205078,200.2672119140625,257.16583251953125,256.6076354980469,255.140869140625,0.528226375579834,0.6173994541168213,0.5554472208023071,74.08313751220703,120.63810729980469,111.23786926269531,-49.90296936035156,-81.13633728027344,-92.97030639648438,22.816041946411133,66.71377563476562,23.103700637817383,0.6736076474189758,0.6725597381591797,0.8357793092727661,4.742417335510254,4.3508219718933105,3.828788995742798,nan
0.600,0,140.24884033203125,195.3971710205078,200.2672119140625,257.16583251953125,256.6076354980469,255.140869140625,0.528226375579834,0.6173994541168213,0.5554472208023071,74.08313751220703,120.63810729980469,111.23786926269531,-49.90296936035156,-81.13633728027344,-92.97030639648438,22.816041946411133,66.71377563476562,23.103700637817383,0.6736076474189758,0.6725597381591797,0.8357793092727661,4.742417335510254,4.3508219718933105,3.828788995742798,nan
0.620,0,140.24884033203125,195.3971710205078,200.2672119140625,257.16583251953125,256.6076354980469,255.140869140625,0.528226375579834,0.6173994541168213,0.5554472208023071,74.08313751220703,120.63810729980469,111.23786926269531,-49.90296936035156,-81.13633728027344,-92.97030639648438,22.816041946411133,66.71377563476562,23.103700637817383,0.6736076474189758,0.6725597381591797,0.8357793092727661,4.742417335510254,4.3508219718933105,3.828788995742798,nan
0.640,0,140.24884033203125,195.3971710205078,200.2672119140625,257.16583251953125,256.6076354980469,255.140869140625,0.528226375579834,0.6173994541168213,0.5554472208023071,74.08313751220703,120.63810729980469,111.23786926269531,-49.90296936035156,-81.13633728027344,-92.97030639648438,22.816041946411133,66.71377563476562,23.103700637817383,0.6736076474189758,0.6725597381591797,0.8357793092727661,4.742417335510254,4.3508219718933105,3.828788995742798,nan
0.660,0,140.24884033203125,195.3971710205078,200.2672119140625,257.16583251953125,256.6076354980469,255.140869140625,0.528226375579834,0.6173994541168213,0.5554472208023071,74.08313751220703,120.63810729980469,111.23786926269531,-49.90296936035156,-81.13633728027344,-92.97030639648438,22.816041946411133,66.71377563476562,23.103700637817383,0.6736076474189758,0.6725597381591797,0.8357793092727661,4.742417335510254,4.3508219718933105,3.828788995742798,nan
0.680,0,140.24884033203125,195.3971710205078,200.2672119140625,257.16583251953125,256.6076354980469,255.140869140625,0.528226375579834,0.6173994541168213,0.5554472208023071,74.08313751220703,120.63810729980469,111.23786926269531,-49.90296936035156,-81.13633728027344,-92.97030639648438,22.816041946411133,66.71377563476562,23.103700637817383,0.6736076474189758,0.6725597381591797,0.8357793092727661,4.742417335510254,4.3508219718933105,3.828788995742798,nan
0.700,0,140.31370544433594,195.2506866455078,200.16455078125,257.1990051269531,256.5552062988281,255.09356689453125,0.5275937914848328,0.6186366677284241,0.5550809502601624,74.02864074707031,120.78923034667969,111.10752868652344,-50.1158561706543,-80.31076049804688,-93.1050033569336,22.617509841918945,67.34639739990234,23.51451873779297,0.6769793033599854,0.6648834347724915,0.8379720449447632,4.761460781097412,4.3798508644104,3.779876708984375,nan
0.720,0,140.31370544433594,195.2506866455078,200.16455078125,257.1990051269531,256.5552062988281,255.09356689453125,0.5275937914848328,0.6186366677284241,0.5550809502601624,74.02864074707031,120.78923034667969,111.10752868652344,-50.1158561706543,-80.31076049804688,-93.1050033569336,22.617509841918945,67.34639739990234,23.51451873779297,0.6769793033599854,0.6648834347724915,0.8379720449447632,4.761460781097412,4.3798508644104,3.779876708984375,nan
0.740,0,140.31370544433594,195.2506866455078,200.16455078125,257.1990051269531,256.5552062988281,255.09356689453125,0.5275937914848328,0.6186366677284241,0.5550809502601624,74.02864074707031,120.78923034667969,111.10752868652344,-50.1158561706543,-80.31076049804688,-93.1050033569336,22.617509841918945,67.34639739990234,23.51451873779297,0.6769793033599854,0.6648834347724915,0.8379720449447632,4.761460781097412,4.3798508644104,3.779876708984375,nan
0.760,0,140.31370544433594,195.2506866455078,200.16455078125,257.1990051269531,256.5552062988281,255.09356689453125,0.5275937914848328,0.6186366677284241,0.5550809502601624,74.02864074707031,120.78923034667969,111.10752868652344,-50.1158561706543,-80.31076049804688,-93.1050033569336,22.617509841918945,67.34639739990234,23.51451873779297,0.6769793033599854,0.6648834347724915,0.8379720449447632,4.761460781097412,4.3798508644104,3.779876708984375,nan
0.780,0,140.31370544433594,195.2506866455078,200.16455078125,257.1990051269531,256.5552062988281,255.09356689453125,0.5275937914848328,0.6186366677284241,0.5550809502601624,74.02864074707031,120.78923034667969,111.10752868652344,-50.1158561706543,-80.31076049804688,-93.1050033569336,22.617509841918945,67.34639739990234,23.51451873779297,0.6769793033599854,0.6648834347724915,0.8379720449447632,4.761460781097412,4.3798508644104,3.779876708984375,nan
0.800,0,140.31370544433594,195.2506866455078,200.16455078125,257.1990051269531,256.5552062988281,255.09356689453125,0.5275937914848328,0.6186366677284241,0.5550809502601624,74.02864074707031,120.78923034667969,111.10752868652344,-50.1158561706543,-80.31076049804688,-93.1050033569336,22.617509841918945,67.34639739990234,23.51451873779297,0.6769793033599854,0.6648834347724915,0.8379720449447632,4.761460781097412,4.3798508644104,3.779876708984375,nan
0.820,0,140.31370544433594,195.2506866455078,200.16455078125,257.1990051269531,256.5552062988281,255.09356689453125,0.5275937914848328,0.6186366677284241,0.5550809502601624,74.02864074707031,120.78923034667969,111.10752868652344,-50.1158561706543,-80.31076049804688,-93.1050033569336,22.617509841918945,67.34639739990234,23.51451873779297,0.6769793033599854,0.6648834347724915,0.8379720449447632,4.761460781097412,4.3798508644104,3.779876708984375,nan
0.840,0,140.31370544433594,195.2506866455078,200.16455078125,257.1990051269531,256.5552062988281,255.09356689453125,0.5275937914848328,0.6186366677284241,0.5550809502601624,74.02864074707031,120.78923034667969,111.10752868652344,-50.1158561706543,-80.31076049804688,-93.1050033569336,22.617509841918945,67.34639739990234,23.51451873779297,0.6769793033599854,0.6648834347724915,0.8379720449447632,4.761460781097412,4.3798508644104,3.779876708984375,nan
0.860,0,140.31370544433594,195.2506866455078,200.16455078125,257.1990051269531,256.5552062988281,255.09356689453125,0.5275937914848328,0.6186366677284241,0.5550809502601624,74.02864074707031,120.78923034667969,111.10752868652344,-50.1158561706543,-80.31076049804688,-93.1050033569336,22.617509841918945,67.34639739990234,23.51451873779297,0.6769793033599854,0.6648834347724915,0.8379720449447632,4.761460781097412,4.3798508644104,3.779876708984375,nan
0.880,0,140.31370544433594,195.2506866455078,200.16455078125,257.1990051269531,256.5552062988281,255.09356689453125,0.5275937914848328,0.6186366677284241,0.5550809502601624,74.02864074707031,120.78923034667969,111.10752868652344,-50.1158561706543,-80.31076049804688,-93.1050033569336,22.617509841918945,67.34639739990234,23.51451873779297,0.6769793033599854,0.6648834347724915,0.8379720449447632,4.761460781097412,4.3798508644104,3.779876708984375,nan
0.900,0,140.2472686767578,195.36317443847656,200.19290161132812,257.1672058105469,256.5393371582031,255.0416259765625,0.5244303345680237,0.6167872548103333,0.5523837804794312,73.54991912841797,120.49751281738281,110.58331298828125,-49.52131652832031,-79.9760513305664,-92.78339385986328,22.52775001525879,67.46739196777344,23.381261825561523,0.6733021140098572,0.6637153625488281,0.8390361070632935,4.754586219787598,4.361667633056641,3.812120199203491,nan
0.920,0,140.2472686767578,195.36317443847656,200.19290161132812,257.1672058105469,256.5393371582031,255.0416259765625,0.5244303345680237,0.6167872548103333,0.5523837804794312,73.54991912841797,120.49751281738281,110.58331298828125,-49.52131652832031,-79.9760513305664,-92.78339385986328,22.52775001525879,67.46739196777344,23.381261825561523,0.6733021140098572,0.6637153625488281,0.8390361070632935,4.754586219787598,4.361667633056641,3.812120199203491,nan
0.940,0,140.2472686767578,195.36317443847656,200.19290161132812,257.1672058105469,256.5393371582031,255.0416259765625,0.5244303345680237,0.6167872548103333,0.5523837804794312,73.54991912841797,120.49751281738281,110.58331298828125,-49.52131652832031,-79.9760513305664,-92.78339385986328,22.52775001525879,67.46739196777344,23.381261825561523,0.6733021140098572,0.6637153625488281,0.8390361070632935,4.754586219787598,4.361667633056641,3.812120199203491,nan
0.960,0,140.2472686767578,195.36317443847656,200.19290161132812,257.1672058105469,256.5393371582031,255.0416259765625,0.5244303345680237,0.6167872548103333,0.5523837804794312,73.54991912841797,120.49751281738281,110.58331298828125,-49.52131652832031,-79.9760513305664,-92.78339385986328,22.52775001525879,67.46739196777344,23.381261825561523,0.6733021140098572,0.6637153625488281,0.8390361070632935,4.754586219787598,4.361667633056641,3.812120199203491,nan
0.980,0,140.2472686767578,195.36317443847656,200.19290161132812,257.1672058105469,256.5393371582031,255.0416259765625,0.5244303345680237,0.6167872548103333,0.5523837804794312,73.54991912841797,120.49751281738281,110.58331298828125,-49.52131652832031,-79.9760513305664,-92.78339385986328,22.52775001525879,67.46739196777344,23.381261825561523,0.6733021140098572,0.6637153625488281,0.8390361070632935,4.754586219787598,4.361667633056641,3.812120199203491,nan
1.000,0,140.2472686767578,195.36317443847656,200.19290161132812,257.1672058105469,256.5393371582031,255.0416259765625,0.5244303345680237,0.6167872548103333,0.5523837804794312,73.54991912841797,120.49751281738281,110.58331298828125,-49.52131652832031,-79.9760513305664,-92.78339385986328,22.52775001525879,67.46739196777344,23.381261825561523,0.6733021140098572,0.6637153625488281,0.8390361070632935,4.754586219787598,4.361667633056641,3.812120199203491,nan
1.020,0,140.2472686767578,195.36317443847656,200.19290161132812,257.1672058105469,256.5393371582031,255.0416259765625,0.5244303345680237,0.6167872548103333,0.5523837804794312,73.54991912841797,120.49751281738281,110.58331298828125,-49.52131652832031,-79.9760513305664,-92.78339385986328,22.52775001525879,67.46739196777344,23.381261825561523,0.6733021140098572,0.6637153625488281,0.8390361070632935,4.754586219787598,4.361667633056641,3.812120199203491,nan
1.040,0,140.2472686767578,195.36317443847656,200.19290161132812,257.1672058105469,256.5393371582031,255.0416259765625,0.5244303345680237,0.6167872548103333,0.5523837804794312,73.54991912841797,120.49751281738281,110.58331298828125,-49.52131652832031,-79.9760513305664,-92.78339385986328,22.52775001525879,67.46739196777344,23.381261825561523,0.6733021140098572,0.6637153625488281,0.8390361070632935,4.754586219787598,4.361667633056641,3.812120199203491,nan
1.060,0,140.2472686767578,195.36317443847656,200.19290161132812,257.1672058105469,256.5393371582031,255.0416259765625,0.5244303345680237,0.6167872548103333,0.5523837804794312,73.54991912841797,120.49751281738281,110.58331298828125,-49.52131652832031,-79.9760513305664,-92.78339385986328,22.52775001525879,67.46739196777344,23.381261825561523,0.6733021140098572,0.6637153625488281,0.8390361070632935,4.754586219787598,4.361667633056641,3.812120199203491,nan
1.080,0,140.2472686767578,195.36317443847656,200.19290161132812,257.1672058105469,256.5393371582031,255.0416259765625,0.5244303345680237,0.6167872548103333,0.5523837804794312,73.54991912841797,120.49751281738281,110.58331298828125,-49.52131652832031,-79.9760513305664,-92.78339385986328,22.52775001525879,67.46739196777344,23.381261825561523,0.6733021140098572,0.6637153625488281,0.8390361070632935,4.754586219787598,4.361667633056641,3.812120199203491,nan
1.100,0,140.27662658691406,195.27655029296875,200.1792449951172,257.1876525878906,256.5919494628906,255.07498168945312,0.5309053659439087,0.6219707727432251,0.5601117014884949,74.47361755371094,121.45630645751953,112.12273406982422,-50.245758056640625,-80.51966094970703,-94.11738586425781,22.65948486328125,68.13520050048828,23.884136199951172,0.6746786236763,0.662951648235321,0.8394139409065247,4.775424480438232,4.3340606689453125,3.751952648162842,nan
1.120,0,140.27662658691406,195.27655029296875,200.1792449951172,257.1876525878906,256.5919494628906,255.07498168945312,0.5309053659439087,0.6219707727432251,0.5601117014884949,74.47361755371094,121.45630645751953,112.12273406982422,-50.245758056640625,-80.51966094970703,-94.11738586425781,22.65948486328125,68.13520050048828,23.884136199951172,0.6746786236763,0.662951648235321,0.8394139409065247,4.775424480438232,4.3340606689453125,3.751952648162842,nan
1.140,0,140.27662658691406,195.27655029296875,200.1792449951172,257.1876525878906,256.5919494628906,255.07498168945312,0.5309053659439087,0.6219707727432251,0.5601117014884949,74.47361755371094,121.45630645751953,112.12273406982422,-50.245758056640625,-80.51966094970703,-94.11738586425781,22.65948486328125,68.13520050048828,23.884136199951172,0.6746786236763,0.662951648235321,0.8394139409065247,4.775424480438232,4.3340606689453125,3.751952648162842,nan
1.160,0,140.27662658691406,195.27655029296875,200.1792449951172,257.1876525878906,256.5919494628906,255.07498168945312,0.5309053659439087,0.6219707727432251,0.5601117014884949,74.47361755371094,121.45630645751953,112.12273406982422,-50.245758056640625,-80.51966094970703,-94.11738586425781,22.65948486328125,68.13520050048828,23.884136199951172,0.6746786236763,0.662951648235321,0.8394139409065247,4.775424480438232,4.3340606689453125,3.751952648162842,nan
1.180,0,140.27662658691406,195.27655029296875,200.1792449951172,257.1876525878906,256.5919494628906,255.07498168945312,0.5309053659439087,0.6219707727432251,0.5601117014884949,74.47361755371094,121.45630645751953,112.12273406982422,-50.245758056640625,-80.51966094970703,-94.11738586425781,22.65948486328125,68.13520050048828,23.884136199951172,0.6746786236763,0.662951648235321,0.8394139409065247,4.775424480438232,4.3340606689453125,3.751952648162842,nan
1.200,0,140.27662658691406,195.27655029296875,200.1792449951172,257.1876525878906,256.5919494628906,255.07498168945312,0.5309053659439087,0.6219707727432251,0.5601117014884949,74.47361755371094,121.45630645751953,112.12273406982422,-50.245758056640625,-80.51966094970703,-94.11738586425781,22.65948486328125,68.13520050048828,23.884136199951172,0.6746786236763,0.662951648235321,0.8394139409065247,4.775424480438232,4.3340606689453125,3.751952648162842,nan
1.220,0,140.27662658691406,195.27655029296875,200.1792449951172,257.1876525878906,256.5919494628906,255.07498168945312,0.5309053659439087,0.6219707727432251,0.5601117014884949,74.47361755371094,121.45630645751953,112.12273406982422,-50.245758056640625,-80.51966094970703,-94.11738586425781,22.65948486328125,68.13520050048828,23.884136199951172,0.6746786236763,0.662951648235321,0.8394139409065247,4.775424480438232,4.3340606689453125,3.751952648162842,nan
1.240,0,140.27662658691406,195.27655029296875,200.1792449951172,257.1876525878906,256.5919494628906,255.07498168945312,0.5309053659439087,0.6219707727432251,0.5601117014884949,74.47361755371094,121.45630645751953,112.12273406982422,-50.245758056640625,-80.51966094970703,-94.11738586425781,22.65948486328125,68.13520050048828,23.884136199951172,0.6746786236763,0.662951648235321,0.8394139409065247,4.775424480438232,4.3340606689453125,3.751952648162842,nan
1.260,0,140.27662658691406,195.27655029296875,200.1792449951172,257.1876525878906,256.5919494628906,255.07498168945312,0.5309053659439087,0.6219707727432251,0.5601117014884949,74.47361755371094,121.45630645751953,112.12273406982422,-50.245758056640625,-80.51966094970703,-94.11738586425781,22.65948486328125,68.13520050048828,23.884136199951172,0.6746786236763,0.662951648235321,0.8394139409065247,4.775424480438232,4.3340606689453125,3.751952648162842,nan
1.280,0,140.27662658691406,195.27655029296875,200.1792449951172,257.1876525878906,256.5919494628906,255.07498168945312,0.5309053659439087,0.6219707727432251,0.5601117014884949,74.47361755371094,121.45630645751953,112.12273406982422,-50.245758056640625,-80.51966094970703,-94.11738586425781,22.65948486328125,68.13520050048828,23.884136199951172,0.6746786236763,0.662951648235321,0.8394139409065247,4.775424480438232,4.3340606689453125,3.751952648162842,nan
1.300,0,140.2939910888672,195.2401580810547,200.19015502929688,257.0918273925781,256.5616760253906,255.0791473388672,0.5307143926620483,0.6203824877738953,0.5569179058074951,74.45603942871094,121.12357330322266,111.4894790649414,-50.59184265136719,-80.68275451660156,-93.39745330810547,22.64013671875,67.2081069946289,23.988096237182617,0.679486095905304,0.6661193370819092,0.8377243876457214,4.697844505310059,4.324929714202881,3.7550039291381836,nan
1.320,0,140.2939910888672,195.2401580810547,200.19015502929688,257.0918273925781,256.5616760253906,255.0791473388672,0.5307143926620483,0.6203824877738953,0.5569179058074951,74.45603942871094,121.12357330322266,111.4894790649414,-50.59184265136719,-80.68275451660156,-93.39745330810547,22.64013671875,67.2081069946289,23.988096237182617,0.679486095905304,0.6661193370819092,0.8377243876457214,4.697844505310059,4.324929714202881,3.7550039291381836,nan
1.340,0,140.2939910888672,195.2401580810547,200.19015502929688,257.0918273925781,256.5616760253906,255.0791473388672,0.5307143926620483,0.6203824877738953,0.5569179058074951,74.45603942871094,121.12357330322266,111.4894790649414,-50.59184265136719,-80.68275451660156,-93.39745330810547,22.64013671875,67.2081069946289,23.988096237182617,0.679486095905304,0.6661193370819092,0.8377243876457214,4.697844505310059,4.324929714202881,3.7550039291381836,nan
1.360,0,140.2939910888672,195.2401580810547,200.19015502929688,257.0918273925781,256.5616760253906,255.0791473388672,0.5307143926620483,0.6203824877738953,0.5569179058074951,74.45603942871094,121.12357330322266,111.4894790649414,-50.59184265136719,-80.68275451660156,-93.39745330810547,22.64013671875,67.2081069946289,23.988096237182617,0.679486095905304,0.6661193370819092,0.8377243876457214,4.697844505310059,4.324929714202881,3.7550039291381836,nan
1.380,0,140.2939910888672,195.2401580810547,200.19015502929688,257.0918273925781,256.5616760253906,255.0791473388672,0.5307143926620483,0.6203824877738953,0.5569179058074951,74.45603942871094,121.12357330322266,111.4894790649414,-50.59184265136719,-80.68275451660156,-93.39745330810547,22.64013671875,67.2081069946289,23.988096237182617,0.679486095905304,0.6661193370819092,0.8377243876457214,4.697844505310059,4.324929714202881,3.7550039291381836,nan
1.400,0,140.2939910888672,195.2401580810547,200.19015502929688,257.0918273925781,256.5616760253906,255.0791473388672,0.5307143926620483,0.6203824877738953,0.5569179058074951,74.45603942871094,121.12357330322266,111.4894790649414,-50.59184265136719,-80.68275451660156,-93.39745330810547,22.64013671875,67.2081069946289,23.988096237182617,0.679486095905304,0.6661193370819092,0.8377243876457214,4.697844505310059,4.324929714202881,3.7550039291381836,nan
1.420,0,140.2939910888672,195.2401580810547,200.19015502929688,257.0918273925781,256.5616760253906,255.0791473388672,0.5307143926620483,0.6203824877738953,0.5569179058074951,74.45603942871094,121.12357330322266,111.4894790649414,-50.59184265136719,-80.68275451660156,-93.39745330810547,22.64013671875,67.2081069946289,23.988096237182617,0.679486095905304,0.6661193370819092,0.8377243876457214,4.697844505310059,4.324929714202881,3.7550039291381836,nan
1.440,0,140.2939910888672,195.2401580810547,200.19015502929688,257.0918273925781,256.5616760253906,255.0791473388672,0.5307143926620483,0.6203824877738953,0.5569179058074951,74.45603942871094,121.12357330322266,111.4894790649414,-50.59184265136719,-80.68275451660156,-93.39745330810547,22.64013671875,67.2081069946289,23.988096237182617,0.679486095905304,0.6661193370819092,0.8377243876457214,4.697844505310059,4.324929714202881,3.7550039291381836,nan
1.460,0,140.2939910888672,195.2401580810547,200.19015502929688,257.0918273925781,256.5616760253906,255.0791473388672,0.5307143926620483,0.6203824877738953,0.5569179058074951,74.45603942871094,121.12357330322266,111.4894790649414,-50.59184265136719,-80.68275451660156,-93.39745330810547,22.64013671875,67.2081069946289,23.988096237182617,0.679486095905304,0.6661193370819092,0.8377243876457214,4.697844505310059,4.324929714202881,3.7550039291381836,nan
1.480,0,140.2939910888672,195.2401580810547,200.19015502929688,257.0918273925781,256.5616760253906,255.0791473388672,0.5307143926620483,0.6203824877738953,0.5569179058074951,74.45603942871094,121.12357330322266,111.4894790649414,-50.59184265136719,-80.68275451660156,-93.39745330810547,22.64013671875,67.2081069946289,23.988096237182617,0.679486095905304,0.6661193370819092,0.8377243876457214,4.697844505310059,4.324929714202881,3.7550039291381836,nan
1.500,0,140.2328338623047,195.26873779296875,200.14535522460938,257.1584777832031,256.596923828125,255.06471252441406,0.527661144733429,0.6203225255012512,0.5564333200454712,73.99541473388672,121.12959289550781,111.36754608154297,-49.75061798095703,-80.9176254272461,-93.61603546142578,22.536157608032227,67.57197570800781,23.089216232299805,0.6723473072052002,0.6680252552032471,0.840604305267334,4.709029197692871,4.293281555175781,3.7278690338134766,nan
1.520,0,140.2328338623047,195.26873779296875,200.14535522460938,257.1584777832031,256.596923828125,255.06471252441406,0.527661144733429,0.6203225255012512,0.5564333200454712,73.99541473388672,121.12959289550781,111.36754608154297,-49.75061798095703,-80.9176254272461,-93.61603546142578,22.536157608032227,67.57197570800781,23.089216232299805,0.6723473072052002,0.6680252552032471,0.840604305267334,4.709029197692871,4.293281555175781,3.7278690338134766,nan
1.540,0,140.2328338623047,195.26873779296875,200.14535522460938,257.1584777832031,256.596923828125,255.06471252441406,0.527661144733429,0.6203225255012512,0.5564333200454712,73.99541473388672,121.12959289550781,111.36754608154297,-49.75061798095703,-80.9176254272461,-93.61603546142578,22.536157608032227,67.57197570800781,23.089216232299805,0.6723473072052002,0.6680252552032471,0.840604305267334,4.709029197692871,4.293281555175781,3.7278690338134766,nan
1.560,0,140.2328338623047,195.26873779296875,200.14535522460938,257.1584777832031,256.596923828125,255.06471252441406,0.527661144733429,0.6203225255012512,0.5564333200454712,73.99541473388672,121.12959289550781,111.36754608154297,-49.75061798095703,-80.9176254272461,-93.61603546142578,22.536157608032227,67.57197570800781,23.089216232299805,0.6723473072052002,0.6680252552032471,0.840604305267334,4.709029197692871,4.293281555175781,3.7278690338134766,nan
1.580,0,140.2328338623047,195.26873779296875,200.14535522460938,257.1584777832031,256.596923828125,255.06471252441406,0.527661144733429,0.6203225255012512,0.5564333200454712,73.99541473388672,121.12959289550781,111.36754608154297,-49.75061798095703,-80.9176254272461,-93.61603546142578,22.536157608032227,67.57197570800781,23.089216232299805,0.6723473072052002,0.6680252552032471,0.840604305267334,4.709029197692871,4.293281555175781,3.7278690338134766,nan
1.600,0,140.2328338623047,195.26873779296875,200.14535522460938,257.1584777832031,256.596923828125,255.06471252441406,0.527661144733429,0.6203225255012512,0.5564333200454712,73.99541473388672,121.12959289550781,111.36754608154297,-49.75061798095703,-80.9176254272461,-93.61603546142578,22.536157608032227,67.57197570800781,23.089216232299805,0.6723473072052002,0.6680252552032471,0.840604305267334,4.709029197692871,4.293281555175781,3.7278690338134766,nan
1.620,0,140.2328338623047,195.26873779296875,200.14535522460938,257.1584777832031,256.596923828125,255.06471252441406,0.527661144733429,0.6203225255012512,0.5564333200454712,73.99541473388672,121.12959289550781,111.36754608154297,-49.75061798095703,-80.9176254272461,-93.61603546142578,22.536157608032227,67.57197570800781,23.089216232299805,0.6723473072052002,0.6680252552032471,0.840604305267334,4.709029197692871,4.293281555175781,3.7278690338134766,nan
1.640,0,140.2328338623047,195.26873779296875,200.14535522460938,257.1584777832031,256.596923828125,255.06471252441406,0.527661144733429,0.6203225255012512,0.5564333200454712,73.99541473388672,121.12959289550781,111.36754608154297,-49.75061798095703,-80.9176254272461,-93.61603546142578,22.536157608032227,67.57197570800781,23.089216232299805,0.6723473072052002,0.6680252552032471,0.840604305267334,4.709029197692871,4.293281555175781,3.7278690338134766,nan
1.660,0,140.2328338623047,195.26873779296875,200.14535522460938,257.1584777832031,256.596923828125,255.06471252441406,0.527661144733429,0.6203225255012512,0.5564333200454712,73.99541473388672,121.12959289550781,111.36754608154297,-49.75061798095703,-80.9176254272461,-93.61603546142578,22.536157608032227,67.57197570800781,23.089216232299805,0.6723473072052002,0.6680252552032471,0.840604305267334,4.709029197692871,4.293281555175781,3.7278690338134766,nan
1.680,0,140.2328338623047,195.26873779296875,200.14535522460938,257.1584777832031,256.596923828125,255.06471252441406,0.527661144733429,0.6203225255012512,0.5564333200454712,73.99541473388672,121.12959289550781,111.36754608154297,-49.75061798095703,-80.9176254272461,-93.61603546142578,22.536157608032227,67.57197570800781,23.089216232299805,0.6723473072052002,0.6680252552032471,0.840604305267334,4.709029197692871,4.293281555175781,3.7278690338134766,nan
1.700,0,140.22584533691406,195.30113220214844,200.23153686523438,257.15496826171875,256.6871337890625,255.14366149902344,0.5298319458961487,0.6211968660354614,0.5587235689163208,74.29613494873047,121.32044982910156,111.87407684326172,-50.059879302978516,-80.85348510742188,-94.10494232177734,22.34209442138672,67.595703125,23.563631057739258,0.6737884879112244,0.6664456129074097,0.8411684632301331,4.699862480163574,4.364980220794678,3.7084574699401855,nan
1.720,0,140.22584533691406,195.30113220214844,200.23153686523438,257.15496826171875,256.6871337890625,255.14366149902344,0.5298319458961487,0.6211968660354614,0.5587235689163208,74.29613494873047,121.32044982910156,111.87407684326172,-50.059879302978516,-80.85348510742188,-94.10494232177734,22.34209442138672,67.595703125,23.563631057739258,0.6737884879112244,0.6664456129074097,0.8411684632301331,4.699862480163574,4.364980220794678,3.7084574699401855,nan
1.740,0,140.22584533691406,195.30113220214844,200.23153686523438,257.15496826171875,256.6871337890625,255.14366149902344,0.5298319458961487,0.6211968660354614,0.5587235689163208,74.29613494873047,121.32044982910156,111.87407684326172,-50.059879302978516,-80.85348510742188,-94.10494232177734,22.34209442138672,67.595703125,23.563631057739258,0.6737884879112244,0.6664456129074097,0.8411684632301331,4.699862480163574,4.364980220794678,3.7084574699401855,nan
1.760,0,140.22584533691406,195.30113220214844,200.23153686523438,257.15496826171875,256.6871337890625,255.14366149902344,0.5298319458961487,0.6211968660354614,0.5587235689163208,74.29613494873047,121.32044982910156,111.87407684326172,-50.059879302978516,-80.85348510742188,-94.10494232177734,22.34209442138672,67.595703125,23.563631057739258,0.6737884879112244,0.6664456129074097,0.8411684632301331,4.699862480163574,4.364980220794678,3.7084574699401855,nan
1.780,0,140.22584533691406,195.30113220214844,200.23153686523438,257.15496826171875,256.6871337890625,255.14366149902344,0.5298319458961487,0.6211968660354614,0.5587235689163208,74.29613494873047,121.32044982910156,111.87407684326172,-50.059879302978516,-80.85348510742188,-94.10494232177734,22.34209442138672,67.595703125,23.563631057739258,0.6737884879112244,0.6664456129074097,0.8411684632301331,4.699862480163574,4.364980220794678,3.7084574699401855,nan
1.800,0,140.22584533691406,195.30113220214844,200.23153686523438,257.15496826171875,256.6871337890625,255.14366149902344,0.5298319458961487,0.6211968660354614,0.5587235689163208,74.29613494873047,121.32044982910156,111.87407684326172,-50.059879302978516,-80.85348510742188,-94.10494232177734,22.34209442138672,67.595703125,23.563631057739258,0.6737884879112244,0.6664456129074097,0.8411684632301331,4.699862480163574,4.364980220794678,3.7084574699401855,nan
1.820,0,140.22584533691406,195.30113220214844,200.23153686523438,257.15496826171875,256.6871337890625,255.14366149902344,0.5298319458961487,0.6211968660354614,0.5587235689163208,74.29613494873047,121.32044982910156,111.87407684326172,-50.059879302978516,-80.85348510742188,-94.10494232177734,22.34209442138672,67.595703125,23.563631057739258,0.6737884879112244,0.6664456129074097,0.8411684632301331,4.699862480163574,4.364980220794678,3.7084574699401855,nan
1.840,0,140.22584533691406,195.30113220214844,200.23153686523438,257.15496826171875,256.6871337890625,255.14366149902344,0.5298319458961487,0.6211968660354614,0.5587235689163208,74.29613494873047,121.32044982910156,111.87407684326172,-50.059879302978516,-80.85348510742188,-94.10494232177734,22.34209442138672,67.595703125,23.563631057739258,0.6737884879112244,0.6664456129074097,0.8411684632301331,4.699862480163574,4.364980220794678,3.7084574699401855,nan
1.860,0,140.22584533691406,195.30113220214844,200.23153686523438,257.15496826171875,256.6871337890625,255.14366149902344,0.5298319458961487,0.6211968660354614,0.5587235689163208,74.29613494873047,121.32044982910156,111.87407684326172,-50.059879302978516,-80.85348510742188,-94.10494232177734,22.34209442138672,67.595703125,23.563631057739258,0.6737884879112244,0.6664456129074097,0.8411684632301331,4.699862480163574,4.364980220794678,3.7084574699401855,nan
1.880,0,140.22584533691406,195.30113220214844,200.23153686523438,257.15496826171875,256.6871337890625,255.14366149902344,0.5298319458961487,0.6211968660354614,0.5587235689163208,74.29613494873047,121.32044982910156,111.87407684326172,-50.059879302978516,-80.85348510742188,-94.10494232177734,22.34209442138672,67.595703125,23.563631057739258,0.6737884879112244,0.6664456129074097,0.8411684632301331,4.699862480163574,4.364980220794678,3.7084574699401855,nan
1.900,0,140.24073791503906,195.17654418945312,200.15684509277344,257.1081848144531,256.6152038574219,255.10569763183594,0.5247229337692261,0.6168681979179382,0.5561097860336304,73.58753204345703,120.39820098876953,111.3091812133789,-49.86519241333008,-79.8297348022461,-93.5461196899414,22.08684539794922,67.3290023803711,23.55026626586914,0.6776310205459595,0.6630475521087646,0.8404169082641602,4.719476222991943,4.295770645141602,3.71856951713562,nan
1.920,0,140.24073791503906,195.17654418945312,200.15684509277344,257.1081848144531,256.6152038574219,255.10569763183594,0.5247229337692261,0.6168681979179382,0.5561097860336304,73.58753204345703,120.39820098876953,111.3091812133789,-49.86519241333008,-79.8297348022461,-93.5461196899414,22.08684539794922,67.3290023803711,23.55026626586914,0.6776310205459595,0.6630475521087646,0.8404169082641602,4.719476222991943,4.295770645141602,3.71856951713562,nan
1.940,0,140.24073791503906,195.17654418945312,200.15684509277344,257.1081848144531,256.6152038574219,255.10569763183594,0.5247229337692261,0.6168681979179382,0.5561097860336304,73.58753204345703,120.39820098876953,111.3091812133789,-49.86519241333008,-79.8297348022461,-93.5461196899414,22.08684539794922,67.3290023803711,23.55026626586914,0.6776310205459595,0.6630475521087646,0.8404169082641602,4.719476222991943,4.295770645141602,3.71856951713562,nan
1.960,0,140.24073791503906,195.17654418945312,200.15684509277344,257.1081848144531,256.6152038574219,255.10569763183594,0.5247229337692261,0.6168681979179382,0.5561097860336304,73.58753204345703,120.39820098876953,111.3091812133789,-49.86519241333008,-79.8297348022461,-93.5461196899414,22.08684539794922,67.3290023803711,23.55026626586914,0.6776310205459595,0.6630475521087646,0.8404169082641602,4.719476222991943,4.295770645141602,3.71856951713562,nan
1.980,0,140.24073791503906,195.17654418945312,200.15684509277344,257.1081848144531,256.6152038574219,255.10569763183594,0.5247229337692261,0.6168681979179382,0.5561097860336304,73.58753204345703,120.39820098876953,111.3091812133789,-49.86519241333008,-79.8297348022461,-93.5461196899414,22.08684539794922,67.3290023803711,23.55026626586914,0.6776310205459595,0.6630475521087646,0.8404169082641602,4.719476222991943,4.295770645141602,3.71856951713562,nan
2.000,0,140.24073791503906,195.17654418945312,200.15684509277344,257.1081848144531,256.6152038574219,255.10569763183594,0.5247229337692261,0.6168681979179382,0.5561097860336304,73.58753204345703,120.39820098876953,111.3091812133789,-49.86519241333008,-79.8297348022461,-93.5461196899414,22.08684539794922,67.3290023803711,23.55026626586914,0.6776310205459595,0.6630475521087646,0.8404169082641602,4.719476222991943,4.295770645141602,3.71856951713562,nan
2.020,0,140.24073791503906,195.17654418945312,200.15684509277344,257.1081848144531,256.6152038574219,255.10569763183594,0.5247229337692261,0.6168681979179382,0.5561097860336304,73.58753204345703,120.39820098876953,111.3091812133789,-49.86519241333008,-79.8297348022461,-93.5461196899414,22.08684539794922,67.3290023803711,23.55026626586914,0.6776310205459595,0.6630475521087646,0.8404169082641602,4.719476222991943,4.295770645141602,3.71856951713562,nan
2.040,0,140.24073791503906,195.17654418945312,200.15684509277344,257.1081848144531,256.6152038574219,255.10569763183594,0.5247229337692261,0.6168681979179382,0.5561097860336304,73.58753204345703,120.39820098876953,111.3091812133789,-49.86519241333008,-79.8297348022461,-93.5461196899414,22.08684539794922,67.3290023803711,23.55026626586914,0.6776310205459595,0.6630475521087646,0.8404169082641602,4.719476222991943,4.295770645141602,3.71856951713562,nan
2.060,0,140.24073791503906,195.17654418945312,200.15684509277344,257.1081848144531,256.6152038574219,255.10569763183594,0.5247229337692261,0.6168681979179382,0.5561097860336304,73.58753204345703,120.39820098876953,111.3091812133789,-49.86519241333008,-79.8297348022461,-93.5461196899414,22.08684539794922,67.3290023803711,23.55026626586914,0.6776310205459595,0.6630475521087646,0.8404169082641602,4.719476222991943,4.295770645141602,3.71856951713562,nan
2.080,0,140.24073791503906,195.17654418945312,200.15684509277344,257.1081848144531,256.6152038574219,255.10569763183594,0.5247229337692261,0.6168681979179382,0.5561097860336304,73.58753204345703,120.39820098876953,111.3091812133789,-49.86519241333008,-79.8297348022461,-93.5461196899414,22.08684539794922,67.3290023803711,23.55026626586914,0.6776310205459595,0.6630475521087646,0.8404169082641602,4.719476222991943,4.295770645141602,3.71856951713562,nan
2.100,0,140.24266052246094,195.29136657714844,200.1751708984375,257.1265563964844,256.59869384765625,255.0436248779297,0.525183916091919,0.6178255081176758,0.5557534098625183,73.65319061279297,120.65599060058594,111.24803161621094,-49.68684005737305,-80.38838195800781,-93.31722259521484,22.277769088745117,67.51537322998047,23.324848175048828,0.6746053695678711,0.6662610173225403,0.8388213515281677,4.702515125274658,4.325262069702148,3.7326362133026123,nan
2.120,0,140.24266052246094,195.29136657714844,200.1751708984375,257.1265563964844,256.59869384765625,255.0436248779297,0.525183916091919,0.6178255081176758,0.5557534098625183,73.65319061279297,120.65599060058594,111.24803161621094,-49.68684005737305,-80.38838195800781,-93.31722259521484,22.277769088745117,67.51537322998047,23.324848175048828,0.6746053695678711,0.6662610173225403,0.8388213515281677,4.702515125274658,4.325262069702148,3.7326362133026123,nan
2.140,0,140.24266052246094,195.29136657714844,200.1751708984375,257.1265563964844,256.59869384765625,255.0436248779297,0.525183916091919,0.6178255081176758,0.5557534098625183,73.65319061279297,120.65599060058594,111.24803161621094,-49.68684005737305,-80.38838195800781,-93.31722259521484,22.277769088745117,67.51537322998047,23.324848175048828,0.6746053695678711,0.6662610173225403,0.8388213515281677,4.702515125274658,4.325262069702148,3.7326362133026123,nan
2.160,0,140.24266052246094,195.29136657714844,200.1751708984375,257.1265563964844,256.59869384765625,255.0436248779297,0.525183916091919,0.6178255081176758,0.5557534098625183,73.65319061279297,120.65599060058594,111.24803161621094,-49.68684005737305,-80.38838195800781,-93.31722259521484,22.277769088745117,67.51537322998047,23.324848175048828,0.6746053695678711,0.6662610173225403,0.8388213515281677,4.702515125274658,4.325262069702148,3.7326362133026123,nan
2.180,0,140.24266052246094,195.29136657714844,200.1751708984375,257.1265563964844,256.59869384765625,255.0436248779297,0.525183916091919,0.6178255081176758,0.5557534098625183,73.65319061279297,120.65599060058594,111.24803161621094,-49.68684005737305,-80.38838195800781,-93.31722259521484,22.277769088745117,67.51537322998047,23.324848175048828,0.6746053695678711,0.6662610173225403,0.8388213515281677,4.702515125274658,4.325262069702148,3.7326362133026123,nan
2.200,0,140.24266052246094,195.29136657714844,200.1751708984375,257.1265563964844,256.59869384765625,255.0436248779297,0.525183916091919,0.6178255081176758,0.5557534098625183,73.65319061279297,120.65599060058594,111.24803161621094,-49.68684005737305,-80.38838195800781,-93.31722259521484,22.277769088745117,67.51537322998047,23.324848175048828,0.6746053695678711,0.6662610173225403,0.8388213515281677,4.702515125274658,4.325262069702148,3.7326362133026123,nan
2.220,0,140.24266052246094,195.29136657714844,200.1751708984375,257.1265563964844,256.59869384765625,255.0436248779297,0.525183916091919,0.6178255081176758,0.5557534098625183,73.65319061279297,120.65599060058594,111.24803161621094,-49.68684005737305,-80.38838195800781,-93.31722259521484,22.277769088745117,67.51537322998047,23.324848175048828,0.6746053695678711,0.6662610173225403,0.8388213515281677,4.702515125274658,4.325262069702148,3.7326362133026123,nan
2.240,0,140.24266052246094,195.29136657714844,200.1751708984375,257.1265563964844,256.59869384765625,255.0436248779297,0.525183916091919,0.6178255081176758,0.5557534098625183,73.65319061279297,120.65599060058594,111.24803161621094,-49.68684005737305,-80.38838195800781,-93.31722259521484,22.277769088745117,67.51537322998047,23.324848175048828,0.6746053695678711,0.6662610173225403,0.8388213515281677,4.702515125274658,4.325262069702148,3.7326362133026123,nan
2.260,0,140.24266052246094,195.29136657714844,200.1751708984375,257.1265563964844,256.59869384765625,255.0436248779297,0.525183916091919,0.6178255081176758,0.5557534098625183,73.65319061279297,120.65599060058594,111.24803161621094,-49.68684005737305,-80.38838195800781,-93.31722259521484,22.277769088745117,67.51537322998047,23.324848175048828,0.6746053695678711,0.6662610173225403,0.8388213515281677,4.702515125274658,4.325262069702148,3.7326362133026123,nan
2.280,0,140.24266052246094,195.29136657714844,200.1751708984375,257.1265563964844,256.59869384765625,255.0436248779297,0.525183916091919,0.6178255081176758,0.5557534098625183,73.65319061279297,120.65599060058594,111.24803161621094,-49.68684005737305,-80.38838195800781,-93.31722259521484,22.277769088745117,67.51537322998047,23.324848175048828,0.6746053695678711,0.6662610173225403,0.8388213515281677,4.702515125274658,4.325262069702148,3.7326362133026123,nan
2.300,0,140.26341247558594,195.1495361328125,200.14540100097656,257.0783996582031,256.5722961425781,255.15090942382812,0.5334718227386475,0.6203954815864563,0.5577240586280823,74.82657623291016,121.06989288330078,111.62590789794922,-50.342384338378906,-80.67252349853516,-93.79800415039062,22.994306564331055,67.44857788085938,24.234642028808594,0.6727874875068665,0.6663301587104797,0.8402888178825378,4.665980339050293,4.318702697753906,3.7165184020996094,nan
2.320,0,140.26341247558594,195.1495361328125,200.14540100097656,257.0783996582031,256.5722961425781,255.15090942382812,0.5334718227386475,0.6203954815864563,0.5577240586280823,74.82657623291016,121.06989288330078,111.62590789794922,-50.342384338378906,-80.67252349853516,-93.79800415039062,22.994306564331055,67.44857788085938,24.234642028808594,0.6727874875068665,0.6663301587104797,0.8402888178825378,4.665980339050293,4.318702697753906,3.7165184020996094,nan
2.340,0,140.26341247558594,195.1495361328125,200.14540100097656,257.0783996582031,256.5722961425781,255.15090942382812,0.5334718227386475,0.6203954815864563,0.5577240586280823,74.82657623291016,121.06989288330078,111.62590789794922,-50.342384338378906,-80.67252349853516,-93.79800415039062,22.994306564331055,67.44857788085938,24.234642028808594,0.6727874875068665,0.6663301587104797,0.8402888178825378,4.665980339050293,4.318702697753906,3.7165184020996094,nan
2.360,0,140.26341247558594,195.1495361328125,200.14540100097656,257.0783996582031,256.5722961425781,255.15090942382812,0.5334718227386475,0.6203954815864563,0.5577240586280823,74.82657623291016,121.06989288330078,111.62590789794922,-50.342384338378906,-80.67252349853516,-93.79800415039062,22.994306564331055,67.44857788085938,24.234642028808594,0.6727874875068665,0.6663301587104797,0.8402888178825378,4.665980339050293,4.318702697753906,3.7165184020996094,nan
2.380,0,140.26341247558594,195.1495361328125,200.14540100097656,257.0783996582031,256.5722961425781,255.15090942382812,0.5334718227386475,0.6203954815864563,0.5577240586280823,74.82657623291016,121.06989288330078,111.62590789794922,-50.342384338378906,-80.67252349853516,-93.79800415039062,22.994306564331055,67.44857788085938,24.234642028808594,0.6727874875068665,0.6663301587104797,0.8402888178825378,4.665980339050293,4.318702697753906,3.7165184020996094,nan
2.400,0,140.26341247558594,195.1495361328125,200.14540100097656,257.0783996582031,256.5722961425781,255.15090942382812,0.5334718227386475,0.6203954815864563,0.5577240586280823,74.82657623291016,121.06989288330078,111.62590789794922,-50.342384338378906,-80.67252349853516,-93.79800415039062,22.994306564331055,67.44857788085938,24.234642028808594,0.6727874875068665,0.6663301587104797,0.8402888178825378,4.665980339050293,4.318702697753906,3.7165184020996094,nan
2.420,0,140.26341247558594,195.1495361328125,200.14540100097656,257.0783996582031,256.5722961425781,255.15090942382812,0.5334718227386475,0.6203954815864563,0.5577240586280823,74.82657623291016,121.06989288330078,111.62590789794922,-50.342384338378906,-80.67252349853516,-93.79800415039062,22.994306564331055,67.44857788085938,24.234642028808594,0.6727874875068665,0.6663301587104797,0.8402888178825378,4.665980339050293,4.318702697753906,3.7165184020996094,nan
2.440,0,140.26341247558594,195.1495361328125,200.14540100097656,257.0783996582031,256.5722961425781,255.15090942382812,0.5334718227386475,0.6203954815864563,0.5577240586280823,74.82657623291016,121.06989288330078,111.62590789794922,-50.342384338378906,-80.67252349853516,-93.79800415039062,22.994306564331055,67.44857788085938,24.234642028808594,0.6727874875068665,0.6663301587104797,0.8402888178825378,4.665980339050293,4.318702697753906,3.7165184020996094,nan
2.460,0,140.26341247558594,195.1495361328125,200.14540100097656,257.0783996582031,256.5722961425781,255.15090942382812,0.5334718227386475,0.6203954815864563,0.5577240586280823,74.82657623291016,121.06989288330078,111.62590789794922,-50.342384338378906,-80.67252349853516,-93.79800415039062,22.994306564331055,67.44857788085938,24.234642028808594,0.6727874875068665,0.6663301587104797,0.8402888178825378,4.665980339050293,4.318702697753906,3.7165184020996094,nan
2.480,0,140.26341247558594,195.1495361328125,200.14540100097656,257.0783996582031,256.5722961425781,255.15090942382812,0.5334718227386475,0.6203954815864563,0.5577240586280823,74.82657623291016,121.06989288330078,111.62590789794922,-50.342384338378906,-80.67252349853516,-93.79800415039062,22.994306564331055,67.44857788085938,24.234642028808594,0.6727874875068665,0.6663301587104797,0.8402888178825378,4.665980339050293,4.318702697753906,3.7165184020996094,nan
2.500,0,140.23635864257812,195.30642700195312,200.2021484375,257.1241760253906,256.6012878417969,255.09056091308594,0.5282498002052307,0.6184982657432556,0.5561531782150269,74.07982635498047,120.79668426513672,111.34306335449219,-50.073387145996094,-80.0923843383789,-93.32582092285156,22.69746208190918,67.28112030029297,24.31856346130371,0.6759382486343384,0.6630346179008484,0.8381826281547546,4.694648265838623,4.336317539215088,3.6707396507263184,nan
2.520,0,140.23635864257812,195.30642700195312,200.2021484375,257.1241760253906,256.6012878417969,255.09056091308594,0.5282498002052307,0.6184982657432556,0.5561531782150269,74.07982635498047,120.79668426513672,111.34306335449219,-50.073387145996094,-80.0923843383789,-93.32582092285156,22.69746208190918,67.28112030029297,24.31856346130371,0.6759382486343384,0.6630346179008484,0.8381826281547546,4.694648265838623,4.336317539215088,3.6707396507263184,nan
2.540,0,140.23635864257812,195.30642700195312,200.2021484375,257.1241760253906,256.6012878417969,255.09056091308594,0.5282498002052307,0.6184982657432556,0.5561531782150269,74.07982635498047,120.79668426513672,111.34306335449219,-50.073387145996094,-80.0923843383789,-93.32582092285156,22.69746208190918,67.28112030029297,24.31856346130371,0.6759382486343384,0.6630346179008484,0.8381826281547546,4.694648265838623,4.336317539215088,3.6707396507263184,nan
2.560,0,140.23635864257812,195.30642700195312,200.2021484375,257.1241760253906,256.6012878417969,255.09056091308594,0.5282498002052307,0.6184982657432556,0.5561531782150269,74.07982635498047,120.79668426513672,111.34306335449219,-50.073387145996094,-80.0923843383789,-93.32582092285156,22.69746208190918,67.28112030029297,24.31856346130371,0.6759382486343384,0.6630346179008484,0.8381826281547546,4.694648265838623,4.336317539215088,3.6707396507263184,nan
2.580,0,140.23635864257812,195.30642700195312,200.2021484375,257.1241760253906,256.6012878417969,255.09056091308594,0.5282498002052307,0.6184982657432556,0.5561531782150269,74.07982635498047,120.79668426513672,111.34306335449219,-50.073387145996094,-80.0923843383789,-93.32582092285156,22.69746208190918,67.28112030029297,24.31856346130371,0.6759382486343384,0.6630346179008484,0.8381826281547546,4.694648265838623,4.336317539215088,3.6707396507263184,nan
2.600,0,140.23635864257812,195.30642700195312,200.2021484375,257.1241760253906,256.6012878417969,255.09056091308594,0.5282498002052307,0.6184982657432556,0.5561531782150269,74.07982635498047,120.79668426513672,111.34306335449219,-50.073387145996094,-80.0923843383789,-93.32582092285156,22.69746208190918,67.28112030029297,24.31856346130371,0.6759382486343384,0.6630346179008484,0.8381826281547546,4.694648265838623,4.336317539215088,3.6707396507263184,nan
2.620,0,140.23635864257812,195.30642700195312,200.2021484375,257.1241760253906,256.6012878417969,255.09056091308594,0.5282498002052307,0.6184982657432556,0.5561531782150269,74.07982635498047,120.79668426513672,111.34306335449219,-50.073387145996094,-80.0923843383789,-93.32582092285156,22.69746208190918,67.28112030029297,24.31856346130371,0.6759382486343384,0.6630346179008484,0.8381826281547546,4.694648265838623,4.336317539215088,3.6707396507263184,nan
2.640,0,140.23635864257812,195.30642700195312,200.2021484375,257.1241760253906,256.6012878417969,255.09056091308594,0.5282498002052307,0.6184982657432556,0.5561531782150269,74.07982635498047,120.79668426513672,111.34306335449219,-50.073387145996094,-80.0923843383789,-93.32582092285156,22.69746208190918,67.28112030029297,24.31856346130371,0.6759382486343384,0.6630346179008484,0.8381826281547546,4.694648265838623,4.336317539215088,3.6707396507263184,nan
2.660,0,140.23635864257812,195.30642700195312,200.2021484375,257.1241760253906,256.6012878417969,255.09056091308594,0.5282498002052307,0.6184982657432556,0.5561531782150269,74.07982635498047,120.79668426513672,111.34306335449219,-50.073387145996094,-80.0923843383789,-93.32582092285156,22.69746208190918,67.28112030029297,24.31856346130371,0.6759382486343384,0.6630346179008484,0.8381826281547546,4.694648265838623,4.336317539215088,3.6707396507263184,nan
2.680,0,140.28936767578125,195.23907470703125,200.201904296875,257.1581726074219,256.6129150390625,255.18727111816406,0.529244601726532,0.616968035697937,0.5542067289352417,74.24739074707031,120.45626831054688,110.95323944091797,-49.97891616821289,-80.77204132080078,-92.91531372070312,22.87860870361328,66.70588684082031,23.45884132385254,0.6731403470039368,0.6705507636070251,0.8374276757240295,4.709322929382324,4.3381452560424805,3.747262716293335,nan
2.700,0,140.28936767578125,195.23907470703125,200.201904296875,257.1581726074219,256.6129150390625,255.18727111816406,0.529244601726532,0.616968035697937,0.5542067289352417,74.24739074707031,120.45626831054688,110.95323944091797,-49.97891616821289,-80.77204132080078,-92.91531372070312,22.87860870361328,66.70588684082031,23.45884132385254,0.6731403470039368,0.6705507636070251,0.8374276757240295,4.709322929382324,4.3381452560424805,3.747262716293335,nan
2.720,0,140.28936767578125,195.23907470703125,200.201904296875,257.1581726074219,256.6129150390625,255.18727111816406,0.529244601726532,0.616968035697937,0.5542067289352417,74.24739074707031,120.45626831054688,110.95323944091797,-49.97891616821289,-80.77204132080078,-92.91531372070312,22.87860870361328,66.70588684082031,23.45884132385254,0.6731403470039368,0.6705507636070251,0.8374276757240295,4.709322929382324,4.3381452560424805,3.747262716293335,nan
2.740,0,140.28936767578125,195.23907470703125,200.201904296875,257.1581726074219,256.6129150390625,255.18727111816406,0.529244601726532,0.616968035697937,0.5542067289352417,74.24739074707031,120.45626831054688,110.95323944091797,-49.97891616821289,-80.77204132080078,-92.91531372070312,22.87860870361328,66.70588684082031,23.45884132385254,0.6731403470039368,0.6705507636070251,0.8374276757240295,4.709322929382324,4.3381452560424805,3.747262716293335,nan
2.760,0,140.28936767578125,195.23907470703125,200.201904296875,257.1581726074219,256.6129150390625,255.18727111816406,0.529244601726532,0.616968035697937,0.5542067289352417,74.24739074707031,120.45626831054688,110.95323944091797,-49.97891616821289,-80.77204132080078,-92.91531372070312,22.87860870361328,66.70588684082031,23.45884132385254,0.6731403470039368,0.6705507636070251,0.8374276757240295,4.709322929382324,4.3381452560424805,3.747262716293335,nan
2.780,0,140.28936767578125,195.23907470703125,200.201904296875,257.1581726074219,256.6129150390625,255.18727111816406,0.529244601726532,0.616968035697937,0.5542067289352417,74.24739074707031,120.45626831054688,110.95323944091797,-49.97891616821289,-80.77204132080078,-92.91531372070312,22.87860870361328,66.70588684082031,23.45884132385254,0.6731403470039368,0.6705507636070251,0.8374276757240295,4.709322929382324,4.3381452560424805,3.747262716293335,nan
2.800,0,140.28936767578125,195.23907470703125,200.201904296875,257.1581726074219,256.6129150390625,255.18727111816406,0.529244601726532,0.616968035697937,0.5542067289352417,74.24739074707031,120.45626831054688,110.95323944091797,-49.97891616821289,-80.77204132080078,-92.91531372070312,22.87860870361328,66.70588684082031,23.45884132385254,0.6731403470039368,0.6705507636070251,0.8374276757240295,4.709322929382324,4.3381452560424805,3.747262716293335,nan
2.820,0,140.28936767578125,195.23907470703125,200.201904296875,257.1581726074219,256.6129150390625,255.18727111816406,0.529244601726532,0.616968035697937,0.5542067289352417,74.24739074707031,120.45626831054688,110.95323944091797,-49.97891616821289,-80.77204132080078,-92.91531372070312,22.87860870361328,66.70588684082031,23.45884132385254,0.6731403470039368,0.6705507636070251,0.8374276757240295,4.709322929382324,4.3381452560424805,3.747262716293335,nan
2.840,0,140.28936767578125,195.23907470703125,200.201904296875,257.1581726074219,256.6129150390625,255.18727111816406,0.529244601726532,0.616968035697937,0.5542067289352417,74.24739074707031,120.45626831054688,110.95323944091797,-49.97891616821289,-80.77204132080078,-92.91531372070312,22.87860870361328,66.70588684082031,23.45884132385254,0.6731403470039368,0.6705507636070251,0.8374276757240295,4.709322929382324,4.3381452560424805,3.747262716293335,nan
2.860,0,140.28936767578125,195.23907470703125,200.201904296875,257.1581726074219,256.6129150390625,255.18727111816406,0.529244601726532,0.616968035697937,0.5542067289352417,74.24739074707031,120.45626831054688,110.95323944091797,-49.97891616821289,-80.77204132080078,-92.91531372070312,22.87860870361328,66.70588684082031,23.45884132385254,0.6731403470039368,0.6705507636070251,0.8374276757240295,4.709322929382324,4.3381452560424805,3.747262716293335,nan
2.880,0,140.28936767578125,195.23907470703125,200.201904296875,257.1581726074219,256.6129150390625,255.18727111816406,0.529244601726532,0.616968035697937,0.5542067289352417,74.24739074707031,120.45626831054688,110.95323944091797,-49.97891616821289,-80.77204132080078,-92.91531372070312,22.87860870361328,66.70588684082031,23.45884132385254,0.6731403470039368,0.6705507636070251,0.8374276757240295,4.709322929382324,4.3381452560424805,3.747262716293335,nan
2.900,0,140.30091857910156,195.25172424316406,200.11842346191406,257.181884765625,256.5906677246094,255.08709716796875,0.5291380882263184,0.6192644238471985,0.5561474561691284,74.23856353759766,120.91244506835938,111.29534912109375,-50.30311965942383,-80.80564880371094,-93.16471862792969,22.509815216064453,67.07249450683594,23.5654296875,0.6775874495506287,0.6682988405227661,0.8370944261550903,4.7012481689453125,4.322863578796387,3.7434465885162354,nan
2.920,0,140.30091857910156,195.25172424316406,200.11842346191406,257.181884765625,256.5906677246094,255.08709716796875,0.5291380882263184,0.6192644238471985,0.5561474561691284,74.23856353759766,120.91244506835938,111.29534912109375,-50.30311965942383,-80.80564880371094,-93.16471862792969,22.509815216064453,67.07249450683594,23.5654296875,0.6775874495506287,0.6682988405227661,0.8370944261550903,4.7012481689453125,4.322863578796387,3.7434465885162354,nan
2.940,0,140.30091857910156,195.25172424316406,200.11842346191406,257.181884765625,256.5906677246094,255.08709716796875,0.5291380882263184,0.6192644238471985,0.5561474561691284,74.23856353759766,120.91244506835938,111.29534912109375,-50.30311965942383,-80.80564880371094,-93.16471862792969,22.509815216064453,67.07249450683594,23.5654296875,0.6775874495506287,0.6682988405227661,0.8370944261550903,4.7012481689453125,4.322863578796387,3.7434465885162354,nan
2.960,0,140.30091857910156,195.25172424316406,200.11842346191406,257.181884765625,256.5906677246094,255.08709716796875,0.5291380882263184,0.6192644238471985,0.5561474561691284,74.23856353759766,120.91244506835938,111.29534912109375,-50.30311965942383,-80.80564880371094,-93.16471862792969,22.509815216064453,67.07249450683594,23.5654296875,0.6775874495506287,0.6682988405227661,0.8370944261550903,4.7012481689453125,4.322863578796387,3.7434465885162354,nan
2.980,0,140.30091857910156,195.25172424316406,200.11842346191406,257.181884765625,256.5906677246094,255.08709716796875,0.5291380882263184,0.6192644238471985,0.5561474561691284,74.23856353759766,120.91244506835938,111.29534912109375,-50.30311965942383,-80.80564880371094,-93.16471862792969,22.509815216064453,67.07249450683594,23.5654296875,0.6775874495506287,0.6682988405227661,0.8370944261550903,4.7012481689453125,4.322863578796387,3.7434465885162354,nan
3.000,0,140.30091857910156,195.25172424316406,200.11842346191406,257.181884765625,256.5906677246094,255.08709716796875,0.5291380882263184,0.6192644238471985,0.5561474561691284,74.23856353759766,120.91244506835938,111.29534912109375,-50.30311965942383,-80.80564880371094,-93.16471862792969,22.509815216064453,67.07249450683594,23.5654296875,0.6775874495506287,0.6682988405227661,0.8370944261550903,4.7012481689453125,4.322863578796387,3.7434465885162354,nan
3.020,0,140.30091857910156,195.25172424316406,200.11842346191406,257.181884765625,256.5906677246094,255.08709716796875,0.5291380882263184,0.6192644238471985,0.5561474561691284,74.23856353759766,120.91244506835938,111.29534912109375,-50.30311965942383,-80.80564880371094,-93.16471862792969,22.509815216064453,67.07249450683594,23.5654296875,0.6775874495506287,0.6682988405227661,0.8370944261550903,4.7012481689453125,4.322863578796387,3.7434465885162354,nan
3.040,0,140.30091857910156,195.25172424316406,200.11842346191406,257.181884765625,256.5906677246094,255.08709716796875,0.5291380882263184,0.6192644238471985,0.5561474561691284,74.23856353759766,120.91244506835938,111.29534912109375,-50.30311965942383,-80.80564880371094,-93.16471862792969,22.509815216064453,67.07249450683594,23.5654296875,0.6775874495506287,0.6682988405227661,0.8370944261550903,4.7012481689453125,4.322863578796387,3.7434465885162354,nan
3.060,0,140.30091857910156,195.25172424316406,200.11842346191406,257.181884765625,256.5906677246094,255.08709716796875,0.5291380882263184,0.6192644238471985,0.5561474561691284,74.23856353759766,120.91244506835938,111.29534912109375,-50.30311965942383,-80.80564880371094,-93.16471862792969,22.509815216064453,67.07249450683594,23.5654296875,0.6775874495506287,0.6682988405227661,0.8370944261550903,4.7012481689453125,4.322863578796387,3.7434465885162354,nan
3.080,0,140.2449188232422,195.26597595214844,200.18829345703125,257.16912841796875,256.67364501953125,255.11451721191406,0.5290491580963135,0.6185844540596008,0.556548535823822,74.19645690917969,120.78849792480469,111.41450500488281,-49.89555740356445,-80.53524780273438,-93.76622009277344,22.494739532470703,67.50936889648438,23.313289642333984,0.672478973865509,0.6667460203170776,0.8415979743003845,4.7012481689453125,4.322863578796387,3.7434465885162354,nan
3.100,0,140.2449188232422,195.26597595214844,200.18829345703125,257.16912841796875,256.67364501953125,255.11451721191406,0.5290491580963135,0.6185844540596008,0.556548535823822,74.19645690917969,120.78849792480469,111.41450500488281,-49.89555740356445,-80.53524780273438,-93.76622009277344,22.494739532470703,67.50936889648438,23.313289642333984,0.672478973865509,0.6667460203170776,0.8415979743003845,4.76987886428833,4.378384590148926,3.8119688034057617,nan
3.120,0,140.2449188232422,195.26597595214844,200.18829345703125,257.16912841796875,256.67364501953125,255.11451721191406,0.5290491580963135,0.6185844540596008,0.556548535823822,74.19645690917969,120.78849792480469,111.41450500488281,-49.89555740356445,-80.53524780273438,-93.76622009277344,22.494739532470703,67.50936889648438,23.313289642333984,0.672478973865509,0.6667460203170776,0.8415979743003845,4.76987886428833,4.378384590148926,3.8119688034057617,nan
3.140,0,140.2449188232422,195.26597595214844,200.18829345703125,257.16912841796875,256.67364501953125,255.11451721191406,0.5290491580963135,0.6185844540596008,0.556548535823822,74.19645690917969,120.78849792480469,111.41450500488281,-49.89555740356445,-80.53524780273438,-93.76622009277344,22.494739532470703,67.50936889648438,23.313289642333984,0.672478973865509,0.6667460203170776,0.8415979743003845,4.76987886428833,4.378384590148926,3.8119688034057617,nan
3.160,0,140.2449188232422,195.26597595214844,200.18829345703125,257.16912841796875,256.67364501953125,255.11451721191406,0.5290491580963135,0.6185844540596008,0.556548535823822,74.19645690917969,120.78849792480469,111.41450500488281,-49.89555740356445,-80.53524780273438,-93.76622009277344,22.494739532470703,67.50936889648438,23.313289642333984,0.672478973865509,0.6667460203170776,0.8415979743003845,4.76987886428833,4.378384590148926,3.8119688034057617,nan
3.180,0,140.2449188232422,195.26597595214844,200.18829345703125,257.16912841796875,256.67364501953125,255.11451721191406,0.5290491580963135,0.6185844540596008,0.556548535823822,74.19645690917969,120.78849792480469,111.41450500488281,-49.89555740356445,-80.53524780273438,-93.76622009277344,22.494739532470703,67.50936889648438,23.313289642333984,0.672478973865509,0.6667460203170776,0.8415979743003845,4.76987886428833,4.378384590148926,3.8119688034057617,nan
3.200,0,140.2449188232422,195.26597595214844,200.18829345703125,257.16912841796875,256.67364501953125,255.11451721191406,0.5290491580963135,0.6185844540596008,0.556548535823822,74.19645690917969,120.78849792480469,111.41450500488281,-49.89555740356445,-80.53524780273438,-93.76622009277344,22.494739532470703,67.50936889648438,23.313289642333984,0.672478973865509,0.6667460203170776,0.8415979743003845,4.76987886428833,4.378384590148926,3.8119688034057617,nan
3.220,0,140.2449188232422,195.26597595214844,200.18829345703125,257.16912841796875,256.67364501953125,255.11451721191406,0.5290491580963135,0.6185844540596008,0.556548535823822,74.19645690917969,120.78849792480469,111.41450500488281,-49.89555740356445,-80.53524780273438,-93.76622009277344,22.494739532470703,67.50936889648438,23.313289642333984,0.672478973865509,0.6667460203170776,0.8415979743003845,4.76987886428833,4.378384590148926,3.8119688034057617,nan
3.240,0,140.2449188232422,195.26597595214844,200.18829345703125,257.16912841796875,256.67364501953125,255.11451721191406,0.5290491580963135,0.6185844540596008,0.556548535823822,74.19645690917969,120.78849792480469,111.41450500488281,-49.89555740356445,-80.53524780273438,-93.76622009277344,22.494739532470703,67.50936889648438,23.313289642333984,0.672478973865509,0.6667460203170776,0.8415979743003845,4.76987886428833,4.378384590148926,3.8119688034057617,nan
3.260,0,140.2449188232422,195.26597595214844,200.18829345703125,257.16912841796875,256.67364501953125,255.11451721191406,0.5290491580963135,0.6185844540596008,0.556548535823822,74.19645690917969,120.78849792480469,111.41450500488281,-49.89555740356445,-80.53524780273438,-93.76622009277344,22.494739532470703,67.50936889648438,23.313289642333984,0.672478973865509,0.6667460203170776,0.8415979743003845,4.76987886428833,4.378384590148926,3.8119688034057617,nan
3.280,0,140.239990234375,195.2384033203125,200.1842803955078,257.07293701171875,256.5523681640625,255.10385131835938,0.5270383358001709,0.6172868013381958,0.5525026917457581,73.91184997558594,120.5180892944336,110.60235595703125,-49.74702835083008,-80.36042022705078,-92.64421844482422,22.738386154174805,67.29277801513672,23.544452667236328,0.6730589270591736,0.6667913794517517,0.8376333117485046,4.737117290496826,4.346203804016113,3.720057725906372,nan
3.300,0,140.239990234375,195.2384033203125,200.1842803955078,257.07293701171875,256.5523681640625,255.10385131835938,0.5270383358001709,0.6172868013381958,0.5525026917457581,73.91184997558594,120.5180892944336,110.60235595703125,-49.74702835083008,-80.36042022705078,-92.64421844482422,22.738386154174805,67.29277801513672,23.544452667236328,0.6730589270591736,0.6667913794517517,0.8376333117485046,4.737117290496826,4.346203804016113,3.720057725906372,nan
3.320,0,140.239990234375,195.2384033203125,200.1842803955078,257.07293701171875,256.5523681640625,255.10385131835938,0.5270383358001709,0.6172868013381958,0.5525026917457581,73.91184997558594,120.5180892944336,110.60235595703125,-49.74702835083008,-80.36042022705078,-92.64421844482422,22.738386154174805,67.29277801513672,23.544452667236328,0.6730589270591736,0.6667913794517517,0.8376333117485046,4.737117290496826,4.346203804016113,3.720057725906372,nan
3.340,0,140.239990234375,195.2384033203125,200.1842803955078,257.07293701171875,256.5523681640625,255.10385131835938,0.5270383358001709,0.6172868013381958,0.5525026917457581,73.91184997558594,120.5180892944336,110.60235595703125,-49.74702835083008,-80.36042022705078,-92.64421844482422,22.738386154174805,67.29277801513672,23.544452667236328,0.6730589270591736,0.6667913794517517,0.8376333117485046,4.737117290496826,4.346203804016113,3.720057725906372,nan
3.360,0,140.239990234375,195.2384033203125,200.1842803955078,257.07293701171875,256.5523681640625,255.10385131835938,0.5270383358001709,0.6172868013381958,0.5525026917457581,73.91184997558594,120.5180892944336,110.60235595703125,-49.74702835083008,-80.36042022705078,-92.64421844482422,22.738386154174805,67.29277801513672,23.544452667236328,0.6730589270591736,0.6667913794517517,0.8376333117485046,4.737117290496826,4.346203804016113,3.720057725906372,nan
3.380,0,140.239990234375,195.2384033203125,200.1842803955078,257.07293701171875,256.5523681640625,255.10385131835938,0.5270383358001709,0.6172868013381958,0.5525026917457581,73.91184997558594,120.5180892944336,110.60235595703125,-49.74702835083008,-80.36042022705078,-92.64421844482422,22.738386154174805,67.29277801513672,23.544452667236328,0.6730589270591736,0.6667913794517517,0.8376333117485046,4.737117290496826,4.346203804016113,3.720057725906372,nan
3.400,0,140.239990234375,195.2384033203125,200.1842803955078,257.07293701171875,256.5523681640625,255.10385131835938,0.5270383358001709,0.6172868013381958,0.5525026917457581,73.91184997558594,120.5180892944336,110.60235595703125,-49.74702835083008,-80.36042022705078,-92.64421844482422,22.738386154174805,67.29277801513672,23.544452667236328,0.6730589270591736,0.6667913794517517,0.8376333117485046,4.737117290496826,4.346203804016113,3.720057725906372,nan
3.420,0,140.239990234375,195.2384033203125,200.1842803955078,257.07293701171875,256.5523681640625,255.10385131835938,0.5270383358001709,0.6172868013381958,0.5525026917457581,73.91184997558594,120.5180892944336,110.60235595703125,-49.74702835083008,-80.36042022705078,-92.64421844482422,22.738386154174805,67.29277801513672,23.544452667236328,0.6730589270591736,0.6667913794517517,0.8376333117485046,4.737117290496826,4.346203804016113,3.720057725906372,nan
3.440,0,140.239990234375,195.2384033203125,200.1842803955078,257.07293701171875,256.5523681640625,255.10385131835938,0.5270383358001709,0.6172868013381958,0.5525026917457581,73.91184997558594,120.5180892944336,110.60235595703125,-49.74702835083008,-80.36042022705078,-92.64421844482422,22.738386154174805,67.29277801513672,23.544452667236328,0.6730589270591736,0.6667913794517517,0.8376333117485046,4.737117290496826,4.346203804016113,3.720057725906372,nan
3.460,0,140.239990234375,195.2384033203125,200.1842803955078,257.07293701171875,256.5523681640625,255.10385131835938,0.5270383358001709,0.6172868013381958,0.5525026917457581,73.91184997558594,120.5180892944336,110.60235595703125,-49.74702835083008,-80.36042022705078,-92.64421844482422,22.738386154174805,67.29277801513672,23.544452667236328,0.6730589270591736,0.6667913794517517,0.8376333117485046,4.737117290496826,4.346203804016113,3.720057725906372,nan
3.480,0,140.23406982421875,195.22930908203125,200.1908416748047,257.07855224609375,256.60699462890625,255.15220642089844,0.5304838418960571,0.618096113204956,0.5544216632843018,74.39190673828125,120.67047882080078,110.99014282226562,-50.04164123535156,-80.47759246826172,-93.06483459472656,22.737010955810547,67.49850463867188,23.951126098632812,0.6726759076118469,0.6669203042984009,0.8384963870048523,4.6895833015441895,4.372088432312012,3.751883029937744,nan
3.500,0,140.23406982421875,195.22930908203125,200.1908416748047,257.07855224609375,256.60699462890625,255.15220642089844,0.5304838418960571,0.618096113204956,0.5544216632843018,74.39190673828125,120.67047882080078,110.99014282226562,-50.04164123535156,-80.47759246826172,-93.06483459472656,22.737010955810547,67.49850463867188,23.951126098632812,0.6726759076118469,0.6669203042984009,0.8384963870048523,4.6895833015441895,4.372088432312012,3.751883029937744,nan
3.520,0,140.23406982421875,195.22930908203125,200.1908416748047,257.07855224609375,256.60699462890625,255.15220642089844,0.5304838418960571,0.618096113204956,0.5544216632843018,74.39190673828125,120.67047882080078,110.99014282226562,-50.04164123535156,-80.47759246826172,-93.06483459472656,22.737010955810547,67.49850463867188,23.951126098632812,0.6726759076118469,0.6669203042984009,0.8384963870048523,4.6895833015441895,4.372088432312012,3.751883029937744,nan
3.540,0,140.23406982421875,195.22930908203125,200.1908416748047,257.07855224609375,256.60699462890625,255.15220642089844,0.5304838418960571,0.618096113204956,0.5544216632843018,74.39190673828125,120.67047882080078,110.99014282226562,-50.04164123535156,-80.47759246826172,-93.06483459472656,22.737010955810547,67.49850463867188,23.951126098632812,0.6726759076118469,0.6669203042984009,0.8384963870048523,4.6895833015441895,4.372088432312012,3.751883029937744,nan
3.560,0,140.23406982421875,195.22930908203125,200.1908416748047,257.07855224609375,256.60699462890625,255.15220642089844,0.5304838418960571,0.618096113204956,0.5544216632843018,74.39190673828125,120.67047882080078,110.99014282226562,-50.04164123535156,-80.47759246826172,-93.06483459472656,22.737010955810547,67.49850463867188,23.951126098632812,0.6726759076118469,0.6669203042984009,0.8384963870048523,4.6895833015441895,4.372088432312012,3.751883029937744,nan
3.580,0,140.23406982421875,195.22930908203125,200.1908416748047,257.07855224609375,256.60699462890625,255.15220642089844,0.5304838418960571,0.618096113204956,0.5544216632843018,74.39190673828125,120.67047882080078,110.99014282226562,-50.04164123535156,-80.47759246826172,-93.06483459472656,22.737010955810547,67.49850463867188,23.951126098632812,0.6726759076118469,0.6669203042984009,0.8384963870048523,4.6895833015441895,4.372088432312012,3.751883029937744,nan
3.600,0,140.23406982421875,195.22930908203125,200.1908416748047,257.07855224609375,256.60699462890625,255.15220642089844,0.5304838418960571,0.618096113204956,0.5544216632843018,74.39190673828125,120.67047882080078,110.99014282226562,-50.04164123535156,-80.47759246826172,-93.06483459472656,22.737010955810547,67.49850463867188,23.951126098632812,0.6726759076118469,0.6669203042984009,0.8384963870048523,4.6895833015441895,4.372088432312012,3.751883029937744,nan
3.620,0,140.23406982421875,195.22930908203125,200.1908416748047,257.07855224609375,256.60699462890625,255.15220642089844,0.5304838418960571,0.618096113204956,0.5544216632843018,74.39190673828125,120.67047882080078,110.99014282226562,-50.04164123535156,-80.47759246826172,-93.06483459472656,22.737010955810547,67.49850463867188,23.951126098632812,0.6726759076118469,0.6669203042984009,0.8384963870048523,4.6895833015441895,4.372088432312012,3.751883029937744,nan
3.640,0,140.23406982421875,195.22930908203125,200.1908416748047,257.07855224609375,256.60699462890625,255.15220642089844,0.5304838418960571,0.618096113204956,0.5544216632843018,74.39190673828125,120.67047882080078,110.99014282226562,-50.04164123535156,-80.47759246826172,-93.06483459472656,22.737010955810547,67.49850463867188,23.951126098632812,0.6726759076118469,0.6669203042984009,0.8384963870048523,4.6895833015441895,4.372088432312012,3.751883029937744,nan
3.660,0,140.23406982421875,195.22930908203125,200.1908416748047,257.07855224609375,256.60699462890625,255.15220642089844,0.5304838418960571,0.618096113204956,0.5544216632843018,74.39190673828125,120.67047882080078,110.99014282226562,-50.04164123535156,-80.47759246826172,-93.06483459472656,22.737010955810547,67.49850463867188,23.951126098632812,0.6726759076118469,0.6669203042984009,0.8384963870048523,4.6895833015441895,4.372088432312012,3.751883029937744,nan
3.680,0,140.29440307617188,195.23797607421875,200.24879455566406,257.16217041015625,256.67877197265625,255.21102905273438,0.5310829281806946,0.6194189190864563,0.5564647912979126,74.50796508789062,120.93409729003906,111.43140411376953,-50.23807907104492,-80.40941619873047,-93.22496795654297,23.10297203063965,67.5263442993164,24.226572036743164,0.6742645502090454,0.6649027466773987,0.8366130590438843,4.738641738891602,4.388973712921143,3.7554192543029785,nan
3.700,0,140.29440307617188,195.23797607421875,200.24879455566406,257.16217041015625,256.67877197265625,255.21102905273438,0.5310829281806946,0.6194189190864563,0.5564647912979126,74.50796508789062,120.93409729003906,111.43140411376953,-50.23807907104492,-80.40941619873047,-93.22496795654297,23.10297203063965,67.5263442993164,24.226572036743164,0.6742645502090454,0.6649027466773987,0.8366130590438843,4.738641738891602,4.388973712921143,3.7554192543029785,nan
3.720,0,140.29440307617188,195.23797607421875,200.24879455566406,257.16217041015625,256.67877197265625,255.21102905273438,0.5310829281806946,0.6194189190864563,0.5564647912979126,74.50796508789062,120.93409729003906,111.43140411376953,-50.23807907104492,-80.40941619873047,-93.22496795654297,23.10297203063965,67.5263442993164,24.226572036743164,0.6742645502090454,0.6649027466773987,0.8366130590438843,4.738641738891602,4.388973712921143,3.7554192543029785,nan
3.740,0,140.29440307617188,195.23797607421875,200.24879455566406,257.16217041015625,256.67877197265625,255.21102905273438,0.5310829281806946,0.6194189190864563,0.5564647912979126,74.50796508789062,120.93409729003906,111.43140411376953,-50.23807907104492,-80.40941619873047,-93.22496795654297,23.10297203063965,67.5263442993164,24.226572036743164,0.6742645502090454,0.6649027466773987,0.8366130590438843,4.738641738891602,4.388973712921143,3.7554192543029785,nan
3.760,0,140.29440307617188,195.23797607421875,200.24879455566406,257.16217041015625,256.67877197265625,255.21102905273438,0.5310829281806946,0.6194189190864563,0.5564647912979126,74.50796508789062,120.93409729003906,111.43140411376953,-50.23807907104492,-80.40941619873047,-93.22496795654297,23.10297203063965,67.5263442993164,24.226572036743164,0.6742645502090454,0.6649027466773987,0.8366130590438843,4.738641738891602,4.388973712921143,3.7554192543029785,nan
3.780,0,140.29440307617188,195.23797607421875,200.24879455566406,257.16217041015625,256.67877197265625,255.21102905273438,0.5310829281806946,0.6194189190864563,0.5564647912979126,74.50796508789062,120.93409729003906,111.43140411376953,-50.23807907104492,-80.40941619873047,-93.22496795654297,23.10297203063965,67.5263442993164,24.226572036743164,0.6742645502090454,0.6649027466773987,0.8366130590438843,4.738641738891602,4.388973712921143,3.7554192543029785,nan
3.800,0,140.29440307617188,195.23797607421875,200.24879455566406,257.16217041015625,256.67877197265625,255.21102905273438,0.5310829281806946,0.6194189190864563,0.5564647912979126,74.50796508789062,120.93409729003906,111.43140411376953,-50.23807907104492,-80.40941619873047,-93.22496795654297,23.10297203063965,67.5263442993164,24.226572036743164,0.6742645502090454,0.6649027466773987,0.8366130590438843,4.738641738891602,4.388973712921143,3.7554192543029785,nan
3.820,0,140.29440307617188,195.23797607421875,200.24879455566406,257.16217041015625,256.67877197265625,255.21102905273438,0.5310829281806946,0.6194189190864563,0.5564647912979126,74.50796508789062,120.93409729003906,111.43140411376953,-50.23807907104492,-80.40941619873047,-93.22496795654297,23.10297203063965,67.5263442993164,24.226572036743164,0.6742645502090454,0.6649027466773987,0.8366130590438843,4.738641738891602,4.388973712921143,3.7554192543029785,nan
3.840,0,140.29440307617188,195.23797607421875,200.24879455566406,257.16217041015625,256.67877197265625,255.21102905273438,0.5310829281806946,0.6194189190864563,0.5564647912979126,74.50796508789062,120.93409729003906,111.43140411376953,-50.23807907104492,-80.40941619873047,-93.22496795654297,23.10297203063965,67.5263442993164,24.226572036743164,0.6742645502090454,0.6649027466773987,0.8366130590438843,4.738641738891602,4.388973712921143,3.7554192543029785,nan
3.860,0,140.29440307617188,195.23797607421875,200.24879455566406,257.16217041015625,256.67877197265625,255.21102905273438,0.5310829281806946,0.6194189190864563,0.5564647912979126,74.50796508789062,120.93409729003906,111.43140411376953,-50.23807907104492,-80.40941619873047,-93.22496795654297,23.10297203063965,67.5263442993164,24.226572036743164,0.6742645502090454,0.6649027466773987,0.8366130590438843,4.738641738891602,4.388973712921143,3.7554192543029785,nan
3.880,0,140.28089904785156,195.30419921875,200.23858642578125,257.20233154296875,256.7149963378906,255.16604614257812,0.5290409326553345,0.6208757162094116,0.5578708648681641,74.21434020996094,121.25963592529297,111.707275390625,-49.97600173950195,-80.73030090332031,-93.60225677490234,22.88701057434082,67.61367797851562,23.653993606567383,0.67340087890625,0.6657640337944031,0.8379244208335876,4.73291015625,4.363706588745117,3.765343189239502,nan
3.900,0,140.28089904785156,195.30419921875,200.23858642578125,257.20233154296875,256.7149963378906,255.16604614257812,0.5290409326553345,0.6208757162094116,0.5578708648681641,74.21434020996094,121.25963592529297,111.707275390625,-49.97600173950195,-80.73030090332031,-93.60225677490234,22.88701057434082,67.61367797851562,23.653993606567383,0.67340087890625,0.6657640337944031,0.8379244208335876,4.73291015625,4.363706588745117,3.765343189239502,nan
3.920,0,140.28089904785156,195.30419921875,200.23858642578125,257.20233154296875,256.7149963378906,255.16604614257812,0.5290409326553345,0.6208757162094116,0.5578708648681641,74.21434020996094,121.25963592529297,111.707275390625,-49.97600173950195,-80.73030090332031,-93.60225677490234,22.88701057434082,67.61367797851562,23.653993606567383,0.67340087890625,0.6657640337944031,0.8379244208335876,4.73291015625,4.363706588745117,3.765343189239502,nan
3.940,0,140.28089904785156,195.30419921875,200.23858642578125,257.20233154296875,256.7149963378906,255.16604614257812,0.5290409326553345,0.6208757162094116,0.5578708648681641,74.21434020996094,121.25963592529297,111.707275390625,-49.97600173950195,-80.73030090332031,-93.60225677490234,22.88701057434082,67.61367797851562,23.653993606567383,0.67340087890625,0.6657640337944031,0.8379244208335876,4.73291015625,4.363706588745117,3.765343189239502,nan
3.960,0,140.28089904785156,195.30419921875,200.23858642578125,257.20233154296875,256.7149963378906,255.16604614257812,0.5290409326553345,0.6208757162094116,0.5578708648681641,74.21434020996094,121.25963592529297,111.707275390625,-49.97600173950195,-80.73030090332031,-93.60225677490234,22.88701057434082,67.61367797851562,23.653993606567383,0.67340087890625,0.6657640337944031,0.8379244208335876,4.73291015625,4.363706588745117,3.765343189239502,nan
3.980,0,140.28089904785156,195.30419921875,200.23858642578125,257.20233154296875,256.7149963378906,255.16604614257812,0.5290409326553345,0.6208757162094116,0.5578708648681641,74.21434020996094,121.25963592529297,111.707275390625,-49.97600173950195,-80.73030090332031,-93.60225677490234,22.88701057434082,67.61367797851562,23.653993606567383,0.67340087890625,0.6657640337944031,0.8379244208335876,4.73291015625,4.363706588745117,3.765343189239502,nan
4.000,0,140.28089904785156,195.30419921875,200.23858642578125,257.20233154296875,256.7149963378906,255.16604614257812,0.5290409326553345,0.6208757162094116,0.5578708648681641,74.21434020996094,121.25963592529297,111.707275390625,-49.97600173950195,-80.73030090332031,-93.60225677490234,22.88701057434082,67.61367797851562,23.653993606567383,0.67340087890625,0.6657640337944031,0.8379244208335876,4.73291015625,4.363706588745117,3.765343189239502,nan
4.020,0,140.28089904785156,195.30419921875,200.23858642578125,257.20233154296875,256.7149963378906,255.16604614257812,0.5290409326553345,0.6208757162094116,0.5578708648681641,74.21434020996094,121.25963592529297,111.707275390625,-49.97600173950195,-80.73030090332031,-93.60225677490234,22.88701057434082,67.61367797851562,23.653993606567383,0.67340087890625,0.6657640337944031,0.8379244208335876,4.73291015625,4.363706588745117,3.765343189239502,nan
4.040,0,140.28089904785156,195.30419921875,200.23858642578125,257.20233154296875,256.7149963378906,255.16604614257812,0.5290409326553345,0.6208757162094116,0.5578708648681641,74.21434020996094,121.25963592529297,111.707275390625,-49.97600173950195,-80.73030090332031,-93.60225677490234,22.88701057434082,67.61367797851562,23.653993606567383,0.67340087890625,0.6657640337944031,0.8379244208335876,4.73291015625,4.363706588745117,3.765343189239502,nan
4.060,0,140.28089904785156,195.30419921875,200.23858642578125,257.20233154296875,256.7149963378906,255.16604614257812,0.5290409326553345,0.6208757162094116,0.5578708648681641,74.21434020996094,121.25963592529297,111.707275390625,-49.97600173950195,-80.73030090332031,-93.60225677490234,22.88701057434082,67.61367797851562,23.653993606567383,0.67340087890625,0.6657640337944031,0.8379244208335876,4.73291015625,4.363706588745117,3.765343189239502,nan
4.080,0,140.27232360839844,195.15858459472656,200.15365600585938,257.165771484375,256.63922119140625,255.1642303466797,0.5308462381362915,0.618230938911438,0.5556453466415405,74.4630355834961,120.653076171875,111.21444702148438,-50.01481628417969,-80.2530288696289,-93.32403564453125,22.69194221496582,67.5310287475586,24.309083938598633,0.671673059463501,0.665155291557312,0.8391358852386475,4.808103561401367,4.354943752288818,3.785280466079712,nan
4.100,0,140.27232360839844,195.15858459472656,200.15365600585938,257.165771484375,256.63922119140625,255.1642303466797,0.5308462381362915,0.618230938911438,0.5556453466415405,74.4630355834961,120.653076171875,111.21444702148438,-50.01481628417969,-80.2530288696289,-93.32403564453125,22.69194221496582,67.5310287475586,24.309083938598633,0.671673059463501,0.665155291557312,0.8391358852386475,4.808103561401367,4.354943752288818,3.785280466079712,nan
4.120,0,140.27232360839844,195.15858459472656,200.15365600585938,257.165771484375,256.63922119140625,255.1642303466797,0.5308462381362915,0.618230938911438,0.5556453466415405,74.4630355834961,120.653076171875,111.21444702148438,-50.01481628417969,-80.2530288696289,-93.32403564453125,22.69194221496582,67.5310287475586,24.309083938598633,0.671673059463501,0.665155291557312,0.8391358852386475,4.808103561401367,4.354943752288818,3.785280466079712,nan
4.140,0,140.27232360839844,195.15858459472656,200.15365600585938,257.165771484375,256.63922119140625,255.1642303466797,0.5308462381362915,0.618230938911438,0.5556453466415405,74.4630355834961,120.653076171875,111.21444702148438,-50.01481628417969,-80.2530288696289,-93.32403564453125,22.69194221496582,67.5310287475586,24.309083938598633,0.671673059463501,0.665155291557312,0.8391358852386475,4.808103561401367,4.354943752288818,3.785280466079712,nan
4.160,0,140.27232360839844,195.15858459472656,200.15365600585938,257.165771484375,256.63922119140625,255.1642303466797,0.5308462381362915,0.618230938911438,0.5556453466415405,74.4630355834961,120.653076171875,111.21444702148438,-50.01481628417969,-80.2530288696289,-93.32403564453125,22.69194221496582,67.5310287475586,24.309083938598633,0.671673059463501,0.665155291557312,0.8391358852386475,4.808103561401367,4.354943752288818,3.785280466079712,nan
4.180,0,140.27232360839844,195.15858459472656,200.15365600585938,257.165771484375,256.63922119140625,255.1642303466797,0.5308462381362915,0.618230938911438,0.5556453466415405,74.4630355834961,120.653076171875,111.21444702148438,-50.01481628417969,-80.2530288696289,-93.32403564453125,22.69194221496582,67.5310287475586,24.309083938598633,0.671673059463501,0.665155291557312,0.8391358852386475,4.808103561401367,4.354943752288818,3.785280466079712,nan
4.200,0,140.27232360839844,195.15858459472656,200.15365600585938,257.165771484375,256.63922119140625,255.1642303466797,0.5308462381362915,0.618230938911438,0.5556453466415405,74.4630355834961,120.653076171875,111.21444702148438,-50.01481628417969,-80.2530288696289,-93.32403564453125,22.69194221496582,67.5310287475586,24.309083938598633,0.671673059463501,0.665155291557312,0.8391358852386475,4.808103561401367,4.354943752288818,3.785280466079712,nan
4.220,0,140.27232360839844,195.15858459472656,200.15365600585938,257.165771484375,256.63922119140625,255.1642303466797,0.5308462381362915,0.618230938911438,0.5556453466415405,74.4630355834961,120.653076171875,111.21444702148438,-50.01481628417969,-80.2530288696289,-93.32403564453125,22.69194221496582,67.5310287475586,24.309083938598633,0.671673059463501,0.665155291557312,0.8391358852386475,4.808103561401367,4.354943752288818,3.785280466079712,nan
4.240,0,140.27232360839844,195.15858459472656,200.15365600585938,257.165771484375,256.63922119140625,255.1642303466797,0.5308462381362915,0.618230938911438,0.5556453466415405,74.4630355834961,120.653076171875,111.21444702148438,-50.01481628417969,-80.2530288696289,-93.32403564453125,22.69194221496582,67.5310287475586,24.309083938598633,0.671673059463501,0.665155291557312,0.8391358852386475,4.808103561401367,4.354943752288818,3.785280466079712,nan
4.260,0,140.27232360839844,195.15858459472656,200.15365600585938,257.165771484375,256.63922119140625,255.1642303466797,0.5308462381362915,0.618230938911438,0.5556453466415405,74.4630355834961,120.653076171875,111.21444702148438,-50.01481628417969,-80.2530288696289,-93.32403564453125,22.69194221496582,67.5310287475586,24.309083938598633,0.671673059463501,0.665155291557312,0.8391358852386475,4.808103561401367,4.354943752288818,3.785280466079712,nan
4.280,0,140.1768798828125,195.38186645507812,200.30357360839844,257.08416748046875,256.531005859375,255.15884399414062,0.5324916839599609,0.6171117424964905,0.55345219373703,74.64302062988281,120.57244110107422,110.85845184326172,-50.19645690917969,-80.97032928466797,-93.16522979736328,22.342700958251953,66.78765106201172,23.512500762939453,0.6724869608879089,0.6715492010116577,0.8403980731964111,4.746248245239258,4.43013334274292,3.7886414527893066,nan
4.300,0,140.1768798828125,195.38186645507812,200.30357360839844,257.08416748046875,256.531005859375,255.15884399414062,0.5324916839599609,0.6171117424964905,0.55345219373703,74.64302062988281,120.57244110107422,110.85845184326172,-50.19645690917969,-80.97032928466797,-93.16522979736328,22.342700958251953,66.78765106201172,23.512500762939453,0.6724869608879089,0.6715492010116577,0.8403980731964111,4.746248245239258,4.43013334274292,3.7886414527893066,nan
4.320,0,140.1768798828125,195.38186645507812,200.30357360839844,257.08416748046875,256.531005859375,255.15884399414062,0.5324916839599609,0.6171117424964905,0.55345219373703,74.64302062988281,120.57244110107422,110.85845184326172,-50.19645690917969,-80.97032928466797,-93.16522979736328,22.342700958251953,66.78765106201172,23.512500762939453,0.6724869608879089,0.6715492010116577,0.8403980731964111,4.746248245239258,4.43013334274292,3.7886414527893066,nan
4.340,0,140.1768798828125,195.38186645507812,200.30357360839844,257.08416748046875,256.531005859375,255.15884399414062,0.5324916839599609,0.6171117424964905,0.55345219373703,74.64302062988281,120.57244110107422,110.85845184326172,-50.19645690917969,-80.97032928466797,-93.16522979736328,22.342700958251953,66.78765106201172,23.512500762939453,0.6724869608879089,0.6715492010116577,0.8403980731964111,4.746248245239258,4.43013334274292,3.7886414527893066,nan
4.360,0,140.1768798828125,195.38186645507812,200.30357360839844,257.08416748046875,256.531005859375,255.15884399414062,0.5324916839599609,0.6171117424964905,0.55345219373703,74.64302062988281,120.57244110107422,110.85845184326172,-50.19645690917969,-80.97032928466797,-93.16522979736328,22.342700958251953,66.78765106201172,23.512500762939453,0.6724869608879089,0.6715492010116577,0.8403980731964111,4.746248245239258,4.43013334274292,3.7886414527893066,nan
4.380,0,140.1768798828125,195.38186645507812,200.30357360839844,257.08416748046875,256.531005859375,255.15884399414062,0.5324916839599609,0.6171117424964905,0.55345219373703,74.64302062988281,120.57244110107422,110.85845184326172,-50.19645690917969,-80.97032928466797,-93.16522979736328,22.342700958251953,66.78765106201172,23.512500762939453,0.6724869608879089,0.6715492010116577,0.8403980731964111,4.746248245239258,4.43013334274292,3.7886414527893066,nan
4.400,0,140.1768798828125,195.38186645507812,200.30357360839844,257.08416748046875,256.531005859375,255.15884399414062,0.5324916839599609,0.6171117424964905,0.55345219373703,74.64302062988281,120.57244110107422,110.85845184326172,-50.19645690917969,-80.97032928466797,-93.16522979736328,22.342700958251953,66.78765106201172,23.512500762939453,0.6724869608879089,0.6715492010116577,0.8403980731964111,4.746248245239258,4.43013334274292,3.7886414527893066,nan
4.420,0,140.1768798828125,195.38186645507812,200.30357360839844,257.08416748046875,256.531005859375,255.15884399414062,0.5324916839599609,0.6171117424964905,0.55345219373703,74.64302062988281,120.57244110107422,110.85845184326172,-50.19645690917969,-80.97032928466797,-93.16522979736328,22.342700958251953,66.78765106201172,23.512500762939453,0.6724869608879089,0.6715492010116577,0.8403980731964111,4.746248245239258,4.43013334274292,3.7886414527893066,nan
4.440,0,140.1768798828125,195.38186645507812,200.30357360839844,257.08416748046875,256.531005859375,255.15884399414062,0.5324916839599609,0.6171117424964905,0.55345219373703,74.64302062988281,120.57244110107422,110.85845184326172,-50.19645690917969,-80.97032928466797,-93.16522979736328,22.342700958251953,66.78765106201172,23.512500762939453,0.6724869608879089,0.6715492010116577,0.8403980731964111,4.746248245239258,4.43013334274292,3.7886414527893066,nan
4.460,0,140.1768798828125,195.38186645507812,200.30357360839844,257.08416748046875,256.531005859375,255.15884399414062,0.5324916839599609,0.6171117424964905,0.55345219373703,74.64302062988281,120.57244110107422,110.85845184326172,-50.19645690917969,-80.97032928466797,-93.16522979736328,22.342700958251953,66.78765106201172,23.512500762939453,0.6724869608879089,0.6715492010116577,0.8403980731964111,4.746248245239258,4.43013334274292,3.7886414527893066,nan
4.480,0,140.3399200439453,195.06350708007812,200.18724060058594,257.0579528808594,256.5723876953125,255.1505889892578,0.5326812267303467,0.6187498569488525,0.5546101331710815,74.75643920898438,120.69551849365234,111.02587127685547,-50.83201599121094,-80.50251007080078,-93.21499633789062,22.31694793701172,66.66313171386719,23.96575927734375,0.6799684166908264,0.6669883728027344,0.8395790457725525,4.7101922035217285,4.441147804260254,3.8765907287597656,nan
4.500,0,140.3399200439453,195.06350708007812,200.18724060058594,257.0579528808594,256.5723876953125,255.1505889892578,0.5326812267303467,0.6187498569488525,0.5546101331710815,74.75643920898438,120.69551849365234,111.02587127685547,-50.83201599121094,-80.50251007080078,-93.21499633789062,22.31694793701172,66.66313171386719,23.96575927734375,0.6799684166908264,0.6669883728027344,0.8395790457725525,4.7101922035217285,4.441147804260254,3.8765907287597656,nan
4.520,0,140.3399200439453,195.06350708007812,200.18724060058594,257.0579528808594,256.5723876953125,255.1505889892578,0.5326812267303467,0.6187498569488525,0.5546101331710815,74.75643920898438,120.69551849365234,111.02587127685547,-50.83201599121094,-80.50251007080078,-93.21499633789062,22.31694793701172,66.66313171386719,23.96575927734375,0.6799684166908264,0.6669883728027344,0.8395790457725525,4.7101922035217285,4.441147804260254,3.8765907287597656,nan
4.540,0,140.3399200439453,195.06350708007812,200.18724060058594,257.0579528808594,256.5723876953125,255.1505889892578,0.5326812267303467,0.6187498569488525,0.5546101331710815,74.75643920898438,120.69551849365234,111.02587127685547,-50.83201599121094,-80.50251007080078,-93.21499633789062,22.31694793701172,66.66313171386719,23.96575927734375,0.6799684166908264,0.6669883728027344,0.8395790457725525,4.7101922035217285,4.441147804260254,3.8765907287597656,nan
4.560,0,140.3399200439453,195.06350708007812,200.18724060058594,257.0579528808594,256.5723876953125,255.1505889892578,0.5326812267303467,0.6187498569488525,0.5546101331710815,74.75643920898438,120.69551849365234,111.02587127685547,-50.83201599121094,-80.50251007080078,-93.21499633789062,22.31694793701172,66.66313171386719,23.96575927734375,0.6799684166908264,0.6669883728027344,0.8395790457725525,4.7101922035217285,4.441147804260254,3.8765907287597656,nan
4.580,0,140.3399200439453,195.06350708007812,200.18724060058594,257.0579528808594,256.5723876953125,255.1505889892578,0.5326812267303467,0.6187498569488525,0.5546101331710815,74.75643920898438,120.69551849365234,111.02587127685547,-50.83201599121094,-80.50251007080078,-93.21499633789062,22.31694793701172,66.66313171386719,23.96575927734375,0.6799684166908264,0.6669883728027344,0.8395790457725525,4.7101922035217285,4.441147804260254,3.8765907287597656,nan
4.600,0,140.3399200439453,195.06350708007812,200.18724060058594,257.0579528808594,256.5723876953125,255.1505889892578,0.5326812267303467,0.6187498569488525,0.5546101331710815,74.75643920898438,120.69551849365234,111.02587127685547,-50.83201599121094,-80.50251007080078,-93.21499633789062,22.31694793701172,66.66313171386719,23.96575927734375,0.6799684166908264,0.6669883728027344,0.8395790457725525,4.7101922035217285,4.441147804260254,3.8765907287597656,nan
4.620,0,140.3399200439453,195.06350708007812,200.18724060058594,257.0579528808594,256.5723876953125,255.1505889892578,0.5326812267303467,0.6187498569488525,0.5546101331710815,74.75643920898438,120.69551849365234,111.02587127685547,-50.83201599121094,-80.50251007080078,-93.21499633789062,22.31694793701172,66.66313171386719,23.96575927734375,0.6799684166908264,0.6669883728027344,0.8395790457725525,4.7101922035217285,4.441147804260254,3.8765907287597656,nan
4.640,0,140.3399200439453,195.06350708007812,200.18724060058594,257.0579528808594,256.5723876953125,255.1505889892578,0.5326812267303467,0.6187498569488525,0.5546101331710815,74.75643920898438,120.69551849365234,111.02587127685547,-50.83201599121094,-80.50251007080078,-93.21499633789062,22.31694793701172,66.66313171386719,23.96575927734375,0.6799684166908264,0.6669883728027344,0.8395790457725525,4.7101922035217285,4.441147804260254,3.8765907287597656,nan
4.660,0,140.3399200439453,195.06350708007812,200.18724060058594,257.0579528808594,256.5723876953125,255.1505889892578,0.5326812267303467,0.6187498569488525,0.5546101331710815,74.75643920898438,120.69551849365234,111.02587127685547,-50.83201599121094,-80.50251007080078,-93.21499633789062,22.31694793701172,66.66313171386719,23.96575927734375,0.6799684166908264,0.6669883728027344,0.8395790457725525,4.7101922035217285,4.441147804260254,3.8765907287597656,nan
4.680,0,140.2668914794922,195.2195587158203,200.23924255371094,257.1331481933594,256.5424499511719,255.17584228515625,0.5291574597358704,0.6191800236701965,0.5528988838195801,74.22327423095703,120.87605285644531,110.71205139160156,-49.57880783081055,-80.71309661865234,-93.07215118408203,22.887510299682617,67.64987182617188,23.484085083007812,0.6679685115814209,0.6677343845367432,0.8406686782836914,4.772810935974121,4.373805999755859,3.962698221206665,nan
4.700,0,140.2668914794922,195.2195587158203,200.23924255371094,257.1331481933594,256.5424499511719,255.17584228515625,0.5291574597358704,0.6191800236701965,0.5528988838195801,74.22327423095703,120.87605285644531,110.71205139160156,-49.57880783081055,-80.71309661865234,-93.07215118408203,22.887510299682617,67.64987182617188,23.484085083007812,0.6679685115814209,0.6677343845367432,0.8406686782836914,4.772810935974121,4.373805999755859,3.962698221206665,nan
4.720,0,140.2668914794922,195.2195587158203,200.23924255371094,257.1331481933594,256.5424499511719,255.17584228515625,0.5291574597358704,0.6191800236701965,0.5528988838195801,74.22327423095703,120.87605285644531,110.71205139160156,-49.57880783081055,-80.71309661865234,-93.07215118408203,22.887510299682617,67.64987182617188,23.484085083007812,0.6679685115814209,0.6677343845367432,0.8406686782836914,4.772810935974121,4.373805999755859,3.962698221206665,nan
4.740,0,140.2668914794922,195.2195587158203,200.23924255371094,257.1331481933594,256.5424499511719,255.17584228515625,0.5291574597358704,0.6191800236701965,0.5528988838195801,74.22327423095703,120.87605285644531,110.71205139160156,-49.57880783081055,-80.71309661865234,-93.07215118408203,22.887510299682617,67.64987182617188,23.484085083007812,0.6679685115814209,0.6677343845367432,0.8406686782836914,4.772810935974121,4.373805999755859,3.962698221206665,nan
4.760,0,140.2668914794922,195.2195587158203,200.23924255371094,257.1331481933594,256.5424499511719,255.17584228515625,0.5291574597358704,0.6191800236701965,0.5528988838195801,74.22327423095703,120.87605285644531,110.71205139160156,-49.57880783081055,-80.71309661865234,-93.07215118408203,22.887510299682617,67.64987182617188,23.484085083007812,0.6679685115814209,0.6677343845367432,0.8406686782836914,4.772810935974121,4.373805999755859,3.962698221206665,nan
4.780,0,140.2668914794922,195.2195587158203,200.23924255371094,257.1331481933594,256.5424499511719,255.17584228515625,0.5291574597358704,0.6191800236701965,0.5528988838195801,74.22327423095703,120.87605285644531,110.71205139160156,-49.57880783081055,-80.71309661865234,-93.07215118408203,22.887510299682617,67.64987182617188,23.484085083007812,0.6679685115814209,0.6677343845367432,0.8406686782836914,4.772810935974121,4.373805999755859,3.962698221206665,nan
4.800,0,140.2668914794922,195.2195587158203,200.23924255371094,257.1331481933594,256.5424499511719,255.17584228515625,0.5291574597358704,0.6191800236701965,0.5528988838195801,74.22327423095703,120.87605285644531,110.71205139160156,-49.57880783081055,-80.71309661865234,-93.07215118408203,22.887510299682617,67.64987182617188,23.484085083007812,0.6679685115814209,0.6677343845367432,0.8406686782836914,4.772810935974121,4.373805999755859,3.962698221206665,nan
4.820,0,140.2668914794922,195.2195587158203,200.23924255371094,257.1331481933594,256.5424499511719,255.17584228515625,0.5291574597358704,0.6191800236701965,0.5528988838195801,74.22327423095703,120.87605285644531,110.71205139160156,-49.57880783081055,-80.71309661865234,-93.07215118408203,22.887510299682617,67.64987182617188,23.484085083007812,0.6679685115814209,0.6677343845367432,0.8406686782836914,4.772810935974121,4.373805999755859,3.962698221206665,nan
4.840,0,140.2668914794922,195.2195587158203,200.23924255371094,257.1331481933594,256.5424499511719,255.17584228515625,0.5291574597358704,0.6191800236701965,0.5528988838195801,74.22327423095703,120.87605285644531,110.71205139160156,-49.57880783081055,-80.71309661865234,-93.07215118408203,22.887510299682617,67.64987182617188,23.484085083007812,0.6679685115814209,0.6677343845367432,0.8406686782836914,4.772810935974121,4.373805999755859,3.962698221206665,nan
4.860,0,140.2668914794922,195.2195587158203,200.23924255371094,257.1331481933594,256.5424499511719,255.17584228515625,0.5291574597358704,0.6191800236701965,0.5528988838195801,74.22327423095703,120.87605285644531,110.71205139160156,-49.57880783081055,-80.71309661865234,-93.07215118408203,22.887510299682617,67.64987182617188,23.484085083007812,0.6679685115814209,0.6677343845367432,0.8406686782836914,4.772810935974121,4.373805999755859,3.962698221206665,nan
4.880,0,140.32191467285156,195.2265167236328,200.229736328125,257.28887939453125,256.5752258300781,255.2029266357422,0.5289419889450073,0.6226851940155029,0.558509349822998,74.22215270996094,121.56465911865234,111.8301773071289,-49.93718338012695,-80.62390899658203,-94.06937408447266,22.76054573059082,68.35053253173828,23.412677764892578,0.672806978225708,0.6632183194160461,0.8411805629730225,4.850135326385498,4.28049898147583,3.9033477306365967,nan
4.900,0,140.32191467285156,195.2265167236328,200.229736328125,257.28887939453125,256.5752258300781,255.2029266357422,0.5289419889450073,0.6226851940155029,0.558509349822998,74.22215270996094,121.56465911865234,111.8301773071289,-49.93718338012695,-80.62390899658203,-94.06937408447266,22.76054573059082,68.35053253173828,23.412677764892578,0.672806978225708,0.6632183194160461,0.8411805629730225,4.850135326385498,4.28049898147583,3.9033477306365967,nan
4.920,0,140.32191467285156,195.2265167236328,200.229736328125,257.28887939453125,256.5752258300781,255.2029266357422,0.5289419889450073,0.6226851940155029,0.558509349822998,74.22215270996094,121.56465911865234,111.8301773071289,-49.93718338012695,-80.62390899658203,-94.06937408447266,22.76054573059082,68.35053253173828,23.412677764892578,0.672806978225708,0.6632183194160461,0.8411805629730225,4.850135326385498,4.28049898147583,3.9033477306365967,nan
4.940,0,140.32191467285156,195.2265167236328,200.229736328125,257.28887939453125,256.5752258300781,255.2029266357422,0.5289419889450073,0.6226851940155029,0.558509349822998,74.22215270996094,121.56465911865234,111.8301773071289,-49.93718338012695,-80.62390899658203,-94.06937408447266,22.76054573059082,68.35053253173828,23.412677764892578,0.672806978225708,0.6632183194160461,0.8411805629730225,4.850135326385498,4.28049898147583,3.9033477306365967,nan
4.960,0,140.32191467285156,195.2265167236328,200.229736328125,257.28887939453125,256.5752258300781,255.2029266357422,0.5289419889450073,0.6226851940155029,0.558509349822998,74.22215270996094,121.56465911865234,111.8301773071289,-49.93718338012695,-80.62390899658203,-94.06937408447266,22.76054573059082,68.35053253173828,23.412677764892578,0.672806978225708,0.6632183194160461,0.8411805629730225,4.850135326385498,4.28049898147583,3.9033477306365967,nan
4.980,0,140.32191467285156,195.2265167236328,200.229736328125,257.28887939453125,256.5752258300781,255.2029266357422,0.5289419889450073,0.6226851940155029,0.558509349822998,74.22215270996094,121.56465911865234,111.8301773071289,-49.93718338012695,-80.62390899658203,-94.06937408447266,22.76054573059082,68.35053253173828,23.412677764892578,0.672806978225708,0.6632183194160461,0.8411805629730225,4.850135326385498,4.28049898147583,3.9033477306365967,nan
5.000,0,140.32191467285156,195.2265167236328,200.229736328125,257.28887939453125,256.5752258300781,255.2029266357422,0.5289419889450073,0.6226851940155029,0.558509349822998,74.22215270996094,121.56465911865234,111.8301773071289,-49.93718338012695,-80.62390899658203,-94.06937408447266,22.76054573059082,68.35053253173828,23.412677764892578,0.672806978225708,0.6632183194160461,0.8411805629730225,4.850135326385498,4.28049898147583,3.9033477306365967,nan
5.020,0,140.32191467285156,195.2265167236328,200.229736328125,257.28887939453125,256.5752258300781,255.2029266357422,0.5289419889450073,0.6226851940155029,0.558509349822998,74.22215270996094,121.56465911865234,111.8301773071289,-49.93718338012695,-80.62390899658203,-94.06937408447266,22.76054573059082,68.35053253173828,23.412677764892578,0.672806978225708,0.6632183194160461,0.8411805629730225,4.850135326385498,4.28049898147583,3.9033477306365967,nan
5.040,0,140.32191467285156,195.2265167236328,200.229736328125,257.28887939453125,256.5752258300781,255.2029266357422,0.5289419889450073,0.6226851940155029,0.558509349822998,74.22215270996094,121.56465911865234,111.8301773071289,-49.93718338012695,-80.62390899658203,-94.06937408447266,22.76054573059082,68.35053253173828,23.412677764892578,0.672806978225708,0.6632183194160461,0.8411805629730225,4.850135326385498,4.28049898147583,3.9033477306365967,nan
5.060,0,140.32191467285156,195.2265167236328,200.229736328125,257.28887939453125,256.5752258300781,255.2029266357422,0.5289419889450073,0.6226851940155029,0.558509349822998,74.22215270996094,121.56465911865234,111.8301773071289,-49.93718338012695,-80.62390899658203,-94.06937408447266,22.76054573059082,68.35053253173828,23.412677764892578,0.672806978225708,0.6632183194160461,0.8411805629730225,4.850135326385498,4.28049898147583,3.9033477306365967,nan
5.080,0,140.26072692871094,195.36468505859375,200.2434539794922,257.2430725097656,256.5548400878906,255.10076904296875,0.5277125835418701,0.6206642985343933,0.5583944320678711,74.01734924316406,121.2558822631836,111.81482696533203,-50.181461334228516,-80.30455017089844,-93.4403076171875,22.705049514770508,68.01345825195312,23.8645076751709,0.6779689192771912,0.6622734665870667,0.8356701135635376,4.864806652069092,4.30295467376709,3.771052837371826,nan
5.100,0,140.26072692871094,195.36468505859375,200.2434539794922,257.2430725097656,256.5548400878906,255.10076904296875,0.5277125835418701,0.6206642985343933,0.5583944320678711,74.01734924316406,121.2558822631836,111.81482696533203,-50.181461334228516,-80.30455017089844,-93.4403076171875,22.705049514770508,68.01345825195312,23.8645076751709,0.6779689192771912,0.6622734665870667,0.8356701135635376,4.864806652069092,4.30295467376709,3.771052837371826,nan
5.120,0,140.26072692871094,195.36468505859375,200.2434539794922,257.2430725097656,256.5548400878906,255.10076904296875,0.5277125835418701,0.6206642985343933,0.5583944320678711,74.01734924316406,121.2558822631836,111.81482696533203,-50.181461334228516,-80.30455017089844,-93.4403076171875,22.705049514770508,68.01345825195312,23.8645076751709,0.6779689192771912,0.6622734665870667,0.8356701135635376,4.864806652069092,4.30295467376709,3.771052837371826,nan
5.140,0,140.26072692871094,195.36468505859375,200.2434539794922,257.2430725097656,256.5548400878906,255.10076904296875,0.5277125835418701,0.6206642985343933,0.5583944320678711,74.01734924316406,121.2558822631836,111.81482696533203,-50.181461334228516,-80.30455017089844,-93.4403076171875,22.705049514770508,68.01345825195312,23.8645076751709,0.6779689192771912,0.6622734665870667,0.8356701135635376,4.864806652069092,4.30295467376709,3.771052837371826,nan
5.160,0,140.26072692871094,195.36468505859375,200.2434539794922,257.2430725097656,256.5548400878906,255.10076904296875,0.5277125835418701,0.6206642985343933,0.5583944320678711,74.01734924316406,121.2558822631836,111.81482696533203,-50.181461334228516,-80.30455017089844,-93.4403076171875,22.705049514770508,68.01345825195312,23.8645076751709,0.6779689192771912,0.6622734665870667,0.8356701135635376,4.864806652069092,4.30295467376709,3.771052837371826,nan
5.180,0,140.26072692871094,195.36468505859375,200.2434539794922,257.2430725097656,256.5548400878906,255.10076904296875,0.5277125835418701,0.6206642985343933,0.5583944320678711,74.01734924316406,121.2558822631836,111.81482696533203,-50.181461334228516,-80.30455017089844,-93.4403076171875,22.705049514770508,68.01345825195312,23.8645076751709,0.6779689192771912,0.6622734665870667,0.8356701135635376,4.864806652069092,4.30295467376709,3.771052837371826,nan
5.200,0,140.26072692871094,195.36468505859375,200.2434539794922,257.2430725097656,256.5548400878906,255.10076904296875,0.5277125835418701,0.6206642985343933,0.5583944320678711,74.01734924316406,121.2558822631836,111.81482696533203,-50.181461334228516,-80.30455017089844,-93.4403076171875,22.705049514770508,68.01345825195312,23.8645076751709,0.6779689192771912,0.6622734665870667,0.8356701135635376,4.864806652069092,4.30295467376709,3.771052837371826,nan
5.220,0,140.26072692871094,195.36468505859375,200.2434539794922,257.2430725097656,256.5548400878906,255.10076904296875,0.5277125835418701,0.6206642985343933,0.5583944320678711,74.01734924316406,121.2558822631836,111.81482696533203,-50.181461334228516,-80.30455017089844,-93.4403076171875,22.705049514770508,68.01345825195312,23.8645076751709,0.6779689192771912,0.6622734665870667,0.8356701135635376,4.864806652069092,4.30295467376709,3.771052837371826,nan
5.240,0,140.26072692871094,195.36468505859375,200.2434539794922,257.2430725097656,256.5548400878906,255.10076904296875,0.5277125835418701,0.6206642985343933,0.5583944320678711,74.01734924316406,121.2558822631836,111.81482696533203,-50.181461334228516,-80.30455017089844,-93.4403076171875,22.705049514770508,68.01345825195312,23.8645076751709,0.6779689192771912,0.6622734665870667,0.8356701135635376,4.864806652069092,4.30295467376709,3.771052837371826,nan
5.260,0,140.26072692871094,195.36468505859375,200.2434539794922,257.2430725097656,256.5548400878906,255.10076904296875,0.5277125835418701,0.6206642985343933,0.5583944320678711,74.01734924316406,121.2558822631836,111.81482696533203,-50.181461334228516,-80.30455017089844,-93.4403076171875,22.705049514770508,68.01345825195312,23.8645076751709,0.6779689192771912,0.6622734665870667,0.8356701135635376,4.864806652069092,4.30295467376709,3.771052837371826,nan
5.280,0,140.23736572265625,195.2025909423828,200.11598205566406,257.137451171875,256.546630859375,255.07781982421875,0.5325013399124146,0.6204423308372498,0.559929609298706,74.67658233642578,121.11195373535156,112.05086517333984,-50.13483428955078,-80.92899322509766,-94.32308197021484,22.549785614013672,67.58482360839844,23.29482078552246,0.6713595390319824,0.6682164072990417,0.8417880535125732,4.7322235107421875,4.365556240081787,3.6834557056427,nan
5.300,0,140.23736572265625,195.2025909423828,200.11598205566406,257.137451171875,256.546630859375,255.07781982421875,0.5325013399124146,0.6204423308372498,0.559929609298706,74.67658233642578,121.11195373535156,112.05086517333984,-50.13483428955078,-80.92899322509766,-94.32308197021484,22.549785614013672,67.58482360839844,23.29482078552246,0.6713595390319824,0.6682164072990417,0.8417880535125732,4.7322235107421875,4.365556240081787,3.6834557056427,nan
5.320,0,140.23736572265625,195.2025909423828,200.11598205566406,257.137451171875,256.546630859375,255.07781982421875,0.5325013399124146,0.6204423308372498,0.559929609298706,74.67658233642578,121.11195373535156,112.05086517333984,-50.13483428955078,-80.92899322509766,-94.32308197021484,22.549785614013672,67.58482360839844,23.29482078552246,0.6713595390319824,0.6682164072990417,0.8417880535125732,4.7322235107421875,4.365556240081787,3.6834557056427,nan
5.340,0,140.23736572265625,195.2025909423828,200.11598205566406,257.137451171875,256.546630859375,255.07781982421875,0.5325013399124146,0.6204423308372498,0.559929609298706,74.67658233642578,121.11195373535156,112.05086517333984,-50.13483428955078,-80.92899322509766,-94.32308197021484,22.549785614013672,67.58482360839844,23.29482078552246,0.6713595390319824,0.6682164072990417,0.8417880535125732,4.7322235107421875,4.365556240081787,3.6834557056427,nan
5.360,0,140.23736572265625,195.2025909423828,200.11598205566406,257.137451171875,256.546630859375,255.07781982421875,0.5325013399124146,0.6204423308372498,0.559929609298706,74.67658233642578,121.11195373535156,112.05086517333984,-50.13483428955078,-80.92899322509766,-94.32308197021484,22.549785614013672,67.58482360839844,23.29482078552246,0.6713595390319824,0.6682164072990417,0.8417880535125732,4.7322235107421875,4.365556240081787,3.6834557056427,nan
5.380,0,140.23736572265625,195.2025909423828,200.11598205566406,257.137451171875,256.546630859375,255.07781982421875,0.5325013399124146,0.6204423308372498,0.559929609298706,74.67658233642578,121.11195373535156,112.05086517333984,-50.13483428955078,-80.92899322509766,-94.32308197021484,22.549785614013672,67.58482360839844,23.29482078552246,0.6713595390319824,0.6682164072990417,0.8417880535125732,4.7322235107421875,4.365556240081787,3.6834557056427,nan
5.400,0,140.23736572265625,195.2025909423828,200.11598205566406,257.137451171875,256.546630859375,255.07781982421875,0.5325013399124146,0.6204423308372498,0.559929609298706,74.67658233642578,121.11195373535156,112.05086517333984,-50.13483428955078,-80.92899322509766,-94.32308197021484,22.549785614013672,67.58482360839844,23.29482078552246,0.6713595390319824,0.6682164072990417,0.8417880535125732,4.7322235107421875,4.365556240081787,3.6834557056427,nan
5.420,0,140.23736572265625,195.2025909423828,200.11598205566406,257.137451171875,256.546630859375,255.07781982421875,0.5325013399124146,0.6204423308372498,0.559929609298706,74.67658233642578,121.11195373535156,112.05086517333984,-50.13483428955078,-80.92899322509766,-94.32308197021484,22.549785614013672,67.58482360839844,23.29482078552246,0.6713595390319824,0.6682164072990417,0.8417880535125732,4.7322235107421875,4.365556240081787,3.6834557056427,nan
5.440,0,140.23736572265625,195.2025909423828,200.11598205566406,257.137451171875,256.546630859375,255.07781982421875,0.5325013399124146,0.6204423308372498,0.559929609298706,74.67658233642578,121.11195373535156,112.05086517333984,-50.13483428955078,-80.92899322509766,-94.32308197021484,22.549785614013672,67.58482360839844,23.29482078552246,0.6713595390319824,0.6682164072990417,0.8417880535125732,4.7322235107421875,4.365556240081787,3.6834557056427,nan
5.460,0,140.23736572265625,195.2025909423828,200.11598205566406,257.137451171875,256.546630859375,255.07781982421875,0.5325013399124146,0.6204423308372498,0.559929609298706,74.67658233642578,121.11195373535156,112.05086517333984,-50.13483428955078,-80.92899322509766,-94.32308197021484,22.549785614013672,67.58482360839844,23.29482078552246,0.6713595390319824,0.6682164072990417,0.8417880535125732,4.7322235107421875,4.365556240081787,3.6834557056427,nan
5.480,0,140.32565307617188,195.1415252685547,200.13497924804688,257.0828552246094,256.5810546875,255.08888244628906,0.5298939347267151,0.6174227595329285,0.5566664934158325,74.35771179199219,120.48481750488281,111.40843963623047,-50.42905807495117,-80.40705108642578,-93.2022476196289,22.40597915649414,66.8016357421875,24.02667999267578,0.6781954169273376,0.6673625111579895,0.8365815877914429,4.676473140716553,4.387396812438965,3.749586343765259,nan
5.500,0,140.32565307617188,195.1415252685547,200.13497924804688,257.0828552246094,256.5810546875,255.08888244628906,0.5298939347267151,0.6174227595329285,0.5566664934158325,74.35771179199219,120.48481750488281,111.40843963623047,-50.42905807495117,-80.40705108642578,-93.2022476196289,22.40597915649414,66.8016357421875,24.02667999267578,0.6781954169273376,0.6673625111579895,0.8365815877914429,4.676473140716553,4.387396812438965,3.749586343765259,nan
5.520,0,140.32565307617188,195.1415252685547,200.13497924804688,257.0828552246094,256.5810546875,255.08888244628906,0.5298939347267151,0.6174227595329285,0.5566664934158325,74.35771179199219,120.48481750488281,111.40843963623047,-50.42905807495117,-80.40705108642578,-93.2022476196289,22.40597915649414,66.8016357421875,24.02667999267578,0.6781954169273376,0.6673625111579895,0.8365815877914429,4.676473140716553,4.387396812438965,3.749586343765259,nan
5.540,0,140.32565307617188,195.1415252685547,200.13497924804688,257.0828552246094,256.5810546875,255.08888244628906,0.5298939347267151,0.6174227595329285,0.5566664934158325,74.35771179199219,120.48481750488281,111.40843963623047,-50.42905807495117,-80.40705108642578,-93.2022476196289,22.40597915649414,66.8016357421875,24.02667999267578,0.6781954169273376,0.6673625111579895,0.8365815877914429,4.676473140716553,4.387396812438965,3.749586343765259,nan
5.560,0,140.32565307617188,195.1415252685547,200.13497924804688,257.0828552246094,256.5810546875,255.08888244628906,0.5298939347267151,0.6174227595329285,0.5566664934158325,74.35771179199219,120.48481750488281,111.40843963623047,-50.42905807495117,-80.40705108642578,-93.2022476196289,22.40597915649414,66.8016357421875,24.02667999267578,0.6781954169273376,0.6673625111579895,0.8365815877914429,4.676473140716553,4.387396812438965,3.749586343765259,nan
5.580,0,140.32565307617188,195.1415252685547,200.13497924804688,257.0828552246094,256.5810546875,255.08888244628906,0.5298939347267151,0.6174227595329285,0.5566664934158325,74.35771179199219,120.48481750488281,111.40843963623047,-50.42905807495117,-80.40705108642578,-93.2022476196289,22.40597915649414,66.8016357421875,24.02667999267578,0.6781954169273376,0.6673625111579895,0.8365815877914429,4.676473140716553,4.387396812438965,3.749586343765259,nan
5.600,0,140.32565307617188,195.1415252685547,200.13497924804688,257.0828552246094,256.5810546875,255.08888244628906,0.5298939347267151,0.6174227595329285,0.5566664934158325,74.35771179199219,120.48481750488281,111.40843963623047,-50.42905807495117,-80.40705108642578,-93.2022476196289,22.40597915649414,66.8016357421875,24.02667999267578,0.6781954169273376,0.6673625111579895,0.8365815877914429,4.676473140716553,4.387396812438965,3.749586343765259,nan
5.620,0,140.32565307617188,195.1415252685547,200.13497924804688,257.0828552246094,256.5810546875,255.08888244628906,0.5298939347267151,0.6174227595329285,0.5566664934158325,74.35771179199219,120.48481750488281,111.40843963623047,-50.42905807495117,-80.40705108642578,-93.2022476196289,22.40597915649414,66.8016357421875,24.02667999267578,0.6781954169273376,0.6673625111579895,0.8365815877914429,4.676473140716553,4.387396812438965,3.749586343765259,nan
5.640,0,140.32565307617188,195.1415252685547,200.13497924804688,257.0828552246094,256.5810546875,255.08888244628906,0.5298939347267151,0.6174227595329285,0.5566664934158325,74.35771179199219,120.48481750488281,111.40843963623047,-50.42905807495117,-80.40705108642578,-93.2022476196289,22.40597915649414,66.8016357421875,24.02667999267578,0.6781954169273376,0.6673625111579895,0.8365815877914429,4.676473140716553,4.387396812438965,3.749586343765259,nan
5.660,0,140.27610778808594,195.2450408935547,200.26177978515625,257.1796569824219,256.619384765625,255.20477294921875,0.5339727997779846,0.621182382106781,0.55730801820755,74.90362548828125,121.28277587890625,111.60749816894531,-50.375152587890625,-81.07501220703125,-93.72954559326172,22.719749450683594,67.47146606445312,23.770784378051758,0.6725329160690308,0.6684792041778564,0.8398140668869019,4.712685585021973,4.3698625564575195,3.8370137214660645,nan
5.680,0,140.27610778808594,195.2450408935547,200.26177978515625,257.1796569824219,256.619384765625,255.20477294921875,0.5339727997779846,0.621182382106781,0.55730801820755,74.90362548828125,121.28277587890625,111.60749816894531,-50.375152587890625,-81.07501220703125,-93.72954559326172,22.719749450683594,67.47146606445312,23.770784378051758,0.6725329160690308,0.6684792041778564,0.8398140668869019,4.712685585021973,4.3698625564575195,3.8370137214660645,nan
5.700,0,140.27610778808594,195.2450408935547,200.26177978515625,257.1796569824219,256.619384765625,255.20477294921875,0.5339727997779846,0.621182382106781,0.55730801820755,74.90362548828125,121.28277587890625,111.60749816894531,-50.375152587890625,-81.07501220703125,-93.72954559326172,22.719749450683594,67.47146606445312,23.770784378051758,0.6725329160690308,0.6684792041778564,0.8398140668869019,4.712685585021973,4.3698625564575195,3.8370137214660645,nan
5.720,0,140.27610778808594,195.2450408935547,200.26177978515625,257.1796569824219,256.619384765625,255.20477294921875,0.5339727997779846,0.621182382106781,0.55730801820755,74.90362548828125,121.28277587890625,111.60749816894531,-50.375152587890625,-81.07501220703125,-93.72954559326172,22.719749450683594,67.47146606445312,23.770784378051758,0.6725329160690308,0.6684792041778564,0.8398140668869019,4.712685585021973,4.3698625564575195,3.8370137214660645,nan
5.740,0,140.27610778808594,195.2450408935547,200.26177978515625,257.1796569824219,256.619384765625,255.20477294921875,0.5339727997779846,0.621182382106781,0.55730801820755,74.90362548828125,121.28277587890625,111.60749816894531,-50.375152587890625,-81.07501220703125,-93.72954559326172,22.719749450683594,67.47146606445312,23.770784378051758,0.6725329160690308,0.6684792041778564,0.8398140668869019,4.712685585021973,4.3698625564575195,3.8370137214660645,nan
5.760,0,140.27610778808594,195.2450408935547,200.26177978515625,257.1796569824219,256.619384765625,255.20477294921875,0.5339727997779846,0.621182382106781,0.55730801820755,74.90362548828125,121.28277587890625,111.60749816894531,-50.375152587890625,-81.07501220703125,-93.72954559326172,22.719749450683594,67.47146606445312,23.770784378051758,0.6725329160690308,0.6684792041778564,0.8398140668869019,4.712685585021973,4.3698625564575195,3.8370137214660645,nan
5.780,0,140.27610778808594,195.2450408935547,200.26177978515625,257.1796569824219,256.619384765625,255.20477294921875,0.5339727997779846,0.621182382106781,0.55730801820755,74.90362548828125,121.28277587890625,111.60749816894531,-50.375152587890625,-81.07501220703125,-93.72954559326172,22.719749450683594,67.47146606445312,23.770784378051758,0.6725329160690308,0.6684792041778564,0.8398140668869019,4.712685585021973,4.3698625564575195,3.8370137214660645,nan
5.800,0,140.27610778808594,195.2450408935547,200.26177978515625,257.1796569824219,256.619384765625,255.20477294921875,0.5339727997779846,0.621182382106781,0.55730801820755,74.90362548828125,121.28277587890625,111.60749816894531,-50.375152587890625,-81.07501220703125,-93.72954559326172,22.719749450683594,67.47146606445312,23.770784378051758,0.6725329160690308,0.6684792041778564,0.8398140668869019,4.712685585021973,4.3698625564575195,3.8370137214660645,nan
5.820,0,140.27610778808594,195.2450408935547,200.26177978515625,257.1796569824219,256.619384765625,255.20477294921875,0.5339727997779846,0.621182382106781,0.55730801820755,74.90362548828125,121.28277587890625,111.60749816894531,-50.375152587890625,-81.07501220703125,-93.72954559326172,22.719749450683594,67.47146606445312,23.770784378051758,0.6725329160690308,0.6684792041778564,0.8398140668869019,4.712685585021973,4.3698625564575195,3.8370137214660645,nan
5.840,0,140.27610778808594,195.2450408935547,200.26177978515625,257.1796569824219,256.619384765625,255.20477294921875,0.5339727997779846,0.621182382106781,0.55730801820755,74.90362548828125,121.28277587890625,111.60749816894531,-50.375152587890625,-81.07501220703125,-93.72954559326172,22.719749450683594,67.47146606445312,23.770784378051758,0.6725329160690308,0.6684792041778564,0.8398140668869019,4.712685585021973,4.3698625564575195,3.8370137214660645,nan
5.860,0,140.30235290527344,195.1968536376953,200.23281860351562,257.22772216796875,256.5883483886719,255.1697235107422,0.5298115611076355,0.6192464828491211,0.554766058921814,74.33380889892578,120.87496185302734,111.0823745727539,-50.200469970703125,-80.580078125,-93.23482513427734,22.528894424438477,67.30452728271484,23.61017417907715,0.6753383278846741,0.6666399240493774,0.8393304944038391,4.781023979187012,4.316176414489746,3.8177902698516846,nan
5.880,0,140.30235290527344,195.1968536376953,200.23281860351562,257.22772216796875,256.5883483886719,255.1697235107422,0.5298115611076355,0.6192464828491211,0.554766058921814,74.33380889892578,120.87496185302734,111.0823745727539,-50.200469970703125,-80.580078125,-93.23482513427734,22.528894424438477,67.30452728271484,23.61017417907715,0.6753383278846741,0.6666399240493774,0.8393304944038391,4.781023979187012,4.316176414489746,3.8177902698516846,nan
5.900,0,140.30235290527344,195.1968536376953,200.23281860351562,257.22772216796875,256.5883483886719,255.1697235107422,0.5298115611076355,0.6192464828491211,0.554766058921814,74.33380889892578,120.87496185302734,111.0823745727539,-50.200469970703125,-80.580078125,-93.23482513427734,22.528894424438477,67.30452728271484,23.61017417907715,0.6753383278846741,0.6666399240493774,0.8393304944038391,4.781023979187012,4.316176414489746,3.8177902698516846,nan
5.920,0,140.30235290527344,195.1968536376953,200.23281860351562,257.22772216796875,256.5883483886719,255.1697235107422,0.5298115611076355,0.6192464828491211,0.554766058921814,74.33380889892578,120.87496185302734,111.0823745727539,-50.200469970703125,-80.580078125,-93.23482513427734,22.528894424438477,67.30452728271484,23.61017417907715,0.6753383278846741,0.6666399240493774,0.8393304944038391,4.781023979187012,4.316176414489746,3.8177902698516846,nan
5.940,0,140.30235290527344,195.1968536376953,200.23281860351562,257.22772216796875,256.5883483886719,255.1697235107422,0.5298115611076355,0.6192464828491211,0.554766058921814,74.33380889892578,120.87496185302734,111.0823745727539,-50.200469970703125,-80.580078125,-93.23482513427734,22.528894424438477,67.30452728271484,23.61017417907715,0.6753383278846741,0.6666399240493774,0.8393304944038391,4.781023979187012,4.316176414489746,3.8177902698516846,nan
5.960,0,140.30235290527344,195.1968536376953,200.23281860351562,257.22772216796875,256.5883483886719,255.1697235107422,0.5298115611076355,0.6192464828491211,0.554766058921814,74.33380889892578,120.87496185302734,111.0823745727539,-50.200469970703125,-80.580078125,-93.23482513427734,22.528894424438477,67.30452728271484,23.61017417907715,0.6753383278846741,0.6666399240493774,0.8393304944038391,4.781023979187012,4.316176414489746,3.8177902698516846,nan
5.980,0,140.30235290527344,195.1968536376953,200.23281860351562,257.22772216796875,256.5883483886719,255.1697235107422,0.5298115611076355,0.6192464828491211,0.554766058921814,74.33380889892578,120.87496185302734,111.0823745727539,-50.200469970703125,-80.580078125,-93.23482513427734,22.528894424438477,67.30452728271484,23.61017417907715,0.6753383278846741,0.6666399240493774,0.8393304944038391,4.781023979187012,4.316176414489746,3.8177902698516846,nan
6.000,0,140.30235290527344,195.1968536376953,200.23281860351562,257.22772216796875,256.5883483886719,255.1697235107422,0.5298115611076355,0.6192464828491211,0.554766058921814,74.33380889892578,120.87496185302734,111.0823745727539,-50.200469970703125,-80.580078125,-93.23482513427734,22.528894424438477,67.30452728271484,23.61017417907715,0.6753383278846741,0.6666399240493774,0.8393304944038391,4.781023979187012,4.316176414489746,3.8177902698516846,nan
6.020,0,140.30235290527344,195.1968536376953,200.23281860351562,257.22772216796875,256.5883483886719,255.1697235107422,0.5298115611076355,0.6192464828491211,0.554766058921814,74.33380889892578,120.87496185302734,111.0823745727539,-50.200469970703125,-80.580078125,-93.23482513427734,22.528894424438477,67.30452728271484,23.61017417907715,0.6753383278846741,0.6666399240493774,0.8393304944038391,4.781023979187012,4.316176414489746,3.8177902698516846,nan
6.040,0,140.30235290527344,195.1968536376953,200.23281860351562,257.22772216796875,256.5883483886719,255.1697235107422,0.5298115611076355,0.6192464828491211,0.554766058921814,74.33380889892578,120.87496185302734,111.0823745727539,-50.200469970703125,-80.580078125,-93.23482513427734,22.528894424438477,67.30452728271484,23.61017417907715,0.6753383278846741,0.6666399240493774,0.8393304944038391,4.781023979187012,4.316176414489746,3.8177902698516846,nan
6.060,0,140.25390625,195.30409240722656,200.2478790283203,257.2466735839844,256.5720520019531,255.1645965576172,0.532615602016449,0.6230223774909973,0.5579938292503357,74.701416015625,121.67881774902344,111.7370834350586,-50.296573638916016,-80.93208312988281,-93.66461181640625,23.123273849487305,68.05426788330078,23.8850154876709,0.6733014583587646,0.665128767490387,0.8382589817047119,4.787988662719727,4.32359504699707,3.701758861541748,nan
6.080,0,140.25390625,195.30409240722656,200.2478790283203,257.2466735839844,256.5720520019531,255.1645965576172,0.532615602016449,0.6230223774909973,0.5579938292503357,74.701416015625,121.67881774902344,111.7370834350586,-50.296573638916016,-80.93208312988281,-93.66461181640625,23.123273849487305,68.05426788330078,23.8850154876709,0.6733014583587646,0.665128767490387,0.8382589817047119,4.787988662719727,4.32359504699707,3.701758861541748,nan
6.100,0,140.25390625,195.30409240722656,200.2478790283203,257.2466735839844,256.5720520019531,255.1645965576172,0.532615602016449,0.6230223774909973,0.5579938292503357,74.701416015625,121.67881774902344,111.7370834350586,-50.296573638916016,-80.93208312988281,-93.66461181640625,23.123273849487305,68.05426788330078,23.8850154876709,0.6733014583587646,0.665128767490387,0.8382589817047119,4.787988662719727,4.32359504699707,3.701758861541748,nan
6.120,0,140.25390625,195.30409240722656,200.2478790283203,257.2466735839844,256.5720520019531,255.1645965576172,0.532615602016449,0.6230223774909973,0.5579938292503357,74.701416015625,121.67881774902344,111.7370834350586,-50.296573638916016,-80.93208312988281,-93.66461181640625,23.123273849487305,68.05426788330078,23.8850154876709,0.6733014583587646,0.665128767490387,0.8382589817047119,4.787988662719727,4.32359504699707,3.701758861541748,nan
6.140,0,140.25390625,195.30409240722656,200.2478790283203,257.2466735839844,256.5720520019531,255.1645965576172,0.532615602016449,0.6230223774909973,0.5579938292503357,74.701416015625,121.67881774902344,111.7370834350586,-50.296573638916016,-80.93208312988281,-93.66461181640625,23.123273849487305,68.05426788330078,23.8850154876709,0.6733014583587646,0.665128767490387,0.8382589817047119,4.787988662719727,4.32359504699707,3.701758861541748,nan
6.160,0,140.25390625,195.30409240722656,200.2478790283203,257.2466735839844,256.5720520019531,255.1645965576172,0.532615602016449,0.6230223774909973,0.5579938292503357,74.701416015625,121.67881774902344,111.7370834350586,-50.296573638916016,-80.93208312988281,-93.66461181640625,23.123273849487305,68.05426788330078,23.8850154876709,0.6733014583587646,0.665128767490387,0.8382589817047119,4.787988662719727,4.32359504699707,3.701758861541748,nan
6.180,0,140.25390625,195.30409240722656,200.2478790283203,257.2466735839844,256.5720520019531,255.1645965576172,0.532615602016449,0.6230223774909973,0.5579938292503357,74.701416015625,121.67881774902344,111.7370834350586,-50.296573638916016,-80.93208312988281,-93.66461181640625,23.123273849487305,68.05426788330078,23.8850154876709,0.6733014583587646,0.665128767490387,0.8382589817047119,4.787988662719727,4.32359504699707,3.701758861541748,nan
6.200,0,140.25390625,195.30409240722656,200.2478790283203,257.2466735839844,256.5720520019531,255.1645965576172,0.532615602016449,0.6230223774909973,0.5579938292503357,74.701416015625,121.67881774902344,111.7370834350586,-50.296573638916016,-80.93208312988281,-93.66461181640625,23.123273849487305,68.05426788330078,23.8850154876709,0.6733014583587646,0.665128767490387,0.8382589817047119,4.787988662719727,4.32359504699707,3.701758861541748,nan
6.220,0,140.25390625,195.30409240722656,200.2478790283203,257.2466735839844,256.5720520019531,255.1645965576172,0.532615602016449,0.6230223774909973,0.5579938292503357,74.701416015625,121.67881774902344,111.7370834350586,-50.296573638916016,-80.93208312988281,-93.66461181640625,23.123273849487305,68.05426788330078,23.8850154876709,0.6733014583587646,0.665128767490387,0.8382589817047119,4.787988662719727,4.32359504699707,3.701758861541748,nan
6.240,0,140.25390625,195.30409240722656,200.2478790283203,257.2466735839844,256.5720520019531,255.1645965576172,0.532615602016449,0.6230223774909973,0.5579938292503357,74.701416015625,121.67881774902344,111.7370834350586,-50.296573638916016,-80.93208312988281,-93.66461181640625,23.123273849487305,68.05426788330078,23.8850154876709,0.6733014583587646,0.665128767490387,0.8382589817047119,4.787988662719727,4.32359504699707,3.701758861541748,nan
6.260,0,140.27015686035156,195.16818237304688,200.1501007080078,257.1673278808594,256.5132141113281,255.1144561767578,0.5330175757408142,0.6226516366004944,0.5575023889541626,74.7664566040039,121.52178955078125,111.58415985107422,-50.33244323730469,-80.86005401611328,-93.86238861083984,22.889633178710938,67.76229858398438,23.945032119750977,0.6731955409049988,0.6653954982757568,0.8411802053451538,4.656388282775879,4.308798313140869,3.581026554107666,nan
6.280,0,140.27015686035156,195.16818237304688,200.1501007080078,257.1673278808594,256.5132141113281,255.1144561767578,0.5330175757408142,0.6226516366004944,0.5575023889541626,74.7664566040039,121.52178955078125,111.58415985107422,-50.33244323730469,-80.86005401611328,-93.86238861083984,22.889633178710938,67.76229858398438,23.945032119750977,0.6731955409049988,0.6653954982757568,0.8411802053451538,4.656388282775879,4.308798313140869,3.581026554107666,nan
6.300,0,140.27015686035156,195.16818237304688,200.1501007080078,257.1673278808594,256.5132141113281,255.1144561767578,0.5330175757408142,0.6226516366004944,0.5575023889541626,74.7664566040039,121.52178955078125,111.58415985107422,-50.33244323730469,-80.86005401611328,-93.86238861083984,22.889633178710938,67.76229858398438,23.945032119750977,0.6731955409049988,0.6653954982757568,0.8411802053451538,4.656388282775879,4.308798313140869,3.581026554107666,nan
6.320,0,140.27015686035156,195.16818237304688,200.1501007080078,257.1673278808594,256.5132141113281,255.1144561767578,0.5330175757408142,0.6226516366004944,0.5575023889541626,74.7664566040039,121.52178955078125,111.58415985107422,-50.33244323730469,-80.86005401611328,-93.86238861083984,22.889633178710938,67.76229858398438,23.945032119750977,0.6731955409049988,0.6653954982757568,0.8411802053451538,4.656388282775879,4.308798313140869,3.581026554107666,nan
6.340,0,140.27015686035156,195.16818237304688,200.1501007080078,257.1673278808594,256.5132141113281,255.1144561767578,0.5330175757408142,0.6226516366004944,0.5575023889541626,74.7664566040039,121.52178955078125,111.58415985107422,-50.33244323730469,-80.86005401611328,-93.86238861083984,22.889633178710938,67.76229858398438,23.945032119750977,0.6731955409049988,0.6653954982757568,0.8411802053451538,4.656388282775879,4.308798313140869,3.581026554107666,nan
6.360,0,140.27015686035156,195.16818237304688,200.1501007080078,257.1673278808594,256.5132141113281,255.1144561767578,0.5330175757408142,0.6226516366004944,0.5575023889541626,74.7664566040039,121.52178955078125,111.58415985107422,-50.33244323730469,-80.86005401611328,-93.86238861083984,22.889633178710938,67.76229858398438,23.945032119750977,0.6731955409049988,0.6653954982757568,0.8411802053451538,4.656388282775879,4.308798313140869,3.581026554107666,nan
6.380,0,140.27015686035156,195.16818237304688,200.1501007080078,257.1673278808594,256.5132141113281,255.1144561767578,0.5330175757408142,0.6226516366004944,0.5575023889541626,74.7664566040039,121.52178955078125,111.58415985107422,-50.33244323730469,-80.86005401611328,-93.86238861083984,22.889633178710938,67.76229858398438,23.945032119750977,0.6731955409049988,0.6653954982757568,0.8411802053451538,4.656388282775879,4.308798313140869,3.581026554107666,nan
6.400,0,140.27015686035156,195.16818237304688,200.1501007080078,257.1673278808594,256.5132141113281,255.1144561767578,0.5330175757408142,0.6226516366004944,0.5575023889541626,74.7664566040039,121.52178955078125,111.58415985107422,-50.33244323730469,-80.86005401611328,-93.86238861083984,22.889633178710938,67.76229858398438,23.945032119750977,0.6731955409049988,0.6653954982757568,0.8411802053451538,4.656388282775879,4.308798313140869,3.581026554107666,nan
6.420,0,140.27015686035156,195.16818237304688,200.1501007080078,257.1673278808594,256.5132141113281,255.1144561767578,0.5330175757408142,0.6226516366004944,0.5575023889541626,74.7664566040039,121.52178955078125,111.58415985107422,-50.33244323730469,-80.86005401611328,-93.86238861083984,22.889633178710938,67.76229858398438,23.945032119750977,0.6731955409049988,0.6653954982757568,0.8411802053451538,4.656388282775879,4.308798313140869,3.581026554107666,nan
6.440,0,140.27015686035156,195.16818237304688,200.1501007080078,257.1673278808594,256.5132141113281,255.1144561767578,0.5330175757408142,0.6226516366004944,0.5575023889541626,74.7664566040039,121.52178955078125,111.58415985107422,-50.33244323730469,-80.86005401611328,-93.86238861083984,22.889633178710938,67.76229858398438,23.945032119750977,0.6731955409049988,0.6653954982757568,0.8411802053451538,4.656388282775879,4.308798313140869,3.581026554107666,nan
6.460,0,140.2411651611328,195.31105041503906,200.20730590820312,257.1407470703125,256.56671142578125,255.08706665039062,0.5301682353019714,0.6193240880966187,0.5573795437812805,74.35140991210938,120.9608383178711,111.5914535522461,-50.55128479003906,-80.54519653320312,-93.35433959960938,22.656457901000977,66.820556640625,24.101293563842773,0.6798967719078064,0.6658782958984375,0.8365724682807922,4.560586452484131,4.3357696533203125,3.6172165870666504,nan
6.480,0,140.2411651611328,195.31105041503906,200.20730590820312,257.1407470703125,256.56671142578125,255.08706665039062,0.5301682353019714,0.6193240880966187,0.5573795437812805,74.35140991210938,120.9608383178711,111.5914535522461,-50.55128479003906,-80.54519653320312,-93.35433959960938,22.656457901000977,66.820556640625,24.101293563842773,0.6798967719078064,0.6658782958984375,0.8365724682807922,4.560586452484131,4.3357696533203125,3.6172165870666504,nan
6.500,0,140.2411651611328,195.31105041503906,200.20730590820312,257.1407470703125,256.56671142578125,255.08706665039062,0.5301682353019714,0.6193240880966187,0.5573795437812805,74.35140991210938,120.9608383178711,111.5914535522461,-50.55128479003906,-80.54519653320312,-93.35433959960938,22.656457901000977,66.820556640625,24.101293563842773,0.6798967719078064,0.6658782958984375,0.8365724682807922,4.560586452484131,4.3357696533203125,3.6172165870666504,nan
6.520,0,140.2411651611328,195.31105041503906,200.20730590820312,257.1407470703125,256.56671142578125,255.08706665039062,0.5301682353019714,0.6193240880966187,0.5573795437812805,74.35140991210938,120.9608383178711,111.5914535522461,-50.55128479003906,-80.54519653320312,-93.35433959960938,22.656457901000977,66.820556640625,24.101293563842773,0.6798967719078064,0.6658782958984375,0.8365724682807922,4.560586452484131,4.3357696533203125,3.6172165870666504,nan
6.540,0,140.2411651611328,195.31105041503906,200.20730590820312,257.1407470703125,256.56671142578125,255.08706665039062,0.5301682353019714,0.6193240880966187,0.5573795437812805,74.35140991210938,120.9608383178711,111.5914535522461,-50.55128479003906,-80.54519653320312,-93.35433959960938,22.656457901000977,66.820556640625,24.101293563842773,0.6798967719078064,0.6658782958984375,0.8365724682807922,4.560586452484131,4.3357696533203125,3.6172165870666504,nan
6.560,0,140.2411651611328,195.31105041503906,200.20730590820312,257.1407470703125,256.56671142578125,255.08706665039062,0.5301682353019714,0.6193240880966187,0.5573795437812805,74.35140991210938,120.9608383178711,111.5914535522461,-50.55128479003906,-80.54519653320312,-93.35433959960938,22.656457901000977,66.820556640625,24.101293563842773,0.6798967719078064,0.6658782958984375,0.8365724682807922,4.560586452484131,4.3357696533203125,3.6172165870666504,nan
6.580,0,140.2411651611328,195.31105041503906,200.20730590820312,257.1407470703125,256.56671142578125,255.08706665039062,0.5301682353019714,0.6193240880966187,0.5573795437812805,74.35140991210938,120.9608383178711,111.5914535522461,-50.55128479003906,-80.54519653320312,-93.35433959960938,22.656457901000977,66.820556640625,24.101293563842773,0.6798967719078064,0.6658782958984375,0.8365724682807922,4.560586452484131,4.3357696533203125,3.6172165870666504,nan
6.600,0,140.2411651611328,195.31105041503906,200.20730590820312,257.1407470703125,256.56671142578125,255.08706665039062,0.5301682353019714,0.6193240880966187,0.5573795437812805,74.35140991210938,120.9608383178711,111.5914535522461,-50.55128479003906,-80.54519653320312,-93.35433959960938,22.656457901000977,66.820556640625,24.101293563842773,0.6798967719078064,0.6658782958984375,0.8365724682807922,4.560586452484131,4.3357696533203125,3.6172165870666504,nan
6.620,0,140.2411651611328,195.31105041503906,200.20730590820312,257.1407470703125,256.56671142578125,255.08706665039062,0.5301682353019714,0.6193240880966187,0.5573795437812805,74.35140991210938,120.9608383178711,111.5914535522461,-50.55128479003906,-80.54519653320312,-93.35433959960938,22.656457901000977,66.820556640625,24.101293563842773,0.6798967719078064,0.6658782958984375,0.8365724682807922,4.560586452484131,4.3357696533203125,3.6172165870666504,nan
6.640,0,140.2411651611328,195.31105041503906,200.20730590820312,257.1407470703125,256.56671142578125,255.08706665039062,0.5301682353019714,0.6193240880966187,0.5573795437812805,74.35140991210938,120.9608383178711,111.5914535522461,-50.55128479003906,-80.54519653320312,-93.35433959960938,22.656457901000977,66.820556640625,24.101293563842773,0.6798967719078064,0.6658782958984375,0.8365724682807922,4.560586452484131,4.3357696533203125,3.6172165870666504,nan
6.660,0,140.27978515625,195.23406982421875,200.1959686279297,257.2240905761719,256.6519775390625,255.15689086914062,0.5333603024482727,0.6214873790740967,0.5574504137039185,74.81967163085938,121.33551025390625,111.59932708740234,-50.46200180053711,-81.1797866821289,-93.94278717041016,22.558380126953125,67.34371948242188,23.745651245117188,0.6744483113288879,0.6690521836280823,0.8417863249778748,4.579329967498779,4.356163024902344,3.7492780685424805,nan
6.680,0,140.27978515625,195.23406982421875,200.1959686279297,257.2240905761719,256.6519775390625,255.15689086914062,0.5333603024482727,0.6214873790740967,0.5574504137039185,74.81967163085938,121.33551025390625,111.59932708740234,-50.46200180053711,-81.1797866821289,-93.94278717041016,22.558380126953125,67.34371948242188,23.745651245117188,0.6744483113288879,0.6690521836280823,0.8417863249778748,4.579329967498779,4.356163024902344,3.7492780685424805,nan
6.700,0,140.27978515625,195.23406982421875,200.1959686279297,257.2240905761719,256.6519775390625,255.15689086914062,0.5333603024482727,0.6214873790740967,0.5574504137039185,74.81967163085938,121.33551025390625,111.59932708740234,-50.46200180053711,-81.1797866821289,-93.94278717041016,22.558380126953125,67.34371948242188,23.745651245117188,0.6744483113288879,0.6690521836280823,0.8417863249778748,4.579329967498779,4.356163024902344,3.7492780685424805,nan
6.720,0,140.27978515625,195.23406982421875,200.1959686279297,257.2240905761719,256.6519775390625,255.15689086914062,0.5333603024482727,0.6214873790740967,0.5574504137039185,74.81967163085938,121.33551025390625,111.59932708740234,-50.46200180053711,-81.1797866821289,-93.94278717041016,22.558380126953125,67.34371948242188,23.745651245117188,0.6744483113288879,0.6690521836280823,0.8417863249778748,4.579329967498779,4.356163024902344,3.7492780685424805,nan
6.740,0,140.27978515625,195.23406982421875,200.1959686279297,257.2240905761719,256.6519775390625,255.15689086914062,0.5333603024482727,0.6214873790740967,0.5574504137039185,74.81967163085938,121.33551025390625,111.59932708740234,-50.46200180053711,-81.1797866821289,-93.94278717041016,22.558380126953125,67.34371948242188,23.745651245117188,0.6744483113288879,0.6690521836280823,0.8417863249778748,4.579329967498779,4.356163024902344,3.7492780685424805,nan
6.760,0,140.27978515625,195.23406982421875,200.1959686279297,257.2240905761719,256.6519775390625,255.15689086914062,0.5333603024482727,0.6214873790740967,0.5574504137039185,74.81967163085938,121.33551025390625,111.59932708740234,-50.46200180053711,-81.1797866821289,-93.94278717041016,22.558380126953125,67.34371948242188,23.745651245117188,0.6744483113288879,0.6690521836280823,0.8417863249778748,4.579329967498779,4.356163024902344,3.7492780685424805,nan
6.780,0,140.27978515625,195.23406982421875,200.1959686279297,257.2240905761719,256.6519775390625,255.15689086914062,0.5333603024482727,0.6214873790740967,0.5574504137039185,74.81967163085938,121.33551025390625,111.59932708740234,-50.46200180053711,-81.1797866821289,-93.94278717041016,22.558380126953125,67.34371948242188,23.745651245117188,0.6744483113288879,0.6690521836280823,0.8417863249778748,4.579329967498779,4.356163024902344,3.7492780685424805,nan
6.800,0,140.27978515625,195.23406982421875,200.1959686279297,257.2240905761719,256.6519775390625,255.15689086914062,0.5333603024482727,0.6214873790740967,0.5574504137039185,74.81967163085938,121.33551025390625,111.59932708740234,-50.46200180053711,-81.1797866821289,-93.94278717041016,22.558380126953125,67.34371948242188,23.745651245117188,0.6744483113288879,0.6690521836280823,0.8417863249778748,4.579329967498779,4.356163024902344,3.7492780685424805,nan
6.820,0,140.27978515625,195.23406982421875,200.1959686279297,257.2240905761719,256.6519775390625,255.15689086914062,0.5333603024482727,0.6214873790740967,0.5574504137039185,74.81967163085938,121.33551025390625,111.59932708740234,-50.46200180053711,-81.1797866821289,-93.94278717041016,22.558380126953125,67.34371948242188,23.745651245117188,0.6744483113288879,0.6690521836280823,0.8417863249778748,4.579329967498779,4.356163024902344,3.7492780685424805,nan
6.840,0,140.27978515625,195.23406982421875,200.1959686279297,257.2240905761719,256.6519775390625,255.15689086914062,0.5333603024482727,0.6214873790740967,0.5574504137039185,74.81967163085938,121.33551025390625,111.59932708740234,-50.46200180053711,-81.1797866821289,-93.94278717041016,22.558380126953125,67.34371948242188,23.745651245117188,0.6744483113288879,0.6690521836280823,0.8417863249778748,4.579329967498779,4.356163024902344,3.7492780685424805,nan
6.860,0,140.3018798828125,195.26019287109375,200.24191284179688,257.2403564453125,256.6106872558594,255.13125610351562,0.5313184261322021,0.6212550401687622,0.5580116510391235,74.54497528076172,121.30638122558594,111.73731994628906,-50.72248840332031,-80.91606140136719,-93.84752655029297,22.19087028503418,67.40708923339844,23.568302154541016,0.6804280281066895,0.6670387983322144,0.83989417552948,4.675122261047363,4.296604633331299,3.877739667892456,nan
6.880,0,140.3018798828125,195.26019287109375,200.24191284179688,257.2403564453125,256.6106872558594,255.13125610351562,0.5313184261322021,0.6212550401687622,0.5580116510391235,74.54497528076172,121.30638122558594,111.73731994628906,-50.72248840332031,-80.91606140136719,-93.84752655029297,22.19087028503418,67.40708923339844,23.568302154541016,0.6804280281066895,0.6670387983322144,0.83989417552948,4.675122261047363,4.296604633331299,3.877739667892456,nan
6.900,0,140.3018798828125,195.26019287109375,200.24191284179688,257.2403564453125,256.6106872558594,255.13125610351562,0.5313184261322021,0.6212550401687622,0.5580116510391235,74.54497528076172,121.30638122558594,111.73731994628906,-50.72248840332031,-80.91606140136719,-93.84752655029297,22.19087028503418,67.40708923339844,23.568302154541016,0.6804280281066895,0.6670387983322144,0.83989417552948,4.675122261047363,4.296604633331299,3.877739667892456,nan
6.920,0,140.3018798828125,195.26019287109375,200.24191284179688,257.2403564453125,256.6106872558594,255.13125610351562,0.5313184261322021,0.6212550401687622,0.5580116510391235,74.54497528076172,121.30638122558594,111.73731994628906,-50.72248840332031,-80.91606140136719,-93.84752655029297,22.19087028503418,67.40708923339844,23.568302154541016,0.6804280281066895,0.6670387983322144,0.83989417552948,4.675122261047363,4.296604633331299,3.877739667892456,nan
6.940,0,140.3018798828125,195.26019287109375,200.24191284179688,257.2403564453125,256.6106872558594,255.13125610351562,0.5313184261322021,0.6212550401687622,0.5580116510391235,74.54497528076172,121.30638122558594,111.73731994628906,-50.72248840332031,-80.91606140136719,-93.84752655029297,22.19087028503418,67.40708923339844,23.568302154541016,0.6804280281066895,0.6670387983322144,0.83989417552948,4.675122261047363,4.296604633331299,3.877739667892456,nan
6.960,0,140.3018798828125,195.26019287109375,200.24191284179688,257.2403564453125,256.6106872558594,255.13125610351562,0.5313184261322021,0.6212550401687622,0.5580116510391235,74.54497528076172,121.30638122558594,111.73731994628906,-50.72248840332031,-80.91606140136719,-93.84752655029297,22.19087028503418,67.40708923339844,23.568302154541016,0.6804280281066895,0.6670387983322144,0.83989417552948,4.675122261047363,4.296604633331299,3.877739667892456,nan
6.980,0,140.3018798828125,195.26019287109375,200.24191284179688,257.2403564453125,256.6106872558594,255.13125610351562,0.5313184261322021,0.6212550401687622,0.5580116510391235,74.54497528076172,121.30638122558594,111.73731994628906,-50.72248840332031,-80.91606140136719,-93.84752655029297,22.19087028503418,67.40708923339844,23.568302154541016,0.6804280281066895,0.6670387983322144,0.83989417552948,4.675122261047363,4.296604633331299,3.877739667892456,nan
7.000,0,140.3018798828125,195.26019287109375,200.24191284179688,257.2403564453125,256.6106872558594,255.13125610351562,0.5313184261322021,0.6212550401687622,0.5580116510391235,74.54497528076172,121.30638122558594,111.73731994628906,-50.72248840332031,-80.91606140136719,-93.84752655029297,22.19087028503418,67.40708923339844,23.568302154541016,0.6804280281066895,0.6670387983322144,0.83989417552948,4.675122261047363,4.296604633331299,3.877739667892456,nan
7.020,0,140.3018798828125,195.26019287109375,200.24191284179688,257.2403564453125,256.6106872558594,255.13125610351562,0.5313184261322021,0.6212550401687622,0.5580116510391235,74.54497528076172,121.30638122558594,111.73731994628906,-50.72248840332031,-80.91606140136719,-93.84752655029297,22.19087028503418,67.40708923339844,23.568302154541016,0.6804280281066895,0.6670387983322144,0.83989417552948,4.675122261047363,4.296604633331299,3.877739667892456,nan
7.040,0,140.3018798828125,195.26019287109375,200.24191284179688,257.2403564453125,256.6106872558594,255.13125610351562,0.5313184261322021,0.6212550401687622,0.5580116510391235,74.54497528076172,121.30638122558594,111.73731994628906,-50.72248840332031,-80.91606140136719,-93.84752655029297,22.19087028503418,67.40708923339844,23.568302154541016,0.6804280281066895,0.6670387983322144,0.83989417552948,4.675122261047363,4.296604633331299,3.877739667892456,nan
7.060,0,140.25538635253906,195.14910888671875,200.1999969482422,257.1813049316406,256.5600891113281,255.12469482421875,0.5291111469268799,0.6188593506813049,0.557002067565918,74.21068572998047,120.76985168457031,111.51181030273438,-50.3502197265625,-80.04629516601562,-93.76634216308594,22.404691696166992,67.45927429199219,23.84638786315918,0.6784766912460327,0.6628003120422363,0.8408646583557129,4.743805408477783,4.26048469543457,3.823560953140259,nan
7.080,0,140.25538635253906,195.14910888671875,200.1999969482422,257.1813049316406,256.5600891113281,255.12469482421875,0.5291111469268799,0.6188593506813049,0.557002067565918,74.21068572998047,120.76985168457031,111.51181030273438,-50.3502197265625,-80.04629516601562,-93.76634216308594,22.404691696166992,67.45927429199219,23.84638786315918,0.6784766912460327,0.6628003120422363,0.8408646583557129,4.743805408477783,4.26048469543457,3.823560953140259,nan
7.100,0,140.25538635253906,195.14910888671875,200.1999969482422,257.1813049316406,256.5600891113281,255.12469482421875,0.5291111469268799,0.6188593506813049,0.557002067565918,74.21068572998047,120.76985168457031,111.51181030273438,-50.3502197265625,-80.04629516601562,-93.76634216308594,22.404691696166992,67.45927429199219,23.84638786315918,0.6784766912460327,0.6628003120422363,0.8408646583557129,4.743805408477783,4.26048469543457,3.823560953140259,nan
7.120,0,140.25538635253906,195.14910888671875,200.1999969482422,257.1813049316406,256.5600891113281,255.12469482421875,0.5291111469268799,0.6188593506813049,0.557002067565918,74.21068572998047,120.76985168457031,111.51181030273438,-50.3502197265625,-80.04629516601562,-93.76634216308594,22.404691696166992,67.45927429199219,23.84638786315918,0.6784766912460327,0.6628003120422363,0.8408646583557129,4.743805408477783,4.26048469543457,3.823560953140259,nan
7.140,0,140.25538635253906,195.14910888671875,200.1999969482422,257.1813049316406,256.5600891113281,255.12469482421875,0.5291111469268799,0.6188593506813049,0.557002067565918,74.21068572998047,120.76985168457031,111.51181030273438,-50.3502197265625,-80.04629516601562,-93.76634216308594,22.404691696166992,67.45927429199219,23.84638786315918,0.6784766912460327,0.6628003120422363,0.8408646583557129,4.743805408477783,4.26048469543457,3.823560953140259,nan
7.160,0,140.25538635253906,195.14910888671875,200.1999969482422,257.1813049316406,256.5600891113281,255.12469482421875,0.5291111469268799,0.6188593506813049,0.557002067565918,74.21068572998047,120.76985168457031,111.51181030273438,-50.3502197265625,-80.04629516601562,-93.76634216308594,22.404691696166992,67.45927429199219,23.84638786315918,0.6784766912460327,0.6628003120422363,0.8408646583557129,4.743805408477783,4.26048469543457,3.823560953140259,nan
7.180,0,140.25538635253906,195.14910888671875,200.1999969482422,257.1813049316406,256.5600891113281,255.12469482421875,0.5291111469268799,0.6188593506813049,0.557002067565918,74.21068572998047,120.76985168457031,111.51181030273438,-50.3502197265625,-80.04629516601562,-93.76634216308594,22.404691696166992,67.45927429199219,23.84638786315918,0.6784766912460327,0.6628003120422363,0.8408646583557129,4.743805408477783,4.26048469543457,3.823560953140259,nan
7.200,0,140.25538635253906,195.14910888671875,200.1999969482422,257.1813049316406,256.5600891113281,255.12469482421875,0.5291111469268799,0.6188593506813049,0.557002067565918,74.21068572998047,120.76985168457031,111.51181030273438,-50.3502197265625,-80.04629516601562,-93.76634216308594,22.404691696166992,67.45927429199219,23.84638786315918,0.6784766912460327,0.6628003120422363,0.8408646583557129,4.743805408477783,4.26048469543457,3.823560953140259,nan
7.220,0,140.25538635253906,195.14910888671875,200.1999969482422,257.1813049316406,256.5600891113281,255.12469482421875,0.5291111469268799,0.6188593506813049,0.557002067565918,74.21068572998047,120.76985168457031,111.51181030273438,-50.3502197265625,-80.04629516601562,-93.76634216308594,22.404691696166992,67.45927429199219,23.84638786315918,0.6784766912460327,0.6628003120422363,0.8408646583557129,4.743805408477783,4.26048469543457,3.823560953140259,nan
7.240,0,140.25538635253906,195.14910888671875,200.1999969482422,257.1813049316406,256.5600891113281,255.12469482421875,0.5291111469268799,0.6188593506813049,0.557002067565918,74.21068572998047,120.76985168457031,111.51181030273438,-50.3502197265625,-80.04629516601562,-93.76634216308594,22.404691696166992,67.45927429199219,23.84638786315918,0.6784766912460327,0.6628003120422363,0.8408646583557129,4.743805408477783,4.26048469543457,3.823560953140259,nan
7.260,0,140.18919372558594,195.20872497558594,200.18701171875,257.11151123046875,256.49713134765625,255.069580078125,0.5271735787391663,0.6189732551574707,0.556643009185791,73.90403747558594,120.8289794921875,111.43270111083984,-49.82354736328125,-80.63761901855469,-93.64677429199219,22.2733154296875,67.53409576416016,23.09319305419922,0.6741654276847839,0.6673698425292969,0.8403885960578918,4.707834720611572,4.202552318572998,3.6978189945220947,nan
7.280,0,140.18919372558594,195.20872497558594,200.18701171875,257.11151123046875,256.49713134765625,255.069580078125,0.5271735787391663,0.6189732551574707,0.556643009185791,73.90403747558594,120.8289794921875,111.43270111083984,-49.82354736328125,-80.63761901855469,-93.64677429199219,22.2733154296875,67.53409576416016,23.09319305419922,0.6741654276847839,0.6673698425292969,0.8403885960578918,4.707834720611572,4.202552318572998,3.6978189945220947,nan
7.300,0,140.18919372558594,195.20872497558594,200.18701171875,257.11151123046875,256.49713134765625,255.069580078125,0.5271735787391663,0.6189732551574707,0.556643009185791,73.90403747558594,120.8289794921875,111.43270111083984,-49.82354736328125,-80.63761901855469,-93.64677429199219,22.2733154296875,67.53409576416016,23.09319305419922,0.6741654276847839,0.6673698425292969,0.8403885960578918,4.707834720611572,4.202552318572998,3.6978189945220947,nan
7.320,0,140.18919372558594,195.20872497558594,200.18701171875,257.11151123046875,256.49713134765625,255.069580078125,0.5271735787391663,0.6189732551574707,0.556643009185791,73.90403747558594,120.8289794921875,111.43270111083984,-49.82354736328125,-80.63761901855469,-93.64677429199219,22.2733154296875,67.53409576416016,23.09319305419922,0.6741654276847839,0.6673698425292969,0.8403885960578918,4.707834720611572,4.202552318572998,3.6978189945220947,nan
7.340,0,140.18919372558594,195.20872497558594,200.18701171875,257.11151123046875,256.49713134765625,255.069580078125,0.5271735787391663,0.6189732551574707,0.556643009185791,73.90403747558594,120.8289794921875,111.43270111083984,-49.82354736328125,-80.63761901855469,-93.64677429199219,22.2733154296875,67.53409576416016,23.09319305419922,0.6741654276847839,0.6673698425292969,0.8403885960578918,4.707834720611572,4.202552318572998,3.6978189945220947,nan
7.360,0,140.18919372558594,195.20872497558594,200.18701171875,257.11151123046875,256.49713134765625,255.069580078125,0.5271735787391663,0.6189732551574707,0.556643009185791,73.90403747558594,120.8289794921875,111.43270111083984,-49.82354736328125,-80.63761901855469,-93.64677429199219,22.2733154296875,67.53409576416016,23.09319305419922,0.6741654276847839,0.6673698425292969,0.8403885960578918,4.707834720611572,4.202552318572998,3.6978189945220947,nan
7.380,0,140.18919372558594,195.20872497558594,200.18701171875,257.11151123046875,256.49713134765625,255.069580078125,0.5271735787391663,0.6189732551574707,0.556643009185791,73.90403747558594,120.8289794921875,111.43270111083984,-49.82354736328125,-80.63761901855469,-93.64677429199219,22.2733154296875,67.53409576416016,23.09319305419922,0.6741654276847839,0.6673698425292969,0.8403885960578918,4.707834720611572,4.202552318572998,3.6978189945220947,nan
7.400,0,140.18919372558594,195.20872497558594,200.18701171875,257.11151123046875,256.49713134765625,255.069580078125,0.5271735787391663,0.6189732551574707,0.556643009185791,73.90403747558594,120.8289794921875,111.43270111083984,-49.82354736328125,-80.63761901855469,-93.64677429199219,22.2733154296875,67.53409576416016,23.09319305419922,0.6741654276847839,0.6673698425292969,0.8403885960578918,4.707834720611572,4.202552318572998,3.6978189945220947,nan
7.420,0,140.18919372558594,195.20872497558594,200.18701171875,257.11151123046875,256.49713134765625,255.069580078125,0.5271735787391663,0.6189732551574707,0.556643009185791,73.90403747558594,120.8289794921875,111.43270111083984,-49.82354736328125,-80.63761901855469,-93.64677429199219,22.2733154296875,67.53409576416016,23.09319305419922,0.6741654276847839,0.6673698425292969,0.8403885960578918,4.707834720611572,4.202552318572998,3.6978189945220947,nan
7.440,0,140.18919372558594,195.20872497558594,200.18701171875,257.11151123046875,256.49713134765625,255.069580078125,0.5271735787391663,0.6189732551574707,0.556643009185791,73.90403747558594,120.8289794921875,111.43270111083984,-49.82354736328125,-80.63761901855469,-93.64677429199219,22.2733154296875,67.53409576416016,23.09319305419922,0.6741654276847839,0.6673698425292969,0.8403885960578918,4.707834720611572,4.202552318572998,3.6978189945220947,nan
7.460,0,140.20608520507812,195.26730346679688,200.1768798828125,257.12066650390625,256.57763671875,255.09979248046875,0.5331115126609802,0.6194767951965332,0.5592054724693298,74.74547576904297,120.96356201171875,111.94001007080078,-50.39356231689453,-80.6474838256836,-93.57588195800781,23.026350021362305,67.46298217773438,24.28544807434082,0.6742022037506104,0.6667088866233826,0.8359466791152954,4.729072570800781,4.331148624420166,3.6541945934295654,nan
7.480,0,140.20608520507812,195.26730346679688,200.1768798828125,257.12066650390625,256.57763671875,255.09979248046875,0.5331115126609802,0.6194767951965332,0.5592054724693298,74.74547576904297,120.96356201171875,111.94001007080078,-50.39356231689453,-80.6474838256836,-93.57588195800781,23.026350021362305,67.46298217773438,24.28544807434082,0.6742022037506104,0.6667088866233826,0.8359466791152954,4.729072570800781,4.331148624420166,3.6541945934295654,nan
7.500,0,140.20608520507812,195.26730346679688,200.1768798828125,257.12066650390625,256.57763671875,255.09979248046875,0.5331115126609802,0.6194767951965332,0.5592054724693298,74.74547576904297,120.96356201171875,111.94001007080078,-50.39356231689453,-80.6474838256836,-93.57588195800781,23.026350021362305,67.46298217773438,24.28544807434082,0.6742022037506104,0.6667088866233826,0.8359466791152954,4.729072570800781,4.331148624420166,3.6541945934295654,nan
7.520,0,140.20608520507812,195.26730346679688,200.1768798828125,257.12066650390625,256.57763671875,255.09979248046875,0.5331115126609802,0.6194767951965332,0.5592054724693298,74.74547576904297,120.96356201171875,111.94001007080078,-50.39356231689453,-80.6474838256836,-93.57588195800781,23.026350021362305,67.46298217773438,24.28544807434082,0.6742022037506104,0.6667088866233826,0.8359466791152954,4.729072570800781,4.331148624420166,3.6541945934295654,nan
7.540,0,140.20608520507812,195.26730346679688,200.1768798828125,257.12066650390625,256.57763671875,255.09979248046875,0.5331115126609802,0.6194767951965332,0.5592054724693298,74.74547576904297,120.96356201171875,111.94001007080078,-50.39356231689453,-80.6474838256836,-93.57588195800781,23.026350021362305,67.46298217773438,24.28544807434082,0.6742022037506104,0.6667088866233826,0.8359466791152954,4.729072570800781,4.331148624420166,3.6541945934295654,nan
7.560,0,140.20608520507812,195.26730346679688,200.1768798828125,257.12066650390625,256.57763671875,255.09979248046875,0.5331115126609802,0.6194767951965332,0.5592054724693298,74.74547576904297,120.96356201171875,111.94001007080078,-50.39356231689453,-80.6474838256836,-93.57588195800781,23.026350021362305,67.46298217773438,24.28544807434082,0.6742022037506104,0.6667088866233826,0.8359466791152954,4.729072570800781,4.331148624420166,3.6541945934295654,nan
7.580,0,140.20608520507812,195.26730346679688,200.1768798828125,257.12066650390625,256.57763671875,255.09979248046875,0.5331115126609802,0.6194767951965332,0.5592054724693298,74.74547576904297,120.96356201171875,111.94001007080078,-50.39356231689453,-80.6474838256836,-93.57588195800781,23.026350021362305,67.46298217773438,24.28544807434082,0.6742022037506104,0.6667088866233826,0.8359466791152954,4.729072570800781,4.331148624420166,3.6541945934295654,nan
7.600,0,140.20608520507812,195.26730346679688,200.1768798828125,257.12066650390625,256.57763671875,255.09979248046875,0.5331115126609802,0.6194767951965332,0.5592054724693298,74.74547576904297,120.96356201171875,111.94001007080078,-50.39356231689453,-80.6474838256836,-93.57588195800781,23.026350021362305,67.46298217773438,24.28544807434082,0.6742022037506104,0.6667088866233826,0.8359466791152954,4.729072570800781,4.331148624420166,3.6541945934295654,nan
7.620,0,140.20608520507812,195.26730346679688,200.1768798828125,257.12066650390625,256.57763671875,255.09979248046875,0.5331115126609802,0.6194767951965332,0.5592054724693298,74.74547576904297,120.96356201171875,111.94001007080078,-50.39356231689453,-80.6474838256836,-93.57588195800781,23.026350021362305,67.46298217773438,24.28544807434082,0.6742022037506104,0.6667088866233826,0.8359466791152954,4.729072570800781,4.331148624420166,3.6541945934295654,nan
7.640,0,140.20608520507812,195.26730346679688,200.1768798828125,257.12066650390625,256.57763671875,255.09979248046875,0.5331115126609802,0.6194767951965332,0.5592054724693298,74.74547576904297,120.96356201171875,111.94001007080078,-50.39356231689453,-80.6474838256836,-93.57588195800781,23.026350021362305,67.46298217773438,24.28544807434082,0.6742022037506104,0.6667088866233826,0.8359466791152954,4.729072570800781,4.331148624420166,3.6541945934295654,nan
7.660,0,140.2665557861328,195.18905639648438,200.1521759033203,257.1862487792969,256.6414794921875,255.10446166992188,0.5328680276870728,0.6195870041847229,0.5594867467880249,74.74356079101562,120.93659973144531,111.98249053955078,-50.54018020629883,-80.3542251586914,-94.17362976074219,22.077804565429688,67.51777648925781,24.33440589904785,0.6761810779571533,0.6644326448440552,0.8409674763679504,4.684198379516602,4.390133380889893,3.6837916374206543,nan
7.680,0,140.2665557861328,195.18905639648438,200.1521759033203,257.1862487792969,256.6414794921875,255.10446166992188,0.5328680276870728,0.6195870041847229,0.5594867467880249,74.74356079101562,120.93659973144531,111.98249053955078,-50.54018020629883,-80.3542251586914,-94.17362976074219,22.077804565429688,67.51777648925781,24.33440589904785,0.6761810779571533,0.6644326448440552,0.8409674763679504,4.684198379516602,4.390133380889893,3.6837916374206543,nan
7.700,0,140.2665557861328,195.18905639648438,200.1521759033203,257.1862487792969,256.6414794921875,255.10446166992188,0.5328680276870728,0.6195870041847229,0.5594867467880249,74.74356079101562,120.93659973144531,111.98249053955078,-50.54018020629883,-80.3542251586914,-94.17362976074219,22.077804565429688,67.51777648925781,24.33440589904785,0.6761810779571533,0.6644326448440552,0.8409674763679504,4.684198379516602,4.390133380889893,3.6837916374206543,nan
7.720,0,140.2665557861328,195.18905639648438,200.1521759033203,257.1862487792969,256.6414794921875,255.10446166992188,0.5328680276870728,0.6195870041847229,0.5594867467880249,74.74356079101562,120.93659973144531,111.98249053955078,-50.54018020629883,-80.3542251586914,-94.17362976074219,22.077804565429688,67.51777648925781,24.33440589904785,0.6761810779571533,0.6644326448440552,0.8409674763679504,4.684198379516602,4.390133380889893,3.6837916374206543,nan
7.740,0,140.2665557861328,195.18905639648438,200.1521759033203,257.1862487792969,256.6414794921875,255.10446166992188,0.5328680276870728,0.6195870041847229,0.5594867467880249,74.74356079101562,120.93659973144531,111.98249053955078,-50.54018020629883,-80.3542251586914,-94.17362976074219,22.077804565429688,67.51777648925781,24.33440589904785,0.6761810779571533,0.6644326448440552,0.8409674763679504,4.684198379516602,4.390133380889893,3.6837916374206543,nan
7.760,0,140.2665557861328,195.18905639648438,200.1521759033203,257.1862487792969,256.6414794921875,255.10446166992188,0.5328680276870728,0.6195870041847229,0.5594867467880249,74.74356079101562,120.93659973144531,111.98249053955078,-50.54018020629883,-80.3542251586914,-94.17362976074219,22.077804565429688,67.51777648925781,24.33440589904785,0.6761810779571533,0.6644326448440552,0.8409674763679504,4.684198379516602,4.390133380889893,3.6837916374206543,nan
7.780,0,140.2665557861328,195.18905639648438,200.1521759033203,257.1862487792969,256.6414794921875,255.10446166992188,0.5328680276870728,0.6195870041847229,0.5594867467880249,74.74356079101562,120.93659973144531,111.98249053955078,-50.54018020629883,-80.3542251586914,-94.17362976074219,22.077804565429688,67.51777648925781,24.33440589904785,0.6761810779571533,0.6644326448440552,0.8409674763679504,4.684198379516602,4.390133380889893,3.6837916374206543,nan
7.800,0,140.2665557861328,195.18905639648438,200.1521759033203,257.1862487792969,256.6414794921875,255.10446166992188,0.5328680276870728,0.6195870041847229,0.5594867467880249,74.74356079101562,120.93659973144531,111.98249053955078,-50.54018020629883,-80.3542251586914,-94.17362976074219,22.077804565429688,67.51777648925781,24.33440589904785,0.6761810779571533,0.6644326448440552,0.8409674763679504,4.684198379516602,4.390133380889893,3.6837916374206543,nan
7.820,0,140.2665557861328,195.18905639648438,200.1521759033203,257.1862487792969,256.6414794921875,255.10446166992188,0.5328680276870728,0.6195870041847229,0.5594867467880249,74.74356079101562,120.93659973144531,111.98249053955078,-50.54018020629883,-80.3542251586914,-94.17362976074219,22.077804565429688,67.51777648925781,24.33440589904785,0.6761810779571533,0.6644326448440552,0.8409674763679504,4.684198379516602,4.390133380889893,3.6837916374206543,nan
7.840,0,140.2665557861328,195.18905639648438,200.1521759033203,257.1862487792969,256.6414794921875,255.10446166992188,0.5328680276870728,0.6195870041847229,0.5594867467880249,74.74356079101562,120.93659973144531,111.98249053955078,-50.54018020629883,-80.3542251586914,-94.17362976074219,22.077804565429688,67.51777648925781,24.33440589904785,0.6761810779571533,0.6644326448440552,0.8409674763679504,4.684198379516602,4.390133380889893,3.6837916374206543,nan
7.860,0,140.2808380126953,195.26805114746094,200.2159881591797,257.225830078125,256.6676025390625,255.10427856445312,0.5317704081535339,0.6219823360443115,0.5600680708885193,74.59719848632812,121.45327758789062,112.13458251953125,-50.08307647705078,-81.28069305419922,-93.73159790039062,22.882125854492188,67.70570373535156,23.71704864501953,0.6713801026344299,0.6692342758178711,0.8358848690986633,4.698582172393799,4.351837635040283,3.779392957687378,nan
7.880,0,140.2808380126953,195.26805114746094,200.2159881591797,257.225830078125,256.6676025390625,255.10427856445312,0.5317704081535339,0.6219823360443115,0.5600680708885193,74.59719848632812,121.45327758789062,112.13458251953125,-50.08307647705078,-81.28069305419922,-93.73159790039062,22.882125854492188,67.70570373535156,23.71704864501953,0.6713801026344299,0.6692342758178711,0.8358848690986633,4.698582172393799,4.351837635040283,3.779392957687378,nan
7.900,0,140.2808380126953,195.26805114746094,200.2159881591797,257.225830078125,256.6676025390625,255.10427856445312,0.5317704081535339,0.6219823360443115,0.5600680708885193,74.59719848632812,121.45327758789062,112.13458251953125,-50.08307647705078,-81.28069305419922,-93.73159790039062,22.882125854492188,67.70570373535156,23.71704864501953,0.6713801026344299,0.6692342758178711,0.8358848690986633,4.698582172393799,4.351837635040283,3.779392957687378,nan
7.920,0,140.2808380126953,195.26805114746094,200.2159881591797,257.225830078125,256.6676025390625,255.10427856445312,0.5317704081535339,0.6219823360443115,0.5600680708885193,74.59719848632812,121.45327758789062,112.13458251953125,-50.08307647705078,-81.28069305419922,-93.73159790039062,22.882125854492188,67.70570373535156,23.71704864501953,0.6713801026344299,0.6692342758178711,0.8358848690986633,4.698582172393799,4.351837635040283,3.779392957687378,nan
7.940,0,140.2808380126953,195.26805114746094,200.2159881591797,257.225830078125,256.6676025390625,255.10427856445312,0.5317704081535339,0.6219823360443115,0.5600680708885193,74.59719848632812,121.45327758789062,112.13458251953125,-50.08307647705078,-81.28069305419922,-93.73159790039062,22.882125854492188,67.70570373535156,23.71704864501953,0.6713801026344299,0.6692342758178711,0.8358848690986633,4.698582172393799,4.351837635040283,3.779392957687378,nan
7.960,0,140.2808380126953,195.26805114746094,200.2159881591797,257.225830078125,256.6676025390625,255.10427856445312,0.5317704081535339,0.6219823360443115,0.5600680708885193,74.59719848632812,121.45327758789062,112.13458251953125,-50.08307647705078,-81.28069305419922,-93.73159790039062,22.882125854492188,67.70570373535156,23.71704864501953,0.6713801026344299,0.6692342758178711,0.8358848690986633,4.698582172393799,4.351837635040283,3.779392957687378,nan
7.980,0,140.2808380126953,195.26805114746094,200.2159881591797,257.225830078125,256.6676025390625,255.10427856445312,0.5317704081535339,0.6219823360443115,0.5600680708885193,74.59719848632812,121.45327758789062,112.13458251953125,-50.08307647705078,-81.28069305419922,-93.73159790039062,22.882125854492188,67.70570373535156,23.71704864501953,0.6713801026344299,0.6692342758178711,0.8358848690986633,4.698582172393799,4.351837635040283,3.779392957687378,nan
8.000,0,140.2808380126953,195.26805114746094,200.2159881591797,257.225830078125,256.6676025390625,255.10427856445312,0.5317704081535339,0.6219823360443115,0.5600680708885193,74.59719848632812,121.45327758789062,112.13458251953125,-50.08307647705078,-81.28069305419922,-93.73159790039062,22.882125854492188,67.70570373535156,23.71704864501953,0.6713801026344299,0.6692342758178711,0.8358848690986633,4.698582172393799,4.351837635040283,3.779392957687378,nan
8.020,0,140.2808380126953,195.26805114746094,200.2159881591797,257.225830078125,256.6676025390625,255.10427856445312,0.5317704081535339,0.6219823360443115,0.5600680708885193,74.59719848632812,121.45327758789062,112.13458251953125,-50.08307647705078,-81.28069305419922,-93.73159790039062,22.882125854492188,67.70570373535156,23.71704864501953,0.6713801026344299,0.6692342758178711,0.8358848690986633,4.698582172393799,4.351837635040283,3.779392957687378,nan
8.040,0,140.2808380126953,195.26805114746094,200.2159881591797,257.225830078125,256.6676025390625,255.10427856445312,0.5317704081535339,0.6219823360443115,0.5600680708885193,74.59719848632812,121.45327758789062,112.13458251953125,-50.08307647705078,-81.28069305419922,-93.73159790039062,22.882125854492188,67.70570373535156,23.71704864501953,0.6713801026344299,0.6692342758178711,0.8358848690986633,4.698582172393799,4.351837635040283,3.779392957687378,nan
8.060,0,140.2738037109375,195.2218017578125,200.2402801513672,257.25286865234375,256.7018127441406,255.17881774902344,0.5321958065032959,0.6224534511566162,0.5592709183692932,74.65312957763672,121.51648712158203,111.98856353759766,-50.499942779541016,-80.70977783203125,-93.8662109375,22.72606658935547,67.94657897949219,24.055540084838867,0.6764611601829529,0.6641879081726074,0.8381767272949219,4.7793731689453125,4.326860427856445,3.8220391273498535,nan
8.080,0,140.2738037109375,195.2218017578125,200.2402801513672,257.25286865234375,256.7018127441406,255.17881774902344,0.5321958065032959,0.6224534511566162,0.5592709183692932,74.65312957763672,121.51648712158203,111.98856353759766,-50.499942779541016,-80.70977783203125,-93.8662109375,22.72606658935547,67.94657897949219,24.055540084838867,0.6764611601829529,0.6641879081726074,0.8381767272949219,4.7793731689453125,4.326860427856445,3.8220391273498535,nan
8.100,0,140.2738037109375,195.2218017578125,200.2402801513672,257.25286865234375,256.7018127441406,255.17881774902344,0.5321958065032959,0.6224534511566162,0.5592709183692932,74.65312957763672,121.51648712158203,111.98856353759766,-50.499942779541016,-80.70977783203125,-93.8662109375,22.72606658935547,67.94657897949219,24.055540084838867,0.6764611601829529,0.6641879081726074,0.8381767272949219,4.7793731689453125,4.326860427856445,3.8220391273498535,nan
8.120,0,140.2738037109375,195.2218017578125,200.2402801513672,257.25286865234375,256.7018127441406,255.17881774902344,0.5321958065032959,0.6224534511566162,0.5592709183692932,74.65312957763672,121.51648712158203,111.98856353759766,-50.499942779541016,-80.70977783203125,-93.8662109375,22.72606658935547,67.94657897949219,24.055540084838867,0.6764611601829529,0.6641879081726074,0.8381767272949219,4.7793731689453125,4.326860427856445,3.8220391273498535,nan
8.140,0,140.2738037109375,195.2218017578125,200.2402801513672,257.25286865234375,256.7018127441406,255.17881774902344,0.5321958065032959,0.6224534511566162,0.5592709183692932,74.65312957763672,121.51648712158203,111.98856353759766,-50.499942779541016,-80.70977783203125,-93.8662109375,22.72606658935547,67.94657897949219,24.055540084838867,0.6764611601829529,0.6641879081726074,0.8381767272949219,4.7793731689453125,4.326860427856445,3.8220391273498535,nan
8.160,0,140.2738037109375,195.2218017578125,200.2402801513672,257.25286865234375,256.7018127441406,255.17881774902344,0.5321958065032959,0.6224534511566162,0.5592709183692932,74.65312957763672,121.51648712158203,111.98856353759766,-50.499942779541016,-80.70977783203125,-93.8662109375,22.72606658935547,67.94657897949219,24.055540084838867,0.6764611601829529,0.6641879081726074,0.8381767272949219,4.7793731689453125,4.326860427856445,3.8220391273498535,nan
8.180,0,140.2738037109375,195.2218017578125,200.2402801513672,257.25286865234375,256.7018127441406,255.17881774902344,0.5321958065032959,0.6224534511566162,0.5592709183692932,74.65312957763672,121.51648712158203,111.98856353759766,-50.499942779541016,-80.70977783203125,-93.8662109375,22.72606658935547,67.94657897949219,24.055540084838867,0.6764611601829529,0.6641879081726074,0.8381767272949219,4.7793731689453125,4.326860427856445,3.8220391273498535,nan
8.200,0,140.2738037109375,195.2218017578125,200.2402801513672,257.25286865234375,256.7018127441406,255.17881774902344,0.5321958065032959,0.6224534511566162,0.5592709183692932,74.65312957763672,121.51648712158203,111.98856353759766,-50.499942779541016,-80.70977783203125,-93.8662109375,22.72606658935547,67.94657897949219,24.055540084838867,0.6764611601829529,0.6641879081726074,0.8381767272949219,4.7793731689453125,4.326860427856445,3.8220391273498535,nan
8.220,0,140.2738037109375,195.2218017578125,200.2402801513672,257.25286865234375,256.7018127441406,255.17881774902344,0.5321958065032959,0.6224534511566162,0.5592709183692932,74.65312957763672,121.51648712158203,111.98856353759766,-50.499942779541016,-80.70977783203125,-93.8662109375,22.72606658935547,67.94657897949219,24.055540084838867,0.6764611601829529,0.6641879081726074,0.8381767272949219,4.7793731689453125,4.326860427856445,3.8220391273498535,nan
8.240,0,140.2738037109375,195.2218017578125,200.2402801513672,257.25286865234375,256.7018127441406,255.17881774902344,0.5321958065032959,0.6224534511566162,0.5592709183692932,74.65312957763672,121.51648712158203,111.98856353759766,-50.499942779541016,-80.70977783203125,-93.8662109375,22.72606658935547,67.94657897949219,24.055540084838867,0.6764611601829529,0.6641879081726074,0.8381767272949219,4.7793731689453125,4.326860427856445,3.8220391273498535,nan
8.260,0,140.25753784179688,195.26217651367188,200.26611328125,257.2308044433594,256.55029296875,255.14883422851562,0.5311772227287292,0.6210356950759888,0.556739330291748,74.5016098022461,121.26477813720703,111.49602508544922,-50.2886962890625,-80.89228057861328,-93.54869079589844,22.7253475189209,67.56165313720703,23.2110652923584,0.6750014424324036,0.667071521282196,0.8390316367149353,4.738883018493652,4.25852632522583,3.697688579559326,nan
8.280,0,140.25753784179688,195.26217651367188,200.26611328125,257.2308044433594,256.55029296875,255.14883422851562,0.5311772227287292,0.6210356950759888,0.556739330291748,74.5016098022461,121.26477813720703,111.49602508544922,-50.2886962890625,-80.89228057861328,-93.54869079589844,22.7253475189209,67.56165313720703,23.2110652923584,0.6750014424324036,0.667071521282196,0.8390316367149353,4.738883018493652,4.25852632522583,3.697688579559326,nan
8.300,0,140.25753784179688,195.26217651367188,200.26611328125,257.2308044433594,256.55029296875,255.14883422851562,0.5311772227287292,0.6210356950759888,0.556739330291748,74.5016098022461,121.26477813720703,111.49602508544922,-50.2886962890625,-80.89228057861328,-93.54869079589844,22.7253475189209,67.56165313720703,23.2110652923584,0.6750014424324036,0.667071521282196,0.8390316367149353,4.738883018493652,4.25852632522583,3.697688579559326,nan
8.320,0,140.25753784179688,195.26217651367188,200.26611328125,257.2308044433594,256.55029296875,255.14883422851562,0.5311772227287292,0.6210356950759888,0.556739330291748,74.5016098022461,121.26477813720703,111.49602508544922,-50.2886962890625,-80.89228057861328,-93.54869079589844,22.7253475189209,67.56165313720703,23.2110652923584,0.6750014424324036,0.667071521282196,0.8390316367149353,4.738883018493652,4.25852632522583,3.697688579559326,nan
8.340,0,140.25753784179688,195.26217651367188,200.26611328125,257.2308044433594,256.55029296875,255.14883422851562,0.5311772227287292,0.6210356950759888,0.556739330291748,74.5016098022461,121.26477813720703,111.49602508544922,-50.2886962890625,-80.89228057861328,-93.54869079589844,22.7253475189209,67.56165313720703,23.2110652923584,0.6750014424324036,0.667071521282196,0.8390316367149353,4.738883018493652,4.25852632522583,3.697688579559326,nan
8.360,0,140.25753784179688,195.26217651367188,200.26611328125,257.2308044433594,256.55029296875,255.14883422851562,0.5311772227287292,0.6210356950759888,0.556739330291748,74.5016098022461,121.26477813720703,111.49602508544922,-50.2886962890625,-80.89228057861328,-93.54869079589844,22.7253475189209,67.56165313720703,23.2110652923584,0.6750014424324036,0.667071521282196,0.8390316367149353,4.738883018493652,4.25852632522583,3.697688579559326,nan
8.380,0,140.25753784179688,195.26217651367188,200.26611328125,257.2308044433594,256.55029296875,255.14883422851562,0.5311772227287292,0.6210356950759888,0.556739330291748,74.5016098022461,121.26477813720703,111.49602508544922,-50.2886962890625,-80.89228057861328,-93.54869079589844,22.7253475189209,67.56165313720703,23.2110652923584,0.6750014424324036,0.667071521282196,0.8390316367149353,4.738883018493652,4.25852632522583,3.697688579559326,nan
8.400,0,140.25753784179688,195.26217651367188,200.26611328125,257.2308044433594,256.55029296875,255.14883422851562,0.5311772227287292,0.6210356950759888,0.556739330291748,74.5016098022461,121.26477813720703,111.49602508544922,-50.2886962890625,-80.89228057861328,-93.54869079589844,22.7253475189209,67.56165313720703,23.2110652923584,0.6750014424324036,0.667071521282196,0.8390316367149353,4.738883018493652,4.25852632522583,3.697688579559326,nan
8.420,0,140.25753784179688,195.26217651367188,200.26611328125,257.2308044433594,256.55029296875,255.14883422851562,0.5311772227287292,0.6210356950759888,0.556739330291748,74.5016098022461,121.26477813720703,111.49602508544922,-50.2886962890625,-80.89228057861328,-93.54869079589844,22.7253475189209,67.56165313720703,23.2110652923584,0.6750014424324036,0.667071521282196,0.8390316367149353,4.738883018493652,4.25852632522583,3.697688579559326,nan
8.440,0,140.25753784179688,195.26217651367188,200.26611328125,257.2308044433594,256.55029296875,255.14883422851562,0.5311772227287292,0.6210356950759888,0.556739330291748,74.5016098022461,121.26477813720703,111.49602508544922,-50.2886962890625,-80.89228057861328,-93.54869079589844,22.7253475189209,67.56165313720703,23.2110652923584,0.6750014424324036,0.667071521282196,0.8390316367149353,4.738883018493652,4.25852632522583,3.697688579559326,nan
8.460,0,140.22149658203125,195.18182373046875,200.17196655273438,257.1871643066406,256.5636291503906,255.0860137939453,0.5279906988143921,0.6185253262519836,0.5570787787437439,74.03564453125,120.72489929199219,111.51155090332031,-49.971038818359375,-80.33915710449219,-93.7731704711914,22.420976638793945,67.20952606201172,23.392465591430664,0.6749591827392578,0.6654729843139648,0.8409278392791748,4.7145256996154785,4.288544654846191,3.5887985229492188,nan
8.480,0,140.22149658203125,195.18182373046875,200.17196655273438,257.1871643066406,256.5636291503906,255.0860137939453,0.5279906988143921,0.6185253262519836,0.5570787787437439,74.03564453125,120.72489929199219,111.51155090332031,-49.971038818359375,-80.33915710449219,-93.7731704711914,22.420976638793945,67.20952606201172,23.392465591430664,0.6749591827392578,0.6654729843139648,0.8409278392791748,4.7145256996154785,4.288544654846191,3.5887985229492188,nan
8.500,0,140.22149658203125,195.18182373046875,200.17196655273438,257.1871643066406,256.5636291503906,255.0860137939453,0.5279906988143921,0.6185253262519836,0.5570787787437439,74.03564453125,120.72489929199219,111.51155090332031,-49.971038818359375,-80.33915710449219,-93.7731704711914,22.420976638793945,67.20952606201172,23.392465591430664,0.6749591827392578,0.6654729843139648,0.8409278392791748,4.7145256996154785,4.288544654846191,3.5887985229492188,nan
8.520,0,140.22149658203125,195.18182373046875,200.17196655273438,257.1871643066406,256.5636291503906,255.0860137939453,0.5279906988143921,0.6185253262519836,0.5570787787437439,74.03564453125,120.72489929199219,111.51155090332031,-49.971038818359375,-80.33915710449219,-93.7731704711914,22.420976638793945,67.20952606201172,23.392465591430664,0.6749591827392578,0.6654729843139648,0.8409278392791748,4.7145256996154785,4.288544654846191,3.5887985229492188,nan
8.540,0,140.22149658203125,195.18182373046875,200.17196655273438,257.1871643066406,256.5636291503906,255.0860137939453,0.5279906988143921,0.6185253262519836,0.5570787787437439,74.03564453125,120.72489929199219,111.51155090332031,-49.971038818359375,-80.33915710449219,-93.7731704711914,22.420976638793945,67.20952606201172,23.392465591430664,0.6749591827392578,0.6654729843139648,0.8409278392791748,4.7145256996154785,4.288544654846191,3.5887985229492188,nan
8.560,0,140.22149658203125,195.18182373046875,200.17196655273438,257.1871643066406,256.5636291503906,255.0860137939453,0.5279906988143921,0.6185253262519836,0.5570787787437439,74.03564453125,120.72489929199219,111.51155090332031,-49.971038818359375,-80.33915710449219,-93.7731704711914,22.420976638793945,67.20952606201172,23.392465591430664,0.6749591827392578,0.6654729843139648,0.8409278392791748,4.7145256996154785,4.288544654846191,3.5887985229492188,nan
8.580,0,140.22149658203125,195.18182373046875,200.17196655273438,257.1871643066406,256.5636291503906,255.0860137939453,0.5279906988143921,0.6185253262519836,0.5570787787437439,74.03564453125,120.72489929199219,111.51155090332031,-49.971038818359375,-80.33915710449219,-93.7731704711914,22.420976638793945,67.20952606201172,23.392465591430664,0.6749591827392578,0.6654729843139648,0.8409278392791748,4.7145256996154785,4.288544654846191,3.5887985229492188,nan
8.600,0,140.22149658203125,195.18182373046875,200.17196655273438,257.1871643066406,256.5636291503906,255.0860137939453,0.5279906988143921,0.6185253262519836,0.5570787787437439,74.03564453125,120.72489929199219,111.51155090332031,-49.971038818359375,-80.33915710449219,-93.7731704711914,22.420976638793945,67.20952606201172,23.392465591430664,0.6749591827392578,0.6654729843139648,0.8409278392791748,4.7145256996154785,4.288544654846191,3.5887985229492188,nan
8.620,0,140.22149658203125,195.18182373046875,200.17196655273438,257.1871643066406,256.5636291503906,255.0860137939453,0.5279906988143921,0.6185253262519836,0.5570787787437439,74.03564453125,120.72489929199219,111.51155090332031,-49.971038818359375,-80.33915710449219,-93.7731704711914,22.420976638793945,67.20952606201172,23.392465591430664,0.6749591827392578,0.6654729843139648,0.8409278392791748,4.7145256996154785,4.288544654846191,3.5887985229492188,nan
8.640,0,140.22149658203125,195.18182373046875,200.17196655273438,257.1871643066406,256.5636291503906,255.0860137939453,0.5279906988143921,0.6185253262519836,0.5570787787437439,74.03564453125,120.72489929199219,111.51155090332031,-49.971038818359375,-80.33915710449219,-93.7731704711914,22.420976638793945,67.20952606201172,23.392465591430664,0.6749591827392578,0.6654729843139648,0.8409278392791748,4.7145256996154785,4.288544654846191,3.5887985229492188,nan
8.660,0,140.1967010498047,195.2861328125,200.1348114013672,257.16290283203125,256.5489501953125,254.99644470214844,0.5306329131126404,0.6206241846084595,0.5584213733673096,74.39298248291016,121.19929504394531,111.75955963134766,-50.21665573120117,-80.26136016845703,-93.86264038085938,22.540510177612305,67.6573486328125,24.39240837097168,0.6750187277793884,0.6622263193130493,0.8398622870445251,4.638413906097412,4.342308521270752,3.6008849143981934,nan
8.680,0,140.1967010498047,195.2861328125,200.1348114013672,257.16290283203125,256.5489501953125,254.99644470214844,0.5306329131126404,0.6206241846084595,0.5584213733673096,74.39298248291016,121.19929504394531,111.75955963134766,-50.21665573120117,-80.26136016845703,-93.86264038085938,22.540510177612305,67.6573486328125,24.39240837097168,0.6750187277793884,0.6622263193130493,0.8398622870445251,4.638413906097412,4.342308521270752,3.6008849143981934,nan
8.700,0,140.1967010498047,195.2861328125,200.1348114013672,257.16290283203125,256.5489501953125,254.99644470214844,0.5306329131126404,0.6206241846084595,0.5584213733673096,74.39298248291016,121.19929504394531,111.75955963134766,-50.21665573120117,-80.26136016845703,-93.86264038085938,22.540510177612305,67.6573486328125,24.39240837097168,0.6750187277793884,0.6622263193130493,0.8398622870445251,4.638413906097412,4.342308521270752,3.6008849143981934,nan
8.720,0,140.1967010498047,195.2861328125,200.1348114013672,257.16290283203125,256.5489501953125,254.99644470214844,0.5306329131126404,0.6206241846084595,0.5584213733673096,74.39298248291016,121.19929504394531,111.75955963134766,-50.21665573120117,-80.26136016845703,-93.86264038085938,22.540510177612305,67.6573486328125,24.39240837097168,0.6750187277793884,0.6622263193130493,0.8398622870445251,4.638413906097412,4.342308521270752,3.6008849143981934,nan
8.740,0,140.1967010498047,195.2861328125,200.1348114013672,257.16290283203125,256.5489501953125,254.99644470214844,0.5306329131126404,0.6206241846084595,0.5584213733673096,74.39298248291016,121.19929504394531,111.75955963134766,-50.21665573120117,-80.26136016845703,-93.86264038085938,22.540510177612305,67.6573486328125,24.39240837097168,0.6750187277793884,0.6622263193130493,0.8398622870445251,4.638413906097412,4.342308521270752,3.6008849143981934,nan
8.760,0,140.1967010498047,195.2861328125,200.1348114013672,257.16290283203125,256.5489501953125,254.99644470214844,0.5306329131126404,0.6206241846084595,0.5584213733673096,74.39298248291016,121.19929504394531,111.75955963134766,-50.21665573120117,-80.26136016845703,-93.86264038085938,22.540510177612305,67.6573486328125,24.39240837097168,0.6750187277793884,0.6622263193130493,0.8398622870445251,4.638413906097412,4.342308521270752,3.6008849143981934,nan
8.780,0,140.1967010498047,195.2861328125,200.1348114013672,257.16290283203125,256.5489501953125,254.99644470214844,0.5306329131126404,0.6206241846084595,0.5584213733673096,74.39298248291016,121.19929504394531,111.75955963134766,-50.21665573120117,-80.26136016845703,-93.86264038085938,22.540510177612305,67.6573486328125,24.39240837097168,0.6750187277793884,0.6622263193130493,0.8398622870445251,4.638413906097412,4.342308521270752,3.6008849143981934,nan
8.800,0,140.1967010498047,195.2861328125,200.1348114013672,257.16290283203125,256.5489501953125,254.99644470214844,0.5306329131126404,0.6206241846084595,0.5584213733673096,74.39298248291016,121.19929504394531,111.75955963134766,-50.21665573120117,-80.26136016845703,-93.86264038085938,22.540510177612305,67.6573486328125,24.39240837097168,0.6750187277793884,0.6622263193130493,0.8398622870445251,4.638413906097412,4.342308521270752,3.6008849143981934,nan
8.820,0,140.1967010498047,195.2861328125,200.1348114013672,257.16290283203125,256.5489501953125,254.99644470214844,0.5306329131126404,0.6206241846084595,0.5584213733673096,74.39298248291016,121.19929504394531,111.75955963134766,-50.21665573120117,-80.26136016845703,-93.86264038085938,22.540510177612305,67.6573486328125,24.39240837097168,0.6750187277793884,0.6622263193130493,0.8398622870445251,4.638413906097412,4.342308521270752,3.6008849143981934,nan
8.840,0,140.1967010498047,195.2861328125,200.1348114013672,257.16290283203125,256.5489501953125,254.99644470214844,0.5306329131126404,0.6206241846084595,0.5584213733673096,74.39298248291016,121.19929504394531,111.75955963134766,-50.21665573120117,-80.26136016845703,-93.86264038085938,22.540510177612305,67.6573486328125,24.39240837097168,0.6750187277793884,0.6622263193130493,0.8398622870445251,4.638413906097412,4.342308521270752,3.6008849143981934,nan
8.860,0,140.2362060546875,195.315673828125,200.1463623046875,257.1830139160156,256.5641784667969,255.0037841796875,0.5327782034873962,0.6225032806396484,0.559646487236023,74.71479034423828,121.58464813232422,112.0112075805664,-50.13655090332031,-81.09864044189453,-94.06458282470703,22.873132705688477,68.0532455444336,23.729679107666016,0.6710391640663147,0.6670138239860535,0.8397783041000366,4.607035160064697,4.3685736656188965,3.7385501861572266,nan
8.880,0,140.2362060546875,195.315673828125,200.1463623046875,257.1830139160156,256.5641784667969,255.0037841796875,0.5327782034873962,0.6225032806396484,0.559646487236023,74.71479034423828,121.58464813232422,112.0112075805664,-50.13655090332031,-81.09864044189453,-94.06458282470703,22.873132705688477,68.0532455444336,23.729679107666016,0.6710391640663147,0.6670138239860535,0.8397783041000366,4.607035160064697,4.3685736656188965,3.7385501861572266,nan
8.900,0,140.2362060546875,195.315673828125,200.1463623046875,257.1830139160156,256.5641784667969,255.0037841796875,0.5327782034873962,0.6225032806396484,0.559646487236023,74.71479034423828,121.58464813232422,112.0112075805664,-50.13655090332031,-81.09864044189453,-94.06458282470703,22.873132705688477,68.0532455444336,23.729679107666016,0.6710391640663147,0.6670138239860535,0.8397783041000366,4.607035160064697,4.3685736656188965,3.7385501861572266,nan
8.920,0,140.2362060546875,195.315673828125,200.1463623046875,257.1830139160156,256.5641784667969,255.0037841796875,0.5327782034873962,0.6225032806396484,0.559646487236023,74.71479034423828,121.58464813232422,112.0112075805664,-50.13655090332031,-81.09864044189453,-94.06458282470703,22.873132705688477,68.0532455444336,23.729679107666016,0.6710391640663147,0.6670138239860535,0.8397783041000366,4.607035160064697,4.3685736656188965,3.7385501861572266,nan
8.940,0,140.2362060546875,195.315673828125,200.1463623046875,257.1830139160156,256.5641784667969,255.0037841796875,0.5327782034873962,0.6225032806396484,0.559646487236023,74.71479034423828,121.58464813232422,112.0112075805664,-50.13655090332031,-81.09864044189453,-94.06458282470703,22.873132705688477,68.0532455444336,23.729679107666016,0.6710391640663147,0.6670138239860535,0.8397783041000366,4.607035160064697,4.3685736656188965,3.7385501861572266,nan
8.960,0,140.2362060546875,195.315673828125,200.1463623046875,257.1830139160156,256.5641784667969,255.0037841796875,0.5327782034873962,0.6225032806396484,0.559646487236023,74.71479034423828,121.58464813232422,112.0112075805664,-50.13655090332031,-81.09864044189453,-94.06458282470703,22.873132705688477,68.0532455444336,23.729679107666016,0.6710391640663147,0.6670138239860535,0.8397783041000366,4.607035160064697,4.3685736656188965,3.7385501861572266,nan
8.980,0,140.2362060546875,195.315673828125,200.1463623046875,257.1830139160156,256.5641784667969,255.0037841796875,0.5327782034873962,0.6225032806396484,0.559646487236023,74.71479034423828,121.58464813232422,112.0112075805664,-50.13655090332031,-81.09864044189453,-94.06458282470703,22.873132705688477,68.0532455444336,23.729679107666016,0.6710391640663147,0.6670138239860535,0.8397783041000366,4.607035160064697,4.3685736656188965,3.7385501861572266,nan
9.000,0,140.2362060546875,195.315673828125,200.1463623046875,257.1830139160156,256.5641784667969,255.0037841796875,0.5327782034873962,0.6225032806396484,0.559646487236023,74.71479034423828,121.58464813232422,112.0112075805664,-50.13655090332031,-81.09864044189453,-94.06458282470703,22.873132705688477,68.0532455444336,23.729679107666016,0.6710391640663147,0.6670138239860535,0.8397783041000366,4.607035160064697,4.3685736656188965,3.7385501861572266,nan
9.020,0,140.2362060546875,195.315673828125,200.1463623046875,257.1830139160156,256.5641784667969,255.0037841796875,0.5327782034873962,0.6225032806396484,0.559646487236023,74.71479034423828,121.58464813232422,112.0112075805664,-50.13655090332031,-81.09864044189453,-94.06458282470703,22.873132705688477,68.0532455444336,23.729679107666016,0.6710391640663147,0.6670138239860535,0.8397783041000366,4.607035160064697,4.3685736656188965,3.7385501861572266,nan
9.040,0,140.2362060546875,195.315673828125,200.1463623046875,257.1830139160156,256.5641784667969,255.0037841796875,0.5327782034873962,0.6225032806396484,0.559646487236023,74.71479034423828,121.58464813232422,112.0112075805664,-50.13655090332031,-81.09864044189453,-94.06458282470703,22.873132705688477,68.0532455444336,23.729679107666016,0.6710391640663147,0.6670138239860535,0.8397783041000366,4.607035160064697,4.3685736656188965,3.7385501861572266,nan
9.060,0,140.2548065185547,195.28025817871094,200.2637481689453,257.2000427246094,256.668212890625,255.10302734375,0.5309163928031921,0.6209221482276917,0.5587798357009888,74.46357727050781,121.25383758544922,111.9033432006836,-50.5987434387207,-80.6379165649414,-93.96648406982422,22.227556228637695,67.65394592285156,23.857614517211914,0.6795099973678589,0.6650339365005493,0.8397111296653748,4.71851110458374,4.355449199676514,3.9058518409729004,nan
9.080,0,140.2548065185547,195.28025817871094,200.2637481689453,257.2000427246094,256.668212890625,255.10302734375,0.5309163928031921,0.6209221482276917,0.5587798357009888,74.46357727050781,121.25383758544922,111.9033432006836,-50.5987434387207,-80.6379165649414,-93.96648406982422,22.227556228637695,67.65394592285156,23.857614517211914,0.6795099973678589,0.6650339365005493,0.8397111296653748,4.71851110458374,4.355449199676514,3.9058518409729004,nan
9.100,0,140.2548065185547,195.28025817871094,200.2637481689453,257.2000427246094,256.668212890625,255.10302734375,0.5309163928031921,0.6209221482276917,0.5587798357009888,74.46357727050781,121.25383758544922,111.9033432006836,-50.5987434387207,-80.6379165649414,-93.96648406982422,22.227556228637695,67.65394592285156,23.857614517211914,0.6795099973678589,0.6650339365005493,0.8397111296653748,4.71851110458374,4.355449199676514,3.9058518409729004,nan
9.120,0,140.2548065185547,195.28025817871094,200.2637481689453,257.2000427246094,256.668212890625,255.10302734375,0.5309163928031921,0.6209221482276917,0.5587798357009888,74.46357727050781,121.25383758544922,111.9033432006836,-50.5987434387207,-80.6379165649414,-93.96648406982422,22.227556228637695,67.65394592285156,23.857614517211914,0.6795099973678589,0.6650339365005493,0.8397111296653748,4.71851110458374,4.355449199676514,3.9058518409729004,nan
9.140,0,140.2548065185547,195.28025817871094,200.2637481689453,257.2000427246094,256.668212890625,255.10302734375,0.5309163928031921,0.6209221482276917,0.5587798357009888,74.46357727050781,121.25383758544922,111.9033432006836,-50.5987434387207,-80.6379165649414,-93.96648406982422,22.227556228637695,67.65394592285156,23.857614517211914,0.6795099973678589,0.6650339365005493,0.8397111296653748,4.71851110458374,4.355449199676514,3.9058518409729004,nan
9.160,0,140.2548065185547,195.28025817871094,200.2637481689453,257.2000427246094,256.668212890625,255.10302734375,0.5309163928031921,0.6209221482276917,0.5587798357009888,74.46357727050781,121.25383758544922,111.9033432006836,-50.5987434387207,-80.6379165649414,-93.96648406982422,22.227556228637695,67.65394592285156,23.857614517211914,0.6795099973678589,0.6650339365005493,0.8397111296653748,4.71851110458374,4.355449199676514,3.9058518409729004,nan
9.180,0,140.2548065185547,195.28025817871094,200.2637481689453,257.2000427246094,256.668212890625,255.10302734375,0.5309163928031921,0.6209221482276917,0.5587798357009888,74.46357727050781,121.25383758544922,111.9033432006836,-50.5987434387207,-80.6379165649414,-93.96648406982422,22.227556228637695,67.65394592285156,23.857614517211914,0.6795099973678589,0.6650339365005493,0.8397111296653748,4.71851110458374,4.355449199676514,3.9058518409729004,nan
9.200,0,140.2548065185547,195.28025817871094,200.2637481689453,257.2000427246094,256.668212890625,255.10302734375,0.5309163928031921,0.6209221482276917,0.5587798357009888,74.46357727050781,121.25383758544922,111.9033432006836,-50.5987434387207,-80.6379165649414,-93.96648406982422,22.227556228637695,67.65394592285156,23.857614517211914,0.6795099973678589,0.6650339365005493,0.8397111296653748,4.71851110458374,4.355449199676514,3.9058518409729004,nan
9.220,0,140.2548065185547,195.28025817871094,200.2637481689453,257.2000427246094,256.668212890625,255.10302734375,0.5309163928031921,0.6209221482276917,0.5587798357009888,74.46357727050781,121.25383758544922,111.9033432006836,-50.5987434387207,-80.6379165649414,-93.96648406982422,22.227556228637695,67.65394592285156,23.857614517211914,0.6795099973678589,0.6650339365005493,0.8397111296653748,4.71851110458374,4.355449199676514,3.9058518409729004,nan
9.240,0,140.2548065185547,195.28025817871094,200.2637481689453,257.2000427246094,256.668212890625,255.10302734375,0.5309163928031921,0.6209221482276917,0.5587798357009888,74.46357727050781,121.25383758544922,111.9033432006836,-50.5987434387207,-80.6379165649414,-93.96648406982422,22.227556228637695,67.65394592285156,23.857614517211914,0.6795099973678589,0.6650339365005493,0.8397111296653748,4.71851110458374,4.355449199676514,3.9058518409729004,nan
9.260,0,140.25320434570312,195.12451171875,200.18797302246094,257.2305908203125,256.65350341796875,255.19200134277344,0.5313039422035217,0.6225603818893433,0.5587294697761536,74.51708221435547,121.47679138183594,111.85092163085938,-50.031517028808594,-81.35128021240234,-94.21795654296875,22.746978759765625,67.74266052246094,23.08983039855957,0.6714100241661072,0.6696857810020447,0.8423529863357544,4.727388381958008,4.270572185516357,3.8448288440704346,nan
9.280,0,140.25320434570312,195.12451171875,200.18797302246094,257.2305908203125,256.65350341796875,255.19200134277344,0.5313039422035217,0.6225603818893433,0.5587294697761536,74.51708221435547,121.47679138183594,111.85092163085938,-50.031517028808594,-81.35128021240234,-94.21795654296875,22.746978759765625,67.74266052246094,23.08983039855957,0.6714100241661072,0.6696857810020447,0.8423529863357544,4.727388381958008,4.270572185516357,3.8448288440704346,nan
9.300,0,140.25320434570312,195.12451171875,200.18797302246094,257.2305908203125,256.65350341796875,255.19200134277344,0.5313039422035217,0.6225603818893433,0.5587294697761536,74.51708221435547,121.47679138183594,111.85092163085938,-50.031517028808594,-81.35128021240234,-94.21795654296875,22.746978759765625,67.74266052246094,23.08983039855957,0.6714100241661072,0.6696857810020447,0.8423529863357544,4.727388381958008,4.270572185516357,3.8448288440704346,nan
9.320,0,140.25320434570312,195.12451171875,200.18797302246094,257.2305908203125,256.65350341796875,255.19200134277344,0.5313039422035217,0.6225603818893433,0.5587294697761536,74.51708221435547,121.47679138183594,111.85092163085938,-50.031517028808594,-81.35128021240234,-94.21795654296875,22.746978759765625,67.74266052246094,23.08983039855957,0.6714100241661072,0.6696857810020447,0.8423529863357544,4.727388381958008,4.270572185516357,3.8448288440704346,nan
9.340,0,140.25320434570312,195.12451171875,200.18797302246094,257.2305908203125,256.65350341796875,255.19200134277344,0.5313039422035217,0.6225603818893433,0.5587294697761536,74.51708221435547,121.47679138183594,111.85092163085938,-50.031517028808594,-81.35128021240234,-94.21795654296875,22.746978759765625,67.74266052246094,23.08983039855957,0.6714100241661072,0.6696857810020447,0.8423529863357544,4.727388381958008,4.270572185516357,3.8448288440704346,nan
9.360,0,140.25320434570312,195.12451171875,200.18797302246094,257.2305908203125,256.65350341796875,255.19200134277344,0.5313039422035217,0.6225603818893433,0.5587294697761536,74.51708221435547,121.47679138183594,111.85092163085938,-50.031517028808594,-81.35128021240234,-94.21795654296875,22.746978759765625,67.74266052246094,23.08983039855957,0.6714100241661072,0.6696857810020447,0.8423529863357544,4.727388381958008,4.270572185516357,3.8448288440704346,nan
9.380,0,140.25320434570312,195.12451171875,200.18797302246094,257.2305908203125,256.65350341796875,255.19200134277344,0.5313039422035217,0.6225603818893433,0.5587294697761536,74.51708221435547,121.47679138183594,111.85092163085938,-50.031517028808594,-81.35128021240234,-94.21795654296875,22.746978759765625,67.74266052246094,23.08983039855957,0.6714100241661072,0.6696857810020447,0.8423529863357544,4.727388381958008,4.270572185516357,3.8448288440704346,nan
9.400,0,140.25320434570312,195.12451171875,200.18797302246094,257.2305908203125,256.65350341796875,255.19200134277344,0.5313039422035217,0.6225603818893433,0.5587294697761536,74.51708221435547,121.47679138183594,111.85092163085938,-50.031517028808594,-81.35128021240234,-94.21795654296875,22.746978759765625,67.74266052246094,23.08983039855957,0.6714100241661072,0.6696857810020447,0.8423529863357544,4.727388381958008,4.270572185516357,3.8448288440704346,nan
9.420,0,140.25320434570312,195.12451171875,200.18797302246094,257.2305908203125,256.65350341796875,255.19200134277344,0.5313039422035217,0.6225603818893433,0.5587294697761536,74.51708221435547,121.47679138183594,111.85092163085938,-50.031517028808594,-81.35128021240234,-94.21795654296875,22.746978759765625,67.74266052246094,23.08983039855957,0.6714100241661072,0.6696857810020447,0.8423529863357544,4.727388381958008,4.270572185516357,3.8448288440704346,nan
9.440,0,140.25320434570312,195.12451171875,200.18797302246094,257.2305908203125,256.65350341796875,255.19200134277344,0.5313039422035217,0.6225603818893433,0.5587294697761536,74.51708221435547,121.47679138183594,111.85092163085938,-50.031517028808594,-81.35128021240234,-94.21795654296875,22.746978759765625,67.74266052246094,23.08983039855957,0.6714100241661072,0.6696857810020447,0.8423529863357544,4.727388381958008,4.270572185516357,3.8448288440704346,nan
9.460,0,140.19142150878906,195.28952026367188,200.34095764160156,257.2234191894531,256.7312927246094,255.28094482421875,0.5315799713134766,0.6189765930175781,0.5589832663536072,74.52294921875,120.879638671875,111.98724365234375,-50.71746063232422,-80.55728912353516,-93.74633026123047,22.231548309326172,67.26996612548828,24.11958885192871,0.6805616617202759,0.6664256453514099,0.8371161222457886,4.770169734954834,4.268813133239746,3.71140718460083,nan
9.480,0,140.19142150878906,195.28952026367188,200.34095764160156,257.2234191894531,256.7312927246094,255.28094482421875,0.5315799713134766,0.6189765930175781,0.5589832663536072,74.52294921875,120.879638671875,111.98724365234375,-50.71746063232422,-80.55728912353516,-93.74633026123047,22.231548309326172,67.26996612548828,24.11958885192871,0.6805616617202759,0.6664256453514099,0.8371161222457886,4.770169734954834,4.268813133239746,3.71140718460083,nan
9.500,0,140.19142150878906,195.28952026367188,200.34095764160156,257.2234191894531,256.7312927246094,255.28094482421875,0.5315799713134766,0.6189765930175781,0.5589832663536072,74.52294921875,120.879638671875,111.98724365234375,-50.71746063232422,-80.55728912353516,-93.74633026123047,22.231548309326172,67.26996612548828,24.11958885192871,0.6805616617202759,0.6664256453514099,0.8371161222457886,4.770169734954834,4.268813133239746,3.71140718460083,nan
9.520,0,140.19142150878906,195.28952026367188,200.34095764160156,257.2234191894531,256.7312927246094,255.28094482421875,0.5315799713134766,0.6189765930175781,0.5589832663536072,74.52294921875,120.879638671875,111.98724365234375,-50.71746063232422,-80.55728912353516,-93.74633026123047,22.231548309326172,67.26996612548828,24.11958885192871,0.6805616617202759,0.6664256453514099,0.8371161222457886,4.770169734954834,4.268813133239746,3.71140718460083,nan
9.540,0,140.19142150878906,195.28952026367188,200.34095764160156,257.2234191894531,256.7312927246094,255.28094482421875,0.5315799713134766,0.6189765930175781,0.5589832663536072,74.52294921875,120.879638671875,111.98724365234375,-50.71746063232422,-80.55728912353516,-93.74633026123047,22.231548309326172,67.26996612548828,24.11958885192871,0.6805616617202759,0.6664256453514099,0.8371161222457886,4.770169734954834,4.268813133239746,3.71140718460083,nan
9.560,0,140.19142150878906,195.28952026367188,200.34095764160156,257.2234191894531,256.7312927246094,255.28094482421875,0.5315799713134766,0.6189765930175781,0.5589832663536072,74.52294921875,120.879638671875,111.98724365234375,-50.71746063232422,-80.55728912353516,-93.74633026123047,22.231548309326172,67.26996612548828,24.11958885192871,0.6805616617202759,0.6664256453514099,0.8371161222457886,4.770169734954834,4.268813133239746,3.71140718460083,nan
9.580,0,140.19142150878906,195.28952026367188,200.34095764160156,257.2234191894531,256.7312927246094,255.28094482421875,0.5315799713134766,0.6189765930175781,0.5589832663536072,74.52294921875,120.879638671875,111.98724365234375,-50.71746063232422,-80.55728912353516,-93.74633026123047,22.231548309326172,67.26996612548828,24.11958885192871,0.6805616617202759,0.6664256453514099,0.8371161222457886,4.770169734954834,4.268813133239746,3.71140718460083,nan
9.600,0,140.19142150878906,195.28952026367188,200.34095764160156,257.2234191894531,256.7312927246094,255.28094482421875,0.5315799713134766,0.6189765930175781,0.5589832663536072,74.52294921875,120.879638671875,111.98724365234375,-50.71746063232422,-80.55728912353516,-93.74633026123047,22.231548309326172,67.26996612548828,24.11958885192871,0.6805616617202759,0.6664256453514099,0.8371161222457886,4.770169734954834,4.268813133239746,3.71140718460083,nan
9.620,0,140.19142150878906,195.28952026367188,200.34095764160156,257.2234191894531,256.7312927246094,255.28094482421875,0.5315799713134766,0.6189765930175781,0.5589832663536072,74.52294921875,120.879638671875,111.98724365234375,-50.71746063232422,-80.55728912353516,-93.74633026123047,22.231548309326172,67.26996612548828,24.11958885192871,0.6805616617202759,0.6664256453514099,0.8371161222457886,4.770169734954834,4.268813133239746,3.71140718460083,nan
9.640,0,140.2235107421875,195.24154663085938,200.213134765625,257.2724914550781,256.6743469238281,255.18338012695312,0.5289599299430847,0.6164019703865051,0.5569881200790405,74.17261505126953,120.34727478027344,111.5163345336914,-50.08551788330078,-79.98119354248047,-93.84635925292969,22.364709854125977,67.40137481689453,23.86761474609375,0.6752561926841736,0.6645866632461548,0.8415480852127075,4.726656436920166,4.297438621520996,3.6015326976776123,nan
9.660,0,140.2235107421875,195.24154663085938,200.213134765625,257.2724914550781,256.6743469238281,255.18338012695312,0.5289599299430847,0.6164019703865051,0.5569881200790405,74.17261505126953,120.34727478027344,111.5163345336914,-50.08551788330078,-79.98119354248047,-93.84635925292969,22.364709854125977,67.40137481689453,23.86761474609375,0.6752561926841736,0.6645866632461548,0.8415480852127075,4.726656436920166,4.297438621520996,3.6015326976776123,nan
9.680,0,140.2235107421875,195.24154663085938,200.213134765625,257.2724914550781,256.6743469238281,255.18338012695312,0.5289599299430847,0.6164019703865051,0.5569881200790405,74.17261505126953,120.34727478027344,111.5163345336914,-50.08551788330078,-79.98119354248047,-93.84635925292969,22.364709854125977,67.40137481689453,23.86761474609375,0.6752561926841736,0.6645866632461548,0.8415480852127075,4.726656436920166,4.297438621520996,3.6015326976776123,nan
9.700,0,140.2235107421875,195.24154663085938,200.213134765625,257.2724914550781,256.6743469238281,255.18338012695312,0.5289599299430847,0.6164019703865051,0.5569881200790405,74.17261505126953,120.34727478027344,111.5163345336914,-50.08551788330078,-79.98119354248047,-93.84635925292969,22.364709854125977,67.40137481689453,23.86761474609375,0.6752561926841736,0.6645866632461548,0.8415480852127075,4.726656436920166,4.297438621520996,3.6015326976776123,nan
9.720,0,140.2235107421875,195.24154663085938,200.213134765625,257.2724914550781,256.6743469238281,255.18338012695312,0.5289599299430847,0.6164019703865051,0.5569881200790405,74.17261505126953,120.34727478027344,111.5163345336914,-50.08551788330078,-79.98119354248047,-93.84635925292969,22.364709854125977,67.40137481689453,23.86761474609375,0.6752561926841736,0.6645866632461548,0.8415480852127075,4.726656436920166,4.297438621520996,3.6015326976776123,nan
9.740,0,140.2235107421875,195.24154663085938,200.213134765625,257.2724914550781,256.6743469238281,255.18338012695312,0.5289599299430847,0.6164019703865051,0.5569881200790405,74.17261505126953,120.34727478027344,111.5163345336914,-50.08551788330078,-79.98119354248047,-93.84635925292969,22.364709854125977,67.40137481689453,23.86761474609375,0.6752561926841736,0.6645866632461548,0.8415480852127075,4.726656436920166,4.297438621520996,3.6015326976776123,nan
9.760,0,140.2235107421875,195.24154663085938,200.213134765625,257.2724914550781,256.6743469238281,255.18338012695312,0.5289599299430847,0.6164019703865051,0.5569881200790405,74.17261505126953,120.34727478027344,111.5163345336914,-50.08551788330078,-79.98119354248047,-93.84635925292969,22.364709854125977,67.40137481689453,23.86761474609375,0.6752561926841736,0.6645866632461548,0.8415480852127075,4.726656436920166,4.297438621520996,3.6015326976776123,nan
9.780,0,140.2235107421875,195.24154663085938,200.213134765625,257.2724914550781,256.6743469238281,255.18338012695312,0.5289599299430847,0.6164019703865051,0.5569881200790405,74.17261505126953,120.34727478027344,111.5163345336914,-50.08551788330078,-79.98119354248047,-93.84635925292969,22.364709854125977,67.40137481689453,23.86761474609375,0.6752561926841736,0.6645866632461548,0.8415480852127075,4.726656436920166,4.297438621520996,3.6015326976776123,nan
9.800,0,140.2235107421875,195.24154663085938,200.213134765625,257.2724914550781,256.6743469238281,255.18338012695312,0.5289599299430847,0.6164019703865051,0.5569881200790405,74.17261505126953,120.34727478027344,111.5163345336914,-50.08551788330078,-79.98119354248047,-93.84635925292969,22.364709854125977,67.40137481689453,23.86761474609375,0.6752561926841736,0.6645866632461548,0.8415480852127075,4.726656436920166,4.297438621520996,3.6015326976776123,nan
9.820,0,140.2235107421875,195.24154663085938,200.213134765625,257.2724914550781,256.6743469238281,255.18338012695312,0.5289599299430847,0.6164019703865051,0.5569881200790405,74.17261505126953,120.34727478027344,111.5163345336914,-50.08551788330078,-79.98119354248047,-93.84635925292969,22.364709854125977,67.40137481689453,23.86761474609375,0.6752561926841736,0.6645866632461548,0.8415480852127075,4.726656436920166,4.297438621520996,3.6015326976776123,nan
9.840,0,140.25416564941406,195.2278289794922,200.19252014160156,257.2386474609375,256.6990661621094,255.15194702148438,0.5327116847038269,0.6183901429176331,0.5564190745353699,74.71503448486328,120.72696685791016,111.39093780517578,-50.28070831298828,-80.71327209472656,-93.3127670288086,22.649860382080078,67.44625854492188,24.33249282836914,0.6729664206504822,0.6685604453086853,0.8377051949501038,4.630002021789551,4.325407028198242,3.6121037006378174,nan
9.860,1,140.25416564941406,195.2278289794922,200.19252014160156,257.2386474609375,256.6990661621094,255.15194702148438,0.5327116847038269,0.6183901429176331,0.5564190745353699,74.71503448486328,120.72696685791016,111.39093780517578,-50.28070831298828,-80.71327209472656,-93.3127670288086,22.649860382080078,67.44625854492188,24.33249282836914,0.6729664206504822,0.6685604453086853,0.8377051949501038,4.630002021789551,4.325407028198242,3.6121037006378174,nan
9.880,1,140.25416564941406,195.2278289794922,200.19252014160156,257.2386474609375,256.6990661621094,255.15194702148438,0.5327116847038269,0.6183901429176331,0.5564190745353699,74.71503448486328,120.72696685791016,111.39093780517578,-50.28070831298828,-80.71327209472656,-93.3127670288086,22.649860382080078,67.44625854492188,24.33249282836914,0.6729664206504822,0.6685604453086853,0.8377051949501038,4.630002021789551,4.325407028198242,3.6121037006378174,nan
9.900,1,140.25416564941406,195.2278289794922,200.19252014160156,257.2386474609375,256.6990661621094,255.15194702148438,0.5327116847038269,0.6183901429176331,0.5564190745353699,74.71503448486328,120.72696685791016,111.39093780517578,-50.28070831298828,-80.71327209472656,-93.3127670288086,22.649860382080078,67.44625854492188,24.33249282836914,0.6729664206504822,0.6685604453086853,0.8377051949501038,4.630002021789551,4.325407028198242,3.6121037006378174,nan
9.920,1,140.25416564941406,195.2278289794922,200.19252014160156,257.2386474609375,256.6990661621094,255.15194702148438,0.5327116847038269,0.6183901429176331,0.5564190745353699,74.71503448486328,120.72696685791016,111.39093780517578,-50.28070831298828,-80.71327209472656,-93.3127670288086,22.649860382080078,67.44625854492188,24.33249282836914,0.6729664206504822,0.6685604453086853,0.8377051949501038,4.630002021789551,4.325407028198242,3.6121037006378174,nan
9.940,1,140.25416564941406,195.2278289794922,200.19252014160156,257.2386474609375,256.6990661621094,255.15194702148438,0.5327116847038269,0.6183901429176331,0.5564190745353699,74.71503448486328,120.72696685791016,111.39093780517578,-50.28070831298828,-80.71327209472656,-93.3127670288086,22.649860382080078,67.44625854492188,24.33249282836914,0.6729664206504822,0.6685604453086853,0.8377051949501038,4.630002021789551,4.325407028198242,3.6121037006378174,nan
9.960,1,140.25416564941406,195.2278289794922,200.19252014160156,257.2386474609375,256.6990661621094,255.15194702148438,0.5327116847038269,0.6183901429176331,0.5564190745353699,74.71503448486328,120.72696685791016,111.39093780517578,-50.28070831298828,-80.71327209472656,-93.3127670288086,22.649860382080078,67.44625854492188,24.33249282836914,0.6729664206504822,0.6685604453086853,0.8377051949501038,4.630002021789551,4.325407028198242,3.6121037006378174,nan
9.980,1,140.25416564941406,195.2278289794922,200.19252014160156,257.2386474609375,256.6990661621094,255.15194702148438,0.5327116847038269,0.6183901429176331,0.5564190745353699,74.71503448486328,120.72696685791016,111.39093780517578,-50.28070831298828,-80.71327209472656,-93.3127670288086,22.649860382080078,67.44625854492188,24.33249282836914,0.6729664206504822,0.6685604453086853,0.8377051949501038,4.630002021789551,4.325407028198242,3.6121037006378174,nan
10.000,1,140.25416564941406,195.2278289794922,200.19252014160156,257.2386474609375,256.6990661621094,255.15194702148438,0.5327116847038269,0.6183901429176331,0.5564190745353699,74.71503448486328,120.72696685791016,111.39093780517578,-50.28070831298828,-80.71327209472656,-93.3127670288086,22.649860382080078,67.44625854492188,24.33249282836914,0.6729664206504822,0.6685604453086853,0.8377051949501038,4.630002021789551,4.325407028198242,3.6121037006378174,nan
10.020,1,140.25416564941406,195.2278289794922,200.19252014160156,257.2386474609375,256.6990661621094,255.15194702148438,0.5327116847038269,0.6183901429176331,0.5564190745353699,74.71503448486328,120.72696685791016,111.39093780517578,-50.28070831298828,-80.71327209472656,-93.3127670288086,22.649860382080078,67.44625854492188,24.33249282836914,0.6729664206504822,0.6685604453086853,0.8377051949501038,4.630002021789551,4.325407028198242,3.6121037006378174,nan
10.040,1,140.2481689453125,195.30369567871094,200.22312927246094,257.1935729980469,256.7012634277344,255.12232971191406,0.533184826374054,0.6210715174674988,0.5560347437858582,74.7781982421875,121.29756164550781,111.33101654052734,-50.47456359863281,-80.8226547241211,-93.08495330810547,23.22780990600586,67.28630065917969,24.40168571472168,0.6749903559684753,0.6663172245025635,0.8361098170280457,4.612834930419922,4.321529388427734,3.693523645401001,nan
10.060,1,140.2481689453125,195.30369567871094,200.22312927246094,257.1935729980469,256.7012634277344,255.12232971191406,0.533184826374054,0.6210715174674988,0.5560347437858582,74.7781982421875,121.29756164550781,111.33101654052734,-50.47456359863281,-80.8226547241211,-93.08495330810547,23.22780990600586,67.28630065917969,24.40168571472168,0.6749903559684753,0.6663172245025635,0.8361098170280457,4.612834930419922,4.321529388427734,3.693523645401001,nan
10.080,1,140.2481689453125,195.30369567871094,200.22312927246094,257.1935729980469,256.7012634277344,255.12232971191406,0.533184826374054,0.6210715174674988,0.5560347437858582,74.7781982421875,121.29756164550781,111.33101654052734,-50.47456359863281,-80.8226547241211,-93.08495330810547,23.22780990600586,67.28630065917969,24.40168571472168,0.6749903559684753,0.6663172245025635,0.8361098170280457,4.612834930419922,4.321529388427734,3.693523645401001,nan
10.100,1,140.2481689453125,195.30369567871094,200.22312927246094,257.1935729980469,256.7012634277344,255.12232971191406,0.533184826374054,0.6210715174674988,0.5560347437858582,74.7781982421875,121.29756164550781,111.33101654052734,-50.47456359863281,-80.8226547241211,-93.08495330810547,23.22780990600586,67.28630065917969,24.40168571472168,0.6749903559684753,0.6663172245025635,0.8361098170280457,4.612834930419922,4.321529388427734,3.693523645401001,nan
10.120,1,140.2481689453125,195.30369567871094,200.22312927246094,257.1935729980469,256.7012634277344,255.12232971191406,0.533184826374054,0.6210715174674988,0.5560347437858582,74.7781982421875,121.29756164550781,111.33101654052734,-50.47456359863281,-80.8226547241211,-93.08495330810547,23.22780990600586,67.28630065917969,24.40168571472168,0.6749903559684753,0.6663172245025635,0.8361098170280457,4.612834930419922,4.321529388427734,3.693523645401001,nan
10.140,1,140.2481689453125,195.30369567871094,200.22312927246094,257.1935729980469,256.7012634277344,255.12232971191406,0.533184826374054,0.6210715174674988,0.5560347437858582,74.7781982421875,121.29756164550781,111.33101654052734,-50.47456359863281,-80.8226547241211,-93.08495330810547,23.22780990600586,67.28630065917969,24.40168571472168,0.6749903559684753,0.6663172245025635,0.8361098170280457,4.612834930419922,4.321529388427734,3.693523645401001,nan
10.160,1,140.2481689453125,195.30369567871094,200.22312927246094,257.1935729980469,256.7012634277344,255.12232971191406,0.533184826374054,0.6210715174674988,0.5560347437858582,74.7781982421875,121.29756164550781,111.33101654052734,-50.47456359863281,-80.8226547241211,-93.08495330810547,23.22780990600586,67.28630065917969,24.40168571472168,0.6749903559684753,0.6663172245025635,0.8361098170280457,4.612834930419922,4.321529388427734,3.693523645401001,nan
10.180,1,140.2481689453125,195.30369567871094,200.22312927246094,257.1935729980469,256.7012634277344,255.12232971191406,0.533184826374054,0.6210715174674988,0.5560347437858582,74.7781982421875,121.29756164550781,111.33101654052734,-50.47456359863281,-80.8226547241211,-93.08495330810547,23.22780990600586,67.28630065917969,24.40168571472168,0.6749903559684753,0.6663172245025635,0.8361098170280457,4.612834930419922,4.321529388427734,3.693523645401001,nan
10.200,1,140.2481689453125,195.30369567871094,200.22312927246094,257.1935729980469,256.7012634277344,255.12232971191406,0.533184826374054,0.6210715174674988,0.5560347437858582,74.7781982421875,121.29756164550781,111.33101654052734,-50.47456359863281,-80.8226547241211,-93.08495330810547,23.22780990600586,67.28630065917969,24.40168571472168,0.6749903559684753,0.6663172245025635,0.8361098170280457,4.612834930419922,4.321529388427734,3.693523645401001,nan
10.220,1,140.2481689453125,195.30369567871094,200.22312927246094,257.1935729980469,256.7012634277344,255.12232971191406,0.533184826374054,0.6210715174674988,0.5560347437858582,74.7781982421875,121.29756164550781,111.33101654052734,-50.47456359863281,-80.8226547241211,-93.08495330810547,23.22780990600586,67.28630065917969,24.40168571472168,0.6749903559684753,0.6663172245025635,0.8361098170280457,4.612834930419922,4.321529388427734,3.693523645401001,nan
10.240,1,140.25027465820312,195.24749755859375,200.2900390625,257.1858825683594,256.65277099609375,255.16714477539062,0.5338536500930786,0.6237951517105103,0.558809757232666,74.87312316894531,121.79444122314453,111.92402648925781,-50.427825927734375,-81.07102966308594,-93.93079376220703,22.740034103393555,68.11940002441406,23.90657615661621,0.6735103726387024,0.6656381487846375,0.8392370939254761,4.641504764556885,4.2618255615234375,3.7493951320648193,nan
10.260,1,140.25027465820312,195.24749755859375,200.2900390625,257.1858825683594,256.65277099609375,255.16714477539062,0.5338536500930786,0.6237951517105103,0.558809757232666,74.87312316894531,121.79444122314453,111.92402648925781,-50.427825927734375,-81.07102966308594,-93.93079376220703,22.740034103393555,68.11940002441406,23.90657615661621,0.6735103726387024,0.6656381487846375,0.8392370939254761,4.641504764556885,4.2618255615234375,3.7493951320648193,nan
10.280,1,140.25027465820312,195.24749755859375,200.2900390625,257.1858825683594,256.65277099609375,255.16714477539062,0.5338536500930786,0.6237951517105103,0.558809757232666,74.87312316894531,121.79444122314453,111.92402648925781,-50.427825927734375,-81.07102966308594,-93.93079376220703,22.740034103393555,68.11940002441406,23.90657615661621,0.6735103726387024,0.6656381487846375,0.8392370939254761,4.641504764556885,4.2618255615234375,3.7493951320648193,nan
10.300,1,140.25027465820312,195.24749755859375,200.2900390625,257.1858825683594,256.65277099609375,255.16714477539062,0.5338536500930786,0.6237951517105103,0.558809757232666,74.87312316894531,121.79444122314453,111.92402648925781,-50.427825927734375,-81.07102966308594,-93.93079376220703,22.740034103393555,68.11940002441406,23.90657615661621,0.6735103726387024,0.6656381487846375,0.8392370939254761,4.641504764556885,4.2618255615234375,3.7493951320648193,nan
10.320,1,140.25027465820312,195.24749755859375,200.2900390625,257.1858825683594,256.65277099609375,255.16714477539062,0.5338536500930786,0.6237951517105103,0.558809757232666,74.87312316894531,121.79444122314453,111.92402648925781,-50.427825927734375,-81.07102966308594,-93.93079376220703,22.740034103393555,68.11940002441406,23.90657615661621,0.6735103726387024,0.6656381487846375,0.8392370939254761,4.641504764556885,4.2618255615234375,3.7493951320648193,nan
10.340,1,140.25027465820312,195.24749755859375,200.2900390625,257.1858825683594,256.65277099609375,255.16714477539062,0.5338536500930786,0.6237951517105103,0.558809757232666,74.87312316894531,121.79444122314453,111.92402648925781,-50.427825927734375,-81.07102966308594,-93.93079376220703,22.740034103393555,68.11940002441406,23.90657615661621,0.6735103726387024,0.6656381487846375,0.8392370939254761,4.641504764556885,4.2618255615234375,3.7493951320648193,nan
10.360,1,140.25027465820312,195.24749755859375,200.2900390625,257.1858825683594,256.65277099609375,255.16714477539062,0.5338536500930786,0.6237951517105103,0.558809757232666,74.87312316894531,121.79444122314453,111.92402648925781,-50.427825927734375,-81.07102966308594,-93.93079376220703,22.740034103393555,68.11940002441406,23.90657615661621,0.6735103726387024,0.6656381487846375,0.8392370939254761,4.641504764556885,4.2618255615234375,3.7493951320648193,nan
10.380,1,140.25027465820312,195.24749755859375,200.2900390625,257.1858825683594,256.65277099609375,255.16714477539062,0.5338536500930786,0.6237951517105103,0.558809757232666,74.87312316894531,121.79444122314453,111.92402648925781,-50.427825927734375,-81.07102966308594,-93.93079376220703,22.740034103393555,68.11940002441406,23.90657615661621,0.6735103726387024,0.6656381487846375,0.8392370939254761,4.641504764556885,4.2618255615234375,3.7493951320648193,nan
10.400,1,140.25027465820312,195.24749755859375,200.2900390625,257.1858825683594,256.65277099609375,255.16714477539062,0.5338536500930786,0.6237951517105103,0.558809757232666,74.87312316894531,121.79444122314453,111.92402648925781,-50.427825927734375,-81.07102966308594,-93.93079376220703,22.740034103393555,68.11940002441406,23.90657615661621,0.6735103726387024,0.6656381487846375,0.8392370939254761,4.641504764556885,4.2618255615234375,3.7493951320648193,nan
10.420,1,140.25027465820312,195.24749755859375,200.2900390625,257.1858825683594,256.65277099609375,255.16714477539062,0.5338536500930786,0.6237951517105103,0.558809757232666,74.87312316894531,121.79444122314453,111.92402648925781,-50.427825927734375,-81.07102966308594,-93.93079376220703,22.740034103393555,68.11940002441406,23.90657615661621,0.6735103726387024,0.6656381487846375,0.8392370939254761,4.641504764556885,4.2618255615234375,3.7493951320648193,nan
10.440,1,123.8791275024414,211.22276306152344,212.84840393066406,257.0978698730469,256.80859375,255.45216369628906,0.5229426622390747,0.6181924939155579,0.562462568283081,64.78167724609375,130.57632446289062,119.7192611694336,-39.405086517333984,-81.98632049560547,-103.03433227539062,17.92723846435547,81.87127685546875,16.393491744995117,0.6082751750946045,0.6278804540634155,0.8606328964233398,4.688345909118652,4.283720016479492,3.67362904548645,nan
10.460,1,123.8791275024414,211.22276306152344,212.84840393066406,257.0978698730469,256.80859375,255.45216369628906,0.5229426622390747,0.6181924939155579,0.562462568283081,64.78167724609375,130.57632446289062,119.7192611694336,-39.405086517333984,-81.98632049560547,-103.03433227539062,17.92723846435547,81.87127685546875,16.393491744995117,0.6082751750946045,0.6278804540634155,0.8606328964233398,4.688345909118652,4.283720016479492,3.67362904548645,nan
10.480,1,123.8791275024414,211.22276306152344,212.84840393066406,257.0978698730469,256.80859375,255.45216369628906,0.5229426622390747,0.6181924939155579,0.562462568283081,64.78167724609375,130.57632446289062,119.7192611694336,-39.405086517333984,-81.98632049560547,-103.03433227539062,17.92723846435547,81.87127685546875,16.393491744995117,0.6082751750946045,0.6278804540634155,0.8606328964233398,4.688345909118652,4.283720016479492,3.67362904548645,nan
10.500,1,123.8791275024414,211.22276306152344,212.84840393066406,257.0978698730469,256.80859375,255.45216369628906,0.5229426622390747,0.6181924939155579,0.562462568283081,64.78167724609375,130.57632446289062,119.7192611694336,-39.405086517333984,-81.98632049560547,-103.03433227539062,17.92723846435547,81.87127685546875,16.393491744995117,0.6082751750946045,0.6278804540634155,0.8606328964233398,4.688345909118652,4.283720016479492,3.67362904548645,nan
10.520,1,123.8791275024414,211.22276306152344,212.84840393066406,257.0978698730469,256.80859375,255.45216369628906,0.5229426622390747,0.6181924939155579,0.562462568283081,64.78167724609375,130.57632446289062,119.7192611694336,-39.405086517333984,-81.98632049560547,-103.03433227539062,17.92723846435547,81.87127685546875,16.393491744995117,0.6082751750946045,0.6278804540634155,0.8606328964233398,4.688345909118652,4.283720016479492,3.67362904548645,nan
10.540,1,123.8791275024414,211.22276306152344,212.84840393066406,257.0978698730469,256.80859375,255.45216369628906,0.5229426622390747,0.6181924939155579,0.562462568283081,64.78167724609375,130.57632446289062,119.7192611694336,-39.405086517333984,-81.98632049560547,-103.03433227539062,17.92723846435547,81.87127685546875,16.393491744995117,0.6082751750946045,0.6278804540634155,0.8606328964233398,4.688345909118652,4.283720016479492,3.67362904548645,nan
10.560,1,123.8791275024414,211.22276306152344,212.84840393066406,257.0978698730469,256.80859375,255.45216369628906,0.5229426622390747,0.6181924939155579,0.562462568283081,64.78167724609375,130.57632446289062,119.7192611694336,-39.405086517333984,-81.98632049560547,-103.03433227539062,17.92723846435547,81.87127685546875,16.393491744995117,0.6082751750946045,0.6278804540634155,0.8606328964233398,4.688345909118652,4.283720016479492,3.67362904548645,nan
10.580,1,123.8791275024414,211.22276306152344,212.84840393066406,257.0978698730469,256.80859375,255.45216369628906,0.5229426622390747,0.6181924939155579,0.562462568283081,64.78167724609375,130.57632446289062,119.7192611694336,-39.405086517333984,-81.98632049560547,-103.03433227539062,17.92723846435547,81.87127685546875,16.393491744995117,0.6082751750946045,0.6278804540634155,0.8606328964233398,4.688345909118652,4.283720016479492,3.67362904548645,nan
10.600,1,123.8791275024414,211.22276306152344,212.84840393066406,257.0978698730469,256.80859375,255.45216369628906,0.5229426622390747,0.6181924939155579,0.562462568283081,64.78167724609375,130.57632446289062,119.7192611694336,-39.405086517333984,-81.98632049560547,-103.03433227539062,17.92723846435547,81.87127685546875,16.393491744995117,0.6082751750946045,0.6278804540634155,0.8606328964233398,4.688345909118652,4.283720016479492,3.67362904548645,nan
10.620,1,123.8791275024414,211.22276306152344,212.84840393066406,257.0978698730469,256.80859375,255.45216369628906,0.5229426622390747,0.6181924939155579,0.562462568283081,64.78167724609375,130.57632446289062,119.7192611694336,-39.405086517333984,-81.98632049560547,-103.03433227539062,17.92723846435547,81.87127685546875,16.393491744995117,0.6082751750946045,0.6278804540634155,0.8606328964233398,4.688345909118652,4.283720016479492,3.67362904548645,nan
10.640,1,8.749405860900879,260.9221496582031,258.5032043457031,257.0492858886719,257.6770935058594,256.26019287109375,0.4764651656150818,0.6183755397796631,0.5599843859672546,4.168787002563477,161.34786987304688,144.75775146484375,2.024143695831299,-88.21577453613281,-140.3025360107422,0.9203822016716003,132.65298461914062,-24.633729934692383,0.48554739356040955,0.5467427372932434,0.9692229628562927,4.689220905303955,4.247915267944336,3.6272194385528564,nan
10.660,1,8.749405860900879,260.9221496582031,258.5032043457031,257.0492858886719,257.6770935058594,256.26019287109375,0.4764651656150818,0.6183755397796631,0.5599843859672546,4.168787002563477,161.34786987304688,144.75775146484375,2.024143695831299,-88.21577453613281,-140.3025360107422,0.9203822016716003,132.65298461914062,-24.633729934692383,0.48554739356040955,0.5467427372932434,0.9692229628562927,4.689220905303955,4.247915267944336,3.6272194385528564,nan
10.680,1,8.749405860900879,260.9221496582031,258.5032043457031,257.0492858886719,257.6770935058594,256.26019287109375,0.4764651656150818,0.6183755397796631,0.5599843859672546,4.168787002563477,161.34786987304688,144.75775146484375,2.024143695831299,-88.21577453613281,-140.3025360107422,0.9203822016716003,132.65298461914062,-24.633729934692383,0.48554739356040955,0.5467427372932434,0.9692229628562927,4.689220905303955,4.247915267944336,3.6272194385528564,nan
10.700,1,8.749405860900879,260.9221496582031,258.5032043457031,257.0492858886719,257.6770935058594,256.26019287109375,0.4764651656150818,0.6183755397796631,0.5599843859672546,4.168787002563477,161.34786987304688,144.75775146484375,2.024143695831299,-88.21577453613281,-140.3025360107422,0.9203822016716003,132.65298461914062,-24.633729934692383,0.48554739356040955,0.5467427372932434,0.9692229628562927,4.689220905303955,4.247915267944336,3.6272194385528564,nan
10.720,1,8.749405860900879,260.9221496582031,258.5032043457031,257.0492858886719,257.6770935058594,256.26019287109375,0.4764651656150818,0.6183755397796631,0.5599843859672546,4.168787002563477,161.34786987304688,144.75775146484375,2.024143695831299,-88.21577453613281,-140.3025360107422,0.9203822016716003,132.65298461914062,-24.633729934692383,0.48554739356040955,0.5467427372932434,0.9692229628562927,4.689220905303955,4.247915267944336,3.6272194385528564,nan
10.740,1,8.749405860900879,260.9221496582031,258.5032043457031,257.0492858886719,257.6770935058594,256.26019287109375,0.4764651656150818,0.6183755397796631,0.5599843859672546,4.168787002563477,161.34786987304688,144.75775146484375,2.024143695831299,-88.21577453613281,-140.3025360107422,0.9203822016716003,132.65298461914062,-24.633729934692383,0.48554739356040955,0.5467427372932434,0.9692229628562927,4.689220905303955,4.247915267944336,3.6272194385528564,nan
10.760,1,8.749405860900879,260.9221496582031,258.5032043457031,257.0492858886719,257.6770935058594,256.26019287109375,0.4764651656150818,0.6183755397796631,0.5599843859672546,4.168787002563477,161.34786987304688,144.75775146484375,2.024143695831299,-88.21577453613281,-140.3025360107422,0.9203822016716003,132.65298461914062,-24.633729934692383,0.48554739356040955,0.5467427372932434,0.9692229628562927,4.689220905303955,4.247915267944336,3.6272194385528564,nan
10.780,1,8.749405860900879,260.9221496582031,258.5032043457031,257.0492858886719,257.6770935058594,256.26019287109375,0.4764651656150818,0.6183755397796631,0.5599843859672546,4.168787002563477,161.34786987304688,144.75775146484375,2.024143695831299,-88.21577453613281,-140.3025360107422,0.9203822016716003,132.65298461914062,-24.633729934692383,0.48554739356040955,0.5467427372932434,0.9692229628562927,4.689220905303955,4.247915267944336,3.6272194385528564,nan
10.800,1,8.749405860900879,260.9221496582031,258.5032043457031,257.0492858886719,257.6770935058594,256.26019287109375,0.4764651656150818,0.6183755397796631,0.5599843859672546,4.168787002563477,161.34786987304688,144.75775146484375,2.024143695831299,-88.21577453613281,-140.3025360107422,0.9203822016716003,132.65298461914062,-24.633729934692383,0.48554739356040955,0.5467427372932434,0.9692229628562927,4.689220905303955,4.247915267944336,3.6272194385528564,nan
10.820,1,8.749405860900879,260.9221496582031,258.5032043457031,257.0492858886719,257.6770935058594,256.26019287109375,0.4764651656150818,0.6183755397796631,0.5599843859672546,4.168787002563477,161.34786987304688,144.75775146484375,2.024143695831299,-88.21577453613281,-140.3025360107422,0.9203822016716003,132.65298461914062,-24.633729934692383,0.48554739356040955,0.5467427372932434,0.9692229628562927,4.689220905303955,4.247915267944336,3.6272194385528564,nan
10.840,1,9.0032320022583,261.18353271484375,258.61083984375,257.0389709472656,257.7217102050781,256.1689758300781,0.4778560996055603,0.6187660694122314,0.5596515536308289,4.302249431610107,161.61151123046875,144.73196411132812,2.0653369426727295,-88.40718078613281,-140.39138793945312,0.9985277652740479,132.7845916748047,-24.49605369567871,0.48005977272987366,0.5470351576805115,0.9700095653533936,4.681260108947754,4.314190864562988,3.637136936187744,nan
10.860,1,9.0032320022583,261.18353271484375,258.61083984375,257.0389709472656,257.7217102050781,256.1689758300781,0.4778560996055603,0.6187660694122314,0.5596515536308289,4.302249431610107,161.61151123046875,144.73196411132812,2.0653369426727295,-88.40718078613281,-140.39138793945312,0.9985277652740479,132.7845916748047,-24.49605369567871,0.48005977272987366,0.5470351576805115,0.9700095653533936,4.681260108947754,4.314190864562988,3.637136936187744,nan
10.880,1,9.0032320022583,261.18353271484375,258.61083984375,257.0389709472656,257.7217102050781,256.1689758300781,0.4778560996055603,0.6187660694122314,0.5596515536308289,4.302249431610107,161.61151123046875,144.73196411132812,2.0653369426727295,-88.40718078613281,-140.39138793945312,0.9985277652740479,132.7845916748047,-24.49605369567871,0.48005977272987366,0.5470351576805115,0.9700095653533936,4.681260108947754,4.314190864562988,3.637136936187744,nan
10.900,1,9.0032320022583,261.18353271484375,258.61083984375,257.0389709472656,257.7217102050781,256.1689758300781,0.4778560996055603,0.6187660694122314,0.5596515536308289,4.302249431610107,161.61151123046875,144.73196411132812,2.0653369426727295,-88.40718078613281,-140.39138793945312,0.9985277652740479,132.7845916748047,-24.49605369567871,0.48005977272987366,0.5470351576805115,0.9700095653533936,4.681260108947754,4.314190864562988,3.637136936187744,nan
10.920,1,9.0032320022583,261.18353271484375,258.61083984375,257.0389709472656,257.7217102050781,256.1689758300781,0.4778560996055603,0.6187660694122314,0.5596515536308289,4.302249431610107,161.61151123046875,144.73196411132812,2.0653369426727295,-88.40718078613281,-140.39138793945312,0.9985277652740479,132.7845916748047,-24.49605369567871,0.48005977272987366,0.5470351576805115,0.9700095653533936,4.681260108947754,4.314190864562988,3.637136936187744,nan
10.940,1,9.0032320022583,261.18353271484375,258.61083984375,257.0389709472656,257.7217102050781,256.1689758300781,0.4778560996055603,0.6187660694122314,0.5596515536308289,4.302249431610107,161.61151123046875,144.73196411132812,2.0653369426727295,-88.40718078613281,-140.39138793945312,0.9985277652740479,132.7845916748047,-24.49605369567871,0.48005977272987366,0.5470351576805115,0.9700095653533936,4.681260108947754,4.314190864562988,3.637136936187744,nan
10.960,1,9.0032320022583,261.18353271484375,258.61083984375,257.0389709472656,257.7217102050781,256.1689758300781,0.4778560996055603,0.6187660694122314,0.5596515536308289,4.302249431610107,161.61151123046875,144.73196411132812,2.0653369426727295,-88.40718078613281,-140.39138793945312,0.9985277652740479,132.7845916748047,-24.49605369567871,0.48005977272987366,0.5470351576805115,0.9700095653533936,4.681260108947754,4.314190864562988,3.637136936187744,nan
10.980,1,9.0032320022583,261.18353271484375,258.61083984375,257.0389709472656,257.7217102050781,256.1689758300781,0.4778560996055603,0.6187660694122314,0.5596515536308289,4.302249431610107,161.61151123046875,144.73196411132812,2.0653369426727295,-88.40718078613281,-140.39138793945312,0.9985277652740479,132.7845916748047,-24.49605369567871,0.48005977272987366,0.5470351576805115,0.9700095653533936,4.681260108947754,4.314190864562988,3.637136936187744,nan
11.000,1,9.0032320022583,261.18353271484375,258.61083984375,257.0389709472656,257.7217102050781,256.1689758300781,0.4778560996055603,0.6187660694122314,0.5596515536308289,4.302249431610107,161.61151123046875,144.73196411132812,2.0653369426727295,-88.40718078613281,-140.39138793945312,0.9985277652740479,132.7845916748047,-24.49605369567871,0.48005977272987366,0.5470351576805115,0.9700095653533936,4.681260108947754,4.314190864562988,3.637136936187744,nan
11.020,1,9.0032320022583,261.18353271484375,258.61083984375,257.0389709472656,257.7217102050781,256.1689758300781,0.4778560996055603,0.6187660694122314,0.5596515536308289,4.302249431610107,161.61151123046875,144.73196411132812,2.0653369426727295,-88.40718078613281,-140.39138793945312,0.9985277652740479,132.7845916748047,-24.49605369567871,0.48005977272987366,0.5470351576805115,0.9700095653533936,4.681260108947754,4.314190864562988,3.637136936187744,nan
11.040,1,10.13493537902832,261.2334899902344,258.6856994628906,256.99188232421875,257.7601318359375,256.08978271484375,0.47548606991767883,0.6171604990959167,0.5576068758964539,4.819020748138428,161.22299194335938,144.2449188232422,2.0615437030792236,-88.49594116210938,-139.790771484375,1.0805689096450806,132.34341430664062,-25.15780258178711,0.42779308557510376,0.5489040017127991,0.9691209197044373,4.682826995849609,4.372840881347656,3.798578977584839,nan
11.060,1,10.13493537902832,261.2334899902344,258.6856994628906,256.99188232421875,257.7601318359375,256.08978271484375,0.47548606991767883,0.6171604990959167,0.5576068758964539,4.819020748138428,161.22299194335938,144.2449188232422,2.0615437030792236,-88.49594116210938,-139.790771484375,1.0805689096450806,132.34341430664062,-25.15780258178711,0.42779308557510376,0.5489040017127991,0.9691209197044373,4.682826995849609,4.372840881347656,3.798578977584839,nan
11.080,1,10.13493537902832,261.2334899902344,258.6856994628906,256.99188232421875,257.7601318359375,256.08978271484375,0.47548606991767883,0.6171604990959167,0.5576068758964539,4.819020748138428,161.22299194335938,144.2449188232422,2.0615437030792236,-88.49594116210938,-139.790771484375,1.0805689096450806,132.34341430664062,-25.15780258178711,0.42779308557510376,0.5489040017127991,0.9691209197044373,4.682826995849609,4.372840881347656,3.798578977584839,nan
11.100,1,10.13493537902832,261.2334899902344,258.6856994628906,256.99188232421875,257.7601318359375,256.08978271484375,0.47548606991767883,0.6171604990959167,0.5576068758964539,4.819020748138428,161.22299194335938,144.2449188232422,2.0615437030792236,-88.49594116210938,-139.790771484375,1.0805689096450806,132.34341430664062,-25.15780258178711,0.42779308557510376,0.5489040017127991,0.9691209197044373,4.682826995849609,4.372840881347656,3.798578977584839,nan
11.120,1,10.13493537902832,261.2334899902344,258.6856994628906,256.99188232421875,257.7601318359375,256.08978271484375,0.47548606991767883,0.6171604990959167,0.5576068758964539,4.819020748138428,161.22299194335938,144.2449188232422,2.0615437030792236,-88.49594116210938,-139.790771484375,1.0805689096450806,132.34341430664062,-25.15780258178711,0.42779308557510376,0.5489040017127991,0.9691209197044373,4.682826995849609,4.372840881347656,3.798578977584839,nan
11.140,1,10.13493537902832,261.2334899902344,258.6856994628906,256.99188232421875,257.7601318359375,256.08978271484375,0.47548606991767883,0.6171604990959167,0.5576068758964539,4.819020748138428,161.22299194335938,144.2449188232422,2.0615437030792236,-88.49594116210938,-139.790771484375,1.0805689096450806,132.34341430664062,-25.15780258178711,0.42779308557510376,0.5489040017127991,0.9691209197044373,4.682826995849609,4.372840881347656,3.798578977584839,nan
11.160,1,10.13493537902832,261.2334899902344,258.6856994628906,256.99188232421875,257.7601318359375,256.08978271484375,0.47548606991767883,0.6171604990959167,0.5576068758964539,4.819020748138428,161.22299194335938,144.2449188232422,2.0615437030792236,-88.49594116210938,-139.790771484375,1.0805689096450806,132.34341430664062,-25.15780258178711,0.42779308557510376,0.5489040017127991,0.9691209197044373,4.682826995849609,4.372840881347656,3.798578977584839,nan
11.180,1,10.13493537902832,261.2334899902344,258.6856994628906,256.99188232421875,257.7601318359375,256.08978271484375,0.47548606991767883,0.6171604990959167,0.5576068758964539,4.819020748138428,161.22299194335938,144.2449188232422,2.0615437030792236,-88.49594116210938,-139.790771484375,1.0805689096450806,132.34341430664062,-25.15780258178711,0.42779308557510376,0.5489040017127991,0.9691209197044373,4.682826995849609,4.372840881347656,3.798578977584839,nan
11.200,1,10.13493537902832,261.2334899902344,258.6856994628906,256.99188232421875,257.7601318359375,256.08978271484375,0.47548606991767883,0.6171604990959167,0.5576068758964539,4.819020748138428,161.22299194335938,144.2449188232422,2.0615437030792236,-88.49594116210938,-139.790771484375,1.0805689096450806,132.34341430664062,-25.15780258178711,0.42779308557510376,0.5489040017127991,0.9691209197044373,4.682826995849609,4.372840881347656,3.798578977584839,nan
11.220,1,10.13493537902832,261.2334899902344,258.6856994628906,256.99188232421875,257.7601318359375,256.08978271484375,0.47548606991767883,0.6171604990959167,0.5576068758964539,4.819020748138428,161.22299194335938,144.2449188232422,2.0615437030792236,-88.49594116210938,-139.790771484375,1.0805689096450806,132.34341430664062,-25.15780258178711,0.42779308557510376,0.5489040017127991,0.9691209197044373,4.682826995849609,4.372840881347656,3.798578977584839,nan
11.240,1,11.141220092773438,261.0783386230469,258.70904541015625,256.9351501464844,257.6377868652344,256.16461181640625,0.4736213684082031,0.6165693402290344,0.5545660853385925,5.27672004699707,160.972900390625,143.4712677001953,2.039278030395508,-88.00408172607422,-139.28208923339844,1.0668870210647583,132.45318603515625,-24.260875701904297,0.38646697998046875,0.5467012524604797,0.9708012938499451,4.639185905456543,4.362427234649658,4.001235008239746,nan
11.260,1,11.141220092773438,261.0783386230469,258.70904541015625,256.9351501464844,257.6377868652344,256.16461181640625,0.4736213684082031,0.6165693402290344,0.5545660853385925,5.27672004699707,160.972900390625,143.4712677001953,2.039278030395508,-88.00408172607422,-139.28208923339844,1.0668870210647583,132.45318603515625,-24.260875701904297,0.38646697998046875,0.5467012524604797,0.9708012938499451,4.639185905456543,4.362427234649658,4.001235008239746,nan
11.280,1,11.141220092773438,261.0783386230469,258.70904541015625,256.9351501464844,257.6377868652344,256.16461181640625,0.4736213684082031,0.6165693402290344,0.5545660853385925,5.27672004699707,160.972900390625,143.4712677001953,2.039278030395508,-88.00408172607422,-139.28208923339844,1.0668870210647583,132.45318603515625,-24.260875701904297,0.38646697998046875,0.5467012524604797,0.9708012938499451,4.639185905456543,4.362427234649658,4.001235008239746,nan
11.300,1,11.141220092773438,261.0783386230469,258.70904541015625,256.9351501464844,257.6377868652344,256.16461181640625,0.4736213684082031,0.6165693402290344,0.5545660853385925,5.27672004699707,160.972900390625,143.4712677001953,2.039278030395508,-88.00408172607422,-139.28208923339844,1.0668870210647583,132.45318603515625,-24.260875701904297,0.38646697998046875,0.5467012524604797,0.9708012938499451,4.639185905456543,4.362427234649658,4.001235008239746,nan
11.320,0,11.141220092773438,261.0783386230469,258.70904541015625,256.9351501464844,257.6377868652344,256.16461181640625,0.4736213684082031,0.6165693402290344,0.5545660853385925,5.27672004699707,160.972900390625,143.4712677001953,2.039278030395508,-88.00408172607422,-139.28208923339844,1.0668870210647583,132.45318603515625,-24.260875701904297,0.38646697998046875,0.5467012524604797,0.9708012938499451,4.639185905456543,4.362427234649658,4.001235008239746,nan
11.340,0,11.141220092773438,261.0783386230469,258.70904541015625,256.9351501464844,257.6377868652344,256.16461181640625,0.4736213684082031,0.6165693402290344,0.5545660853385925,5.27672004699707,160.972900390625,143.4712677001953,2.039278030395508,-88.00408172607422,-139.28208923339844,1.0668870210647583,132.45318603515625,-24.260875701904297,0.38646697998046875,0.5467012524604797,0.9708012938499451,4.639185905456543,4.362427234649658,4.001235008239746,nan
11.360,0,11.141220092773438,261.0783386230469,258.70904541015625,256.9351501464844,257.6377868652344,256.16461181640625,0.4736213684082031,0.6165693402290344,0.5545660853385925,5.27672004699707,160.972900390625,143.4712677001953,2.039278030395508,-88.00408172607422,-139.28208923339844,1.0668870210647583,132.45318603515625,-24.260875701904297,0.38646697998046875,0.5467012524604797,0.9708012938499451,4.639185905456543,4.362427234649658,4.001235008239746,nan
11.380,0,11.141220092773438,261.0783386230469,258.70904541015625,256.9351501464844,257.6377868652344,256.16461181640625,0.4736213684082031,0.6165693402290344,0.5545660853385925,5.27672004699707,160.972900390625,143.4712677001953,2.039278030395508,-88.00408172607422,-139.28208923339844,1.0668870210647583,132.45318603515625,-24.260875701904297,0.38646697998046875,0.5467012524604797,0.9708012938499451,4.639185905456543,4.362427234649658,4.001235008239746,nan
11.400,0,11.141220092773438,261.0783386230469,258.70904541015625,256.9351501464844,257.6377868652344,256.16461181640625,0.4736213684082031,0.6165693402290344,0.5545660853385925,5.27672004699707,160.972900390625,143.4712677001953,2.039278030395508,-88.00408172607422,-139.28208923339844,1.0668870210647583,132.45318603515625,-24.260875701904297,0.38646697998046875,0.5467012524604797,0.9708012938499451,4.639185905456543,4.362427234649658,4.001235008239746,nan
11.420,0,11.141220092773438,261.0783386230469,258.70904541015625,256.9351501464844,257.6377868652344,256.16461181640625,0.4736213684082031,0.6165693402290344,0.5545660853385925,5.27672004699707,160.972900390625,143.4712677001953,2.039278030395508,-88.00408172607422,-139.28208923339844,1.0668870210647583,132.45318603515625,-24.260875701904297,0.38646697998046875,0.5467012524604797,0.9708012938499451,4.639185905456543,4.362427234649658,4.001235008239746,nan
11.440,0,72.22843933105469,245.18264770507812,252.1845703125,257.01800537109375,257.464111328125,256.1800842285156,0.4865337908267975,0.6166244149208069,0.5664159059524536,35.14157485961914,151.18560791015625,142.8413543701172,-10.72227668762207,-80.97395324707031,-134.273193359375,1.9554396867752075,119.02961730957031,-8.904725074768066,0.30511656403541565,0.5355929732322693,0.9400162696838379,4.818449974060059,4.355322360992432,4.105194091796875,nan
11.460,0,72.22843933105469,245.18264770507812,252.1845703125,257.01800537109375,257.464111328125,256.1800842285156,0.4865337908267975,0.6166244149208069,0.5664159059524536,35.14157485961914,151.18560791015625,142.8413543701172,-10.72227668762207,-80.97395324707031,-134.273193359375,1.9554396867752075,119.02961730957031,-8.904725074768066,0.30511656403541565,0.5355929732322693,0.9400162696838379,4.818449974060059,4.355322360992432,4.105194091796875,nan
11.480,0,72.22843933105469,245.18264770507812,252.1845703125,257.01800537109375,257.464111328125,256.1800842285156,0.4865337908267975,0.6166244149208069,0.5664159059524536,35.14157485961914,151.18560791015625,142.8413543701172,-10.72227668762207,-80.97395324707031,-134.273193359375,1.9554396867752075,119.02961730957031,-8.904725074768066,0.30511656403541565,0.5355929732322693,0.9400162696838379,4.818449974060059,4.355322360992432,4.105194091796875,nan
11.500,0,72.22843933105469,245.18264770507812,252.1845703125,257.01800537109375,257.464111328125,256.1800842285156,0.4865337908267975,0.6166244149208069,0.5664159059524536,35.14157485961914,151.18560791015625,142.8413543701172,-10.72227668762207,-80.97395324707031,-134.273193359375,1.9554396867752075,119.02961730957031,-8.904725074768066,0.30511656403541565,0.5355929732322693,0.9400162696838379,4.818449974060059,4.355322360992432,4.105194091796875,nan
11.520,0,72.22843933105469,245.18264770507812,252.1845703125,257.01800537109375,257.464111328125,256.1800842285156,0.4865337908267975,0.6166244149208069,0.5664159059524536,35.14157485961914,151.18560791015625,142.8413543701172,-10.72227668762207,-80.97395324707031,-134.273193359375,1.9554396867752075,119.02961730957031,-8.904725074768066,0.30511656403541565,0.5355929732322693,0.9400162696838379,4.818449974060059,4.355322360992432,4.105194091796875,nan
11.540,0,72.22843933105469,245.18264770507812,252.1845703125,257.01800537109375,257.464111328125,256.1800842285156,0.4865337908267975,0.6166244149208069,0.5664159059524536,35.14157485961914,151.18560791015625,142.8413543701172,-10.72227668762207,-80.97395324707031,-134.273193359375,1.9554396867752075,119.02961730957031,-8.904725074768066,0.30511656403541565,0.5355929732322693,0.9400162696838379,4.818449974060059,4.355322360992432,4.105194091796875,nan
11.560,0,72.22843933105469,245.18264770507812,252.1845703125,257.01800537109375,257.464111328125,256.1800842285156,0.4865337908267975,0.6166244149208069,0.5664159059524536,35.14157485961914,151.18560791015625,142.8413543701172,-10.72227668762207,-80.97395324707031,-134.273193359375,1.9554396867752075,119.02961730957031,-8.904725074768066,0.30511656403541565,0.5355929732322693,0.9400162696838379,4.818449974060059,4.355322360992432,4.105194091796875,nan
11.580,0,72.22843933105469,245.18264770507812,252.1845703125,257.01800537109375,257.464111328125,256.1800842285156,0.4865337908267975,0.6166244149208069,0.5664159059524536,35.14157485961914,151.18560791015625,142.8413543701172,-10.72227668762207,-80.97395324707031,-134.273193359375,1.9554396867752075,119.02961730957031,-8.904725074768066,0.30511656403541565,0.5355929732322693,0.9400162696838379,4.818449974060059,4.355322360992432,4.105194091796875,nan
11.600,0,72.22843933105469,245.18264770507812,252.1845703125,257.01800537109375,257.464111328125,256.1800842285156,0.4865337908267975,0.6166244149208069,0.5664159059524536,35.14157485961914,151.18560791015625,142.8413543701172,-10.72227668762207,-80.97395324707031,-134.273193359375,1.9554396867752075,119.02961730957031,-8.904725074768066,0.30511656403541565,0.5355929732322693,0.9400162696838379,4.818449974060059,4.355322360992432,4.105194091796875,nan
11.620,0,72.22843933105469,245.18264770507812,252.1845703125,257.01800537109375,257.464111328125,256.1800842285156,0.4865337908267975,0.6166244149208069,0.5664159059524536,35.14157485961914,151.18560791015625,142.8413543701172,-10.72227668762207,-80.97395324707031,-134.273193359375,1.9554396867752075,119.02961730957031,-8.904725074768066,0.30511656403541565,0.5355929732322693,0.9400162696838379,4.818449974060059,4.355322360992432,4.105194091796875,nan
11.640,0,140.74713134765625,194.99424743652344,200.9678497314453,257.1226501464844,256.6175231933594,255.21530151367188,0.5315300822257996,0.6177265048027039,0.5596261024475098,74.81133270263672,120.45311737060547,112.46685791015625,-50.85487747192383,-79.97970581054688,-93.97457122802734,21.970731735229492,67.28977966308594,24.67638397216797,0.679775059223175,0.663990318775177,0.8355756998062134,4.7809224128723145,4.246285915374756,3.8348753452301025,nan
11.660,0,140.74713134765625,194.99424743652344,200.9678497314453,257.1226501464844,256.6175231933594,255.21530151367188,0.5315300822257996,0.6177265048027039,0.5596261024475098,74.81133270263672,120.45311737060547,112.46685791015625,-50.85487747192383,-79.97970581054688,-93.97457122802734,21.970731735229492,67.28977966308594,24.67638397216797,0.679775059223175,0.663990318775177,0.8355756998062134,4.7809224128723145,4.246285915374756,3.8348753452301025,nan
11.680,0,140.74713134765625,194.99424743652344,200.9678497314453,257.1226501464844,256.6175231933594,255.21530151367188,0.5315300822257996,0.6177265048027039,0.5596261024475098,74.81133270263672,120.45311737060547,112.46685791015625,-50.85487747192383,-79.97970581054688,-93.97457122802734,21.970731735229492,67.28977966308594,24.67638397216797,0.679775059223175,0.663990318775177,0.8355756998062134,4.7809224128723145,4.246285915374756,3.8348753452301025,nan
11.700,0,140.74713134765625,194.99424743652344,200.9678497314453,257.1226501464844,256.6175231933594,255.21530151367188,0.5315300822257996,0.6177265048027039,0.5596261024475098,74.81133270263672,120.45311737060547,112.46685791015625,-50.85487747192383,-79.97970581054688,-93.97457122802734,21.970731735229492,67.28977966308594,24.67638397216797,0.679775059223175,0.663990318775177,0.8355756998062134,4.7809224128723145,4.246285915374756,3.8348753452301025,nan
11.720,0,140.74713134765625,194.99424743652344,200.9678497314453,257.1226501464844,256.6175231933594,255.21530151367188,0.5315300822257996,0.6177265048027039,0.5596261024475098,74.81133270263672,120.45311737060547,112.46685791015625,-50.85487747192383,-79.97970581054688,-93.97457122802734,21.970731735229492,67.28977966308594,24.67638397216797,0.679775059223175,0.663990318775177,0.8355756998062134,4.7809224128723145,4.246285915374756,3.8348753452301025,nan
11.740,0,140.74713134765625,194.99424743652344,200.9678497314453,257.1226501464844,256.6175231933594,255.21530151367188,0.5315300822257996,0.6177265048027039,0.5596261024475098,74.81133270263672,120.45311737060547,112.46685791015625,-50.85487747192383,-79.97970581054688,-93.97457122802734,21.970731735229492,67.28977966308594,24.67638397216797,0.679775059223175,0.663990318775177,0.8355756998062134,4.7809224128723145,4.246285915374756,3.8348753452301025,nan
11.760,0,140.74713134765625,194.99424743652344,200.9678497314453,257.1226501464844,256.6175231933594,255.21530151367188,0.5315300822257996,0.6177265048027039,0.5596261024475098,74.81133270263672,120.45311737060547,112.46685791015625,-50.85487747192383,-79.97970581054688,-93.97457122802734,21.970731735229492,67.28977966308594,24.67638397216797,0.679775059223175,0.663990318775177,0.8355756998062134,4.7809224128723145,4.246285915374756,3.8348753452301025,nan
11.780,0,140.74713134765625,194.99424743652344,200.9678497314453,257.1226501464844,256.6175231933594,255.21530151367188,0.5315300822257996,0.6177265048027039,0.5596261024475098,74.81133270263672,120.45311737060547,112.46685791015625,-50.85487747192383,-79.97970581054688,-93.97457122802734,21.970731735229492,67.28977966308594,24.67638397216797,0.679775059223175,0.663990318775177,0.8355756998062134,4.7809224128723145,4.246285915374756,3.8348753452301025,nan
11.800,0,140.74713134765625,194.99424743652344,200.9678497314453,257.1226501464844,256.6175231933594,255.21530151367188,0.5315300822257996,0.6177265048027039,0.5596261024475098,74.81133270263672,120.45311737060547,112.46685791015625,-50.85487747192383,-79.97970581054688,-93.97457122802734,21.970731735229492,67.28977966308594,24.67638397216797,0.679775059223175,0.663990318775177,0.8355756998062134,4.7809224128723145,4.246285915374756,3.8348753452301025,nan
11.820,0,140.74713134765625,194.99424743652344,200.9678497314453,257.1226501464844,256.6175231933594,255.21530151367188,0.5315300822257996,0.6177265048027039,0.5596261024475098,74.81133270263672,120.45311737060547,112.46685791015625,-50.85487747192383,-79.97970581054688,-93.97457122802734,21.970731735229492,67.28977966308594,24.67638397216797,0.679775059223175,0.663990318775177,0.8355756998062134,4.7809224128723145,4.246285915374756,3.8348753452301025,nan
11.840,0,140.26156616210938,195.30392456054688,200.18092346191406,257.1956481933594,256.6151123046875,255.09329223632812,0.5298137664794922,0.6153371930122375,0.5565354228019714,74.31250762939453,120.17777252197266,111.40777587890625,-49.994441986083984,-80.52067565917969,-93.33655548095703,22.67746353149414,66.87276458740234,23.420021057128906,0.672759473323822,0.6700130701065063,0.8377920985221863,4.856650352478027,4.320714473724365,3.7560019493103027,nan
11.860,0,140.26156616210938,195.30392456054688,200.18092346191406,257.1956481933594,256.6151123046875,255.09329223632812,0.5298137664794922,0.6153371930122375,0.5565354228019714,74.31250762939453,120.17777252197266,111.40777587890625,-49.994441986083984,-80.52067565917969,-93.33655548095703,22.67746353149414,66.87276458740234,23.420021057128906,0.672759473323822,0.6700130701065063,0.8377920985221863,4.856650352478027,4.320714473724365,3.7560019493103027,nan
11.880,0,140.26156616210938,195.30392456054688,200.18092346191406,257.1956481933594,256.6151123046875,255.09329223632812,0.5298137664794922,0.6153371930122375,0.5565354228019714,74.31250762939453,120.17777252197266,111.40777587890625,-49.994441986083984,-80.52067565917969,-93.33655548095703,22.67746353149414,66.87276458740234,23.420021057128906,0.672759473323822,0.6700130701065063,0.8377920985221863,4.856650352478027,4.320714473724365,3.7560019493103027,nan
11.900,0,140.26156616210938,195.30392456054688,200.18092346191406,257.1956481933594,256.6151123046875,255.09329223632812,0.5298137664794922,0.6153371930122375,0.5565354228019714,74.31250762939453,120.17777252197266,111.40777587890625,-49.994441986083984,-80.52067565917969,-93.33655548095703,22.67746353149414,66.87276458740234,23.420021057128906,0.672759473323822,0.6700130701065063,0.8377920985221863,4.856650352478027,4.320714473724365,3.7560019493103027,nan
11.920,0,140.26156616210938,195.30392456054688,200.18092346191406,257.1956481933594,256.6151123046875,255.09329223632812,0.5298137664794922,0.6153371930122375,0.5565354228019714,74.31250762939453,120.17777252197266,111.40777587890625,-49.994441986083984,-80.52067565917969,-93.33655548095703,22.67746353149414,66.87276458740234,23.420021057128906,0.672759473323822,0.6700130701065063,0.8377920985221863,4.856650352478027,4.320714473724365,3.7560019493103027,nan
11.940,0,140.26156616210938,195.30392456054688,200.18092346191406,257.1956481933594,256.6151123046875,255.09329223632812,0.5298137664794922,0.6153371930122375,0.5565354228019714,74.31250762939453,120.17777252197266,111.40777587890625,-49.994441986083984,-80.52067565917969,-93.33655548095703,22.67746353149414,66.87276458740234,23.420021057128906,0.672759473323822,0.6700130701065063,0.8377920985221863,4.856650352478027,4.320714473724365,3.7560019493103027,nan
11.960,0,140.26156616210938,195.30392456054688,200.18092346191406,257.1956481933594,256.6151123046875,255.09329223632812,0.5298137664794922,0.6153371930122375,0.5565354228019714,74.31250762939453,120.17777252197266,111.40777587890625,-49.994441986083984,-80.52067565917969,-93.33655548095703,22.67746353149414,66.87276458740234,23.420021057128906,0.672759473323822,0.6700130701065063,0.8377920985221863,4.856650352478027,4.320714473724365,3.7560019493103027,nan
11.980,0,140.26156616210938,195.30392456054688,200.18092346191406,257.1956481933594,256.6151123046875,255.09329223632812,0.5298137664794922,0.6153371930122375,0.5565354228019714,74.31250762939453,120.17777252197266,111.40777587890625,-49.994441986083984,-80.52067565917969,-93.33655548095703,22.67746353149414,66.87276458740234,23.420021057128906,0.672759473323822,0.6700130701065063,0.8377920985221863,4.856650352478027,4.320714473724365,3.7560019493103027,nan
12.000,0,140.26156616210938,195.30392456054688,200.18092346191406,257.1956481933594,256.6151123046875,255.09329223632812,0.5298137664794922,0.6153371930122375,0.5565354228019714,74.31250762939453,120.17777252197266,111.40777587890625,-49.994441986083984,-80.52067565917969,-93.33655548095703,22.67746353149414,66.87276458740234,23.420021057128906,0.672759473323822,0.6700130701065063,0.8377920985221863,4.856650352478027,4.320714473724365,3.7560019493103027,nan
12.020,0,140.26425170898438,195.3740692138672,200.1897430419922,257.2156982421875,256.70123291015625,255.0381317138672,0.5305541753768921,0.6180875897407532,0.5580042004585266,74.41778564453125,120.75828552246094,111.70671844482422,-50.732093811035156,-80.58905792236328,-93.32343292236328,22.362518310546875,66.71817016601562,24.0572509765625,0.6817200183868408,0.6673583984375,0.8354325890541077,4.822560787200928,4.431410312652588,3.7547523975372314,nan
12.040,0,140.26425170898438,195.3740692138672,200.1897430419922,257.2156982421875,256.70123291015625,255.0381317138672,0.5305541753768921,0.6180875897407532,0.5580042004585266,74.41778564453125,120.75828552246094,111.70671844482422,-50.732093811035156,-80.58905792236328,-93.32343292236328,22.362518310546875,66.71817016601562,24.0572509765625,0.6817200183868408,0.6673583984375,0.8354325890541077,4.822560787200928,4.431410312652588,3.7547523975372314,nan
12.060,0,140.26425170898438,195.3740692138672,200.1897430419922,257.2156982421875,256.70123291015625,255.0381317138672,0.5305541753768921,0.6180875897407532,0.5580042004585266,74.41778564453125,120.75828552246094,111.70671844482422,-50.732093811035156,-80.58905792236328,-93.32343292236328,22.362518310546875,66.71817016601562,24.0572509765625,0.6817200183868408,0.6673583984375,0.8354325890541077,4.822560787200928,4.431410312652588,3.7547523975372314,nan
12.080,0,140.26425170898438,195.3740692138672,200.1897430419922,257.2156982421875,256.70123291015625,255.0381317138672,0.5305541753768921,0.6180875897407532,0.5580042004585266,74.41778564453125,120.75828552246094,111.70671844482422,-50.732093811035156,-80.58905792236328,-93.32343292236328,22.362518310546875,66.71817016601562,24.0572509765625,0.6817200183868408,0.6673583984375,0.8354325890541077,4.822560787200928,4.431410312652588,3.7547523975372314,nan
12.100,0,140.26425170898438,195.3740692138672,200.1897430419922,257.2156982421875,256.70123291015625,255.0381317138672,0.5305541753768921,0.6180875897407532,0.5580042004585266,74.41778564453125,120.75828552246094,111.70671844482422,-50.732093811035156,-80.58905792236328,-93.32343292236328,22.362518310546875,66.71817016601562,24.0572509765625,0.6817200183868408,0.6673583984375,0.8354325890541077,4.822560787200928,4.431410312652588,3.7547523975372314,nan
12.120,0,140.26425170898438,195.3740692138672,200.1897430419922,257.2156982421875,256.70123291015625,255.0381317138672,0.5305541753768921,0.6180875897407532,0.5580042004585266,74.41778564453125,120.75828552246094,111.70671844482422,-50.732093811035156,-80.58905792236328,-93.32343292236328,22.362518310546875,66.71817016601562,24.0572509765625,0.6817200183868408,0.6673583984375,0.8354325890541077,4.822560787200928,4.431410312652588,3.7547523975372314,nan
12.140,0,140.26425170898438,195.3740692138672,200.1897430419922,257.2156982421875,256.70123291015625,255.0381317138672,0.5305541753768921,0.6180875897407532,0.5580042004585266,74.41778564453125,120.75828552246094,111.70671844482422,-50.732093811035156,-80.58905792236328,-93.32343292236328,22.362518310546875,66.71817016601562,24.0572509765625,0.6817200183868408,0.6673583984375,0.8354325890541077,4.822560787200928,4.431410312652588,3.7547523975372314,nan
12.160,0,140.26425170898438,195.3740692138672,200.1897430419922,257.2156982421875,256.70123291015625,255.0381317138672,0.5305541753768921,0.6180875897407532,0.5580042004585266,74.41778564453125,120.75828552246094,111.70671844482422,-50.732093811035156,-80.58905792236328,-93.32343292236328,22.362518310546875,66.71817016601562,24.0572509765625,0.6817200183868408,0.6673583984375,0.8354325890541077,4.822560787200928,4.431410312652588,3.7547523975372314,nan
12.180,0,140.26425170898438,195.3740692138672,200.1897430419922,257.2156982421875,256.70123291015625,255.0381317138672,0.5305541753768921,0.6180875897407532,0.5580042004585266,74.41778564453125,120.75828552246094,111.70671844482422,-50.732093811035156,-80.58905792236328,-93.32343292236328,22.362518310546875,66.71817016601562,24.0572509765625,0.6817200183868408,0.6673583984375,0.8354325890541077,4.822560787200928,4.431410312652588,3.7547523975372314,nan
12.200,0,140.26425170898438,195.3740692138672,200.1897430419922,257.2156982421875,256.70123291015625,255.0381317138672,0.5305541753768921,0.6180875897407532,0.5580042004585266,74.41778564453125,120.75828552246094,111.70671844482422,-50.732093811035156,-80.58905792236328,-93.32343292236328,22.362518310546875,66.71817016601562,24.0572509765625,0.6817200183868408,0.6673583984375,0.8354325890541077,4.822560787200928,4.431410312652588,3.7547523975372314,nan
12.220,0,140.25628662109375,195.23849487304688,200.1051788330078,257.1265869140625,256.67364501953125,255.0859832763672,0.5312069058418274,0.620302677154541,0.5554987192153931,74.50511169433594,121.10696411132812,111.15817260742188,-49.9637565612793,-81.18601989746094,-93.1651611328125,22.977994918823242,67.29419708251953,23.530027389526367,0.6706084609031677,0.6703662276268005,0.8381314277648926,4.72357702255249,4.453542232513428,3.793790817260742,nan
12.240,0,140.25628662109375,195.23849487304688,200.1051788330078,257.1265869140625,256.67364501953125,255.0859832763672,0.5312069058418274,0.620302677154541,0.5554987192153931,74.50511169433594,121.10696411132812,111.15817260742188,-49.9637565612793,-81.18601989746094,-93.1651611328125,22.977994918823242,67.29419708251953,23.530027389526367,0.6706084609031677,0.6703662276268005,0.8381314277648926,4.72357702255249,4.453542232513428,3.793790817260742,nan
12.260,0,140.25628662109375,195.23849487304688,200.1051788330078,257.1265869140625,256.67364501953125,255.0859832763672,0.5312069058418274,0.620302677154541,0.5554987192153931,74.50511169433594,121.10696411132812,111.15817260742188,-49.9637565612793,-81.18601989746094,-93.1651611328125,22.977994918823242,67.29419708251953,23.530027389526367,0.6706084609031677,0.6703662276268005,0.8381314277648926,4.72357702255249,4.453542232513428,3.793790817260742,nan
12.280,0,140.25628662109375,195.23849487304688,200.1051788330078,257.1265869140625,256.67364501953125,255.0859832763672,0.5312069058418274,0.620302677154541,0.5554987192153931,74.50511169433594,121.10696411132812,111.15817260742188,-49.9637565612793,-81.18601989746094,-93.1651611328125,22.977994918823242,67.29419708251953,23.530027389526367,0.6706084609031677,0.6703662276268005,0.8381314277648926,4.72357702255249,4.453542232513428,3.793790817260742,nan
12.300,0,140.25628662109375,195.23849487304688,200.1051788330078,257.1265869140625,256.67364501953125,255.0859832763672,0.5312069058418274,0.620302677154541,0.5554987192153931,74.50511169433594,121.10696411132812,111.15817260742188,-49.9637565612793,-81.18601989746094,-93.1651611328125,22.977994918823242,67.29419708251953,23.530027389526367,0.6706084609031677,0.6703662276268005,0.8381314277648926,4.72357702255249,4.453542232513428,3.793790817260742,nan
12.320,0,140.25628662109375,195.23849487304688,200.1051788330078,257.1265869140625,256.67364501953125,255.0859832763672,0.5312069058418274,0.620302677154541,0.5554987192153931,74.50511169433594,121.10696411132812,111.15817260742188,-49.9637565612793,-81.18601989746094,-93.1651611328125,22.977994918823242,67.29419708251953,23.530027389526367,0.6706084609031677,0.6703662276268005,0.8381314277648926,4.72357702255249,4.453542232513428,3.793790817260742,nan
12.340,0,140.25628662109375,195.23849487304688,200.1051788330078,257.1265869140625,256.67364501953125,255.0859832763672,0.5312069058418274,0.620302677154541,0.5554987192153931,74.50511169433594,121.10696411132812,111.15817260742188,-49.9637565612793,-81.18601989746094,-93.1651611328125,22.977994918823242,67.29419708251953,23.530027389526367,0.6706084609031677,0.6703662276268005,0.8381314277648926,4.72357702255249,4.453542232513428,3.793790817260742,nan
12.360,0,140.25628662109375,195.23849487304688,200.1051788330078,257.1265869140625,256.67364501953125,255.0859832763672,0.5312069058418274,0.620302677154541,0.5554987192153931,74.50511169433594,121.10696411132812,111.15817260742188,-49.9637565612793,-81.18601989746094,-93.1651611328125,22.977994918823242,67.29419708251953,23.530027389526367,0.6706084609031677,0.6703662276268005,0.8381314277648926,4.72357702255249,4.453542232513428,3.793790817260742,nan
12.380,0,140.25628662109375,195.23849487304688,200.1051788330078,257.1265869140625,256.67364501953125,255.0859832763672,0.5312069058418274,0.620302677154541,0.5554987192153931,74.50511169433594,121.10696411132812,111.15817260742188,-49.9637565612793,-81.18601989746094,-93.1651611328125,22.977994918823242,67.29419708251953,23.530027389526367,0.6706084609031677,0.6703662276268005,0.8381314277648926,4.72357702255249,4.453542232513428,3.793790817260742,nan
12.400,0,140.25628662109375,195.23849487304688,200.1051788330078,257.1265869140625,256.67364501953125,255.0859832763672,0.5312069058418274,0.620302677154541,0.5554987192153931,74.50511169433594,121.10696411132812,111.15817260742188,-49.9637565612793,-81.18601989746094,-93.1651611328125,22.977994918823242,67.29419708251953,23.530027389526367,0.6706084609031677,0.6703662276268005,0.8381314277648926,4.72357702255249,4.453542232513428,3.793790817260742,nan
12.420,0,140.25628662109375,195.23849487304688,200.1051788330078,257.1265869140625,256.67364501953125,255.0859832763672,0.5312069058418274,0.620302677154541,0.5554987192153931,74.50511169433594,121.10696411132812,111.15817260742188,-49.9637565612793,-81.18601989746094,-93.1651611328125,22.977994918823242,67.29419708251953,23.530027389526367,0.6706084609031677,0.6703662276268005,0.8381314277648926,4.72357702255249,4.453542232513428,3.793790817260742,nan
12.440,0,140.28802490234375,195.3187713623047,200.2938690185547,257.1515197753906,256.8056640625,255.23623657226562,0.5330108404159546,0.6190676093101501,0.5573673248291016,74.77503967285156,120.91552734375,111.63726043701172,-50.4144172668457,-80.52949523925781,-93.08173370361328,23.005414962768555,67.27357482910156,24.531705856323242,0.6742145419120789,0.6659979820251465,0.8337873220443726,4.791064262390137,4.464186191558838,3.889535427093506,nan
12.460,0,140.28802490234375,195.3187713623047,200.2938690185547,257.1515197753906,256.8056640625,255.23623657226562,0.5330108404159546,0.6190676093101501,0.5573673248291016,74.77503967285156,120.91552734375,111.63726043701172,-50.4144172668457,-80.52949523925781,-93.08173370361328,23.005414962768555,67.27357482910156,24.531705856323242,0.6742145419120789,0.6659979820251465,0.8337873220443726,4.791064262390137,4.464186191558838,3.889535427093506,nan
12.480,0,140.28802490234375,195.3187713623047,200.2938690185547,257.1515197753906,256.8056640625,255.23623657226562,0.5330108404159546,0.6190676093101501,0.5573673248291016,74.77503967285156,120.91552734375,111.63726043701172,-50.4144172668457,-80.52949523925781,-93.08173370361328,23.005414962768555,67.27357482910156,24.531705856323242,0.6742145419120789,0.6659979820251465,0.8337873220443726,4.791064262390137,4.464186191558838,3.889535427093506,nan
12.500,0,140.28802490234375,195.3187713623047,200.2938690185547,257.1515197753906,256.8056640625,255.23623657226562,0.5330108404159546,0.6190676093101501,0.5573673248291016,74.77503967285156,120.91552734375,111.63726043701172,-50.4144172668457,-80.52949523925781,-93.08173370361328,23.005414962768555,67.27357482910156,24.531705856323242,0.6742145419120789,0.6659979820251465,0.8337873220443726,4.791064262390137,4.464186191558838,3.889535427093506,nan
12.520,0,140.28802490234375,195.3187713623047,200.2938690185547,257.1515197753906,256.8056640625,255.23623657226562,0.5330108404159546,0.6190676093101501,0.5573673248291016,74.77503967285156,120.91552734375,111.63726043701172,-50.4144172668457,-80.52949523925781,-93.08173370361328,23.005414962768555,67.27357482910156,24.531705856323242,0.6742145419120789,0.6659979820251465,0.8337873220443726,4.791064262390137,4.464186191558838,3.889535427093506,nan
12.540,0,140.28802490234375,195.3187713623047,200.2938690185547,257.1515197753906,256.8056640625,255.23623657226562,0.5330108404159546,0.6190676093101501,0.5573673248291016,74.77503967285156,120.91552734375,111.63726043701172,-50.4144172668457,-80.52949523925781,-93.08173370361328,23.005414962768555,67.27357482910156,24.531705856323242,0.6742145419120789,0.6659979820251465,0.8337873220443726,4.791064262390137,4.464186191558838,3.889535427093506,nan
12.560,0,140.28802490234375,195.3187713623047,200.2938690185547,257.1515197753906,256.8056640625,255.23623657226562,0.5330108404159546,0.6190676093101501,0.5573673248291016,74.77503967285156,120.91552734375,111.63726043701172,-50.4144172668457,-80.52949523925781,-93.08173370361328,23.005414962768555,67.27357482910156,24.531705856323242,0.6742145419120789,0.6659979820251465,0.8337873220443726,4.791064262390137,4.464186191558838,3.889535427093506,nan
12.580,0,140.28802490234375,195.3187713623047,200.2938690185547,257.1515197753906,256.8056640625,255.23623657226562,0.5330108404159546,0.6190676093101501,0.5573673248291016,74.77503967285156,120.91552734375,111.63726043701172,-50.4144172668457,-80.52949523925781,-93.08173370361328,23.005414962768555,67.27357482910156,24.531705856323242,0.6742145419120789,0.6659979820251465,0.8337873220443726,4.791064262390137,4.464186191558838,3.889535427093506,nan
12.600,0,140.28802490234375,195.3187713623047,200.2938690185547,257.1515197753906,256.8056640625,255.23623657226562,0.5330108404159546,0.6190676093101501,0.5573673248291016,74.77503967285156,120.91552734375,111.63726043701172,-50.4144172668457,-80.52949523925781,-93.08173370361328,23.005414962768555,67.27357482910156,24.531705856323242,0.6742145419120789,0.6659979820251465,0.8337873220443726,4.791064262390137,4.464186191558838,3.889535427093506,nan
12.620,0,140.30401611328125,195.2760009765625,200.30137634277344,257.26727294921875,256.77911376953125,255.23654174804688,0.527345597743988,0.6185349822044373,0.5548114776611328,73.98870849609375,120.7850341796875,111.12950134277344,-49.718135833740234,-80.11467742919922,-93.04183197021484,22.960954666137695,67.36219787597656,23.881637573242188,0.6719692349433899,0.6632831692695618,0.8372378945350647,4.8726348876953125,4.389256477355957,3.907252788543701,nan
12.640,0,140.30401611328125,195.2760009765625,200.30137634277344,257.26727294921875,256.77911376953125,255.23654174804688,0.527345597743988,0.6185349822044373,0.5548114776611328,73.98870849609375,120.7850341796875,111.12950134277344,-49.718135833740234,-80.11467742919922,-93.04183197021484,22.960954666137695,67.36219787597656,23.881637573242188,0.6719692349433899,0.6632831692695618,0.8372378945350647,4.8726348876953125,4.389256477355957,3.907252788543701,nan
12.660,0,140.30401611328125,195.2760009765625,200.30137634277344,257.26727294921875,256.77911376953125,255.23654174804688,0.527345597743988,0.6185349822044373,0.5548114776611328,73.98870849609375,120.7850341796875,111.12950134277344,-49.718135833740234,-80.11467742919922,-93.04183197021484,22.960954666137695,67.36219787597656,23.881637573242188,0.6719692349433899,0.6632831692695618,0.8372378945350647,4.8726348876953125,4.389256477355957,3.907252788543701,nan
12.680,0,140.30401611328125,195.2760009765625,200.30137634277344,257.26727294921875,256.77911376953125,255.23654174804688,0.527345597743988,0.6185349822044373,0.5548114776611328,73.98870849609375,120.7850341796875,111.12950134277344,-49.718135833740234,-80.11467742919922,-93.04183197021484,22.960954666137695,67.36219787597656,23.881637573242188,0.6719692349433899,0.6632831692695618,0.8372378945350647,4.8726348876953125,4.389256477355957,3.907252788543701,nan
12.700,0,140.30401611328125,195.2760009765625,200.30137634277344,257.26727294921875,256.77911376953125,255.23654174804688,0.527345597743988,0.6185349822044373,0.5548114776611328,73.98870849609375,120.7850341796875,111.12950134277344,-49.718135833740234,-80.11467742919922,-93.04183197021484,22.960954666137695,67.36219787597656,23.881637573242188,0.6719692349433899,0.6632831692695618,0.8372378945350647,4.8726348876953125,4.389256477355957,3.907252788543701,nan
12.720,0,140.30401611328125,195.2760009765625,200.30137634277344,257.26727294921875,256.77911376953125,255.23654174804688,0.527345597743988,0.6185349822044373,0.5548114776611328,73.98870849609375,120.7850341796875,111.12950134277344,-49.718135833740234,-80.11467742919922,-93.04183197021484,22.960954666137695,67.36219787597656,23.881637573242188,0.6719692349433899,0.6632831692695618,0.8372378945350647,4.8726348876953125,4.389256477355957,3.907252788543701,nan
12.740,0,140.30401611328125,195.2760009765625,200.30137634277344,257.26727294921875,256.77911376953125,255.23654174804688,0.527345597743988,0.6185349822044373,0.5548114776611328,73.98870849609375,120.7850341796875,111.12950134277344,-49.718135833740234,-80.11467742919922,-93.04183197021484,22.960954666137695,67.36219787597656,23.881637573242188,0.6719692349433899,0.6632831692695618,0.8372378945350647,4.8726348876953125,4.389256477355957,3.907252788543701,nan
12.760,0,140.30401611328125,195.2760009765625,200.30137634277344,257.26727294921875,256.77911376953125,255.23654174804688,0.527345597743988,0.6185349822044373,0.5548114776611328,73.98870849609375,120.7850341796875,111.12950134277344,-49.718135833740234,-80.11467742919922,-93.04183197021484,22.960954666137695,67.36219787597656,23.881637573242188,0.6719692349433899,0.6632831692695618,0.8372378945350647,4.8726348876953125,4.389256477355957,3.907252788543701,nan
12.780,0,140.30401611328125,195.2760009765625,200.30137634277344,257.26727294921875,256.77911376953125,255.23654174804688,0.527345597743988,0.6185349822044373,0.5548114776611328,73.98870849609375,120.7850341796875,111.12950134277344,-49.718135833740234,-80.11467742919922,-93.04183197021484,22.960954666137695,67.36219787597656,23.881637573242188,0.6719692349433899,0.6632831692695618,0.8372378945350647,4.8726348876953125,4.389256477355957,3.907252788543701,nan
12.800,0,140.30401611328125,195.2760009765625,200.30137634277344,257.26727294921875,256.77911376953125,255.23654174804688,0.527345597743988,0.6185349822044373,0.5548114776611328,73.98870849609375,120.7850341796875,111.12950134277344,-49.718135833740234,-80.11467742919922,-93.04183197021484,22.960954666137695,67.36219787597656,23.881637573242188,0.6719692349433899,0.6632831692695618,0.8372378945350647,4.8726348876953125,4.389256477355957,3.907252788543701,nan
12.820,0,140.2828369140625,195.43734741210938,200.3345947265625,257.4043884277344,256.803466796875,255.2914276123047,0.5332190990447998,0.6216959357261658,0.56022709608078,74.8014907836914,121.50260162353516,112.23287200927734,-50.18776321411133,-80.53948974609375,-93.92303466796875,23.102975845336914,68.31723022460938,24.71786117553711,0.6709460020065308,0.662862241268158,0.8368585109710693,4.9300761222839355,4.385226726531982,3.829437494277954,nan
12.840,0,140.2828369140625,195.43734741210938,200.3345947265625,257.4043884277344,256.803466796875,255.2914276123047,0.5332190990447998,0.6216959357261658,0.56022709608078,74.8014907836914,121.50260162353516,112.23287200927734,-50.18776321411133,-80.53948974609375,-93.92303466796875,23.102975845336914,68.31723022460938,24.71786117553711,0.6709460020065308,0.662862241268158,0.8368585109710693,4.9300761222839355,4.385226726531982,3.829437494277954,nan
12.860,0,140.2828369140625,195.43734741210938,200.3345947265625,257.4043884277344,256.803466796875,255.2914276123047,0.5332190990447998,0.6216959357261658,0.56022709608078,74.8014907836914,121.50260162353516,112.23287200927734,-50.18776321411133,-80.53948974609375,-93.92303466796875,23.102975845336914,68.31723022460938,24.71786117553711,0.6709460020065308,0.662862241268158,0.8368585109710693,4.9300761222839355,4.385226726531982,3.829437494277954,nan
12.880,0,140.2828369140625,195.43734741210938,200.3345947265625,257.4043884277344,256.803466796875,255.2914276123047,0.5332190990447998,0.6216959357261658,0.56022709608078,74.8014907836914,121.50260162353516,112.23287200927734,-50.18776321411133,-80.53948974609375,-93.92303466796875,23.102975845336914,68.31723022460938,24.71786117553711,0.6709460020065308,0.662862241268158,0.8368585109710693,4.9300761222839355,4.385226726531982,3.829437494277954,nan
12.900,0,140.2828369140625,195.43734741210938,200.3345947265625,257.4043884277344,256.803466796875,255.2914276123047,0.5332190990447998,0.6216959357261658,0.56022709608078,74.8014907836914,121.50260162353516,112.23287200927734,-50.18776321411133,-80.53948974609375,-93.92303466796875,23.102975845336914,68.31723022460938,24.71786117553711,0.6709460020065308,0.662862241268158,0.8368585109710693,4.9300761222839355,4.385226726531982,3.829437494277954,nan
12.920,0,140.2828369140625,195.43734741210938,200.3345947265625,257.4043884277344,256.803466796875,255.2914276123047,0.5332190990447998,0.6216959357261658,0.56022709608078,74.8014907836914,121.50260162353516,112.23287200927734,-50.18776321411133,-80.53948974609375,-93.92303466796875,23.102975845336914,68.31723022460938,24.71786117553711,0.6709460020065308,0.662862241268158,0.8368585109710693,4.9300761222839355,4.385226726531982,3.829437494277954,nan
12.940,0,140.2828369140625,195.43734741210938,200.3345947265625,257.4043884277344,256.803466796875,255.2914276123047,0.5332190990447998,0.6216959357261658,0.56022709608078,74.8014907836914,121.50260162353516,112.23287200927734,-50.18776321411133,-80.53948974609375,-93.92303466796875,23.102975845336914,68.31723022460938,24.71786117553711,0.6709460020065308,0.662862241268158,0.8368585109710693,4.9300761222839355,4.385226726531982,3.829437494277954,nan
12.960,0,140.2828369140625,195.43734741210938,200.3345947265625,257.4043884277344,256.803466796875,255.2914276123047,0.5332190990447998,0.6216959357261658,0.56022709608078,74.8014907836914,121.50260162353516,112.23287200927734,-50.18776321411133,-80.53948974609375,-93.92303466796875,23.102975845336914,68.31723022460938,24.71786117553711,0.6709460020065308,0.662862241268158,0.8368585109710693,4.9300761222839355,4.385226726531982,3.829437494277954,nan
12.980,0,140.2828369140625,195.43734741210938,200.3345947265625,257.4043884277344,256.803466796875,255.2914276123047,0.5332190990447998,0.6216959357261658,0.56022709608078,74.8014907836914,121.50260162353516,112.23287200927734,-50.18776321411133,-80.53948974609375,-93.92303466796875,23.102975845336914,68.31723022460938,24.71786117553711,0.6709460020065308,0.662862241268158,0.8368585109710693,4.9300761222839355,4.385226726531982,3.829437494277954,nan
13.000,0,140.2828369140625,195.43734741210938,200.3345947265625,257.4043884277344,256.803466796875,255.2914276123047,0.5332190990447998,0.6216959357261658,0.56022709608078,74.8014907836914,121.50260162353516,112.23287200927734,-50.18776321411133,-80.53948974609375,-93.92303466796875,23.102975845336914,68.31723022460938,24.71786117553711,0.6709460020065308,0.662862241268158,0.8368585109710693,4.9300761222839355,4.385226726531982,3.829437494277954,nan
13.020,0,140.2638397216797,195.4595184326172,200.22227478027344,257.35894775390625,256.7967224121094,255.1212615966797,0.531111478805542,0.6212000250816345,0.5588726997375488,74.49573516845703,121.4194564819336,111.89876556396484,-50.23540115356445,-80.67060089111328,-93.62141418457031,23.110641479492188,67.6508560180664,24.235807418823242,0.6743392944335938,0.6643959879875183,0.836661696434021,4.857593536376953,4.389735221862793,3.7316641807556152,nan
13.040,0,140.2638397216797,195.4595184326172,200.22227478027344,257.35894775390625,256.7967224121094,255.1212615966797,0.531111478805542,0.6212000250816345,0.5588726997375488,74.49573516845703,121.4194564819336,111.89876556396484,-50.23540115356445,-80.67060089111328,-93.62141418457031,23.110641479492188,67.6508560180664,24.235807418823242,0.6743392944335938,0.6643959879875183,0.836661696434021,4.857593536376953,4.389735221862793,3.7316641807556152,nan
13.060,0,140.2638397216797,195.4595184326172,200.22227478027344,257.35894775390625,256.7967224121094,255.1212615966797,0.531111478805542,0.6212000250816345,0.5588726997375488,74.49573516845703,121.4194564819336,111.89876556396484,-50.23540115356445,-80.67060089111328,-93.62141418457031,23.110641479492188,67.6508560180664,24.235807418823242,0.6743392944335938,0.6643959879875183,0.836661696434021,4.857593536376953,4.389735221862793,3.7316641807556152,nan
13.080,0,140.2638397216797,195.4595184326172,200.22227478027344,257.35894775390625,256.7967224121094,255.1212615966797,0.531111478805542,0.6212000250816345,0.5588726997375488,74.49573516845703,121.4194564819336,111.89876556396484,-50.23540115356445,-80.67060089111328,-93.62141418457031,23.110641479492188,67.6508560180664,24.235807418823242,0.6743392944335938,0.6643959879875183,0.836661696434021,4.857593536376953,4.389735221862793,3.7316641807556152,nan
13.100,0,140.2638397216797,195.4595184326172,200.22227478027344,257.35894775390625,256.7967224121094,255.1212615966797,0.531111478805542,0.6212000250816345,0.5588726997375488,74.49573516845703,121.4194564819336,111.89876556396484,-50.23540115356445,-80.67060089111328,-93.62141418457031,23.110641479492188,67.6508560180664,24.235807418823242,0.6743392944335938,0.6643959879875183,0.836661696434021,4.857593536376953,4.389735221862793,3.7316641807556152,nan
13.120,0,140.2638397216797,195.4595184326172,200.22227478027344,257.35894775390625,256.7967224121094,255.1212615966797,0.531111478805542,0.6212000250816345,0.5588726997375488,74.49573516845703,121.4194564819336,111.89876556396484,-50.23540115356445,-80.67060089111328,-93.62141418457031,23.110641479492188,67.6508560180664,24.235807418823242,0.6743392944335938,0.6643959879875183,0.836661696434021,4.857593536376953,4.389735221862793,3.7316641807556152,nan
13.140,0,140.2638397216797,195.4595184326172,200.22227478027344,257.35894775390625,256.7967224121094,255.1212615966797,0.531111478805542,0.6212000250816345,0.5588726997375488,74.49573516845703,121.4194564819336,111.89876556396484,-50.23540115356445,-80.67060089111328,-93.62141418457031,23.110641479492188,67.6508560180664,24.235807418823242,0.6743392944335938,0.6643959879875183,0.836661696434021,4.857593536376953,4.389735221862793,3.7316641807556152,nan
13.160,0,140.2638397216797,195.4595184326172,200.22227478027344,257.35894775390625,256.7967224121094,255.1212615966797,0.531111478805542,0.6212000250816345,0.5588726997375488,74.49573516845703,121.4194564819336,111.89876556396484,-50.23540115356445,-80.67060089111328,-93.62141418457031,23.110641479492188,67.6508560180664,24.235807418823242,0.6743392944335938,0.6643959879875183,0.836661696434021,4.857593536376953,4.389735221862793,3.7316641807556152,nan
13.180,0,140.2638397216797,195.4595184326172,200.22227478027344,257.35894775390625,256.7967224121094,255.1212615966797,0.531111478805542,0.6212000250816345,0.5588726997375488,74.49573516845703,121.4194564819336,111.89876556396484,-50.23540115356445,-80.67060089111328,-93.62141418457031,23.110641479492188,67.6508560180664,24.235807418823242,0.6743392944335938,0.6643959879875183,0.836661696434021,4.857593536376953,4.389735221862793,3.7316641807556152,nan
13.200,0,140.2638397216797,195.4595184326172,200.22227478027344,257.35894775390625,256.7967224121094,255.1212615966797,0.531111478805542,0.6212000250816345,0.5588726997375488,74.49573516845703,121.4194564819336,111.89876556396484,-50.23540115356445,-80.67060089111328,-93.62141418457031,23.110641479492188,67.6508560180664,24.235807418823242,0.6743392944335938,0.6643959879875183,0.836661696434021,4.857593536376953,4.389735221862793,3.7316641807556152,nan
13.220,0,140.2256622314453,195.3927764892578,200.23385620117188,257.2102355957031,256.78424072265625,255.09791564941406,0.5326755046844482,0.623881459236145,0.5583035349845886,74.69477844238281,121.90193176269531,111.79126739501953,-50.20463943481445,-81.34716796875,-93.84920501708984,22.826051712036133,67.7814712524414,23.602294921875,0.6721305251121521,0.6673164963722229,0.8395038843154907,4.688902854919434,4.4340434074401855,3.7070653438568115,nan
13.240,0,140.2256622314453,195.3927764892578,200.23385620117188,257.2102355957031,256.78424072265625,255.09791564941406,0.5326755046844482,0.623881459236145,0.5583035349845886,74.69477844238281,121.90193176269531,111.79126739501953,-50.20463943481445,-81.34716796875,-93.84920501708984,22.826051712036133,67.7814712524414,23.602294921875,0.6721305251121521,0.6673164963722229,0.8395038843154907,4.688902854919434,4.4340434074401855,3.7070653438568115,nan
13.260,0,140.2256622314453,195.3927764892578,200.23385620117188,257.2102355957031,256.78424072265625,255.09791564941406,0.5326755046844482,0.623881459236145,0.5583035349845886,74.69477844238281,121.90193176269531,111.79126739501953,-50.20463943481445,-81.34716796875,-93.84920501708984,22.826051712036133,67.7814712524414,23.602294921875,0.6721305251121521,0.6673164963722229,0.8395038843154907,4.688902854919434,4.4340434074401855,3.7070653438568115,nan
13.280,0,140.2256622314453,195.3927764892578,200.23385620117188,257.2102355957031,256.78424072265625,255.09791564941406,0.5326755046844482,0.623881459236145,0.5583035349845886,74.69477844238281,121.90193176269531,111.79126739501953,-50.20463943481445,-81.34716796875,-93.84920501708984,22.826051712036133,67.7814712524414,23.602294921875,0.6721305251121521,0.6673164963722229,0.8395038843154907,4.688902854919434,4.4340434074401855,3.7070653438568115,nan
13.300,0,140.2256622314453,195.3927764892578,200.23385620117188,257.2102355957031,256.78424072265625,255.09791564941406,0.5326755046844482,0.623881459236145,0.5583035349845886,74.69477844238281,121.90193176269531,111.79126739501953,-50.20463943481445,-81.34716796875,-93.84920501708984,22.826051712036133,67.7814712524414,23.602294921875,0.6721305251121521,0.6673164963722229,0.8395038843154907,4.688902854919434,4.4340434074401855,3.7070653438568115,nan
13.320,0,140.2256622314453,195.3927764892578,200.23385620117188,257.2102355957031,256.78424072265625,255.09791564941406,0.5326755046844482,0.623881459236145,0.5583035349845886,74.69477844238281,121.90193176269531,111.79126739501953,-50.20463943481445,-81.34716796875,-93.84920501708984,22.826051712036133,67.7814712524414,23.602294921875,0.6721305251121521,0.6673164963722229,0.8395038843154907,4.688902854919434,4.4340434074401855,3.7070653438568115,nan
13.340,0,140.2256622314453,195.3927764892578,200.23385620117188,257.2102355957031,256.78424072265625,255.09791564941406,0.5326755046844482,0.623881459236145,0.5583035349845886,74.69477844238281,121.90193176269531,111.79126739501953,-50.20463943481445,-81.34716796875,-93.84920501708984,22.826051712036133,67.7814712524414,23.602294921875,0.6721305251121521,0.6673164963722229,0.8395038843154907,4.688902854919434,4.4340434074401855,3.7070653438568115,nan
13.360,0,140.2256622314453,195.3927764892578,200.23385620117188,257.2102355957031,256.78424072265625,255.09791564941406,0.5326755046844482,0.623881459236145,0.5583035349845886,74.69477844238281,121.90193176269531,111.79126739501953,-50.20463943481445,-81.34716796875,-93.84920501708984,22.826051712036133,67.7814712524414,23.602294921875,0.6721305251121521,0.6673164963722229,0.8395038843154907,4.688902854919434,4.4340434074401855,3.7070653438568115,nan
13.380,0,140.2256622314453,195.3927764892578,200.23385620117188,257.2102355957031,256.78424072265625,255.09791564941406,0.5326755046844482,0.623881459236145,0.5583035349845886,74.69477844238281,121.90193176269531,111.79126739501953,-50.20463943481445,-81.34716796875,-93.84920501708984,22.826051712036133,67.7814712524414,23.602294921875,0.6721305251121521,0.6673164963722229,0.8395038843154907,4.688902854919434,4.4340434074401855,3.7070653438568115,nan
13.400,0,140.2256622314453,195.3927764892578,200.23385620117188,257.2102355957031,256.78424072265625,255.09791564941406,0.5326755046844482,0.623881459236145,0.5583035349845886,74.69477844238281,121.90193176269531,111.79126739501953,-50.20463943481445,-81.34716796875,-93.84920501708984,22.826051712036133,67.7814712524414,23.602294921875,0.6721305251121521,0.6673164963722229,0.8395038843154907,4.688902854919434,4.4340434074401855,3.7070653438568115,nan
13.420,0,140.28883361816406,195.25950622558594,200.18994140625,257.1612243652344,256.8095703125,255.16783142089844,0.5304856300354004,0.6200050115585327,0.5569804310798645,74.42121124267578,121.06187438964844,111.50187683105469,-50.4706916809082,-80.78494262695312,-93.15557861328125,22.87839698791504,66.83207702636719,23.989526748657227,0.6781761646270752,0.6673029065132141,0.8354619741439819,4.622229099273682,4.410235404968262,3.8104708194732666,nan
13.440,0,140.28883361816406,195.25950622558594,200.18994140625,257.1612243652344,256.8095703125,255.16783142089844,0.5304856300354004,0.6200050115585327,0.5569804310798645,74.42121124267578,121.06187438964844,111.50187683105469,-50.4706916809082,-80.78494262695312,-93.15557861328125,22.87839698791504,66.83207702636719,23.989526748657227,0.6781761646270752,0.6673029065132141,0.8354619741439819,4.622229099273682,4.410235404968262,3.8104708194732666,nan
13.460,0,140.28883361816406,195.25950622558594,200.18994140625,257.1612243652344,256.8095703125,255.16783142089844,0.5304856300354004,0.6200050115585327,0.5569804310798645,74.42121124267578,121.06187438964844,111.50187683105469,-50.4706916809082,-80.78494262695312,-93.15557861328125,22.87839698791504,66.83207702636719,23.989526748657227,0.6781761646270752,0.6673029065132141,0.8354619741439819,4.622229099273682,4.410235404968262,3.8104708194732666,nan
13.480,0,140.28883361816406,195.25950622558594,200.18994140625,257.1612243652344,256.8095703125,255.16783142089844,0.5304856300354004,0.6200050115585327,0.5569804310798645,74.42121124267578,121.06187438964844,111.50187683105469,-50.4706916809082,-80.78494262695312,-93.15557861328125,22.87839698791504,66.83207702636719,23.989526748657227,0.6781761646270752,0.6673029065132141,0.8354619741439819,4.622229099273682,4.410235404968262,3.8104708194732666,nan
13.500,0,140.28883361816406,195.25950622558594,200.18994140625,257.1612243652344,256.8095703125,255.16783142089844,0.5304856300354004,0.6200050115585327,0.5569804310798645,74.42121124267578,121.06187438964844,111.50187683105469,-50.4706916809082,-80.78494262695312,-93.15557861328125,22.87839698791504,66.83207702636719,23.989526748657227,0.6781761646270752,0.6673029065132141,0.8354619741439819,4.622229099273682,4.410235404968262,3.8104708194732666,nan
13.520,0,140.28883361816406,195.25950622558594,200.18994140625,257.1612243652344,256.8095703125,255.16783142089844,0.5304856300354004,0.6200050115585327,0.5569804310798645,74.42121124267578,121.06187438964844,111.50187683105469,-50.4706916809082,-80.78494262695312,-93.15557861328125,22.87839698791504,66.83207702636719,23.989526748657227,0.6781761646270752,0.6673029065132141,0.8354619741439819,4.622229099273682,4.410235404968262,3.8104708194732666,nan
13.540,0,140.28883361816406,195.25950622558594,200.18994140625,257.1612243652344,256.8095703125,255.16783142089844,0.5304856300354004,0.6200050115585327,0.5569804310798645,74.42121124267578,121.06187438964844,111.50187683105469,-50.4706916809082,-80.78494262695312,-93.15557861328125,22.87839698791504,66.83207702636719,23.989526748657227,0.6781761646270752,0.6673029065132141,0.8354619741439819,4.622229099273682,4.410235404968262,3.8104708194732666,nan
13.560,0,140.28883361816406,195.25950622558594,200.18994140625,257.1612243652344,256.8095703125,255.16783142089844,0.5304856300354004,0.6200050115585327,0.5569804310798645,74.42121124267578,121.06187438964844,111.50187683105469,-50.4706916809082,-80.78494262695312,-93.15557861328125,22.87839698791504,66.83207702636719,23.989526748657227,0.6781761646270752,0.6673029065132141,0.8354619741439819,4.622229099273682,4.410235404968262,3.8104708194732666,nan
13.580,0,140.28883361816406,195.25950622558594,200.18994140625,257.1612243652344,256.8095703125,255.16783142089844,0.5304856300354004,0.6200050115585327,0.5569804310798645,74.42121124267578,121.06187438964844,111.50187683105469,-50.4706916809082,-80.78494262695312,-93.15557861328125,22.87839698791504,66.83207702636719,23.989526748657227,0.6781761646270752,0.6673029065132141,0.8354619741439819,4.622229099273682,4.410235404968262,3.8104708194732666,nan
13.600,0,140.28883361816406,195.25950622558594,200.18994140625,257.1612243652344,256.8095703125,255.16783142089844,0.5304856300354004,0.6200050115585327,0.5569804310798645,74.42121124267578,121.06187438964844,111.50187683105469,-50.4706916809082,-80.78494262695312,-93.15557861328125,22.87839698791504,66.83207702636719,23.989526748657227,0.6781761646270752,0.6673029065132141,0.8354619741439819,4.622229099273682,4.410235404968262,3.8104708194732666,nan
13.620,0,140.26571655273438,195.2636260986328,200.2473602294922,257.23297119140625,256.8157958984375,255.26063537597656,0.5284358263015747,0.6188949346542358,0.5580224394798279,74.12142944335938,120.84767150878906,111.74252319335938,-49.72480773925781,-80.5411376953125,-94.0633316040039,22.3944091796875,67.9277572631836,23.64216423034668,0.6708559989929199,0.6664682626724243,0.8417863845825195,4.7115349769592285,4.344638824462891,3.9265010356903076,nan
13.640,0,140.26571655273438,195.2636260986328,200.2473602294922,257.23297119140625,256.8157958984375,255.26063537597656,0.5284358263015747,0.6188949346542358,0.5580224394798279,74.12142944335938,120.84767150878906,111.74252319335938,-49.72480773925781,-80.5411376953125,-94.0633316040039,22.3944091796875,67.9277572631836,23.64216423034668,0.6708559989929199,0.6664682626724243,0.8417863845825195,4.7115349769592285,4.344638824462891,3.9265010356903076,nan
13.660,0,140.26571655273438,195.2636260986328,200.2473602294922,257.23297119140625,256.8157958984375,255.26063537597656,0.5284358263015747,0.6188949346542358,0.5580224394798279,74.12142944335938,120.84767150878906,111.74252319335938,-49.72480773925781,-80.5411376953125,-94.0633316040039,22.3944091796875,67.9277572631836,23.64216423034668,0.6708559989929199,0.6664682626724243,0.8417863845825195,4.7115349769592285,4.344638824462891,3.9265010356903076,nan
13.680,0,140.26571655273438,195.2636260986328,200.2473602294922,257.23297119140625,256.8157958984375,255.26063537597656,0.5284358263015747,0.6188949346542358,0.5580224394798279,74.12142944335938,120.84767150878906,111.74252319335938,-49.72480773925781,-80.5411376953125,-94.0633316040039,22.3944091796875,67.9277572631836,23.64216423034668,0.6708559989929199,0.6664682626724243,0.8417863845825195,4.7115349769592285,4.344638824462891,3.9265010356903076,nan
13.700,0,140.26571655273438,195.2636260986328,200.2473602294922,257.23297119140625,256.8157958984375,255.26063537597656,0.5284358263015747,0.6188949346542358,0.5580224394798279,74.12142944335938,120.84767150878906,111.74252319335938,-49.72480773925781,-80.5411376953125,-94.0633316040039,22.3944091796875,67.9277572631836,23.64216423034668,0.6708559989929199,0.6664682626724243,0.8417863845825195,4.7115349769592285,4.344638824462891,3.9265010356903076,nan
13.720,0,140.26571655273438,195.2636260986328,200.2473602294922,257.23297119140625,256.8157958984375,255.26063537597656,0.5284358263015747,0.6188949346542358,0.5580224394798279,74.12142944335938,120.84767150878906,111.74252319335938,-49.72480773925781,-80.5411376953125,-94.0633316040039,22.3944091796875,67.9277572631836,23.64216423034668,0.6708559989929199,0.6664682626724243,0.8417863845825195,4.7115349769592285,4.344638824462891,3.9265010356903076,nan
13.740,0,140.26571655273438,195.2636260986328,200.2473602294922,257.23297119140625,256.8157958984375,255.26063537597656,0.5284358263015747,0.6188949346542358,0.5580224394798279,74.12142944335938,120.84767150878906,111.74252319335938,-49.72480773925781,-80.5411376953125,-94.0633316040039,22.3944091796875,67.9277572631836,23.64216423034668,0.6708559989929199,0.6664682626724243,0.8417863845825195,4.7115349769592285,4.344638824462891,3.9265010356903076,nan
13.760,0,140.26571655273438,195.2636260986328,200.2473602294922,257.23297119140625,256.8157958984375,255.26063537597656,0.5284358263015747,0.6188949346542358,0.5580224394798279,74.12142944335938,120.84767150878906,111.74252319335938,-49.72480773925781,-80.5411376953125,-94.0633316040039,22.3944091796875,67.9277572631836,23.64216423034668,0.6708559989929199,0.6664682626724243,0.8417863845825195,4.7115349769592285,4.344638824462891,3.9265010356903076,nan
13.780,0,140.26571655273438,195.2636260986328,200.2473602294922,257.23297119140625,256.8157958984375,255.26063537597656,0.5284358263015747,0.6188949346542358,0.5580224394798279,74.12142944335938,120.84767150878906,111.74252319335938,-49.72480773925781,-80.5411376953125,-94.0633316040039,22.3944091796875,67.9277572631836,23.64216423034668,0.6708559989929199,0.6664682626724243,0.8417863845825195,4.7115349769592285,4.344638824462891,3.9265010356903076,nan
13.800,0,140.26571655273438,195.2636260986328,200.2473602294922,257.23297119140625,256.8157958984375,255.26063537597656,0.5284358263015747,0.6188949346542358,0.5580224394798279,74.12142944335938,120.84767150878906,111.74252319335938,-49.72480773925781,-80.5411376953125,-94.0633316040039,22.3944091796875,67.9277572631836,23.64216423034668,0.6708559989929199,0.6664682626724243,0.8417863845825195,4.7115349769592285,4.344638824462891,3.9265010356903076,nan
13.820,0,140.28292846679688,195.44300842285156,200.42581176757812,257.3273620605469,256.8479309082031,255.32723999023438,0.5295807719230652,0.6180117130279541,0.5557724833488464,74.29114532470703,120.78607177734375,111.39115142822266,-50.1727294921875,-80.49071502685547,-93.25089263916016,22.863435745239258,67.20570373535156,24.022247314453125,0.6753527522087097,0.6663907170295715,0.837148129940033,4.818614482879639,4.31557035446167,3.8851566314697266,nan
13.840,0,140.28292846679688,195.44300842285156,200.42581176757812,257.3273620605469,256.8479309082031,255.32723999023438,0.5295807719230652,0.6180117130279541,0.5557724833488464,74.29114532470703,120.78607177734375,111.39115142822266,-50.1727294921875,-80.49071502685547,-93.25089263916016,22.863435745239258,67.20570373535156,24.022247314453125,0.6753527522087097,0.6663907170295715,0.837148129940033,4.818614482879639,4.31557035446167,3.8851566314697266,nan
13.860,0,140.28292846679688,195.44300842285156,200.42581176757812,257.3273620605469,256.8479309082031,255.32723999023438,0.5295807719230652,0.6180117130279541,0.5557724833488464,74.29114532470703,120.78607177734375,111.39115142822266,-50.1727294921875,-80.49071502685547,-93.25089263916016,22.863435745239258,67.20570373535156,24.022247314453125,0.6753527522087097,0.6663907170295715,0.837148129940033,4.818614482879639,4.31557035446167,3.8851566314697266,nan
13.880,0,140.28292846679688,195.44300842285156,200.42581176757812,257.3273620605469,256.8479309082031,255.32723999023438,0.5295807719230652,0.6180117130279541,0.5557724833488464,74.29114532470703,120.78607177734375,111.39115142822266,-50.1727294921875,-80.49071502685547,-93.25089263916016,22.863435745239258,67.20570373535156,24.022247314453125,0.6753527522087097,0.6663907170295715,0.837148129940033,4.818614482879639,4.31557035446167,3.8851566314697266,nan
13.900,0,140.28292846679688,195.44300842285156,200.42581176757812,257.3273620605469,256.8479309082031,255.32723999023438,0.5295807719230652,0.6180117130279541,0.5557724833488464,74.29114532470703,120.78607177734375,111.39115142822266,-50.1727294921875,-80.49071502685547,-93.25089263916016,22.863435745239258,67.20570373535156,24.022247314453125,0.6753527522087097,0.6663907170295715,0.837148129940033,4.818614482879639,4.31557035446167,3.8851566314697266,nan
13.920,0,140.28292846679688,195.44300842285156,200.42581176757812,257.3273620605469,256.8479309082031,255.32723999023438,0.5295807719230652,0.6180117130279541,0.5557724833488464,74.29114532470703,120.78607177734375,111.39115142822266,-50.1727294921875,-80.49071502685547,-93.25089263916016,22.863435745239258,67.20570373535156,24.022247314453125,0.6753527522087097,0.6663907170295715,0.837148129940033,4.818614482879639,4.31557035446167,3.8851566314697266,nan
13.940,0,140.28292846679688,195.44300842285156,200.42581176757812,257.3273620605469,256.8479309082031,255.32723999023438,0.5295807719230652,0.6180117130279541,0.5557724833488464,74.29114532470703,120.78607177734375,111.39115142822266,-50.1727294921875,-80.49071502685547,-93.25089263916016,22.863435745239258,67.20570373535156,24.022247314453125,0.6753527522087097,0.6663907170295715,0.837148129940033,4.818614482879639,4.31557035446167,3.8851566314697266,nan
13.960,0,140.28292846679688,195.44300842285156,200.42581176757812,257.3273620605469,256.8479309082031,255.32723999023438,0.5295807719230652,0.6180117130279541,0.5557724833488464,74.29114532470703,120.78607177734375,111.39115142822266,-50.1727294921875,-80.49071502685547,-93.25089263916016,22.863435745239258,67.20570373535156,24.022247314453125,0.6753527522087097,0.6663907170295715,0.837148129940033,4.818614482879639,4.31557035446167,3.8851566314697266,nan
13.980,0,140.28292846679688,195.44300842285156,200.42581176757812,257.3273620605469,256.8479309082031,255.32723999023438,0.5295807719230652,0.6180117130279541,0.5557724833488464,74.29114532470703,120.78607177734375,111.39115142822266,-50.1727294921875,-80.49071502685547,-93.25089263916016,22.863435745239258,67.20570373535156,24.022247314453125,0.6753527522087097,0.6663907170295715,0.837148129940033,4.818614482879639,4.31557035446167,3.8851566314697266,nan
14.000,0,140.28292846679688,195.44300842285156,200.42581176757812,257.3273620605469,256.8479309082031,255.32723999023438,0.5295807719230652,0.6180117130279541,0.5557724833488464,74.29114532470703,120.78607177734375,111.39115142822266,-50.1727294921875,-80.49071502685547,-93.25089263916016,22.863435745239258,67.20570373535156,24.022247314453125,0.6753527522087097,0.6663907170295715,0.837148129940033,4.818614482879639,4.31557035446167,3.8851566314697266,nan
14.020,0,140.2737274169922,195.5180206298828,200.37973022460938,257.3909606933594,256.8329162597656,255.25430297851562,0.5309736728668213,0.6196314692497253,0.5587657690048218,74.48165893554688,121.14911651611328,111.96533203125,-50.0733642578125,-80.5862045288086,-93.58477020263672,23.20905303955078,67.65840911865234,24.023584365844727,0.6722912192344666,0.6651819348335266,0.8358370065689087,4.826665878295898,4.269504070281982,3.7498538494110107,nan
14.040,0,140.2737274169922,195.5180206298828,200.37973022460938,257.3909606933594,256.8329162597656,255.25430297851562,0.5309736728668213,0.6196314692497253,0.5587657690048218,74.48165893554688,121.14911651611328,111.96533203125,-50.0733642578125,-80.5862045288086,-93.58477020263672,23.20905303955078,67.65840911865234,24.023584365844727,0.6722912192344666,0.6651819348335266,0.8358370065689087,4.826665878295898,4.269504070281982,3.7498538494110107,nan
14.060,0,140.2737274169922,195.5180206298828,200.37973022460938,257.3909606933594,256.8329162597656,255.25430297851562,0.5309736728668213,0.6196314692497253,0.5587657690048218,74.48165893554688,121.14911651611328,111.96533203125,-50.0733642578125,-80.5862045288086,-93.58477020263672,23.20905303955078,67.65840911865234,24.023584365844727,0.6722912192344666,0.6651819348335266,0.8358370065689087,4.826665878295898,4.269504070281982,3.7498538494110107,nan
14.080,0,140.2737274169922,195.5180206298828,200.37973022460938,257.3909606933594,256.8329162597656,255.25430297851562,0.5309736728668213,0.6196314692497253,0.5587657690048218,74.48165893554688,121.14911651611328,111.96533203125,-50.0733642578125,-80.5862045288086,-93.58477020263672,23.20905303955078,67.65840911865234,24.023584365844727,0.6722912192344666,0.6651819348335266,0.8358370065689087,4.826665878295898,4.269504070281982,3.7498538494110107,nan
14.100,0,140.2737274169922,195.5180206298828,200.37973022460938,257.3909606933594,256.8329162597656,255.25430297851562,0.5309736728668213,0.6196314692497253,0.5587657690048218,74.48165893554688,121.14911651611328,111.96533203125,-50.0733642578125,-80.5862045288086,-93.58477020263672,23.20905303955078,67.65840911865234,24.023584365844727,0.6722912192344666,0.6651819348335266,0.8358370065689087,4.826665878295898,4.269504070281982,3.7498538494110107,nan
14.120,0,140.2737274169922,195.5180206298828,200.37973022460938,257.3909606933594,256.8329162597656,255.25430297851562,0.5309736728668213,0.6196314692497253,0.5587657690048218,74.48165893554688,121.14911651611328,111.96533203125,-50.0733642578125,-80.5862045288086,-93.58477020263672,23.20905303955078,67.65840911865234,24.023584365844727,0.6722912192344666,0.6651819348335266,0.8358370065689087,4.826665878295898,4.269504070281982,3.7498538494110107,nan
14.140,0,140.2737274169922,195.5180206298828,200.37973022460938,257.3909606933594,256.8329162597656,255.25430297851562,0.5309736728668213,0.6196314692497253,0.5587657690048218,74.48165893554688,121.14911651611328,111.96533203125,-50.0733642578125,-80.5862045288086,-93.58477020263672,23.20905303955078,67.65840911865234,24.023584365844727,0.6722912192344666,0.6651819348335266,0.8358370065689087,4.826665878295898,4.269504070281982,3.7498538494110107,nan
14.160,0,140.2737274169922,195.5180206298828,200.37973022460938,257.3909606933594,256.8329162597656,255.25430297851562,0.5309736728668213,0.6196314692497253,0.5587657690048218,74.48165893554688,121.14911651611328,111.96533203125,-50.0733642578125,-80.5862045288086,-93.58477020263672,23.20905303955078,67.65840911865234,24.023584365844727,0.6722912192344666,0.6651819348335266,0.8358370065689087,4.826665878295898,4.269504070281982,3.7498538494110107,nan
14.180,0,140.2737274169922,195.5180206298828,200.37973022460938,257.3909606933594,256.8329162597656,255.25430297851562,0.5309736728668213,0.6196314692497253,0.5587657690048218,74.48165893554688,121.14911651611328,111.96533203125,-50.0733642578125,-80.5862045288086,-93.58477020263672,23.20905303955078,67.65840911865234,24.023584365844727,0.6722912192344666,0.6651819348335266,0.8358370065689087,4.826665878295898,4.269504070281982,3.7498538494110107,nan
14.200,0,140.2737274169922,195.5180206298828,200.37973022460938,257.3909606933594,256.8329162597656,255.25430297851562,0.5309736728668213,0.6196314692497253,0.5587657690048218,74.48165893554688,121.14911651611328,111.96533203125,-50.0733642578125,-80.5862045288086,-93.58477020263672,23.20905303955078,67.65840911865234,24.023584365844727,0.6722912192344666,0.6651819348335266,0.8358370065689087,4.826665878295898,4.269504070281982,3.7498538494110107,nan
14.220,0,140.22470092773438,195.2986297607422,200.19891357421875,257.2697448730469,256.7903747558594,255.2352752685547,0.5331812500953674,0.6199840903282166,0.5560746192932129,74.76518249511719,121.08204650878906,111.32553100585938,-50.432552337646484,-80.94414520263672,-93.3508529663086,22.662857055664062,67.32662200927734,24.270048141479492,0.67454594373703,0.6685065627098083,0.8385394811630249,4.694165229797363,4.288895606994629,3.66861891746521,nan
14.240,0,140.22470092773438,195.2986297607422,200.19891357421875,257.2697448730469,256.7903747558594,255.2352752685547,0.5331812500953674,0.6199840903282166,0.5560746192932129,74.76518249511719,121.08204650878906,111.32553100585938,-50.432552337646484,-80.94414520263672,-93.3508529663086,22.662857055664062,67.32662200927734,24.270048141479492,0.67454594373703,0.6685065627098083,0.8385394811630249,4.694165229797363,4.288895606994629,3.66861891746521,nan
14.260,0,140.22470092773438,195.2986297607422,200.19891357421875,257.2697448730469,256.7903747558594,255.2352752685547,0.5331812500953674,0.6199840903282166,0.5560746192932129,74.76518249511719,121.08204650878906,111.32553100585938,-50.432552337646484,-80.94414520263672,-93.3508529663086,22.662857055664062,67.32662200927734,24.270048141479492,0.67454594373703,0.6685065627098083,0.8385394811630249,4.694165229797363,4.288895606994629,3.66861891746521,nan
14.280,0,140.22470092773438,195.2986297607422,200.19891357421875,257.2697448730469,256.7903747558594,255.2352752685547,0.5331812500953674,0.6199840903282166,0.5560746192932129,74.76518249511719,121.08204650878906,111.32553100585938,-50.432552337646484,-80.94414520263672,-93.3508529663086,22.662857055664062,67.32662200927734,24.270048141479492,0.67454594373703,0.6685065627098083,0.8385394811630249,4.694165229797363,4.288895606994629,3.66861891746521,nan
14.300,0,140.22470092773438,195.2986297607422,200.19891357421875,257.2697448730469,256.7903747558594,255.2352752685547,0.5331812500953674,0.6199840903282166,0.5560746192932129,74.76518249511719,121.08204650878906,111.32553100585938,-50.432552337646484,-80.94414520263672,-93.3508529663086,22.662857055664062,67.32662200927734,24.270048141479492,0.67454594373703,0.6685065627098083,0.8385394811630249,4.694165229797363,4.288895606994629,3.66861891746521,nan
14.320,0,140.22470092773438,195.2986297607422,200.19891357421875,257.2697448730469,256.7903747558594,255.2352752685547,0.5331812500953674,0.6199840903282166,0.5560746192932129,74.76518249511719,121.08204650878906,111.32553100585938,-50.432552337646484,-80.94414520263672,-93.3508529663086,22.662857055664062,67.32662200927734,24.270048141479492,0.67454594373703,0.6685065627098083,0.8385394811630249,4.694165229797363,4.288895606994629,3.66861891746521,nan
14.340,0,140.22470092773438,195.2986297607422,200.19891357421875,257.2697448730469,256.7903747558594,255.2352752685547,0.5331812500953674,0.6199840903282166,0.5560746192932129,74.76518249511719,121.08204650878906,111.32553100585938,-50.432552337646484,-80.94414520263672,-93.3508529663086,22.662857055664062,67.32662200927734,24.270048141479492,0.67454594373703,0.6685065627098083,0.8385394811630249,4.694165229797363,4.288895606994629,3.66861891746521,nan
14.360,0,140.22470092773438,195.2986297607422,200.19891357421875,257.2697448730469,256.7903747558594,255.2352752685547,0.5331812500953674,0.6199840903282166,0.5560746192932129,74.76518249511719,121.08204650878906,111.32553100585938,-50.432552337646484,-80.94414520263672,-93.3508529663086,22.662857055664062,67.32662200927734,24.270048141479492,0.67454594373703,0.6685065627098083,0.8385394811630249,4.694165229797363,4.288895606994629,3.66861891746521,nan
14.380,0,140.22470092773438,195.2986297607422,200.19891357421875,257.2697448730469,256.7903747558594,255.2352752685547,0.5331812500953674,0.6199840903282166,0.5560746192932129,74.76518249511719,121.08204650878906,111.32553100585938,-50.432552337646484,-80.94414520263672,-93.3508529663086,22.662857055664062,67.32662200927734,24.270048141479492,0.67454594373703,0.6685065627098083,0.8385394811630249,4.694165229797363,4.288895606994629,3.66861891746521,nan
14.400,0,140.22470092773438,195.2986297607422,200.19891357421875,257.2697448730469,256.7903747558594,255.2352752685547,0.5331812500953674,0.6199840903282166,0.5560746192932129,74.76518249511719,121.08204650878906,111.32553100585938,-50.432552337646484,-80.94414520263672,-93.3508529663086,22.662857055664062,67.32662200927734,24.270048141479492,0.67454594373703,0.6685065627098083,0.8385394811630249,4.694165229797363,4.288895606994629,3.66861891746521,nan
14.420,0,140.44558715820312,195.26031494140625,200.2149200439453,257.2686462402344,256.707763671875,255.3975372314453,0.5323447585105896,0.6198535561561584,0.5590739846229553,74.76547241210938,121.03279876708984,111.93495178222656,-50.64406967163086,-80.77237701416016,-93.27880096435547,22.852901458740234,67.44344329833984,24.33622932434082,0.6773724555969238,0.6673594117164612,0.8333304524421692,4.564837455749512,4.217522144317627,3.6225483417510986,nan
14.440,0,140.44558715820312,195.26031494140625,200.2149200439453,257.2686462402344,256.707763671875,255.3975372314453,0.5323447585105896,0.6198535561561584,0.5590739846229553,74.76547241210938,121.03279876708984,111.93495178222656,-50.64406967163086,-80.77237701416016,-93.27880096435547,22.852901458740234,67.44344329833984,24.33622932434082,0.6773724555969238,0.6673594117164612,0.8333304524421692,4.564837455749512,4.217522144317627,3.6225483417510986,nan
14.460,0,140.44558715820312,195.26031494140625,200.2149200439453,257.2686462402344,256.707763671875,255.3975372314453,0.5323447585105896,0.6198535561561584,0.5590739846229553,74.76547241210938,121.03279876708984,111.93495178222656,-50.64406967163086,-80.77237701416016,-93.27880096435547,22.852901458740234,67.44344329833984,24.33622932434082,0.6773724555969238,0.6673594117164612,0.8333304524421692,4.564837455749512,4.217522144317627,3.6225483417510986,nan
14.480,0,140.44558715820312,195.26031494140625,200.2149200439453,257.2686462402344,256.707763671875,255.3975372314453,0.5323447585105896,0.6198535561561584,0.5590739846229553,74.76547241210938,121.03279876708984,111.93495178222656,-50.64406967163086,-80.77237701416016,-93.27880096435547,22.852901458740234,67.44344329833984,24.33622932434082,0.6773724555969238,0.6673594117164612,0.8333304524421692,4.564837455749512,4.217522144317627,3.6225483417510986,nan
14.500,0,140.44558715820312,195.26031494140625,200.2149200439453,257.2686462402344,256.707763671875,255.3975372314453,0.5323447585105896,0.6198535561561584,0.5590739846229553,74.76547241210938,121.03279876708984,111.93495178222656,-50.64406967163086,-80.77237701416016,-93.27880096435547,22.852901458740234,67.44344329833984,24.33622932434082,0.6773724555969238,0.6673594117164612,0.8333304524421692,4.564837455749512,4.217522144317627,3.6225483417510986,nan
14.520,0,140.44558715820312,195.26031494140625,200.2149200439453,257.2686462402344,256.707763671875,255.3975372314453,0.5323447585105896,0.6198535561561584,0.5590739846229553,74.76547241210938,121.03279876708984,111.93495178222656,-50.64406967163086,-80.77237701416016,-93.27880096435547,22.852901458740234,67.44344329833984,24.33622932434082,0.6773724555969238,0.6673594117164612,0.8333304524421692,4.564837455749512,4.217522144317627,3.6225483417510986,nan
14.540,0,140.44558715820312,195.26031494140625,200.2149200439453,257.2686462402344,256.707763671875,255.3975372314453,0.5323447585105896,0.6198535561561584,0.5590739846229553,74.76547241210938,121.03279876708984,111.93495178222656,-50.64406967163086,-80.77237701416016,-93.27880096435547,22.852901458740234,67.44344329833984,24.33622932434082,0.6773724555969238,0.6673594117164612,0.8333304524421692,4.564837455749512,4.217522144317627,3.6225483417510986,nan
14.560,0,140.44558715820312,195.26031494140625,200.2149200439453,257.2686462402344,256.707763671875,255.3975372314453,0.5323447585105896,0.6198535561561584,0.5590739846229553,74.76547241210938,121.03279876708984,111.93495178222656,-50.64406967163086,-80.77237701416016,-93.27880096435547,22.852901458740234,67.44344329833984,24.33622932434082,0.6773724555969238,0.6673594117164612,0.8333304524421692,4.564837455749512,4.217522144317627,3.6225483417510986,nan
14.580,0,140.44558715820312,195.26031494140625,200.2149200439453,257.2686462402344,256.707763671875,255.3975372314453,0.5323447585105896,0.6198535561561584,0.5590739846229553,74.76547241210938,121.03279876708984,111.93495178222656,-50.64406967163086,-80.77237701416016,-93.27880096435547,22.852901458740234,67.44344329833984,24.33622932434082,0.6773724555969238,0.6673594117164612,0.8333304524421692,4.564837455749512,4.217522144317627,3.6225483417510986,nan
14.600,0,140.44558715820312,195.26031494140625,200.2149200439453,257.2686462402344,256.707763671875,255.3975372314453,0.5323447585105896,0.6198535561561584,0.5590739846229553,74.76547241210938,121.03279876708984,111.93495178222656,-50.64406967163086,-80.77237701416016,-93.27880096435547,22.852901458740234,67.44344329833984,24.33622932434082,0.6773724555969238,0.6673594117164612,0.8333304524421692,4.564837455749512,4.217522144317627,3.6225483417510986,nan
14.620,0,140.5442657470703,195.17715454101562,200.13162231445312,257.3020324707031,256.6445617675781,255.42819213867188,0.5293551683425903,0.6219874024391174,0.5599111914634705,74.39783477783203,121.3977279663086,112.05593872070312,-50.41615676879883,-80.34951782226562,-93.90252685546875,22.633541107177734,67.79981994628906,24.066478729248047,0.6776562333106995,0.661870002746582,0.8379969000816345,4.544778347015381,4.145540714263916,3.631103515625,nan
14.640,0,140.5442657470703,195.17715454101562,200.13162231445312,257.3020324707031,256.6445617675781,255.42819213867188,0.5293551683425903,0.6219874024391174,0.5599111914634705,74.39783477783203,121.3977279663086,112.05593872070312,-50.41615676879883,-80.34951782226562,-93.90252685546875,22.633541107177734,67.79981994628906,24.066478729248047,0.6776562333106995,0.661870002746582,0.8379969000816345,4.544778347015381,4.145540714263916,3.631103515625,nan
14.660,0,140.5442657470703,195.17715454101562,200.13162231445312,257.3020324707031,256.6445617675781,255.42819213867188,0.5293551683425903,0.6219874024391174,0.5599111914634705,74.39783477783203,121.3977279663086,112.05593872070312,-50.41615676879883,-80.34951782226562,-93.90252685546875,22.633541107177734,67.79981994628906,24.066478729248047,0.6776562333106995,0.661870002746582,0.8379969000816345,4.544778347015381,4.145540714263916,3.631103515625,nan
14.680,0,140.5442657470703,195.17715454101562,200.13162231445312,257.3020324707031,256.6445617675781,255.42819213867188,0.5293551683425903,0.6219874024391174,0.5599111914634705,74.39783477783203,121.3977279663086,112.05593872070312,-50.41615676879883,-80.34951782226562,-93.90252685546875,22.633541107177734,67.79981994628906,24.066478729248047,0.6776562333106995,0.661870002746582,0.8379969000816345,4.544778347015381,4.145540714263916,3.631103515625,nan
14.700,0,140.5442657470703,195.17715454101562,200.13162231445312,257.3020324707031,256.6445617675781,255.42819213867188,0.5293551683425903,0.6219874024391174,0.5599111914634705,74.39783477783203,121.3977279663086,112.05593872070312,-50.41615676879883,-80.34951782226562,-93.90252685546875,22.633541107177734,67.79981994628906,24.066478729248047,0.6776562333106995,0.661870002746582,0.8379969000816345,4.544778347015381,4.145540714263916,3.631103515625,nan
14.720,0,140.5442657470703,195.17715454101562,200.13162231445312,257.3020324707031,256.6445617675781,255.42819213867188,0.5293551683425903,0.6219874024391174,0.5599111914634705,74.39783477783203,121.3977279663086,112.05593872070312,-50.41615676879883,-80.34951782226562,-93.90252685546875,22.633541107177734,67.79981994628906,24.066478729248047,0.6776562333106995,0.661870002746582,0.8379969000816345,4.544778347015381,4.145540714263916,3.631103515625,nan
14.740,0,140.5442657470703,195.17715454101562,200.13162231445312,257.3020324707031,256.6445617675781,255.42819213867188,0.5293551683425903,0.6219874024391174,0.5599111914634705,74.39783477783203,121.3977279663086,112.05593872070312,-50.41615676879883,-80.34951782226562,-93.90252685546875,22.633541107177734,67.79981994628906,24.066478729248047,0.6776562333106995,0.661870002746582,0.8379969000816345,4.544778347015381,4.145540714263916,3.631103515625,nan
14.760,0,140.5442657470703,195.17715454101562,200.13162231445312,257.3020324707031,256.6445617675781,255.42819213867188,0.5293551683425903,0.6219874024391174,0.5599111914634705,74.39783477783203,121.3977279663086,112.05593872070312,-50.41615676879883,-80.34951782226562,-93.90252685546875,22.633541107177734,67.79981994628906,24.066478729248047,0.6776562333106995,0.661870002746582,0.8379969000816345,4.544778347015381,4.145540714263916,3.631103515625,nan
14.780,0,140.5442657470703,195.17715454101562,200.13162231445312,257.3020324707031,256.6445617675781,255.42819213867188,0.5293551683425903,0.6219874024391174,0.5599111914634705,74.39783477783203,121.3977279663086,112.05593872070312,-50.41615676879883,-80.34951782226562,-93.90252685546875,22.633541107177734,67.79981994628906,24.066478729248047,0.6776562333106995,0.661870002746582,0.8379969000816345,4.544778347015381,4.145540714263916,3.631103515625,nan
14.800,0,140.46836853027344,195.1636199951172,200.08206176757812,257.2283630371094,256.6239318847656,255.39671325683594,0.5289212465286255,0.6197106242179871,0.5580636858940125,74.29670715332031,120.9449691772461,111.65853118896484,-49.59101867675781,-80.77210998535156,-93.73358917236328,23.02212905883789,67.76802825927734,23.34627342224121,0.6674726605415344,0.6678418517112732,0.8394664525985718,4.522263526916504,4.135661602020264,3.635791778564453,nan
14.820,0,140.46836853027344,195.1636199951172,200.08206176757812,257.2283630371094,256.6239318847656,255.39671325683594,0.5289212465286255,0.6197106242179871,0.5580636858940125,74.29670715332031,120.9449691772461,111.65853118896484,-49.59101867675781,-80.77210998535156,-93.73358917236328,23.02212905883789,67.76802825927734,23.34627342224121,0.6674726605415344,0.6678418517112732,0.8394664525985718,4.522263526916504,4.135661602020264,3.635791778564453,nan
14.840,0,140.46836853027344,195.1636199951172,200.08206176757812,257.2283630371094,256.6239318847656,255.39671325683594,0.5289212465286255,0.6197106242179871,0.5580636858940125,74.29670715332031,120.9449691772461,111.65853118896484,-49.59101867675781,-80.77210998535156,-93.73358917236328,23.02212905883789,67.76802825927734,23.34627342224121,0.6674726605415344,0.6678418517112732,0.8394664525985718,4.522263526916504,4.135661602020264,3.635791778564453,nan
14.860,0,140.46836853027344,195.1636199951172,200.08206176757812,257.2283630371094,256.6239318847656,255.39671325683594,0.5289212465286255,0.6197106242179871,0.5580636858940125,74.29670715332031,120.9449691772461,111.65853118896484,-49.59101867675781,-80.77210998535156,-93.73358917236328,23.02212905883789,67.76802825927734,23.34627342224121,0.6674726605415344,0.6678418517112732,0.8394664525985718,4.522263526916504,4.135661602020264,3.635791778564453,nan
14.880,0,140.46836853027344,195.1636199951172,200.08206176757812,257.2283630371094,256.6239318847656,255.39671325683594,0.5289212465286255,0.6197106242179871,0.5580636858940125,74.29670715332031,120.9449691772461,111.65853118896484,-49.59101867675781,-80.77210998535156,-93.73358917236328,23.02212905883789,67.76802825927734,23.34627342224121,0.6674726605415344,0.6678418517112732,0.8394664525985718,4.522263526916504,4.135661602020264,3.635791778564453,nan
14.900,0,140.46836853027344,195.1636199951172,200.08206176757812,257.2283630371094,256.6239318847656,255.39671325683594,0.5289212465286255,0.6197106242179871,0.5580636858940125,74.29670715332031,120.9449691772461,111.65853118896484,-49.59101867675781,-80.77210998535156,-93.73358917236328,23.02212905883789,67.76802825927734,23.34627342224121,0.6674726605415344,0.6678418517112732,0.8394664525985718,4.522263526916504,4.135661602020264,3.635791778564453,nan
14.920,0,140.46836853027344,195.1636199951172,200.08206176757812,257.2283630371094,256.6239318847656,255.39671325683594,0.5289212465286255,0.6197106242179871,0.5580636858940125,74.29670715332031,120.9449691772461,111.65853118896484,-49.59101867675781,-80.77210998535156,-93.73358917236328,23.02212905883789,67.76802825927734,23.34627342224121,0.6674726605415344,0.6678418517112732,0.8394664525985718,4.522263526916504,4.135661602020264,3.635791778564453,nan
14.940,0,140.46836853027344,195.1636199951172,200.08206176757812,257.2283630371094,256.6239318847656,255.39671325683594,0.5289212465286255,0.6197106242179871,0.5580636858940125,74.29670715332031,120.9449691772461,111.65853118896484,-49.59101867675781,-80.77210998535156,-93.73358917236328,23.02212905883789,67.76802825927734,23.34627342224121,0.6674726605415344,0.6678418517112732,0.8394664525985718,4.522263526916504,4.135661602020264,3.635791778564453,nan
14.960,0,140.46836853027344,195.1636199951172,200.08206176757812,257.2283630371094,256.6239318847656,255.39671325683594,0.5289212465286255,0.6197106242179871,0.5580636858940125,74.29670715332031,120.9449691772461,111.65853118896484,-49.59101867675781,-80.77210998535156,-93.73358917236328,23.02212905883789,67.76802825927734,23.34627342224121,0.6674726605415344,0.6678418517112732,0.8394664525985718,4.522263526916504,4.135661602020264,3.635791778564453,nan
14.980,0,140.46836853027344,195.1636199951172,200.08206176757812,257.2283630371094,256.6239318847656,255.39671325683594,0.5289212465286255,0.6197106242179871,0.5580636858940125,74.29670715332031,120.9449691772461,111.65853118896484,-49.59101867675781,-80.77210998535156,-93.73358917236328,23.02212905883789,67.76802825927734,23.34627342224121,0.6674726605415344,0.6678418517112732,0.8394664525985718,4.522263526916504,4.135661602020264,3.635791778564453,nan
15.000,0,140.48292541503906,195.2777557373047,200.1691131591797,257.2657775878906,256.6951904296875,255.40745544433594,0.5285300612449646,0.6197417378425598,0.5584695935249329,74.24945068359375,121.02177429199219,111.78836059570312,-50.30765914916992,-80.25404357910156,-93.54674530029297,22.83070945739746,67.57749938964844,24.298568725585938,0.6775492429733276,0.6631371974945068,0.8368200659751892,4.4927287101745605,4.079093933105469,3.6229517459869385,nan
15.020,0,140.48292541503906,195.2777557373047,200.1691131591797,257.2657775878906,256.6951904296875,255.40745544433594,0.5285300612449646,0.6197417378425598,0.5584695935249329,74.24945068359375,121.02177429199219,111.78836059570312,-50.30765914916992,-80.25404357910156,-93.54674530029297,22.83070945739746,67.57749938964844,24.298568725585938,0.6775492429733276,0.6631371974945068,0.8368200659751892,4.4927287101745605,4.079093933105469,3.6229517459869385,nan
15.040,0,140.48292541503906,195.2777557373047,200.1691131591797,257.2657775878906,256.6951904296875,255.40745544433594,0.5285300612449646,0.6197417378425598,0.5584695935249329,74.24945068359375,121.02177429199219,111.78836059570312,-50.30765914916992,-80.25404357910156,-93.54674530029297,22.83070945739746,67.57749938964844,24.298568725585938,0.6775492429733276,0.6631371974945068,0.8368200659751892,4.4927287101745605,4.079093933105469,3.6229517459869385,nan
15.060,0,140.48292541503906,195.2777557373047,200.1691131591797,257.2657775878906,256.6951904296875,255.40745544433594,0.5285300612449646,0.6197417378425598,0.5584695935249329,74.24945068359375,121.02177429199219,111.78836059570312,-50.30765914916992,-80.25404357910156,-93.54674530029297,22.83070945739746,67.57749938964844,24.298568725585938,0.6775492429733276,0.6631371974945068,0.8368200659751892,4.4927287101745605,4.079093933105469,3.6229517459869385,nan
15.080,0,140.48292541503906,195.2777557373047,200.1691131591797,257.2657775878906,256.6951904296875,255.40745544433594,0.5285300612449646,0.6197417378425598,0.5584695935249329,74.24945068359375,121.02177429199219,111.78836059570312,-50.30765914916992,-80.25404357910156,-93.54674530029297,22.83070945739746,67.57749938964844,24.298568725585938,0.6775492429733276,0.6631371974945068,0.8368200659751892,4.4927287101745605,4.079093933105469,3.6229517459869385,nan
15.100,0,140.48292541503906,195.2777557373047,200.1691131591797,257.2657775878906,256.6951904296875,255.40745544433594,0.5285300612449646,0.6197417378425598,0.5584695935249329,74.24945068359375,121.02177429199219,111.78836059570312,-50.30765914916992,-80.25404357910156,-93.54674530029297,22.83070945739746,67.57749938964844,24.298568725585938,0.6775492429733276,0.6631371974945068,0.8368200659751892,4.4927287101745605,4.079093933105469,3.6229517459869385,nan
15.120,0,140.48292541503906,195.2777557373047,200.1691131591797,257.2657775878906,256.6951904296875,255.40745544433594,0.5285300612449646,0.6197417378425598,0.5584695935249329,74.24945068359375,121.02177429199219,111.78836059570312,-50.30765914916992,-80.25404357910156,-93.54674530029297,22.83070945739746,67.57749938964844,24.298568725585938,0.6775492429733276,0.6631371974945068,0.8368200659751892,4.4927287101745605,4.079093933105469,3.6229517459869385,nan
15.140,0,140.48292541503906,195.2777557373047,200.1691131591797,257.2657775878906,256.6951904296875,255.40745544433594,0.5285300612449646,0.6197417378425598,0.5584695935249329,74.24945068359375,121.02177429199219,111.78836059570312,-50.30765914916992,-80.25404357910156,-93.54674530029297,22.83070945739746,67.57749938964844,24.298568725585938,0.6775492429733276,0.6631371974945068,0.8368200659751892,4.4927287101745605,4.079093933105469,3.6229517459869385,nan
15.160,0,140.48292541503906,195.2777557373047,200.1691131591797,257.2657775878906,256.6951904296875,255.40745544433594,0.5285300612449646,0.6197417378425598,0.5584695935249329,74.24945068359375,121.02177429199219,111.78836059570312,-50.30765914916992,-80.25404357910156,-93.54674530029297,22.83070945739746,67.57749938964844,24.298568725585938,0.6775492429733276,0.6631371974945068,0.8368200659751892,4.4927287101745605,4.079093933105469,3.6229517459869385,nan
15.180,0,140.48292541503906,195.2777557373047,200.1691131591797,257.2657775878906,256.6951904296875,255.40745544433594,0.5285300612449646,0.6197417378425598,0.5584695935249329,74.24945068359375,121.02177429199219,111.78836059570312,-50.30765914916992,-80.25404357910156,-93.54674530029297,22.83070945739746,67.57749938964844,24.298568725585938,0.6775492429733276,0.6631371974945068,0.8368200659751892,4.4927287101745605,4.079093933105469,3.6229517459869385,nan
15.200,0,140.4553680419922,195.2313232421875,200.20260620117188,257.1082458496094,256.62255859375,255.3773193359375,0.5322874784469604,0.6215947866439819,0.5566234588623047,74.76263427734375,121.35477447509766,111.43746948242188,-50.37678146362305,-80.70785522460938,-93.24372863769531,23.1619873046875,67.58834838867188,24.418540954589844,0.6738229990005493,0.6650571227073669,0.8367359042167664,4.4617109298706055,4.07047176361084,3.5969321727752686,nan
15.220,0,140.4553680419922,195.2313232421875,200.20260620117188,257.1082458496094,256.62255859375,255.3773193359375,0.5322874784469604,0.6215947866439819,0.5566234588623047,74.76263427734375,121.35477447509766,111.43746948242188,-50.37678146362305,-80.70785522460938,-93.24372863769531,23.1619873046875,67.58834838867188,24.418540954589844,0.6738229990005493,0.6650571227073669,0.8367359042167664,4.4617109298706055,4.07047176361084,3.5969321727752686,nan
15.240,0,140.4553680419922,195.2313232421875,200.20260620117188,257.1082458496094,256.62255859375,255.3773193359375,0.5322874784469604,0.6215947866439819,0.5566234588623047,74.76263427734375,121.35477447509766,111.43746948242188,-50.37678146362305,-80.70785522460938,-93.24372863769531,23.1619873046875,67.58834838867188,24.418540954589844,0.6738229990005493,0.6650571227073669,0.8367359042167664,4.4617109298706055,4.07047176361084,3.5969321727752686,nan
15.260,0,140.4553680419922,195.2313232421875,200.20260620117188,257.1082458496094,256.62255859375,255.3773193359375,0.5322874784469604,0.6215947866439819,0.5566234588623047,74.76263427734375,121.35477447509766,111.43746948242188,-50.37678146362305,-80.70785522460938,-93.24372863769531,23.1619873046875,67.58834838867188,24.418540954589844,0.6738229990005493,0.6650571227073669,0.8367359042167664,4.4617109298706055,4.07047176361084,3.5969321727752686,nan
15.280,0,140.4553680419922,195.2313232421875,200.20260620117188,257.1082458496094,256.62255859375,255.3773193359375,0.5322874784469604,0.6215947866439819,0.5566234588623047,74.76263427734375,121.35477447509766,111.43746948242188,-50.37678146362305,-80.70785522460938,-93.24372863769531,23.1619873046875,67.58834838867188,24.418540954589844,0.6738229990005493,0.6650571227073669,0.8367359042167664,4.4617109298706055,4.07047176361084,3.5969321727752686,nan
15.300,0,140.4553680419922,195.2313232421875,200.20260620117188,257.1082458496094,256.62255859375,255.3773193359375,0.5322874784469604,0.6215947866439819,0.5566234588623047,74.76263427734375,121.35477447509766,111.43746948242188,-50.37678146362305,-80.70785522460938,-93.24372863769531,23.1619873046875,67.58834838867188,24.418540954589844,0.6738229990005493,0.6650571227073669,0.8367359042167664,4.4617109298706055,4.07047176361084,3.5969321727752686,nan
15.320,0,140.4553680419922,195.2313232421875,200.20260620117188,257.1082458496094,256.62255859375,255.3773193359375,0.5322874784469604,0.6215947866439819,0.5566234588623047,74.76263427734375,121.35477447509766,111.43746948242188,-50.37678146362305,-80.70785522460938,-93.24372863769531,23.1619873046875,67.58834838867188,24.418540954589844,0.6738229990005493,0.6650571227073669,0.8367359042167664,4.4617109298706055,4.07047176361084,3.5969321727752686,nan
15.340,0,140.4553680419922,195.2313232421875,200.20260620117188,257.1082458496094,256.62255859375,255.3773193359375,0.5322874784469604,0.6215947866439819,0.5566234588623047,74.76263427734375,121.35477447509766,111.43746948242188,-50.37678146362305,-80.70785522460938,-93.24372863769531,23.1619873046875,67.58834838867188,24.418540954589844,0.6738229990005493,0.6650571227073669,0.8367359042167664,4.4617109298706055,4.07047176361084,3.5969321727752686,nan
15.360,0,140.4553680419922,195.2313232421875,200.20260620117188,257.1082458496094,256.62255859375,255.3773193359375,0.5322874784469604,0.6215947866439819,0.5566234588623047,74.76263427734375,121.35477447509766,111.43746948242188,-50.37678146362305,-80.70785522460938,-93.24372863769531,23.1619873046875,67.58834838867188,24.418540954589844,0.6738229990005493,0.6650571227073669,0.8367359042167664,4.4617109298706055,4.07047176361084,3.5969321727752686,nan
15.380,0,140.4553680419922,195.2313232421875,200.20260620117188,257.1082458496094,256.62255859375,255.3773193359375,0.5322874784469604,0.6215947866439819,0.5566234588623047,74.76263427734375,121.35477447509766,111.43746948242188,-50.37678146362305,-80.70785522460938,-93.24372863769531,23.1619873046875,67.58834838867188,24.418540954589844,0.6738229990005493,0.6650571227073669,0.8367359042167664,4.4617109298706055,4.07047176361084,3.5969321727752686,nan
15.400,0,140.37643432617188,195.32379150390625,200.23568725585938,257.1394348144531,256.708251953125,255.37210083007812,0.5320529341697693,0.6230062246322632,0.558953046798706,74.68769073486328,121.68793487548828,111.92234802246094,-49.88882827758789,-81.25285339355469,-93.78887176513672,23.22212028503418,68.01762390136719,23.921772003173828,0.6679658889770508,0.6677149534225464,0.837981641292572,4.5449604988098145,4.103415489196777,3.603194236755371,nan
15.420,0,140.37643432617188,195.32379150390625,200.23568725585938,257.1394348144531,256.708251953125,255.37210083007812,0.5320529341697693,0.6230062246322632,0.558953046798706,74.68769073486328,121.68793487548828,111.92234802246094,-49.88882827758789,-81.25285339355469,-93.78887176513672,23.22212028503418,68.01762390136719,23.921772003173828,0.6679658889770508,0.6677149534225464,0.837981641292572,4.5449604988098145,4.103415489196777,3.603194236755371,nan
15.440,0,140.37643432617188,195.32379150390625,200.23568725585938,257.1394348144531,256.708251953125,255.37210083007812,0.5320529341697693,0.6230062246322632,0.558953046798706,74.68769073486328,121.68793487548828,111.92234802246094,-49.88882827758789,-81.25285339355469,-93.78887176513672,23.22212028503418,68.01762390136719,23.921772003173828,0.6679658889770508,0.6677149534225464,0.837981641292572,4.5449604988098145,4.103415489196777,3.603194236755371,nan
15.460,0,140.37643432617188,195.32379150390625,200.23568725585938,257.1394348144531,256.708251953125,255.37210083007812,0.5320529341697693,0.6230062246322632,0.558953046798706,74.68769073486328,121.68793487548828,111.92234802246094,-49.88882827758789,-81.25285339355469,-93.78887176513672,23.22212028503418,68.01762390136719,23.921772003173828,0.6679658889770508,0.6677149534225464,0.837981641292572,4.5449604988098145,4.103415489196777,3.603194236755371,nan
15.480,0,140.37643432617188,195.32379150390625,200.23568725585938,257.1394348144531,256.708251953125,255.37210083007812,0.5320529341697693,0.6230062246322632,0.558953046798706,74.68769073486328,121.68793487548828,111.92234802246094,-49.88882827758789,-81.25285339355469,-93.78887176513672,23.22212028503418,68.01762390136719,23.921772003173828,0.6679658889770508,0.6677149534225464,0.837981641292572,4.5449604988098145,4.103415489196777,3.603194236755371,nan
15.500,0,140.37643432617188,195.32379150390625,200.23568725585938,257.1394348144531,256.708251953125,255.37210083007812,0.5320529341697693,0.6230062246322632,0.558953046798706,74.68769073486328,121.68793487548828,111.92234802246094,-49.88882827758789,-81.25285339355469,-93.78887176513672,23.22212028503418,68.01762390136719,23.921772003173828,0.6679658889770508,0.6677149534225464,0.837981641292572,4.5449604988098145,4.103415489196777,3.603194236755371,nan
15.520,0,140.37643432617188,195.32379150390625,200.23568725585938,257.1394348144531,256.708251953125,255.37210083007812,0.5320529341697693,0.6230062246322632,0.558953046798706,74.68769073486328,121.68793487548828,111.92234802246094,-49.88882827758789,-81.25285339355469,-93.78887176513672,23.22212028503418,68.01762390136719,23.921772003173828,0.6679658889770508,0.6677149534225464,0.837981641292572,4.5449604988098145,4.103415489196777,3.603194236755371,nan
15.540,0,140.37643432617188,195.32379150390625,200.23568725585938,257.1394348144531,256.708251953125,255.37210083007812,0.5320529341697693,0.6230062246322632,0.558953046798706,74.68769073486328,121.68793487548828,111.92234802246094,-49.88882827758789,-81.25285339355469,-93.78887176513672,23.22212028503418,68.01762390136719,23.921772003173828,0.6679658889770508,0.6677149534225464,0.837981641292572,4.5449604988098145,4.103415489196777,3.603194236755371,nan
15.560,0,140.37643432617188,195.32379150390625,200.23568725585938,257.1394348144531,256.708251953125,255.37210083007812,0.5320529341697693,0.6230062246322632,0.558953046798706,74.68769073486328,121.68793487548828,111.92234802246094,-49.88882827758789,-81.25285339355469,-93.78887176513672,23.22212028503418,68.01762390136719,23.921772003173828,0.6679658889770508,0.6677149534225464,0.837981641292572,4.5449604988098145,4.103415489196777,3.603194236755371,nan
15.580,0,140.37643432617188,195.32379150390625,200.23568725585938,257.1394348144531,256.708251953125,255.37210083007812,0.5320529341697693,0.6230062246322632,0.558953046798706,74.68769073486328,121.68793487548828,111.92234802246094,-49.88882827758789,-81.25285339355469,-93.78887176513672,23.22212028503418,68.01762390136719,23.921772003173828,0.6679658889770508,0.6677149534225464,0.837981641292572,4.5449604988098145,4.103415489196777,3.603194236755371,nan
15.600,0,140.39659118652344,195.13885498046875,200.08489990234375,257.0987243652344,256.74993896484375,255.3856964111328,0.530792236328125,0.6220489144325256,0.5599156618118286,74.52142333984375,121.38591003417969,112.03067016601562,-50.2717399597168,-80.80115509033203,-93.87788391113281,22.919599533081055,67.74903106689453,24.089153289794922,0.6745944619178772,0.6656551361083984,0.8379659056663513,4.54723596572876,4.131710052490234,3.5888235569000244,nan
15.620,0,140.39659118652344,195.13885498046875,200.08489990234375,257.0987243652344,256.74993896484375,255.3856964111328,0.530792236328125,0.6220489144325256,0.5599156618118286,74.52142333984375,121.38591003417969,112.03067016601562,-50.2717399597168,-80.80115509033203,-93.87788391113281,22.919599533081055,67.74903106689453,24.089153289794922,0.6745944619178772,0.6656551361083984,0.8379659056663513,4.54723596572876,4.131710052490234,3.5888235569000244,nan
15.640,0,140.39659118652344,195.13885498046875,200.08489990234375,257.0987243652344,256.74993896484375,255.3856964111328,0.530792236328125,0.6220489144325256,0.5599156618118286,74.52142333984375,121.38591003417969,112.03067016601562,-50.2717399597168,-80.80115509033203,-93.87788391113281,22.919599533081055,67.74903106689453,24.089153289794922,0.6745944619178772,0.6656551361083984,0.8379659056663513,4.54723596572876,4.131710052490234,3.5888235569000244,nan
15.660,0,140.39659118652344,195.13885498046875,200.08489990234375,257.0987243652344,256.74993896484375,255.3856964111328,0.530792236328125,0.6220489144325256,0.5599156618118286,74.52142333984375,121.38591003417969,112.03067016601562,-50.2717399597168,-80.80115509033203,-93.87788391113281,22.919599533081055,67.74903106689453,24.089153289794922,0.6745944619178772,0.6656551361083984,0.8379659056663513,4.54723596572876,4.131710052490234,3.5888235569000244,nan
15.680,0,140.39659118652344,195.13885498046875,200.08489990234375,257.0987243652344,256.74993896484375,255.3856964111328,0.530792236328125,0.6220489144325256,0.5599156618118286,74.52142333984375,121.38591003417969,112.03067016601562,-50.2717399597168,-80.80115509033203,-93.87788391113281,22.919599533081055,67.74903106689453,24.089153289794922,0.6745944619178772,0.6656551361083984,0.8379659056663513,4.54723596572876,4.131710052490234,3.5888235569000244,nan
15.700,0,140.39659118652344,195.13885498046875,200.08489990234375,257.0987243652344,256.74993896484375,255.3856964111328,0.530792236328125,0.6220489144325256,0.5599156618118286,74.52142333984375,121.38591003417969,112.03067016601562,-50.2717399597168,-80.80115509033203,-93.87788391113281,22.919599533081055,67.74903106689453,24.089153289794922,0.6745944619178772,0.6656551361083984,0.8379659056663513,4.54723596572876,4.131710052490234,3.5888235569000244,nan
15.720,0,140.39659118652344,195.13885498046875,200.08489990234375,257.0987243652344,256.74993896484375,255.3856964111328,0.530792236328125,0.6220489144325256,0.5599156618118286,74.52142333984375,121.38591003417969,112.03067016601562,-50.2717399597168,-80.80115509033203,-93.87788391113281,22.919599533081055,67.74903106689453,24.089153289794922,0.6745944619178772,0.6656551361083984,0.8379659056663513,4.54723596572876,4.131710052490234,3.5888235569000244,nan
15.740,0,140.39659118652344,195.13885498046875,200.08489990234375,257.0987243652344,256.74993896484375,255.3856964111328,0.530792236328125,0.6220489144325256,0.5599156618118286,74.52142333984375,121.38591003417969,112.03067016601562,-50.2717399597168,-80.80115509033203,-93.87788391113281,22.919599533081055,67.74903106689453,24.089153289794922,0.6745944619178772,0.6656551361083984,0.8379659056663513,4.54723596572876,4.131710052490234,3.5888235569000244,nan
15.760,0,140.39659118652344,195.13885498046875,200.08489990234375,257.0987243652344,256.74993896484375,255.3856964111328,0.530792236328125,0.6220489144325256,0.5599156618118286,74.52142333984375,121.38591003417969,112.03067016601562,-50.2717399597168,-80.80115509033203,-93.87788391113281,22.919599533081055,67.74903106689453,24.089153289794922,0.6745944619178772,0.6656551361083984,0.8379659056663513,4.54723596572876,4.131710052490234,3.5888235569000244,nan
15.780,0,140.39659118652344,195.13885498046875,200.08489990234375,257.0987243652344,256.74993896484375,255.3856964111328,0.530792236328125,0.6220489144325256,0.5599156618118286,74.52142333984375,121.38591003417969,112.03067016601562,-50.2717399597168,-80.80115509033203,-93.87788391113281,22.919599533081055,67.74903106689453,24.089153289794922,0.6745944619178772,0.6656551361083984,0.8379659056663513,4.54723596572876,4.131710052490234,3.5888235569000244,nan
15.800,0,140.36209106445312,195.2265625,200.1769561767578,257.0343017578125,256.7754211425781,255.29095458984375,0.5265606641769409,0.6201499700546265,0.5589519143104553,73.9091567993164,121.06974792480469,111.88928985595703,-49.91358947753906,-80.67982482910156,-93.53885650634766,22.808956146240234,67.45903015136719,23.479978561401367,0.675337016582489,0.6663913130760193,0.8359947204589844,4.526151657104492,4.108153343200684,3.5756609439849854,nan
15.820,0,140.36209106445312,195.2265625,200.1769561767578,257.0343017578125,256.7754211425781,255.29095458984375,0.5265606641769409,0.6201499700546265,0.5589519143104553,73.9091567993164,121.06974792480469,111.88928985595703,-49.91358947753906,-80.67982482910156,-93.53885650634766,22.808956146240234,67.45903015136719,23.479978561401367,0.675337016582489,0.6663913130760193,0.8359947204589844,4.526151657104492,4.108153343200684,3.5756609439849854,nan
15.840,0,140.36209106445312,195.2265625,200.1769561767578,257.0343017578125,256.7754211425781,255.29095458984375,0.5265606641769409,0.6201499700546265,0.5589519143104553,73.9091567993164,121.06974792480469,111.88928985595703,-49.91358947753906,-80.67982482910156,-93.53885650634766,22.808956146240234,67.45903015136719,23.479978561401367,0.675337016582489,0.6663913130760193,0.8359947204589844,4.526151657104492,4.108153343200684,3.5756609439849854,nan
15.860,0,140.36209106445312,195.2265625,200.1769561767578,257.0343017578125,256.7754211425781,255.29095458984375,0.5265606641769409,0.6201499700546265,0.5589519143104553,73.9091567993164,121.06974792480469,111.88928985595703,-49.91358947753906,-80.67982482910156,-93.53885650634766,22.808956146240234,67.45903015136719,23.479978561401367,0.675337016582489,0.6663913130760193,0.8359947204589844,4.526151657104492,4.108153343200684,3.5756609439849854,nan
15.880,0,140.36209106445312,195.2265625,200.1769561767578,257.0343017578125,256.7754211425781,255.29095458984375,0.5265606641769409,0.6201499700546265,0.5589519143104553,73.9091567993164,121.06974792480469,111.88928985595703,-49.91358947753906,-80.67982482910156,-93.53885650634766,22.808956146240234,67.45903015136719,23.479978561401367,0.675337016582489,0.6663913130760193,0.8359947204589844,4.526151657104492,4.108153343200684,3.5756609439849854,nan
15.900,0,140.36209106445312,195.2265625,200.1769561767578,257.0343017578125,256.7754211425781,255.29095458984375,0.5265606641769409,0.6201499700546265,0.5589519143104553,73.9091567993164,121.06974792480469,111.88928985595703,-49.91358947753906,-80.67982482910156,-93.53885650634766,22.808956146240234,67.45903015136719,23.479978561401367,0.675337016582489,0.6663913130760193,0.8359947204589844,4.526151657104492,4.108153343200684,3.5756609439849854,nan
15.920,0,140.36209106445312,195.2265625,200.1769561767578,257.0343017578125,256.7754211425781,255.29095458984375,0.5265606641769409,0.6201499700546265,0.5589519143104553,73.9091567993164,121.06974792480469,111.88928985595703,-49.91358947753906,-80.67982482910156,-93.53885650634766,22.808956146240234,67.45903015136719,23.479978561401367,0.675337016582489,0.6663913130760193,0.8359947204589844,4.526151657104492,4.108153343200684,3.5756609439849854,nan
15.940,0,140.36209106445312,195.2265625,200.1769561767578,257.0343017578125,256.7754211425781,255.29095458984375,0.5265606641769409,0.6201499700546265,0.5589519143104553,73.9091567993164,121.06974792480469,111.88928985595703,-49.91358947753906,-80.67982482910156,-93.53885650634766,22.808956146240234,67.45903015136719,23.479978561401367,0.675337016582489,0.6663913130760193,0.8359947204589844,4.526151657104492,4.108153343200684,3.5756609439849854,nan
15.960,0,140.36209106445312,195.2265625,200.1769561767578,257.0343017578125,256.7754211425781,255.29095458984375,0.5265606641769409,0.6201499700546265,0.5589519143104553,73.9091567993164,121.06974792480469,111.88928985595703,-49.91358947753906,-80.67982482910156,-93.53885650634766,22.808956146240234,67.45903015136719,23.479978561401367,0.675337016582489,0.6663913130760193,0.8359947204589844,4.526151657104492,4.108153343200684,3.5756609439849854,nan
15.980,0,140.36209106445312,195.2265625,200.1769561767578,257.0343017578125,256.7754211425781,255.29095458984375,0.5265606641769409,0.6201499700546265,0.5589519143104553,73.9091567993164,121.06974792480469,111.88928985595703,-49.91358947753906,-80.67982482910156,-93.53885650634766,22.808956146240234,67.45903015136719,23.479978561401367,0.675337016582489,0.6663913130760193,0.8359947204589844,4.526151657104492,4.108153343200684,3.5756609439849854,nan
16.000,0,140.27369689941406,195.30081176757812,200.25973510742188,257.0405578613281,256.8097229003906,255.21063232421875,0.5278630256652832,0.6194347739219666,0.5597971081733704,74.04529571533203,120.97611236572266,112.10482025146484,-50.10886764526367,-80.30388641357422,-94.2798080444336,21.933950424194336,67.48172760009766,23.862060546875,0.67673259973526,0.663799524307251,0.8409969210624695,4.49968147277832,4.062251567840576,3.5804715156555176,nan
16.020,0,140.27369689941406,195.30081176757812,200.25973510742188,257.0405578613281,256.8097229003906,255.21063232421875,0.5278630256652832,0.6194347739219666,0.5597971081733704,74.04529571533203,120.97611236572266,112.10482025146484,-50.10886764526367,-80.30388641357422,-94.2798080444336,21.933950424194336,67.48172760009766,23.862060546875,0.67673259973526,0.663799524307251,0.8409969210624695,4.49968147277832,4.062251567840576,3.5804715156555176,nan
16.040,0,140.27369689941406,195.30081176757812,200.25973510742188,257.0405578613281,256.8097229003906,255.21063232421875,0.5278630256652832,0.6194347739219666,0.5597971081733704,74.04529571533203,120.97611236572266,112.10482025146484,-50.10886764526367,-80.30388641357422,-94.2798080444336,21.933950424194336,67.48172760009766,23.862060546875,0.67673259973526,0.663799524307251,0.8409969210624695,4.49968147277832,4.062251567840576,3.5804715156555176,nan
16.060,0,140.27369689941406,195.30081176757812,200.25973510742188,257.0405578613281,256.8097229003906,255.21063232421875,0.5278630256652832,0.6194347739219666,0.5597971081733704,74.04529571533203,120.97611236572266,112.10482025146484,-50.10886764526367,-80.30388641357422,-94.2798080444336,21.933950424194336,67.48172760009766,23.862060546875,0.67673259973526,0.663799524307251,0.8409969210624695,4.49968147277832,4.062251567840576,3.5804715156555176,nan
16.080,0,140.27369689941406,195.30081176757812,200.25973510742188,257.0405578613281,256.8097229003906,255.21063232421875,0.5278630256652832,0.6194347739219666,0.5597971081733704,74.04529571533203,120.97611236572266,112.10482025146484,-50.10886764526367,-80.30388641357422,-94.2798080444336,21.933950424194336,67.48172760009766,23.862060546875,0.67673259973526,0.663799524307251,0.8409969210624695,4.49968147277832,4.062251567840576,3.5804715156555176,nan
16.100,0,140.27369689941406,195.30081176757812,200.25973510742188,257.0405578613281,256.8097229003906,255.21063232421875,0.5278630256652832,0.6194347739219666,0.5597971081733704,74.04529571533203,120.97611236572266,112.10482025146484,-50.10886764526367,-80.30388641357422,-94.2798080444336,21.933950424194336,67.48172760009766,23.862060546875,0.67673259973526,0.663799524307251,0.8409969210624695,4.49968147277832,4.062251567840576,3.5804715156555176,nan
16.120,0,140.27369689941406,195.30081176757812,200.25973510742188,257.0405578613281,256.8097229003906,255.21063232421875,0.5278630256652832,0.6194347739219666,0.5597971081733704,74.04529571533203,120.97611236572266,112.10482025146484,-50.10886764526367,-80.30388641357422,-94.2798080444336,21.933950424194336,67.48172760009766,23.862060546875,0.67673259973526,0.663799524307251,0.8409969210624695,4.49968147277832,4.062251567840576,3.5804715156555176,nan
16.140,0,140.27369689941406,195.30081176757812,200.25973510742188,257.0405578613281,256.8097229003906,255.21063232421875,0.5278630256652832,0.6194347739219666,0.5597971081733704,74.04529571533203,120.97611236572266,112.10482025146484,-50.10886764526367,-80.30388641357422,-94.2798080444336,21.933950424194336,67.48172760009766,23.862060546875,0.67673259973526,0.663799524307251,0.8409969210624695,4.49968147277832,4.062251567840576,3.5804715156555176,nan
16.160,0,140.27369689941406,195.30081176757812,200.25973510742188,257.0405578613281,256.8097229003906,255.21063232421875,0.5278630256652832,0.6194347739219666,0.5597971081733704,74.04529571533203,120.97611236572266,112.10482025146484,-50.10886764526367,-80.30388641357422,-94.2798080444336,21.933950424194336,67.48172760009766,23.862060546875,0.67673259973526,0.663799524307251,0.8409969210624695,4.49968147277832,4.062251567840576,3.5804715156555176,nan
16.180,0,140.27369689941406,195.30081176757812,200.25973510742188,257.0405578613281,256.8097229003906,255.21063232421875,0.5278630256652832,0.6194347739219666,0.5597971081733704,74.04529571533203,120.97611236572266,112.10482025146484,-50.10886764526367,-80.30388641357422,-94.2798080444336,21.933950424194336,67.48172760009766,23.862060546875,0.67673259973526,0.663799524307251,0.8409969210624695,4.49968147277832,4.062251567840576,3.5804715156555176,nan
16.200,0,140.2068328857422,195.29074096679688,200.20509338378906,256.9620361328125,256.7745361328125,255.2423553466797,0.5300506353378296,0.6191407442092896,0.5567253232002258,74.31671905517578,120.9124526977539,111.45924377441406,-49.680904388427734,-80.93811798095703,-93.86470794677734,22.376909255981445,67.4633560180664,23.464345932006836,0.6685023903846741,0.6693943738937378,0.8421437740325928,4.514294624328613,4.104955673217773,3.5543606281280518,nan
16.220,0,140.2068328857422,195.29074096679688,200.20509338378906,256.9620361328125,256.7745361328125,255.2423553466797,0.5300506353378296,0.6191407442092896,0.5567253232002258,74.31671905517578,120.9124526977539,111.45924377441406,-49.680904388427734,-80.93811798095703,-93.86470794677734,22.376909255981445,67.4633560180664,23.464345932006836,0.6685023903846741,0.6693943738937378,0.8421437740325928,4.514294624328613,4.104955673217773,3.5543606281280518,nan
16.240,0,140.2068328857422,195.29074096679688,200.20509338378906,256.9620361328125,256.7745361328125,255.2423553466797,0.5300506353378296,0.6191407442092896,0.5567253232002258,74.31671905517578,120.9124526977539,111.45924377441406,-49.680904388427734,-80.93811798095703,-93.86470794677734,22.376909255981445,67.4633560180664,23.464345932006836,0.6685023903846741,0.6693943738937378,0.8421437740325928,4.514294624328613,4.104955673217773,3.5543606281280518,nan
16.260,0,140.2068328857422,195.29074096679688,200.20509338378906,256.9620361328125,256.7745361328125,255.2423553466797,0.5300506353378296,0.6191407442092896,0.5567253232002258,74.31671905517578,120.9124526977539,111.45924377441406,-49.680904388427734,-80.93811798095703,-93.86470794677734,22.376909255981445,67.4633560180664,23.464345932006836,0.6685023903846741,0.6693943738937378,0.8421437740325928,4.514294624328613,4.104955673217773,3.5543606281280518,nan
16.280,0,140.2068328857422,195.29074096679688,200.20509338378906,256.9620361328125,256.7745361328125,255.2423553466797,0.5300506353378296,0.6191407442092896,0.5567253232002258,74.31671905517578,120.9124526977539,111.45924377441406,-49.680904388427734,-80.93811798095703,-93.86470794677734,22.376909255981445,67.4633560180664,23.464345932006836,0.6685023903846741,0.6693943738937378,0.8421437740325928,4.514294624328613,4.104955673217773,3.5543606281280518,nan
16.300,0,140.2068328857422,195.29074096679688,200.20509338378906,256.9620361328125,256.7745361328125,255.2423553466797,0.5300506353378296,0.6191407442092896,0.5567253232002258,74.31671905517578,120.9124526977539,111.45924377441406,-49.680904388427734,-80.93811798095703,-93.86470794677734,22.376909255981445,67.4633560180664,23.464345932006836,0.6685023903846741,0.6693943738937378,0.8421437740325928,4.514294624328613,4.104955673217773,3.5543606281280518,nan
16.320,0,140.2068328857422,195.29074096679688,200.20509338378906,256.9620361328125,256.7745361328125,255.2423553466797,0.5300506353378296,0.6191407442092896,0.5567253232002258,74.31671905517578,120.9124526977539,111.45924377441406,-49.680904388427734,-80.93811798095703,-93.86470794677734,22.376909255981445,67.4633560180664,23.464345932006836,0.6685023903846741,0.6693943738937378,0.8421437740325928,4.514294624328613,4.104955673217773,3.5543606281280518,nan
16.340,0,140.2068328857422,195.29074096679688,200.20509338378906,256.9620361328125,256.7745361328125,255.2423553466797,0.5300506353378296,0.6191407442092896,0.5567253232002258,74.31671905517578,120.9124526977539,111.45924377441406,-49.680904388427734,-80.93811798095703,-93.86470794677734,22.376909255981445,67.4633560180664,23.464345932006836,0.6685023903846741,0.6693943738937378,0.8421437740325928,4.514294624328613,4.104955673217773,3.5543606281280518,nan
16.360,0,140.2068328857422,195.29074096679688,200.20509338378906,256.9620361328125,256.7745361328125,255.2423553466797,0.5300506353378296,0.6191407442092896,0.5567253232002258,74.31671905517578,120.9124526977539,111.45924377441406,-49.680904388427734,-80.93811798095703,-93.86470794677734,22.376909255981445,67.4633560180664,23.464345932006836,0.6685023903846741,0.6693943738937378,0.8421437740325928,4.514294624328613,4.104955673217773,3.5543606281280518,nan
16.380,0,140.2068328857422,195.29074096679688,200.20509338378906,256.9620361328125,256.7745361328125,255.2423553466797,0.5300506353378296,0.6191407442092896,0.5567253232002258,74.31671905517578,120.9124526977539,111.45924377441406,-49.680904388427734,-80.93811798095703,-93.86470794677734,22.376909255981445,67.4633560180664,23.464345932006836,0.6685023903846741,0.6693943738937378,0.8421437740325928,4.514294624328613,4.104955673217773,3.5543606281280518,nan
16.400,0,140.2627410888672,195.281494140625,200.14352416992188,257.0389099121094,256.8309631347656,255.1813201904297,0.5291488766670227,0.6192144751548767,0.5549402832984924,74.2198715209961,120.92112731933594,111.06770324707031,-50.0047721862793,-80.86848449707031,-92.81642150878906,23.203277587890625,66.80354309082031,24.031402587890625,0.6737383008003235,0.6687704920768738,0.8356742858886719,4.555846214294434,4.124529838562012,3.593571424484253,nan
16.420,0,140.2627410888672,195.281494140625,200.14352416992188,257.0389099121094,256.8309631347656,255.1813201904297,0.5291488766670227,0.6192144751548767,0.5549402832984924,74.2198715209961,120.92112731933594,111.06770324707031,-50.0047721862793,-80.86848449707031,-92.81642150878906,23.203277587890625,66.80354309082031,24.031402587890625,0.6737383008003235,0.6687704920768738,0.8356742858886719,4.555846214294434,4.124529838562012,3.593571424484253,nan
16.440,0,140.2627410888672,195.281494140625,200.14352416992188,257.0389099121094,256.8309631347656,255.1813201904297,0.5291488766670227,0.6192144751548767,0.5549402832984924,74.2198715209961,120.92112731933594,111.06770324707031,-50.0047721862793,-80.86848449707031,-92.81642150878906,23.203277587890625,66.80354309082031,24.031402587890625,0.6737383008003235,0.6687704920768738,0.8356742858886719,4.555846214294434,4.124529838562012,3.593571424484253,nan
16.460,0,140.2627410888672,195.281494140625,200.14352416992188,257.0389099121094,256.8309631347656,255.1813201904297,0.5291488766670227,0.6192144751548767,0.5549402832984924,74.2198715209961,120.92112731933594,111.06770324707031,-50.0047721862793,-80.86848449707031,-92.81642150878906,23.203277587890625,66.80354309082031,24.031402587890625,0.6737383008003235,0.6687704920768738,0.8356742858886719,4.555846214294434,4.124529838562012,3.593571424484253,nan
16.480,0,140.2627410888672,195.281494140625,200.14352416992188,257.0389099121094,256.8309631347656,255.1813201904297,0.5291488766670227,0.6192144751548767,0.5549402832984924,74.2198715209961,120.92112731933594,111.06770324707031,-50.0047721862793,-80.86848449707031,-92.81642150878906,23.203277587890625,66.80354309082031,24.031402587890625,0.6737383008003235,0.6687704920768738,0.8356742858886719,4.555846214294434,4.124529838562012,3.593571424484253,nan
16.500,0,140.2627410888672,195.281494140625,200.14352416992188,257.0389099121094,256.8309631347656,255.1813201904297,0.5291488766670227,0.6192144751548767,0.5549402832984924,74.2198715209961,120.92112731933594,111.06770324707031,-50.0047721862793,-80.86848449707031,-92.81642150878906,23.203277587890625,66.80354309082031,24.031402587890625,0.6737383008003235,0.6687704920768738,0.8356742858886719,4.555846214294434,4.124529838562012,3.593571424484253,nan
16.520,0,140.2627410888672,195.281494140625,200.14352416992188,257.0389099121094,256.8309631347656,255.1813201904297,0.5291488766670227,0.6192144751548767,0.5549402832984924,74.2198715209961,120.92112731933594,111.06770324707031,-50.0047721862793,-80.86848449707031,-92.81642150878906,23.203277587890625,66.80354309082031,24.031402587890625,0.6737383008003235,0.6687704920768738,0.8356742858886719,4.555846214294434,4.124529838562012,3.593571424484253,nan
16.540,0,140.2627410888672,195.281494140625,200.14352416992188,257.0389099121094,256.8309631347656,255.1813201904297,0.5291488766670227,0.6192144751548767,0.5549402832984924,74.2198715209961,120.92112731933594,111.06770324707031,-50.0047721862793,-80.86848449707031,-92.81642150878906,23.203277587890625,66.80354309082031,24.031402587890625,0.6737383008003235,0.6687704920768738,0.8356742858886719,4.555846214294434,4.124529838562012,3.593571424484253,nan
16.560,0,140.2627410888672,195.281494140625,200.14352416992188,257.0389099121094,256.8309631347656,255.1813201904297,0.5291488766670227,0.6192144751548767,0.5549402832984924,74.2198715209961,120.92112731933594,111.06770324707031,-50.0047721862793,-80.86848449707031,-92.81642150878906,23.203277587890625,66.80354309082031,24.031402587890625,0.6737383008003235,0.6687704920768738,0.8356742858886719,4.555846214294434,4.124529838562012,3.593571424484253,nan
16.580,0,140.2627410888672,195.281494140625,200.14352416992188,257.0389099121094,256.8309631347656,255.1813201904297,0.5291488766670227,0.6192144751548767,0.5549402832984924,74.2198715209961,120.92112731933594,111.06770324707031,-50.0047721862793,-80.86848449707031,-92.81642150878906,23.203277587890625,66.80354309082031,24.031402587890625,0.6737383008003235,0.6687704920768738,0.8356742858886719,4.555846214294434,4.124529838562012,3.593571424484253,nan
16.600,0,140.28663635253906,195.36093139648438,200.24627685546875,257.1781921386719,256.92578125,255.2115936279297,0.5313757658004761,0.6218228936195374,0.5569532513618469,74.544921875,121.47989654541016,111.52781677246094,-50.23857116699219,-81.0500259399414,-93.1388168334961,23.32132911682129,67.51508331298828,24.0378475189209,0.6739368438720703,0.667188823223114,0.8351173400878906,4.594083309173584,4.180503845214844,3.593752145767212,nan
16.620,0,140.28663635253906,195.36093139648438,200.24627685546875,257.1781921386719,256.92578125,255.2115936279297,0.5313757658004761,0.6218228936195374,0.5569532513618469,74.544921875,121.47989654541016,111.52781677246094,-50.23857116699219,-81.0500259399414,-93.1388168334961,23.32132911682129,67.51508331298828,24.0378475189209,0.6739368438720703,0.667188823223114,0.8351173400878906,4.594083309173584,4.180503845214844,3.593752145767212,nan
16.640,0,140.28663635253906,195.36093139648438,200.24627685546875,257.1781921386719,256.92578125,255.2115936279297,0.5313757658004761,0.6218228936195374,0.5569532513618469,74.544921875,121.47989654541016,111.52781677246094,-50.23857116699219,-81.0500259399414,-93.1388168334961,23.32132911682129,67.51508331298828,24.0378475189209,0.6739368438720703,0.667188823223114,0.8351173400878906,4.594083309173584,4.180503845214844,3.593752145767212,nan
16.660,0,140.28663635253906,195.36093139648438,200.24627685546875,257.1781921386719,256.92578125,255.2115936279297,0.5313757658004761,0.6218228936195374,0.5569532513618469,74.544921875,121.47989654541016,111.52781677246094,-50.23857116699219,-81.0500259399414,-93.1388168334961,23.32132911682129,67.51508331298828,24.0378475189209,0.6739368438720703,0.667188823223114,0.8351173400878906,4.594083309173584,4.180503845214844,3.593752145767212,nan
16.680,0,140.28663635253906,195.36093139648438,200.24627685546875,257.1781921386719,256.92578125,255.2115936279297,0.5313757658004761,0.6218228936195374,0.5569532513618469,74.544921875,121.47989654541016,111.52781677246094,-50.23857116699219,-81.0500259399414,-93.1388168334961,23.32132911682129,67.51508331298828,24.0378475189209,0.6739368438720703,0.667188823223114,0.8351173400878906,4.594083309173584,4.180503845214844,3.593752145767212,nan
16.700,0,140.28663635253906,195.36093139648438,200.24627685546875,257.1781921386719,256.92578125,255.2115936279297,0.5313757658004761,0.6218228936195374,0.5569532513618469,74.544921875,121.47989654541016,111.52781677246094,-50.23857116699219,-81.0500259399414,-93.1388168334961,23.32132911682129,67.51508331298828,24.0378475189209,0.6739368438720703,0.667188823223114,0.8351173400878906,4.594083309173584,4.180503845214844,3.593752145767212,nan
16.720,0,140.28663635253906,195.36093139648438,200.24627685546875,257.1781921386719,256.92578125,255.2115936279297,0.5313757658004761,0.6218228936195374,0.5569532513618469,74.544921875,121.47989654541016,111.52781677246094,-50.23857116699219,-81.0500259399414,-93.1388168334961,23.32132911682129,67.51508331298828,24.0378475189209,0.6739368438720703,0.667188823223114,0.8351173400878906,4.594083309173584,4.180503845214844,3.593752145767212,nan
16.740,0,140.28663635253906,195.36093139648438,200.24627685546875,257.1781921386719,256.92578125,255.2115936279297,0.5313757658004761,0.6218228936195374,0.5569532513618469,74.544921875,121.47989654541016,111.52781677246094,-50.23857116699219,-81.0500259399414,-93.1388168334961,23.32132911682129,67.51508331298828,24.0378475189209,0.6739368438720703,0.667188823223114,0.8351173400878906,4.594083309173584,4.180503845214844,3.593752145767212,nan
16.760,0,140.28663635253906,195.36093139648438,200.24627685546875,257.1781921386719,256.92578125,255.2115936279297,0.5313757658004761,0.6218228936195374,0.5569532513618469,74.544921875,121.47989654541016,111.52781677246094,-50.23857116699219,-81.0500259399414,-93.1388168334961,23.32132911682129,67.51508331298828,24.0378475189209,0.6739368438720703,0.667188823223114,0.8351173400878906,4.594083309173584,4.180503845214844,3.593752145767212,nan
16.780,0,140.28663635253906,195.36093139648438,200.24627685546875,257.1781921386719,256.92578125,255.2115936279297,0.5313757658004761,0.6218228936195374,0.5569532513618469,74.544921875,121.47989654541016,111.52781677246094,-50.23857116699219,-81.0500259399414,-93.1388168334961,23.32132911682129,67.51508331298828,24.0378475189209,0.6739368438720703,0.667188823223114,0.8351173400878906,4.594083309173584,4.180503845214844,3.593752145767212,nan
16.800,0,140.23074340820312,195.27093505859375,200.13954162597656,257.124267578125,256.9336853027344,255.1786651611328,0.5276030898094177,0.6191071271896362,0.5558910369873047,73.98617553710938,120.89363098144531,111.25577545166016,-49.613346099853516,-80.25990295410156,-93.49078369140625,22.63306427001953,67.89725494384766,23.900060653686523,0.6705759167671204,0.6638885736465454,0.8403229713439941,4.548461437225342,4.180206298828125,3.6013875007629395,nan
16.820,0,140.23074340820312,195.27093505859375,200.13954162597656,257.124267578125,256.9336853027344,255.1786651611328,0.5276030898094177,0.6191071271896362,0.5558910369873047,73.98617553710938,120.89363098144531,111.25577545166016,-49.613346099853516,-80.25990295410156,-93.49078369140625,22.63306427001953,67.89725494384766,23.900060653686523,0.6705759167671204,0.6638885736465454,0.8403229713439941,4.548461437225342,4.180206298828125,3.6013875007629395,nan
16.840,0,140.23074340820312,195.27093505859375,200.13954162597656,257.124267578125,256.9336853027344,255.1786651611328,0.5276030898094177,0.6191071271896362,0.5558910369873047,73.98617553710938,120.89363098144531,111.25577545166016,-49.613346099853516,-80.25990295410156,-93.49078369140625,22.63306427001953,67.89725494384766,23.900060653686523,0.6705759167671204,0.6638885736465454,0.8403229713439941,4.548461437225342,4.180206298828125,3.6013875007629395,nan
16.860,0,140.23074340820312,195.27093505859375,200.13954162597656,257.124267578125,256.9336853027344,255.1786651611328,0.5276030898094177,0.6191071271896362,0.5558910369873047,73.98617553710938,120.89363098144531,111.25577545166016,-49.613346099853516,-80.25990295410156,-93.49078369140625,22.63306427001953,67.89725494384766,23.900060653686523,0.6705759167671204,0.6638885736465454,0.8403229713439941,4.548461437225342,4.180206298828125,3.6013875007629395,nan
16.880,0,140.23074340820312,195.27093505859375,200.13954162597656,257.124267578125,256.9336853027344,255.1786651611328,0.5276030898094177,0.6191071271896362,0.5558910369873047,73.98617553710938,120.89363098144531,111.25577545166016,-49.613346099853516,-80.25990295410156,-93.49078369140625,22.63306427001953,67.89725494384766,23.900060653686523,0.6705759167671204,0.6638885736465454,0.8403229713439941,4.548461437225342,4.180206298828125,3.6013875007629395,nan
16.900,0,140.23074340820312,195.27093505859375,200.13954162597656,257.124267578125,256.9336853027344,255.1786651611328,0.5276030898094177,0.6191071271896362,0.5558910369873047,73.98617553710938,120.89363098144531,111.25577545166016,-49.613346099853516,-80.25990295410156,-93.49078369140625,22.63306427001953,67.89725494384766,23.900060653686523,0.6705759167671204,0.6638885736465454,0.8403229713439941,4.548461437225342,4.180206298828125,3.6013875007629395,nan
16.920,0,140.23074340820312,195.27093505859375,200.13954162597656,257.124267578125,256.9336853027344,255.1786651611328,0.5276030898094177,0.6191071271896362,0.5558910369873047,73.98617553710938,120.89363098144531,111.25577545166016,-49.613346099853516,-80.25990295410156,-93.49078369140625,22.63306427001953,67.89725494384766,23.900060653686523,0.6705759167671204,0.6638885736465454,0.8403229713439941,4.548461437225342,4.180206298828125,3.6013875007629395,nan
16.940,0,140.23074340820312,195.27093505859375,200.13954162597656,257.124267578125,256.9336853027344,255.1786651611328,0.5276030898094177,0.6191071271896362,0.5558910369873047,73.98617553710938,120.89363098144531,111.25577545166016,-49.613346099853516,-80.25990295410156,-93.49078369140625,22.63306427001953,67.89725494384766,23.900060653686523,0.6705759167671204,0.6638885736465454,0.8403229713439941,4.548461437225342,4.180206298828125,3.6013875007629395,nan
16.960,0,140.23074340820312,195.27093505859375,200.13954162597656,257.124267578125,256.9336853027344,255.1786651611328,0.5276030898094177,0.6191071271896362,0.5558910369873047,73.98617553710938,120.89363098144531,111.25577545166016,-49.613346099853516,-80.25990295410156,-93.49078369140625,22.63306427001953,67.89725494384766,23.900060653686523,0.6705759167671204,0.6638885736465454,0.8403229713439941,4.548461437225342,4.180206298828125,3.6013875007629395,nan
16.980,0,140.23074340820312,195.27093505859375,200.13954162597656,257.124267578125,256.9336853027344,255.1786651611328,0.5276030898094177,0.6191071271896362,0.5558910369873047,73.98617553710938,120.89363098144531,111.25577545166016,-49.613346099853516,-80.25990295410156,-93.49078369140625,22.63306427001953,67.89725494384766,23.900060653686523,0.6705759167671204,0.6638885736465454,0.8403229713439941,4.548461437225342,4.180206298828125,3.6013875007629395,nan
17.000,0,140.21282958984375,195.38426208496094,200.15371704101562,257.2022399902344,256.9624938964844,255.12351989746094,0.528542160987854,0.6212791800498962,0.5602573752403259,74.10839080810547,121.38817596435547,112.1375961303711,-49.899288177490234,-80.79759216308594,-93.87379455566406,22.866186141967773,67.45193481445312,23.9770450592041,0.6733284592628479,0.6656133532524109,0.8371304273605347,4.54093074798584,4.130507469177246,3.635547637939453,nan
17.020,0,140.21282958984375,195.38426208496094,200.15371704101562,257.2022399902344,256.9624938964844,255.12351989746094,0.528542160987854,0.6212791800498962,0.5602573752403259,74.10839080810547,121.38817596435547,112.1375961303711,-49.899288177490234,-80.79759216308594,-93.87379455566406,22.866186141967773,67.45193481445312,23.9770450592041,0.6733284592628479,0.6656133532524109,0.8371304273605347,4.54093074798584,4.130507469177246,3.635547637939453,nan
17.040,0,140.21282958984375,195.38426208496094,200.15371704101562,257.2022399902344,256.9624938964844,255.12351989746094,0.528542160987854,0.6212791800498962,0.5602573752403259,74.10839080810547,121.38817596435547,112.1375961303711,-49.899288177490234,-80.79759216308594,-93.87379455566406,22.866186141967773,67.45193481445312,23.9770450592041,0.6733284592628479,0.6656133532524109,0.8371304273605347,4.54093074798584,4.130507469177246,3.635547637939453,nan
17.060,0,140.21282958984375,195.38426208496094,200.15371704101562,257.2022399902344,256.9624938964844,255.12351989746094,0.528542160987854,0.6212791800498962,0.5602573752403259,74.10839080810547,121.38817596435547,112.1375961303711,-49.899288177490234,-80.79759216308594,-93.87379455566406,22.866186141967773,67.45193481445312,23.9770450592041,0.6733284592628479,0.6656133532524109,0.8371304273605347,4.54093074798584,4.130507469177246,3.635547637939453,nan
17.080,0,140.21282958984375,195.38426208496094,200.15371704101562,257.2022399902344,256.9624938964844,255.12351989746094,0.528542160987854,0.6212791800498962,0.5602573752403259,74.10839080810547,121.38817596435547,112.1375961303711,-49.899288177490234,-80.79759216308594,-93.87379455566406,22.866186141967773,67.45193481445312,23.9770450592041,0.6733284592628479,0.6656133532524109,0.8371304273605347,4.54093074798584,4.130507469177246,3.635547637939453,nan
17.100,0,140.21282958984375,195.38426208496094,200.15371704101562,257.2022399902344,256.9624938964844,255.12351989746094,0.528542160987854,0.6212791800498962,0.5602573752403259,74.10839080810547,121.38817596435547,112.1375961303711,-49.899288177490234,-80.79759216308594,-93.87379455566406,22.866186141967773,67.45193481445312,23.9770450592041,0.6733284592628479,0.6656133532524109,0.8371304273605347,4.54093074798584,4.130507469177246,3.635547637939453,nan
17.120,0,140.21282958984375,195.38426208496094,200.15371704101562,257.2022399902344,256.9624938964844,255.12351989746094,0.528542160987854,0.6212791800498962,0.5602573752403259,74.10839080810547,121.38817596435547,112.1375961303711,-49.899288177490234,-80.79759216308594,-93.87379455566406,22.866186141967773,67.45193481445312,23.9770450592041,0.6733284592628479,0.6656133532524109,0.8371304273605347,4.54093074798584,4.130507469177246,3.635547637939453,nan
17.140,0,140.21282958984375,195.38426208496094,200.15371704101562,257.2022399902344,256.9624938964844,255.12351989746094,0.528542160987854,0.6212791800498962,0.5602573752403259,74.10839080810547,121.38817596435547,112.1375961303711,-49.899288177490234,-80.79759216308594,-93.87379455566406,22.866186141967773,67.45193481445312,23.9770450592041,0.6733284592628479,0.6656133532524109,0.8371304273605347,4.54093074798584,4.130507469177246,3.635547637939453,nan
17.160,0,140.21282958984375,195.38426208496094,200.15371704101562,257.2022399902344,256.9624938964844,255.12351989746094,0.528542160987854,0.6212791800498962,0.5602573752403259,74.10839080810547,121.38817596435547,112.1375961303711,-49.899288177490234,-80.79759216308594,-93.87379455566406,22.866186141967773,67.45193481445312,23.9770450592041,0.6733284592628479,0.6656133532524109,0.8371304273605347,4.54093074798584,4.130507469177246,3.635547637939453,nan
17.180,0,140.21282958984375,195.38426208496094,200.15371704101562,257.2022399902344,256.9624938964844,255.12351989746094,0.528542160987854,0.6212791800498962,0.5602573752403259,74.10839080810547,121.38817596435547,112.1375961303711,-49.899288177490234,-80.79759216308594,-93.87379455566406,22.866186141967773,67.45193481445312,23.9770450592041,0.6733284592628479,0.6656133532524109,0.8371304273605347,4.54093074798584,4.130507469177246,3.635547637939453,nan
17.200,0,140.25221252441406,195.30526733398438,200.10678100585938,257.1986999511719,256.9250793457031,255.18197631835938,0.53338223695755,0.6194494366645813,0.5580151677131653,74.80803680419922,120.98173522949219,111.6626205444336,-50.5268669128418,-80.99905395507812,-93.32329559326172,22.859621047973633,66.88108825683594,24.50359344482422,0.6754202842712402,0.6695147156715393,0.835761308670044,4.548956394195557,4.180359363555908,3.6602914333343506,nan
17.220,0,140.25221252441406,195.30526733398438,200.10678100585938,257.1986999511719,256.9250793457031,255.18197631835938,0.53338223695755,0.6194494366645813,0.5580151677131653,74.80803680419922,120.98173522949219,111.6626205444336,-50.5268669128418,-80.99905395507812,-93.32329559326172,22.859621047973633,66.88108825683594,24.50359344482422,0.6754202842712402,0.6695147156715393,0.835761308670044,4.548956394195557,4.180359363555908,3.6602914333343506,nan
17.240,0,140.25221252441406,195.30526733398438,200.10678100585938,257.1986999511719,256.9250793457031,255.18197631835938,0.53338223695755,0.6194494366645813,0.5580151677131653,74.80803680419922,120.98173522949219,111.6626205444336,-50.5268669128418,-80.99905395507812,-93.32329559326172,22.859621047973633,66.88108825683594,24.50359344482422,0.6754202842712402,0.6695147156715393,0.835761308670044,4.548956394195557,4.180359363555908,3.6602914333343506,nan
17.260,0,140.25221252441406,195.30526733398438,200.10678100585938,257.1986999511719,256.9250793457031,255.18197631835938,0.53338223695755,0.6194494366645813,0.5580151677131653,74.80803680419922,120.98173522949219,111.6626205444336,-50.5268669128418,-80.99905395507812,-93.32329559326172,22.859621047973633,66.88108825683594,24.50359344482422,0.6754202842712402,0.6695147156715393,0.835761308670044,4.548956394195557,4.180359363555908,3.6602914333343506,nan
17.280,0,140.25221252441406,195.30526733398438,200.10678100585938,257.1986999511719,256.9250793457031,255.18197631835938,0.53338223695755,0.6194494366645813,0.5580151677131653,74.80803680419922,120.98173522949219,111.6626205444336,-50.5268669128418,-80.99905395507812,-93.32329559326172,22.859621047973633,66.88108825683594,24.50359344482422,0.6754202842712402,0.6695147156715393,0.835761308670044,4.548956394195557,4.180359363555908,3.6602914333343506,nan
17.300,0,140.25221252441406,195.30526733398438,200.10678100585938,257.1986999511719,256.9250793457031,255.18197631835938,0.53338223695755,0.6194494366645813,0.5580151677131653,74.80803680419922,120.98173522949219,111.6626205444336,-50.5268669128418,-80.99905395507812,-93.32329559326172,22.859621047973633,66.88108825683594,24.50359344482422,0.6754202842712402,0.6695147156715393,0.835761308670044,4.548956394195557,4.180359363555908,3.6602914333343506,nan
17.320,0,140.25221252441406,195.30526733398438,200.10678100585938,257.1986999511719,256.9250793457031,255.18197631835938,0.53338223695755,0.6194494366645813,0.5580151677131653,74.80803680419922,120.98173522949219,111.6626205444336,-50.5268669128418,-80.99905395507812,-93.32329559326172,22.859621047973633,66.88108825683594,24.50359344482422,0.6754202842712402,0.6695147156715393,0.835761308670044,4.548956394195557,4.180359363555908,3.6602914333343506,nan
17.340,0,140.25221252441406,195.30526733398438,200.10678100585938,257.1986999511719,256.9250793457031,255.18197631835938,0.53338223695755,0.6194494366645813,0.5580151677131653,74.80803680419922,120.98173522949219,111.6626205444336,-50.5268669128418,-80.99905395507812,-93.32329559326172,22.859621047973633,66.88108825683594,24.50359344482422,0.6754202842712402,0.6695147156715393,0.835761308670044,4.548956394195557,4.180359363555908,3.6602914333343506,nan
17.360,0,140.25221252441406,195.30526733398438,200.10678100585938,257.1986999511719,256.9250793457031,255.18197631835938,0.53338223695755,0.6194494366645813,0.5580151677131653,74.80803680419922,120.98173522949219,111.6626205444336,-50.5268669128418,-80.99905395507812,-93.32329559326172,22.859621047973633,66.88108825683594,24.50359344482422,0.6754202842712402,0.6695147156715393,0.835761308670044,4.548956394195557,4.180359363555908,3.6602914333343506,nan
17.380,0,140.25221252441406,195.30526733398438,200.10678100585938,257.1986999511719,256.9250793457031,255.18197631835938,0.53338223695755,0.6194494366645813,0.5580151677131653,74.80803680419922,120.98173522949219,111.6626205444336,-50.5268669128418,-80.99905395507812,-93.32329559326172,22.859621047973633,66.88108825683594,24.50359344482422,0.6754202842712402,0.6695147156715393,0.835761308670044,4.548956394195557,4.180359363555908,3.6602914333343506,nan
17.400,0,140.22396850585938,195.37156677246094,200.22532653808594,257.2433776855469,256.966796875,255.15725708007812,0.5324549674987793,0.6177218556404114,0.5552574396133423,74.66294860839844,120.68528747558594,111.17660522460938,-50.455772399902344,-80.88030242919922,-93.05280303955078,22.906291961669922,66.59420013427734,24.276317596435547,0.6757805943489075,0.670175313949585,0.8369818925857544,4.550685405731201,4.159895420074463,3.6622393131256104,nan
17.420,0,140.22396850585938,195.37156677246094,200.22532653808594,257.2433776855469,256.966796875,255.15725708007812,0.5324549674987793,0.6177218556404114,0.5552574396133423,74.66294860839844,120.68528747558594,111.17660522460938,-50.455772399902344,-80.88030242919922,-93.05280303955078,22.906291961669922,66.59420013427734,24.276317596435547,0.6757805943489075,0.670175313949585,0.8369818925857544,4.550685405731201,4.159895420074463,3.6622393131256104,nan
17.440,0,140.22396850585938,195.37156677246094,200.22532653808594,257.2433776855469,256.966796875,255.15725708007812,0.5324549674987793,0.6177218556404114,0.5552574396133423,74.66294860839844,120.68528747558594,111.17660522460938,-50.455772399902344,-80.88030242919922,-93.05280303955078,22.906291961669922,66.59420013427734,24.276317596435547,0.6757805943489075,0.670175313949585,0.8369818925857544,4.550685405731201,4.159895420074463,3.6622393131256104,nan
17.460,0,140.22396850585938,195.37156677246094,200.22532653808594,257.2433776855469,256.966796875,255.15725708007812,0.5324549674987793,0.6177218556404114,0.5552574396133423,74.66294860839844,120.68528747558594,111.17660522460938,-50.455772399902344,-80.88030242919922,-93.05280303955078,22.906291961669922,66.59420013427734,24.276317596435547,0.6757805943489075,0.670175313949585,0.8369818925857544,4.550685405731201,4.159895420074463,3.6622393131256104,nan
17.480,0,140.22396850585938,195.37156677246094,200.22532653808594,257.2433776855469,256.966796875,255.15725708007812,0.5324549674987793,0.6177218556404114,0.5552574396133423,74.66294860839844,120.68528747558594,111.17660522460938,-50.455772399902344,-80.88030242919922,-93.05280303955078,22.906291961669922,66.59420013427734,24.276317596435547,0.6757805943489075,0.670175313949585,0.8369818925857544,4.550685405731201,4.159895420074463,3.6622393131256104,nan
17.500,0,140.22396850585938,195.37156677246094,200.22532653808594,257.2433776855469,256.966796875,255.15725708007812,0.5324549674987793,0.6177218556404114,0.5552574396133423,74.66294860839844,120.68528747558594,111.17660522460938,-50.455772399902344,-80.88030242919922,-93.05280303955078,22.906291961669922,66.59420013427734,24.276317596435547,0.6757805943489075,0.670175313949585,0.8369818925857544,4.550685405731201,4.159895420074463,3.6622393131256104,nan
17.520,0,140.22396850585938,195.37156677246094,200.22532653808594,257.2433776855469,256.966796875,255.15725708007812,0.5324549674987793,0.6177218556404114,0.5552574396133423,74.66294860839844,120.68528747558594,111.17660522460938,-50.455772399902344,-80.88030242919922,-93.05280303955078,22.906291961669922,66.59420013427734,24.276317596435547,0.6757805943489075,0.670175313949585,0.8369818925857544,4.550685405731201,4.159895420074463,3.6622393131256104,nan
17.540,0,140.22396850585938,195.37156677246094,200.22532653808594,257.2433776855469,256.966796875,255.15725708007812,0.5324549674987793,0.6177218556404114,0.5552574396133423,74.66294860839844,120.68528747558594,111.17660522460938,-50.455772399902344,-80.88030242919922,-93.05280303955078,22.906291961669922,66.59420013427734,24.276317596435547,0.6757805943489075,0.670175313949585,0.8369818925857544,4.550685405731201,4.159895420074463,3.6622393131256104,nan
17.560,0,140.22396850585938,195.37156677246094,200.22532653808594,257.2433776855469,256.966796875,255.15725708007812,0.5324549674987793,0.6177218556404114,0.5552574396133423,74.66294860839844,120.68528747558594,111.17660522460938,-50.455772399902344,-80.88030242919922,-93.05280303955078,22.906291961669922,66.59420013427734,24.276317596435547,0.6757805943489075,0.670175313949585,0.8369818925857544,4.550685405731201,4.159895420074463,3.6622393131256104,nan
17.580,0,140.22396850585938,195.37156677246094,200.22532653808594,257.2433776855469,256.966796875,255.15725708007812,0.5324549674987793,0.6177218556404114,0.5552574396133423,74.66294860839844,120.68528747558594,111.17660522460938,-50.455772399902344,-80.88030242919922,-93.05280303955078,22.906291961669922,66.59420013427734,24.276317596435547,0.6757805943489075,0.670175313949585,0.8369818925857544,4.550685405731201,4.159895420074463,3.6622393131256104,nan
17.600,0,140.21774291992188,195.45465087890625,200.23980712890625,257.293701171875,256.919189453125,255.12109375,0.5307990312576294,0.6194836497306824,0.5543413758277893,74.42744445800781,121.08096313476562,111.00121307373047,-50.11283493041992,-80.76152801513672,-93.0038070678711,22.85848045349121,67.44705963134766,24.225017547607422,0.6733112335205078,0.6670043468475342,0.8378629684448242,4.512622356414795,4.175218105316162,3.6730856895446777,nan
17.620,0,140.21774291992188,195.45465087890625,200.23980712890625,257.293701171875,256.919189453125,255.12109375,0.5307990312576294,0.6194836497306824,0.5543413758277893,74.42744445800781,121.08096313476562,111.00121307373047,-50.11283493041992,-80.76152801513672,-93.0038070678711,22.85848045349121,67.44705963134766,24.225017547607422,0.6733112335205078,0.6670043468475342,0.8378629684448242,4.512622356414795,4.175218105316162,3.6730856895446777,nan
17.640,0,140.21774291992188,195.45465087890625,200.23980712890625,257.293701171875,256.919189453125,255.12109375,0.5307990312576294,0.6194836497306824,0.5543413758277893,74.42744445800781,121.08096313476562,111.00121307373047,-50.11283493041992,-80.76152801513672,-93.0038070678711,22.85848045349121,67.44705963134766,24.225017547607422,0.6733112335205078,0.6670043468475342,0.8378629684448242,4.512622356414795,4.175218105316162,3.6730856895446777,nan
17.660,0,140.21774291992188,195.45465087890625,200.23980712890625,257.293701171875,256.919189453125,255.12109375,0.5307990312576294,0.6194836497306824,0.5543413758277893,74.42744445800781,121.08096313476562,111.00121307373047,-50.11283493041992,-80.76152801513672,-93.0038070678711,22.85848045349121,67.44705963134766,24.225017547607422,0.6733112335205078,0.6670043468475342,0.8378629684448242,4.512622356414795,4.175218105316162,3.6730856895446777,nan
17.680,0,140.21774291992188,195.45465087890625,200.23980712890625,257.293701171875,256.919189453125,255.12109375,0.5307990312576294,0.6194836497306824,0.5543413758277893,74.42744445800781,121.08096313476562,111.00121307373047,-50.11283493041992,-80.76152801513672,-93.0038070678711,22.85848045349121,67.44705963134766,24.225017547607422,0.6733112335205078,0.6670043468475342,0.8378629684448242,4.512622356414795,4.175218105316162,3.6730856895446777,nan
17.700,0,140.21774291992188,195.45465087890625,200.23980712890625,257.293701171875,256.919189453125,255.12109375,0.5307990312576294,0.6194836497306824,0.5543413758277893,74.42744445800781,121.08096313476562,111.00121307373047,-50.11283493041992,-80.76152801513672,-93.0038070678711,22.85848045349121,67.44705963134766,24.225017547607422,0.6733112335205078,0.6670043468475342,0.8378629684448242,4.512622356414795,4.175218105316162,3.6730856895446777,nan
17.720,0,140.21774291992188,195.45465087890625,200.23980712890625,257.293701171875,256.919189453125,255.12109375,0.5307990312576294,0.6194836497306824,0.5543413758277893,74.42744445800781,121.08096313476562,111.00121307373047,-50.11283493041992,-80.76152801513672,-93.0038070678711,22.85848045349121,67.44705963134766,24.225017547607422,0.6733112335205078,0.6670043468475342,0.8378629684448242,4.512622356414795,4.175218105316162,3.6730856895446777,nan
17.740,0,140.21774291992188,195.45465087890625,200.23980712890625,257.293701171875,256.919189453125,255.12109375,0.5307990312576294,0.6194836497306824,0.5543413758277893,74.42744445800781,121.08096313476562,111.00121307373047,-50.11283493041992,-80.76152801513672,-93.0038070678711,22.85848045349121,67.44705963134766,24.225017547607422,0.6733112335205078,0.6670043468475342,0.8378629684448242,4.512622356414795,4.175218105316162,3.6730856895446777,nan
17.760,0,140.21774291992188,195.45465087890625,200.23980712890625,257.293701171875,256.919189453125,255.12109375,0.5307990312576294,0.6194836497306824,0.5543413758277893,74.42744445800781,121.08096313476562,111.00121307373047,-50.11283493041992,-80.76152801513672,-93.0038070678711,22.85848045349121,67.44705963134766,24.225017547607422,0.6733112335205078,0.6670043468475342,0.8378629684448242,4.512622356414795,4.175218105316162,3.6730856895446777,nan
17.780,0,140.21774291992188,195.45465087890625,200.23980712890625,257.293701171875,256.919189453125,255.12109375,0.5307990312576294,0.6194836497306824,0.5543413758277893,74.42744445800781,121.08096313476562,111.00121307373047,-50.11283493041992,-80.76152801513672,-93.0038070678711,22.85848045349121,67.44705963134766,24.225017547607422,0.6733112335205078,0.6670043468475342,0.8378629684448242,4.512622356414795,4.175218105316162,3.6730856895446777,nan
17.800,0,140.2201385498047,195.3696746826172,200.12454223632812,257.30926513671875,256.9143371582031,255.1287384033203,0.5308163166046143,0.6208742260932922,0.5562195181846619,74.43113708496094,121.29999542236328,111.31317901611328,-49.72282028198242,-81.12509155273438,-93.28462219238281,23.09823226928711,67.8299560546875,23.927146911621094,0.6680378913879395,0.6687971353530884,0.8380375504493713,4.526047229766846,4.147881507873535,3.6732070446014404,nan
17.820,0,140.2201385498047,195.3696746826172,200.12454223632812,257.30926513671875,256.9143371582031,255.1287384033203,0.5308163166046143,0.6208742260932922,0.5562195181846619,74.43113708496094,121.29999542236328,111.31317901611328,-49.72282028198242,-81.12509155273438,-93.28462219238281,23.09823226928711,67.8299560546875,23.927146911621094,0.6680378913879395,0.6687971353530884,0.8380375504493713,4.526047229766846,4.147881507873535,3.6732070446014404,nan
17.840,0,140.2201385498047,195.3696746826172,200.12454223632812,257.30926513671875,256.9143371582031,255.1287384033203,0.5308163166046143,0.6208742260932922,0.5562195181846619,74.43113708496094,121.29999542236328,111.31317901611328,-49.72282028198242,-81.12509155273438,-93.28462219238281,23.09823226928711,67.8299560546875,23.927146911621094,0.6680378913879395,0.6687971353530884,0.8380375504493713,4.526047229766846,4.147881507873535,3.6732070446014404,nan
17.860,0,140.2201385498047,195.3696746826172,200.12454223632812,257.30926513671875,256.9143371582031,255.1287384033203,0.5308163166046143,0.6208742260932922,0.5562195181846619,74.43113708496094,121.29999542236328,111.31317901611328,-49.72282028198242,-81.12509155273438,-93.28462219238281,23.09823226928711,67.8299560546875,23.927146911621094,0.6680378913879395,0.6687971353530884,0.8380375504493713,4.526047229766846,4.147881507873535,3.6732070446014404,nan
17.880,0,140.2201385498047,195.3696746826172,200.12454223632812,257.30926513671875,256.9143371582031,255.1287384033203,0.5308163166046143,0.6208742260932922,0.5562195181846619,74.43113708496094,121.29999542236328,111.31317901611328,-49.72282028198242,-81.12509155273438,-93.28462219238281,23.09823226928711,67.8299560546875,23.927146911621094,0.6680378913879395,0.6687971353530884,0.8380375504493713,4.526047229766846,4.147881507873535,3.6732070446014404,nan
17.900,0,140.2201385498047,195.3696746826172,200.12454223632812,257.30926513671875,256.9143371582031,255.1287384033203,0.5308163166046143,0.6208742260932922,0.5562195181846619,74.43113708496094,121.29999542236328,111.31317901611328,-49.72282028198242,-81.12509155273438,-93.28462219238281,23.09823226928711,67.8299560546875,23.927146911621094,0.6680378913879395,0.6687971353530884,0.8380375504493713,4.526047229766846,4.147881507873535,3.6732070446014404,nan
17.920,0,140.2201385498047,195.3696746826172,200.12454223632812,257.30926513671875,256.9143371582031,255.1287384033203,0.5308163166046143,0.6208742260932922,0.5562195181846619,74.43113708496094,121.29999542236328,111.31317901611328,-49.72282028198242,-81.12509155273438,-93.28462219238281,23.09823226928711,67.8299560546875,23.927146911621094,0.6680378913879395,0.6687971353530884,0.8380375504493713,4.526047229766846,4.147881507873535,3.6732070446014404,nan
17.940,0,140.2201385498047,195.3696746826172,200.12454223632812,257.30926513671875,256.9143371582031,255.1287384033203,0.5308163166046143,0.6208742260932922,0.5562195181846619,74.43113708496094,121.29999542236328,111.31317901611328,-49.72282028198242,-81.12509155273438,-93.28462219238281,23.09823226928711,67.8299560546875,23.927146911621094,0.6680378913879395,0.6687971353530884,0.8380375504493713,4.526047229766846,4.147881507873535,3.6732070446014404,nan
17.960,0,140.2201385498047,195.3696746826172,200.12454223632812,257.30926513671875,256.9143371582031,255.1287384033203,0.5308163166046143,0.6208742260932922,0.5562195181846619,74.43113708496094,121.29999542236328,111.31317901611328,-49.72282028198242,-81.12509155273438,-93.28462219238281,23.09823226928711,67.8299560546875,23.927146911621094,0.6680378913879395,0.6687971353530884,0.8380375504493713,4.526047229766846,4.147881507873535,3.6732070446014404,nan
17.980,0,140.2201385498047,195.3696746826172,200.12454223632812,257.30926513671875,256.9143371582031,255.1287384033203,0.5308163166046143,0.6208742260932922,0.5562195181846619,74.43113708496094,121.29999542236328,111.31317901611328,-49.72282028198242,-81.12509155273438,-93.28462219238281,23.09823226928711,67.8299560546875,23.927146911621094,0.6680378913879395,0.6687971353530884,0.8380375504493713,4.526047229766846,4.147881507873535,3.6732070446014404,nan
18.000,0,140.2595672607422,195.4022674560547,200.1182098388672,257.33563232421875,256.89764404296875,255.08590698242188,0.5300222039222717,0.6199831366539001,0.5588045716285706,74.34068298339844,121.14611053466797,111.82697296142578,-50.02877426147461,-80.82514953613281,-93.39287567138672,23.40763282775879,67.6711196899414,23.985149383544922,0.6729663014411926,0.6671708226203918,0.835155189037323,4.565645694732666,4.150388240814209,3.671325445175171,nan
18.020,0,140.2595672607422,195.4022674560547,200.1182098388672,257.33563232421875,256.89764404296875,255.08590698242188,0.5300222039222717,0.6199831366539001,0.5588045716285706,74.34068298339844,121.14611053466797,111.82697296142578,-50.02877426147461,-80.82514953613281,-93.39287567138672,23.40763282775879,67.6711196899414,23.985149383544922,0.6729663014411926,0.6671708226203918,0.835155189037323,4.565645694732666,4.150388240814209,3.671325445175171,nan
18.040,0,140.2595672607422,195.4022674560547,200.1182098388672,257.33563232421875,256.89764404296875,255.08590698242188,0.5300222039222717,0.6199831366539001,0.5588045716285706,74.34068298339844,121.14611053466797,111.82697296142578,-50.02877426147461,-80.82514953613281,-93.39287567138672,23.40763282775879,67.6711196899414,23.985149383544922,0.6729663014411926,0.6671708226203918,0.835155189037323,4.565645694732666,4.150388240814209,3.671325445175171,nan
18.060,0,140.2595672607422,195.4022674560547,200.1182098388672,257.33563232421875,256.89764404296875,255.08590698242188,0.5300222039222717,0.6199831366539001,0.5588045716285706,74.34068298339844,121.14611053466797,111.82697296142578,-50.02877426147461,-80.82514953613281,-93.39287567138672,23.40763282775879,67.6711196899414,23.985149383544922,0.6729663014411926,0.6671708226203918,0.835155189037323,4.565645694732666,4.150388240814209,3.671325445175171,nan
18.080,0,140.2595672607422,195.4022674560547,200.1182098388672,257.33563232421875,256.89764404296875,255.08590698242188,0.5300222039222717,0.6199831366539001,0.5588045716285706,74.34068298339844,121.14611053466797,111.82697296142578,-50.02877426147461,-80.82514953613281,-93.39287567138672,23.40763282775879,67.6711196899414,23.985149383544922,0.6729663014411926,0.6671708226203918,0.835155189037323,4.565645694732666,4.150388240814209,3.671325445175171,nan
18.100,0,140.2595672607422,195.4022674560547,200.1182098388672,257.33563232421875,256.89764404296875,255.08590698242188,0.5300222039222717,0.6199831366539001,0.5588045716285706,74.34068298339844,121.14611053466797,111.82697296142578,-50.02877426147461,-80.82514953613281,-93.39287567138672,23.40763282775879,67.6711196899414,23.985149383544922,0.6729663014411926,0.6671708226203918,0.835155189037323,4.565645694732666,4.150388240814209,3.671325445175171,nan
18.120,0,140.2595672607422,195.4022674560547,200.1182098388672,257.33563232421875,256.89764404296875,255.08590698242188,0.5300222039222717,0.6199831366539001,0.5588045716285706,74.34068298339844,121.14611053466797,111.82697296142578,-50.02877426147461,-80.82514953613281,-93.39287567138672,23.40763282775879,67.6711196899414,23.985149383544922,0.6729663014411926,0.6671708226203918,0.835155189037323,4.565645694732666,4.150388240814209,3.671325445175171,nan
18.140,0,140.2595672607422,195.4022674560547,200.1182098388672,257.33563232421875,256.89764404296875,255.08590698242188,0.5300222039222717,0.6199831366539001,0.5588045716285706,74.34068298339844,121.14611053466797,111.82697296142578,-50.02877426147461,-80.82514953613281,-93.39287567138672,23.40763282775879,67.6711196899414,23.985149383544922,0.6729663014411926,0.6671708226203918,0.835155189037323,4.565645694732666,4.150388240814209,3.671325445175171,nan
18.160,0,140.2595672607422,195.4022674560547,200.1182098388672,257.33563232421875,256.89764404296875,255.08590698242188,0.5300222039222717,0.6199831366539001,0.5588045716285706,74.34068298339844,121.14611053466797,111.82697296142578,-50.02877426147461,-80.82514953613281,-93.39287567138672,23.40763282775879,67.6711196899414,23.985149383544922,0.6729663014411926,0.6671708226203918,0.835155189037323,4.565645694732666,4.150388240814209,3.671325445175171,nan
18.180,0,140.25717163085938,195.3050079345703,200.09210205078125,257.3372497558594,256.80523681640625,255.11854553222656,0.5349524617195129,0.6214429140090942,0.5571675300598145,75.03092193603516,121.37091064453125,111.48482513427734,-50.7874755859375,-80.81830596923828,-93.50714111328125,22.83987808227539,67.2968978881836,24.895431518554688,0.6768872737884521,0.6658787131309509,0.8387432098388672,4.5241312980651855,4.178895950317383,3.606067657470703,nan
18.200,0,140.25717163085938,195.3050079345703,200.09210205078125,257.3372497558594,256.80523681640625,255.11854553222656,0.5349524617195129,0.6214429140090942,0.5571675300598145,75.03092193603516,121.37091064453125,111.48482513427734,-50.7874755859375,-80.81830596923828,-93.50714111328125,22.83987808227539,67.2968978881836,24.895431518554688,0.6768872737884521,0.6658787131309509,0.8387432098388672,4.5241312980651855,4.178895950317383,3.606067657470703,nan
18.220,0,140.25717163085938,195.3050079345703,200.09210205078125,257.3372497558594,256.80523681640625,255.11854553222656,0.5349524617195129,0.6214429140090942,0.5571675300598145,75.03092193603516,121.37091064453125,111.48482513427734,-50.7874755859375,-80.81830596923828,-93.50714111328125,22.83987808227539,67.2968978881836,24.895431518554688,0.6768872737884521,0.6658787131309509,0.8387432098388672,4.5241312980651855,4.178895950317383,3.606067657470703,nan
18.240,0,140.25717163085938,195.3050079345703,200.09210205078125,257.3372497558594,256.80523681640625,255.11854553222656,0.5349524617195129,0.6214429140090942,0.5571675300598145,75.03092193603516,121.37091064453125,111.48482513427734,-50.7874755859375,-80.81830596923828,-93.50714111328125,22.83987808227539,67.2968978881836,24.895431518554688,0.6768872737884521,0.6658787131309509,0.8387432098388672,4.5241312980651855,4.178895950317383,3.606067657470703,nan
18.260,0,140.25717163085938,195.3050079345703,200.09210205078125,257.3372497558594,256.80523681640625,255.11854553222656,0.5349524617195129,0.6214429140090942,0.5571675300598145,75.03092193603516,121.37091064453125,111.48482513427734,-50.7874755859375,-80.81830596923828,-93.50714111328125,22.83987808227539,67.2968978881836,24.895431518554688,0.6768872737884521,0.6658787131309509,0.8387432098388672,4.5241312980651855,4.178895950317383,3.606067657470703,nan
18.280,0,140.25717163085938,195.3050079345703,200.09210205078125,257.3372497558594,256.80523681640625,255.11854553222656,0.5349524617195129,0.6214429140090942,0.5571675300598145,75.03092193603516,121.37091064453125,111.48482513427734,-50.7874755859375,-80.81830596923828,-93.50714111328125,22.83987808227539,67.2968978881836,24.895431518554688,0.6768872737884521,0.6658787131309509,0.8387432098388672,4.5241312980651855,4.178895950317383,3.606067657470703,nan
18.300,0,140.25717163085938,195.3050079345703,200.09210205078125,257.3372497558594,256.80523681640625,255.11854553222656,0.5349524617195129,0.6214429140090942,0.5571675300598145,75.03092193603516,121.37091064453125,111.48482513427734,-50.7874755859375,-80.81830596923828,-93.50714111328125,22.83987808227539,67.2968978881836,24.895431518554688,0.6768872737884521,0.6658787131309509,0.8387432098388672,4.5241312980651855,4.178895950317383,3.606067657470703,nan
18.320,0,140.25717163085938,195.3050079345703,200.09210205078125,257.3372497558594,256.80523681640625,255.11854553222656,0.5349524617195129,0.6214429140090942,0.5571675300598145,75.03092193603516,121.37091064453125,111.48482513427734,-50.7874755859375,-80.81830596923828,-93.50714111328125,22.83987808227539,67.2968978881836,24.895431518554688,0.6768872737884521,0.6658787131309509,0.8387432098388672,4.5241312980651855,4.178895950317383,3.606067657470703,nan
18.340,0,140.25717163085938,195.3050079345703,200.09210205078125,257.3372497558594,256.80523681640625,255.11854553222656,0.5349524617195129,0.6214429140090942,0.5571675300598145,75.03092193603516,121.37091064453125,111.48482513427734,-50.7874755859375,-80.81830596923828,-93.50714111328125,22.83987808227539,67.2968978881836,24.895431518554688,0.6768872737884521,0.6658787131309509,0.8387432098388672,4.5241312980651855,4.178895950317383,3.606067657470703,nan
18.360,0,140.25717163085938,195.3050079345703,200.09210205078125,257.3372497558594,256.80523681640625,255.11854553222656,0.5349524617195129,0.6214429140090942,0.5571675300598145,75.03092193603516,121.37091064453125,111.48482513427734,-50.7874755859375,-80.81830596923828,-93.50714111328125,22.83987808227539,67.2968978881836,24.895431518554688,0.6768872737884521,0.6658787131309509,0.8387432098388672,4.5241312980651855,4.178895950317383,3.606067657470703,nan
18.380,0,140.22946166992188,195.3050079345703,200.09210205078125,257.3372497558594,256.80523681640625,255.11854553222656,0.5349524617195129,0.6214429140090942,0.5571675300598145,75.03092193603516,121.37091064453125,111.48482513427734,-50.7874755859375,-80.81830596923828,-93.50714111328125,22.83987808227539,67.2968978881836,24.895431518554688,0.6768872737884521,0.6658787131309509,0.8387432098388672,4.5241312980651855,4.178895950317383,3.606067657470703,nan
18.400,0,140.22946166992188,195.4131317138672,200.20713806152344,257.3318786621094,256.7671813964844,255.10922241210938,0.531770646572113,0.6172492504119873,0.55799800157547,74.56990814208984,120.61860656738281,111.71517944335938,-50.22291564941406,-80.52609252929688,-93.77943420410156,22.341360092163086,67.18017578125,24.025705337524414,0.6735011339187622,0.6676092147827148,0.8394511342048645,4.510903358459473,4.162182807922363,3.5997323989868164,nan
18.420,0,140.22946166992188,195.4131317138672,200.20713806152344,257.3318786621094,256.7671813964844,255.10922241210938,0.531770646572113,0.6172492504119873,0.55799800157547,74.56990814208984,120.61860656738281,111.71517944335938,-50.22291564941406,-80.52609252929688,-93.77943420410156,22.341360092163086,67.18017578125,24.025705337524414,0.6735011339187622,0.6676092147827148,0.8394511342048645,4.510903358459473,4.162182807922363,3.5997323989868164,nan
18.440,0,140.22946166992188,195.4131317138672,200.20713806152344,257.3318786621094,256.7671813964844,255.10922241210938,0.531770646572113,0.6172492504119873,0.55799800157547,74.56990814208984,120.61860656738281,111.71517944335938,-50.22291564941406,-80.52609252929688,-93.77943420410156,22.341360092163086,67.18017578125,24.025705337524414,0.6735011339187622,0.6676092147827148,0.8394511342048645,4.510903358459473,4.162182807922363,3.5997323989868164,nan
18.460,0,140.22946166992188,195.4131317138672,200.20713806152344,257.3318786621094,256.7671813964844,255.10922241210938,0.531770646572113,0.6172492504119873,0.55799800157547,74.56990814208984,120.61860656738281,111.71517944335938,-50.22291564941406,-80.52609252929688,-93.77943420410156,22.341360092163086,67.18017578125,24.025705337524414,0.6735011339187622,0.6676092147827148,0.8394511342048645,4.510903358459473,4.162182807922363,3.5997323989868164,nan
18.480,0,140.22946166992188,195.4131317138672,200.20713806152344,257.3318786621094,256.7671813964844,255.10922241210938,0.531770646572113,0.6172492504119873,0.55799800157547,74.56990814208984,120.61860656738281,111.71517944335938,-50.22291564941406,-80.52609252929688,-93.77943420410156,22.341360092163086,67.18017578125,24.025705337524414,0.6735011339187622,0.6676092147827148,0.8394511342048645,4.510903358459473,4.162182807922363,3.5997323989868164,nan
18.500,0,140.22946166992188,195.4131317138672,200.20713806152344,257.3318786621094,256.7671813964844,255.10922241210938,0.531770646572113,0.6172492504119873,0.55799800157547,74.56990814208984,120.61860656738281,111.71517944335938,-50.22291564941406,-80.52609252929688,-93.77943420410156,22.341360092163086,67.18017578125,24.025705337524414,0.6735011339187622,0.6676092147827148,0.8394511342048645,4.510903358459473,4.162182807922363,3.5997323989868164,nan
18.520,0,140.22946166992188,195.4131317138672,200.20713806152344,257.3318786621094,256.7671813964844,255.10922241210938,0.531770646572113,0.6172492504119873,0.55799800157547,74.56990814208984,120.61860656738281,111.71517944335938,-50.22291564941406,-80.52609252929688,-93.77943420410156,22.341360092163086,67.18017578125,24.025705337524414,0.6735011339187622,0.6676092147827148,0.8394511342048645,4.510903358459473,4.162182807922363,3.5997323989868164,nan
18.540,0,140.22946166992188,195.4131317138672,200.20713806152344,257.3318786621094,256.7671813964844,255.10922241210938,0.531770646572113,0.6172492504119873,0.55799800157547,74.56990814208984,120.61860656738281,111.71517944335938,-50.22291564941406,-80.52609252929688,-93.77943420410156,22.341360092163086,67.18017578125,24.025705337524414,0.6735011339187622,0.6676092147827148,0.8394511342048645,4.510903358459473,4.162182807922363,3.5997323989868164,nan
18.560,0,140.22946166992188,195.4131317138672,200.20713806152344,257.3318786621094,256.7671813964844,255.10922241210938,0.531770646572113,0.6172492504119873,0.55799800157547,74.56990814208984,120.61860656738281,111.71517944335938,-50.22291564941406,-80.52609252929688,-93.77943420410156,22.341360092163086,67.18017578125,24.025705337524414,0.6735011339187622,0.6676092147827148,0.8394511342048645,4.510903358459473,4.162182807922363,3.5997323989868164,nan
18.580,0,140.26840209960938,195.37098693847656,200.09738159179688,257.37176513671875,256.7065734863281,255.10585021972656,0.5313689708709717,0.6169772744178772,0.5551908016204834,74.5342788696289,120.53945922851562,111.09222412109375,-50.244937896728516,-80.99860382080078,-92.89915466308594,22.846609115600586,66.47688293457031,23.789344787597656,0.6741185188293457,0.6719675660133362,0.8362345099449158,4.530599594116211,4.12060022354126,3.644557237625122,nan
18.600,0,140.26840209960938,195.37098693847656,200.09738159179688,257.37176513671875,256.7065734863281,255.10585021972656,0.5313689708709717,0.6169772744178772,0.5551908016204834,74.5342788696289,120.53945922851562,111.09222412109375,-50.244937896728516,-80.99860382080078,-92.89915466308594,22.846609115600586,66.47688293457031,23.789344787597656,0.6741185188293457,0.6719675660133362,0.8362345099449158,4.530599594116211,4.12060022354126,3.644557237625122,nan
18.620,0,140.26840209960938,195.37098693847656,200.09738159179688,257.37176513671875,256.7065734863281,255.10585021972656,0.5313689708709717,0.6169772744178772,0.5551908016204834,74.5342788696289,120.53945922851562,111.09222412109375,-50.244937896728516,-80.99860382080078,-92.89915466308594,22.846609115600586,66.47688293457031,23.789344787597656,0.6741185188293457,0.6719675660133362,0.8362345099449158,4.530599594116211,4.12060022354126,3.644557237625122,nan
18.640,0,140.26840209960938,195.37098693847656,200.09738159179688,257.37176513671875,256.7065734863281,255.10585021972656,0.5313689708709717,0.6169772744178772,0.5551908016204834,74.5342788696289,120.53945922851562,111.09222412109375,-50.244937896728516,-80.99860382080078,-92.89915466308594,22.846609115600586,66.47688293457031,23.789344787597656,0.6741185188293457,0.6719675660133362,0.8362345099449158,4.530599594116211,4.12060022354126,3.644557237625122,nan
18.660,0,140.26840209960938,195.37098693847656,200.09738159179688,257.37176513671875,256.7065734863281,255.10585021972656,0.5313689708709717,0.6169772744178772,0.5551908016204834,74.5342788696289,120.53945922851562,111.09222412109375,-50.244937896728516,-80.99860382080078,-92.89915466308594,22.846609115600586,66.47688293457031,23.789344787597656,0.6741185188293457,0.6719675660133362,0.8362345099449158,4.530599594116211,4.12060022354126,3.644557237625122,nan
18.680,0,140.26840209960938,195.37098693847656,200.09738159179688,257.37176513671875,256.7065734863281,255.10585021972656,0.5313689708709717,0.6169772744178772,0.5551908016204834,74.5342788696289,120.53945922851562,111.09222412109375,-50.244937896728516,-80.99860382080078,-92.89915466308594,22.846609115600586,66.47688293457031,23.789344787597656,0.6741185188293457,0.6719675660133362,0.8362345099449158,4.530599594116211,4.12060022354126,3.644557237625122,nan
18.700,0,140.26840209960938,195.37098693847656,200.09738159179688,257.37176513671875,256.7065734863281,255.10585021972656,0.5313689708709717,0.6169772744178772,0.5551908016204834,74.5342788696289,120.53945922851562,111.09222412109375,-50.244937896728516,-80.99860382080078,-92.89915466308594,22.846609115600586,66.47688293457031,23.789344787597656,0.6741185188293457,0.6719675660133362,0.8362345099449158,4.530599594116211,4.12060022354126,3.644557237625122,nan
18.720,0,140.26840209960938,195.37098693847656,200.09738159179688,257.37176513671875,256.7065734863281,255.10585021972656,0.5313689708709717,0.6169772744178772,0.5551908016204834,74.5342788696289,120.53945922851562,111.09222412109375,-50.244937896728516,-80.99860382080078,-92.89915466308594,22.846609115600586,66.47688293457031,23.789344787597656,0.6741185188293457,0.6719675660133362,0.8362345099449158,4.530599594116211,4.12060022354126,3.644557237625122,nan
18.740,0,140.26840209960938,195.37098693847656,200.09738159179688,257.37176513671875,256.7065734863281,255.10585021972656,0.5313689708709717,0.6169772744178772,0.5551908016204834,74.5342788696289,120.53945922851562,111.09222412109375,-50.244937896728516,-80.99860382080078,-92.89915466308594,22.846609115600586,66.47688293457031,23.789344787597656,0.6741185188293457,0.6719675660133362,0.8362345099449158,4.530599594116211,4.12060022354126,3.644557237625122,nan
18.760,0,140.26840209960938,195.37098693847656,200.09738159179688,257.37176513671875,256.7065734863281,255.10585021972656,0.5313689708709717,0.6169772744178772,0.5551908016204834,74.5342788696289,120.53945922851562,111.09222412109375,-50.244937896728516,-80.99860382080078,-92.89915466308594,22.846609115600586,66.47688293457031,23.789344787597656,0.6741185188293457,0.6719675660133362,0.8362345099449158,4.530599594116211,4.12060022354126,3.644557237625122,nan
18.780,0,140.26840209960938,195.37098693847656,200.09738159179688,257.37176513671875,256.7065734863281,255.10585021972656,0.5313689708709717,0.6169772744178772,0.5551908016204834,74.5342788696289,120.53945922851562,111.09222412109375,-50.244937896728516,-80.99860382080078,-92.89915466308594,22.846609115600586,66.47688293457031,23.789344787597656,0.6741185188293457,0.6719675660133362,0.8362345099449158,4.530599594116211,4.12060022354126,3.644557237625122,nan
18.800,0,140.32357788085938,195.30128479003906,199.9739990234375,257.3875427246094,256.64019775390625,255.07725524902344,0.5302498936653137,0.6196323037147522,0.555228590965271,74.40656280517578,121.01498413085938,111.03128051757812,-50.00770568847656,-81.2685775756836,-92.96721649169922,23.12736701965332,66.98851013183594,23.55567741394043,0.6720873117446899,0.6715579628944397,0.837306559085846,4.543052673339844,4.067590236663818,3.6303985118865967,nan
18.820,0,140.32357788085938,195.30128479003906,199.9739990234375,257.3875427246094,256.64019775390625,255.07725524902344,0.5302498936653137,0.6196323037147522,0.555228590965271,74.40656280517578,121.01498413085938,111.03128051757812,-50.00770568847656,-81.2685775756836,-92.96721649169922,23.12736701965332,66.98851013183594,23.55567741394043,0.6720873117446899,0.6715579628944397,0.837306559085846,4.543052673339844,4.067590236663818,3.6303985118865967,nan
18.840,0,140.32357788085938,195.30128479003906,199.9739990234375,257.3875427246094,256.64019775390625,255.07725524902344,0.5302498936653137,0.6196323037147522,0.555228590965271,74.40656280517578,121.01498413085938,111.03128051757812,-50.00770568847656,-81.2685775756836,-92.96721649169922,23.12736701965332,66.98851013183594,23.55567741394043,0.6720873117446899,0.6715579628944397,0.837306559085846,4.543052673339844,4.067590236663818,3.6303985118865967,nan
18.860,0,140.32357788085938,195.30128479003906,199.9739990234375,257.3875427246094,256.64019775390625,255.07725524902344,0.5302498936653137,0.6196323037147522,0.555228590965271,74.40656280517578,121.01498413085938,111.03128051757812,-50.00770568847656,-81.2685775756836,-92.96721649169922,23.12736701965332,66.98851013183594,23.55567741394043,0.6720873117446899,0.6715579628944397,0.837306559085846,4.543052673339844,4.067590236663818,3.6303985118865967,nan
18.880,0,140.32357788085938,195.30128479003906,199.9739990234375,257.3875427246094,256.64019775390625,255.07725524902344,0.5302498936653137,0.6196323037147522,0.555228590965271,74.40656280517578,121.01498413085938,111.03128051757812,-50.00770568847656,-81.2685775756836,-92.96721649169922,23.12736701965332,66.98851013183594,23.55567741394043,0.6720873117446899,0.6715579628944397,0.837306559085846,4.543052673339844,4.067590236663818,3.6303985118865967,nan
18.900,0,140.32357788085938,195.30128479003906,199.9739990234375,257.3875427246094,256.64019775390625,255.07725524902344,0.5302498936653137,0.6196323037147522,0.555228590965271,74.40656280517578,121.01498413085938,111.03128051757812,-50.00770568847656,-81.2685775756836,-92.96721649169922,23.12736701965332,66.98851013183594,23.55567741394043,0.6720873117446899,0.6715579628944397,0.837306559085846,4.543052673339844,4.067590236663818,3.6303985118865967,nan
18.920,0,140.32357788085938,195.30128479003906,199.9739990234375,257.3875427246094,256.64019775390625,255.07725524902344,0.5302498936653137,0.6196323037147522,0.555228590965271,74.40656280517578,121.01498413085938,111.03128051757812,-50.00770568847656,-81.2685775756836,-92.96721649169922,23.12736701965332,66.98851013183594,23.55567741394043,0.6720873117446899,0.6715579628944397,0.837306559085846,4.543052673339844,4.067590236663818,3.6303985118865967,nan
18.940,0,140.32357788085938,195.30128479003906,199.9739990234375,257.3875427246094,256.64019775390625,255.07725524902344,0.5302498936653137,0.6196323037147522,0.555228590965271,74.40656280517578,121.01498413085938,111.03128051757812,-50.00770568847656,-81.2685775756836,-92.96721649169922,23.12736701965332,66.98851013183594,23.55567741394043,0.6720873117446899,0.6715579628944397,0.837306559085846,4.543052673339844,4.067590236663818,3.6303985118865967,nan
18.960,0,140.32357788085938,195.30128479003906,199.9739990234375,257.3875427246094,256.64019775390625,255.07725524902344,0.5302498936653137,0.6196323037147522,0.555228590965271,74.40656280517578,121.01498413085938,111.03128051757812,-50.00770568847656,-81.2685775756836,-92.96721649169922,23.12736701965332,66.98851013183594,23.55567741394043,0.6720873117446899,0.6715579628944397,0.837306559085846,4.543052673339844,4.067590236663818,3.6303985118865967,nan
18.980,0,140.30242919921875,195.33241271972656,200.10617065429688,257.3215026855469,256.5652770996094,255.02757263183594,0.5280652046203613,0.6189265251159668,0.5545679926872253,74.08882904052734,120.89640808105469,110.97248077392578,-50.036312103271484,-80.60478973388672,-92.81865692138672,22.965700149536133,67.4232406616211,23.354867935180664,0.6753556728363037,0.6667261123657227,0.8364114761352539,4.605494976043701,4.136082172393799,3.650601625442505,nan
19.000,0,140.30242919921875,195.33241271972656,200.10617065429688,257.3215026855469,256.5652770996094,255.02757263183594,0.5280652046203613,0.6189265251159668,0.5545679926872253,74.08882904052734,120.89640808105469,110.97248077392578,-50.036312103271484,-80.60478973388672,-92.81865692138672,22.965700149536133,67.4232406616211,23.354867935180664,0.6753556728363037,0.6667261123657227,0.8364114761352539,4.605494976043701,4.136082172393799,3.650601625442505,nan
19.020,0,140.30242919921875,195.33241271972656,200.10617065429688,257.3215026855469,256.5652770996094,255.02757263183594,0.5280652046203613,0.6189265251159668,0.5545679926872253,74.08882904052734,120.89640808105469,110.97248077392578,-50.036312103271484,-80.60478973388672,-92.81865692138672,22.965700149536133,67.4232406616211,23.354867935180664,0.6753556728363037,0.6667261123657227,0.8364114761352539,4.605494976043701,4.136082172393799,3.650601625442505,nan
19.040,0,140.30242919921875,195.33241271972656,200.10617065429688,257.3215026855469,256.5652770996094,255.02757263183594,0.5280652046203613,0.6189265251159668,0.5545679926872253,74.08882904052734,120.89640808105469,110.97248077392578,-50.036312103271484,-80.60478973388672,-92.81865692138672,22.965700149536133,67.4232406616211,23.354867935180664,0.6753556728363037,0.6667261123657227,0.8364114761352539,4.605494976043701,4.136082172393799,3.650601625442505,nan
19.060,0,140.30242919921875,195.33241271972656,200.10617065429688,257.3215026855469,256.5652770996094,255.02757263183594,0.5280652046203613,0.6189265251159668,0.5545679926872253,74.08882904052734,120.89640808105469,110.97248077392578,-50.036312103271484,-80.60478973388672,-92.81865692138672,22.965700149536133,67.4232406616211,23.354867935180664,0.6753556728363037,0.6667261123657227,0.8364114761352539,4.605494976043701,4.136082172393799,3.650601625442505,nan
19.080,0,140.30242919921875,195.33241271972656,200.10617065429688,257.3215026855469,256.5652770996094,255.02757263183594,0.5280652046203613,0.6189265251159668,0.5545679926872253,74.08882904052734,120.89640808105469,110.97248077392578,-50.036312103271484,-80.60478973388672,-92.81865692138672,22.965700149536133,67.4232406616211,23.354867935180664,0.6753556728363037,0.6667261123657227,0.8364114761352539,4.605494976043701,4.136082172393799,3.650601625442505,nan
19.100,0,140.30242919921875,195.33241271972656,200.10617065429688,257.3215026855469,256.5652770996094,255.02757263183594,0.5280652046203613,0.6189265251159668,0.5545679926872253,74.08882904052734,120.89640808105469,110.97248077392578,-50.036312103271484,-80.60478973388672,-92.81865692138672,22.965700149536133,67.4232406616211,23.354867935180664,0.6753556728363037,0.6667261123657227,0.8364114761352539,4.605494976043701,4.136082172393799,3.650601625442505,nan
19.120,0,140.30242919921875,195.33241271972656,200.10617065429688,257.3215026855469,256.5652770996094,255.02757263183594,0.5280652046203613,0.6189265251159668,0.5545679926872253,74.08882904052734,120.89640808105469,110.97248077392578,-50.036312103271484,-80.60478973388672,-92.81865692138672,22.965700149536133,67.4232406616211,23.354867935180664,0.6753556728363037,0.6667261123657227,0.8364114761352539,4.605494976043701,4.136082172393799,3.650601625442505,nan
19.140,0,140.30242919921875,195.33241271972656,200.10617065429688,257.3215026855469,256.5652770996094,255.02757263183594,0.5280652046203613,0.6189265251159668,0.5545679926872253,74.08882904052734,120.89640808105469,110.97248077392578,-50.036312103271484,-80.60478973388672,-92.81865692138672,22.965700149536133,67.4232406616211,23.354867935180664,0.6753556728363037,0.6667261123657227,0.8364114761352539,4.605494976043701,4.136082172393799,3.650601625442505,nan
19.160,0,140.30242919921875,195.33241271972656,200.10617065429688,257.3215026855469,256.5652770996094,255.02757263183594,0.5280652046203613,0.6189265251159668,0.5545679926872253,74.08882904052734,120.89640808105469,110.97248077392578,-50.036312103271484,-80.60478973388672,-92.81865692138672,22.965700149536133,67.4232406616211,23.354867935180664,0.6753556728363037,0.6667261123657227,0.8364114761352539,4.605494976043701,4.136082172393799,3.650601625442505,nan
19.180,0,140.29847717285156,195.26702880859375,200.11923217773438,257.2630310058594,256.5146484375,255.18675231933594,0.5314769148826599,0.6208337545394897,0.5573601722717285,74.56539916992188,121.22836303710938,111.53849029541016,-50.22614288330078,-80.56476593017578,-93.66910552978516,22.6821346282959,67.60262298583984,24.045434951782227,0.6735851168632507,0.6645702719688416,0.8397917747497559,4.562870979309082,4.222400665283203,3.6330699920654297,nan
19.200,0,140.29847717285156,195.26702880859375,200.11923217773438,257.2630310058594,256.5146484375,255.18675231933594,0.5314769148826599,0.6208337545394897,0.5573601722717285,74.56539916992188,121.22836303710938,111.53849029541016,-50.22614288330078,-80.56476593017578,-93.66910552978516,22.6821346282959,67.60262298583984,24.045434951782227,0.6735851168632507,0.6645702719688416,0.8397917747497559,4.562870979309082,4.222400665283203,3.6330699920654297,nan
19.220,0,140.29847717285156,195.26702880859375,200.11923217773438,257.2630310058594,256.5146484375,255.18675231933594,0.5314769148826599,0.6208337545394897,0.5573601722717285,74.56539916992188,121.22836303710938,111.53849029541016,-50.22614288330078,-80.56476593017578,-93.66910552978516,22.6821346282959,67.60262298583984,24.045434951782227,0.6735851168632507,0.6645702719688416,0.8397917747497559,4.562870979309082,4.222400665283203,3.6330699920654297,nan
19.240,0,140.29847717285156,195.26702880859375,200.11923217773438,257.2630310058594,256.5146484375,255.18675231933594,0.5314769148826599,0.6208337545394897,0.5573601722717285,74.56539916992188,121.22836303710938,111.53849029541016,-50.22614288330078,-80.56476593017578,-93.66910552978516,22.6821346282959,67.60262298583984,24.045434951782227,0.6735851168632507,0.6645702719688416,0.8397917747497559,4.562870979309082,4.222400665283203,3.6330699920654297,nan
19.260,0,140.29847717285156,195.26702880859375,200.11923217773438,257.2630310058594,256.5146484375,255.18675231933594,0.5314769148826599,0.6208337545394897,0.5573601722717285,74.56539916992188,121.22836303710938,111.53849029541016,-50.22614288330078,-80.56476593017578,-93.66910552978516,22.6821346282959,67.60262298583984,24.045434951782227,0.6735851168632507,0.6645702719688416,0.8397917747497559,4.562870979309082,4.222400665283203,3.6330699920654297,nan
19.280,0,140.29847717285156,195.26702880859375,200.11923217773438,257.2630310058594,256.5146484375,255.18675231933594,0.5314769148826599,0.6208337545394897,0.5573601722717285,74.56539916992188,121.22836303710938,111.53849029541016,-50.22614288330078,-80.56476593017578,-93.66910552978516,22.6821346282959,67.60262298583984,24.045434951782227,0.6735851168632507,0.6645702719688416,0.8397917747497559,4.562870979309082,4.222400665283203,3.6330699920654297,nan
19.300,0,140.29847717285156,195.26702880859375,200.11923217773438,257.2630310058594,256.5146484375,255.18675231933594,0.5314769148826599,0.6208337545394897,0.5573601722717285,74.56539916992188,121.22836303710938,111.53849029541016,-50.22614288330078,-80.56476593017578,-93.66910552978516,22.6821346282959,67.60262298583984,24.045434951782227,0.6735851168632507,0.6645702719688416,0.8397917747497559,4.562870979309082,4.222400665283203,3.6330699920654297,nan
19.320,0,140.29847717285156,195.26702880859375,200.11923217773438,257.2630310058594,256.5146484375,255.18675231933594,0.5314769148826599,0.6208337545394897,0.5573601722717285,74.56539916992188,121.22836303710938,111.53849029541016,-50.22614288330078,-80.56476593017578,-93.66910552978516,22.6821346282959,67.60262298583984,24.045434951782227,0.6735851168632507,0.6645702719688416,0.8397917747497559,4.562870979309082,4.222400665283203,3.6330699920654297,nan
19.340,0,140.29847717285156,195.26702880859375,200.11923217773438,257.2630310058594,256.5146484375,255.18675231933594,0.5314769148826599,0.6208337545394897,0.5573601722717285,74.56539916992188,121.22836303710938,111.53849029541016,-50.22614288330078,-80.56476593017578,-93.66910552978516,22.6821346282959,67.60262298583984,24.045434951782227,0.6735851168632507,0.6645702719688416,0.8397917747497559,4.562870979309082,4.222400665283203,3.6330699920654297,nan
19.360,0,140.29847717285156,195.26702880859375,200.11923217773438,257.2630310058594,256.5146484375,255.18675231933594,0.5314769148826599,0.6208337545394897,0.5573601722717285,74.56539916992188,121.22836303710938,111.53849029541016,-50.22614288330078,-80.56476593017578,-93.66910552978516,22.6821346282959,67.60262298583984,24.045434951782227,0.6735851168632507,0.6645702719688416,0.8397917747497559,4.562870979309082,4.222400665283203,3.6330699920654297,nan
19.380,0,140.30633544921875,195.2103729248047,200.08059692382812,257.252197265625,256.5820617675781,255.2631072998047,0.5303409695625305,0.6173900365829468,0.5566145777702332,74.41019439697266,120.52094268798828,111.3677749633789,-49.90093994140625,-80.80396270751953,-93.15005493164062,23.252126693725586,67.01023864746094,23.583526611328125,0.6706196665763855,0.6704557538032532,0.8364183902740479,4.597988128662109,4.264853477478027,3.7220473289489746,nan
19.400,0,140.30633544921875,195.2103729248047,200.08059692382812,257.252197265625,256.5820617675781,255.2631072998047,0.5303409695625305,0.6173900365829468,0.5566145777702332,74.41019439697266,120.52094268798828,111.3677749633789,-49.90093994140625,-80.80396270751953,-93.15005493164062,23.252126693725586,67.01023864746094,23.583526611328125,0.6706196665763855,0.6704557538032532,0.8364183902740479,4.597988128662109,4.264853477478027,3.7220473289489746,nan
19.420,0,140.30633544921875,195.2103729248047,200.08059692382812,257.252197265625,256.5820617675781,255.2631072998047,0.5303409695625305,0.6173900365829468,0.5566145777702332,74.41019439697266,120.52094268798828,111.3677749633789,-49.90093994140625,-80.80396270751953,-93.15005493164062,23.252126693725586,67.01023864746094,23.583526611328125,0.6706196665763855,0.6704557538032532,0.8364183902740479,4.597988128662109,4.264853477478027,3.7220473289489746,nan
19.440,0,140.30633544921875,195.2103729248047,200.08059692382812,257.252197265625,256.5820617675781,255.2631072998047,0.5303409695625305,0.6173900365829468,0.5566145777702332,74.41019439697266,120.52094268798828,111.3677749633789,-49.90093994140625,-80.80396270751953,-93.15005493164062,23.252126693725586,67.01023864746094,23.583526611328125,0.6706196665763855,0.6704557538032532,0.8364183902740479,4.597988128662109,4.264853477478027,3.7220473289489746,nan
19.460,0,140.30633544921875,195.2103729248047,200.08059692382812,257.252197265625,256.5820617675781,255.2631072998047,0.5303409695625305,0.6173900365829468,0.5566145777702332,74.41019439697266,120.52094268798828,111.3677749633789,-49.90093994140625,-80.80396270751953,-93.15005493164062,23.252126693725586,67.01023864746094,23.583526611328125,0.6706196665763855,0.6704557538032532,0.8364183902740479,4.597988128662109,4.264853477478027,3.7220473289489746,nan
19.480,0,140.30633544921875,195.2103729248047,200.08059692382812,257.252197265625,256.5820617675781,255.2631072998047,0.5303409695625305,0.6173900365829468,0.5566145777702332,74.41019439697266,120.52094268798828,111.3677749633789,-49.90093994140625,-80.80396270751953,-93.15005493164062,23.252126693725586,67.01023864746094,23.583526611328125,0.6706196665763855,0.6704557538032532,0.8364183902740479,4.597988128662109,4.264853477478027,3.7220473289489746,nan
19.500,0,140.30633544921875,195.2103729248047,200.08059692382812,257.252197265625,256.5820617675781,255.2631072998047,0.5303409695625305,0.6173900365829468,0.5566145777702332,74.41019439697266,120.52094268798828,111.3677749633789,-49.90093994140625,-80.80396270751953,-93.15005493164062,23.252126693725586,67.01023864746094,23.583526611328125,0.6706196665763855,0.6704557538032532,0.8364183902740479,4.597988128662109,4.264853477478027,3.7220473289489746,nan
19.520,0,140.30633544921875,195.2103729248047,200.08059692382812,257.252197265625,256.5820617675781,255.2631072998047,0.5303409695625305,0.6173900365829468,0.5566145777702332,74.41019439697266,120.52094268798828,111.3677749633789,-49.90093994140625,-80.80396270751953,-93.15005493164062,23.252126693725586,67.01023864746094,23.583526611328125,0.6706196665763855,0.6704557538032532,0.8364183902740479,4.597988128662109,4.264853477478027,3.7220473289489746,nan
19.540,0,140.30633544921875,195.2103729248047,200.08059692382812,257.252197265625,256.5820617675781,255.2631072998047,0.5303409695625305,0.6173900365829468,0.5566145777702332,74.41019439697266,120.52094268798828,111.3677749633789,-49.90093994140625,-80.80396270751953,-93.15005493164062,23.252126693725586,67.01023864746094,23.583526611328125,0.6706196665763855,0.6704557538032532,0.8364183902740479,4.597988128662109,4.264853477478027,3.7220473289489746,nan
19.560,0,140.30633544921875,195.2103729248047,200.08059692382812,257.252197265625,256.5820617675781,255.2631072998047,0.5303409695625305,0.6173900365829468,0.5566145777702332,74.41019439697266,120.52094268798828,111.3677749633789,-49.90093994140625,-80.80396270751953,-93.15005493164062,23.252126693725586,67.01023864746094,23.583526611328125,0.6706196665763855,0.6704557538032532,0.8364183902740479,4.597988128662109,4.264853477478027,3.7220473289489746,nan
19.580,0,140.4033660888672,195.25274658203125,200.1390838623047,257.3675842285156,256.5618896484375,255.2957763671875,0.5322197079658508,0.618159830570221,0.55906742811203,74.7254409790039,120.69740295410156,111.89124298095703,-50.81220626831055,-80.00053405761719,-93.35140228271484,22.980188369750977,67.08303833007812,25.144054412841797,0.6799853444099426,0.6628190279006958,0.8343048095703125,4.677154064178467,4.311652660369873,3.767557144165039,nan
19.600,0,140.4033660888672,195.25274658203125,200.1390838623047,257.3675842285156,256.5618896484375,255.2957763671875,0.5322197079658508,0.618159830570221,0.55906742811203,74.7254409790039,120.69740295410156,111.89124298095703,-50.81220626831055,-80.00053405761719,-93.35140228271484,22.980188369750977,67.08303833007812,25.144054412841797,0.6799853444099426,0.6628190279006958,0.8343048095703125,4.677154064178467,4.311652660369873,3.767557144165039,nan
19.620,0,140.4033660888672,195.25274658203125,200.1390838623047,257.3675842285156,256.5618896484375,255.2957763671875,0.5322197079658508,0.618159830570221,0.55906742811203,74.7254409790039,120.69740295410156,111.89124298095703,-50.81220626831055,-80.00053405761719,-93.35140228271484,22.980188369750977,67.08303833007812,25.144054412841797,0.6799853444099426,0.6628190279006958,0.8343048095703125,4.677154064178467,4.311652660369873,3.767557144165039,nan
19.640,0,140.4033660888672,195.25274658203125,200.1390838623047,257.3675842285156,256.5618896484375,255.2957763671875,0.5322197079658508,0.618159830570221,0.55906742811203,74.7254409790039,120.69740295410156,111.89124298095703,-50.81220626831055,-80.00053405761719,-93.35140228271484,22.980188369750977,67.08303833007812,25.144054412841797,0.6799853444099426,0.6628190279006958,0.8343048095703125,4.677154064178467,4.311652660369873,3.767557144165039,nan
19.660,0,140.4033660888672,195.25274658203125,200.1390838623047,257.3675842285156,256.5618896484375,255.2957763671875,0.5322197079658508,0.618159830570221,0.55906742811203,74.7254409790039,120.69740295410156,111.89124298095703,-50.81220626831055,-80.00053405761719,-93.35140228271484,22.980188369750977,67.08303833007812,25.144054412841797,0.6799853444099426,0.6628190279006958,0.8343048095703125,4.677154064178467,4.311652660369873,3.767557144165039,nan
19.680,0,140.4033660888672,195.25274658203125,200.1390838623047,257.3675842285156,256.5618896484375,255.2957763671875,0.5322197079658508,0.618159830570221,0.55906742811203,74.7254409790039,120.69740295410156,111.89124298095703,-50.81220626831055,-80.00053405761719,-93.35140228271484,22.980188369750977,67.08303833007812,25.144054412841797,0.6799853444099426,0.6628190279006958,0.8343048095703125,4.677154064178467,4.311652660369873,3.767557144165039,nan
19.700,0,140.4033660888672,195.25274658203125,200.1390838623047,257.3675842285156,256.5618896484375,255.2957763671875,0.5322197079658508,0.618159830570221,0.55906742811203,74.7254409790039,120.69740295410156,111.89124298095703,-50.81220626831055,-80.00053405761719,-93.35140228271484,22.980188369750977,67.08303833007812,25.144054412841797,0.6799853444099426,0.6628190279006958,0.8343048095703125,4.677154064178467,4.311652660369873,3.767557144165039,nan
19.720,0,140.4033660888672,195.25274658203125,200.1390838623047,257.3675842285156,256.5618896484375,255.2957763671875,0.5322197079658508,0.618159830570221,0.55906742811203,74.7254409790039,120.69740295410156,111.89124298095703,-50.81220626831055,-80.00053405761719,-93.35140228271484,22.980188369750977,67.08303833007812,25.144054412841797,0.6799853444099426,0.6628190279006958,0.8343048095703125,4.677154064178467,4.311652660369873,3.767557144165039,nan
19.740,0,140.4033660888672,195.25274658203125,200.1390838623047,257.3675842285156,256.5618896484375,255.2957763671875,0.5322197079658508,0.618159830570221,0.55906742811203,74.7254409790039,120.69740295410156,111.89124298095703,-50.81220626831055,-80.00053405761719,-93.35140228271484,22.980188369750977,67.08303833007812,25.144054412841797,0.6799853444099426,0.6628190279006958,0.8343048095703125,4.677154064178467,4.311652660369873,3.767557144165039,nan
19.760,0,140.4033660888672,195.25274658203125,200.1390838623047,257.3675842285156,256.5618896484375,255.2957763671875,0.5322197079658508,0.618159830570221,0.55906742811203,74.7254409790039,120.69740295410156,111.89124298095703,-50.81220626831055,-80.00053405761719,-93.35140228271484,22.980188369750977,67.08303833007812,25.144054412841797,0.6799853444099426,0.6628190279006958,0.8343048095703125,4.677154064178467,4.311652660369873,3.767557144165039,nan
19.780,0,140.3491973876953,195.2603759765625,200.1818389892578,257.365966796875,256.55792236328125,255.2691192626953,0.5297788381576538,0.6160477995872498,0.5564831495285034,74.35403442382812,120.28972625732422,111.39781951904297,-50.093841552734375,-79.93116760253906,-93.81954193115234,22.216407775878906,67.29553985595703,23.798690795898438,0.6737205386161804,0.6644887328147888,0.8422026634216309,4.7189555168151855,4.261421203613281,3.7717320919036865,nan
19.800,0,140.3491973876953,195.2603759765625,200.1818389892578,257.365966796875,256.55792236328125,255.2691192626953,0.5297788381576538,0.6160477995872498,0.5564831495285034,74.35403442382812,120.28972625732422,111.39781951904297,-50.093841552734375,-79.93116760253906,-93.81954193115234,22.216407775878906,67.29553985595703,23.798690795898438,0.6737205386161804,0.6644887328147888,0.8422026634216309,4.7189555168151855,4.261421203613281,3.7717320919036865,nan
19.820,0,140.3491973876953,195.2603759765625,200.1818389892578,257.365966796875,256.55792236328125,255.2691192626953,0.5297788381576538,0.6160477995872498,0.5564831495285034,74.35403442382812,120.28972625732422,111.39781951904297,-50.093841552734375,-79.93116760253906,-93.81954193115234,22.216407775878906,67.29553985595703,23.798690795898438,0.6737205386161804,0.6644887328147888,0.8422026634216309,4.7189555168151855,4.261421203613281,3.7717320919036865,nan
19.840,0,140.3491973876953,195.2603759765625,200.1818389892578,257.365966796875,256.55792236328125,255.2691192626953,0.5297788381576538,0.6160477995872498,0.5564831495285034,74.35403442382812,120.28972625732422,111.39781951904297,-50.093841552734375,-79.93116760253906,-93.81954193115234,22.216407775878906,67.29553985595703,23.798690795898438,0.6737205386161804,0.6644887328147888,0.8422026634216309,4.7189555168151855,4.261421203613281,3.7717320919036865,nan
19.860,0,140.3491973876953,195.2603759765625,200.1818389892578,257.365966796875,256.55792236328125,255.2691192626953,0.5297788381576538,0.6160477995872498,0.5564831495285034,74.35403442382812,120.28972625732422,111.39781951904297,-50.093841552734375,-79.93116760253906,-93.81954193115234,22.216407775878906,67.29553985595703,23.798690795898438,0.6737205386161804,0.6644887328147888,0.8422026634216309,4.7189555168151855,4.261421203613281,3.7717320919036865,nan
19.880,0,140.3491973876953,195.2603759765625,200.1818389892578,257.365966796875,256.55792236328125,255.2691192626953,0.5297788381576538,0.6160477995872498,0.5564831495285034,74.35403442382812,120.28972625732422,111.39781951904297,-50.093841552734375,-79.93116760253906,-93.81954193115234,22.216407775878906,67.29553985595703,23.798690795898438,0.6737205386161804,0.6644887328147888,0.8422026634216309,4.7189555168151855,4.261421203613281,3.7717320919036865,nan
19.900,0,140.3491973876953,195.2603759765625,200.1818389892578,257.365966796875,256.55792236328125,255.2691192626953,0.5297788381576538,0.6160477995872498,0.5564831495285034,74.35403442382812,120.28972625732422,111.39781951904297,-50.093841552734375,-79.93116760253906,-93.81954193115234,22.216407775878906,67.29553985595703,23.798690795898438,0.6737205386161804,0.6644887328147888,0.8422026634216309,4.7189555168151855,4.261421203613281,3.7717320919036865,nan
19.920,0,140.3491973876953,195.2603759765625,200.1818389892578,257.365966796875,256.55792236328125,255.2691192626953,0.5297788381576538,0.6160477995872498,0.5564831495285034,74.35403442382812,120.28972625732422,111.39781951904297,-50.093841552734375,-79.93116760253906,-93.81954193115234,22.216407775878906,67.29553985595703,23.798690795898438,0.6737205386161804,0.6644887328147888,0.8422026634216309,4.7189555168151855,4.261421203613281,3.7717320919036865,nan
19.940,0,140.3491973876953,195.2603759765625,200.1818389892578,257.365966796875,256.55792236328125,255.2691192626953,0.5297788381576538,0.6160477995872498,0.5564831495285034,74.35403442382812,120.28972625732422,111.39781951904297,-50.093841552734375,-79.93116760253906,-93.81954193115234,22.216407775878906,67.29553985595703,23.798690795898438,0.6737205386161804,0.6644887328147888,0.8422026634216309,4.7189555168151855,4.261421203613281,3.7717320919036865,nan
19.960,0,140.3491973876953,195.2603759765625,200.1818389892578,257.365966796875,256.55792236328125,255.2691192626953,0.5297788381576538,0.6160477995872498,0.5564831495285034,74.35403442382812,120.28972625732422,111.39781951904297,-50.093841552734375,-79.93116760253906,-93.81954193115234,22.216407775878906,67.29553985595703,23.798690795898438,0.6737205386161804,0.6644887328147888,0.8422026634216309,4.7189555168151855,4.261421203613281,3.7717320919036865,nan
19.980,0,140.37142944335938,195.2625732421875,200.16990661621094,257.2864074707031,256.542724609375,255.2570037841797,0.5318575501441956,0.6194075345993042,0.5588399767875671,74.65760803222656,120.94710540771484,111.86294555664062,-50.53364944458008,-80.99929809570312,-93.576904296875,22.730960845947266,67.07536315917969,23.413061141967773,0.6768720746040344,0.6697084307670593,0.8365317583084106,4.710944175720215,4.257503032684326,3.744237184524536,nan
