t+,class,V_L1,V_L2,V_L3,V_L12,V_L23,V_L31,A_L1,A_L2,A_L3,VA_L1,VA_L2,VA_L3,W_L1,W_L2,W_L3,Q_L1,Q_L2,Q_L3,PF_L1,PF_L2,PF_L3,THD_L1,THD_L2,THD_L3
0,0,103.16596221923828,128.42881774902344,118.85855865478516,202.15924072265625,202.2646484,200.4362030029297,0.442452609539032,0.4642353653907776,0.4954366087913513,45.64604949951172,59.62120056152344,58.88688278198242,-44.05609894,-55.18852234,-57.71760178,6.408106327056885,18.424861907958984,2.3021888732910156,0.9651678204536438,0.9256526231765747,0.9801436066627502,5.794377326965332,5.7158589363098145,4.627763748168945
0.05,0,103.16596221923828,128.42881774902344,118.85855865478516,202.15924072265625,202.2646484,200.4362030029297,0.442452609539032,0.4642353653907776,0.4954366087913513,45.64604949951172,59.62120056152344,58.88688278198242,-44.05609894,-55.18852234,-57.71760178,6.408106327056885,18.424861907958984,2.3021888732910156,0.9651678204536438,0.9256526231765747,0.9801436066627502,5.794377326965332,5.7158589363098145,4.627763748168945
0.1,0,103.16596221923828,128.42881774902344,118.85855865478516,202.15924072265625,202.2646484,200.4362030029297,0.442452609539032,0.4642353653907776,0.4954366087913513,45.64604949951172,59.62120056152344,58.88688278198242,-44.05609894,-55.18852234,-57.71760178,6.408106327056885,18.424861907958984,2.3021888732910156,0.9651678204536438,0.9256526231765747,0.9801436066627502,5.794377326965332,5.7158589363098145,4.627763748168945
0.15,0,103.16596221923828,128.42881774902344,118.85855865478516,202.15924072265625,202.2646484,200.4362030029297,0.442452609539032,0.4642353653907776,0.4954366087913513,45.64604949951172,59.62120056152344,58.88688278198242,-44.05609894,-55.18852234,-57.71760178,6.408106327056885,18.424861907958984,2.3021888732910156,0.9651678204536438,0.9256526231765747,0.9801436066627502,5.794377326965332,5.7158589363098145,4.627763748168945
0.2,0,103.11677551269531,128.353759765625,118.85043334960938,202.0789031982422,202.10972595214844,200.42681884765625,0.442221075296402,0.4647601246833801,0.49220189452171326,45.60041046142578,59.653709411621094,58.498409271240234,-43.96527481,-55.13882065,-57.4135704,7.2051568031311035,18.98611831665039,2.9614241123199463,0.9641420841217041,0.9243150353431702,0.9814552664756775,5.686733245849609,5.645921230316162,4.489955902099609
0.25,0,103.11677551269531,128.353759765625,118.85043334960938,202.0789031982422,202.10972595214844,200.42681884765625,0.442221075296402,0.4647601246833801,0.49220189452171326,45.60041046142578,59.653709411621094,58.498409271240234,-43.96527481,-55.13882065,-57.4135704,7.2051568031311035,18.98611831665039,2.9614241123199463,0.9641420841217041,0.9243150353431702,0.9814552664756775,5.686733245849609,5.645921230316162,4.489955902099609
0.3,0,103.11677551269531,128.353759765625,118.85043334960938,202.0789031982422,202.10972595214844,200.42681884765625,0.442221075296402,0.4647601246833801,0.49220189452171326,45.60041046142578,59.653709411621094,58.498409271240234,-43.96527481,-55.13882065,-57.4135704,7.2051568031311035,18.98611831665039,2.9614241123199463,0.9641420841217041,0.9243150353431702,0.9814552664756775,5.686733245849609,5.645921230316162,4.489955902099609
0.35,0,103.11677551269531,128.353759765625,118.85043334960938,202.0789031982422,202.10972595214844,200.42681884765625,0.442221075296402,0.4647601246833801,0.49220189452171326,45.60041046142578,59.653709411621094,58.498409271240234,-43.96527481,-55.13882065,-57.4135704,7.2051568031311035,18.98611831665039,2.9614241123199463,0.9641420841217041,0.9243150353431702,0.9814552664756775,5.686733245849609,5.645921230316162,4.489955902099609
0.4,0,103.15113830566406,128.31674194335938,118.86595153808594,202.09176635742188,202.0699462890625,200.4800567626953,0.4413623511791229,0.46650731563568115,0.4882565140724182,45.52702713012695,59.86069869995117,58.03707504272461,-43.93605423,-55.66906738,-56.92111969,7.1487908363342285,18.19076919555664,2.136474370956421,0.9650543332099915,0.9299768805503845,0.9807716608047485,5.622017860412598,5.462680816650391,4.451654434204102
0.45,0,103.15113830566406,128.31674194335938,118.86595153808594,202.09176635742188,202.0699462890625,200.4800567626953,0.4413623511791229,0.46650731563568115,0.4882565140724182,45.52702713012695,59.86069869995117,58.03707504272461,-43.93605423,-55.66906738,-56.92111969,7.1487908363342285,18.19076919555664,2.136474370956421,0.9650543332099915,0.9299768805503845,0.9807716608047485,5.622017860412598,5.462680816650391,4.451654434204102
0.5,0,103.15113830566406,128.31674194335938,118.86595153808594,202.09176635742188,202.0699462890625,200.4800567626953,0.4413623511791229,0.46650731563568115,0.4882565140724182,45.52702713012695,59.86069869995117,58.03707504272461,-43.93605423,-55.66906738,-56.92111969,7.1487908363342285,18.19076919555664,2.136474370956421,0.9650543332099915,0.9299768805503845,0.9807716608047485,5.622017860412598,5.462680816650391,4.451654434204102
0.55,0,103.15113830566406,128.31674194335938,118.86595153808594,202.09176635742188,202.0699462890625,200.4800567626953,0.4413623511791229,0.46650731563568115,0.4882565140724182,45.52702713012695,59.86069869995117,58.03707504272461,-43.93605423,-55.66906738,-56.92111969,7.1487908363342285,18.19076919555664,2.136474370956421,0.9650543332099915,0.9299768805503845,0.9807716608047485,5.622017860412598,5.462680816650391,4.451654434204102
0.6,0,103.16758728027344,128.35879516601562,118.9070816040039,202.1663360595703,202.20384216308594,200.4676513671875,0.4397563636302948,0.4617137610912323,0.490863561630249,45.36860275268555,59.26502227783203,58.36715316772461,-43.71308899,-54.83705521,-57.13637924,6.574594974517822,18.345701217651367,2.3699538707733154,0.9635096788406372,0.9252853393554688,0.9789132475852966,5.92448091506958,5.574662685394287,4.628917694091797
0.65,0,103.16758728027344,128.35879516601562,118.9070816040039,202.1663360595703,202.20384216308594,200.4676513671875,0.4397563636302948,0.4617137610912323,0.490863561630249,45.36860275268555,59.26502227783203,58.36715316772461,-43.71308899,-54.83705521,-57.13637924,6.574594974517822,18.345701217651367,2.3699538707733154,0.9635096788406372,0.9252853393554688,0.9789132475852966,5.92448091506958,5.574662685394287,4.628917694091797
0.7,0,103.16758728027344,128.35879516601562,118.9070816040039,202.1663360595703,202.20384216308594,200.4676513671875,0.4397563636302948,0.4617137610912323,0.490863561630249,45.36860275268555,59.26502227783203,58.36715316772461,-43.71308899,-54.83705521,-57.13637924,6.574594974517822,18.345701217651367,2.3699538707733154,0.9635096788406372,0.9252853393554688,0.9789132475852966,5.92448091506958,5.574662685394287,4.628917694091797
0.75,0,103.16758728027344,128.35879516601562,118.9070816040039,202.1663360595703,202.20384216308594,200.4676513671875,0.4397563636302948,0.4617137610912323,0.490863561630249,45.36860275268555,59.26502227783203,58.36715316772461,-43.71308899,-54.83705521,-57.13637924,6.574594974517822,18.345701217651367,2.3699538707733154,0.9635096788406372,0.9252853393554688,0.9789132475852966,5.92448091506958,5.574662685394287,4.628917694091797
0.8,0,103.18992614746094,128.38111877441406,118.94694519042969,202.15687561035156,202.2906494140625,200.5347137451172,0.4455752670764923,0.47026875615119934,0.49654799699783325,45.978878021240234,60.37363052368164,59.0628662109375,-44.27746582,-55.75694656,-57.97741699,7.888981819152832,19.820295333862305,3.510565757751465,0.9629957675933838,0.9235314726829529,0.9816221594810486,5.918111801147461,5.6085205078125,4.7015509605407715
0.85,0,103.18992614746094,128.38111877441406,118.94694519042969,202.15687561035156,202.2906494140625,200.5347137451172,0.4455752670764923,0.47026875615119934,0.49654799699783325,45.978878021240234,60.37363052368164,59.0628662109375,-44.27746582,-55.75694656,-57.97741699,7.888981819152832,19.820295333862305,3.510565757751465,0.9629957675933838,0.9235314726829529,0.9816221594810486,5.918111801147461,5.6085205078125,4.7015509605407715
0.9,0,103.18992614746094,128.38111877441406,118.94694519042969,202.15687561035156,202.2906494140625,200.5347137451172,0.4455752670764923,0.47026875615119934,0.49654799699783325,45.978878021240234,60.37363052368164,59.0628662109375,-44.27746582,-55.75694656,-57.97741699,7.888981819152832,19.820295333862305,3.510565757751465,0.9629957675933838,0.9235314726829529,0.9816221594810486,5.918111801147461,5.6085205078125,4.7015509605407715
0.95,0,103.18992614746094,128.38111877441406,118.94694519042969,202.15687561035156,202.2906494140625,200.5347137451172,0.4455752670764923,0.47026875615119934,0.49654799699783325,45.978878021240234,60.37363052368164,59.0628662109375,-44.27746582,-55.75694656,-57.97741699,7.888981819152832,19.820295333862305,3.510565757751465,0.9629957675933838,0.9235314726829529,0.9816221594810486,5.918111801147461,5.6085205078125,4.7015509605407715
1,0,103.18342590332031,128.35411071777344,118.8939437866211,202.11090087890625,202.26104736328125,200.46353149414062,0.44219842553138733,0.4657670855522156,0.4947238266468048,45.62754821777344,59.783119201660156,58.81966781616211,-44.08684158,-55.53904343,-57.74373627,6.589782238006592,18.453258514404297,2.20318603515625,0.96623295545578,0.9290087819099426,0.9817079901695251,5.836803913116455,5.601171970367432,4.754520416259766
1.05,0,103.18342590332031,128.35411071777344,118.8939437866211,202.11090087890625,202.26104736328125,200.46353149414062,0.44219842553138733,0.4657670855522156,0.4947238266468048,45.62754821777344,59.783119201660156,58.81966781616211,-44.08684158,-55.53904343,-57.74373627,6.589782238006592,18.453258514404297,2.20318603515625,0.96623295545578,0.9290087819099426,0.9817079901695251,5.836803913116455,5.601171970367432,4.754520416259766
1.1,0,103.18342590332031,128.35411071777344,118.8939437866211,202.11090087890625,202.26104736328125,200.46353149414062,0.44219842553138733,0.4657670855522156,0.4947238266468048,45.62754821777344,59.783119201660156,58.81966781616211,-44.08684158,-55.53904343,-57.74373627,6.589782238006592,18.453258514404297,2.20318603515625,0.96623295545578,0.9290087819099426,0.9817079901695251,5.836803913116455,5.601171970367432,4.754520416259766
1.15,0,103.18342590332031,128.35411071777344,118.8939437866211,202.11090087890625,202.26104736328125,200.46353149414062,0.44219842553138733,0.4657670855522156,0.4947238266468048,45.62754821777344,59.783119201660156,58.81966781616211,-44.08684158,-55.53904343,-57.74373627,6.589782238006592,18.453258514404297,2.20318603515625,0.96623295545578,0.9290087819099426,0.9817079901695251,5.836803913116455,5.601171970367432,4.754520416259766
1.2,0,103.1306381225586,128.26158142089844,118.85375213623047,201.9530029296875,202.10397338867188,200.431396484375,0.4446961283683777,0.4665907323360443,0.49298614263534546,45.86179733276367,59.845664978027344,58.59325408935547,-44.19443512,-55.42467499,-57.52450562,7.700492858886719,19.242666244506836,3.4050307273864746,0.9636437892913818,0.9261268377304077,0.9817598462104797,5.7092766761779785,5.662041664123535,4.735106468200684
1.25,0,103.1306381225586,128.26158142089844,118.85375213623047,201.9530029296875,202.10397338867188,200.431396484375,0.4446961283683777,0.4665907323360443,0.49298614263534546,45.86179733276367,59.845664978027344,58.59325408935547,-44.19443512,-55.42467499,-57.52450562,7.700492858886719,19.242666244506836,3.4050307273864746,0.9636437892913818,0.9261268377304077,0.9817598462104797,5.7092766761779785,5.662041664123535,4.735106468200684
1.3,0,103.1306381225586,128.26158142089844,118.85375213623047,201.9530029296875,202.10397338867188,200.431396484375,0.4446961283683777,0.4665907323360443,0.49298614263534546,45.86179733276367,59.845664978027344,58.59325408935547,-44.19443512,-55.42467499,-57.52450562,7.700492858886719,19.242666244506836,3.4050307273864746,0.9636437892913818,0.9261268377304077,0.9817598462104797,5.7092766761779785,5.662041664123535,4.735106468200684
1.35,0,103.1306381225586,128.26158142089844,118.85375213623047,201.9530029296875,202.10397338867188,200.431396484375,0.4446961283683777,0.4665907323360443,0.49298614263534546,45.86179733276367,59.845664978027344,58.59325408935547,-44.19443512,-55.42467499,-57.52450562,7.700492858886719,19.242666244506836,3.4050307273864746,0.9636437892913818,0.9261268377304077,0.9817598462104797,5.7092766761779785,5.662041664123535,4.735106468200684
1.4,0,103.1636962890625,128.2274627685547,118.75365447998047,201.96566772460938,201.9312744140625,200.39781188964844,0.4405578076839447,0.46712976694107056,0.48571470379829407,45.4495735168457,59.89886474609375,57.680397033691406,-43.78911591,-55.83160019,-56.58379364,7.2091546058654785,17.929454803466797,1.854608178138733,0.9634659290313721,0.9320977926254272,0.9809882640838623,5.555041790008545,5.642990589141846,4.716399669647217
1.45,0,103.1636962890625,128.2274627685547,118.75365447998047,201.96566772460938,201.9312744140625,200.39781188964844,0.4405578076839447,0.46712976694107056,0.48571470379829407,45.4495735168457,59.89886474609375,57.680397033691406,-43.78911591,-55.83160019,-56.58379364,7.2091546058654785,17.929454803466797,1.854608178138733,0.9634659290313721,0.9320977926254272,0.9809882640838623,5.555041790008545,5.642990589141846,4.716399669647217
1.5,0,103.1636962890625,128.2274627685547,118.75365447998047,201.96566772460938,201.9312744140625,200.39781188964844,0.4405578076839447,0.46712976694107056,0.48571470379829407,45.4495735168457,59.89886474609375,57.680397033691406,-43.78911591,-55.83160019,-56.58379364,7.2091546058654785,17.929454803466797,1.854608178138733,0.9634659290313721,0.9320977926254272,0.9809882640838623,5.555041790008545,5.642990589141846,4.716399669647217
1.55,0,103.1636962890625,128.2274627685547,118.75365447998047,201.96566772460938,201.9312744140625,200.39781188964844,0.4405578076839447,0.46712976694107056,0.48571470379829407,45.4495735168457,59.89886474609375,57.680397033691406,-43.78911591,-55.83160019,-56.58379364,7.2091546058654785,17.929454803466797,1.854608178138733,0.9634659290313721,0.9320977926254272,0.9809882640838623,5.555041790008545,5.642990589141846,4.716399669647217
1.6,0,103.1209716796875,128.35397338867188,118.7691421508789,202.08453369140625,202.07794189453125,200.3230438232422,0.4401598870754242,0.46493107080459595,0.4906414747238159,45.38971710205078,59.675750732421875,58.273067474365234,-43.74849701,-55.29004288,-57.1713829,6.894932746887207,18.551496505737305,2.3384311199188232,0.9638416171073914,0.9265077114105225,0.9810944199562073,5.734142303466797,5.705357551574707,4.677770614624023
1.65,0,103.1209716796875,128.35397338867188,118.7691421508789,202.08453369140625,202.07794189453125,200.3230438232422,0.4401598870754242,0.46493107080459595,0.4906414747238159,45.38971710205078,59.675750732421875,58.273067474365234,-43.74849701,-55.29004288,-57.1713829,6.894932746887207,18.551496505737305,2.3384311199188232,0.9638416171073914,0.9265077114105225,0.9810944199562073,5.734142303466797,5.705357551574707,4.677770614624023
1.7,0,103.1209716796875,128.35397338867188,118.7691421508789,202.08453369140625,202.07794189453125,200.3230438232422,0.4401598870754242,0.46493107080459595,0.4906414747238159,45.38971710205078,59.675750732421875,58.273067474365234,-43.74849701,-55.29004288,-57.1713829,6.894932746887207,18.551496505737305,2.3384311199188232,0.9638416171073914,0.9265077114105225,0.9810944199562073,5.734142303466797,5.705357551574707,4.677770614624023
1.75,0,103.1209716796875,128.35397338867188,118.7691421508789,202.08453369140625,202.07794189453125,200.3230438232422,0.4401598870754242,0.46493107080459595,0.4906414747238159,45.38971710205078,59.675750732421875,58.273067474365234,-43.74849701,-55.29004288,-57.1713829,6.894932746887207,18.551496505737305,2.3384311199188232,0.9638416171073914,0.9265077114105225,0.9810944199562073,5.734142303466797,5.705357551574707,4.677770614624023
1.8,0,103.10567474365234,128.39181518554688,118.80487823486328,202.11026000976562,202.13975524902344,200.3440399169922,0.44315510988235474,0.46879419684410095,0.494926780462265,45.69180679321289,60.18933868408203,58.79971694946289,-44.020504,-55.62404251,-57.67866516,7.590211391448975,19.4919490814209,3.082143783569336,0.9634222388267517,0.9241510629653931,0.9809343814849854,5.750954627990723,5.675674915313721,4.536976337432861
1.85,0,103.10567474365234,128.39181518554688,118.80487823486328,202.11026000976562,202.13975524902344,200.3440399169922,0.44315510988235474,0.46879419684410095,0.494926780462265,45.69180679321289,60.18933868408203,58.79971694946289,-44.020504,-55.62404251,-57.67866516,7.590211391448975,19.4919490814209,3.082143783569336,0.9634222388267517,0.9241510629653931,0.9809343814849854,5.750954627990723,5.675674915313721,4.536976337432861
1.9,0,103.10567474365234,128.39181518554688,118.80487823486328,202.11026000976562,202.13975524902344,200.3440399169922,0.44315510988235474,0.46879419684410095,0.494926780462265,45.69180679321289,60.18933868408203,58.79971694946289,-44.020504,-55.62404251,-57.67866516,7.590211391448975,19.4919490814209,3.082143783569336,0.9634222388267517,0.9241510629653931,0.9809343814849854,5.750954627990723,5.675674915313721,4.536976337432861
1.95,0,103.17477416992188,128.35902404785156,118.83662414550781,202.10623168945312,202.2281951904297,200.39163208007812,0.442026287317276,0.4659421741962433,0.4924286901950836,45.605960845947266,59.807884216308594,58.51856231689453,-44.00451279,-55.5234108,-57.40712357,6.8014397621154785,18.404356002807617,2.278005599975586,0.9648851156234741,0.9283627271652222,0.9810070991516113,5.851569175720215,5.704533100128174,4.756219387054443
2,0,103.14812469482422,128.37728881835938,118.81102752685547,202.08343505859375,202.1743621826172,200.3905792236328,0.4442227780818939,0.471960186958313,0.4960404634475708,45.82074737548828,60.58897018432617,58.93507766723633,-44.03313446,-55.73205566,-57.77550888,8.136504173278809,20.099855422973633,3.5907413959503174,0.960986852645874,0.9198383092880249,0.9803246259689331,5.743423938751221,5.693323612213135,4.668365478515625
2.05,0,103.14812469482422,128.37728881835938,118.81102752685547,202.08343505859375,202.1743621826172,200.3905792236328,0.4442227780818939,0.471960186958313,0.4960404634475708,45.82074737548828,60.58897018432617,58.93507766723633,-44.03313446,-55.73205566,-57.77550888,8.136504173278809,20.099855422973633,3.5907413959503174,0.960986852645874,0.9198383092880249,0.9803246259689331,5.743423938751221,5.693323612213135,4.668365478515625
2.1,0,103.14812469482422,128.37728881835938,118.81102752685547,202.08343505859375,202.1743621826172,200.3905792236328,0.4442227780818939,0.471960186958313,0.4960404634475708,45.82074737548828,60.58897018432617,58.93507766723633,-44.03313446,-55.73205566,-57.77550888,8.136504173278809,20.099855422973633,3.5907413959503174,0.960986852645874,0.9198383092880249,0.9803246259689331,5.743423938751221,5.693323612213135,4.668365478515625
2.15,0,103.14812469482422,128.37728881835938,118.81102752685547,202.08343505859375,202.1743621826172,200.3905792236328,0.4442227780818939,0.471960186958313,0.4960404634475708,45.82074737548828,60.58897018432617,58.93507766723633,-44.03313446,-55.73205566,-57.77550888,8.136504173278809,20.099855422973633,3.5907413959503174,0.960986852645874,0.9198383092880249,0.9803246259689331,5.743423938751221,5.693323612213135,4.668365478515625
2.2,0,103.19618225097656,128.288330078125,118.81802368164062,202.04006958007812,202.0267791748047,200.50340270996094,0.4433894753456116,0.46721386909484863,0.48998838663101196,45.756099700927734,59.938087463378906,58.219451904296875,-44.15431213,-55.78388977,-57.0876503,6.8704352378845215,17.881454467773438,1.916625738143921,0.9649929404258728,0.9306918382644653,0.9805597066879272,5.540435791015625,5.629680156707764,4.5107316970825195
2.25,0,103.19618225097656,128.288330078125,118.81802368164062,202.04006958007812,202.0267791748047,200.50340270996094,0.4433894753456116,0.46721386909484863,0.48998838663101196,45.756099700927734,59.938087463378906,58.219451904296875,-44.15431213,-55.78388977,-57.0876503,6.8704352378845215,17.881454467773438,1.916625738143921,0.9649929404258728,0.9306918382644653,0.9805597066879272,5.540435791015625,5.629680156707764,4.5107316970825195
2.3,0,103.19618225097656,128.288330078125,118.81802368164062,202.04006958007812,202.0267791748047,200.50340270996094,0.4433894753456116,0.46721386909484863,0.48998838663101196,45.756099700927734,59.938087463378906,58.219451904296875,-44.15431213,-55.78388977,-57.0876503,6.8704352378845215,17.881454467773438,1.916625738143921,0.9649929404258728,0.9306918382644653,0.9805597066879272,5.540435791015625,5.629680156707764,4.5107316970825195
2.35,0,103.19618225097656,128.288330078125,118.81802368164062,202.04006958007812,202.0267791748047,200.50340270996094,0.4433894753456116,0.46721386909484863,0.48998838663101196,45.756099700927734,59.938087463378906,58.219451904296875,-44.15431213,-55.78388977,-57.0876503,6.8704352378845215,17.881454467773438,1.916625738143921,0.9649929404258728,0.9306918382644653,0.9805597066879272,5.540435791015625,5.629680156707764,4.5107316970825195
2.4,0,103.11286163330078,128.411865234375,118.8630142211914,202.14486694335938,202.1755828857422,200.41592407226562,0.4427920877933502,0.46532735228538513,0.4943074882030487,45.65755844116211,59.7535514831543,58.754878997802734,-43.98846054,-55.1672821,-57.60098648,6.992620468139648,18.979528427124023,2.8075807094573975,0.9634431004524231,0.9232469201087952,0.9803609251976013,5.78381872177124,5.675581455230713,4.520686626434326
2.45,0,103.11286163330078,128.411865234375,118.8630142211914,202.14486694335938,202.1755828857422,200.41592407226562,0.4427920877933502,0.46532735228538513,0.4943074882030487,45.65755844116211,59.7535514831543,58.754878997802734,-43.98846054,-55.1672821,-57.60098648,6.992620468139648,18.979528427124023,2.8075807094573975,0.9634431004524231,0.9232469201087952,0.9803609251976013,5.78381872177124,5.675581455230713,4.520686626434326
2.5,0,103.11286163330078,128.411865234375,118.8630142211914,202.14486694335938,202.1755828857422,200.41592407226562,0.4427920877933502,0.46532735228538513,0.4943074882030487,45.65755844116211,59.7535514831543,58.754878997802734,-43.98846054,-55.1672821,-57.60098648,6.992620468139648,18.979528427124023,2.8075807094573975,0.9634431004524231,0.9232469201087952,0.9803609251976013,5.78381872177124,5.675581455230713,4.520686626434326
2.55,0,103.11286163330078,128.411865234375,118.8630142211914,202.14486694335938,202.1755828857422,200.41592407226562,0.4427920877933502,0.46532735228538513,0.4943074882030487,45.65755844116211,59.7535514831543,58.754878997802734,-43.98846054,-55.1672821,-57.60098648,6.992620468139648,18.979528427124023,2.8075807094573975,0.9634431004524231,0.9232469201087952,0.9803609251976013,5.78381872177124,5.675581455230713,4.520686626434326
2.6,0,103.13041687011719,128.38401794433594,118.89431762695312,202.13792419433594,202.18394470214844,200.4597930908203,0.44338589906692505,0.465762734413147,0.49380505084991455,45.7265739440918,59.79648971557617,58.71061325073242,-44.11475372,-55.31951141,-57.55023956,7.057281017303467,18.791839599609375,2.7637336254119873,0.9647508859634399,0.925129771232605,0.9802356958389282,5.862734317779541,5.646120071411133,4.516319274902344
2.65,0,103.13041687011719,128.38401794433594,118.89431762695312,202.13792419433594,202.18394470214844,200.4597930908203,0.44338589906692505,0.465762734413147,0.49380505084991455,45.7265739440918,59.79648971557617,58.71061325073242,-44.11475372,-55.31951141,-57.55023956,7.057281017303467,18.791839599609375,2.7637336254119873,0.9647508859634399,0.925129771232605,0.9802356958389282,5.862734317779541,5.646120071411133,4.516319274902344
2.7,0,103.13041687011719,128.38401794433594,118.89431762695312,202.13792419433594,202.18394470214844,200.4597930908203,0.44338589906692505,0.465762734413147,0.49380505084991455,45.7265739440918,59.79648971557617,58.71061325073242,-44.11475372,-55.31951141,-57.55023956,7.057281017303467,18.791839599609375,2.7637336254119873,0.9647508859634399,0.925129771232605,0.9802356958389282,5.862734317779541,5.646120071411133,4.516319274902344
2.75,0,103.13041687011719,128.38401794433594,118.89431762695312,202.13792419433594,202.18394470214844,200.4597930908203,0.44338589906692505,0.465762734413147,0.49380505084991455,45.7265739440918,59.79648971557617,58.71061325073242,-44.11475372,-55.31951141,-57.55023956,7.057281017303467,18.791839599609375,2.7637336254119873,0.9647508859634399,0.925129771232605,0.9802356958389282,5.862734317779541,5.646120071411133,4.516319274902344
2.8,0,103.1330795288086,128.3548583984375,118.91145324707031,202.1190185546875,202.20297241210938,200.45582580566406,0.44238486886024475,0.46470433473587036,0.49488165974617004,45.624515533447266,59.64706039428711,58.84709548950195,-44.07913971,-55.36561584,-57.73836899,6.396762371063232,18.328447341918945,2.0988399982452393,0.966128408908844,0.9282203316688538,0.9811592102050781,5.942063808441162,5.62757682800293,4.597784042358398
2.85,0,103.1330795288086,128.3548583984375,118.91145324707031,202.1190185546875,202.20297241210938,200.45582580566406,0.44238486886024475,0.46470433473587036,0.49488165974617004,45.624515533447266,59.64706039428711,58.84709548950195,-44.07913971,-55.36561584,-57.73836899,6.396762371063232,18.328447341918945,2.0988399982452393,0.966128408908844,0.9282203316688538,0.9811592102050781,5.942063808441162,5.62757682800293,4.597784042358398
2.9,0,103.1330795288086,128.3548583984375,118.91145324707031,202.1190185546875,202.20297241210938,200.45582580566406,0.44238486886024475,0.46470433473587036,0.49488165974617004,45.624515533447266,59.64706039428711,58.84709548950195,-44.07913971,-55.36561584,-57.73836899,6.396762371063232,18.328447341918945,2.0988399982452393,0.966128408908844,0.9282203316688538,0.9811592102050781,5.942063808441162,5.62757682800293,4.597784042358398
2.95,0,103.1330795288086,128.3548583984375,118.91145324707031,202.1190185546875,202.20297241210938,200.45582580566406,0.44238486886024475,0.46470433473587036,0.49488165974617004,45.624515533447266,59.64706039428711,58.84709548950195,-44.07913971,-55.36561584,-57.73836899,6.396762371063232,18.328447341918945,2.0988399982452393,0.966128408908844,0.9282203316688538,0.9811592102050781,5.942063808441162,5.62757682800293,4.597784042358398
3,0,103.15826416015625,128.3208770751953,118.89595031738281,202.08621215820312,202.1587677001953,200.48211669921875,0.4420606195926666,0.4682222604751587,0.4930858016014099,45.60220718383789,60.08269119262695,58.62590408325195,-43.83014297,-55.37641907,-57.46603394,7.951565265655518,19.803186416625977,3.457289695739746,0.9611408114433289,0.9216700792312622,0.9802157282829285,5.90665340423584,5.591028690338135,4.66368293762207
3.05,0,103.15826416015625,128.3208770751953,118.89595031738281,202.08621215820312,202.1587677001953,200.48211669921875,0.4420606195926666,0.4682222604751587,0.4930858016014099,45.60220718383789,60.08269119262695,58.62590408325195,-43.83014297,-55.37641907,-57.46603394,7.951565265655518,19.803186416625977,3.457289695739746,0.9611408114433289,0.9216700792312622,0.9802157282829285,5.90665340423584,5.591028690338135,4.66368293762207
3.1,0,103.15826416015625,128.3208770751953,118.89595031738281,202.08621215820312,202.1587677001953,200.48211669921875,0.4420606195926666,0.4682222604751587,0.4930858016014099,45.60220718383789,60.08269119262695,58.62590408325195,-43.83014297,-55.37641907,-57.46603394,7.951565265655518,19.803186416625977,3.457289695739746,0.9611408114433289,0.9216700792312622,0.9802157282829285,5.90665340423584,5.591028690338135,4.66368293762207
3.15,0,103.15826416015625,128.3208770751953,118.89595031738281,202.08621215820312,202.1587677001953,200.48211669921875,0.4420606195926666,0.4682222604751587,0.4930858016014099,45.60220718383789,60.08269119262695,58.62590408325195,-43.83014297,-55.37641907,-57.46603394,7.951565265655518,19.803186416625977,3.457289695739746,0.9611408114433289,0.9216700792312622,0.9802157282829285,5.90665340423584,5.591028690338135,4.66368293762207
3.2,0,103.2613296508789,128.243408203125,118.91547393798828,202.06492614746094,202.09674072265625,200.6262664794922,0.4454736113548279,0.4694099724292755,0.4915734827518463,46.00019836425781,60.198734283447266,58.455692291259766,-44.24938583,-55.87377548,-57.21263504,7.220787525177002,18.213638305664062,2.29827618598938,0.9619390368461609,0.9281553030014038,0.9787350296974182,5.6970672607421875,5.542055606842041,4.680714130401611
3.25,0,103.2613296508789,128.243408203125,118.91547393798828,202.06492614746094,202.09674072265625,200.6262664794922,0.4454736113548279,0.4694099724292755,0.4915734827518463,46.00019836425781,60.198734283447266,58.455692291259766,-44.24938583,-55.87377548,-57.21263504,7.220787525177002,18.213638305664062,2.29827618598938,0.9619390368461609,0.9281553030014038,0.9787350296974182,5.6970672607421875,5.542055606842041,4.680714130401611
3.3,0,103.2613296508789,128.243408203125,118.91547393798828,202.06492614746094,202.09674072265625,200.6262664794922,0.4454736113548279,0.4694099724292755,0.4915734827518463,46.00019836425781,60.198734283447266,58.455692291259766,-44.24938583,-55.87377548,-57.21263504,7.220787525177002,18.213638305664062,2.29827618598938,0.9619390368461609,0.9281553030014038,0.9787350296974182,5.6970672607421875,5.542055606842041,4.680714130401611
3.35,0,103.2613296508789,128.243408203125,118.91547393798828,202.06492614746094,202.09674072265625,200.6262664794922,0.4454736113548279,0.4694099724292755,0.4915734827518463,46.00019836425781,60.198734283447266,58.455692291259766,-44.24938583,-55.87377548,-57.21263504,7.220787525177002,18.213638305664062,2.29827618598938,0.9619390368461609,0.9281553030014038,0.9787350296974182,5.6970672607421875,5.542055606842041,4.680714130401611
3.4,0,103.18692016601562,128.3662872314453,118.88976287841797,202.1165313720703,202.22848510742188,200.4919891357422,0.4429735839366913,0.46637189388275146,0.49425092339515686,45.70907974243164,59.86642837524414,58.761375427246094,-44.02864075,-55.38391113,-57.6220665,7.301743984222412,19.143999099731445,2.9835426807403564,0.9632362127304077,0.9251247048377991,0.980611264705658,5.771958351135254,5.580552101135254,4.716056823730469
3.45,0,103.18692016601562,128.3662872314453,118.88976287841797,202.1165313720703,202.22848510742188,200.4919891357422,0.4429735839366913,0.46637189388275146,0.49425092339515686,45.70907974243164,59.86642837524414,58.761375427246094,-44.02864075,-55.38391113,-57.6220665,7.301743984222412,19.143999099731445,2.9835426807403564,0.9632362127304077,0.9251247048377991,0.980611264705658,5.771958351135254,5.580552101135254,4.716056823730469
3.5,0,103.18692016601562,128.3662872314453,118.88976287841797,202.1165313720703,202.22848510742188,200.4919891357422,0.4429735839366913,0.46637189388275146,0.49425092339515686,45.70907974243164,59.86642837524414,58.761375427246094,-44.02864075,-55.38391113,-57.6220665,7.301743984222412,19.143999099731445,2.9835426807403564,0.9632362127304077,0.9251247048377991,0.980611264705658,5.771958351135254,5.580552101135254,4.716056823730469
3.55,0,103.18692016601562,128.3662872314453,118.88976287841797,202.1165313720703,202.22848510742188,200.4919891357422,0.4429735839366913,0.46637189388275146,0.49425092339515686,45.70907974243164,59.86642837524414,58.761375427246094,-44.02864075,-55.38391113,-57.6220665,7.301743984222412,19.143999099731445,2.9835426807403564,0.9632362127304077,0.9251247048377991,0.980611264705658,5.771958351135254,5.580552101135254,4.716056823730469
3.6,0,103.1614990234375,128.3572235107422,118.85274505615234,202.07345581054688,202.21701049804688,200.42672729492188,0.4437408447265625,0.46585163474082947,0.4923090934753418,45.77696990966797,59.7954216003418,58.51228713989258,-44.14458847,-55.4385643,-57.41783905,7.145399570465088,18.634098052978516,2.7831006050109863,0.9643405675888062,0.9271372556686401,0.9812954068183899,5.720436096191406,5.634052276611328,4.652991771697998
3.65,0,103.1614990234375,128.3572235107422,118.85274505615234,202.07345581054688,202.21701049804688,200.42672729492188,0.4437408447265625,0.46585163474082947,0.4923090934753418,45.77696990966797,59.7954216003418,58.51228713989258,-44.14458847,-55.4385643,-57.41783905,7.145399570465088,18.634098052978516,2.7831006050109863,0.9643405675888062,0.9271372556686401,0.9812954068183899,5.720436096191406,5.634052276611328,4.652991771697998
3.7,0,103.1614990234375,128.3572235107422,118.85274505615234,202.07345581054688,202.21701049804688,200.42672729492188,0.4437408447265625,0.46585163474082947,0.4923090934753418,45.77696990966797,59.7954216003418,58.51228713989258,-44.14458847,-55.4385643,-57.41783905,7.145399570465088,18.634098052978516,2.7831006050109863,0.9643405675888062,0.9271372556686401,0.9812954068183899,5.720436096191406,5.634052276611328,4.652991771697998
3.75,0,103.1614990234375,128.3572235107422,118.85274505615234,202.07345581054688,202.21701049804688,200.42672729492188,0.4437408447265625,0.46585163474082947,0.4923090934753418,45.77696990966797,59.7954216003418,58.51228713989258,-44.14458847,-55.4385643,-57.41783905,7.145399570465088,18.634098052978516,2.7831006050109863,0.9643405675888062,0.9271372556686401,0.9812954068183899,5.720436096191406,5.634052276611328,4.652991771697998
3.8,0,103.1415023803711,128.3915252685547,118.8866195678711,202.09588623046875,202.24208068847656,200.456298828125,0.44655841588974,0.4659707248210907,0.4943731129169464,46.0587043762207,59.826690673828125,58.774349212646484,-44.50336838,-55.63733673,-57.6647377,6.655364036560059,18.04585838317871,2.3775129318237305,0.9662314653396606,0.929975152015686,0.9811208248138428,5.674645900726318,5.652866363525391,4.529870986938477
3.85,0,103.1415023803711,128.3915252685547,118.8866195678711,202.09588623046875,202.24208068847656,200.456298828125,0.44655841588974,0.4659707248210907,0.4943731129169464,46.0587043762207,59.826690673828125,58.774349212646484,-44.50336838,-55.63733673,-57.6647377,6.655364036560059,18.04585838317871,2.3775129318237305,0.9662314653396606,0.929975152015686,0.9811208248138428,5.674645900726318,5.652866363525391,4.529870986938477
3.9,0,103.1415023803711,128.3915252685547,118.8866195678711,202.09588623046875,202.24208068847656,200.456298828125,0.44655841588974,0.4659707248210907,0.4943731129169464,46.0587043762207,59.826690673828125,58.774349212646484,-44.50336838,-55.63733673,-57.6647377,6.655364036560059,18.04585838317871,2.3775129318237305,0.9662314653396606,0.929975152015686,0.9811208248138428,5.674645900726318,5.652866363525391,4.529870986938477
3.95,0,103.1415023803711,128.3915252685547,118.8866195678711,202.09588623046875,202.24208068847656,200.456298828125,0.44655841588974,0.4659707248210907,0.4943731129169464,46.0587043762207,59.826690673828125,58.774349212646484,-44.50336838,-55.63733673,-57.6647377,6.655364036560059,18.04585838317871,2.3775129318237305,0.9662314653396606,0.929975152015686,0.9811208248138428,5.674645900726318,5.652866363525391,4.529870986938477
4,0,103.09767150878906,128.33282470703125,118.82921600341797,202.00758361816406,202.11541748046875,200.3914794921875,0.44101178646087646,0.4652746617794037,0.4894714951515198,45.467288970947266,59.71001052856445,58.16351318359375,-43.77846527,-55.15472412,-57.08590317,7.801480770111084,19.331777572631836,3.35543155670166,0.9628562927246094,0.9237098097801208,0.9814727306365967,5.657471656799316,5.625438213348389,4.437166690826416
4.05,0,103.09767150878906,128.33282470703125,118.82921600341797,202.00758361816406,202.11541748046875,200.3914794921875,0.44101178646087646,0.4652746617794037,0.4894714951515198,45.467288970947266,59.71001052856445,58.16351318359375,-43.77846527,-55.15472412,-57.08590317,7.801480770111084,19.331777572631836,3.35543155670166,0.9628562927246094,0.9237098097801208,0.9814727306365967,5.657471656799316,5.625438213348389,4.437166690826416
4.1,0,103.09767150878906,128.33282470703125,118.82921600341797,202.00758361816406,202.11541748046875,200.3914794921875,0.44101178646087646,0.4652746617794037,0.4894714951515198,45.467288970947266,59.71001052856445,58.16351318359375,-43.77846527,-55.15472412,-57.08590317,7.801480770111084,19.331777572631836,3.35543155670166,0.9628562927246094,0.9237098097801208,0.9814727306365967,5.657471656799316,5.625438213348389,4.437166690826416
4.15,0,103.09767150878906,128.33282470703125,118.82921600341797,202.00758361816406,202.11541748046875,200.3914794921875,0.44101178646087646,0.4652746617794037,0.4894714951515198,45.467288970947266,59.71001052856445,58.16351318359375,-43.77846527,-55.15472412,-57.08590317,7.801480770111084,19.331777572631836,3.35543155670166,0.9628562927246094,0.9237098097801208,0.9814727306365967,5.657471656799316,5.625438213348389,4.437166690826416
4.2,0,103.18387603759766,128.2492218017578,118.86139678955078,202.0237579345703,201.99124145507812,200.54541015625,0.44432246685028076,0.46698883175849915,0.4885540306568146,45.84691619873047,59.890953063964844,58.070213317871094,-44.23367691,-55.82240295,-56.9812088,7.085332870483398,17.864471435546875,2.0853474140167236,0.9648124575614929,0.9320673942565918,0.9812467694282532,5.525548934936523,5.490570068359375,4.36392068862915
4.25,0,103.18387603759766,128.2492218017578,118.86139678955078,202.0237579345703,201.99124145507812,200.54541015625,0.44432246685028076,0.46698883175849915,0.4885540306568146,45.84691619873047,59.890953063964844,58.070213317871094,-44.23367691,-55.82240295,-56.9812088,7.085332870483398,17.864471435546875,2.0853474140167236,0.9648124575614929,0.9320673942565918,0.9812467694282532,5.525548934936523,5.490570068359375,4.36392068862915
4.3,0,103.18387603759766,128.2492218017578,118.86139678955078,202.0237579345703,201.99124145507812,200.54541015625,0.44432246685028076,0.46698883175849915,0.4885540306568146,45.84691619873047,59.890953063964844,58.070213317871094,-44.23367691,-55.82240295,-56.9812088,7.085332870483398,17.864471435546875,2.0853474140167236,0.9648124575614929,0.9320673942565918,0.9812467694282532,5.525548934936523,5.490570068359375,4.36392068862915
4.35,0,103.18387603759766,128.2492218017578,118.86139678955078,202.0237579345703,201.99124145507812,200.54541015625,0.44432246685028076,0.46698883175849915,0.4885540306568146,45.84691619873047,59.890953063964844,58.070213317871094,-44.23367691,-55.82240295,-56.9812088,7.085332870483398,17.864471435546875,2.0853474140167236,0.9648124575614929,0.9320673942565918,0.9812467694282532,5.525548934936523,5.490570068359375,4.36392068862915
4.4,0,103.11145782470703,128.35520935058594,118.8732681274414,202.078125,202.1455841064453,200.43849182128906,0.44209277629852295,0.46605435013771057,0.49513185024261475,45.58483123779297,59.82050323486328,58.857940673828125,-44.00931931,-55.28004837,-57.77750015,7.2799458503723145,19.372446060180664,3.0907435417175293,0.9654378294944763,0.9240986704826355,0.9816432595252991,5.826615333557129,5.5306172370910645,4.487629413604736
4.45,0,103.11145782470703,128.35520935058594,118.8732681274414,202.078125,202.1455841064453,200.43849182128906,0.44209277629852295,0.46605435013771057,0.49513185024261475,45.58483123779297,59.82050323486328,58.857940673828125,-44.00931931,-55.28004837,-57.77750015,7.2799458503723145,19.372446060180664,3.0907435417175293,0.9654378294944763,0.9240986704826355,0.9816432595252991,5.826615333557129,5.5306172370910645,4.487629413604736
4.5,0,103.11145782470703,128.35520935058594,118.8732681274414,202.078125,202.1455841064453,200.43849182128906,0.44209277629852295,0.46605435013771057,0.49513185024261475,45.58483123779297,59.82050323486328,58.857940673828125,-44.00931931,-55.28004837,-57.77750015,7.2799458503723145,19.372446060180664,3.0907435417175293,0.9654378294944763,0.9240986704826355,0.9816432595252991,5.826615333557129,5.5306172370910645,4.487629413604736
4.55,0,103.11145782470703,128.35520935058594,118.8732681274414,202.078125,202.1455841064453,200.43849182128906,0.44209277629852295,0.46605435013771057,0.49513185024261475,45.58483123779297,59.82050323486328,58.857940673828125,-44.00931931,-55.28004837,-57.77750015,7.2799458503723145,19.372446060180664,3.0907435417175293,0.9654378294944763,0.9240986704826355,0.9816432595252991,5.826615333557129,5.5306172370910645,4.487629413604736
4.6,0,103.1451187133789,128.31837463378906,118.89299774169922,202.0751190185547,202.1680450439453,200.4580078,0.4466364085674286,0.467365026473999,0.49505236744880676,46.06836700439453,59.971519470214844,58.85826110839844,-44.3924675,-55.56547546,-57.64989853,7.215842247009277,18.742414474487305,2.949246883392334,0.9636214971542358,0.9265310764312744,0.9794699549674988,5.853756427764893,5.486565113067627,4.577652931213379
4.65,0,103.1451187133789,128.31837463378906,118.89299774169922,202.0751190185547,202.1680450439453,200.4580078,0.4466364085674286,0.467365026473999,0.49505236744880676,46.06836700439453,59.971519470214844,58.85826110839844,-44.3924675,-55.56547546,-57.64989853,7.215842247009277,18.742414474487305,2.949246883392334,0.9636214971542358,0.9265310764312744,0.9794699549674988,5.853756427764893,5.486565113067627,4.577652931213379
4.7,0,103.1451187133789,128.31837463378906,118.89299774169922,202.0751190185547,202.1680450439453,200.4580078,0.4466364085674286,0.467365026473999,0.49505236744880676,46.06836700439453,59.971519470214844,58.85826110839844,-44.3924675,-55.56547546,-57.64989853,7.215842247009277,18.742414474487305,2.949246883392334,0.9636214971542358,0.9265310764312744,0.9794699549674988,5.853756427764893,5.486565113067627,4.577652931213379
4.75,0,103.1451187133789,128.31837463378906,118.89299774169922,202.0751190185547,202.1680450439453,200.4580078,0.4466364085674286,0.467365026473999,0.49505236744880676,46.06836700439453,59.971519470214844,58.85826110839844,-44.3924675,-55.56547546,-57.64989853,7.215842247009277,18.742414474487305,2.949246883392334,0.9636214971542358,0.9265310764312744,0.9794699549674988,5.853756427764893,5.486565113067627,4.577652931213379
4.8,0,103.11292266845703,128.33966064453125,118.91202545166016,202.0681915283203,202.21641540527344,200.4285430908203,0.44585636258125305,0.4657183289527893,0.4958571791648865,45.97355270385742,59.77013397216797,58.963382720947266,-44.45592117,-55.533741,-57.90898132,6.703493118286133,18.482513427734375,2.603656053543091,0.9669890403747559,0.9291219115257263,0.9821177124977112,5.8929362297058105,5.521249771118164,4.677940368652344
4.85,0,103.11292266845703,128.33966064453125,118.91202545166016,202.0681915283203,202.21641540527344,200.4285430908203,0.44585636258125305,0.4657183289527893,0.4958571791648865,45.97355270385742,59.77013397216797,58.963382720947266,-44.45592117,-55.533741,-57.90898132,6.703493118286133,18.482513427734375,2.603656053543091,0.9669890403747559,0.9291219115257263,0.9821177124977112,5.8929362297058105,5.521249771118164,4.677940368652344
4.9,0,103.11292266845703,128.33966064453125,118.91202545166016,202.0681915283203,202.21641540527344,200.4285430908203,0.44585636258125305,0.4657183289527893,0.4958571791648865,45.97355270385742,59.77013397216797,58.963382720947266,-44.45592117,-55.533741,-57.90898132,6.703493118286133,18.482513427734375,2.603656053543091,0.9669890403747559,0.9291219115257263,0.9821177124977112,5.8929362297058105,5.521249771118164,4.677940368652344
4.95,0,103.11292266845703,128.33966064453125,118.91202545166016,202.0681915283203,202.21641540527344,200.4285430908203,0.44585636258125305,0.4657183289527893,0.4958571791648865,45.97355270385742,59.77013397216797,58.963382720947266,-44.45592117,-55.533741,-57.90898132,6.703493118286133,18.482513427734375,2.603656053543091,0.9669890403747559,0.9291219115257263,0.9821177124977112,5.8929362297058105,5.521249771118164,4.677940368652344
5,0,103.10736083984375,128.27854919433594,118.7883529663086,201.9829559326172,202.10107421875,200.3004608154297,0.4386896789073944,0.4621261954307556,0.4896046221256256,45.23213577270508,59.28087615966797,58.15932846069336,-43.55618668,-54.72978973,-56.98130417,7.36897611618042,19.14918327331543,3.2103230953216553,0.9629478454589844,0.9232284426689148,0.9797448515892029,5.7990288734436035,5.546108245849609,4.705880165100098
5.05,0,103.10736083984375,128.27854919433594,118.7883529663086,201.9829559326172,202.10107421875,200.3004608154297,0.4386896789073944,0.4621261954307556,0.4896046221256256,45.23213577270508,59.28087615966797,58.15932846069336,-43.55618668,-54.72978973,-56.98130417,7.36897611618042,19.14918327331543,3.2103230953216553,0.9629478454589844,0.9232284426689148,0.9797448515892029,5.7990288734436035,5.546108245849609,4.705880165100098
5.1,0,103.10736083984375,128.27854919433594,118.7883529663086,201.9829559326172,202.10107421875,200.3004608154297,0.4386896789073944,0.4621261954307556,0.4896046221256256,45.23213577270508,59.28087615966797,58.15932846069336,-43.55618668,-54.72978973,-56.98130417,7.36897611618042,19.14918327331543,3.2103230953216553,0.9629478454589844,0.9232284426689148,0.9797448515892029,5.7990288734436035,5.546108245849609,4.705880165100098
5.15,0,103.10736083984375,128.27854919433594,118.7883529663086,201.9829559326172,202.10107421875,200.3004608154297,0.4386896789073944,0.4621261954307556,0.4896046221256256,45.23213577270508,59.28087615966797,58.15932846069336,-43.55618668,-54.72978973,-56.98130417,7.36897611618042,19.14918327331543,3.2103230953216553,0.9629478454589844,0.9232284426689148,0.9797448515892029,5.7990288734436035,5.546108245849609,4.705880165100098
5.2,0,103.20960998535156,128.2407989501953,118.85723876953125,201.99420166015625,202.05128479003906,200.5368194580078,0.4467849135398865,0.4699283540248871,0.49167099595069885,46.11249542236328,60.26398849487305,58.438655853271484,-44.52238464,-56.12468719,-57.33951569,7.293023586273193,18.13670539855957,2.3516623973846436,0.9655166864395142,0.9313138723373413,0.9811915755271912,5.507085800170898,5.539906978607178,4.587271213531494
5.25,0,103.20960998535156,128.2407989501953,118.85723876953125,201.99420166015625,202.05128479003906,200.5368194580078,0.4467849135398865,0.4699283540248871,0.49167099595069885,46.11249542236328,60.26398849487305,58.438655853271484,-44.52238464,-56.12468719,-57.33951569,7.293023586273193,18.13670539855957,2.3516623973846436,0.9655166864395142,0.9313138723373413,0.9811915755271912,5.507085800170898,5.539906978607178,4.587271213531494
5.3,0,103.20960998535156,128.2407989501953,118.85723876953125,201.99420166015625,202.05128479003906,200.5368194580078,0.4467849135398865,0.4699283540248871,0.49167099595069885,46.11249542236328,60.26398849487305,58.438655853271484,-44.52238464,-56.12468719,-57.33951569,7.293023586273193,18.13670539855957,2.3516623973846436,0.9655166864395142,0.9313138723373413,0.9811915755271912,5.507085800170898,5.539906978607178,4.587271213531494
5.35,0,103.20960998535156,128.2407989501953,118.85723876953125,201.99420166015625,202.05128479003906,200.5368194580078,0.4467849135398865,0.4699283540248871,0.49167099595069885,46.11249542236328,60.26398849487305,58.438655853271484,-44.52238464,-56.12468719,-57.33951569,7.293023586273193,18.13670539855957,2.3516623973846436,0.9655166864395142,0.9313138723373413,0.9811915755271912,5.507085800170898,5.539906978607178,4.587271213531494
5.4,0,103.10124206542969,128.3713836669922,118.79710388183594,202.04087829589844,202.162353515625,200.33477783203125,0.4371255040168762,0.4632973372936249,0.4902764558792114,45.06818389892578,59.47412109,58.24342346191406,-43.50164032,-54.96974182,-57.22813797,7.320958137512207,19.333906173706055,2.959134817123413,0.9652405977249146,0.9242631793022156,0.9825682640075684,5.687247276306152,5.616506576538086,4.5641937255859375
5.45,0,103.10124206542969,128.3713836669922,118.79710388183594,202.04087829589844,202.162353515625,200.33477783203125,0.4371255040168762,0.4632973372936249,0.4902764558792114,45.06818389892578,59.47412109,58.24342346191406,-43.50164032,-54.96974182,-57.22813797,7.320958137512207,19.333906173706055,2.959134817123413,0.9652405977249146,0.9242631793022156,0.9825682640075684,5.687247276306152,5.616506576538086,4.5641937255859375
5.5,0,103.10124206542969,128.3713836669922,118.79710388183594,202.04087829589844,202.162353515625,200.33477783203125,0.4371255040168762,0.4632973372936249,0.4902764558792114,45.06818389892578,59.47412109,58.24342346191406,-43.50164032,-54.96974182,-57.22813797,7.320958137512207,19.333906173706055,2.959134817123413,0.9652405977249146,0.9242631793022156,0.9825682640075684,5.687247276306152,5.616506576538086,4.5641937255859375
5.55,0,103.10124206542969,128.3713836669922,118.79710388183594,202.04087829589844,202.162353515625,200.33477783203125,0.4371255040168762,0.4632973372936249,0.4902764558792114,45.06818389892578,59.47412109,58.24342346191406,-43.50164032,-54.96974182,-57.22813797,7.320958137512207,19.333906173706055,2.959134817123413,0.9652405977249146,0.9242631793022156,0.9825682640075684,5.687247276306152,5.616506576538086,4.5641937255859375
5.6,0,103.14066314697266,128.37083435058594,118.85257720947266,202.09487915039062,202.19044494628906,200.42120361328125,0.4451692998409271,0.4676598310470581,0.4949541389942169,45.91505813598633,60.03388214111328,58.826576232910156,-44.187397,-55.41917038,-57.62667084,7.263432025909424,18.982017517089844,2.9809226989746094,0.9623726606369019,0.92313152551651,0.9796026945114136,5.750731468200684,5.6420063972473145,4.483296871185303
5.65,0,103.14066314697266,128.37083435058594,118.85257720947266,202.09487915039062,202.19044494628906,200.42120361328125,0.4451692998409271,0.4676598310470581,0.4949541389942169,45.91505813598633,60.03388214111328,58.826576232910156,-44.187397,-55.41917038,-57.62667084,7.263432025909424,18.982017517089844,2.9809226989746094,0.9623726606369019,0.92313152551651,0.9796026945114136,5.750731468200684,5.6420063972473145,4.483296871185303
5.7,0,103.14066314697266,128.37083435058594,118.85257720947266,202.09487915039062,202.19044494628906,200.42120361328125,0.4451692998409271,0.4676598310470581,0.4949541389942169,45.91505813598633,60.03388214111328,58.826576232910156,-44.187397,-55.41917038,-57.62667084,7.263432025909424,18.982017517089844,2.9809226989746094,0.9623726606369019,0.92313152551651,0.9796026945114136,5.750731468200684,5.6420063972473145,4.483296871185303
5.75,0,103.14066314697266,128.37083435058594,118.85257720947266,202.09487915039062,202.19044494628906,200.42120361328125,0.4451692998409271,0.4676598310470581,0.4949541389942169,45.91505813598633,60.03388214111328,58.826576232910156,-44.187397,-55.41917038,-57.62667084,7.263432025909424,18.982017517089844,2.9809226989746094,0.9623726606369019,0.92313152551651,0.9796026945114136,5.750731468200684,5.6420063972473145,4.483296871185303
5.8,0,103.1368637084961,128.43394470214844,118.90885925292969,202.18495178222656,202.22412109375,200.4886932373047,0.44590702652931213,0.46740490198135376,0.49834734201431274,45.98945236206055,60.03065490722656,59.25791549682617,-44.44800186,-55.61253357,-58.16153717,6.865495204925537,18.91769027709961,2.710287570953369,0.9664825201034546,0.9264022707939148,0.9814981818199158,5.873415470123291,5.638911724090576,4.520337104797363
5.85,0,103.1368637084961,128.43394470214844,118.90885925292969,202.18495178222656,202.22412109375,200.4886932373047,0.44590702652931213,0.46740490198135376,0.49834734201431274,45.98945236206055,60.03065490722656,59.25791549682617,-44.44800186,-55.61253357,-58.16153717,6.865495204925537,18.91769027709961,2.710287570953369,0.9664825201034546,0.9264022707939148,0.9814981818199158,5.873415470123291,5.638911724090576,4.520337104797363
5.9,0,103.1368637084961,128.43394470214844,118.90885925292969,202.18495178222656,202.22412109375,200.4886932373047,0.44590702652931213,0.46740490198135376,0.49834734201431274,45.98945236206055,60.03065490722656,59.25791549682617,-44.44800186,-55.61253357,-58.16153717,6.865495204925537,18.91769027709961,2.710287570953369,0.9664825201034546,0.9264022707939148,0.9814981818199158,5.873415470123291,5.638911724090576,4.520337104797363
5.95,0,103.1368637084961,128.43394470214844,118.90885925292969,202.18495178222656,202.22412109375,200.4886932373047,0.44590702652931213,0.46740490198135376,0.49834734201431274,45.98945236206055,60.03065490722656,59.25791549682617,-44.44800186,-55.61253357,-58.16153717,6.865495204925537,18.91769027709961,2.710287570953369,0.9664825201034546,0.9264022707939148,0.9814981818199158,5.873415470123291,5.638911724090576,4.520337104797363
6,0,103.13610076904297,128.32846069335938,118.87939453125,202.10601806640625,202.11703491210938,200.44725036621094,0.4385232627391815,0.4620409607887268,0.4891447424888611,45.22758102416992,59.293006896972656,58.14923095703125,-43.5437088,-54.75144577,-57.00164795,7.183017730712891,18.9747371673584,2.884369134902954,0.9627689123153687,0.9234047532081604,0.9802648425102234,5.930557727813721,5.6163225173950195,4.611852169036865
6.05,0,103.13610076904297,128.32846069335938,118.87939453125,202.10601806640625,202.11703491210938,200.44725036621094,0.4385232627391815,0.4620409607887268,0.4891447424888611,45.22758102416992,59.293006896972656,58.14923095703125,-43.5437088,-54.75144577,-57.00164795,7.183017730712891,18.9747371673584,2.884369134902954,0.9627689123153687,0.9234047532081604,0.9802648425102234,5.930557727813721,5.6163225173950195,4.611852169036865
6.1,0,103.13610076904297,128.32846069335938,118.87939453125,202.10601806640625,202.11703491210938,200.44725036621094,0.4385232627391815,0.4620409607887268,0.4891447424888611,45.22758102416992,59.293006896972656,58.14923095703125,-43.5437088,-54.75144577,-57.00164795,7.183017730712891,18.9747371673584,2.884369134902954,0.9627689123153687,0.9234047532081604,0.9802648425102234,5.930557727813721,5.6163225173950195,4.611852169036865
6.15,0,103.13610076904297,128.32846069335938,118.87939453125,202.10601806640625,202.11703491210938,200.44725036621094,0.4385232627391815,0.4620409607887268,0.4891447424888611,45.22758102416992,59.293006896972656,58.14923095703125,-43.5437088,-54.75144577,-57.00164795,7.183017730712891,18.9747371673584,2.884369134902954,0.9627689123153687,0.9234047532081604,0.9802648425102234,5.930557727813721,5.6163225173950195,4.611852169036865
6.2,0,103.25106811523438,128.2610626220703,118.96308135986328,202.11367797851562,202.0618133544922,200.6927032470703,0.4499938189983368,0.47279903292655945,0.4960772395133972,46.46234130859375,60.64170455932617,59.01487731933594,-44.78506088,-56.3315773,-57.87041473,7.345865726470947,18.49728775024414,2.4918220043182373,0.9639002084732056,0.9289246797561646,0.9806072115898132,5.7459893226623535,5.52458381652832,4.6270856857299805
6.25,0,103.25106811523438,128.2610626220703,118.96308135986328,202.11367797851562,202.0618133544922,200.6927032470703,0.4499938189983368,0.47279903292655945,0.4960772395133972,46.46234130859375,60.64170455932617,59.01487731933594,-44.78506088,-56.3315773,-57.87041473,7.345865726470947,18.49728775024414,2.4918220043182373,0.9639002084732056,0.9289246797561646,0.9806072115898132,5.7459893226623535,5.52458381652832,4.6270856857299805
6.3,0,103.25106811523438,128.2610626220703,118.96308135986328,202.11367797851562,202.0618133544922,200.6927032470703,0.4499938189983368,0.47279903292655945,0.4960772395133972,46.46234130859375,60.64170455932617,59.01487731933594,-44.78506088,-56.3315773,-57.87041473,7.345865726470947,18.49728775024414,2.4918220043182373,0.9639002084732056,0.9289246797561646,0.9806072115898132,5.7459893226623535,5.52458381652832,4.6270856857299805
6.35,0,103.25106811523438,128.2610626220703,118.96308135986328,202.11367797851562,202.0618133544922,200.6927032470703,0.4499938189983368,0.47279903292655945,0.4960772395133972,46.46234130859375,60.64170455932617,59.01487731933594,-44.78506088,-56.3315773,-57.87041473,7.345865726470947,18.49728775024414,2.4918220043182373,0.9639002084732056,0.9289246797561646,0.9806072115898132,5.7459893226623535,5.52458381652832,4.6270856857299805
6.4,0,103.14779663085938,128.33123779296875,118.86495971679688,202.0861358642578,202.17796325683594,200.41297912597656,0.43480780720710754,0.4599829316139221,0.4862860143184662,44.84946823120117,59.03017807006836,57.8023681640625,-43.19643784,-54.6500206,-56.64026642,6.931024074554443,18.626129150390625,2.463554859161377,0.9631426930427551,0.9257979989051819,0.9798952341079712,5.9444661140441895,5.6368408203125,4.780574321746826
6.45,0,103.14779663085938,128.33123779296875,118.86495971679688,202.0861358642578,202.17796325683594,200.41297912597656,0.43480780720710754,0.4599829316139221,0.4862860143184662,44.84946823120117,59.03017807006836,57.8023681640625,-43.19643784,-54.6500206,-56.64026642,6.931024074554443,18.626129150390625,2.463554859161377,0.9631426930427551,0.9257979989051819,0.9798952341079712,5.9444661140441895,5.6368408203125,4.780574321746826
6.5,0,103.14779663085938,128.33123779296875,118.86495971679688,202.0861358642578,202.17796325683594,200.41297912597656,0.43480780720710754,0.4599829316139221,0.4862860143184662,44.84946823120117,59.03017807006836,57.8023681640625,-43.19643784,-54.6500206,-56.64026642,6.931024074554443,18.626129150390625,2.463554859161377,0.9631426930427551,0.9257979989051819,0.9798952341079712,5.9444661140441895,5.6368408203125,4.780574321746826
6.55,0,103.17122650146484,128.36233520507812,118.96739196777344,202.1097869873047,202.28102111816406,200.5567169189453,0.4374648630619049,0.45992523431777954,0.4905565679073334,45.133785247802734,59.037078857421875,58.36023712158203,-43.63531494,-54.86326981,-57.29257965,6.2625603675842285,18.207754135131836,2.0378849506378174,0.9667993783950806,0.929301917552948,0.9817057251930237,5.897597789764404,5.561458110809326,4.646228790283203
6.6,0,103.22306060791016,128.31219482421875,118.93680572509766,202.098876953125,202.23123168945312,200.56356811523438,0.44349247217178345,0.46466806530952454,0.4916895627975464,45.77865219116211,59.62257766723633,58.479984283447266,-44.04814911,-55.09744263,-57.26478958,7.446939945220947,18.97818946838379,3.283085346221924,0.9621984958648682,0.9241036772727966,0.9792203307151794,5.7961530685424805,5.572325706481934,4.67946195602417
6.65,0,103.22306060791016,128.31219482421875,118.93680572509766,202.098876953125,202.23123168945312,200.56356811523438,0.44349247217178345,0.46466806530952454,0.4916895627975464,45.77865219116211,59.62257766723633,58.479984283447266,-44.04814911,-55.09744263,-57.26478958,7.446939945220947,18.97818946838379,3.283085346221924,0.9621984958648682,0.9241036772727966,0.9792203307151794,5.7961530685424805,5.572325706481934,4.67946195602417
6.7,0,103.22306060791016,128.31219482421875,118.93680572509766,202.098876953125,202.23123168945312,200.56356811523438,0.44349247217178345,0.46466806530952454,0.4916895627975464,45.77865219116211,59.62257766723633,58.479984283447266,-44.04814911,-55.09744263,-57.26478958,7.446939945220947,18.97818946838379,3.283085346221924,0.9621984958648682,0.9241036772727966,0.9792203307151794,5.7961530685424805,5.572325706481934,4.67946195602417
6.75,0,103.22306060791016,128.31219482421875,118.93680572509766,202.098876953125,202.23123168945312,200.56356811523438,0.44349247217178345,0.46466806530952454,0.4916895627975464,45.77865219116211,59.62257766723633,58.479984283447266,-44.04814911,-55.09744263,-57.26478958,7.446939945220947,18.97818946838379,3.283085346221924,0.9621984958648682,0.9241036772727966,0.9792203307151794,5.7961530685424805,5.572325706481934,4.67946195602417
6.8,0,103.28248596191406,128.2943115234375,118.89728546142578,202.10031127929688,202.11508178710938,200.64901733398438,0.4476013481616974,0.4730641543865204,0.4946654438972473,46.2293815612793,60.69144058227539,58.81437683105469,-44.63625717,-56.44288635,-57.80119324,7.663027286529541,18.855615615844727,2.6604440212249756,0.9655386805534363,0.929997444152832,0.9827731847763062,5.535549640655518,5.527556896209717,4.614628791809082
6.85,0,103.28248596191406,128.2943115234375,118.89728546142578,202.10031127929688,202.11508178710938,200.64901733398438,0.4476013481616974,0.4730641543865204,0.4946654438972473,46.2293815612793,60.69144058227539,58.81437683105469,-44.63625717,-56.44288635,-57.80119324,7.663027286529541,18.855615615844727,2.6604440212249756,0.9655386805534363,0.929997444152832,0.9827731847763062,5.535549640655518,5.527556896209717,4.614628791809082
6.9,0,103.28248596191406,128.2943115234375,118.89728546142578,202.10031127929688,202.11508178710938,200.64901733398438,0.4476013481616974,0.4730641543865204,0.4946654438972473,46.2293815612793,60.69144058227539,58.81437683105469,-44.63625717,-56.44288635,-57.80119324,7.663027286529541,18.855615615844727,2.6604440212249756,0.9655386805534363,0.929997444152832,0.9827731847763062,5.535549640655518,5.527556896209717,4.614628791809082
6.95,0,103.28248596191406,128.2943115234375,118.89728546142578,202.10031127929688,202.11508178710938,200.64901733398438,0.4476013481616974,0.4730641543865204,0.4946654438972473,46.2293815612793,60.69144058227539,58.81437683105469,-44.63625717,-56.44288635,-57.80119324,7.663027286529541,18.855615615844727,2.6604440212249756,0.9655386805534363,0.929997444152832,0.9827731847763062,5.535549640655518,5.527556896209717,4.614628791809082
7,0,103.1658706665039,128.31178283691406,118.78810119628906,202.0496826171875,202.0801544189453,200.3925018310547,0.4360875189304352,0.45942583680152893,0.4873140752315521,44.989349365234375,58.94974899291992,57.887115478515625,-43.30497742,-54.43727493,-56.67959976,6.926450729370117,18.671672821044922,2.680015802383423,0.9625606536865234,0.9234521985054016,0.9791401624679565,5.6644086837768555,5.626579761505127,4.629065990447998
7.05,0,103.1658706665039,128.31178283691406,118.78810119628906,202.0496826171875,202.0801544189453,200.3925018310547,0.4360875189304352,0.45942583680152893,0.4873140752315521,44.989349365234375,58.94974899291992,57.887115478515625,-43.30497742,-54.43727493,-56.67959976,6.926450729370117,18.671672821044922,2.680015802383423,0.9625606536865234,0.9234521985054016,0.9791401624679565,5.6644086837768555,5.626579761505127,4.629065990447998
7.1,0,103.1658706665039,128.31178283691406,118.78810119628906,202.0496826171875,202.0801544189453,200.3925018310547,0.4360875189304352,0.45942583680152893,0.4873140752315521,44.989349365234375,58.94974899291992,57.887115478515625,-43.30497742,-54.43727493,-56.67959976,6.926450729370117,18.671672821044922,2.680015802383423,0.9625606536865234,0.9234521985054016,0.9791401624679565,5.6644086837768555,5.626579761505127,4.629065990447998
7.15,0,103.1658706665039,128.31178283691406,118.78810119628906,202.0496826171875,202.0801544189453,200.3925018310547,0.4360875189304352,0.45942583680152893,0.4873140752315521,44.989349365234375,58.94974899291992,57.887115478515625,-43.30497742,-54.43727493,-56.67959976,6.926450729370117,18.671672821044922,2.680015802383423,0.9625606536865234,0.9234521985054016,0.9791401624679565,5.6644086837768555,5.626579761505127,4.629065990447998
7.2,0,103.19408416748047,128.4392547607422,118.904052734375,202.20799255371094,202.21791076660156,200.55526733398438,0.4505804181098938,0.4729723632335663,0.49912363290786743,46.49723434448242,60.74821853637695,59.34782409667969,-44.85449219,-56.25776672,-58.24753189,7.569986343383789,19.183691024780273,3.092815399169922,0.9646701216697693,0.9260809421539307,0.9814602732658386,5.658780574798584,5.6202778816223145,4.51039981842041
7.25,0,103.19408416748047,128.4392547607422,118.904052734375,202.20799255371094,202.21791076660156,200.55526733398438,0.4505804181098938,0.4729723632335663,0.49912363290786743,46.49723434448242,60.74821853637695,59.34782409667969,-44.85449219,-56.25776672,-58.24753189,7.569986343383789,19.183691024780273,3.092815399169922,0.9646701216697693,0.9260809421539307,0.9814602732658386,5.658780574798584,5.6202778816223145,4.51039981842041
7.3,0,103.19408416748047,128.4392547607422,118.904052734375,202.20799255371094,202.21791076660156,200.55526733398438,0.4505804181098938,0.4729723632335663,0.49912363290786743,46.49723434448242,60.74821853637695,59.34782409667969,-44.85449219,-56.25776672,-58.24753189,7.569986343383789,19.183691024780273,3.092815399169922,0.9646701216697693,0.9260809421539307,0.9814602732658386,5.658780574798584,5.6202778816223145,4.51039981842041
7.35,0,103.19408416748047,128.4392547607422,118.904052734375,202.20799255371094,202.21791076660156,200.55526733398438,0.4505804181098938,0.4729723632335663,0.49912363290786743,46.49723434448242,60.74821853637695,59.34782409667969,-44.85449219,-56.25776672,-58.24753189,7.569986343383789,19.183691024780273,3.092815399169922,0.9646701216697693,0.9260809421539307,0.9814602732658386,5.658780574798584,5.6202778816223145,4.51039981842041
7.4,0,103.14752960205078,128.41534423828125,118.88127136230469,202.1717071533203,202.21351623535156,200.4580078,0.4357914924621582,0.45801955461502075,0.4877042770385742,44.9508171081543,58.81673812866211,57.978904724121094,-43.47424698,-54.61601639,-56.89665604,6.061341285705566,17.815698623657227,1.7920879125595093,0.967151403427124,0.9285795092582703,0.9813337326049805,5.848355293273926,5.628081321716309,4.499762535095215
7.45,0,103.14752960205078,128.41534423828125,118.88127136230469,202.1717071533203,202.21351623535156,200.4580078,0.4357914924621582,0.45801955461502075,0.4877042770385742,44.9508171081543,58.81673812866211,57.978904724121094,-43.47424698,-54.61601639,-56.89665604,6.061341285705566,17.815698623657227,1.7920879125595093,0.967151403427124,0.9285795092582703,0.9813337326049805,5.848355293273926,5.628081321716309,4.499762535095215
7.5,0,103.14752960205078,128.41534423828125,118.88127136230469,202.1717071533203,202.21351623535156,200.4580078,0.4357914924621582,0.45801955461502075,0.4877042770385742,44.9508171081543,58.81673812866211,57.978904724121094,-43.47424698,-54.61601639,-56.89665604,6.061341285705566,17.815698623657227,1.7920879125595093,0.967151403427124,0.9285795092582703,0.9813337326049805,5.848355293273926,5.628081321716309,4.499762535095215
7.55,0,103.14752960205078,128.41534423828125,118.88127136230469,202.1717071533203,202.21351623535156,200.4580078,0.4357914924621582,0.45801955461502075,0.4877042770385742,44.9508171081543,58.81673812866211,57.978904724121094,-43.47424698,-54.61601639,-56.89665604,6.061341285705566,17.815698623657227,1.7920879125595093,0.967151403427124,0.9285795092582703,0.9813337326049805,5.848355293273926,5.628081321716309,4.499762535095215
7.6,0,103.2014389038086,128.4167938232422,118.9288558959961,202.25733947753906,202.21009826660156,200.5502166748047,0.4459209144115448,0.4685721695423126,0.49483856558799744,46.01968002319336,60.17253494262695,58.85058594,-44.29820633,-55.49510193,-57.68312073,7.73408317565918,19.463850021362305,3.472003221511841,0.9625926613807678,0.9222663044929504,0.9801622033119202,5.888513088226318,5.592311382293701,4.536601543426514
7.65,0,103.2014389038086,128.4167938232422,118.9288558959961,202.25733947753906,202.21009826660156,200.5502166748047,0.4459209144115448,0.4685721695423126,0.49483856558799744,46.01968002319336,60.17253494262695,58.85058594,-44.29820633,-55.49510193,-57.68312073,7.73408317565918,19.463850021362305,3.472003221511841,0.9625926613807678,0.9222663044929504,0.9801622033119202,5.888513088226318,5.592311382293701,4.536601543426514
7.7,0,103.2014389038086,128.4167938232422,118.9288558959961,202.25733947753906,202.21009826660156,200.5502166748047,0.4459209144115448,0.4685721695423126,0.49483856558799744,46.01968002319336,60.17253494262695,58.85058594,-44.29820633,-55.49510193,-57.68312073,7.73408317565918,19.463850021362305,3.472003221511841,0.9625926613807678,0.9222663044929504,0.9801622033119202,5.888513088226318,5.592311382293701,4.536601543426514
7.75,0,103.2014389038086,128.4167938232422,118.9288558959961,202.25733947753906,202.21009826660156,200.5502166748047,0.4459209144115448,0.4685721695423126,0.49483856558799744,46.01968002319336,60.17253494262695,58.85058594,-44.29820633,-55.49510193,-57.68312073,7.73408317565918,19.463850021362305,3.472003221511841,0.9625926613807678,0.9222663044929504,0.9801622033119202,5.888513088226318,5.592311382293701,4.536601543426514
7.8,0,103.2339859008789,128.3358917236328,118.93684387207031,202.1188201904297,202.16580200195312,200.64300537109375,0.4437931180000305,0.4673348069190979,0.49295493960380554,45.81453323364258,59.975830078125,58.6305046081543,-44.19973373,-55.77368927,-57.48073196,6.728155136108398,18.110328674316406,1.9488469362258911,0.9647535681724548,0.9299361109733582,0.9803895354270935,5.664206504821777,5.580989360809326,4.586929798126221
7.85,0,103.2339859008789,128.3358917236328,118.93684387207031,202.1188201904297,202.16580200195312,200.64300537109375,0.4437931180000305,0.4673348069190979,0.49295493960380554,45.81453323364258,59.975830078125,58.6305046081543,-44.19973373,-55.77368927,-57.48073196,6.728155136108398,18.110328674316406,1.9488469362258911,0.9647535681724548,0.9299361109733582,0.9803895354270935,5.664206504821777,5.580989360809326,4.586929798126221
7.9,0,103.2339859008789,128.3358917236328,118.93684387207031,202.1188201904297,202.16580200195312,200.64300537109375,0.4437931180000305,0.4673348069190979,0.49295493960380554,45.81453323364258,59.975830078125,58.6305046081543,-44.19973373,-55.77368927,-57.48073196,6.728155136108398,18.110328674316406,1.9488469362258911,0.9647535681724548,0.9299361109733582,0.9803895354270935,5.664206504821777,5.580989360809326,4.586929798126221
7.95,0,103.2339859008789,128.3358917236328,118.93684387207031,202.1188201904297,202.16580200195312,200.64300537109375,0.4437931180000305,0.4673348069190979,0.49295493960380554,45.81453323364258,59.975830078125,58.6305046081543,-44.19973373,-55.77368927,-57.48073196,6.728155136108398,18.110328674316406,1.9488469362258911,0.9647535681724548,0.9299361109733582,0.9803895354270935,5.664206504821777,5.580989360809326,4.586929798126221
8,0,103.1769027709961,128.34715270996094,118.86454772949219,202.1289520263672,202.160400390625,200.45803833007812,0.4372813105583191,0.4602820575237274,0.4861466586589813,45.117332458496094,59.07589340209961,57.78560256958008,-43.46830368,-54.6208725,-56.64012146,7.271617889404297,18.796279907226562,2.988257646560669,0.9634501934051514,0.9245882034301758,0.9801770448684692,5.803803443908691,5.663214206695557,4.602537631988525
8.05,0,103.1769027709961,128.34715270996094,118.86454772949219,202.1289520263672,202.160400390625,200.45803833007812,0.4372813105583191,0.4602820575237274,0.4861466586589813,45.117332458496094,59.07589340209961,57.78560256958008,-43.46830368,-54.6208725,-56.64012146,7.271617889404297,18.796279907226562,2.988257646560669,0.9634501934051514,0.9245882034301758,0.9801770448684692,5.803803443908691,5.663214206695557,4.602537631988525
8.1,0,103.1769027709961,128.34715270996094,118.86454772949219,202.1289520263672,202.160400390625,200.45803833007812,0.4372813105583191,0.4602820575237274,0.4861466586589813,45.117332458496094,59.07589340209961,57.78560256958008,-43.46830368,-54.6208725,-56.64012146,7.271617889404297,18.796279907226562,2.988257646560669,0.9634501934051514,0.9245882034301758,0.9801770448684692,5.803803443908691,5.663214206695557,4.602537631988525
8.15,0,103.1769027709961,128.34715270996094,118.86454772949219,202.1289520263672,202.160400390625,200.45803833007812,0.4372813105583191,0.4602820575237274,0.4861466586589813,45.117332458496094,59.07589340209961,57.78560256958008,-43.46830368,-54.6208725,-56.64012146,7.271617889404297,18.796279907226562,2.988257646560669,0.9634501934051514,0.9245882034301758,0.9801770448684692,5.803803443908691,5.663214206695557,4.602537631988525
8.2,0,103.20459747314453,128.42381286621094,118.95096588134766,202.19094848632812,202.31398010253906,200.57376098632812,0.4456779956817627,0.4688369929790497,0.49733301997184753,45.99601745605469,60.209835052490234,59.158241271972656,-44.38268661,-55.68510437,-58.05722427,7.264137268066406,19.203598022460938,2.9987051486968994,0.9649245738983154,0.9248506426811218,0.9813886284828186,5.840363502502441,5.64955472946167,4.594898223876953
8.25,0,103.20459747314453,128.42381286621094,118.95096588134766,202.19094848632812,202.31398010253906,200.57376098632812,0.4456779956817627,0.4688369929790497,0.49733301997184753,45.99601745605469,60.209835052490234,59.158241271972656,-44.38268661,-55.68510437,-58.05722427,7.264137268066406,19.203598022460938,2.9987051486968994,0.9649245738983154,0.9248506426811218,0.9813886284828186,5.840363502502441,5.64955472946167,4.594898223876953
8.3,0,103.20459747314453,128.42381286621094,118.95096588134766,202.19094848632812,202.31398010253906,200.57376098632812,0.4456779956817627,0.4688369929790497,0.49733301997184753,45.99601745605469,60.209835052490234,59.158241271972656,-44.38268661,-55.68510437,-58.05722427,7.264137268066406,19.203598022460938,2.9987051486968994,0.9649245738983154,0.9248506426811218,0.9813886284828186,5.840363502502441,5.64955472946167,4.594898223876953
8.35,0,103.20459747314453,128.42381286621094,118.95096588134766,202.19094848632812,202.31398010253906,200.57376098632812,0.4456779956817627,0.4688369929790497,0.49733301997184753,45.99601745605469,60.209835052490234,59.158241271972656,-44.38268661,-55.68510437,-58.05722427,7.264137268066406,19.203598022460938,2.9987051486968994,0.9649245738983154,0.9248506426811218,0.9813886284828186,5.840363502502441,5.64955472946167,4.594898223876953
8.4,0,103.15792846679688,128.3785400390625,118.87183380126953,202.13485717773438,202.2382354736328,200.42152404785156,0.43690815567970276,0.4575580358505249,0.48844847083091736,45.07054138183594,58.740631103515625,58.062767028808594,-43.56391907,-54.53385925,-56.9602356,6.142899990081787,17.945186614990234,2.1044697761535645,0.9665719270706177,0.9283839464187622,0.9810113906860352,5.893606185913086,5.645298957824707,4.606011867523193
8.45,0,103.15792846679688,128.3785400390625,118.87183380126953,202.13485717773438,202.2382354736328,200.42152404785156,0.43690815567970276,0.4575580358505249,0.48844847083091736,45.07054138183594,58.740631103515625,58.062767028808594,-43.56391907,-54.53385925,-56.9602356,6.142899990081787,17.945186614990234,2.1044697761535645,0.9665719270706177,0.9283839464187622,0.9810113906860352,5.893606185913086,5.645298957824707,4.606011867523193
8.5,0,103.15792846679688,128.3785400390625,118.87183380126953,202.13485717773438,202.2382354736328,200.42152404785156,0.43690815567970276,0.4575580358505249,0.48844847083091736,45.07054138183594,58.740631103515625,58.062767028808594,-43.56391907,-54.53385925,-56.9602356,6.142899990081787,17.945186614990234,2.1044697761535645,0.9665719270706177,0.9283839464187622,0.9810113906860352,5.893606185913086,5.645298957824707,4.606011867523193
8.55,0,103.15792846679688,128.3785400390625,118.87183380126953,202.13485717773438,202.2382354736328,200.42152404785156,0.43690815567970276,0.4575580358505249,0.48844847083091736,45.07054138183594,58.740631103515625,58.062767028808594,-43.56391907,-54.53385925,-56.9602356,6.142899990081787,17.945186614990234,2.1044697761535645,0.9665719270706177,0.9283839464187622,0.9810113906860352,5.893606185913086,5.645298957824707,4.606011867523193
8.6,0,103.19087219238281,128.43104553222656,118.90934753417969,202.2039031982422,202.27142333984375,200.51467895507812,0.44903355836868286,0.47186315059661865,0.49861225485801697,46.33616638183594,60.60187911987305,59.28965759277344,-44.58467484,-55.95302582,-58.14922714,7.883274555206299,19.71793556213379,3.5800092220306396,0.9622003436088562,0.9232886433601379,0.9807651042938232,5.784388065338135,5.597998142242432,4.588316440582275
8.65,0,103.19087219238281,128.43104553222656,118.90934753417969,202.2039031982422,202.27142333984375,200.51467895507812,0.44903355836868286,0.47186315059661865,0.49861225485801697,46.33616638183594,60.60187911987305,59.28965759277344,-44.58467484,-55.95302582,-58.14922714,7.883274555206299,19.71793556213379,3.5800092220306396,0.9622003436088562,0.9232886433601379,0.9807651042938232,5.784388065338135,5.597998142242432,4.588316440582275
8.7,0,103.19087219238281,128.43104553222656,118.90934753417969,202.2039031982422,202.27142333984375,200.51467895507812,0.44903355836868286,0.47186315059661865,0.49861225485801697,46.33616638183594,60.60187911987305,59.28965759277344,-44.58467484,-55.95302582,-58.14922714,7.883274555206299,19.71793556213379,3.5800092220306396,0.9622003436088562,0.9232886433601379,0.9807651042938232,5.784388065338135,5.597998142242432,4.588316440582275
8.75,0,103.19087219238281,128.43104553222656,118.90934753417969,202.2039031982422,202.27142333984375,200.51467895507812,0.44903355836868286,0.47186315059661865,0.49861225485801697,46.33616638183594,60.60187911987305,59.28965759277344,-44.58467484,-55.95302582,-58.14922714,7.883274555206299,19.71793556213379,3.5800092220306396,0.9622003436088562,0.9232886433601379,0.9807651042938232,5.784388065338135,5.597998142242432,4.588316440582275
8.8,0,103.2404556274414,128.29721069335938,118.9103012084961,202.0902557373047,202.09011840820312,200.6383514404297,0.4420607089996338,0.4648960828781128,0.48632413148880005,45.6385498046875,59.64487075805664,57.828948974609375,-44.11207199,-55.65061951,-56.77293015,6.93703556060791,17.648357391357422,1.9510668516159058,0.9665529131889343,0.933032751083374,0.9817389249801636,5.548468112945557,5.522576332092285,4.508979797363281
8.85,0,103.2404556274414,128.29721069335938,118.9103012084961,202.0902557373047,202.09011840820312,200.6383514404297,0.4420607089996338,0.4648960828781128,0.48632413148880005,45.6385498046875,59.64487075805664,57.828948974609375,-44.11207199,-55.65061951,-56.77293015,6.93703556060791,17.648357391357422,1.9510668516159058,0.9665529131889343,0.933032751083374,0.9817389249801636,5.548468112945557,5.522576332092285,4.508979797363281
8.9,0,103.2404556274414,128.29721069335938,118.9103012084961,202.0902557373047,202.09011840820312,200.6383514404297,0.4420607089996338,0.4648960828781128,0.48632413148880005,45.6385498046875,59.64487075805664,57.828948974609375,-44.11207199,-55.65061951,-56.77293015,6.93703556060791,17.648357391357422,1.9510668516159058,0.9665529131889343,0.933032751083374,0.9817389249801636,5.548468112945557,5.522576332092285,4.508979797363281
8.95,0,103.2404556274414,128.29721069335938,118.9103012084961,202.0902557373047,202.09011840820312,200.6383514404297,0.4420607089996338,0.4648960828781128,0.48632413148880005,45.6385498046875,59.64487075805664,57.828948974609375,-44.11207199,-55.65061951,-56.77293015,6.93703556060791,17.648357391357422,1.9510668516159058,0.9665529131889343,0.933032751083374,0.9817389249801636,5.548468112945557,5.522576332092285,4.508979797363281
9,0,103.16340637207031,128.3883514404297,118.90260314941406,202.14442443847656,202.21441650390625,200.49505615234375,0.44407451152801514,0.4656485915184021,0.49128076434135437,45.81224060058594,59.78385543823242,58.4145622253418,-44.07588959,-55.21590805,-57.20398331,7.574193477630615,18.991682052612305,3.2960283756256104,0.9620985388755798,0.9235922694206238,0.9792760610580444,5.806756973266602,5.600764274597168,4.557275295257568
9.05,0,103.16340637207031,128.3883514404297,118.90260314941406,202.14442443847656,202.21441650390625,200.49505615234375,0.44407451152801514,0.4656485915184021,0.49128076434135437,45.81224060058594,59.78385543823242,58.4145622253418,-44.07588959,-55.21590805,-57.20398331,7.574193477630615,18.991682052612305,3.2960283756256104,0.9620985388755798,0.9235922694206238,0.9792760610580444,5.806756973266602,5.600764274597168,4.557275295257568
9.1,0,103.16340637207031,128.3883514404297,118.90260314941406,202.14442443847656,202.21441650390625,200.49505615234375,0.44407451152801514,0.4656485915184021,0.49128076434135437,45.81224060058594,59.78385543823242,58.4145622253418,-44.07588959,-55.21590805,-57.20398331,7.574193477630615,18.991682052612305,3.2960283756256104,0.9620985388755798,0.9235922694206238,0.9792760610580444,5.806756973266602,5.600764274597168,4.557275295257568
9.15,0,103.16340637207031,128.3883514404297,118.90260314941406,202.14442443847656,202.21441650390625,200.49505615234375,0.44407451152801514,0.4656485915184021,0.49128076434135437,45.81224060058594,59.78385543823242,58.4145622253418,-44.07588959,-55.21590805,-57.20398331,7.574193477630615,18.991682052612305,3.2960283756256104,0.9620985388755798,0.9235922694206238,0.9792760610580444,5.806756973266602,5.600764274597168,4.557275295257568
9.2,0,103.15511322021484,128.38693237304688,118.92861938476562,202.1103973388672,202.26010131835938,200.51840209960938,0.44107088446617126,0.4636661410331726,0.49387016892433167,45.49871826171875,59.5286750793457,58.73529815673828,-43.95965195,-55.24615479,-57.6660347,6.499706268310547,18.45244026184082,2.2217648029327393,0.9661734104156494,0.9280595183372498,0.9817951917648315,5.814213752746582,5.60087776184082,4.540609836578369
9.25,0,103.15511322021484,128.38693237304688,118.92861938476562,202.1103973388672,202.26010131835938,200.51840209960938,0.44107088446617126,0.4636661410331726,0.49387016892433167,45.49871826171875,59.5286750793457,58.73529815673828,-43.95965195,-55.24615479,-57.6660347,6.499706268310547,18.45244026184082,2.2217648029327393,0.9661734104156494,0.9280595183372498,0.9817951917648315,5.814213752746582,5.60087776184082,4.540609836578369
9.3,0,103.15511322021484,128.38693237304688,118.92861938476562,202.1103973388672,202.26010131835938,200.51840209960938,0.44107088446617126,0.4636661410331726,0.49387016892433167,45.49871826171875,59.5286750793457,58.73529815673828,-43.95965195,-55.24615479,-57.6660347,6.499706268310547,18.45244026184082,2.2217648029327393,0.9661734104156494,0.9280595183372498,0.9817951917648315,5.814213752746582,5.60087776184082,4.540609836578369
9.35,0,103.15511322021484,128.38693237304688,118.92861938476562,202.1103973388672,202.26010131835938,200.51840209960938,0.44107088446617126,0.4636661410331726,0.49387016892433167,45.49871826171875,59.5286750793457,58.73529815673828,-43.95965195,-55.24615479,-57.6660347,6.499706268310547,18.45244026184082,2.2217648029327393,0.9661734104156494,0.9280595183372498,0.9817951917648315,5.814213752746582,5.60087776184082,4.540609836578369
9.4,0,103.1596450805664,128.32623291015625,118.86392211914062,202.0963592529297,202.15577697753906,200.4327850341797,0.44016480445861816,0.46186408400535583,0.4882107675075531,45.40724563598633,59.26927947998047,58.03064727783203,-43.73014069,-54.91120529,-56.81921005,6.844723224639893,18.222457885742188,2.4893386363983154,0.9630652666091919,0.9264699220657349,0.9791241884231567,5.855257987976074,5.610134601593018,4.618198871612549
9.45,0,103.1596450805664,128.32623291015625,118.86392211914062,202.0963592529297,202.15577697753906,200.4327850341797,0.44016480445861816,0.46186408400535583,0.4882107675075531,45.40724563598633,59.26927947998047,58.03064727783203,-43.73014069,-54.91120529,-56.81921005,6.844723224639893,18.222457885742188,2.4893386363983154,0.9630652666091919,0.9264699220657349,0.9791241884231567,5.855257987976074,5.610134601593018,4.618198871612549
9.5,0,103.1596450805664,128.32623291015625,118.86392211914062,202.0963592529297,202.15577697753906,200.4327850341797,0.44016480445861816,0.46186408400535583,0.4882107675075531,45.40724563598633,59.26927947998047,58.03064727783203,-43.73014069,-54.91120529,-56.81921005,6.844723224639893,18.222457885742188,2.4893386363983154,0.9630652666091919,0.9264699220657349,0.9791241884231567,5.855257987976074,5.610134601593018,4.618198871612549
9.55,0,103.1596450805664,128.32623291015625,118.86392211914062,202.0963592529297,202.15577697753906,200.4327850341797,0.44016480445861816,0.46186408400535583,0.4882107675075531,45.40724563598633,59.26927947998047,58.03064727783203,-43.73014069,-54.91120529,-56.81921005,6.844723224639893,18.222457885742188,2.4893386363983154,0.9630652666091919,0.9264699220657349,0.9791241884231567,5.855257987976074,5.610134601593018,4.618198871612549
9.6,0,103.19886779785156,128.36911010742188,118.91029357910156,202.13430786132812,202.22305297851562,200.53953552246094,0.4457812011241913,0.46835505962371826,0.4962075650691986,46.00411605834961,60.12232208251953,59.004188537597656,-44.34319687,-55.5496788,-57.90808487,7.665953636169434,19.525720596313477,3.476071357727051,0.9638962745666504,0.923944354057312,0.9814233183860779,5.772905349731445,5.593433380126953,4.635363578796387
9.65,0,103.19886779785156,128.36911010742188,118.91029357910156,202.13430786132812,202.22305297851562,200.53953552246094,0.4457812011241913,0.46835505962371826,0.4962075650691986,46.00411605834961,60.12232208251953,59.004188537597656,-44.34319687,-55.5496788,-57.90808487,7.665953636169434,19.525720596313477,3.476071357727051,0.9638962745666504,0.923944354057312,0.9814233183860779,5.772905349731445,5.593433380126953,4.635363578796387
9.7,0,103.19886779785156,128.36911010742188,118.91029357910156,202.13430786132812,202.22305297851562,200.53953552246094,0.4457812011241913,0.46835505962371826,0.4962075650691986,46.00411605834961,60.12232208251953,59.004188537597656,-44.34319687,-55.5496788,-57.90808487,7.665953636169434,19.525720596313477,3.476071357727051,0.9638962745666504,0.923944354057312,0.9814233183860779,5.772905349731445,5.593433380126953,4.635363578796387
9.75,0,103.19886779785156,128.36911010742188,118.91029357910156,202.13430786132812,202.22305297851562,200.53953552246094,0.4457812011241913,0.46835505962371826,0.4962075650691986,46.00411605834961,60.12232208251953,59.004188537597656,-44.34319687,-55.5496788,-57.90808487,7.665953636169434,19.525720596313477,3.476071357727051,0.9638962745666504,0.923944354057312,0.9814233183860779,5.772905349731445,5.593433380126953,4.635363578796387
9.8,0,103.24486541748047,128.2491455078125,118.91388702392578,202.03616333007812,202.0586700439453,200.65374755859375,0.4450228810310364,0.46659716963768005,0.4889293313026428,45.946327209472656,59.8406867980957,58.14048767089844,-44.33311844,-55.76395035,-56.99620438,6.974327564239502,17.68291473388672,2.0614089965820312,0.9648892879486084,0.9318735003471375,0.9803186655044556,5.566952228546143,5.528713226318359,4.568410873413086
9.85,0,103.24486541748047,128.2491455078125,118.91388702392578,202.03616333007812,202.0586700439453,200.65374755859375,0.4450228810310364,0.46659716963768005,0.4889293313026428,45.946327209472656,59.8406867980957,58.14048767089844,-44.33311844,-55.76395035,-56.99620438,6.974327564239502,17.68291473388672,2.0614089965820312,0.9648892879486084,0.9318735003471375,0.9803186655044556,5.566952228546143,5.528713226318359,4.568410873413086
9.9,0,103.24486541748047,128.2491455078125,118.91388702392578,202.03616333007812,202.0586700439453,200.65374755859375,0.4450228810310364,0.46659716963768005,0.4889293313026428,45.946327209472656,59.8406867980957,58.14048767089844,-44.33311844,-55.76395035,-56.99620438,6.974327564239502,17.68291473388672,2.0614089965820312,0.9648892879486084,0.9318735003471375,0.9803186655044556,5.566952228546143,5.528713226318359,4.568410873413086
9.95,0,103.24486541748047,128.2491455078125,118.91388702392578,202.03616333007812,202.0586700439453,200.65374755859375,0.4450228810310364,0.46659716963768005,0.4889293313026428,45.946327209472656,59.8406867980957,58.14048767089844,-44.33311844,-55.76395035,-56.99620438,6.974327564239502,17.68291473388672,2.0614089965820312,0.9648892879486084,0.9318735003471375,0.9803186655044556,5.566952228546143,5.528713226318359,4.568410873413086
10,0,103.17849731445312,128.43228149414062,118.88751983642578,202.2104034423828,202.23577880859375,200.48370361328125,0.44286033511161804,0.46694013476371765,0.49269235134124756,45.69366455078125,59.97018814086914,58.57497024536133,-43.96980286,-55.32009506,-57.46794891,7.874568462371826,19.691932678222656,3.5557515621185303,0.9622734785079956,0.9224599003791809,0.9811007976531982,5.82081937789917,5.6603288650512695,4.605873107910156
10.05,0,103.17849731445312,128.43228149414062,118.88751983642578,202.2104034423828,202.23577880859375,200.48370361328125,0.44286033511161804,0.46694013476371765,0.49269235134124756,45.69366455078125,59.97018814086914,58.57497024536133,-43.96980286,-55.32009506,-57.46794891,7.874568462371826,19.691932678222656,3.5557515621185303,0.9622734785079956,0.9224599003791809,0.9811007976531982,5.82081937789917,5.6603288650512695,4.605873107910156
10.1,0,103.17849731445312,128.43228149414062,118.88751983642578,202.2104034423828,202.23577880859375,200.48370361328125,0.44286033511161804,0.46694013476371765,0.49269235134124756,45.69366455078125,59.97018814086914,58.57497024536133,-43.96980286,-55.32009506,-57.46794891,7.874568462371826,19.691932678222656,3.5557515621185303,0.9622734785079956,0.9224599003791809,0.9811007976531982,5.82081937789917,5.6603288650512695,4.605873107910156
10.15,0,103.17849731445312,128.43228149414062,118.88751983642578,202.2104034423828,202.23577880859375,200.48370361328125,0.44286033511161804,0.46694013476371765,0.49269235134124756,45.69366455078125,59.97018814086914,58.57497024536133,-43.96980286,-55.32009506,-57.46794891,7.874568462371826,19.691932678222656,3.5557515621185303,0.9622734785079956,0.9224599003791809,0.9811007976531982,5.82081937789917,5.6603288650512695,4.605873107910156
10.2,0,103.19698333740234,128.43115234375,118.93550872802734,202.20700073242188,202.2965087890625,200.54718017578125,0.4420115649700165,0.4639779329299927,0.49064749479293823,45.614261627197266,59.5892219543457,58.35540771484375,-44.03957367,-55.37467957,-57.21400452,6.619373798370361,18.013408660888672,2.1273915767669678,0.9654781818389893,0.9292734265327454,0.9804404973983765,5.819539546966553,5.661960601806641,4.565697193145752
10.25,0,103.19698333740234,128.43115234375,118.93550872802734,202.20700073242188,202.2965087890625,200.54718017578125,0.4420115649700165,0.4639779329299927,0.49064749479293823,45.614261627197266,59.5892219543457,58.35540771484375,-44.03957367,-55.37467957,-57.21400452,6.619373798370361,18.013408660888672,2.1273915767669678,0.9654781818389893,0.9292734265327454,0.9804404973983765,5.819539546966553,5.661960601806641,4.565697193145752
10.3,0,103.19698333740234,128.43115234375,118.93550872802734,202.20700073242188,202.2965087890625,200.54718017578125,0.4420115649700165,0.4639779329299927,0.49064749479293823,45.614261627197266,59.5892219543457,58.35540771484375,-44.03957367,-55.37467957,-57.21400452,6.619373798370361,18.013408660888672,2.1273915767669678,0.9654781818389893,0.9292734265327454,0.9804404973983765,5.819539546966553,5.661960601806641,4.565697193145752
10.35,0,103.19698333740234,128.43115234375,118.93550872802734,202.20700073242188,202.2965087890625,200.54718017578125,0.4420115649700165,0.4639779329299927,0.49064749479293823,45.614261627197266,59.5892219543457,58.35540771484375,-44.03957367,-55.37467957,-57.21400452,6.619373798370361,18.013408660888672,2.1273915767669678,0.9654781818389893,0.9292734265327454,0.9804404973983765,5.819539546966553,5.661960601806641,4.565697193145752
10.4,0,103.21153259277344,128.41732788085938,118.95838928222656,202.21221923828125,202.2852325439453,200.58876037597656,0.4429560899734497,0.46295079588890076,0.49035680294036865,45.718177795410156,59.450904846191406,58.332054138183594,-44.15016174,-55.14234161,-57.22274399,7.1092848777771,18.522951126098633,2.9416756629943848,0.9657025933265686,0.9275273680686951,0.9809828400611877,5.833972454071045,5.65171480178833,4.591471195220947
10.45,0,103.21153259277344,128.41732788085938,118.95838928222656,202.21221923828125,202.2852325439453,200.58876037597656,0.4429560899734497,0.46295079588890076,0.49035680294036865,45.718177795410156,59.450904846191406,58.332054138183594,-44.15016174,-55.14234161,-57.22274399,7.1092848777771,18.522951126098633,2.9416756629943848,0.9657025933265686,0.9275273680686951,0.9809828400611877,5.833972454071045,5.65171480178833,4.591471195220947
10.5,0,103.21153259277344,128.41732788085938,118.95838928222656,202.21221923828125,202.2852325439453,200.58876037597656,0.4429560899734497,0.46295079588890076,0.49035680294036865,45.718177795410156,59.450904846191406,58.332054138183594,-44.15016174,-55.14234161,-57.22274399,7.1092848777771,18.522951126098633,2.9416756629943848,0.9657025933265686,0.9275273680686951,0.9809828400611877,5.833972454071045,5.65171480178833,4.591471195220947
10.55,0,103.21153259277344,128.41732788085938,118.95838928222656,202.21221923828125,202.2852325439453,200.58876037597656,0.4429560899734497,0.46295079588890076,0.49035680294036865,45.718177795410156,59.450904846191406,58.332054138183594,-44.15016174,-55.14234161,-57.22274399,7.1092848777771,18.522951126098633,2.9416756629943848,0.9657025933265686,0.9275273680686951,0.9809828400611877,5.833972454071045,5.65171480178833,4.591471195220947
10.6,0,103.2226563,128.40066528320312,118.95600891113281,202.18463134765625,202.28662109375,200.60137939453125,0.44322001934051514,0.46624836325645447,0.49327024817466736,45.75034713745117,59.866600036621094,58.677459716796875,-44.06613541,-55.39879608,-57.52784348,7.281862735748291,18.977346420288086,2.9075021743774414,0.9631869196891785,0.9253706932067871,0.9804078936576843,5.781556129455566,5.626791954040527,4.58981990814209
10.65,0,103.2226563,128.40066528320312,118.95600891113281,202.18463134765625,202.28662109375,200.60137939453125,0.44322001934051514,0.46624836325645447,0.49327024817466736,45.75034713745117,59.866600036621094,58.677459716796875,-44.06613541,-55.39879608,-57.52784348,7.281862735748291,18.977346420288086,2.9075021743774414,0.9631869196891785,0.9253706932067871,0.9804078936576843,5.781556129455566,5.626791954040527,4.58981990814209
10.7,0,103.2226563,128.40066528320312,118.95600891113281,202.18463134765625,202.28662109375,200.60137939453125,0.44322001934051514,0.46624836325645447,0.49327024817466736,45.75034713745117,59.866600036621094,58.677459716796875,-44.06613541,-55.39879608,-57.52784348,7.281862735748291,18.977346420288086,2.9075021743774414,0.9631869196891785,0.9253706932067871,0.9804078936576843,5.781556129455566,5.626791954040527,4.58981990814209
10.75,0,103.2226563,128.40066528320312,118.95600891113281,202.18463134765625,202.28662109375,200.60137939453125,0.44322001934051514,0.46624836325645447,0.49327024817466736,45.75034713745117,59.866600036621094,58.677459716796875,-44.06613541,-55.39879608,-57.52784348,7.281862735748291,18.977346420288086,2.9075021743774414,0.9631869196891785,0.9253706932067871,0.9804078936576843,5.781556129455566,5.626791954040527,4.58981990814209
10.8,0,103.29460144042969,128.31336975097656,118.9197006225586,202.17611694335938,202.12278747558594,200.66525268554688,0.4438597857952118,0.4680793881416321,0.4886067807674408,45.84832000732422,60.06084442138672,58.10497283935547,-44.25777054,-55.98048401,-57.00288391,7.08493185043335,17.856548309326172,1.969862937927246,0.965308427810669,0.9320628643035889,0.9810327887535095,5.601848125457764,5.543006420135498,4.567479610443115
10.85,0,103.29460144042969,128.31336975097656,118.9197006225586,202.17611694335938,202.12278747558594,200.66525268554688,0.4438597857952118,0.4680793881416321,0.4886067807674408,45.84832000732422,60.06084442138672,58.10497283935547,-44.25777054,-55.98048401,-57.00288391,7.08493185043335,17.856548309326172,1.969862937927246,0.965308427810669,0.9320628643035889,0.9810327887535095,5.601848125457764,5.543006420135498,4.567479610443115
10.9,0,103.29460144042969,128.31336975097656,118.9197006225586,202.17611694335938,202.12278747558594,200.66525268554688,0.4438597857952118,0.4680793881416321,0.4886067807674408,45.84832000732422,60.06084442138672,58.10497283935547,-44.25777054,-55.98048401,-57.00288391,7.08493185043335,17.856548309326172,1.969862937927246,0.965308427810669,0.9320628643035889,0.9810327887535095,5.601848125457764,5.543006420135498,4.567479610443115
10.95,0,103.29460144042969,128.31336975097656,118.9197006225586,202.17611694335938,202.12278747558594,200.66525268554688,0.4438597857952118,0.4680793881416321,0.4886067807674408,45.84832000732422,60.06084442138672,58.10497283935547,-44.25777054,-55.98048401,-57.00288391,7.08493185043335,17.856548309326172,1.969862937927246,0.965308427810669,0.9320628643035889,0.9810327887535095,5.601848125457764,5.543006420135498,4.567479610443115
11,0,103.20796966552734,128.4392852783203,118.88200378417969,202.23890686035156,202.24832153320312,200.4994659423828,0.4395548701286316,0.4664797782897949,0.4925353229045868,45.36556625366211,59.914329528808594,58.553585052490234,-43.68325043,-55.23006439,-57.4633255,7.759963035583496,19.845468521118164,3.3585357666015625,0.9629164338111877,0.9218173027038574,0.9813801646232605,5.76793909072876,5.617610931396484,4.594554901123047
11.05,0,103.20796966552734,128.4392852783203,118.88200378417969,202.23890686035156,202.24832153320312,200.4994659423828,0.4395548701286316,0.4664797782897949,0.4925353229045868,45.36556625366211,59.914329528808594,58.553585052490234,-43.68325043,-55.23006439,-57.4633255,7.759963035583496,19.845468521118164,3.3585357666015625,0.9629164338111877,0.9218173027038574,0.9813801646232605,5.76793909072876,5.617610931396484,4.594554901123047
11.1,0,103.20796966552734,128.4392852783203,118.88200378417969,202.23890686035156,202.24832153320312,200.4994659423828,0.4395548701286316,0.4664797782897949,0.4925353229045868,45.36556625366211,59.914329528808594,58.553585052490234,-43.68325043,-55.23006439,-57.4633255,7.759963035583496,19.845468521118164,3.3585357666015625,0.9629164338111877,0.9218173027038574,0.9813801646232605,5.76793909072876,5.617610931396484,4.594554901123047
11.15,0,103.20796966552734,128.4392852783203,118.88200378417969,202.23890686035156,202.24832153320312,200.4994659423828,0.4395548701286316,0.4664797782897949,0.4925353229045868,45.36556625366211,59.914329528808594,58.553585052490234,-43.68325043,-55.23006439,-57.4633255,7.759963035583496,19.845468521118164,3.3585357666015625,0.9629164338111877,0.9218173027038574,0.9813801646232605,5.76793909072876,5.617610931396484,4.594554901123047
11.2,0,103.25135040283203,128.445068359375,118.92669677734375,202.2877960205078,202.29550170898438,200.5722198486328,0.4425260126590729,0.46533361077308655,0.4934951961040497,45.691410064697266,59.769805908203125,58.689754486083984,-44.07945633,-55.42635727,-57.52612686,6.6132731437683105,18.339820861816406,2.193814992904663,0.9647208452224731,0.9273303747177124,0.9801732301712036,5.763408660888672,5.56669282913208,4.567202568054199
11.25,0,103.25135040283203,128.445068359375,118.92669677734375,202.2877960205078,202.29550170898438,200.5722198486328,0.4425260126590729,0.46533361077308655,0.4934951961040497,45.691410064697266,59.769805908203125,58.689754486083984,-44.07945633,-55.42635727,-57.52612686,6.6132731437683105,18.339820861816406,2.193814992904663,0.9647208452224731,0.9273303747177124,0.9801732301712036,5.763408660888672,5.56669282913208,4.567202568054199
11.3,0,103.25135040283203,128.445068359375,118.92669677734375,202.2877960205078,202.29550170898438,200.5722198486328,0.4425260126590729,0.46533361077308655,0.4934951961040497,45.691410064697266,59.769805908203125,58.689754486083984,-44.07945633,-55.42635727,-57.52612686,6.6132731437683105,18.339820861816406,2.193814992904663,0.9647208452224731,0.9273303747177124,0.9801732301712036,5.763408660888672,5.56669282913208,4.567202568054199
11.35,0,103.25135040283203,128.445068359375,118.92669677734375,202.2877960205078,202.29550170898438,200.5722198486328,0.4425260126590729,0.46533361077308655,0.4934951961040497,45.691410064697266,59.769805908203125,58.689754486083984,-44.07945633,-55.42635727,-57.52612686,6.6132731437683105,18.339820861816406,2.193814992904663,0.9647208452224731,0.9273303747177124,0.9801732301712036,5.763408660888672,5.56669282913208,4.567202568054199
11.4,1,98.44574737548828,136.8931427001953,128.23934936523438,202.2860870361328,202.28952026367188,200.54055786132812,0.4424673318862915,0.46388205885887146,0.48445916175842285,43.55902862548828,63.50227355957031,62.12672805786133,-39.99711609,-56.0621376,-59.469944,6.72124719619751,22.934154510498047,0.2114272564649582,0.9182279109954834,0.8828366994857788,0.9572360515594482,5.796342849731445,5.59136962890625,4.568763256072998
11.45,1,98.44574737548828,136.8931427001953,128.23934936523438,202.2860870361328,202.28952026367188,200.54055786132812,0.4424673318862915,0.46388205885887146,0.48445916175842285,43.55902862548828,63.50227355957031,62.12672805786133,-39.99711609,-56.0621376,-59.469944,6.72124719619751,22.934154510498047,0.2114272564649582,0.9182279109954834,0.8828366994857788,0.9572360515594482,5.796342849731445,5.59136962890625,4.568763256072998
11.5,1,98.44574737548828,136.8931427001953,128.23934936523438,202.2860870361328,202.28952026367188,200.54055786132812,0.4424673318862915,0.46388205885887146,0.48445916175842285,43.55902862548828,63.50227355957031,62.12672805786133,-39.99711609,-56.0621376,-59.469944,6.72124719619751,22.934154510498047,0.2114272564649582,0.9182279109954834,0.8828366994857788,0.9572360515594482,5.796342849731445,5.59136962890625,4.568763256072998
11.55,1,98.44574737548828,136.8931427001953,128.23934936523438,202.2860870361328,202.28952026367188,200.54055786132812,0.4424673318862915,0.46388205885887146,0.48445916175842285,43.55902862548828,63.50227355957031,62.12672805786133,-39.99711609,-56.0621376,-59.469944,6.72124719619751,22.934154510498047,0.2114272564649582,0.9182279109954834,0.8828366994857788,0.9572360515594482,5.796342849731445,5.59136962890625,4.568763256072998
11.6,1,15.54967975616455,205.1984100341797,205.4232635498047,202.24781799316406,202.88783264160156,201.30006408691406,0.4553605020046234,0.45911282300949097,0.47330161929130554,7.080709934234619,94.20922088623047,97.22716522216797,1.767555594444275,-67.06038666,-89.82840729,0.9771432280540466,62.42836380004883,-33.20085526,0.24962972104549408,0.7118239998817444,0.9239023327827454,5.404672622680664,5.862194061279297,4.298083305358887
11.65,1,15.54967975616455,205.1984100341797,205.4232635498047,202.24781799316406,202.88783264160156,201.30006408691406,0.4553605020046234,0.45911282300949097,0.47330161929130554,7.080709934234619,94.20922088623047,97.22716522216797,1.767555594444275,-67.06038666,-89.82840729,0.9771432280540466,62.42836380004883,-33.20085526,0.24962972104549408,0.7118239998817444,0.9239023327827454,5.404672622680664,5.862194061279297,4.298083305358887
11.7,1,15.54967975616455,205.1984100341797,205.4232635498047,202.24781799316406,202.88783264160156,201.30006408691406,0.4553605020046234,0.45911282300949097,0.47330161929130554,7.080709934234619,94.20922088623047,97.22716522216797,1.767555594444275,-67.06038666,-89.82840729,0.9771432280540466,62.42836380004883,-33.20085526,0.24962972104549408,0.7118239998817444,0.9239023327827454,5.404672622680664,5.862194061279297,4.298083305358887
11.75,1,15.54967975616455,205.1984100341797,205.4232635498047,202.24781799316406,202.88783264160156,201.30006408691406,0.4553605020046234,0.45911282300949097,0.47330161929130554,7.080709934234619,94.20922088623047,97.22716522216797,1.767555594444275,-67.06038666,-89.82840729,0.9771432280540466,62.42836380004883,-33.20085526,0.24962972104549408,0.7118239998817444,0.9239023327827454,5.404672622680664,5.862194061279297,4.298083305358887
11.8,1,15.116044044494629,205.08848571777344,205.45108032226562,202.1663360595703,202.79322814941406,201.35189819335938,0.45965975522994995,0.4628022313117981,0.4736729860305786,6.94823694229126,94.9154052734375,97.3166275024414,1.8031588792800903,-68.62595367,-89.43273926,0.8971359133720398,61.75004196166992,-34.2072525,0.25951313972473145,0.7230222821235657,0.9189872145652771,5.242744445800781,5.835289478302002,4.266721725463867
11.85,1,15.116044044494629,205.08848571777344,205.45108032226562,202.1663360595703,202.79322814941406,201.35189819335938,0.45965975522994995,0.4628022313117981,0.4736729860305786,6.94823694229126,94.9154052734375,97.3166275024414,1.8031588792800903,-68.62595367,-89.43273926,0.8971359133720398,61.75004196166992,-34.2072525,0.25951313972473145,0.7230222821235657,0.9189872145652771,5.242744445800781,5.835289478302002,4.266721725463867
11.9,1,15.116044044494629,205.08848571777344,205.45108032226562,202.1663360595703,202.79322814941406,201.35189819335938,0.45965975522994995,0.4628022313117981,0.4736729860305786,6.94823694229126,94.9154052734375,97.3166275024414,1.8031588792800903,-68.62595367,-89.43273926,0.8971359133720398,61.75004196166992,-34.2072525,0.25951313972473145,0.7230222821235657,0.9189872145652771,5.242744445800781,5.835289478302002,4.266721725463867
11.95,1,15.116044044494629,205.08848571777344,205.45108032226562,202.1663360595703,202.79322814941406,201.35189819335938,0.45965975522994995,0.4628022313117981,0.4736729860305786,6.94823694229126,94.9154052734375,97.3166275024414,1.8031588792800903,-68.62595367,-89.43273926,0.8971359133720398,61.75004196166992,-34.2072525,0.25951313972473145,0.7230222821235657,0.9189872145652771,5.242744445800781,5.835289478302002,4.266721725463867
12,1,84.4651870727539,166.02455139160156,168.64292907714844,202.13885498046875,202.444580078125,200.74362182617188,0.44359874725341797,0.4570911228656769,0.4830552637577057,37.468650817871094,75.88835144042969,81.46385192871094,-24.2278595,-57.14612198,-73.06456757,2.556790828704834,38.39801788330078,-9.723770142,0.6466168165206909,0.753028929233551,0.8968955874443054,5.600907325744629,5.763273239135742,4.45457124710083
12.05,1,84.4651870727539,166.02455139160156,168.64292907714844,202.13885498046875,202.444580078125,200.74362182617188,0.44359874725341797,0.4570911228656769,0.4830552637577057,37.468650817871094,75.88835144042969,81.46385192871094,-24.2278595,-57.14612198,-73.06456757,2.556790828704834,38.39801788330078,-9.723770142,0.6466168165206909,0.753028929233551,0.8968955874443054,5.600907325744629,5.763273239135742,4.45457124710083
12.1,1,84.4651870727539,166.02455139160156,168.64292907714844,202.13885498046875,202.444580078125,200.74362182617188,0.44359874725341797,0.4570911228656769,0.4830552637577057,37.468650817871094,75.88835144042969,81.46385192871094,-24.2278595,-57.14612198,-73.06456757,2.556790828704834,38.39801788330078,-9.723770142,0.6466168165206909,0.753028929233551,0.8968955874443054,5.600907325744629,5.763273239135742,4.45457124710083
12.15,1,84.4651870727539,166.02455139160156,168.64292907714844,202.13885498046875,202.444580078125,200.74362182617188,0.44359874725341797,0.4570911228656769,0.4830552637577057,37.468650817871094,75.88835144042969,81.46385192871094,-24.2278595,-57.14612198,-73.06456757,2.556790828704834,38.39801788330078,-9.723770142,0.6466168165206909,0.753028929233551,0.8968955874443054,5.600907325744629,5.763273239135742,4.45457124710083
12.2,0,103.28784942626953,128.35440063476562,118.87446594238281,202.18943786621094,202.26889038085938,200.53610229492188,0.4450828433036804,0.4668543040752411,0.4948171079158783,45.971649169921875,59.92280578613281,58.82112121582031,-44.31246948,-55.56267929,-57.6213913,6.667818069458008,18.224578857421875,2.289396047592163,0.9639086127281189,0.9272376298904419,0.9796037673950195,5.767435073852539,5.5958991050720215,4.571007251739502
12.25,0,103.28784942626953,128.35440063476562,118.87446594238281,202.18943786621094,202.26889038085938,200.53610229492188,0.4450828433036804,0.4668543040752411,0.4948171079158783,45.971649169921875,59.92280578613281,58.82112121582031,-44.31246948,-55.56267929,-57.6213913,6.667818069458008,18.224578857421875,2.289396047592163,0.9639086127281189,0.9272376298904419,0.9796037673950195,5.767435073852539,5.5958991050720215,4.571007251739502
12.3,0,103.28784942626953,128.35440063476562,118.87446594238281,202.18943786621094,202.26889038085938,200.53610229492188,0.4450828433036804,0.4668543040752411,0.4948171079158783,45.971649169921875,59.92280578613281,58.82112121582031,-44.31246948,-55.56267929,-57.6213913,6.667818069458008,18.224578857421875,2.289396047592163,0.9639086127281189,0.9272376298904419,0.9796037673950195,5.767435073852539,5.5958991050720215,4.571007251739502
12.35,0,103.28784942626953,128.35440063476562,118.87446594238281,202.18943786621094,202.26889038085938,200.53610229492188,0.4450828433036804,0.4668543040752411,0.4948171079158783,45.971649169921875,59.92280578613281,58.82112121582031,-44.31246948,-55.56267929,-57.6213913,6.667818069458008,18.224578857421875,2.289396047592163,0.9639086127281189,0.9272376298904419,0.9796037673950195,5.767435073852539,5.5958991050720215,4.571007251739502
12.4,0,103.18562316894531,128.40560913085938,118.8562240600586,202.1801300048828,202.2100067138672,200.46141052246094,0.43803834915161133,0.46199485659599304,0.490077942609787,45.19926071166992,59.322731018066406,58.24881362915039,-43.63957977,-54.86670303,-57.21878433,7.201469421386719,19.155200958251953,3.0041871070861816,0.9654932022094727,0.9248849749565125,0.9823167324066162,5.8252129554748535,5.59037446975708,4.586493492126465
12.45,0,103.18562316894531,128.40560913085938,118.8562240600586,202.1801300048828,202.2100067138672,200.46141052246094,0.43803834915161133,0.46199485659599304,0.490077942609787,45.19926071166992,59.322731018066406,58.24881362915039,-43.63957977,-54.86670303,-57.21878433,7.201469421386719,19.155200958251953,3.0041871070861816,0.9654932022094727,0.9248849749565125,0.9823167324066162,5.8252129554748535,5.59037446975708,4.586493492126465
12.5,0,103.18562316894531,128.40560913085938,118.8562240600586,202.1801300048828,202.2100067138672,200.46141052246094,0.43803834915161133,0.46199485659599304,0.490077942609787,45.19926071166992,59.322731018066406,58.24881362915039,-43.63957977,-54.86670303,-57.21878433,7.201469421386719,19.155200958251953,3.0041871070861816,0.9654932022094727,0.9248849749565125,0.9823167324066162,5.8252129554748535,5.59037446975708,4.586493492126465
12.55,0,103.18562316894531,128.40560913085938,118.8562240600586,202.1801300048828,202.2100067138672,200.46141052246094,0.43803834915161133,0.46199485659599304,0.490077942609787,45.19926071166992,59.322731018066406,58.24881362915039,-43.63957977,-54.86670303,-57.21878433,7.201469421386719,19.155200958251953,3.0041871070861816,0.9654932022094727,0.9248849749565125,0.9823167324066162,5.8252129554748535,5.59037446975708,4.586493492126465
12.6,0,103.23234558105469,128.3694610595703,118.88765716552734,202.1984405517578,202.19076538085938,200.53225708007812,0.4423791766166687,0.4665602445602417,0.4927334785461426,45.66783905029297,59.892086029052734,58.57992935180664,-44.02205276,-55.46142197,-57.44494629,7.15261173248291,18.818614959716797,2.63423228263855,0.9639617800712585,0.9260225296020508,0.9806250333786011,5.7704644203186035,5.5467705726623535,4.587190628051758
12.65,0,103.23234558105469,128.3694610595703,118.88765716552734,202.1984405517578,202.19076538085938,200.53225708007812,0.4423791766166687,0.4665602445602417,0.4927334785461426,45.66783905029297,59.892086029052734,58.57992935180664,-44.02205276,-55.46142197,-57.44494629,7.15261173248291,18.818614959716797,2.63423228263855,0.9639617800712585,0.9260225296020508,0.9806250333786011,5.7704644203186035,5.5467705726623535,4.587190628051758
12.7,0,103.23234558105469,128.3694610595703,118.88765716552734,202.1984405517578,202.19076538085938,200.53225708007812,0.4423791766166687,0.4665602445602417,0.4927334785461426,45.66783905029297,59.892086029052734,58.57992935180664,-44.02205276,-55.46142197,-57.44494629,7.15261173248291,18.818614959716797,2.63423228263855,0.9639617800712585,0.9260225296020508,0.9806250333786011,5.7704644203186035,5.5467705726623535,4.587190628051758
12.75,0,103.23234558105469,128.3694610595703,118.88765716552734,202.1984405517578,202.19076538085938,200.53225708007812,0.4423791766166687,0.4665602445602417,0.4927334785461426,45.66783905029297,59.892086029052734,58.57992935180664,-44.02205276,-55.46142197,-57.44494629,7.15261173248291,18.818614959716797,2.63423228263855,0.9639617800712585,0.9260225296020508,0.9806250333786011,5.7704644203186035,5.5467705726623535,4.587190628051758
12.8,0,103.24243927001953,128.33969116210938,118.90245819091797,202.15158081054688,202.09959411621094,200.62808227539062,0.4478755593299866,0.4718426764011383,0.49219900369644165,46.23976516723633,60.55614471435547,58.5236701965332,-44.53848267,-56.32146454,-57.36615372,7.565321922302246,18.40273094177246,2.468683958053589,0.9632073640823364,0.930070161819458,0.9802213907241821,5.5853681564331055,5.489433288574219,4.564030170440674
12.85,0,103.24243927001953,128.33969116210938,118.90245819091797,202.15158081054688,202.09959411621094,200.62808227539062,0.4478755593299866,0.4718426764011383,0.49219900369644165,46.23976516723633,60.55614471435547,58.5236701965332,-44.53848267,-56.32146454,-57.36615372,7.565321922302246,18.40273094177246,2.468683958053589,0.9632073640823364,0.930070161819458,0.9802213907241821,5.5853681564331055,5.489433288574219,4.564030170440674
12.9,0,103.24243927001953,128.33969116210938,118.90245819091797,202.15158081054688,202.09959411621094,200.62808227539062,0.4478755593299866,0.4718426764011383,0.49219900369644165,46.23976516723633,60.55614471435547,58.5236701965332,-44.53848267,-56.32146454,-57.36615372,7.565321922302246,18.40273094177246,2.468683958053589,0.9632073640823364,0.930070161819458,0.9802213907241821,5.5853681564331055,5.489433288574219,4.564030170440674
12.95,0,103.24243927001953,128.33969116210938,118.90245819091797,202.15158081054688,202.09959411621094,200.62808227539062,0.4478755593299866,0.4718426764011383,0.49219900369644165,46.23976516723633,60.55614471435547,58.5236701965332,-44.53848267,-56.32146454,-57.36615372,7.565321922302246,18.40273094177246,2.468683958053589,0.9632073640823364,0.930070161819458,0.9802213907241821,5.5853681564331055,5.489433288574219,4.564030170440674
13,0,103.16419219970703,128.35577392578125,118.83684539794922,202.11260986328125,202.1490936279297,200.42701721191406,0.4371289312839508,0.46071016788482666,0.4863704442977905,45.09605407714844,59.13481140136719,57.798728942871094,-43.48190308,-54.73472595,-56.7326889,7.226589202880859,18.776853561401367,2.8847687244415283,0.9642063975334167,0.925592303276062,0.9815559983253479,5.767123222351074,5.562950134277344,4.611934185028076
13.05,0,103.16419219970703,128.35577392578125,118.83684539794922,202.11260986328125,202.1490936279297,200.42701721191406,0.4371289312839508,0.46071016788482666,0.4863704442977905,45.09605407714844,59.13481140136719,57.798728942871094,-43.48190308,-54.73472595,-56.7326889,7.226589202880859,18.776853561401367,2.8847687244415283,0.9642063975334167,0.925592303276062,0.9815559983253479,5.767123222351074,5.562950134277344,4.611934185028076
13.1,0,103.16419219970703,128.35577392578125,118.83684539794922,202.11260986328125,202.1490936279297,200.42701721191406,0.4371289312839508,0.46071016788482666,0.4863704442977905,45.09605407714844,59.13481140136719,57.798728942871094,-43.48190308,-54.73472595,-56.7326889,7.226589202880859,18.776853561401367,2.8847687244415283,0.9642063975334167,0.925592303276062,0.9815559983253479,5.767123222351074,5.562950134277344,4.611934185028076
13.15,0,103.16419219970703,128.35577392578125,118.83684539794922,202.11260986328125,202.1490936279297,200.42701721191406,0.4371289312839508,0.46071016788482666,0.4863704442977905,45.09605407714844,59.13481140136719,57.798728942871094,-43.48190308,-54.73472595,-56.7326889,7.226589202880859,18.776853561401367,2.8847687244415283,0.9642063975334167,0.925592303276062,0.9815559983253479,5.767123222351074,5.562950134277344,4.611934185028076
13.2,0,103.21165466308594,128.43698120117188,118.9432601928711,202.22552490234375,202.29388427734375,200.57357788085938,0.44875937700271606,0.4706529974937439,0.49792182445526123,46.31719970703125,60.449249267578125,59.22444534301758,-44.68828964,-56.10749435,-58.08232498,7.012282848358154,18.584863662719727,2.5142135620117188,0.9648314118385315,0.9281752109527588,0.9807153940200806,5.799383163452148,5.594515323638916,4.588357925415039
13.25,0,103.21165466308594,128.43698120117188,118.9432601928711,202.22552490234375,202.29388427734375,200.57357788085938,0.44875937700271606,0.4706529974937439,0.49792182445526123,46.31719970703125,60.449249267578125,59.22444534301758,-44.68828964,-56.10749435,-58.08232498,7.012282848358154,18.584863662719727,2.5142135620117188,0.9648314118385315,0.9281752109527588,0.9807153940200806,5.799383163452148,5.594515323638916,4.588357925415039
13.3,0,103.21165466308594,128.43698120117188,118.9432601928711,202.22552490234375,202.29388427734375,200.57357788085938,0.44875937700271606,0.4706529974937439,0.49792182445526123,46.31719970703125,60.449249267578125,59.22444534301758,-44.68828964,-56.10749435,-58.08232498,7.012282848358154,18.584863662719727,2.5142135620117188,0.9648314118385315,0.9281752109527588,0.9807153940200806,5.799383163452148,5.594515323638916,4.588357925415039
13.35,0,103.21165466308594,128.43698120117188,118.9432601928711,202.22552490234375,202.29388427734375,200.57357788085938,0.44875937700271606,0.4706529974937439,0.49792182445526123,46.31719970703125,60.449249267578125,59.22444534301758,-44.68828964,-56.10749435,-58.08232498,7.012282848358154,18.584863662719727,2.5142135620117188,0.9648314118385315,0.9281752109527588,0.9807153940200806,5.799383163452148,5.594515323638916,4.588357925415039
13.4,0,103.12539672851562,128.37411499023438,118.84345245361328,202.1033935546875,202.1654052734375,200.39852905273438,0.4353368878364563,0.45726266503334045,0.4868808686733246,44.894290924072266,58.70069122314453,57.86260223388672,-43.32738495,-54.35673904,-56.80715942,6.664335250854492,18.551530838012695,2.601426362991333,0.9650979042053223,0.9259982705116272,0.9817594885826111,5.870034694671631,5.636168003082275,4.587784767150879
13.45,0,103.12539672851562,128.37411499023438,118.84345245361328,202.1033935546875,202.1654052734375,200.39852905273438,0.4353368878364563,0.45726266503334045,0.4868808686733246,44.894290924072266,58.70069122314453,57.86260223388672,-43.32738495,-54.35673904,-56.80715942,6.664335250854492,18.551530838012695,2.601426362991333,0.9650979042053223,0.9259982705116272,0.9817594885826111,5.870034694671631,5.636168003082275,4.587784767150879
13.5,0,103.12539672851562,128.37411499023438,118.84345245361328,202.1033935546875,202.1654052734375,200.39852905273438,0.4353368878364563,0.45726266503334045,0.4868808686733246,44.894290924072266,58.70069122314453,57.86260223388672,-43.32738495,-54.35673904,-56.80715942,6.664335250854492,18.551530838012695,2.601426362991333,0.9650979042053223,0.9259982705116272,0.9817594885826111,5.870034694671631,5.636168003082275,4.587784767150879
13.55,0,103.12539672851562,128.37411499023438,118.84345245361328,202.1033935546875,202.1654052734375,200.39852905273438,0.4353368878364563,0.45726266503334045,0.4868808686733246,44.894290924072266,58.70069122314453,57.86260223388672,-43.32738495,-54.35673904,-56.80715942,6.664335250854492,18.551530838012695,2.601426362991333,0.9650979042053223,0.9259982705116272,0.9817594885826111,5.870034694671631,5.636168003082275,4.587784767150879
13.6,0,103.1572494506836,128.3616180419922,118.87035369873047,202.13751220703125,202.18753051757812,200.4296875,0.4441736340522766,0.4686835706233978,0.49474453926086426,45.81972885131836,60.160980224609375,58.81045913696289,-44.05161285,-55.59231949,-57.58525085,7.266814231872559,19.015819549560547,2.7465951442718506,0.9614114761352539,0.9240593910217285,0.9791668057441711,5.835690498352051,5.648660182952881,4.666520118713379
13.65,0,103.1572494506836,128.3616180419922,118.87035369873047,202.13751220703125,202.18753051757812,200.4296875,0.4441736340522766,0.4686835706233978,0.49474453926086426,45.81972885131836,60.160980224609375,58.81045913696289,-44.05161285,-55.59231949,-57.58525085,7.266814231872559,19.015819549560547,2.7465951442718506,0.9614114761352539,0.9240593910217285,0.9791668057441711,5.835690498352051,5.648660182952881,4.666520118713379
13.7,0,103.1572494506836,128.3616180419922,118.87035369873047,202.13751220703125,202.18753051757812,200.4296875,0.4441736340522766,0.4686835706233978,0.49474453926086426,45.81972885131836,60.160980224609375,58.81045913696289,-44.05161285,-55.59231949,-57.58525085,7.266814231872559,19.015819549560547,2.7465951442718506,0.9614114761352539,0.9240593910217285,0.9791668057441711,5.835690498352051,5.648660182952881,4.666520118713379
13.75,0,103.1572494506836,128.3616180419922,118.87035369873047,202.13751220703125,202.18753051757812,200.4296875,0.4441736340522766,0.4686835706233978,0.49474453926086426,45.81972885131836,60.160980224609375,58.81045913696289,-44.05161285,-55.59231949,-57.58525085,7.266814231872559,19.015819549560547,2.7465951442718506,0.9614114761352539,0.9240593910217285,0.9791668057441711,5.835690498352051,5.648660182952881,4.666520118713379
13.8,0,103.19740295410156,128.2765350341797,118.88429260253906,202.0440216064453,202.0454559326172,200.5739288330078,0.4453328549861908,0.4678676128387451,0.4908040761947632,45.95719528198242,60.01643753051758,58.34889602661133,-44.3554306,-55.84872818,-57.20148087,7.254531383514404,18.197847366333008,2.430915355682373,0.9651466012001038,0.9305571913719177,0.9803352952003479,5.666103839874268,5.576245307922363,4.68029260635376
13.85,0,103.19740295410156,128.2765350341797,118.88429260253906,202.0440216064453,202.0454559326172,200.5739288330078,0.4453328549861908,0.4678676128387451,0.4908040761947632,45.95719528198242,60.01643753051758,58.34889602661133,-44.3554306,-55.84872818,-57.20148087,7.254531383514404,18.197847366333008,2.430915355682373,0.9651466012001038,0.9305571913719177,0.9803352952003479,5.666103839874268,5.576245307922363,4.68029260635376
13.9,0,103.19740295410156,128.2765350341797,118.88429260253906,202.0440216064453,202.0454559326172,200.5739288330078,0.4453328549861908,0.4678676128387451,0.4908040761947632,45.95719528198242,60.01643753051758,58.34889602661133,-44.3554306,-55.84872818,-57.20148087,7.254531383514404,18.197847366333008,2.430915355682373,0.9651466012001038,0.9305571913719177,0.9803352952003479,5.666103839874268,5.576245307922363,4.68029260635376
13.95,0,103.19740295410156,128.2765350341797,118.88429260253906,202.0440216064453,202.0454559326172,200.5739288330078,0.4453328549861908,0.4678676128387451,0.4908040761947632,45.95719528198242,60.01643753051758,58.34889602661133,-44.3554306,-55.84872818,-57.20148087,7.254531383514404,18.197847366333008,2.430915355682373,0.9651466012001038,0.9305571913719177,0.9803352952003479,5.666103839874268,5.576245307922363,4.68029260635376
14,0,103.11349487304688,128.30299377441406,118.78330993652344,202.03170776367188,202.07644653320312,200.31365966796875,0.43992874026298523,0.4630594253540039,0.4904085695743561,45.36259078979492,59.41191101074219,58.25235366821289,-43.63983917,-54.84012222,-57.06448746,7.218176364898682,18.98805809020996,2.9931252002716064,0.9620226621627808,0.92304927110672,0.9796082973480225,5.939182281494141,5.730928421020508,4.763971328735352
14.05,0,103.11349487304688,128.30299377441406,118.78330993652344,202.03170776367188,202.07644653320312,200.31365966796875,0.43992874026298523,0.4630594253540039,0.4904085695743561,45.36259078979492,59.41191101074219,58.25235366821289,-43.63983917,-54.84012222,-57.06448746,7.218176364898682,18.98805809020996,2.9931252002716064,0.9620226621627808,0.92304927110672,0.9796082973480225,5.939182281494141,5.730928421020508,4.763971328735352
14.1,0,103.11349487304688,128.30299377441406,118.78330993652344,202.03170776367188,202.07644653320312,200.31365966796875,0.43992874026298523,0.4630594253540039,0.4904085695743561,45.36259078979492,59.41191101074219,58.25235366821289,-43.63983917,-54.84012222,-57.06448746,7.218176364898682,18.98805809020996,2.9931252002716064,0.9620226621627808,0.92304927110672,0.9796082973480225,5.939182281494141,5.730928421020508,4.763971328735352
14.15,0,103.11349487304688,128.30299377441406,118.78330993652344,202.03170776367188,202.07644653320312,200.31365966796875,0.43992874026298523,0.4630594253540039,0.4904085695743561,45.36259078979492,59.41191101074219,58.25235366821289,-43.63983917,-54.84012222,-57.06448746,7.218176364898682,18.98805809020996,2.9931252002716064,0.9620226621627808,0.92304927110672,0.9796082973480225,5.939182281494141,5.730928421020508,4.763971328735352
14.2,0,103.12943267822266,128.38670349121094,118.86725616455078,202.10035705566406,202.17637634277344,200.44631958007812,0.45240887999534607,0.47252050042152405,0.4989461898803711,46.65666961669922,60.665348052978516,59.30836486816406,-45.01144409,-56.28800201,-58.18321228,7.486316680908203,18.871877670288086,3.0811715126037598,0.964737594127655,0.9278444051742554,0.9810287952423096,5.9111480712890625,5.81135892868042,4.7168450355529785
14.25,0,103.12943267822266,128.38670349121094,118.86725616455078,202.10035705566406,202.17637634277344,200.44631958007812,0.45240887999534607,0.47252050042152405,0.4989461898803711,46.65666961669922,60.665348052978516,59.30836486816406,-45.01144409,-56.28800201,-58.18321228,7.486316680908203,18.871877670288086,3.0811715126037598,0.964737594127655,0.9278444051742554,0.9810287952423096,5.9111480712890625,5.81135892868042,4.7168450355529785
14.3,0,103.12943267822266,128.38670349121094,118.86725616455078,202.10035705566406,202.17637634277344,200.44631958007812,0.45240887999534607,0.47252050042152405,0.4989461898803711,46.65666961669922,60.665348052978516,59.30836486816406,-45.01144409,-56.28800201,-58.18321228,7.486316680908203,18.871877670288086,3.0811715126037598,0.964737594127655,0.9278444051742554,0.9810287952423096,5.9111480712890625,5.81135892868042,4.7168450355529785
14.35,0,103.12943267822266,128.38670349121094,118.86725616455078,202.10035705566406,202.17637634277344,200.44631958007812,0.45240887999534607,0.47252050042152405,0.4989461898803711,46.65666961669922,60.665348052978516,59.30836486816406,-45.01144409,-56.28800201,-58.18321228,7.486316680908203,18.871877670288086,3.0811715126037598,0.964737594127655,0.9278444051742554,0.9810287952423096,5.9111480712890625,5.81135892868042,4.7168450355529785
14.4,0,103.0638656616211,128.2598876953125,118.76010131835938,201.9352569580078,201.9743194580078,200.29730224609375,0.4351542592048645,0.45801371335983276,0.4844832122325897,44.84867858886719,58.744789123535156,57.53727722167969,-43.24634552,-54.42530441,-56.41007614,6.8589887619018555,18.34111976623535,2.530992269515991,0.9642724394798279,0.9264703392982483,0.9804092049598694,5.8425703048706055,5.7470808029174805,4.681771278381348
14.45,0,103.0638656616211,128.2598876953125,118.76010131835938,201.9352569580078,201.9743194580078,200.29730224609375,0.4351542592048645,0.45801371335983276,0.4844832122325897,44.84867858886719,58.744789123535156,57.53727722167969,-43.24634552,-54.42530441,-56.41007614,6.8589887619018555,18.34111976623535,2.530992269515991,0.9642724394798279,0.9264703392982483,0.9804092049598694,5.8425703048706055,5.7470808029174805,4.681771278381348
14.5,0,103.0638656616211,128.2598876953125,118.76010131835938,201.9352569580078,201.9743194580078,200.29730224609375,0.4351542592048645,0.45801371335983276,0.4844832122325897,44.84867858886719,58.744789123535156,57.53727722167969,-43.24634552,-54.42530441,-56.41007614,6.8589887619018555,18.34111976623535,2.530992269515991,0.9642724394798279,0.9264703392982483,0.9804092049598694,5.8425703048706055,5.7470808029174805,4.681771278381348
14.55,0,103.0638656616211,128.2598876953125,118.76010131835938,201.9352569580078,201.9743194580078,200.29730224609375,0.4351542592048645,0.45801371335983276,0.4844832122325897,44.84867858886719,58.744789123535156,57.53727722167969,-43.24634552,-54.42530441,-56.41007614,6.8589887619018555,18.34111976623535,2.530992269515991,0.9642724394798279,0.9264703392982483,0.9804092049598694,5.8425703048706055,5.7470808029174805,4.681771278381348
14.6,0,103.11006927490234,128.29721069335938,118.82394409179688,202.018310546875,202.03746032714844,200.4033660888672,0.447221577167511,0.4712596833705902,0.49469900131225586,46.1130485534668,60.4613037109375,58.78208541870117,-44.43175507,-56.14403915,-57.61406326,7.4727091789245605,18.714759826660156,2.6226389408111572,0.963539719581604,0.9285945892333984,0.980129599571228,5.749851703643799,5.612692356109619,4.6221184730529785
14.65,0,103.11006927490234,128.29721069335938,118.82394409179688,202.018310546875,202.03746032714844,200.4033660888672,0.447221577167511,0.4712596833705902,0.49469900131225586,46.1130485534668,60.4613037109375,58.78208541870117,-44.43175507,-56.14403915,-57.61406326,7.4727091789245605,18.714759826660156,2.6226389408111572,0.963539719581604,0.9285945892333984,0.980129599571228,5.749851703643799,5.612692356109619,4.6221184730529785
14.7,0,103.11006927490234,128.29721069335938,118.82394409179688,202.018310546875,202.03746032714844,200.4033660888672,0.447221577167511,0.4712596833705902,0.49469900131225586,46.1130485534668,60.4613037109375,58.78208541870117,-44.43175507,-56.14403915,-57.61406326,7.4727091789245605,18.714759826660156,2.6226389408111572,0.963539719581604,0.9285945892333984,0.980129599571228,5.749851703643799,5.612692356109619,4.6221184730529785
14.75,0,103.11006927490234,128.29721069335938,118.82394409179688,202.018310546875,202.03746032714844,200.4033660888672,0.447221577167511,0.4712596833705902,0.49469900131225586,46.1130485534668,60.4613037109375,58.78208541870117,-44.43175507,-56.14403915,-57.61406326,7.4727091789245605,18.714759826660156,2.6226389408111572,0.963539719581604,0.9285945892333984,0.980129599571228,5.749851703643799,5.612692356109619,4.6221184730529785
14.8,0,103.15425109863281,128.16812133789062,118.77184295654297,201.91262817382812,201.8242188,200.4589844,0.4402501881122589,0.465648889541626,0.48661351203918457,45.41367721557617,59.68134307861328,57.795982360839844,-43.85338974,-55.62096405,-56.73252106,6.9928879737854,17.91252899169922,1.8473635911941528,0.9656428098678589,0.931965708732605,0.981599748134613,5.566552639007568,5.491401195526123,4.600149631500244
14.85,0,103.15425109863281,128.16812133789062,118.77184295654297,201.91262817382812,201.8242188,200.4589844,0.4402501881122589,0.465648889541626,0.48661351203918457,45.41367721557617,59.68134307861328,57.795982360839844,-43.85338974,-55.62096405,-56.73252106,6.9928879737854,17.91252899169922,1.8473635911941528,0.9656428098678589,0.931965708732605,0.981599748134613,5.566552639007568,5.491401195526123,4.600149631500244
14.9,0,103.15425109863281,128.16812133789062,118.77184295654297,201.91262817382812,201.8242188,200.4589844,0.4402501881122589,0.465648889541626,0.48661351203918457,45.41367721557617,59.68134307861328,57.795982360839844,-43.85338974,-55.62096405,-56.73252106,6.9928879737854,17.91252899169922,1.8473635911941528,0.9656428098678589,0.931965708732605,0.981599748134613,5.566552639007568,5.491401195526123,4.600149631500244
14.95,0,103.15425109863281,128.16812133789062,118.77184295654297,201.91262817382812,201.8242188,200.4589844,0.4402501881122589,0.465648889541626,0.48661351203918457,45.41367721557617,59.68134307861328,57.795982360839844,-43.85338974,-55.62096405,-56.73252106,6.9928879737854,17.91252899169922,1.8473635911941528,0.9656428098678589,0.931965708732605,0.981599748134613,5.566552639007568,5.491401195526123,4.600149631500244
15,0,103.1427230834961,128.26199340820312,118.74476623535156,202.03199768066406,201.9612579345703,200.32891845703125,0.4405243396759033,0.4652734100818634,0.48940637707710266,45.4368782043457,59.67689514160156,58.114444732666016,-43.64694214,-55.13051224,-56.92947388,7.462100982666016,18.99298667907715,2.8715267181396484,0.9606060981750488,0.9238166809082031,0.9796097278594971,5.75295877456665,5.5983357429504395,4.692139625549316
15.05,0,103.1427230834961,128.26199340820312,118.74476623535156,202.03199768066406,201.9612579345703,200.32891845703125,0.4405243396759033,0.4652734100818634,0.48940637707710266,45.4368782043457,59.67689514160156,58.114444732666016,-43.64694214,-55.13051224,-56.92947388,7.462100982666016,18.99298667907715,2.8715267181396484,0.9606060981750488,0.9238166809082031,0.9796097278594971,5.75295877456665,5.5983357429504395,4.692139625549316
15.1,0,103.1427230834961,128.26199340820312,118.74476623535156,202.03199768066406,201.9612579345703,200.32891845703125,0.4405243396759033,0.4652734100818634,0.48940637707710266,45.4368782043457,59.67689514160156,58.114444732666016,-43.64694214,-55.13051224,-56.92947388,7.462100982666016,18.99298667907715,2.8715267181396484,0.9606060981750488,0.9238166809082031,0.9796097278594971,5.75295877456665,5.5983357429504395,4.692139625549316
15.15,0,103.1427230834961,128.26199340820312,118.74476623535156,202.03199768066406,201.9612579345703,200.32891845703125,0.4405243396759033,0.4652734100818634,0.48940637707710266,45.4368782043457,59.67689514160156,58.114444732666016,-43.64694214,-55.13051224,-56.92947388,7.462100982666016,18.99298667907715,2.8715267181396484,0.9606060981750488,0.9238166809082031,0.9796097278594971,5.75295877456665,5.5983357429504395,4.692139625549316
15.2,0,103.1653060913086,128.40748596191406,118.89669036865234,202.14633178710938,202.23757934570312,200.49525451660156,0.44985172152519226,0.4719971716403961,0.5007233619689941,46.40909194946289,60.60797119140625,59.53435134887695,-44.80361938,-56.14069748,-58.39444351,7.200464725494385,19.03644561767578,2.878030300140381,0.965406060218811,0.9262923002243042,0.9808529615402222,5.823558807373047,5.667026042938232,4.6174726486206055
15.25,0,103.1653060913086,128.40748596191406,118.89669036865234,202.14633178710938,202.23757934570312,200.49525451660156,0.44985172152519226,0.4719971716403961,0.5007233619689941,46.40909194946289,60.60797119140625,59.53435134887695,-44.80361938,-56.14069748,-58.39444351,7.200464725494385,19.03644561767578,2.878030300140381,0.965406060218811,0.9262923002243042,0.9808529615402222,5.823558807373047,5.667026042938232,4.6174726486206055
15.3,0,103.1653060913086,128.40748596191406,118.89669036865234,202.14633178710938,202.23757934570312,200.49525451660156,0.44985172152519226,0.4719971716403961,0.5007233619689941,46.40909194946289,60.60797119140625,59.53435134887695,-44.80361938,-56.14069748,-58.39444351,7.200464725494385,19.03644561767578,2.878030300140381,0.965406060218811,0.9262923002243042,0.9808529615402222,5.823558807373047,5.667026042938232,4.6174726486206055
15.35,0,103.1653060913086,128.40748596191406,118.89669036865234,202.14633178710938,202.23757934570312,200.49525451660156,0.44985172152519226,0.4719971716403961,0.5007233619689941,46.40909194946289,60.60797119140625,59.53435134887695,-44.80361938,-56.14069748,-58.39444351,7.200464725494385,19.03644561767578,2.878030300140381,0.965406060218811,0.9262923002243042,0.9808529615402222,5.823558807373047,5.667026042938232,4.6174726486206055
15.4,0,103.0788345336914,128.316650390625,118.80534362792969,202.0049591064453,202.091064453125,200.32508850097656,0.4361506700515747,0.457399845123291,0.48382604122161865,44.95790100097656,58.6920166015625,57.481117248535156,-43.29496765,-54.30858612,-56.3195343,6.9414238929748535,18.330686569213867,2.747054100036621,0.9630113244056702,0.925314724445343,0.9797919392585754,5.826788425445557,5.6810078620910645,4.570546627044678
15.45,0,103.0788345336914,128.316650390625,118.80534362792969,202.0049591064453,202.091064453125,200.32508850097656,0.4361506700515747,0.457399845123291,0.48382604122161865,44.95790100097656,58.6920166015625,57.481117248535156,-43.29496765,-54.30858612,-56.3195343,6.9414238929748535,18.330686569213867,2.747054100036621,0.9630113244056702,0.925314724445343,0.9797919392585754,5.826788425445557,5.6810078620910645,4.570546627044678
15.5,0,103.0788345336914,128.316650390625,118.80534362792969,202.0049591064453,202.091064453125,200.32508850097656,0.4361506700515747,0.457399845123291,0.48382604122161865,44.95790100097656,58.6920166015625,57.481117248535156,-43.29496765,-54.30858612,-56.3195343,6.9414238929748535,18.330686569213867,2.747054100036621,0.9630113244056702,0.925314724445343,0.9797919392585754,5.826788425445557,5.6810078620910645,4.570546627044678
15.55,0,103.0788345336914,128.316650390625,118.80534362792969,202.0049591064453,202.091064453125,200.32508850097656,0.4361506700515747,0.457399845123291,0.48382604122161865,44.95790100097656,58.6920166015625,57.481117248535156,-43.29496765,-54.30858612,-56.3195343,6.9414238929748535,18.330686569213867,2.747054100036621,0.9630113244056702,0.925314724445343,0.9797919392585754,5.826788425445557,5.6810078620910645,4.570546627044678
15.6,0,103.16421508789062,128.43812561035156,118.9046401977539,202.2089385986328,202.23043823242188,200.502197265625,0.45001092553138733,0.47333502769470215,0.49795714020729065,46.42502212524414,60.79426193237305,59.209415435791016,-44.78582001,-56.38777542,-58.13540649,7.668802261352539,19.173187255859375,3.0366077423095703,0.9646914005279541,0.9275180697441101,0.9818608164787292,5.815889835357666,5.619075298309326,4.619913578033447
15.65,0,103.16421508789062,128.43812561035156,118.9046401977539,202.2089385986328,202.23043823242188,200.502197265625,0.45001092553138733,0.47333502769470215,0.49795714020729065,46.42502212524414,60.79426193237305,59.209415435791016,-44.78582001,-56.38777542,-58.13540649,7.668802261352539,19.173187255859375,3.0366077423095703,0.9646914005279541,0.9275180697441101,0.9818608164787292,5.815889835357666,5.619075298309326,4.619913578033447
15.7,0,103.16421508789062,128.43812561035156,118.9046401977539,202.2089385986328,202.23043823242188,200.502197265625,0.45001092553138733,0.47333502769470215,0.49795714020729065,46.42502212524414,60.79426193237305,59.209415435791016,-44.78582001,-56.38777542,-58.13540649,7.668802261352539,19.173187255859375,3.0366077423095703,0.9646914005279541,0.9275180697441101,0.9818608164787292,5.815889835357666,5.619075298309326,4.619913578033447
15.75,0,103.16421508789062,128.43812561035156,118.9046401977539,202.2089385986328,202.23043823242188,200.502197265625,0.45001092553138733,0.47333502769470215,0.49795714020729065,46.42502212524414,60.79426193237305,59.209415435791016,-44.78582001,-56.38777542,-58.13540649,7.668802261352539,19.173187255859375,3.0366077423095703,0.9646914005279541,0.9275180697441101,0.9818608164787292,5.815889835357666,5.619075298309326,4.619913578033447
15.8,0,103.14929962158203,128.2658233642578,118.83007049560547,202.01309204101562,202.0061798095703,200.4572296142578,0.4379667341709137,0.46024778485298157,0.48413732647895813,45.175960540771484,59.034061431884766,57.53007125854492,-43.60160828,-55.01189041,-56.39527512,6.502540111541748,17.448081970214844,1.7255678176879883,0.9651506543159485,0.9318669438362122,0.9802747368812561,5.741588592529297,5.5830912590026855,4.64463996887207
15.85,0,103.14929962158203,128.2658233642578,118.83007049560547,202.01309204101562,202.0061798095703,200.4572296142578,0.4379667341709137,0.46024778485298157,0.48413732647895813,45.175960540771484,59.034061431884766,57.53007125854492,-43.60160828,-55.01189041,-56.39527512,6.502540111541748,17.448081970214844,1.7255678176879883,0.9651506543159485,0.9318669438362122,0.9802747368812561,5.741588592529297,5.5830912590026855,4.64463996887207
15.9,0,103.14929962158203,128.2658233642578,118.83007049560547,202.01309204101562,202.0061798095703,200.4572296142578,0.4379667341709137,0.46024778485298157,0.48413732647895813,45.175960540771484,59.034061431884766,57.53007125854492,-43.60160828,-55.01189041,-56.39527512,6.502540111541748,17.448081970214844,1.7255678176879883,0.9651506543159485,0.9318669438362122,0.9802747368812561,5.741588592529297,5.5830912590026855,4.64463996887207
15.95,0,103.14929962158203,128.2658233642578,118.83007049560547,202.01309204101562,202.0061798095703,200.4572296142578,0.4379667341709137,0.46024778485298157,0.48413732647895813,45.175960540771484,59.034061431884766,57.53007125854492,-43.60160828,-55.01189041,-56.39527512,6.502540111541748,17.448081970214844,1.7255678176879883,0.9651506543159485,0.9318669438362122,0.9802747368812561,5.741588592529297,5.5830912590026855,4.64463996887207
16,0,103.1439208984375,128.33937072753906,118.82624053955078,202.09849548339844,202.1247100830078,200.3853759765625,0.44234588742256165,0.46746766567230225,0.4913705587387085,45.62528991699219,59.9945068359375,58.38771438598633,-43.8989296,-55.45844269,-57.24588394,7.740602016448975,19.2864933013916,3.1523795127868652,0.9621621966362,0.9243919849395752,0.9804440140724182,5.844677448272705,5.667018413543701,4.658802509307861
16.05,0,103.1439208984375,128.33937072753906,118.82624053955078,202.09849548339844,202.1247100830078,200.3853759765625,0.44234588742256165,0.46746766567230225,0.4913705587387085,45.62528991699219,59.9945068359375,58.38771438598633,-43.8989296,-55.45844269,-57.24588394,7.740602016448975,19.2864933013916,3.1523795127868652,0.9621621966362,0.9243919849395752,0.9804440140724182,5.844677448272705,5.667018413543701,4.658802509307861
16.1,0,103.1439208984375,128.33937072753906,118.82624053955078,202.09849548339844,202.1247100830078,200.3853759765625,0.44234588742256165,0.46746766567230225,0.4913705587387085,45.62528991699219,59.9945068359375,58.38771438598633,-43.8989296,-55.45844269,-57.24588394,7.740602016448975,19.2864933013916,3.1523795127868652,0.9621621966362,0.9243919849395752,0.9804440140724182,5.844677448272705,5.667018413543701,4.658802509307861
16.15,0,103.1439208984375,128.33937072753906,118.82624053955078,202.09849548339844,202.1247100830078,200.3853759765625,0.44234588742256165,0.46746766567230225,0.4913705587387085,45.62528991699219,59.9945068359375,58.38771438598633,-43.8989296,-55.45844269,-57.24588394,7.740602016448975,19.2864933013916,3.1523795127868652,0.9621621966362,0.9243919849395752,0.9804440140724182,5.844677448272705,5.667018413543701,4.658802509307861
16.2,0,103.13578033447266,128.37954711914062,118.88034057617188,202.0948944091797,202.21176147460938,200.44834899902344,0.446059912443161,0.46720296144485474,0.49760010838508606,46.004737854003906,59.979305267333984,59.154869079589844,-44.48510361,-55.57492828,-58.10268784,6.935354232788086,18.89706039428711,2.8676578998565674,0.9669678807258606,0.9265683889389038,0.9822130799293518,5.881688594818115,5.708896636962891,4.654269218444824
16.25,0,103.13578033447266,128.37954711914062,118.88034057617188,202.0948944091797,202.21176147460938,200.44834899902344,0.446059912443161,0.46720296144485474,0.49760010838508606,46.004737854003906,59.979305267333984,59.154869079589844,-44.48510361,-55.57492828,-58.10268784,6.935354232788086,18.89706039428711,2.8676578998565674,0.9669678807258606,0.9265683889389038,0.9822130799293518,5.881688594818115,5.708896636962891,4.654269218444824
16.3,0,103.13578033447266,128.37954711914062,118.88034057617188,202.0948944091797,202.21176147460938,200.44834899902344,0.446059912443161,0.46720296144485474,0.49760010838508606,46.004737854003906,59.979305267333984,59.154869079589844,-44.48510361,-55.57492828,-58.10268784,6.935354232788086,18.89706039428711,2.8676578998565674,0.9669678807258606,0.9265683889389038,0.9822130799293518,5.881688594818115,5.708896636962891,4.654269218444824
16.35,0,103.13578033447266,128.37954711914062,118.88034057617188,202.0948944091797,202.21176147460938,200.44834899902344,0.446059912443161,0.46720296144485474,0.49760010838508606,46.004737854003906,59.979305267333984,59.154869079589844,-44.48510361,-55.57492828,-58.10268784,6.935354232788086,18.89706039428711,2.8676578998565674,0.9669678807258606,0.9265683889389038,0.9822130799293518,5.881688594818115,5.708896636962891,4.654269218444824
16.4,0,103.0983657836914,128.315185546875,118.78980255126953,202.0357208251953,202.08468627929688,200.3092803955078,0.43781164288520813,0.45945727825164795,0.4868171215057373,45.137664794921875,58.955345153808594,57.82891082763672,-43.42805481,-54.43609619,-56.59454727,6.968730926513672,18.530553817749023,2.836858034133911,0.9621245265007019,0.9233445525169373,0.9786549210548401,5.883650302886963,5.713242053985596,4.641302108764648
16.45,0,103.0983657836914,128.315185546875,118.78980255126953,202.0357208251953,202.08468627929688,200.3092803955078,0.43781164288520813,0.45945727825164795,0.4868171215057373,45.137664794921875,58.955345153808594,57.82891082763672,-43.42805481,-54.43609619,-56.59454727,6.968730926513672,18.530553817749023,2.836858034133911,0.9621245265007019,0.9233445525169373,0.9786549210548401,5.883650302886963,5.713242053985596,4.641302108764648
16.5,0,103.0983657836914,128.315185546875,118.78980255126953,202.0357208251953,202.08468627929688,200.3092803955078,0.43781164288520813,0.45945727825164795,0.4868171215057373,45.137664794921875,58.955345153808594,57.82891082763672,-43.42805481,-54.43609619,-56.59454727,6.968730926513672,18.530553817749023,2.836858034133911,0.9621245265007019,0.9233445525169373,0.9786549210548401,5.883650302886963,5.713242053985596,4.641302108764648
16.55,0,103.0983657836914,128.315185546875,118.78980255126953,202.0357208251953,202.08468627929688,200.3092803955078,0.43781164288520813,0.45945727825164795,0.4868171215057373,45.137664794921875,58.955345153808594,57.82891082763672,-43.42805481,-54.43609619,-56.59454727,6.968730926513672,18.530553817749023,2.836858034133911,0.9621245265007019,0.9233445525169373,0.9786549210548401,5.883650302886963,5.713242053985596,4.641302108764648
16.6,0,103.14826965332031,128.40420532226562,118.87966918945312,202.15023803710938,202.183837890625,200.47589111328125,0.4517883360385895,0.4745985269546509,0.5000949501991272,46.6011848449707,60.94044494628906,59.45112228393555,-44.89350891,-56.41464615,-58.31726074,7.795773983001709,19.394668579101562,3.2480580806732178,0.963355541229248,0.9257340431213379,0.9809278249740601,5.822303771972656,5.627349853515625,4.614261150360107
16.65,0,103.14826965332031,128.40420532226562,118.87966918945312,202.15023803710938,202.183837890625,200.47589111328125,0.4517883360385895,0.4745985269546509,0.5000949501991272,46.6011848449707,60.94044494628906,59.45112228393555,-44.89350891,-56.41464615,-58.31726074,7.795773983001709,19.394668579101562,3.2480580806732178,0.963355541229248,0.9257340431213379,0.9809278249740601,5.822303771972656,5.627349853515625,4.614261150360107
16.7,0,103.14826965332031,128.40420532226562,118.87966918945312,202.15023803710938,202.183837890625,200.47589111328125,0.4517883360385895,0.4745985269546509,0.5000949501991272,46.6011848449707,60.94044494628906,59.45112228393555,-44.89350891,-56.41464615,-58.31726074,7.795773983001709,19.394668579101562,3.2480580806732178,0.963355541229248,0.9257340431213379,0.9809278249740601,5.822303771972656,5.627349853515625,4.614261150360107
16.75,0,103.14826965332031,128.40420532226562,118.87966918945312,202.15023803710938,202.183837890625,200.47589111328125,0.4517883360385895,0.4745985269546509,0.5000949501991272,46.6011848449707,60.94044494628906,59.45112228393555,-44.89350891,-56.41464615,-58.31726074,7.795773983001709,19.394668579101562,3.2480580806732178,0.963355541229248,0.9257340431213379,0.9809278249740601,5.822303771972656,5.627349853515625,4.614261150360107
16.8,0,103.12474822998047,128.18870544433594,118.77545928955078,201.9052276611328,201.86790466308594,200.42161560058594,0.4386827051639557,0.46201443672180176,0.48180338740348816,45.239044189453125,59.225032806396484,57.226417541503906,-43.62042236,-55.25217438,-56.09970856,6.812626361846924,17.318784713745117,1.6796858310699463,0.9642207026481628,0.9329192638397217,0.980311393737793,5.597687244415283,5.504607677459717,4.535096168518066
16.85,0,103.12474822998047,128.18870544433594,118.77545928955078,201.9052276611328,201.86790466308594,200.42161560058594,0.4386827051639557,0.46201443672180176,0.48180338740348816,45.239044189453125,59.225032806396484,57.226417541503906,-43.62042236,-55.25217438,-56.09970856,6.812626361846924,17.318784713745117,1.6796858310699463,0.9642207026481628,0.9329192638397217,0.980311393737793,5.597687244415283,5.504607677459717,4.535096168518066
16.9,0,103.12474822998047,128.18870544433594,118.77545928955078,201.9052276611328,201.86790466308594,200.42161560058594,0.4386827051639557,0.46201443672180176,0.48180338740348816,45.239044189453125,59.225032806396484,57.226417541503906,-43.62042236,-55.25217438,-56.09970856,6.812626361846924,17.318784713745117,1.6796858310699463,0.9642207026481628,0.9329192638397217,0.980311393737793,5.597687244415283,5.504607677459717,4.535096168518066
16.95,0,103.12474822998047,128.18870544433594,118.77545928955078,201.9052276611328,201.86790466308594,200.42161560058594,0.4386827051639557,0.46201443672180176,0.48180338740348816,45.239044189453125,59.225032806396484,57.226417541503906,-43.62042236,-55.25217438,-56.09970856,6.812626361846924,17.318784713745117,1.6796858310699463,0.9642207026481628,0.9329192638397217,0.980311393737793,5.597687244415283,5.504607677459717,4.535096168518066
17,0,103.11639404296875,128.33868408203125,118.81340026855469,202.054443359375,202.10299682617188,200.37380981445312,0.4452584981918335,0.4704919457435608,0.4946896433830261,45.9134521484375,60.38231658935547,58.7757568359375,-44.19145966,-55.80721664,-57.6581459,7.838898658752441,19.483016967773438,3.244473934173584,0.9624947905540466,0.9242311120033264,0.980985164642334,5.747979164123535,5.583338737487793,4.595978736877441
17.05,0,103.11639404296875,128.33868408203125,118.81340026855469,202.054443359375,202.10299682617188,200.37380981445312,0.4452584981918335,0.4704919457435608,0.4946896433830261,45.9134521484375,60.38231658935547,58.7757568359375,-44.19145966,-55.80721664,-57.6581459,7.838898658752441,19.483016967773438,3.244473934173584,0.9624947905540466,0.9242311120033264,0.980985164642334,5.747979164123535,5.583338737487793,4.595978736877441
17.1,0,103.11639404296875,128.33868408203125,118.81340026855469,202.054443359375,202.10299682617188,200.37380981445312,0.4452584981918335,0.4704919457435608,0.4946896433830261,45.9134521484375,60.38231658935547,58.7757568359375,-44.19145966,-55.80721664,-57.6581459,7.838898658752441,19.483016967773438,3.244473934173584,0.9624947905540466,0.9242311120033264,0.980985164642334,5.747979164123535,5.583338737487793,4.595978736877441
17.15,0,103.11639404296875,128.33868408203125,118.81340026855469,202.054443359375,202.10299682617188,200.37380981445312,0.4452584981918335,0.4704919457435608,0.4946896433830261,45.9134521484375,60.38231658935547,58.7757568359375,-44.19145966,-55.80721664,-57.6581459,7.838898658752441,19.483016967773438,3.244473934173584,0.9624947905540466,0.9242311120033264,0.980985164642334,5.747979164123535,5.583338737487793,4.595978736877441
17.2,0,103.09779357910156,128.35008239746094,118.83916473388672,202.0216827392578,202.15528869628906,200.38919067382812,0.44495105743408203,0.4640023112297058,0.49485674500465393,45.87347412109375,59.55473327636719,58.8083610534668,-44.37594986,-55.42666245,-57.73786545,6.24527645111084,17.893699645996094,2.0887842178344727,0.9673553109169006,0.9306844472885132,0.9817968606948853,5.762533664703369,5.589752197265625,4.568816661834717
17.25,0,103.09779357910156,128.35008239746094,118.83916473388672,202.0216827392578,202.15528869628906,200.38919067382812,0.44495105743408203,0.4640023112297058,0.49485674500465393,45.87347412109375,59.55473327636719,58.8083610534668,-44.37594986,-55.42666245,-57.73786545,6.24527645111084,17.893699645996094,2.0887842178344727,0.9673553109169006,0.9306844472885132,0.9817968606948853,5.762533664703369,5.589752197265625,4.568816661834717
17.3,0,103.09779357910156,128.35008239746094,118.83916473388672,202.0216827392578,202.15528869628906,200.38919067382812,0.44495105743408203,0.4640023112297058,0.49485674500465393,45.87347412109375,59.55473327636719,58.8083610534668,-44.37594986,-55.42666245,-57.73786545,6.24527645111084,17.893699645996094,2.0887842178344727,0.9673553109169006,0.9306844472885132,0.9817968606948853,5.762533664703369,5.589752197265625,4.568816661834717
17.35,0,103.09779357910156,128.35008239746094,118.83916473388672,202.0216827392578,202.15528869628906,200.38919067382812,0.44495105743408203,0.4640023112297058,0.49485674500465393,45.87347412109375,59.55473327636719,58.8083610534668,-44.37594986,-55.42666245,-57.73786545,6.24527645111084,17.893699645996094,2.0887842178344727,0.9673553109169006,0.9306844472885132,0.9817968606948853,5.762533664703369,5.589752197265625,4.568816661834717
17.4,0,103.05620574951172,128.3115997314453,118.77719116210938,201.99383544921875,202.0780029296875,200.2598114013672,0.436442494392395,0.45946037769317627,0.48632165789604187,44.97810745239258,58.954097747802734,57.763919830322266,-43.21321869,-54.38404465,-56.5441246,7.102487087249756,18.778215408325195,2.889238119125366,0.9607611894607544,0.9224811792373657,0.9788830876350403,5.781239032745361,5.566478252410889,4.581057071685791
17.45,0,103.05620574951172,128.3115997314453,118.77719116210938,201.99383544921875,202.0780029296875,200.2598114013672,0.436442494392395,0.45946037769317627,0.48632165789604187,44.97810745239258,58.954097747802734,57.763919830322266,-43.21321869,-54.38404465,-56.5441246,7.102487087249756,18.778215408325195,2.889238119125366,0.9607611894607544,0.9224811792373657,0.9788830876350403,5.781239032745361,5.566478252410889,4.581057071685791
17.5,0,103.05620574951172,128.3115997314453,118.77719116210938,201.99383544921875,202.0780029296875,200.2598114013672,0.436442494392395,0.45946037769317627,0.48632165789604187,44.97810745239258,58.954097747802734,57.763919830322266,-43.21321869,-54.38404465,-56.5441246,7.102487087249756,18.778215408325195,2.889238119125366,0.9607611894607544,0.9224811792373657,0.9788830876350403,5.781239032745361,5.566478252410889,4.581057071685791
17.55,0,103.05620574951172,128.3115997314453,118.77719116210938,201.99383544921875,202.0780029296875,200.2598114013672,0.436442494392395,0.45946037769317627,0.48632165789604187,44.97810745239258,58.954097747802734,57.763919830322266,-43.21321869,-54.38404465,-56.5441246,7.102487087249756,18.778215408325195,2.889238119125366,0.9607611894607544,0.9224811792373657,0.9788830876350403,5.781239032745361,5.566478252410889,4.581057071685791
17.6,0,103.13774871826172,128.38983154296875,118.86463928222656,202.1326446533203,202.18760681152344,200.43238830566406,0.44692763686180115,0.46793439984321594,0.4978594183921814,46.09511184692383,60.07801818847656,59.177879333496094,-44.54786301,-55.64960861,-58.10847855,7.226455211639404,19.122900009155273,3.1413960456848145,0.966433584690094,0.9262890219688416,0.9819290637969971,5.802599906921387,5.541382312774658,4.570489883422852
17.65,0,103.13774871826172,128.38983154296875,118.86463928222656,202.1326446533203,202.18760681152344,200.43238830566406,0.44692763686180115,0.46793439984321594,0.4978594183921814,46.09511184692383,60.07801818847656,59.177879333496094,-44.54786301,-55.64960861,-58.10847855,7.226455211639404,19.122900009155273,3.1413960456848145,0.966433584690094,0.9262890219688416,0.9819290637969971,5.802599906921387,5.541382312774658,4.570489883422852
17.7,0,103.13774871826172,128.38983154296875,118.86463928222656,202.1326446533203,202.18760681152344,200.43238830566406,0.44692763686180115,0.46793439984321594,0.4978594183921814,46.09511184692383,60.07801818847656,59.177879333496094,-44.54786301,-55.64960861,-58.10847855,7.226455211639404,19.122900009155273,3.1413960456848145,0.966433584690094,0.9262890219688416,0.9819290637969971,5.802599906921387,5.541382312774658,4.570489883422852
17.75,0,103.13774871826172,128.38983154296875,118.86463928222656,202.1326446533203,202.18760681152344,200.43238830566406,0.44692763686180115,0.46793439984321594,0.4978594183921814,46.09511184692383,60.07801818847656,59.177879333496094,-44.54786301,-55.64960861,-58.10847855,7.226455211639404,19.122900009155273,3.1413960456848145,0.966433584690094,0.9262890219688416,0.9819290637969971,5.802599906921387,5.541382312774658,4.570489883422852
17.8,0,103.13452911376953,128.20025634765625,118.78779602050781,201.91407775878906,201.94383239746094,200.4093780517578,0.437531441450119,0.4613041281700134,0.48255783319473267,45.12459945678711,59.13930892944336,57.321983337402344,-43.55622864,-55.16303253,-56.23084259,6.835860729217529,17.566741943359375,1.827972412109375,0.9652435779571533,0.9327642321586609,0.980964720249176,5.620319843292236,5.509474277496338,4.5686163902282715
17.85,0,103.13452911376953,128.20025634765625,118.78779602050781,201.91407775878906,201.94383239746094,200.4093780517578,0.437531441450119,0.4613041281700134,0.48255783319473267,45.12459945678711,59.13930892944336,57.321983337402344,-43.55622864,-55.16303253,-56.23084259,6.835860729217529,17.566741943359375,1.827972412109375,0.9652435779571533,0.9327642321586609,0.980964720249176,5.620319843292236,5.509474277496338,4.5686163902282715
17.9,0,103.13452911376953,128.20025634765625,118.78779602050781,201.91407775878906,201.94383239746094,200.4093780517578,0.437531441450119,0.4613041281700134,0.48255783319473267,45.12459945678711,59.13930892944336,57.321983337402344,-43.55622864,-55.16303253,-56.23084259,6.835860729217529,17.566741943359375,1.827972412109375,0.9652435779571533,0.9327642321586609,0.980964720249176,5.620319843292236,5.509474277496338,4.5686163902282715
17.95,0,103.13452911376953,128.20025634765625,118.78779602050781,201.91407775878906,201.94383239746094,200.4093780517578,0.437531441450119,0.4613041281700134,0.48255783319473267,45.12459945678711,59.13930892944336,57.321983337402344,-43.55622864,-55.16303253,-56.23084259,6.835860729217529,17.566741943359375,1.827972412109375,0.9652435779571533,0.9327642321586609,0.980964720249176,5.620319843292236,5.509474277496338,4.5686163902282715
18,0,103.12324523925781,128.3635711669922,118.85433959960938,202.07225036621094,202.1398162841797,200.43899536132812,0.44875118136405945,0.4729440212249756,0.4979008436203003,46.27667999267578,60.70878219604492,59.177677154541016,-44.4879837,-56.01040268,-58.00220108,7.920215606689453,19.625967025756836,3.408686876296997,0.961347758769989,0.9226078987121582,0.980136513710022,5.707898139953613,5.541897296905518,4.510565280914307
18.05,0,103.12324523925781,128.3635711669922,118.85433959960938,202.07225036621094,202.1398162841797,200.43899536132812,0.44875118136405945,0.4729440212249756,0.4979008436203003,46.27667999267578,60.70878219604492,59.177677154541016,-44.4879837,-56.01040268,-58.00220108,7.920215606689453,19.625967025756836,3.408686876296997,0.961347758769989,0.9226078987121582,0.980136513710022,5.707898139953613,5.541897296905518,4.510565280914307
18.1,0,103.12324523925781,128.3635711669922,118.85433959960938,202.07225036621094,202.1398162841797,200.43899536132812,0.44875118136405945,0.4729440212249756,0.4979008436203003,46.27667999267578,60.70878219604492,59.177677154541016,-44.4879837,-56.01040268,-58.00220108,7.920215606689453,19.625967025756836,3.408686876296997,0.961347758769989,0.9226078987121582,0.980136513710022,5.707898139953613,5.541897296905518,4.510565280914307
18.15,0,103.12324523925781,128.3635711669922,118.85433959960938,202.07225036621094,202.1398162841797,200.43899536132812,0.44875118136405945,0.4729440212249756,0.4979008436203003,46.27667999267578,60.70878219604492,59.177677154541016,-44.4879837,-56.01040268,-58.00220108,7.920215606689453,19.625967025756836,3.408686876296997,0.961347758769989,0.9226078987121582,0.980136513710022,5.707898139953613,5.541897296905518,4.510565280914307
18.2,0,103.09648132324219,128.33798217773438,118.86279296875,201.9959716796875,202.16357421875,200.4228516,0.4439043700695038,0.4644612967967987,0.49331045150756836,45.76498031616211,59.60802459716797,58.63625717163086,-44.19446182,-55.43720627,-57.46535873,6.3126349449157715,17.778148651123047,1.912396788597107,0.9656829833984375,0.9300292730331421,0.9800311326980591,5.742487907409668,5.554323196411133,4.5075764656066895
18.25,0,103.09648132324219,128.33798217773438,118.86279296875,201.9959716796875,202.16357421875,200.4228516,0.4439043700695038,0.4644612967967987,0.49331045150756836,45.76498031616211,59.60802459716797,58.63625717163086,-44.19446182,-55.43720627,-57.46535873,6.3126349449157715,17.778148651123047,1.912396788597107,0.9656829833984375,0.9300292730331421,0.9800311326980591,5.742487907409668,5.554323196411133,4.5075764656066895
18.3,0,103.09648132324219,128.33798217773438,118.86279296875,201.9959716796875,202.16357421875,200.4228516,0.4439043700695038,0.4644612967967987,0.49331045150756836,45.76498031616211,59.60802459716797,58.63625717163086,-44.19446182,-55.43720627,-57.46535873,6.3126349449157715,17.778148651123047,1.912396788597107,0.9656829833984375,0.9300292730331421,0.9800311326980591,5.742487907409668,5.554323196411133,4.5075764656066895
18.35,0,103.09648132324219,128.33798217773438,118.86279296875,201.9959716796875,202.16357421875,200.4228516,0.4439043700695038,0.4644612967967987,0.49331045150756836,45.76498031616211,59.60802459716797,58.63625717163086,-44.19446182,-55.43720627,-57.46535873,6.3126349449157715,17.778148651123047,1.912396788597107,0.9656829833984375,0.9300292730331421,0.9800311326980591,5.742487907409668,5.554323196411133,4.5075764656066895
18.4,0,103.04813385009766,128.2790069580078,118.82124328613281,201.92181396484375,202.1023712158203,200.3135223388672,0.4391222894191742,0.46173182129859924,0.4897115230560303,45.250732421875,59.230499267578125,58.188133239746094,-43.66031647,-54.76028061,-57.1101532,7.357371807098389,19.140487670898438,3.2351913452148438,0.9648532271385193,0.9245284199714661,0.9814742207527161,5.784626007080078,5.601405143737793,4.530859470367432
18.45,0,103.04813385009766,128.2790069580078,118.82124328613281,201.92181396484375,202.1023712158203,200.3135223388672,0.4391222894191742,0.46173182129859924,0.4897115230560303,45.250732421875,59.230499267578125,58.188133239746094,-43.66031647,-54.76028061,-57.1101532,7.357371807098389,19.140487670898438,3.2351913452148438,0.9648532271385193,0.9245284199714661,0.9814742207527161,5.784626007080078,5.601405143737793,4.530859470367432
18.5,0,103.04813385009766,128.2790069580078,118.82124328613281,201.92181396484375,202.1023712158203,200.3135223388672,0.4391222894191742,0.46173182129859924,0.4897115230560303,45.250732421875,59.230499267578125,58.188133239746094,-43.66031647,-54.76028061,-57.1101532,7.357371807098389,19.140487670898438,3.2351913452148438,0.9648532271385193,0.9245284199714661,0.9814742207527161,5.784626007080078,5.601405143737793,4.530859470367432
18.55,0,103.04813385009766,128.2790069580078,118.82124328613281,201.92181396484375,202.1023712158203,200.3135223388672,0.4391222894191742,0.46173182129859924,0.4897115230560303,45.250732421875,59.230499267578125,58.188133239746094,-43.66031647,-54.76028061,-57.1101532,7.357371807098389,19.140487670898438,3.2351913452148438,0.9648532271385193,0.9245284199714661,0.9814742207527161,5.784626007080078,5.601405143737793,4.530859470367432
18.6,0,103.08842468261719,128.32896423339844,118.87065124511719,201.98495483398438,202.1807403564453,200.40794372558594,0.4461575746536255,0.46517881751060486,0.49673545360565186,45.993682861328125,59.69591522216797,59.04726791381836,-44.38318253,-55.24753571,-57.93410492,6.8516764640808105,18.756521224975586,2.9720795154571533,0.9649842977523804,0.9254826903343201,0.9811479449272156,5.771605968475342,5.569870948791504,4.484567165374756
18.65,0,103.08842468261719,128.32896423339844,118.87065124511719,201.98495483398438,202.1807403564453,200.40794372558594,0.4461575746536255,0.46517881751060486,0.49673545360565186,45.993682861328125,59.69591522216797,59.04726791381836,-44.38318253,-55.24753571,-57.93410492,6.8516764640808105,18.756521224975586,2.9720795154571533,0.9649842977523804,0.9254826903343201,0.9811479449272156,5.771605968475342,5.569870948791504,4.484567165374756
18.7,0,103.08842468261719,128.32896423339844,118.87065124511719,201.98495483398438,202.1807403564453,200.40794372558594,0.4461575746536255,0.46517881751060486,0.49673545360565186,45.993682861328125,59.69591522216797,59.04726791381836,-44.38318253,-55.24753571,-57.93410492,6.8516764640808105,18.756521224975586,2.9720795154571533,0.9649842977523804,0.9254826903343201,0.9811479449272156,5.771605968475342,5.569870948791504,4.484567165374756
18.75,0,103.08842468261719,128.32896423339844,118.87065124511719,201.98495483398438,202.1807403564453,200.40794372558594,0.4461575746536255,0.46517881751060486,0.49673545360565186,45.993682861328125,59.69591522216797,59.04726791381836,-44.38318253,-55.24753571,-57.93410492,6.8516764640808105,18.756521224975586,2.9720795154571533,0.9649842977523804,0.9254826903343201,0.9811479449272156,5.771605968475342,5.569870948791504,4.484567165374756
18.8,0,103.13168334960938,128.2118377685547,118.79557800292969,201.9285430908203,201.96336364746094,200.40768432617188,0.43848681449890137,0.46288639307022095,0.4843737781047821,45.22188186645508,59.34751510620117,57.54146194458008,-43.52758026,-55.10180283,-56.30465317,6.8677592277526855,17.726070404052734,1.941624641418457,0.9625335931777954,0.9284601211547852,0.9785057902336121,5.6149373054504395,5.493834972381592,4.5134124755859375
18.85,0,103.13168334960938,128.2118377685547,118.79557800292969,201.9285430908203,201.96336364746094,200.40768432617188,0.43848681449890137,0.46288639307022095,0.4843737781047821,45.22188186645508,59.34751510620117,57.54146194458008,-43.52758026,-55.10180283,-56.30465317,6.8677592277526855,17.726070404052734,1.941624641418457,0.9625335931777954,0.9284601211547852,0.9785057902336121,5.6149373054504395,5.493834972381592,4.5134124755859375
18.9,0,103.13168334960938,128.2118377685547,118.79557800292969,201.9285430908203,201.96336364746094,200.40768432617188,0.43848681449890137,0.46288639307022095,0.4843737781047821,45.22188186645508,59.34751510620117,57.54146194458008,-43.52758026,-55.10180283,-56.30465317,6.8677592277526855,17.726070404052734,1.941624641418457,0.9625335931777954,0.9284601211547852,0.9785057902336121,5.6149373054504395,5.493834972381592,4.5134124755859375
18.95,0,103.13168334960938,128.2118377685547,118.79557800292969,201.9285430908203,201.96336364746094,200.40768432617188,0.43848681449890137,0.46288639307022095,0.4843737781047821,45.22188186645508,59.34751510620117,57.54146194458008,-43.52758026,-55.10180283,-56.30465317,6.8677592277526855,17.726070404052734,1.941624641418457,0.9625335931777954,0.9284601211547852,0.9785057902336121,5.6149373054504395,5.493834972381592,4.5134124755859375
19,0,103.12561798095703,128.35247802734375,118.85011291503906,202.06724548339844,202.1300506591797,200.43435668945312,0.44671159982681274,0.4715689420700073,0.4974343776702881,46.06740951538086,60.527042388916016,59.12013244628906,-44.37217331,-55.90977478,-58.03808975,7.988761901855469,19.88121223449707,3.5256118774414062,0.9632009863853455,0.9237156510353088,0.9816975593566895,5.75950813293457,5.539124011993408,4.570802688598633
19.05,0,103.12561798095703,128.35247802734375,118.85011291503906,202.06724548339844,202.1300506591797,200.43435668945312,0.44671159982681274,0.4715689420700073,0.4974343776702881,46.06740951538086,60.527042388916016,59.12013244628906,-44.37217331,-55.90977478,-58.03808975,7.988761901855469,19.88121223449707,3.5256118774414062,0.9632009863853455,0.9237156510353088,0.9816975593566895,5.75950813293457,5.539124011993408,4.570802688598633
19.1,0,103.12561798095703,128.35247802734375,118.85011291503906,202.06724548339844,202.1300506591797,200.43435668945312,0.44671159982681274,0.4715689420700073,0.4974343776702881,46.06740951538086,60.527042388916016,59.12013244628906,-44.37217331,-55.90977478,-58.03808975,7.988761901855469,19.88121223449707,3.5256118774414062,0.9632009863853455,0.9237156510353088,0.9816975593566895,5.75950813293457,5.539124011993408,4.570802688598633
19.15,0,103.12561798095703,128.35247802734375,118.85011291503906,202.06724548339844,202.1300506591797,200.43435668945312,0.44671159982681274,0.4715689420700073,0.4974343776702881,46.06740951538086,60.527042388916016,59.12013244628906,-44.37217331,-55.90977478,-58.03808975,7.988761901855469,19.88121223449707,3.5256118774414062,0.9632009863853455,0.9237156510353088,0.9816975593566895,5.75950813293457,5.539124011993408,4.570802688598633
19.2,0,103.13489532470703,128.363525390625,118.87491607666016,202.08189392089844,202.17706298828125,200.454833984375,0.44384440779685974,0.46355462074279785,0.49158912897109985,45.775848388671875,59.50350570678711,58.437618255615234,-44.24010849,-55.36070633,-57.35152054,6.515557765960693,17.870981216430664,2.19316029548645,0.9664508700370789,0.9303772449493408,0.9814144372940063,5.767466068267822,5.5679121017456055,4.602478981018066
19.25,0,103.13489532470703,128.363525390625,118.87491607666016,202.08189392089844,202.17706298828125,200.454833984375,0.44384440779685974,0.46355462074279785,0.49158912897109985,45.775848388671875,59.50350570678711,58.437618255615234,-44.24010849,-55.36070633,-57.35152054,6.515557765960693,17.870981216430664,2.19316029548645,0.9664508700370789,0.9303772449493408,0.9814144372940063,5.767466068267822,5.5679121017456055,4.602478981018066
19.3,0,103.13489532470703,128.363525390625,118.87491607666016,202.08189392089844,202.17706298828125,200.454833984375,0.44384440779685974,0.46355462074279785,0.49158912897109985,45.775848388671875,59.50350570678711,58.437618255615234,-44.24010849,-55.36070633,-57.35152054,6.515557765960693,17.870981216430664,2.19316029548645,0.9664508700370789,0.9303772449493408,0.9814144372940063,5.767466068267822,5.5679121017456055,4.602478981018066
19.35,0,103.13489532470703,128.363525390625,118.87491607666016,202.08189392089844,202.17706298828125,200.454833984375,0.44384440779685974,0.46355462074279785,0.49158912897109985,45.775848388671875,59.50350570678711,58.437618255615234,-44.24010849,-55.36070633,-57.35152054,6.515557765960693,17.870981216430664,2.19316029548645,0.9664508700370789,0.9303772449493408,0.9814144372940063,5.767466068267822,5.5679121017456055,4.602478981018066
19.4,0,103.10785675048828,128.36395263671875,118.84252166748047,202.06568908691406,202.1636505126953,200.38638305664062,0.4418114721775055,0.4663006663322449,0.4918384552001953,45.55423355102539,59.856197357177734,58.45132064819336,-43.81613541,-55.29130936,-57.23677063,7.503199100494385,19.148527145385742,3.0210564136505127,0.9618455171585083,0.9237357378005981,0.9792211651802063,5.823239803314209,5.597250938415527,4.622276306152344
19.45,0,103.10785675048828,128.36395263671875,118.84252166748047,202.06568908691406,202.1636505126953,200.38638305664062,0.4418114721775055,0.4663006663322449,0.4918384552001953,45.55423355102539,59.856197357177734,58.45132064819336,-43.81613541,-55.29130936,-57.23677063,7.503199100494385,19.148527145385742,3.0210564136505127,0.9618455171585083,0.9237357378005981,0.9792211651802063,5.823239803314209,5.597250938415527,4.622276306152344
19.5,0,103.10785675048828,128.36395263671875,118.84252166748047,202.06568908691406,202.1636505126953,200.38638305664062,0.4418114721775055,0.4663006663322449,0.4918384552001953,45.55423355102539,59.856197357177734,58.45132064819336,-43.81613541,-55.29130936,-57.23677063,7.503199100494385,19.148527145385742,3.0210564136505127,0.9618455171585083,0.9237357378005981,0.9792211651802063,5.823239803314209,5.597250938415527,4.622276306152344
19.55,0,103.10785675048828,128.36395263671875,118.84252166748047,202.06568908691406,202.1636505126953,200.38638305664062,0.4418114721775055,0.4663006663322449,0.4918384552001953,45.55423355102539,59.856197357177734,58.45132064819336,-43.81613541,-55.29130936,-57.23677063,7.503199100494385,19.148527145385742,3.0210564136505127,0.9618455171585083,0.9237357378005981,0.9792211651802063,5.823239803314209,5.597250938415527,4.622276306152344
19.6,0,103.16873931884766,128.3678741455078,118.90482330322266,202.10198974609375,202.209716796875,200.5201416015625,0.4430409371852875,0.46546316146850586,0.49475377798080444,45.70797348022461,59.75051498413086,58.828609466552734,-44.07611465,-55.35388565,-57.72653961,6.678587913513184,18.60017967224121,2.375965118408203,0.9642981290817261,0.9264168739318848,0.981266438961029,5.790449142456055,5.542752742767334,4.563758850097656
19.65,0,103.16873931884766,128.3678741455078,118.90482330322266,202.10198974609375,202.209716796875,200.5201416015625,0.4430409371852875,0.46546316146850586,0.49475377798080444,45.70797348022461,59.75051498413086,58.828609466552734,-44.07611465,-55.35388565,-57.72653961,6.678587913513184,18.60017967224121,2.375965118408203,0.9642981290817261,0.9264168739318848,0.981266438961029,5.790449142456055,5.542752742767334,4.563758850097656
19.7,0,103.16873931884766,128.3678741455078,118.90482330322266,202.10198974609375,202.209716796875,200.5201416015625,0.4430409371852875,0.46546316146850586,0.49475377798080444,45.70797348022461,59.75051498413086,58.828609466552734,-44.07611465,-55.35388565,-57.72653961,6.678587913513184,18.60017967224121,2.375965118408203,0.9642981290817261,0.9264168739318848,0.981266438961029,5.790449142456055,5.542752742767334,4.563758850097656
19.75,0,103.16873931884766,128.3678741455078,118.90482330322266,202.10198974609375,202.209716796875,200.5201416015625,0.4430409371852875,0.46546316146850586,0.49475377798080444,45.70797348022461,59.75051498413086,58.828609466552734,-44.07611465,-55.35388565,-57.72653961,6.678587913513184,18.60017967224121,2.375965118408203,0.9642981290817261,0.9264168739318848,0.981266438961029,5.790449142456055,5.542752742767334,4.563758850097656
19.8,0,103.16095733642578,128.26255798339844,118.85498809814453,201.99449157714844,202.05055236816406,200.49349975585938,0.4375665485858917,0.4615577459335327,0.48407217860221863,45.13978576660156,59.20057678222656,57.534393310546875,-43.47407913,-54.98885345,-56.35470581,7.0045294761657715,17.989778518676758,2.1644201278686523,0.96309894323349,0.9288567304611206,0.9794959425926208,5.665963172912598,5.556946754455566,4.518975257873535
19.85,0,103.16095733642578,128.26255798339844,118.85498809814453,201.99449157714844,202.05055236816406,200.49349975585938,0.4375665485858917,0.4615577459335327,0.48407217860221863,45.13978576660156,59.20057678222656,57.534393310546875,-43.47407913,-54.98885345,-56.35470581,7.0045294761657715,17.989778518676758,2.1644201278686523,0.96309894323349,0.9288567304611206,0.9794959425926208,5.665963172912598,5.556946754455566,4.518975257873535
19.9,0,103.16095733642578,128.26255798339844,118.85498809814453,201.99449157714844,202.05055236816406,200.49349975585938,0.4375665485858917,0.4615577459335327,0.48407217860221863,45.13978576660156,59.20057678222656,57.534393310546875,-43.47407913,-54.98885345,-56.35470581,7.0045294761657715,17.989778518676758,2.1644201278686523,0.96309894323349,0.9288567304611206,0.9794959425926208,5.665963172912598,5.556946754455566,4.518975257873535
19.95,0,103.16095733642578,128.26255798339844,118.85498809814453,201.99449157714844,202.05055236816406,200.49349975585938,0.4375665485858917,0.4615577459335327,0.48407217860221863,45.13978576660156,59.20057678222656,57.534393310546875,-43.47407913,-54.98885345,-56.35470581,7.0045294761657715,17.989778518676758,2.1644201278686523,0.96309894323349,0.9288567304611206,0.9794959425926208,5.665963172912598,5.556946754455566,4.518975257873535
