t+,class,V_L1,V_L2,V_L3,V_L12,V_L23,V_L31,A_L1,A_L2,A_L3,VA_L1,VA_L2,VA_L3,W_L1,W_L2,W_L3,Q_L1,Q_L2,Q_L3,PF_L1,PF_L2,PF_L3,THD_L1,THD_L2,THD_L3
0,0,103.05767822265625,128.42523193359375,118.74845886230469,202.1237030029297,202.10537719726562,200.24864196777344,0.43816861510276794,0.4650915265083313,0.4944525957107544,45.156639099121094,59.729488372802734,58.715484619140625,-43.57973099,-55.07077408,-57.6375885,7.155699729919434,19.61754608154297,2.8802664279937744,0.965079129,0.9220030903816223,0.9816420674324036,5.827754497528076,5.568298816680908,4.423813343048096
0.05,0,103.05767822265625,128.42523193359375,118.74845886230469,202.1237030029297,202.10537719726562,200.24864196777344,0.43816861510276794,0.4650915265083313,0.4944525957107544,45.156639099121094,59.729488372802734,58.715484619140625,-43.57973099,-55.07077408,-57.6375885,7.155699729919434,19.61754608154297,2.8802664279937744,0.965079129,0.9220030903816223,0.9816420674324036,5.827754497528076,5.568298816680908,4.423813343048096
0.1,0,103.05767822265625,128.42523193359375,118.74845886230469,202.1237030029297,202.10537719726562,200.24864196777344,0.43816861510276794,0.4650915265083313,0.4944525957107544,45.156639099121094,59.729488372802734,58.715484619140625,-43.57973099,-55.07077408,-57.6375885,7.155699729919434,19.61754608154297,2.8802664279937744,0.965079129,0.9220030903816223,0.9816420674324036,5.827754497528076,5.568298816680908,4.423813343048096
0.15,0,103.07762908935547,128.41390991210938,118.70484924316406,202.0983428955078,202.13182067871094,200.19381713867188,0.4374566376209259,0.46329283714294434,0.49319806694984436,45.09199142456055,59.49324417114258,58.54500198364258,-43.53474045,-54.96208572,-57.46759796,6.632719993591309,18.955623626708984,2.3780438899993896,0.9654650092124939,0.923837423,0.9815970063209534,5.7737345695495605,5.596639633178711,4.458583354949951
0.2,0,103.07762908935547,128.41390991210938,118.70484924316406,202.0983428955078,202.13182067871094,200.19381713867188,0.4374566376209259,0.46329283714294434,0.49319806694984436,45.09199142456055,59.49324417114258,58.54500198364258,-43.53474045,-54.96208572,-57.46759796,6.632719993591309,18.955623626708984,2.3780438899993896,0.9654650092124939,0.923837423,0.9815970063209534,5.7737345695495605,5.596639633178711,4.458583354949951
0.25,0,103.07762908935547,128.41390991210938,118.70484924316406,202.0983428955078,202.13182067871094,200.19381713867188,0.4374566376209259,0.46329283714294434,0.49319806694984436,45.09199142456055,59.49324417114258,58.54500198364258,-43.53474045,-54.96208572,-57.46759796,6.632719993591309,18.955623626708984,2.3780438899993896,0.9654650092124939,0.923837423,0.9815970063209534,5.7737345695495605,5.596639633178711,4.458583354949951
0.3,0,103.07762908935547,128.41390991210938,118.70484924316406,202.0983428955078,202.13182067871094,200.19381713867188,0.4374566376209259,0.46329283714294434,0.49319806694984436,45.09199142456055,59.49324417114258,58.54500198364258,-43.53474045,-54.96208572,-57.46759796,6.632719993591309,18.955623626708984,2.3780438899993896,0.9654650092124939,0.923837423,0.9815970063209534,5.7737345695495605,5.596639633178711,4.458583354949951
0.35,0,103.13971710205078,128.4400177001953,118.77206420898438,202.1696319580078,202.2073211669922,200.30966186523438,0.44172734022140503,0.46618542075157166,0.49660858511924744,45.55963134765625,59.87686538696289,58.98322677612305,-44.07867813,-55.44643784,-57.98495865,6.757719517,19.078157424926758,2.592381000518799,0.9674941897392273,0.9260076880455017,0.9830753803253174,5.786675930023193,5.587641716003418,4.5888824462890625
0.4,0,103.13971710205078,128.4400177001953,118.77206420898438,202.1696319580078,202.2073211669922,200.30966186523438,0.44172734022140503,0.46618542075157166,0.49660858511924744,45.55963134765625,59.87686538696289,58.98322677612305,-44.07867813,-55.44643784,-57.98495865,6.757719517,19.078157424926758,2.592381000518799,0.9674941897392273,0.9260076880455017,0.9830753803253174,5.786675930023193,5.587641716003418,4.5888824462890625
0.45,0,103.13971710205078,128.4400177001953,118.77206420898438,202.1696319580078,202.2073211669922,200.30966186523438,0.44172734022140503,0.46618542075157166,0.49660858511924744,45.55963134765625,59.87686538696289,58.98322677612305,-44.07867813,-55.44643784,-57.98495865,6.757719517,19.078157424926758,2.592381000518799,0.9674941897392273,0.9260076880455017,0.9830753803253174,5.786675930023193,5.587641716003418,4.5888824462890625
0.5,0,103.13971710205078,128.4400177001953,118.77206420898438,202.1696319580078,202.2073211669922,200.30966186523438,0.44172734022140503,0.46618542075157166,0.49660858511924744,45.55963134765625,59.87686538696289,58.98322677612305,-44.07867813,-55.44643784,-57.98495865,6.757719517,19.078157424926758,2.592381000518799,0.9674941897392273,0.9260076880455017,0.9830753803253174,5.786675930023193,5.587641716003418,4.5888824462890625
0.55,0,103.1492919921875,128.2840576171875,118.72941589355469,202.04183959960938,201.99635314941406,200.31658935546875,0.43510228395462036,0.46387892961502075,0.48733559250831604,44.88049316,59.508270263671875,57.86106872558594,-43.23015213,-54.99884415,-56.75014496,7.390358924865723,19.169546127319336,2.643221855163574,0.9632281064987183,0.9242218732833862,0.9808001518249512,5.715531349182129,5.449611186981201,4.565405846
0.6,0,103.1492919921875,128.2840576171875,118.72941589355469,202.04183959960938,201.99635314941406,200.31658935546875,0.43510228395462036,0.46387892961502075,0.48733559250831604,44.88049316,59.508270263671875,57.86106872558594,-43.23015213,-54.99884415,-56.75014496,7.390358924865723,19.169546127319336,2.643221855163574,0.9632281064987183,0.9242218732833862,0.9808001518249512,5.715531349182129,5.449611186981201,4.565405846
0.65,0,103.1492919921875,128.2840576171875,118.72941589355469,202.04183959960938,201.99635314941406,200.31658935546875,0.43510228395462036,0.46387892961502075,0.48733559250831604,44.88049316,59.508270263671875,57.86106872558594,-43.23015213,-54.99884415,-56.75014496,7.390358924865723,19.169546127319336,2.643221855163574,0.9632281064987183,0.9242218732833862,0.9808001518249512,5.715531349182129,5.449611186981201,4.565405846
0.7,0,103.1492919921875,128.2840576171875,118.72941589355469,202.04183959960938,201.99635314941406,200.31658935546875,0.43510228395462036,0.46387892961502075,0.48733559250831604,44.88049316,59.508270263671875,57.86106872558594,-43.23015213,-54.99884415,-56.75014496,7.390358924865723,19.169546127319336,2.643221855163574,0.9632281064987183,0.9242218732833862,0.9808001518249512,5.715531349182129,5.449611186981201,4.565405846
0.75,0,103.14732360839844,128.33334350585938,118.79606628417969,202.12608337402344,202.0244141,200.39608764648438,0.4442412257194519,0.4703788161277771,0.4963172972202301,45.82229232788086,60.36528778076172,58.960540771484375,-44.22032547,-55.91070938,-57.86880112,7.094655513763428,19.00492286682129,2.4313724040985107,0.9650395512580872,0.9262062907218933,0.9814835786819458,5.714042663574219,5.410739898681641,4.391931533813477
0.8,0,103.14732360839844,128.33334350585938,118.79606628417969,202.12608337402344,202.0244141,200.39608764648438,0.4442412257194519,0.4703788161277771,0.4963172972202301,45.82229232788086,60.36528778076172,58.960540771484375,-44.22032547,-55.91070938,-57.86880112,7.094655513763428,19.00492286682129,2.4313724040985107,0.9650395512580872,0.9262062907218933,0.9814835786819458,5.714042663574219,5.410739898681641,4.391931533813477
0.85,0,103.14732360839844,128.33334350585938,118.79606628417969,202.12608337402344,202.0244141,200.39608764648438,0.4442412257194519,0.4703788161277771,0.4963172972202301,45.82229232788086,60.36528778076172,58.960540771484375,-44.22032547,-55.91070938,-57.86880112,7.094655513763428,19.00492286682129,2.4313724040985107,0.9650395512580872,0.9262062907218933,0.9814835786819458,5.714042663574219,5.410739898681641,4.391931533813477
0.9,0,103.14732360839844,128.33334350585938,118.79606628417969,202.12608337402344,202.0244141,200.39608764648438,0.4442412257194519,0.4703788161277771,0.4963172972202301,45.82229232788086,60.36528778076172,58.960540771484375,-44.22032547,-55.91070938,-57.86880112,7.094655513763428,19.00492286682129,2.4313724040985107,0.9650395512580872,0.9262062907218933,0.9814835786819458,5.714042663574219,5.410739898681641,4.391931533813477
0.95,0,103.02257537841797,128.3810577392578,118.6705322265625,202.0551758,202.01353454589844,200.14012145996094,0.4308339059352875,0.45901888608932495,0.48641204833984375,44.38562012,58.92932891845703,57.72277832,-42.88763046,-54.52151489,-56.70630646,6.7142415046691895,18.897706985473633,2.2103378772735596,0.9662505388259888,0.9252017140388489,0.9823904633522034,5.736441612243652,5.488718509674072,4.306277275085449
1,0,103.02257537841797,128.3810577392578,118.6705322265625,202.0551758,202.01353454589844,200.14012145996094,0.4308339059352875,0.45901888608932495,0.48641204833984375,44.38562012,58.92932891845703,57.72277832,-42.88763046,-54.52151489,-56.70630646,6.7142415046691895,18.897706985473633,2.2103378772735596,0.9662505388259888,0.9252017140388489,0.9823904633522034,5.736441612243652,5.488718509674072,4.306277275085449
1.05,0,103.02257537841797,128.3810577392578,118.6705322265625,202.0551758,202.01353454589844,200.14012145996094,0.4308339059352875,0.45901888608932495,0.48641204833984375,44.38562012,58.92932891845703,57.72277832,-42.88763046,-54.52151489,-56.70630646,6.7142415046691895,18.897706985473633,2.2103378772735596,0.9662505388259888,0.9252017140388489,0.9823904633522034,5.736441612243652,5.488718509674072,4.306277275085449
1.1,0,103.02257537841797,128.3810577392578,118.6705322265625,202.0551758,202.01353454589844,200.14012145996094,0.4308339059352875,0.45901888608932495,0.48641204833984375,44.38562012,58.92932891845703,57.72277832,-42.88763046,-54.52151489,-56.70630646,6.7142415046691895,18.897706985473633,2.2103378772735596,0.9662505388259888,0.9252017140388489,0.9823904633522034,5.736441612243652,5.488718509674072,4.306277275085449
1.15,0,103.09815216064453,128.4169464111328,118.7022476196289,202.12863159179688,202.12039184570312,200.20875549316406,0.4416980743408203,0.4660125970840454,0.4953203797340393,45.53825378417969,59.84391403198242,58.79564285,-43.93940353,-55.30925751,-57.71938705,6.953431129455566,19.133710861206055,2.742276668548584,0.9648899435997009,0.9242252707481384,0.9816949963569641,5.687525749206543,5.540098667144775,4.383105278015137
1.2,0,103.09815216064453,128.4169464111328,118.7022476196289,202.12863159179688,202.12039184570312,200.20875549316406,0.4416980743408203,0.4660125970840454,0.4953203797340393,45.53825378417969,59.84391403198242,58.79564285,-43.93940353,-55.30925751,-57.71938705,6.953431129455566,19.133710861206055,2.742276668548584,0.9648899435997009,0.9242252707481384,0.9816949963569641,5.687525749206543,5.540098667144775,4.383105278015137
1.25,0,103.09815216064453,128.4169464111328,118.7022476196289,202.12863159179688,202.12039184570312,200.20875549316406,0.4416980743408203,0.4660125970840454,0.4953203797340393,45.53825378417969,59.84391403198242,58.79564285,-43.93940353,-55.30925751,-57.71938705,6.953431129455566,19.133710861206055,2.742276668548584,0.9648899435997009,0.9242252707481384,0.9816949963569641,5.687525749206543,5.540098667144775,4.383105278015137
1.3,0,103.09815216064453,128.4169464111328,118.7022476196289,202.12863159179688,202.12039184570312,200.20875549316406,0.4416980743408203,0.4660125970840454,0.4953203797340393,45.53825378417969,59.84391403198242,58.79564285,-43.93940353,-55.30925751,-57.71938705,6.953431129455566,19.133710861206055,2.742276668548584,0.9648899435997009,0.9242252707481384,0.9816949963569641,5.687525749206543,5.540098667144775,4.383105278015137
1.35,0,103.10542297363281,128.41615295410156,118.71646118164062,202.11012268066406,202.16053771972656,200.2250213623047,0.43539848923683167,0.46457111835479736,0.49142664670944214,44.891944885253906,59.65843582,58.340431213378906,-43.39427567,-55.23583603,-57.40537643,6.948512554168701,19.22136688232422,2.372835636138916,0.9666383266448975,0.9258679747581482,0.98397243,5.706819057,5.491003036499023,4.553718090057373
1.4,0,103.10542297363281,128.41615295410156,118.71646118164062,202.11012268066406,202.16053771972656,200.2250213623047,0.43539848923683167,0.46457111835479736,0.49142664670944214,44.891944885253906,59.65843582,58.340431213378906,-43.39427567,-55.23583603,-57.40537643,6.948512554168701,19.22136688232422,2.372835636138916,0.9666383266448975,0.9258679747581482,0.98397243,5.706819057,5.491003036499023,4.553718090057373
1.45,0,103.10542297363281,128.41615295410156,118.71646118164062,202.11012268066406,202.16053771972656,200.2250213623047,0.43539848923683167,0.46457111835479736,0.49142664670944214,44.891944885253906,59.65843582,58.340431213378906,-43.39427567,-55.23583603,-57.40537643,6.948512554168701,19.22136688232422,2.372835636138916,0.9666383266448975,0.9258679747581482,0.98397243,5.706819057,5.491003036499023,4.553718090057373
1.5,0,103.10542297363281,128.41615295410156,118.71646118164062,202.11012268066406,202.16053771972656,200.2250213623047,0.43539848923683167,0.46457111835479736,0.49142664670944214,44.891944885253906,59.65843582,58.340431213378906,-43.39427567,-55.23583603,-57.40537643,6.948512554168701,19.22136688232422,2.372835636138916,0.9666383266448975,0.9258679747581482,0.98397243,5.706819057,5.491003036499023,4.553718090057373
1.55,0,103.16463470458984,128.2574920654297,118.77607727050781,202.03578186035156,202.00335693359375,200.37620544433594,0.43823638558387756,0.4643945097923279,0.4898867905139923,45.21049499511719,59.562076568603516,58.186832427978516,-43.52820587,-55.02958298,-57.05958557,7.321383953094482,19.133678436279297,2.789719581604004,0.9627898335456848,0.9239030480384827,0.9806271195411682,5.689602851867676,5.388040542602539,4.524402618408203
1.6,0,103.16463470458984,128.2574920654297,118.77607727050781,202.03578186035156,202.00335693359375,200.37620544433594,0.43823638558387756,0.4643945097923279,0.4898867905139923,45.21049499511719,59.562076568603516,58.186832427978516,-43.52820587,-55.02958298,-57.05958557,7.321383953094482,19.133678436279297,2.789719581604004,0.9627898335456848,0.9239030480384827,0.9806271195411682,5.689602851867676,5.388040542602539,4.524402618408203
1.65,0,103.16463470458984,128.2574920654297,118.77607727050781,202.03578186035156,202.00335693359375,200.37620544433594,0.43823638558387756,0.4643945097923279,0.4898867905139923,45.21049499511719,59.562076568603516,58.186832427978516,-43.52820587,-55.02958298,-57.05958557,7.321383953094482,19.133678436279297,2.789719581604004,0.9627898335456848,0.9239030480384827,0.9806271195411682,5.689602851867676,5.388040542602539,4.524402618408203
1.7,0,103.16463470458984,128.2574920654297,118.77607727050781,202.03578186035156,202.00335693359375,200.37620544433594,0.43823638558387756,0.4643945097923279,0.4898867905139923,45.21049499511719,59.562076568603516,58.186832427978516,-43.52820587,-55.02958298,-57.05958557,7.321383953094482,19.133678436279297,2.789719581604004,0.9627898335456848,0.9239030480384827,0.9806271195411682,5.689602851867676,5.388040542602539,4.524402618408203
1.75,0,103.15990447998047,128.3981934,118.83269500732422,202.1846160888672,202.13131713867188,200.4337615966797,0.44355788826942444,0.4705282151699066,0.4961702227592468,45.757389068603516,60.414974212646484,58.961246490478516,-44.18907928,-55.98906326,-57.95079041,7.263547420501709,19.220705032348633,2.5335559844970703,0.9657255411148071,0.9267414808273315,0.9828623533248901,5.762476444244385,5.399461269378662,4.415543556213379
1.8,0,103.15990447998047,128.3981934,118.83269500732422,202.1846160888672,202.13131713867188,200.4337615966797,0.44355788826942444,0.4705282151699066,0.4961702227592468,45.757389068603516,60.414974212646484,58.961246490478516,-44.18907928,-55.98906326,-57.95079041,7.263547420501709,19.220705032348633,2.5335559844970703,0.9657255411148071,0.9267414808273315,0.9828623533248901,5.762476444244385,5.399461269378662,4.415543556213379
1.85,0,103.15990447998047,128.3981934,118.83269500732422,202.1846160888672,202.13131713867188,200.4337615966797,0.44355788826942444,0.4705282151699066,0.4961702227592468,45.757389068603516,60.414974212646484,58.961246490478516,-44.18907928,-55.98906326,-57.95079041,7.263547420501709,19.220705032348633,2.5335559844970703,0.9657255411148071,0.9267414808273315,0.9828623533248901,5.762476444244385,5.399461269378662,4.415543556213379
1.9,0,103.15990447998047,128.3981934,118.83269500732422,202.1846160888672,202.13131713867188,200.4337615966797,0.44355788826942444,0.4705282151699066,0.4961702227592468,45.757389068603516,60.414974212646484,58.961246490478516,-44.18907928,-55.98906326,-57.95079041,7.263547420501709,19.220705032348633,2.5335559844970703,0.9657255411148071,0.9267414808273315,0.9828623533248901,5.762476444244385,5.399461269378662,4.415543556213379
1.95,0,103.04926300048828,128.35089111328125,118.70001983642578,202.0460205078125,202.02833557128906,200.18380737304688,0.4331571161746979,0.45867425203323364,0.48674681782722473,44.63652038574219,58.87125015258789,57.77685547,-43.03387833,-54.24777985,-56.64978027,6.878820419311523,18.940784454345703,2.6947147846221924,0.9640957117080688,0.921464741,0.9804925918579102,5.748443603515625,5.494439601898193,4.357347011566162
2,0,103.04926300048828,128.35089111328125,118.70001983642578,202.0460205078125,202.02833557128906,200.18380737304688,0.4331571161746979,0.45867425203323364,0.48674681782722473,44.63652038574219,58.87125015258789,57.77685547,-43.03387833,-54.24777985,-56.64978027,6.878820419311523,18.940784454345703,2.6947147846221924,0.9640957117080688,0.921464741,0.9804925918579102,5.748443603515625,5.494439601898193,4.357347011566162
2.05,0,103.04926300048828,128.35089111328125,118.70001983642578,202.0460205078125,202.02833557128906,200.18380737304688,0.4331571161746979,0.45867425203323364,0.48674681782722473,44.63652038574219,58.87125015258789,57.77685547,-43.03387833,-54.24777985,-56.64978027,6.878820419311523,18.940784454345703,2.6947147846221924,0.9640957117080688,0.921464741,0.9804925918579102,5.748443603515625,5.494439601898193,4.357347011566162
2.1,0,103.04926300048828,128.35089111328125,118.70001983642578,202.0460205078125,202.02833557128906,200.18380737304688,0.4331571161746979,0.45867425203323364,0.48674681782722473,44.63652038574219,58.87125015258789,57.77685547,-43.03387833,-54.24777985,-56.64978027,6.878820419311523,18.940784454345703,2.6947147846221924,0.9640957117080688,0.921464741,0.9804925918579102,5.748443603515625,5.494439601898193,4.357347011566162
2.15,0,103.11489868164062,128.4495849609375,118.7703628540039,202.15647888183594,202.17059326171875,200.31971740722656,0.4471907615661621,0.4725453853607178,0.5020008087158203,46.112030029296875,60.69825744628906,59.62281799316406,-44.51741791,-56.10776138,-58.57355881,7.200774192810059,19.555944442749023,2.8412115573883057,0.9654187560081482,0.9243718385696411,0.9824017286300659,5.671745300292969,5.479590416,4.478667736053467
2.2,0,103.11489868164062,128.4495849609375,118.7703628540039,202.15647888183594,202.17059326171875,200.31971740722656,0.4471907615661621,0.4725453853607178,0.5020008087158203,46.112030029296875,60.69825744628906,59.62281799316406,-44.51741791,-56.10776138,-58.57355881,7.200774192810059,19.555944442749023,2.8412115573883057,0.9654187560081482,0.9243718385696411,0.9824017286300659,5.671745300292969,5.479590416,4.478667736053467
2.25,0,103.11489868164062,128.4495849609375,118.7703628540039,202.15647888183594,202.17059326171875,200.31971740722656,0.4471907615661621,0.4725453853607178,0.5020008087158203,46.112030029296875,60.69825744628906,59.62281799316406,-44.51741791,-56.10776138,-58.57355881,7.200774192810059,19.555944442749023,2.8412115573883057,0.9654187560081482,0.9243718385696411,0.9824017286300659,5.671745300292969,5.479590416,4.478667736053467
2.3,0,103.11489868164062,128.4495849609375,118.7703628540039,202.15647888183594,202.17059326171875,200.31971740722656,0.4471907615661621,0.4725453853607178,0.5020008087158203,46.112030029296875,60.69825744628906,59.62281799316406,-44.51741791,-56.10776138,-58.57355881,7.200774192810059,19.555944442749023,2.8412115573883057,0.9654187560081482,0.9243718385696411,0.9824017286300659,5.671745300292969,5.479590416,4.478667736053467
2.35,0,103.08628845214844,128.3084716796875,118.65493774414062,202.0158691,201.99964904785156,200.1509246826172,0.430352122,0.45797258615493774,0.4850059151649475,44.36340332,58.76176071166992,57.54834747314453,-42.86746216,-54.51093674,-56.53754044,6.423676968,18.408967971801758,1.8617115020751953,0.9662798643112183,0.9276600480079651,0.9824355244636536,5.714986324310303,5.4678449630737305,4.630000114440918
2.4,0,103.08628845214844,128.3084716796875,118.65493774414062,202.0158691,201.99964904785156,200.1509246826172,0.430352122,0.45797258615493774,0.4850059151649475,44.36340332,58.76176071166992,57.54834747314453,-42.86746216,-54.51093674,-56.53754044,6.423676968,18.408967971801758,1.8617115020751953,0.9662798643112183,0.9276600480079651,0.9824355244636536,5.714986324310303,5.4678449630737305,4.630000114440918
2.45,0,103.08628845214844,128.3084716796875,118.65493774414062,202.0158691,201.99964904785156,200.1509246826172,0.430352122,0.45797258615493774,0.4850059151649475,44.36340332,58.76176071166992,57.54834747314453,-42.86746216,-54.51093674,-56.53754044,6.423676968,18.408967971801758,1.8617115020751953,0.9662798643112183,0.9276600480079651,0.9824355244636536,5.714986324310303,5.4678449630737305,4.630000114440918
2.5,0,103.08628845214844,128.3084716796875,118.65493774414062,202.0158691,201.99964904785156,200.1509246826172,0.430352122,0.45797258615493774,0.4850059151649475,44.36340332,58.76176071166992,57.54834747314453,-42.86746216,-54.51093674,-56.53754044,6.423676968,18.408967971801758,1.8617115020751953,0.9662798643112183,0.9276600480079651,0.9824355244636536,5.714986324310303,5.4678449630737305,4.630000114440918
2.55,0,103.14965057373047,128.2487335205078,118.75650024414062,202.03628540039062,201.93283081054688,200.35943603515625,0.4462473690509796,0.472802997,0.4970236122608185,46.03026199,60.63638687133789,59.024784088134766,-44.38158417,-56.11299133,-57.99341202,8.022199630737305,19.86808204650879,3.346859931945801,0.9641827344894409,0.9254013299942017,0.9825264811515808,5.644721031188965,5.362232208251953,4.588290691375732
2.6,0,103.14965057373047,128.2487335205078,118.75650024414062,202.03628540039062,201.93283081054688,200.35943603515625,0.4462473690509796,0.472802997,0.4970236122608185,46.03026199,60.63638687133789,59.024784088134766,-44.38158417,-56.11299133,-57.99341202,8.022199630737305,19.86808204650879,3.346859931945801,0.9641827344894409,0.9254013299942017,0.9825264811515808,5.644721031188965,5.362232208251953,4.588290691375732
2.65,0,103.14965057373047,128.2487335205078,118.75650024414062,202.03628540039062,201.93283081054688,200.35943603515625,0.4462473690509796,0.472802997,0.4970236122608185,46.03026199,60.63638687133789,59.024784088134766,-44.38158417,-56.11299133,-57.99341202,8.022199630737305,19.86808204650879,3.346859931945801,0.9641827344894409,0.9254013299942017,0.9825264811515808,5.644721031188965,5.362232208251953,4.588290691375732
2.7,0,103.14965057373047,128.2487335205078,118.75650024414062,202.03628540039062,201.93283081054688,200.35943603515625,0.4462473690509796,0.472802997,0.4970236122608185,46.03026199,60.63638687133789,59.024784088134766,-44.38158417,-56.11299133,-57.99341202,8.022199630737305,19.86808204650879,3.346859931945801,0.9641827344894409,0.9254013299942017,0.9825264811515808,5.644721031188965,5.362232208251953,4.588290691375732
2.75,0,103.05461120605469,128.230957,118.7160415649414,201.93014526367188,201.859375,200.27261352539062,0.44052067399024963,0.46606865525245667,0.4901439845561981,45.39768600463867,59.76443099975586,58.18795394897461,-43.84256744,-55.58004761,-57.07261658,6.7125654220581055,18.084070205688477,1.8050369024276733,0.9657445549964905,0.9299854040145874,0.9808321595191956,5.627074718475342,5.355146884918213,4.438231945037842
2.8,0,103.05461120605469,128.230957,118.7160415649414,201.93014526367188,201.859375,200.27261352539062,0.44052067399024963,0.46606865525245667,0.4901439845561981,45.39768600463867,59.76443099975586,58.18795394897461,-43.84256744,-55.58004761,-57.07261658,6.7125654220581055,18.084070205688477,1.8050369024276733,0.9657445549964905,0.9299854040145874,0.9808321595191956,5.627074718475342,5.355146884918213,4.438231945037842
2.85,0,103.05461120605469,128.230957,118.7160415649414,201.93014526367188,201.859375,200.27261352539062,0.44052067399024963,0.46606865525245667,0.4901439845561981,45.39768600463867,59.76443099975586,58.18795394897461,-43.84256744,-55.58004761,-57.07261658,6.7125654220581055,18.084070205688477,1.8050369024276733,0.9657445549964905,0.9299854040145874,0.9808321595191956,5.627074718475342,5.355146884918213,4.438231945037842
2.9,0,103.05461120605469,128.230957,118.7160415649414,201.93014526367188,201.859375,200.27261352539062,0.44052067399024963,0.46606865525245667,0.4901439845561981,45.39768600463867,59.76443099975586,58.18795394897461,-43.84256744,-55.58004761,-57.07261658,6.7125654220581055,18.084070205688477,1.8050369024276733,0.9657445549964905,0.9299854040145874,0.9808321595191956,5.627074718475342,5.355146884918213,4.438231945037842
2.95,0,103.01734924316406,128.3442840576172,118.72193145751953,202.0160675048828,202.0177764892578,200.1873779296875,0.43907538056373596,0.46306416392326355,0.4911655783653259,45.232383728027344,59.431636810302734,58.31212615966797,-43.582901,-54.78379059,-57.21327209,7.348556995391846,19.404788970947266,3.2224905490875244,0.9635331630706787,0.9217950701713562,0.9811556339263916,5.756860733032227,5.532792091369629,4.367461681365967
3,0,103.01734924316406,128.3442840576172,118.72193145751953,202.0160675048828,202.0177764892578,200.1873779296875,0.43907538056373596,0.46306416392326355,0.4911655783653259,45.232383728027344,59.431636810302734,58.31212615966797,-43.582901,-54.78379059,-57.21327209,7.348556995391846,19.404788970947266,3.2224905490875244,0.9635331630706787,0.9217950701713562,0.9811556339263916,5.756860733032227,5.532792091369629,4.367461681365967
3.05,0,103.01734924316406,128.3442840576172,118.72193145751953,202.0160675048828,202.0177764892578,200.1873779296875,0.43907538056373596,0.46306416392326355,0.4911655783653259,45.232383728027344,59.431636810302734,58.31212615966797,-43.582901,-54.78379059,-57.21327209,7.348556995391846,19.404788970947266,3.2224905490875244,0.9635331630706787,0.9217950701713562,0.9811556339263916,5.756860733032227,5.532792091369629,4.367461681365967
3.1,0,103.01734924316406,128.3442840576172,118.72193145751953,202.0160675048828,202.0177764892578,200.1873779296875,0.43907538056373596,0.46306416392326355,0.4911655783653259,45.232383728027344,59.431636810302734,58.31212615966797,-43.582901,-54.78379059,-57.21327209,7.348556995391846,19.404788970947266,3.2224905490875244,0.9635331630706787,0.9217950701713562,0.9811556339263916,5.756860733032227,5.532792091369629,4.367461681365967
3.15,0,103.0784683227539,128.41885375976562,118.73955535888672,202.08810424804688,202.16049194335938,200.24005126953125,0.43885335326194763,0.46514350175857544,0.4928317666053772,45.236331939697266,59.73319625854492,58.51862335205078,-43.6913681,-55.41000748,-57.49562073,6.577065944671631,18.602920532226562,2.0172293186187744,0.965846837,0.9276250004768372,0.9825183153152466,5.694101810455322,5.587080955505371,4.465846061706543
3.2,0,103.0784683227539,128.41885375976562,118.73955535888672,202.08810424804688,202.16049194335938,200.24005126953125,0.43885335326194763,0.46514350175857544,0.4928317666053772,45.236331939697266,59.73319625854492,58.51862335205078,-43.6913681,-55.41000748,-57.49562073,6.577065944671631,18.602920532226562,2.0172293186187744,0.965846837,0.9276250004768372,0.9825183153152466,5.694101810455322,5.587080955505371,4.465846061706543
3.25,0,103.0784683227539,128.41885375976562,118.73955535888672,202.08810424804688,202.16049194335938,200.24005126953125,0.43885335326194763,0.46514350175857544,0.4928317666053772,45.236331939697266,59.73319625854492,58.51862335205078,-43.6913681,-55.41000748,-57.49562073,6.577065944671631,18.602920532226562,2.0172293186187744,0.965846837,0.9276250004768372,0.9825183153152466,5.694101810455322,5.587080955505371,4.465846061706543
3.3,0,103.0784683227539,128.41885375976562,118.73955535888672,202.08810424804688,202.16049194335938,200.24005126953125,0.43885335326194763,0.46514350175857544,0.4928317666053772,45.236331939697266,59.73319625854492,58.51862335205078,-43.6913681,-55.41000748,-57.49562073,6.577065944671631,18.602920532226562,2.0172293186187744,0.965846837,0.9276250004768372,0.9825183153152466,5.694101810455322,5.587080955505371,4.465846061706543
3.35,0,103.1172103881836,128.35618591308594,118.73877716064453,202.0769500732422,202.11676025390625,200.25442504882812,0.4366690516471863,0.46087116,0.49043598771095276,45.02809524536133,59.155662536621094,58.233768463134766,-43.47811127,-54.73578262,-57.1485405,6.625732422,18.697851181030273,2.460676431655884,0.9655774235725403,0.9252839088439941,0.9813643097877502,5.767623424530029,5.567572116851807,4.676996708
3.4,0,103.1172103881836,128.35618591308594,118.73877716064453,202.0769500732422,202.11676025390625,200.25442504882812,0.4366690516471863,0.46087116,0.49043598771095276,45.02809524536133,59.155662536621094,58.233768463134766,-43.47811127,-54.73578262,-57.1485405,6.625732422,18.697851181030273,2.460676431655884,0.9655774235725403,0.9252839088439941,0.9813643097877502,5.767623424530029,5.567572116851807,4.676996708
3.45,0,103.1172103881836,128.35618591308594,118.73877716064453,202.0769500732422,202.11676025390625,200.25442504882812,0.4366690516471863,0.46087116,0.49043598771095276,45.02809524536133,59.155662536621094,58.233768463134766,-43.47811127,-54.73578262,-57.1485405,6.625732422,18.697851181030273,2.460676431655884,0.9655774235725403,0.9252839088439941,0.9813643097877502,5.767623424530029,5.567572116851807,4.676996708
3.5,0,103.1172103881836,128.35618591308594,118.73877716064453,202.0769500732422,202.11676025390625,200.25442504882812,0.4366690516471863,0.46087116,0.49043598771095276,45.02809524536133,59.155662536621094,58.233768463134766,-43.47811127,-54.73578262,-57.1485405,6.625732422,18.697851181030273,2.460676431655884,0.9655774235725403,0.9252839088439941,0.9813643097877502,5.767623424530029,5.567572116851807,4.676996708
3.55,0,103.14861297607422,128.3366699,118.78140258789062,202.08294677734375,202.0968780517578,200.35736083984375,0.4415070116519928,0.470087469,0.49442005157470703,45.540836334228516,60.32946014404297,58.727909088134766,-43.88412094,-55.79299927,-57.67858124,7.794196128845215,19.77956771850586,3.0528249740600586,0.9636213183403015,0.924805224,0.9821323752403259,5.733393669128418,5.459352970123291,4.606979846954346
3.6,0,103.14861297607422,128.3366699,118.78140258789062,202.08294677734375,202.0968780517578,200.35736083984375,0.4415070116519928,0.470087469,0.49442005157470703,45.540836334228516,60.32946014404297,58.727909088134766,-43.88412094,-55.79299927,-57.67858124,7.794196128845215,19.77956771850586,3.0528249740600586,0.9636213183403015,0.924805224,0.9821323752403259,5.733393669128418,5.459352970123291,4.606979846954346
3.65,0,103.14861297607422,128.3366699,118.78140258789062,202.08294677734375,202.0968780517578,200.35736083984375,0.4415070116519928,0.470087469,0.49442005157470703,45.540836334228516,60.32946014404297,58.727909088134766,-43.88412094,-55.79299927,-57.67858124,7.794196128845215,19.77956771850586,3.0528249740600586,0.9636213183403015,0.924805224,0.9821323752403259,5.733393669128418,5.459352970123291,4.606979846954346
3.7,0,103.14861297607422,128.3366699,118.78140258789062,202.08294677734375,202.0968780517578,200.35736083984375,0.4415070116519928,0.470087469,0.49442005157470703,45.540836334228516,60.32946014404297,58.727909088134766,-43.88412094,-55.79299927,-57.67858124,7.794196128845215,19.77956771850586,3.0528249740600586,0.9636213183403015,0.924805224,0.9821323752403259,5.733393669128418,5.459352970123291,4.606979846954346
3.75,0,103.12071228027344,128.3530273,118.72428894042969,202.0866699,202.02584838867188,200.29798889160156,0.4391735792160034,0.46416571736335754,0.48952800035476685,45.28789138793945,59.57707595825195,58.11886215209961,-43.72219467,-55.3283844,-57.05384445,6.651352405548096,18.20763397216797,1.9542418718338013,0.9654279351234436,0.9286857843399048,0.9816752076148987,5.669589519500732,5.526978969573975,4.453978538513184
3.8,0,103.12071228027344,128.3530273,118.72428894042969,202.0866699,202.02584838867188,200.29798889160156,0.4391735792160034,0.46416571736335754,0.48952800035476685,45.28789138793945,59.57707595825195,58.11886215209961,-43.72219467,-55.3283844,-57.05384445,6.651352405548096,18.20763397216797,1.9542418718338013,0.9654279351234436,0.9286857843399048,0.9816752076148987,5.669589519500732,5.526978969573975,4.453978538513184
3.85,0,103.12071228027344,128.3530273,118.72428894042969,202.0866699,202.02584838867188,200.29798889160156,0.4391735792160034,0.46416571736335754,0.48952800035476685,45.28789138793945,59.57707595825195,58.11886215209961,-43.72219467,-55.3283844,-57.05384445,6.651352405548096,18.20763397216797,1.9542418718338013,0.9654279351234436,0.9286857843399048,0.9816752076148987,5.669589519500732,5.526978969573975,4.453978538513184
3.9,0,103.12071228027344,128.3530273,118.72428894042969,202.0866699,202.02584838867188,200.29798889160156,0.4391735792160034,0.46416571736335754,0.48952800035476685,45.28789138793945,59.57707595825195,58.11886215209961,-43.72219467,-55.3283844,-57.05384445,6.651352405548096,18.20763397216797,1.9542418718338013,0.9654279351234436,0.9286857843399048,0.9816752076148987,5.669589519500732,5.526978969573975,4.453978538513184
3.95,0,103.12702941894531,128.3937988,118.79034423828125,202.1307373046875,202.16464233398438,200.3264617919922,0.44057509303092957,0.4678112268447876,0.4960213303565979,45.43519973754883,60.06406021118164,58.92254638671875,-43.78666687,-55.25239563,-57.86356354,7.744131565093994,20.20509147644043,3.555427312850952,0.9637168049812317,0.9198911190032959,0.982027531,5.877664089202881,5.521456718444824,4.6353678703308105
4,0,103.12702941894531,128.3937988,118.79034423828125,202.1307373046875,202.16464233398438,200.3264617919922,0.44057509303092957,0.4678112268447876,0.4960213303565979,45.43519973754883,60.06406021118164,58.92254638671875,-43.78666687,-55.25239563,-57.86356354,7.744131565093994,20.20509147644043,3.555427312850952,0.9637168049812317,0.9198911190032959,0.982027531,5.877664089202881,5.521456718444824,4.6353678703308105
4.05,0,103.12702941894531,128.3937988,118.79034423828125,202.1307373046875,202.16464233398438,200.3264617919922,0.44057509303092957,0.4678112268447876,0.4960213303565979,45.43519973754883,60.06406021118164,58.92254638671875,-43.78666687,-55.25239563,-57.86356354,7.744131565093994,20.20509147644043,3.555427312850952,0.9637168049812317,0.9198911190032959,0.982027531,5.877664089202881,5.521456718444824,4.6353678703308105
4.1,0,103.12702941894531,128.3937988,118.79034423828125,202.1307373046875,202.16464233398438,200.3264617919922,0.44057509303092957,0.4678112268447876,0.4960213303565979,45.43519973754883,60.06406021118164,58.92254638671875,-43.78666687,-55.25239563,-57.86356354,7.744131565093994,20.20509147644043,3.555427312850952,0.9637168049812317,0.9198911190032959,0.982027531,5.877664089202881,5.521456718444824,4.6353678703308105
4.15,0,103.12458801269531,128.40542602539062,118.75019073486328,202.13290405273438,202.14100646972656,200.2933349609375,0.4397304058074951,0.46294575929641724,0.49391651153564453,45.347015380859375,59.44474792480469,58.652679443359375,-43.81952286,-55.07460785,-57.55792999,6.278420448303223,18.40305519104004,2.081923246383667,0.966315508,0.9264839887619019,0.9813350439071655,5.741764068603516,5.524352550506592,4.487786769866943
4.2,0,103.12458801269531,128.40542602539062,118.75019073486328,202.13290405273438,202.14100646972656,200.2933349609375,0.4397304058074951,0.46294575929641724,0.49391651153564453,45.347015380859375,59.44474792480469,58.652679443359375,-43.81952286,-55.07460785,-57.55792999,6.278420448303223,18.40305519104004,2.081923246383667,0.966315508,0.9264839887619019,0.9813350439071655,5.741764068603516,5.524352550506592,4.487786769866943
4.25,0,103.12458801269531,128.40542602539062,118.75019073486328,202.13290405273438,202.14100646972656,200.2933349609375,0.4397304058074951,0.46294575929641724,0.49391651153564453,45.347015380859375,59.44474792480469,58.652679443359375,-43.81952286,-55.07460785,-57.55792999,6.278420448303223,18.40305519104004,2.081923246383667,0.966315508,0.9264839887619019,0.9813350439071655,5.741764068603516,5.524352550506592,4.487786769866943
4.3,0,103.12458801269531,128.40542602539062,118.75019073486328,202.13290405273438,202.14100646972656,200.2933349609375,0.4397304058074951,0.46294575929641724,0.49391651153564453,45.347015380859375,59.44474792480469,58.652679443359375,-43.81952286,-55.07460785,-57.55792999,6.278420448303223,18.40305519104004,2.081923246383667,0.966315508,0.9264839887619019,0.9813350439071655,5.741764068603516,5.524352550506592,4.487786769866943
4.35,0,103.11809539794922,128.38999938964844,118.79170227050781,202.11648559570312,202.14859008789062,200.33343505859375,0.4389481544494629,0.46571606397628784,0.49406805634498596,45.26349639892578,59.79328536987305,58.691184997558594,-43.63956451,-55.21734238,-57.61180878,7.260379314422607,19.56399917602539,2.9076383113861084,0.9641227126121521,0.9234706163406372,0.9816092252731323,5.863711833953857,5.4958086013793945,4.614007949829102
4.4,0,103.11809539794922,128.38999938964844,118.79170227050781,202.11648559570312,202.14859008789062,200.33343505859375,0.4389481544494629,0.46571606397628784,0.49406805634498596,45.26349639892578,59.79328536987305,58.691184997558594,-43.63956451,-55.21734238,-57.61180878,7.260379314422607,19.56399917602539,2.9076383113861084,0.9641227126121521,0.9234706163406372,0.9816092252731323,5.863711833953857,5.4958086013793945,4.614007949829102
4.45,0,103.11809539794922,128.38999938964844,118.79170227050781,202.11648559570312,202.14859008789062,200.33343505859375,0.4389481544494629,0.46571606397628784,0.49406805634498596,45.26349639892578,59.79328536987305,58.691184997558594,-43.63956451,-55.21734238,-57.61180878,7.260379314422607,19.56399917602539,2.9076383113861084,0.9641227126121521,0.9234706163406372,0.9816092252731323,5.863711833953857,5.4958086013793945,4.614007949829102
4.5,0,103.11809539794922,128.38999938964844,118.79170227050781,202.11648559570312,202.14859008789062,200.33343505859375,0.4389481544494629,0.46571606397628784,0.49406805634498596,45.26349639892578,59.79328536987305,58.691184997558594,-43.63956451,-55.21734238,-57.61180878,7.260379314422607,19.56399917602539,2.9076383113861084,0.9641227126121521,0.9234706163406372,0.9816092252731323,5.863711833953857,5.4958086013793945,4.614007949829102
4.55,0,103.14583587646484,128.36929321289062,118.74302673339844,202.11448669433594,202.0612030029297,200.3367156982422,0.44048985838890076,0.4646904766559601,0.49049070477485657,45.434696197509766,59.65198898,58.24235153198242,-43.79701996,-55.32252502,-57.16120911,6.929852009,18.549591064453125,2.332094669342041,0.9639554023742676,0.9274212718009949,0.9814372062683105,5.649019718170166,5.523978233337402,4.4666547775268555
4.6,0,103.14583587646484,128.36929321289062,118.74302673339844,202.11448669433594,202.0612030029297,200.3367156982422,0.44048985838890076,0.4646904766559601,0.49049070477485657,45.434696197509766,59.65198898,58.24235153198242,-43.79701996,-55.32252502,-57.16120911,6.929852009,18.549591064453125,2.332094669342041,0.9639554023742676,0.9274212718009949,0.9814372062683105,5.649019718170166,5.523978233337402,4.4666547775268555
4.65,0,103.14583587646484,128.36929321289062,118.74302673339844,202.11448669433594,202.0612030029297,200.3367156982422,0.44048985838890076,0.4646904766559601,0.49049070477485657,45.434696197509766,59.65198898,58.24235153198242,-43.79701996,-55.32252502,-57.16120911,6.929852009,18.549591064453125,2.332094669342041,0.9639554023742676,0.9274212718009949,0.9814372062683105,5.649019718170166,5.523978233337402,4.4666547775268555
4.7,0,103.14583587646484,128.36929321289062,118.74302673339844,202.11448669433594,202.0612030029297,200.3367156982422,0.44048985838890076,0.4646904766559601,0.49049070477485657,45.434696197509766,59.65198898,58.24235153198242,-43.79701996,-55.32252502,-57.16120911,6.929852009,18.549591064453125,2.332094669342041,0.9639554023742676,0.9274212718009949,0.9814372062683105,5.649019718170166,5.523978233337402,4.4666547775268555
4.75,0,103.16058349609375,128.34352111816406,118.84056854248047,202.11415100097656,202.0925750732422,200.45346069335938,0.44260433316230774,0.46521463990211487,0.49224770069122314,45.65932083129883,59.70728683,58.49899673461914,-44.12314224,-55.47789001,-57.44680405,6.790005207061768,18.37548256,2.3022139072418213,0.9663556218147278,0.929164469,0.982013464,5.710026741027832,5.474602222442627,4.582620620727539
4.8,0,103.16058349609375,128.34352111816406,118.84056854248047,202.11415100097656,202.0925750732422,200.45346069335938,0.44260433316230774,0.46521463990211487,0.49224770069122314,45.65932083129883,59.70728683,58.49899673461914,-44.12314224,-55.47789001,-57.44680405,6.790005207061768,18.37548256,2.3022139072418213,0.9663556218147278,0.929164469,0.982013464,5.710026741027832,5.474602222442627,4.582620620727539
4.85,0,103.16058349609375,128.34352111816406,118.84056854248047,202.11415100097656,202.0925750732422,200.45346069335938,0.44260433316230774,0.46521463990211487,0.49224770069122314,45.65932083129883,59.70728683,58.49899673461914,-44.12314224,-55.47789001,-57.44680405,6.790005207061768,18.37548256,2.3022139072418213,0.9663556218147278,0.929164469,0.982013464,5.710026741027832,5.474602222442627,4.582620620727539
4.9,0,103.16058349609375,128.34352111816406,118.84056854248047,202.11415100097656,202.0925750732422,200.45346069335938,0.44260433316230774,0.46521463990211487,0.49224770069122314,45.65932083129883,59.70728683,58.49899673461914,-44.12314224,-55.47789001,-57.44680405,6.790005207061768,18.37548256,2.3022139072418213,0.9663556218147278,0.929164469,0.982013464,5.710026741027832,5.474602222442627,4.582620620727539
4.95,0,103.10257720947266,128.39476013183594,118.74752807617188,202.08334350585938,202.13729858398438,200.28152465820312,0.4355102777481079,0.46144717931747437,0.4900704622268677,44.90223312,59.247398376464844,58.19465637207031,-43.31035233,-54.61168671,-57.10653687,7.172697544,19.372928619384766,3.0029892921447754,0.964547873,0.9217566847801208,0.9813020825386047,5.735815525054932,5.568636417388916,4.511773586273193
5,0,103.10257720947266,128.39476013183594,118.74752807617188,202.08334350585938,202.13729858398438,200.28152465820312,0.4355102777481079,0.46144717931747437,0.4900704622268677,44.90223312,59.247398376464844,58.19465637207031,-43.31035233,-54.61168671,-57.10653687,7.172697544,19.372928619384766,3.0029892921447754,0.964547873,0.9217566847801208,0.9813020825386047,5.735815525054932,5.568636417388916,4.511773586273193
5.05,0,103.10257720947266,128.39476013183594,118.74752807617188,202.08334350585938,202.13729858398438,200.28152465820312,0.4355102777481079,0.46144717931747437,0.4900704622268677,44.90223312,59.247398376464844,58.19465637207031,-43.31035233,-54.61168671,-57.10653687,7.172697544,19.372928619384766,3.0029892921447754,0.964547873,0.9217566847801208,0.9813020825386047,5.735815525054932,5.568636417388916,4.511773586273193
5.1,0,103.10257720947266,128.39476013183594,118.74752807617188,202.08334350585938,202.13729858398438,200.28152465820312,0.4355102777481079,0.46144717931747437,0.4900704622268677,44.90223312,59.247398376464844,58.19465637207031,-43.31035233,-54.61168671,-57.10653687,7.172697544,19.372928619384766,3.0029892921447754,0.964547873,0.9217566847801208,0.9813020825386047,5.735815525054932,5.568636417388916,4.511773586273193
5.15,0,103.18037414550781,128.42323303222656,118.8619613647461,202.2147674560547,202.2364044189453,200.4396209716797,0.4442628026008606,0.4672337770462036,0.4960732161998749,45.839202880859375,60.00367355,58.964237213134766,-44.29479599,-55.66637421,-57.88051605,6.706308364868164,18.615720748901367,2.387310028076172,0.9663081765174866,0.927716076,0.981620729,5.873956680297852,5.506481170654297,4.589939594268799
5.2,0,103.18037414550781,128.42323303222656,118.8619613647461,202.2147674560547,202.2364044189453,200.4396209716797,0.4442628026008606,0.4672337770462036,0.4960732161998749,45.839202880859375,60.00367355,58.964237213134766,-44.29479599,-55.66637421,-57.88051605,6.706308364868164,18.615720748901367,2.387310028076172,0.9663081765174866,0.927716076,0.981620729,5.873956680297852,5.506481170654297,4.589939594268799
5.25,0,103.18037414550781,128.42323303222656,118.8619613647461,202.2147674560547,202.2364044189453,200.4396209716797,0.4442628026008606,0.4672337770462036,0.4960732161998749,45.839202880859375,60.00367355,58.964237213134766,-44.29479599,-55.66637421,-57.88051605,6.706308364868164,18.615720748901367,2.387310028076172,0.9663081765174866,0.927716076,0.981620729,5.873956680297852,5.506481170654297,4.589939594268799
5.3,0,103.18037414550781,128.42323303222656,118.8619613647461,202.2147674560547,202.2364044189453,200.4396209716797,0.4442628026008606,0.4672337770462036,0.4960732161998749,45.839202880859375,60.00367355,58.964237213134766,-44.29479599,-55.66637421,-57.88051605,6.706308364868164,18.615720748901367,2.387310028076172,0.9663081765174866,0.927716076,0.981620729,5.873956680297852,5.506481170654297,4.589939594268799
5.35,0,103.07670593261719,128.39903259277344,118.72608947753906,202.07472229003906,202.1172637939453,200.2342529296875,0.4341268539428711,0.4607892334461212,0.4868448078632355,44.74836730957031,59.16489028930664,57.80118179321289,-43.14315414,-54.70254898,-56.75171661,7.085618495941162,18.98634147644043,2.6149580478668213,0.9641280174255371,0.9245778918266296,0.9818435311317444,5.760238170623779,5.5995306968688965,4.533682823181152
5.4,0,103.07670593261719,128.39903259277344,118.72608947753906,202.07472229003906,202.1172637939453,200.2342529296875,0.4341268539428711,0.4607892334461212,0.4868448078632355,44.74836730957031,59.16489028930664,57.80118179321289,-43.14315414,-54.70254898,-56.75171661,7.085618495941162,18.98634147644043,2.6149580478668213,0.9641280174255371,0.9245778918266296,0.9818435311317444,5.760238170623779,5.5995306968688965,4.533682823181152
5.45,0,103.07670593261719,128.39903259277344,118.72608947753906,202.07472229003906,202.1172637939453,200.2342529296875,0.4341268539428711,0.4607892334461212,0.4868448078632355,44.74836730957031,59.16489028930664,57.80118179321289,-43.14315414,-54.70254898,-56.75171661,7.085618495941162,18.98634147644043,2.6149580478668213,0.9641280174255371,0.9245778918266296,0.9818435311317444,5.760238170623779,5.5995306968688965,4.533682823181152
5.5,0,103.07670593261719,128.39903259277344,118.72608947753906,202.07472229003906,202.1172637939453,200.2342529296875,0.4341268539428711,0.4607892334461212,0.4868448078632355,44.74836730957031,59.16489028930664,57.80118179321289,-43.14315414,-54.70254898,-56.75171661,7.085618495941162,18.98634147644043,2.6149580478668213,0.9641280174255371,0.9245778918266296,0.9818435311317444,5.760238170623779,5.5995306968688965,4.533682823181152
5.55,0,103.16739654541016,128.27969360351562,118.82504272460938,202.05409240722656,202.03875732421875,200.4467773,0.4425443112850189,0.46690186858177185,0.49188297986984253,45.65614318847656,59.89402770996094,58.44801712036133,-44.07254028,-55.63149643,-57.38131332,7.113720417022705,18.594388961791992,2.410888910293579,0.9653145670890808,0.9288321137428284,0.9817495346069336,5.699616909,5.480301380157471,4.577779293060303
5.6,0,103.16739654541016,128.27969360351562,118.82504272460938,202.05409240722656,202.03875732421875,200.4467773,0.4425443112850189,0.46690186858177185,0.49188297986984253,45.65614318847656,59.89402770996094,58.44801712036133,-44.07254028,-55.63149643,-57.38131332,7.113720417022705,18.594388961791992,2.410888910293579,0.9653145670890808,0.9288321137428284,0.9817495346069336,5.699616909,5.480301380157471,4.577779293060303
5.65,0,103.16739654541016,128.27969360351562,118.82504272460938,202.05409240722656,202.03875732421875,200.4467773,0.4425443112850189,0.46690186858177185,0.49188297986984253,45.65614318847656,59.89402770996094,58.44801712036133,-44.07254028,-55.63149643,-57.38131332,7.113720417022705,18.594388961791992,2.410888910293579,0.9653145670890808,0.9288321137428284,0.9817495346069336,5.699616909,5.480301380157471,4.577779293060303
5.7,0,103.16739654541016,128.27969360351562,118.82504272460938,202.05409240722656,202.03875732421875,200.4467773,0.4425443112850189,0.46690186858177185,0.49188297986984253,45.65614318847656,59.89402770996094,58.44801712036133,-44.07254028,-55.63149643,-57.38131332,7.113720417022705,18.594388961791992,2.410888910293579,0.9653145670890808,0.9288321137428284,0.9817495346069336,5.699616909,5.480301380157471,4.577779293060303
5.75,0,103.11304473876953,128.34442138671875,118.73735809326172,202.0302276611328,202.03929138183594,200.32669067382812,0.4374224841594696,0.46602460741996765,0.4894123673439026,45.103965759277344,59.81165695,58.11153030395508,-43.58068085,-55.53619003,-57.12511063,7.155273438,18.81308364868164,2.2045109272003174,0.9662272334098816,0.9285178184509277,0.9830254316329956,5.625126838684082,5.550624847412109,4.539029121398926
5.8,0,103.11304473876953,128.34442138671875,118.73735809326172,202.0302276611328,202.03929138183594,200.32669067382812,0.4374224841594696,0.46602460741996765,0.4894123673439026,45.103965759277344,59.81165695,58.11153030395508,-43.58068085,-55.53619003,-57.12511063,7.155273438,18.81308364868164,2.2045109272003174,0.9662272334098816,0.9285178184509277,0.9830254316329956,5.625126838684082,5.550624847412109,4.539029121398926
5.85,0,103.11304473876953,128.34442138671875,118.73735809326172,202.0302276611328,202.03929138183594,200.32669067382812,0.4374224841594696,0.46602460741996765,0.4894123673439026,45.103965759277344,59.81165695,58.11153030395508,-43.58068085,-55.53619003,-57.12511063,7.155273438,18.81308364868164,2.2045109272003174,0.9662272334098816,0.9285178184509277,0.9830254316329956,5.625126838684082,5.550624847412109,4.539029121398926
5.9,0,103.11304473876953,128.34442138671875,118.73735809326172,202.0302276611328,202.03929138183594,200.32669067382812,0.4374224841594696,0.46602460741996765,0.4894123673439026,45.103965759277344,59.81165695,58.11153030395508,-43.58068085,-55.53619003,-57.12511063,7.155273438,18.81308364868164,2.2045109272003174,0.9662272334098816,0.9285178184509277,0.9830254316329956,5.625126838684082,5.550624847412109,4.539029121398926
5.95,0,103.12303924560547,128.35357666015625,118.79112243652344,202.10435485839844,202.1199951171875,200.32598876953125,0.43872150778770447,0.46191340684890747,0.4903540313243866,45.24229431152344,59.288238525390625,58.24970626831055,-43.59883881,-54.77132416,-57.09788895,7.024093151092529,18.93517494,2.8646156787872314,0.9636743664741516,0.9238143563270569,0.9802262187004089,5.878349781036377,5.525696754455566,4.569403171539307
6,0,103.12303924560547,128.35357666015625,118.79112243652344,202.10435485839844,202.1199951171875,200.32598876953125,0.43872150778770447,0.46191340684890747,0.4903540313243866,45.24229431152344,59.288238525390625,58.24970626831055,-43.59883881,-54.77132416,-57.09788895,7.024093151092529,18.93517494,2.8646156787872314,0.9636743664741516,0.9238143563270569,0.9802262187004089,5.878349781036377,5.525696754455566,4.569403171539307
6.05,0,103.12303924560547,128.35357666015625,118.79112243652344,202.10435485839844,202.1199951171875,200.32598876953125,0.43872150778770447,0.46191340684890747,0.4903540313243866,45.24229431152344,59.288238525390625,58.24970626831055,-43.59883881,-54.77132416,-57.09788895,7.024093151092529,18.93517494,2.8646156787872314,0.9636743664741516,0.9238143563270569,0.9802262187004089,5.878349781036377,5.525696754455566,4.569403171539307
6.1,0,103.12303924560547,128.35357666015625,118.79112243652344,202.10435485839844,202.1199951171875,200.32598876953125,0.43872150778770447,0.46191340684890747,0.4903540313243866,45.24229431152344,59.288238525390625,58.24970626831055,-43.59883881,-54.77132416,-57.09788895,7.024093151092529,18.93517494,2.8646156787872314,0.9636743664741516,0.9238143563270569,0.9802262187004089,5.878349781036377,5.525696754455566,4.569403171539307
6.15,0,103.15948486328125,128.4816131591797,118.82067108154297,202.2055664,202.2840576171875,200.38861083984375,0.44395071268081665,0.46885979175567627,0.4976164400577545,45.797725677490234,60.23986053466797,59.12712097167969,-44.27594376,-55.79326248,-58.15390778,7.098149776,19.275020599365234,2.782231092453003,0.966771662,0.926185131,0.9835402965545654,5.758596897125244,5.637394428253174,4.536761283874512
6.2,0,103.15948486328125,128.4816131591797,118.82067108154297,202.2055664,202.2840576171875,200.38861083984375,0.44395071268081665,0.46885979175567627,0.4976164400577545,45.797725677490234,60.23986053466797,59.12712097167969,-44.27594376,-55.79326248,-58.15390778,7.098149776,19.275020599365234,2.782231092453003,0.966771662,0.926185131,0.9835402965545654,5.758596897125244,5.637394428253174,4.536761283874512
6.25,0,103.15948486328125,128.4816131591797,118.82067108154297,202.2055664,202.2840576171875,200.38861083984375,0.44395071268081665,0.46885979175567627,0.4976164400577545,45.797725677490234,60.23986053466797,59.12712097167969,-44.27594376,-55.79326248,-58.15390778,7.098149776,19.275020599365234,2.782231092453003,0.966771662,0.926185131,0.9835402965545654,5.758596897125244,5.637394428253174,4.536761283874512
6.3,0,103.15948486328125,128.4816131591797,118.82067108154297,202.2055664,202.2840576171875,200.38861083984375,0.44395071268081665,0.46885979175567627,0.4976164400577545,45.797725677490234,60.23986053466797,59.12712097167969,-44.27594376,-55.79326248,-58.15390778,7.098149776,19.275020599365234,2.782231092453003,0.966771662,0.926185131,0.9835402965545654,5.758596897125244,5.637394428253174,4.536761283874512
6.35,0,103.13114929199219,128.36093139648438,118.79393005371094,202.1175537109375,202.13352966308594,200.3332977294922,0.43298572301864624,0.45816370844841003,0.4873761236667633,44.65431594848633,58.81032180786133,57.89732360839844,-43.01556778,-54.23031616,-56.72304916,6.706882476806641,18.847431182861328,2.5457167625427246,0.9633014798164368,0.9221224188804626,0.9797179698944092,5.873163223266602,5.561005115509033,4.585064411
6.4,0,103.13114929199219,128.36093139648438,118.79393005371094,202.1175537109375,202.13352966308594,200.3332977294922,0.43298572301864624,0.45816370844841003,0.4873761236667633,44.65431594848633,58.81032180786133,57.89732360839844,-43.01556778,-54.23031616,-56.72304916,6.706882476806641,18.847431182861328,2.5457167625427246,0.9633014798164368,0.9221224188804626,0.9797179698944092,5.873163223266602,5.561005115509033,4.585064411
6.45,0,103.13114929199219,128.36093139648438,118.79393005371094,202.1175537109375,202.13352966308594,200.3332977294922,0.43298572301864624,0.45816370844841003,0.4873761236667633,44.65431594848633,58.81032180786133,57.89732360839844,-43.01556778,-54.23031616,-56.72304916,6.706882476806641,18.847431182861328,2.5457167625427246,0.9633014798164368,0.9221224188804626,0.9797179698944092,5.873163223266602,5.561005115509033,4.585064411
6.5,0,103.13114929199219,128.36093139648438,118.79393005371094,202.1175537109375,202.13352966308594,200.3332977294922,0.43298572301864624,0.45816370844841003,0.4873761236667633,44.65431594848633,58.81032180786133,57.89732360839844,-43.01556778,-54.23031616,-56.72304916,6.706882476806641,18.847431182861328,2.5457167625427246,0.9633014798164368,0.9221224188804626,0.9797179698944092,5.873163223266602,5.561005115509033,4.585064411
6.55,0,103.20124816894531,128.41714477539062,118.83514404296875,202.17152404785156,202.17022705078125,200.49661254882812,0.44786423444747925,0.47179481387138367,0.4976145327091217,46.22014617919922,60.586544036865234,59.13409423828125,-44.63095856,-56.18058777,-58.08200836,7.466749668121338,19.128986358642578,2.8808798789978027,0.9656170010566711,0.9272782802581787,0.9822084903717041,5.642393112182617,5.571737289428711,4.565007209777832
6.6,0,103.20124816894531,128.41714477539062,118.83514404296875,202.17152404785156,202.17022705078125,200.49661254882812,0.44786423444747925,0.47179481387138367,0.4976145327091217,46.22014617919922,60.586544036865234,59.13409423828125,-44.63095856,-56.18058777,-58.08200836,7.466749668121338,19.128986358642578,2.8808798789978027,0.9656170010566711,0.9272782802581787,0.9822084903717041,5.642393112182617,5.571737289428711,4.565007209777832
6.65,0,103.20124816894531,128.41714477539062,118.83514404296875,202.17152404785156,202.17022705078125,200.49661254882812,0.44786423444747925,0.47179481387138367,0.4976145327091217,46.22014617919922,60.586544036865234,59.13409423828125,-44.63095856,-56.18058777,-58.08200836,7.466749668121338,19.128986358642578,2.8808798789978027,0.9656170010566711,0.9272782802581787,0.9822084903717041,5.642393112182617,5.571737289428711,4.565007209777832
6.7,0,103.20124816894531,128.41714477539062,118.83514404296875,202.17152404785156,202.17022705078125,200.49661254882812,0.44786423444747925,0.47179481387138367,0.4976145327091217,46.22014617919922,60.586544036865234,59.13409423828125,-44.63095856,-56.18058777,-58.08200836,7.466749668121338,19.128986358642578,2.8808798789978027,0.9656170010566711,0.9272782802581787,0.9822084903717041,5.642393112182617,5.571737289428711,4.565007209777832
6.75,0,103.16197967529297,128.3012695,118.82119750976562,202.05101013183594,202.03933715820312,200.46388244628906,0.4339022934436798,0.45788678526878357,0.4835662841796875,44.76221848,58.74745559692383,57.457923889160156,-43.25797653,-54.67175293,-56.39056396,6.4877824783325195,17.853790283203125,1.8312180042266846,0.966394842,0.9306233525276184,0.9814236164093018,5.695337295532227,5.498178482055664,4.474341869354248
6.8,0,103.16197967529297,128.3012695,118.82119750976562,202.05101013183594,202.03933715820312,200.46388244628906,0.4339022934436798,0.45788678526878357,0.4835662841796875,44.76221848,58.74745559692383,57.457923889160156,-43.25797653,-54.67175293,-56.39056396,6.4877824783325195,17.853790283203125,1.8312180042266846,0.966394842,0.9306233525276184,0.9814236164093018,5.695337295532227,5.498178482055664,4.474341869354248
6.85,0,103.16197967529297,128.3012695,118.82119750976562,202.05101013183594,202.03933715820312,200.46388244628906,0.4339022934436798,0.45788678526878357,0.4835662841796875,44.76221848,58.74745559692383,57.457923889160156,-43.25797653,-54.67175293,-56.39056396,6.4877824783325195,17.853790283203125,1.8312180042266846,0.966394842,0.9306233525276184,0.9814236164093018,5.695337295532227,5.498178482055664,4.474341869354248
6.9,0,103.16197967529297,128.3012695,118.82119750976562,202.05101013183594,202.03933715820312,200.46388244628906,0.4339022934436798,0.45788678526878357,0.4835662841796875,44.76221848,58.74745559692383,57.457923889160156,-43.25797653,-54.67175293,-56.39056396,6.4877824783325195,17.853790283203125,1.8312180042266846,0.966394842,0.9306233525276184,0.9814236164093018,5.695337295532227,5.498178482055664,4.474341869354248
6.95,0,103.1619644165039,128.41073608398438,118.83663177490234,202.13719177246094,202.2196807861328,200.42352294921875,0.44592389464378357,0.4679199457168579,0.49685946106910706,46.002384185791016,60.08594512939453,59.04510498046875,-44.38329315,-55.52764511,-58.00273132,7.597870826721191,19.58244514465332,3.5319080352783203,0.9648041725158691,0.9241369962692261,0.9823461174964905,5.721779823303223,5.592182159423828,4.559146404266357
7,0,103.1619644165039,128.41073608398438,118.83663177490234,202.13719177246094,202.2196807861328,200.42352294921875,0.44592389464378357,0.4679199457168579,0.49685946106910706,46.002384185791016,60.08594512939453,59.04510498046875,-44.38329315,-55.52764511,-58.00273132,7.597870826721191,19.58244514465332,3.5319080352783203,0.9648041725158691,0.9241369962692261,0.9823461174964905,5.721779823303223,5.592182159423828,4.559146404266357
7.05,0,103.1619644165039,128.41073608398438,118.83663177490234,202.13719177246094,202.2196807861328,200.42352294921875,0.44592389464378357,0.4679199457168579,0.49685946106910706,46.002384185791016,60.08594512939453,59.04510498046875,-44.38329315,-55.52764511,-58.00273132,7.597870826721191,19.58244514465332,3.5319080352783203,0.9648041725158691,0.9241369962692261,0.9823461174964905,5.721779823303223,5.592182159423828,4.559146404266357
7.1,0,103.1619644165039,128.41073608398438,118.83663177490234,202.13719177246094,202.2196807861328,200.42352294921875,0.44592389464378357,0.4679199457168579,0.49685946106910706,46.002384185791016,60.08594512939453,59.04510498046875,-44.38329315,-55.52764511,-58.00273132,7.597870826721191,19.58244514465332,3.5319080352783203,0.9648041725158691,0.9241369962692261,0.9823461174964905,5.721779823303223,5.592182159423828,4.559146404266357
7.15,0,103.16513061523438,128.44129943847656,118.8682632446289,202.21200561523438,202.24986267089844,200.4447021484375,0.4386358857154846,0.4630056321620941,0.4920213520526886,45.251930236816406,59.46904373168945,58.48572540283203,-43.73667908,-55.10463333,-57.40531921,6.533149719238281,18.530658721923828,2.2022385597229004,0.9665152430534363,0.9266104102134705,0.9815270304679871,5.791443347930908,5.483038902282715,4.473577976226807
7.2,0,103.16513061523438,128.44129943847656,118.8682632446289,202.21200561523438,202.24986267089844,200.4447021484375,0.4386358857154846,0.4630056321620941,0.4920213520526886,45.251930236816406,59.46904373168945,58.48572540283203,-43.73667908,-55.10463333,-57.40531921,6.533149719238281,18.530658721923828,2.2022385597229004,0.9665152430534363,0.9266104102134705,0.9815270304679871,5.791443347930908,5.483038902282715,4.473577976226807
7.25,0,103.16513061523438,128.44129943847656,118.8682632446289,202.21200561523438,202.24986267089844,200.4447021484375,0.4386358857154846,0.4630056321620941,0.4920213520526886,45.251930236816406,59.46904373168945,58.48572540283203,-43.73667908,-55.10463333,-57.40531921,6.533149719238281,18.530658721923828,2.2022385597229004,0.9665152430534363,0.9266104102134705,0.9815270304679871,5.791443347930908,5.483038902282715,4.473577976226807
7.3,0,103.16513061523438,128.44129943847656,118.8682632446289,202.21200561523438,202.24986267089844,200.4447021484375,0.4386358857154846,0.4630056321620941,0.4920213520526886,45.251930236816406,59.46904373168945,58.48572540283203,-43.73667908,-55.10463333,-57.40531921,6.533149719238281,18.530658721923828,2.2022385597229004,0.9665152430534363,0.9266104102134705,0.9815270304679871,5.791443347930908,5.483038902282715,4.473577976226807
7.35,0,103.14331817626953,128.3971405029297,118.7967758178711,202.13186645507812,202.16537475585938,200.3582000732422,0.4400569200515747,0.4629454016685486,0.49245741963386536,45.38893127441406,59.44086456298828,58.50235366821289,-43.68641663,-54.74847031,-57.3569603,7.187219619750977,19.32822036743164,3.194167375564575,0.9624905586242676,0.9210577607154846,0.9804214239120483,5.746454238891602,5.549239158630371,4.583232402801514
7.4,0,103.14331817626953,128.3971405029297,118.7967758178711,202.13186645507812,202.16537475585938,200.3582000732422,0.4400569200515747,0.4629454016685486,0.49245741963386536,45.38893127441406,59.44086456298828,58.50235366821289,-43.68641663,-54.74847031,-57.3569603,7.187219619750977,19.32822036743164,3.194167375564575,0.9624905586242676,0.9210577607154846,0.9804214239120483,5.746454238891602,5.549239158630371,4.583232402801514
7.45,0,103.14331817626953,128.3971405029297,118.7967758178711,202.13186645507812,202.16537475585938,200.3582000732422,0.4400569200515747,0.4629454016685486,0.49245741963386536,45.38893127441406,59.44086456298828,58.50235366821289,-43.68641663,-54.74847031,-57.3569603,7.187219619750977,19.32822036743164,3.194167375564575,0.9624905586242676,0.9210577607154846,0.9804214239120483,5.746454238891602,5.549239158630371,4.583232402801514
7.5,0,103.14331817626953,128.3971405029297,118.7967758178711,202.13186645507812,202.16537475585938,200.3582000732422,0.4400569200515747,0.4629454016685486,0.49245741963386536,45.38893127441406,59.44086456298828,58.50235366821289,-43.68641663,-54.74847031,-57.3569603,7.187219619750977,19.32822036743164,3.194167375564575,0.9624905586242676,0.9210577607154846,0.9804214239120483,5.746454238891602,5.549239158630371,4.583232402801514
7.55,0,103.16378784179688,128.40408325195312,118.83109283447266,202.1887664794922,202.14686584472656,200.4282227,0.43719109892845154,0.4647819697856903,0.4902188181877136,45.102291107177734,59.679901123046875,58.253238677978516,-43.58396149,-55.43088531,-57.20659637,6.821752548217773,18.63159752,2.0049502849578857,0.9663358926773071,0.9288032650947571,0.9820328950881958,5.7189202308654785,5.482743740081787,4.4560256
7.6,0,103.16378784179688,128.40408325195312,118.83109283447266,202.1887664794922,202.14686584472656,200.4282227,0.43719109892845154,0.4647819697856903,0.4902188181877136,45.102291107177734,59.679901123046875,58.253238677978516,-43.58396149,-55.43088531,-57.20659637,6.821752548217773,18.63159752,2.0049502849578857,0.9663358926773071,0.9288032650947571,0.9820328950881958,5.7189202308654785,5.482743740081787,4.4560256
7.65,0,103.16378784179688,128.40408325195312,118.83109283447266,202.1887664794922,202.14686584472656,200.4282227,0.43719109892845154,0.4647819697856903,0.4902188181877136,45.102291107177734,59.679901123046875,58.253238677978516,-43.58396149,-55.43088531,-57.20659637,6.821752548217773,18.63159752,2.0049502849578857,0.9663358926773071,0.9288032650947571,0.9820328950881958,5.7189202308654785,5.482743740081787,4.4560256
7.7,0,103.16378784179688,128.40408325195312,118.83109283447266,202.1887664794922,202.14686584472656,200.4282227,0.43719109892845154,0.4647819697856903,0.4902188181877136,45.102291107177734,59.679901123046875,58.253238677978516,-43.58396149,-55.43088531,-57.20659637,6.821752548217773,18.63159752,2.0049502849578857,0.9663358926773071,0.9288032650947571,0.9820328950881958,5.7189202308654785,5.482743740081787,4.4560256
7.75,0,103.14965057373047,128.3532715,118.75775146484375,202.0981903076172,202.09317016601562,200.33221435546875,0.4369949400424957,0.4613584280014038,0.48824620246887207,45.07587432861328,59.216861724853516,57.98302078,-43.54594803,-54.90188599,-56.95076752,6.918834209442139,18.649250030517578,2.530919075012207,0.9660588502883911,0.9271326661109924,0.9821973443031311,5.6314921379089355,5.5056071281433105,4.545999526977539
7.8,0,103.14965057373047,128.3532715,118.75775146484375,202.0981903076172,202.09317016601562,200.33221435546875,0.4369949400424957,0.4613584280014038,0.48824620246887207,45.07587432861328,59.216861724853516,57.98302078,-43.54594803,-54.90188599,-56.95076752,6.918834209442139,18.649250030517578,2.530919075012207,0.9660588502883911,0.9271326661109924,0.9821973443031311,5.6314921379089355,5.5056071281433105,4.545999526977539
7.85,0,103.14965057373047,128.3532715,118.75775146484375,202.0981903076172,202.09317016601562,200.33221435546875,0.4369949400424957,0.4613584280014038,0.48824620246887207,45.07587432861328,59.216861724853516,57.98302078,-43.54594803,-54.90188599,-56.95076752,6.918834209442139,18.649250030517578,2.530919075012207,0.9660588502883911,0.9271326661109924,0.9821973443031311,5.6314921379089355,5.5056071281433105,4.545999526977539
7.9,0,103.14965057373047,128.3532715,118.75775146484375,202.0981903076172,202.09317016601562,200.33221435546875,0.4369949400424957,0.4613584280014038,0.48824620246887207,45.07587432861328,59.216861724853516,57.98302078,-43.54594803,-54.90188599,-56.95076752,6.918834209442139,18.649250030517578,2.530919075012207,0.9660588502883911,0.9271326661109924,0.9821973443031311,5.6314921379089355,5.5056071281433105,4.545999526977539
7.95,0,103.13372802734375,128.46832275390625,118.83650970458984,202.2194824,202.2528533935547,200.37509155273438,0.4406302273273468,0.46745535731315613,0.49638065695762634,45.44383621,60.05320739746094,58.98814392089844,-43.84679031,-55.42648697,-57.92028809,7.185932159423828,19.59390640258789,2.8626608848571777,0.9648566842079163,0.9229562878608704,0.9818971157073975,5.827773094177246,5.509699345,4.495080471038818
8,0,103.13372802734375,128.46832275390625,118.83650970458984,202.2194824,202.2528533935547,200.37509155273438,0.4406302273273468,0.46745535731315613,0.49638065695762634,45.44383621,60.05320739746094,58.98814392089844,-43.84679031,-55.42648697,-57.92028809,7.185932159423828,19.59390640258789,2.8626608848571777,0.9648566842079163,0.9229562878608704,0.9818971157073975,5.827773094177246,5.509699345,4.495080471038818
8.05,0,103.13372802734375,128.46832275390625,118.83650970458984,202.2194824,202.2528533935547,200.37509155273438,0.4406302273273468,0.46745535731315613,0.49638065695762634,45.44383621,60.05320739746094,58.98814392089844,-43.84679031,-55.42648697,-57.92028809,7.185932159423828,19.59390640258789,2.8626608848571777,0.9648566842079163,0.9229562878608704,0.9818971157073975,5.827773094177246,5.509699345,4.495080471038818
8.1,0,103.13372802734375,128.46832275390625,118.83650970458984,202.2194824,202.2528533935547,200.37509155273438,0.4406302273273468,0.46745535731315613,0.49638065695762634,45.44383621,60.05320739746094,58.98814392089844,-43.84679031,-55.42648697,-57.92028809,7.185932159423828,19.59390640258789,2.8626608848571777,0.9648566842079163,0.9229562878608704,0.9818971157073975,5.827773094177246,5.509699345,4.495080471038818
8.15,0,103.18196105957031,128.4416961669922,118.8130874633789,202.2102813720703,202.25343322753906,200.3771209716797,0.4399828314781189,0.4639488756656647,0.49336183071136475,45.398292541503906,59.59038162231445,58.61784362792969,-43.84070206,-55.19748688,-57.51993942,6.510803223,18.55729103088379,2.2456676959991455,0.965690553,0.9262818098068237,0.9812701344490051,5.802811145782471,5.577771186828613,4.627866744995117
8.2,0,103.18196105957031,128.4416961669922,118.8130874633789,202.2102813720703,202.25343322753906,200.3771209716797,0.4399828314781189,0.4639488756656647,0.49336183071136475,45.398292541503906,59.59038162231445,58.61784362792969,-43.84070206,-55.19748688,-57.51993942,6.510803223,18.55729103088379,2.2456676959991455,0.965690553,0.9262818098068237,0.9812701344490051,5.802811145782471,5.577771186828613,4.627866744995117
8.25,0,103.18196105957031,128.4416961669922,118.8130874633789,202.2102813720703,202.25343322753906,200.3771209716797,0.4399828314781189,0.4639488756656647,0.49336183071136475,45.398292541503906,59.59038162231445,58.61784362792969,-43.84070206,-55.19748688,-57.51993942,6.510803223,18.55729103088379,2.2456676959991455,0.965690553,0.9262818098068237,0.9812701344490051,5.802811145782471,5.577771186828613,4.627866744995117
8.3,0,103.18196105957031,128.4416961669922,118.8130874633789,202.2102813720703,202.25343322753906,200.3771209716797,0.4399828314781189,0.4639488756656647,0.49336183071136475,45.398292541503906,59.59038162231445,58.61784362792969,-43.84070206,-55.19748688,-57.51993942,6.510803223,18.55729103088379,2.2456676959991455,0.965690553,0.9262818098068237,0.9812701344490051,5.802811145782471,5.577771186828613,4.627866744995117
8.35,0,103.11991119384766,128.4413604736328,118.7989273071289,202.1964569091797,202.17539978027344,200.3339385986328,0.4376917779445648,0.46499598026275635,0.49311885237693787,45.13473892211914,59.72471618652344,58.58198928833008,-43.503582,-55.01031876,-57.52951431,7.488421917,19.925033569335938,3.2422049045562744,0.963860273,0.921064556,0.9820341467857361,5.788748264312744,5.480118751525879,4.4310102462768555
8.4,0,103.11991119384766,128.4413604736328,118.7989273071289,202.1964569091797,202.17539978027344,200.3339385986328,0.4376917779445648,0.46499598026275635,0.49311885237693787,45.13473892211914,59.72471618652344,58.58198928833008,-43.503582,-55.01031876,-57.52951431,7.488421917,19.925033569335938,3.2422049045562744,0.963860273,0.921064556,0.9820341467857361,5.788748264312744,5.480118751525879,4.4310102462768555
8.45,0,103.11991119384766,128.4413604736328,118.7989273071289,202.1964569091797,202.17539978027344,200.3339385986328,0.4376917779445648,0.46499598026275635,0.49311885237693787,45.13473892211914,59.72471618652344,58.58198928833008,-43.503582,-55.01031876,-57.52951431,7.488421917,19.925033569335938,3.2422049045562744,0.963860273,0.921064556,0.9820341467857361,5.788748264312744,5.480118751525879,4.4310102462768555
8.5,0,103.11991119384766,128.4413604736328,118.7989273071289,202.1964569091797,202.17539978027344,200.3339385986328,0.4376917779445648,0.46499598026275635,0.49311885237693787,45.13473892211914,59.72471618652344,58.58198928833008,-43.503582,-55.01031876,-57.52951431,7.488421917,19.925033569335938,3.2422049045562744,0.963860273,0.921064556,0.9820341467857361,5.788748264312744,5.480118751525879,4.4310102462768555
8.55,0,103.17256927490234,128.3446807861328,118.77436065673828,202.09994506835938,202.1125030517578,200.3675537109375,0.4384945034980774,0.46347880363464355,0.4905206561088562,45.240604400634766,59.48503875732422,58.26127624511719,-43.66423416,-55.19948959,-57.18458939,6.562743186950684,18.31799889,2.002979040145874,0.96515584,0.9279558658599854,0.9815196990966797,5.6140570640563965,5.427114963531494,4.513926029205322
8.6,0,103.17256927490234,128.3446807861328,118.77436065673828,202.09994506835938,202.1125030517578,200.3675537109375,0.4384945034980774,0.46347880363464355,0.4905206561088562,45.240604400634766,59.48503875732422,58.26127624511719,-43.66423416,-55.19948959,-57.18458939,6.562743186950684,18.31799889,2.002979040145874,0.96515584,0.9279558658599854,0.9815196990966797,5.6140570640563965,5.427114963531494,4.513926029205322
8.65,0,103.17256927490234,128.3446807861328,118.77436065673828,202.09994506835938,202.1125030517578,200.3675537109375,0.4384945034980774,0.46347880363464355,0.4905206561088562,45.240604400634766,59.48503875732422,58.26127624511719,-43.66423416,-55.19948959,-57.18458939,6.562743186950684,18.31799889,2.002979040145874,0.96515584,0.9279558658599854,0.9815196990966797,5.6140570640563965,5.427114963531494,4.513926029205322
8.7,0,103.17256927490234,128.3446807861328,118.77436065673828,202.09994506835938,202.1125030517578,200.3675537109375,0.4384945034980774,0.46347880363464355,0.4905206561088562,45.240604400634766,59.48503875732422,58.26127624511719,-43.66423416,-55.19948959,-57.18458939,6.562743186950684,18.31799889,2.002979040145874,0.96515584,0.9279558658599854,0.9815196990966797,5.6140570640563965,5.427114963531494,4.513926029205322
8.75,0,103.14523315429688,128.3748779296875,118.78968811035156,202.13209533691406,202.05203247070312,200.4115447998047,0.44066348671913147,0.46550121903419495,0.49125584959983826,45.45233917236328,59.758663177490234,58.35612869262695,-43.9244957,-55.35324478,-57.37776566,7.528884410858154,19.290159225463867,3.0460569858551025,0.9663858413696289,0.9262798428535461,0.9832345843315125,5.594690322875977,5.377443313598633,4.3331098556518555
8.8,0,103.14523315429688,128.3748779296875,118.78968811035156,202.13209533691406,202.05203247070312,200.4115447998047,0.44066348671913147,0.46550121903419495,0.49125584959983826,45.45233917236328,59.758663177490234,58.35612869262695,-43.9244957,-55.35324478,-57.37776566,7.528884410858154,19.290159225463867,3.0460569858551025,0.9663858413696289,0.9262798428535461,0.9832345843315125,5.594690322875977,5.377443313598633,4.3331098556518555
8.85,0,103.14523315429688,128.3748779296875,118.78968811035156,202.13209533691406,202.05203247070312,200.4115447998047,0.44066348671913147,0.46550121903419495,0.49125584959983826,45.45233917236328,59.758663177490234,58.35612869262695,-43.9244957,-55.35324478,-57.37776566,7.528884410858154,19.290159225463867,3.0460569858551025,0.9663858413696289,0.9262798428535461,0.9832345843315125,5.594690322875977,5.377443313598633,4.3331098556518555
8.9,0,103.14523315429688,128.3748779296875,118.78968811035156,202.13209533691406,202.05203247070312,200.4115447998047,0.44066348671913147,0.46550121903419495,0.49125584959983826,45.45233917236328,59.758663177490234,58.35612869262695,-43.9244957,-55.35324478,-57.37776566,7.528884410858154,19.290159225463867,3.0460569858551025,0.9663858413696289,0.9262798428535461,0.9832345843315125,5.594690322875977,5.377443313598633,4.3331098556518555
8.95,0,103.14552307128906,128.36517333984375,118.7756118774414,202.0982208251953,202.14451599121094,200.3332977294922,0.43903395533561707,0.46315982937812805,0.49296098947525024,45.284385681152344,59.453590393066406,58.55174255371094,-43.68997955,-54.96848679,-57.40254211,6.704816818237305,18.816007614135742,2.5111711025238037,0.9647912383079529,0.9245612621307373,0.9803729057312012,5.660357475280762,5.427044868469238,4.502048492431641
9,0,103.14552307128906,128.36517333984375,118.7756118774414,202.0982208251953,202.14451599121094,200.3332977294922,0.43903395533561707,0.46315982937812805,0.49296098947525024,45.284385681152344,59.453590393066406,58.55174255371094,-43.68997955,-54.96848679,-57.40254211,6.704816818237305,18.816007614135742,2.5111711025238037,0.9647912383079529,0.9245612621307373,0.9803729057312012,5.660357475280762,5.427044868469238,4.502048492431641
9.05,0,103.14552307128906,128.36517333984375,118.7756118774414,202.0982208251953,202.14451599121094,200.3332977294922,0.43903395533561707,0.46315982937812805,0.49296098947525024,45.284385681152344,59.453590393066406,58.55174255371094,-43.68997955,-54.96848679,-57.40254211,6.704816818237305,18.816007614135742,2.5111711025238037,0.9647912383079529,0.9245612621307373,0.9803729057312012,5.660357475280762,5.427044868469238,4.502048492431641
9.1,0,103.14552307128906,128.36517333984375,118.7756118774414,202.0982208251953,202.14451599121094,200.3332977294922,0.43903395533561707,0.46315982937812805,0.49296098947525024,45.284385681152344,59.453590393066406,58.55174255371094,-43.68997955,-54.96848679,-57.40254211,6.704816818237305,18.816007614135742,2.5111711025238037,0.9647912383079529,0.9245612621307373,0.9803729057312012,5.660357475280762,5.427044868469238,4.502048492431641
9.15,0,103.10492706298828,128.44671630859375,118.82572174072266,202.18331909179688,202.18214416503906,200.36216735839844,0.4431006610393524,0.4664110541343689,0.49671679735183716,45.68585968017578,59.90896987915039,59.02273178100586,-44.16269684,-55.47673035,-58.00125885,6.891556739807129,19.11357879638672,2.7107019424438477,0.9666600823402405,0.9260171055793762,0.9826935529708862,5.713453293,5.436293125152588,4.358398438
9.2,0,103.10492706298828,128.44671630859375,118.82572174072266,202.18331909179688,202.18214416503906,200.36216735839844,0.4431006610393524,0.4664110541343689,0.49671679735183716,45.68585968017578,59.90896987915039,59.02273178100586,-44.16269684,-55.47673035,-58.00125885,6.891556739807129,19.11357879638672,2.7107019424438477,0.9666600823402405,0.9260171055793762,0.9826935529708862,5.713453293,5.436293125152588,4.358398438
9.25,0,103.10492706298828,128.44671630859375,118.82572174072266,202.18331909179688,202.18214416503906,200.36216735839844,0.4431006610393524,0.4664110541343689,0.49671679735183716,45.68585968017578,59.90896987915039,59.02273178100586,-44.16269684,-55.47673035,-58.00125885,6.891556739807129,19.11357879638672,2.7107019424438477,0.9666600823402405,0.9260171055793762,0.9826935529708862,5.713453293,5.436293125152588,4.358398438
9.3,0,103.10492706298828,128.44671630859375,118.82572174072266,202.18331909179688,202.18214416503906,200.36216735839844,0.4431006610393524,0.4664110541343689,0.49671679735183716,45.68585968017578,59.90896987915039,59.02273178100586,-44.16269684,-55.47673035,-58.00125885,6.891556739807129,19.11357879638672,2.7107019424438477,0.9666600823402405,0.9260171055793762,0.9826935529708862,5.713453293,5.436293125152588,4.358398438
9.35,0,103.11714935302734,128.36627197265625,118.74385070800781,202.08645629882812,202.1361846923828,200.2582244873047,0.43490830063819885,0.46153223514556885,0.4890097677707672,44.84650421142578,59.24517059326172,58.06690216064453,-43.21459198,-54.75822449,-57.01021576,6.982122898101807,19.09636878967285,2.593597888946533,0.9636111855506897,0.9242647886276245,0.9818022847175598,5.736958026885986,5.478112221,4.556677341461182
9.4,0,103.11714935302734,128.36627197265625,118.74385070800781,202.08645629882812,202.1361846923828,200.2582244873047,0.43490830063819885,0.46153223514556885,0.4890097677707672,44.84650421142578,59.24517059326172,58.06690216064453,-43.21459198,-54.75822449,-57.01021576,6.982122898101807,19.09636878967285,2.593597888946533,0.9636111855506897,0.9242647886276245,0.9818022847175598,5.736958026885986,5.478112221,4.556677341461182
9.45,0,103.11714935302734,128.36627197265625,118.74385070800781,202.08645629882812,202.1361846923828,200.2582244873047,0.43490830063819885,0.46153223514556885,0.4890097677707672,44.84650421142578,59.24517059326172,58.06690216064453,-43.21459198,-54.75822449,-57.01021576,6.982122898101807,19.09636878967285,2.593597888946533,0.9636111855506897,0.9242647886276245,0.9818022847175598,5.736958026885986,5.478112221,4.556677341461182
9.5,0,103.11714935302734,128.36627197265625,118.74385070800781,202.08645629882812,202.1361846923828,200.2582244873047,0.43490830063819885,0.46153223514556885,0.4890097677707672,44.84650421142578,59.24517059326172,58.06690216064453,-43.21459198,-54.75822449,-57.01021576,6.982122898101807,19.09636878967285,2.593597888946533,0.9636111855506897,0.9242647886276245,0.9818022847175598,5.736958026885986,5.478112221,4.556677341461182
9.55,0,103.15312194824219,128.42796325683594,118.84097290039062,202.206543,202.15684509277344,200.43446350097656,0.44510358572006226,0.46819037199020386,0.4962533712387085,45.91382598876953,60.12873458862305,58.97523498535156,-44.38741684,-55.70872116,-57.96895218,7.099919319152832,19.02628517150879,2.7778613567352295,0.9667549133300781,0.926490843,0.982937217,5.707374572753906,5.475347518920898,4.409417152404785
9.6,0,103.15312194824219,128.42796325683594,118.84097290039062,202.206543,202.15684509277344,200.43446350097656,0.44510358572006226,0.46819037199020386,0.4962533712387085,45.91382598876953,60.12873458862305,58.97523498535156,-44.38741684,-55.70872116,-57.96895218,7.099919319152832,19.02628517150879,2.7778613567352295,0.9667549133300781,0.926490843,0.982937217,5.707374572753906,5.475347518920898,4.409417152404785
9.65,0,103.15312194824219,128.42796325683594,118.84097290039062,202.206543,202.15684509277344,200.43446350097656,0.44510358572006226,0.46819037199020386,0.4962533712387085,45.91382598876953,60.12873458862305,58.97523498535156,-44.38741684,-55.70872116,-57.96895218,7.099919319152832,19.02628517150879,2.7778613567352295,0.9667549133300781,0.926490843,0.982937217,5.707374572753906,5.475347518920898,4.409417152404785
9.7,0,103.15312194824219,128.42796325683594,118.84097290039062,202.206543,202.15684509277344,200.43446350097656,0.44510358572006226,0.46819037199020386,0.4962533712387085,45.91382598876953,60.12873458862305,58.97523498535156,-44.38741684,-55.70872116,-57.96895218,7.099919319152832,19.02628517150879,2.7778613567352295,0.9667549133300781,0.926490843,0.982937217,5.707374572753906,5.475347518920898,4.409417152404785
9.75,0,103.13642120361328,128.31166076660156,118.73180389404297,202.03961181640625,202.02410888671875,200.31553649902344,0.4320414066314697,0.4599117934703827,0.48432350158691406,44.5592041,59.012046813964844,57.50460433959961,-43.02911377,-54.73096848,-56.45208359,7.016653537750244,18.680715560913086,2.2803165912628174,0.9656616449356079,0.9274541735649109,0.9816967844963074,5.621042251586914,5.454477310180664,4.544897079467773
9.8,0,103.13642120361328,128.31166076660156,118.73180389404297,202.03961181640625,202.02410888671875,200.31553649902344,0.4320414066314697,0.4599117934703827,0.48432350158691406,44.5592041,59.012046813964844,57.50460433959961,-43.02911377,-54.73096848,-56.45208359,7.016653537750244,18.680715560913086,2.2803165912628174,0.9656616449356079,0.9274541735649109,0.9816967844963074,5.621042251586914,5.454477310180664,4.544897079467773
9.85,0,103.13642120361328,128.31166076660156,118.73180389404297,202.03961181640625,202.02410888671875,200.31553649902344,0.4320414066314697,0.4599117934703827,0.48432350158691406,44.5592041,59.012046813964844,57.50460433959961,-43.02911377,-54.73096848,-56.45208359,7.016653537750244,18.680715560913086,2.2803165912628174,0.9656616449356079,0.9274541735649109,0.9816967844963074,5.621042251586914,5.454477310180664,4.544897079467773
9.9,0,103.13642120361328,128.31166076660156,118.73180389404297,202.03961181640625,202.02410888671875,200.31553649902344,0.4320414066314697,0.4599117934703827,0.48432350158691406,44.5592041,59.012046813964844,57.50460433959961,-43.02911377,-54.73096848,-56.45208359,7.016653537750244,18.680715560913086,2.2803165912628174,0.9656616449356079,0.9274541735649109,0.9816967844963074,5.621042251586914,5.454477310180664,4.544897079467773
9.95,0,103.14920806884766,128.4586181640625,118.84383392333984,202.23196411132812,202.21852111816406,200.4087677001953,0.4441731870174408,0.46839064359664917,0.4970253109931946,45.81611251831055,60.16881561279297,59.06839370727539,-44.21879959,-55.5935173,-57.97248077,7.1634745597839355,19.300071716308594,2.912001609802246,0.9651364088058472,0.923958957,0.9814466834068298,5.739185333251953,5.494796276092529,4.413259983062744
10,0,103.14920806884766,128.4586181640625,118.84383392333984,202.23196411132812,202.21852111816406,200.4087677001953,0.4441731870174408,0.46839064359664917,0.4970253109931946,45.81611251831055,60.16881561279297,59.06839370727539,-44.21879959,-55.5935173,-57.97248077,7.1634745597839355,19.300071716308594,2.912001609802246,0.9651364088058472,0.923958957,0.9814466834068298,5.739185333251953,5.494796276092529,4.413259983062744
10.05,0,103.14920806884766,128.4586181640625,118.84383392333984,202.23196411132812,202.21852111816406,200.4087677001953,0.4441731870174408,0.46839064359664917,0.4970253109931946,45.81611251831055,60.16881561279297,59.06839370727539,-44.21879959,-55.5935173,-57.97248077,7.1634745597839355,19.300071716308594,2.912001609802246,0.9651364088058472,0.923958957,0.9814466834068298,5.739185333251953,5.494796276092529,4.413259983062744
10.1,0,103.14920806884766,128.4586181640625,118.84383392333984,202.23196411132812,202.21852111816406,200.4087677001953,0.4441731870174408,0.46839064359664917,0.4970253109931946,45.81611251831055,60.16881561279297,59.06839370727539,-44.21879959,-55.5935173,-57.97248077,7.1634745597839355,19.300071716308594,2.912001609802246,0.9651364088058472,0.923958957,0.9814466834068298,5.739185333251953,5.494796276092529,4.413259983062744
10.15,0,103.14673614501953,128.43966674804688,118.80189514160156,202.18118286132812,202.2382813,200.33856201171875,0.43406957387924194,0.46065181493759155,0.4889751076698303,44.77286148071289,59.16596603393555,58.09117126464844,-43.23911285,-54.7997551,-57.06216812,6.645351409912109,18.78370475769043,2.248521327972412,0.9657437801361084,0.9262040257453918,0.9822863936424255,5.809077262878418,5.554988384246826,4.621150016784668
10.2,0,103.14673614501953,128.43966674804688,118.80189514160156,202.18118286132812,202.2382813,200.33856201171875,0.43406957387924194,0.46065181493759155,0.4889751076698303,44.77286148071289,59.16596603393555,58.09117126464844,-43.23911285,-54.7997551,-57.06216812,6.645351409912109,18.78370475769043,2.248521327972412,0.9657437801361084,0.9262040257453918,0.9822863936424255,5.809077262878418,5.554988384246826,4.621150016784668
10.25,0,103.14673614501953,128.43966674804688,118.80189514160156,202.18118286132812,202.2382813,200.33856201171875,0.43406957387924194,0.46065181493759155,0.4889751076698303,44.77286148071289,59.16596603393555,58.09117126464844,-43.23911285,-54.7997551,-57.06216812,6.645351409912109,18.78370475769043,2.248521327972412,0.9657437801361084,0.9262040257453918,0.9822863936424255,5.809077262878418,5.554988384246826,4.621150016784668
10.3,0,103.14673614501953,128.43966674804688,118.80189514160156,202.18118286132812,202.2382813,200.33856201171875,0.43406957387924194,0.46065181493759155,0.4889751076698303,44.77286148071289,59.16596603393555,58.09117126464844,-43.23911285,-54.7997551,-57.06216812,6.645351409912109,18.78370475769043,2.248521327972412,0.9657437801361084,0.9262040257453918,0.9822863936424255,5.809077262878418,5.554988384246826,4.621150016784668
10.35,0,103.17085266113281,128.44862365722656,118.80717468261719,202.25430297851562,202.18911743164062,200.3767547607422,0.4403890073299408,0.4633290469646454,0.49360454082489014,45.43531036376953,59.51397705078125,58.643760681152344,-43.86571121,-54.85372925,-57.55687714,7.214099407196045,19.44923973083496,3.2967464923858643,0.9654542207717896,0.9216948747634888,0.9814663529396057,5.800767899,5.5652642250061035,4.483933925628662
10.4,0,103.17085266113281,128.44862365722656,118.80717468261719,202.25430297851562,202.18911743164062,200.3767547607422,0.4403890073299408,0.4633290469646454,0.49360454082489014,45.43531036376953,59.51397705078125,58.643760681152344,-43.86571121,-54.85372925,-57.55687714,7.214099407196045,19.44923973083496,3.2967464923858643,0.9654542207717896,0.9216948747634888,0.9814663529396057,5.800767899,5.5652642250061035,4.483933925628662
10.45,0,103.17085266113281,128.44862365722656,118.80717468261719,202.25430297851562,202.18911743164062,200.3767547607422,0.4403890073299408,0.4633290469646454,0.49360454082489014,45.43531036376953,59.51397705078125,58.643760681152344,-43.86571121,-54.85372925,-57.55687714,7.214099407196045,19.44923973083496,3.2967464923858643,0.9654542207717896,0.9216948747634888,0.9814663529396057,5.800767899,5.5652642250061035,4.483933925628662
10.5,0,103.19806671142578,128.4070587158203,118.83238983154297,202.1853027,202.18853759765625,200.4534149169922,0.4419736862182617,0.4684300124645233,0.49395376443862915,45.6108284,60.14971923828125,58.69770812988281,-44.05651855,-55.83748627,-57.67280579,7.1464667320251465,18.96248435974121,2.4326858520507812,0.9659223556518555,0.928308368,0.9825392961502075,5.714260101318359,5.516144275665283,4.599012375
10.55,0,103.19806671142578,128.4070587158203,118.83238983154297,202.1853027,202.18853759765625,200.4534149169922,0.4419736862182617,0.4684300124645233,0.49395376443862915,45.6108284,60.14971923828125,58.69770812988281,-44.05651855,-55.83748627,-57.67280579,7.1464667320251465,18.96248435974121,2.4326858520507812,0.9659223556518555,0.928308368,0.9825392961502075,5.714260101318359,5.516144275665283,4.599012375
10.6,0,103.19806671142578,128.4070587158203,118.83238983154297,202.1853027,202.18853759765625,200.4534149169922,0.4419736862182617,0.4684300124645233,0.49395376443862915,45.6108284,60.14971923828125,58.69770812988281,-44.05651855,-55.83748627,-57.67280579,7.1464667320251465,18.96248435974121,2.4326858520507812,0.9659223556518555,0.928308368,0.9825392961502075,5.714260101318359,5.516144275665283,4.599012375
10.65,0,103.19806671142578,128.4070587158203,118.83238983154297,202.1853027,202.18853759765625,200.4534149169922,0.4419736862182617,0.4684300124645233,0.49395376443862915,45.6108284,60.14971923828125,58.69770812988281,-44.05651855,-55.83748627,-57.67280579,7.1464667320251465,18.96248435974121,2.4326858520507812,0.9659223556518555,0.928308368,0.9825392961502075,5.714260101318359,5.516144275665283,4.599012375
10.7,0,103.19806671142578,128.4070587158203,118.83238983154297,202.1853027,202.18853759765625,200.4534149169922,0.4419736862182617,0.4684300124645233,0.49395376443862915,45.6108284,60.14971923828125,58.69770812988281,-44.05651855,-55.83748627,-57.67280579,7.1464667320251465,18.96248435974121,2.4326858520507812,0.9659223556518555,0.928308368,0.9825392961502075,5.714260101318359,5.516144275665283,4.599012375
10.75,0,103.13290405273438,128.3120117,118.75149536132812,202.0620117,201.99256896972656,200.34840393066406,0.4366762638092041,0.46047982573509216,0.4858567416667938,45.03569030761719,59.08509445,57.69621276855469,-43.33349228,-54.54705048,-56.52975082,7.216825485229492,18.782323837280273,2.8433713912963867,0.9622033834457397,0.9231947660446167,0.9797827005386353,5.667850971221924,5.555669308,4.443595886230469
10.8,0,103.13290405273438,128.3120117,118.75149536132812,202.0620117,201.99256896972656,200.34840393066406,0.4366762638092041,0.46047982573509216,0.4858567416667938,45.03569030761719,59.08509445,57.69621276855469,-43.33349228,-54.54705048,-56.52975082,7.216825485229492,18.782323837280273,2.8433713912963867,0.9622033834457397,0.9231947660446167,0.9797827005386353,5.667850971221924,5.555669308,4.443595886230469
10.85,0,103.13290405273438,128.3120117,118.75149536132812,202.0620117,201.99256896972656,200.34840393066406,0.4366762638092041,0.46047982573509216,0.4858567416667938,45.03569030761719,59.08509445,57.69621276855469,-43.33349228,-54.54705048,-56.52975082,7.216825485229492,18.782323837280273,2.8433713912963867,0.9622033834457397,0.9231947660446167,0.9797827005386353,5.667850971221924,5.555669308,4.443595886230469
10.9,0,103.17394256591797,128.43409729003906,118.86078643798828,202.1751251220703,202.2766571044922,200.44174194335938,0.4428718090057373,0.46940651535987854,0.49809500575065613,45.69282913208008,60.287803649902344,59.20396423339844,-44.10160446,-55.77158737,-58.17237473,7.203355789,19.521465301513672,2.7818241119384766,0.9651756286621094,0.9250890612602234,0.9825756549835205,5.835031509399414,5.617331027984619,4.660766124725342
10.95,0,103.17394256591797,128.43409729003906,118.86078643798828,202.1751251220703,202.2766571044922,200.44174194335938,0.4428718090057373,0.46940651535987854,0.49809500575065613,45.69282913208008,60.287803649902344,59.20396423339844,-44.10160446,-55.77158737,-58.17237473,7.203355789,19.521465301513672,2.7818241119384766,0.9651756286621094,0.9250890612602234,0.9825756549835205,5.835031509399414,5.617331027984619,4.660766124725342
11,0,103.17394256591797,128.43409729003906,118.86078643798828,202.1751251220703,202.2766571044922,200.44174194335938,0.4428718090057373,0.46940651535987854,0.49809500575065613,45.69282913208008,60.287803649902344,59.20396423339844,-44.10160446,-55.77158737,-58.17237473,7.203355789,19.521465301513672,2.7818241119384766,0.9651756286621094,0.9250890612602234,0.9825756549835205,5.835031509399414,5.617331027984619,4.660766124725342
11.05,0,103.17394256591797,128.43409729003906,118.86078643798828,202.1751251220703,202.2766571044922,200.44174194335938,0.4428718090057373,0.46940651535987854,0.49809500575065613,45.69282913208008,60.287803649902344,59.20396423339844,-44.10160446,-55.77158737,-58.17237473,7.203355789,19.521465301513672,2.7818241119384766,0.9651756286621094,0.9250890612602234,0.9825756549835205,5.835031509399414,5.617331027984619,4.660766124725342
11.1,0,103.17394256591797,128.43409729003906,118.86078643798828,202.1751251220703,202.2766571044922,200.44174194335938,0.4428718090057373,0.46940651535987854,0.49809500575065613,45.69282913208008,60.287803649902344,59.20396423339844,-44.10160446,-55.77158737,-58.17237473,7.203355789,19.521465301513672,2.7818241119384766,0.9651756286621094,0.9250890612602234,0.9825756549835205,5.835031509399414,5.617331027984619,4.660766124725342
11.15,1,78.82358551,165.1098175048828,160.3361816,202.14515686035156,202.34466552734375,200.51206970214844,0.4413047432899475,0.45434194803237915,0.4721662998199463,34.785221099853516,75.01631927490234,75.70534515,-24.82136345,-59.84354782,-68.12436676,4.980070591,35.56495285,-12.68591118,0.7135605812072754,0.7977403998374939,0.8998620510101318,5.638533592224121,5.726500988006592,4.340734481811523
11.2,1,78.82358551,165.1098175048828,160.3361816,202.14515686035156,202.34466552734375,200.51206970214844,0.4413047432899475,0.45434194803237915,0.4721662998199463,34.785221099853516,75.01631927490234,75.70534515,-24.82136345,-59.84354782,-68.12436676,4.980070591,35.56495285,-12.68591118,0.7135605812072754,0.7977403998374939,0.8998620510101318,5.638533592224121,5.726500988006592,4.340734481811523
11.25,1,78.82358551,165.1098175048828,160.3361816,202.14515686035156,202.34466552734375,200.51206970214844,0.4413047432899475,0.45434194803237915,0.4721662998199463,34.785221099853516,75.01631927490234,75.70534515,-24.82136345,-59.84354782,-68.12436676,4.980070591,35.56495285,-12.68591118,0.7135605812072754,0.7977403998374939,0.8998620510101318,5.638533592224121,5.726500988006592,4.340734481811523
11.3,1,15.167146682739258,205.09320068359375,205.1786651611328,202.2035675048828,202.81570434570312,201.10891723632812,0.45474717020988464,0.46298548579216003,0.47959581,6.897216797,94.95517731,98.40282440185547,1.771459698677063,-66.58924866,-91.50379181,0.9035718441009521,64.41059112548828,-32.62831497,0.2568368911743164,0.701270342,0.9298899173736572,5.383370876312256,5.760099411010742,4.224480152130127
11.35,1,15.167146682739258,205.09320068359375,205.1786651611328,202.2035675048828,202.81570434570312,201.10891723632812,0.45474717020988464,0.46298548579216003,0.47959581,6.897216797,94.95517731,98.40282440185547,1.771459698677063,-66.58924866,-91.50379181,0.9035718441009521,64.41059112548828,-32.62831497,0.2568368911743164,0.701270342,0.9298899173736572,5.383370876312256,5.760099411010742,4.224480152130127
11.4,1,15.167146682739258,205.09320068359375,205.1786651611328,202.2035675048828,202.81570434570312,201.10891723632812,0.45474717020988464,0.46298548579216003,0.47959581,6.897216797,94.95517731,98.40282440185547,1.771459698677063,-66.58924866,-91.50379181,0.9035718441009521,64.41059112548828,-32.62831497,0.2568368911743164,0.701270342,0.9298899173736572,5.383370876312256,5.760099411010742,4.224480152130127
11.45,1,15.167146682739258,205.09320068359375,205.1786651611328,202.2035675048828,202.81570434570312,201.10891723632812,0.45474717020988464,0.46298548579216003,0.47959581,6.897216797,94.95517731,98.40282440185547,1.771459698677063,-66.58924866,-91.50379181,0.9035718441009521,64.41059112548828,-32.62831497,0.2568368911743164,0.701270342,0.9298899173736572,5.383370876312256,5.760099411010742,4.224480152130127
11.5,1,15.167146682739258,205.09320068359375,205.1786651611328,202.2035675048828,202.81570434570312,201.10891723632812,0.45474717020988464,0.46298548579216003,0.47959581,6.897216797,94.95517731,98.40282440185547,1.771459698677063,-66.58924866,-91.50379181,0.9035718441009521,64.41059112548828,-32.62831497,0.2568368911743164,0.701270342,0.9298899173736572,5.383370876312256,5.760099411010742,4.224480152130127
11.55,1,14.948271751403809,204.96620178222656,205.17115783691406,202.0772247314453,202.67845153808594,201.04763793945312,0.4517202377319336,0.45731139183044434,0.47171592712402344,6.752436637878418,93.73337555,96.78250122070312,1.752573013305664,-67.37785339,-88.77700043,0.917911947,61.547088623046875,-34.79144669,0.25954675674438477,0.718824565,0.9172835946083069,5.211978912353516,5.693265438079834,4.000998020172119
11.6,1,14.948271751403809,204.96620178222656,205.17115783691406,202.0772247314453,202.67845153808594,201.04763793945312,0.4517202377319336,0.45731139183044434,0.47171592712402344,6.752436637878418,93.73337555,96.78250122070312,1.752573013305664,-67.37785339,-88.77700043,0.917911947,61.547088623046875,-34.79144669,0.25954675674438477,0.718824565,0.9172835946083069,5.211978912353516,5.693265438079834,4.000998020172119
11.65,1,14.948271751403809,204.96620178222656,205.17115783691406,202.0772247314453,202.67845153808594,201.04763793945312,0.4517202377319336,0.45731139183044434,0.47171592712402344,6.752436637878418,93.73337555,96.78250122070312,1.752573013305664,-67.37785339,-88.77700043,0.917911947,61.547088623046875,-34.79144669,0.25954675674438477,0.718824565,0.9172835946083069,5.211978912353516,5.693265438079834,4.000998020172119
11.7,1,14.780180931091309,204.87173461914062,205.1598358154297,202.03990173339844,202.66143798828125,201.10305786132812,0.4528367221355438,0.4612497389316559,0.4749388098716736,6.693008899688721,94.49703216552734,97.43836975097656,1.7405670881271362,-66.74416351,-90.41266632,0.8241752982139587,63.66712188720703,-32.66980362,0.2600574791431427,0.7063096165657043,0.9278959035873413,5.2151312828063965,5.641798496246338,4.142086029052734
11.75,1,14.780180931091309,204.87173461914062,205.1598358154297,202.03990173339844,202.66143798828125,201.10305786132812,0.4528367221355438,0.4612497389316559,0.4749388098716736,6.693008899688721,94.49703216552734,97.43836975097656,1.7405670881271362,-66.74416351,-90.41266632,0.8241752982139587,63.66712188720703,-32.66980362,0.2600574791431427,0.7063096165657043,0.9278959035873413,5.2151312828063965,5.641798496246338,4.142086029052734
11.8,1,14.780180931091309,204.87173461914062,205.1598358154297,202.03990173339844,202.66143798828125,201.10305786132812,0.4528367221355438,0.4612497389316559,0.4749388098716736,6.693008899688721,94.49703216552734,97.43836975097656,1.7405670881271362,-66.74416351,-90.41266632,0.8241752982139587,63.66712188720703,-32.66980362,0.2600574791431427,0.7063096165657043,0.9278959035873413,5.2151312828063965,5.641798496246338,4.142086029052734
11.85,1,14.780180931091309,204.87173461914062,205.1598358154297,202.03990173339844,202.66143798828125,201.10305786132812,0.4528367221355438,0.4612497389316559,0.4749388098716736,6.693008899688721,94.49703216552734,97.43836975097656,1.7405670881271362,-66.74416351,-90.41266632,0.8241752982139587,63.66712188720703,-32.66980362,0.2600574791431427,0.7063096165657043,0.9278959035873413,5.2151312828063965,5.641798496246338,4.142086029052734
11.9,1,15.112415313720703,204.9541778564453,205.1530762,202.0515899658203,202.7143096923828,201.02798461914062,0.4528336822986603,0.4548422396183014,0.47195008397102356,6.843410491943359,93.22181701660156,96.82201385498047,1.7451838254928589,-67.03775787,-88.9870224,0.9319047927856445,61.19855499267578,-34.44047546,0.2550166845321655,0.7191209197044373,0.9190784096717834,5.243518352508545,5.748887538909912,4.057005405426025
11.95,1,15.112415313720703,204.9541778564453,205.1530762,202.0515899658203,202.7143096923828,201.02798461914062,0.4528336822986603,0.4548422396183014,0.47195008397102356,6.843410491943359,93.22181701660156,96.82201385498047,1.7451838254928589,-67.03775787,-88.9870224,0.9319047927856445,61.19855499267578,-34.44047546,0.2550166845321655,0.7191209197044373,0.9190784096717834,5.243518352508545,5.748887538909912,4.057005405426025
12,1,15.112415313720703,204.9541778564453,205.1530762,202.0515899658203,202.7143096923828,201.02798461914062,0.4528336822986603,0.4548422396183014,0.47195008397102356,6.843410491943359,93.22181701660156,96.82201385498047,1.7451838254928589,-67.03775787,-88.9870224,0.9319047927856445,61.19855499267578,-34.44047546,0.2550166845321655,0.7191209197044373,0.9190784096717834,5.243518352508545,5.748887538909912,4.057005405426025
12.05,1,15.112415313720703,204.9541778564453,205.1530762,202.0515899658203,202.7143096923828,201.02798461914062,0.4528336822986603,0.4548422396183014,0.47195008397102356,6.843410491943359,93.22181701660156,96.82201385498047,1.7451838254928589,-67.03775787,-88.9870224,0.9319047927856445,61.19855499267578,-34.44047546,0.2550166845321655,0.7191209197044373,0.9190784096717834,5.243518352508545,5.748887538909912,4.057005405426025
12.1,1,15.270782470703125,204.92611694335938,205.13653564453125,202.0374755859375,202.74732971191406,201.04083251953125,0.4537998139858246,0.4583001732826233,0.4758395552635193,6.929878234863281,93.91767120361328,97.61207580566406,1.762284755706787,-66.27527618,-90.44127655,0.939052165,63.03068923950195,-32.90365601,0.25430241227149963,0.7056741714477539,0.926537812,5.404026508331299,5.730163574,4.237364292144775
12.15,1,15.270782470703125,204.92611694335938,205.13653564453125,202.0374755859375,202.74732971191406,201.04083251953125,0.4537998139858246,0.4583001732826233,0.4758395552635193,6.929878234863281,93.91767120361328,97.61207580566406,1.762284755706787,-66.27527618,-90.44127655,0.939052165,63.03068923950195,-32.90365601,0.25430241227149963,0.7056741714477539,0.926537812,5.404026508331299,5.730163574,4.237364292144775
12.2,1,15.270782470703125,204.92611694335938,205.13653564453125,202.0374755859375,202.74732971191406,201.04083251953125,0.4537998139858246,0.4583001732826233,0.4758395552635193,6.929878234863281,93.91767120361328,97.61207580566406,1.762284755706787,-66.27527618,-90.44127655,0.939052165,63.03068923950195,-32.90365601,0.25430241227149963,0.7056741714477539,0.926537812,5.404026508331299,5.730163574,4.237364292144775
12.25,1,15.270782470703125,204.92611694335938,205.13653564453125,202.0374755859375,202.74732971191406,201.04083251953125,0.4537998139858246,0.4583001732826233,0.4758395552635193,6.929878234863281,93.91767120361328,97.61207580566406,1.762284755706787,-66.27527618,-90.44127655,0.939052165,63.03068923950195,-32.90365601,0.25430241227149963,0.7056741714477539,0.926537812,5.404026508331299,5.730163574,4.237364292144775
12.3,1,15.405587196350098,205.0208282470703,205.13839721679688,202.078125,202.7266082763672,200.98699951171875,0.45262566208839417,0.45754799246788025,0.4738329350948334,6.972964286804199,93.80686950683594,97.20133209228516,1.7547686100006104,-66.70374298,-89.60276794,0.9914681911468506,62.311946868896484,-33.99271774,0.25165316462516785,0.7110752463340759,0.9218265414237976,5.336445331573486,5.790015697479248,4.090056419372559
12.35,1,15.405587196350098,205.0208282470703,205.13839721679688,202.078125,202.7266082763672,200.98699951171875,0.45262566208839417,0.45754799246788025,0.4738329350948334,6.972964286804199,93.80686950683594,97.20133209228516,1.7547686100006104,-66.70374298,-89.60276794,0.9914681911468506,62.311946868896484,-33.99271774,0.25165316462516785,0.7110752463340759,0.9218265414237976,5.336445331573486,5.790015697479248,4.090056419372559
12.4,1,15.405587196350098,205.0208282470703,205.13839721679688,202.078125,202.7266082763672,200.98699951171875,0.45262566208839417,0.45754799246788025,0.4738329350948334,6.972964286804199,93.80686950683594,97.20133209228516,1.7547686100006104,-66.70374298,-89.60276794,0.9914681911468506,62.311946868896484,-33.99271774,0.25165316462516785,0.7110752463340759,0.9218265414237976,5.336445331573486,5.790015697479248,4.090056419372559
12.45,1,15.405587196350098,205.0208282470703,205.13839721679688,202.078125,202.7266082763672,200.98699951171875,0.45262566208839417,0.45754799246788025,0.4738329350948334,6.972964286804199,93.80686950683594,97.20133209228516,1.7547686100006104,-66.70374298,-89.60276794,0.9914681911468506,62.311946868896484,-33.99271774,0.25165316462516785,0.7110752463340759,0.9218265414237976,5.336445331573486,5.790015697479248,4.090056419372559
12.5,1,15.060441970825195,204.95616149902344,205.20448303222656,202.08689880371094,202.69834899902344,201.1300811767578,0.45559027791023254,0.4618166387081146,0.4749753773212433,6.861391067504883,94.65216827392578,97.46707916259766,1.7695235013961792,-67.73628235,-89.97374725,0.9015650153160095,62.70061111450195,-33.98413849,0.25789573788642883,0.7156336903572083,0.9231193661689758,5.332273960113525,5.7435197830200195,4.218705177307129
12.55,1,15.060441970825195,204.95616149902344,205.20448303222656,202.08689880371094,202.69834899902344,201.1300811767578,0.45559027791023254,0.4618166387081146,0.4749753773212433,6.861391067504883,94.65216827392578,97.46707916259766,1.7695235013961792,-67.73628235,-89.97374725,0.9015650153160095,62.70061111450195,-33.98413849,0.25789573788642883,0.7156336903572083,0.9231193661689758,5.332273960113525,5.7435197830200195,4.218705177307129
12.6,1,15.060441970825195,204.95616149902344,205.20448303222656,202.08689880371094,202.69834899902344,201.1300811767578,0.45559027791023254,0.4618166387081146,0.4749753773212433,6.861391067504883,94.65216827392578,97.46707916259766,1.7695235013961792,-67.73628235,-89.97374725,0.9015650153160095,62.70061111450195,-33.98413849,0.25789573788642883,0.7156336903572083,0.9231193661689758,5.332273960113525,5.7435197830200195,4.218705177307129
12.65,1,15.060441970825195,204.95616149902344,205.20448303222656,202.08689880371094,202.69834899902344,201.1300811767578,0.45559027791023254,0.4618166387081146,0.4749753773212433,6.861391067504883,94.65216827392578,97.46707916259766,1.7695235013961792,-67.73628235,-89.97374725,0.9015650153160095,62.70061111450195,-33.98413849,0.25789573788642883,0.7156336903572083,0.9231193661689758,5.332273960113525,5.7435197830200195,4.218705177307129
12.7,1,15.20585823059082,204.91416931152344,205.0539551,201.99180603027344,202.59024047851562,200.9323272705078,0.44801753759384155,0.4570784270763397,0.47104087471961975,6.812490940093994,93.66184997558594,96.58879089355469,1.7200512886047363,-66.01555634,-89.19831848,0.9158957004547119,62.78398132324219,-33.045784,0.25248491764068604,0.70482868,0.9234852194786072,5.218861103057861,5.720932960510254,4.124711513519287
12.75,1,15.20585823059082,204.91416931152344,205.0539551,201.99180603027344,202.59024047851562,200.9323272705078,0.44801753759384155,0.4570784270763397,0.47104087471961975,6.812490940093994,93.66184997558594,96.58879089355469,1.7200512886047363,-66.01555634,-89.19831848,0.9158957004547119,62.78398132324219,-33.045784,0.25248491764068604,0.70482868,0.9234852194786072,5.218861103057861,5.720932960510254,4.124711513519287
12.8,1,15.20585823059082,204.91416931152344,205.0539551,201.99180603027344,202.59024047851562,200.9323272705078,0.44801753759384155,0.4570784270763397,0.47104087471961975,6.812490940093994,93.66184997558594,96.58879089355469,1.7200512886047363,-66.01555634,-89.19831848,0.9158957004547119,62.78398132324219,-33.045784,0.25248491764068604,0.70482868,0.9234852194786072,5.218861103057861,5.720932960510254,4.124711513519287
12.85,1,15.20585823059082,204.91416931152344,205.0539551,201.99180603027344,202.59024047851562,200.9323272705078,0.44801753759384155,0.4570784270763397,0.47104087471961975,6.812490940093994,93.66184997558594,96.58879089355469,1.7200512886047363,-66.01555634,-89.19831848,0.9158957004547119,62.78398132324219,-33.045784,0.25248491764068604,0.70482868,0.9234852194786072,5.218861103057861,5.720932960510254,4.124711513519287
12.9,1,15.328675270080566,205.02691650390625,205.15176391601562,202.1288299560547,202.79421997070312,201.0457305908203,0.4591316878795624,0.46340516209602356,0.48156502842903137,7.0378804206848145,95.01052856445312,98.79391479492188,1.796247959136963,-67.40522003,-91.10822296,0.9724704623222351,63.19545364379883,-34.21602249,0.25522568821907043,0.7094500064849854,0.9222047924995422,5.418366432189941,5.708508014678955,4.226995468139648
12.95,1,15.328675270080566,205.02691650390625,205.15176391601562,202.1288299560547,202.79421997070312,201.0457305908203,0.4591316878795624,0.46340516209602356,0.48156502842903137,7.0378804206848145,95.01052856445312,98.79391479492188,1.796247959136963,-67.40522003,-91.10822296,0.9724704623222351,63.19545364379883,-34.21602249,0.25522568821907043,0.7094500064849854,0.9222047924995422,5.418366432189941,5.708508014678955,4.226995468139648
13,1,15.328675270080566,205.02691650390625,205.15176391601562,202.1288299560547,202.79421997070312,201.0457305908203,0.4591316878795624,0.46340516209602356,0.48156502842903137,7.0378804206848145,95.01052856445312,98.79391479492188,1.796247959136963,-67.40522003,-91.10822296,0.9724704623222351,63.19545364379883,-34.21602249,0.25522568821907043,0.7094500064849854,0.9222047924995422,5.418366432189941,5.708508014678955,4.226995468139648
13.05,1,15.328675270080566,205.02691650390625,205.15176391601562,202.1288299560547,202.79421997070312,201.0457305908203,0.4591316878795624,0.46340516209602356,0.48156502842903137,7.0378804206848145,95.01052856445312,98.79391479492188,1.796247959136963,-67.40522003,-91.10822296,0.9724704623222351,63.19545364379883,-34.21602249,0.25522568821907043,0.7094500064849854,0.9222047924995422,5.418366432189941,5.708508014678955,4.226995468139648
13.1,1,74.07506561279297,179.4854278564453,183.5940399169922,202.09764099121094,202.37586975097656,200.58631896972656,0.44092386960983276,0.45452553033828735,0.47655513882637024,32.66146469116211,81.58071136,87.49268341064453,-15.68753529,-59.40557861,-78.07670593,1.5543943643569946,45.82157897949219,-16.75004005,0.4803071618080139,0.7281816601753235,0.8923798203468323,5.514215469360352,5.7109174728393555,4.270426273345947
13.15,1,74.07506561279297,179.4854278564453,183.5940399169922,202.09764099121094,202.37586975097656,200.58631896972656,0.44092386960983276,0.45452553033828735,0.47655513882637024,32.66146469116211,81.58071136,87.49268341064453,-15.68753529,-59.40557861,-78.07670593,1.5543943643569946,45.82157897949219,-16.75004005,0.4803071618080139,0.7281816601753235,0.8923798203468323,5.514215469360352,5.7109174728393555,4.270426273345947
13.2,1,74.07506561279297,179.4854278564453,183.5940399169922,202.09764099121094,202.37586975097656,200.58631896972656,0.44092386960983276,0.45452553033828735,0.47655513882637024,32.66146469116211,81.58071136,87.49268341064453,-15.68753529,-59.40557861,-78.07670593,1.5543943643569946,45.82157897949219,-16.75004005,0.4803071618080139,0.7281816601753235,0.8923798203468323,5.514215469360352,5.7109174728393555,4.270426273345947
13.25,1,74.07506561279297,179.4854278564453,183.5940399169922,202.09764099121094,202.37586975097656,200.58631896972656,0.44092386960983276,0.45452553033828735,0.47655513882637024,32.66146469116211,81.58071136,87.49268341064453,-15.68753529,-59.40557861,-78.07670593,1.5543943643569946,45.82157897949219,-16.75004005,0.4803071618080139,0.7281816601753235,0.8923798203468323,5.514215469360352,5.7109174728393555,4.270426273345947
13.3,0,102.94242095947266,128.2833251953125,119.2808837890625,202.22630310058594,202.1851043701172,200.4160156,0.44401565194129944,0.4695799648761749,0.49750563502311707,45.708045959472656,60.239280700683594,59.34291076660156,-44.1043663,-55.62315369,-58.23659897,7.024322986602783,19.505870819091797,2.8685288429260254,0.9649147391319275,0.9233701229095459,0.9813572764396667,5.855571269989014,5.513514518737793,4.609619617462158
13.35,0,102.94242095947266,128.2833251953125,119.2808837890625,202.22630310058594,202.1851043701172,200.4160156,0.44401565194129944,0.4695799648761749,0.49750563502311707,45.708045959472656,60.239280700683594,59.34291076660156,-44.1043663,-55.62315369,-58.23659897,7.024322986602783,19.505870819091797,2.8685288429260254,0.9649147391319275,0.9233701229095459,0.9813572764396667,5.855571269989014,5.513514518737793,4.609619617462158
13.4,0,102.94242095947266,128.2833251953125,119.2808837890625,202.22630310058594,202.1851043701172,200.4160156,0.44401565194129944,0.4695799648761749,0.49750563502311707,45.708045959472656,60.239280700683594,59.34291076660156,-44.1043663,-55.62315369,-58.23659897,7.024322986602783,19.505870819091797,2.8685288429260254,0.9649147391319275,0.9233701229095459,0.9813572764396667,5.855571269989014,5.513514518737793,4.609619617462158
13.45,0,102.94242095947266,128.2833251953125,119.2808837890625,202.22630310058594,202.1851043701172,200.4160156,0.44401565194129944,0.4695799648761749,0.49750563502311707,45.708045959472656,60.239280700683594,59.34291076660156,-44.1043663,-55.62315369,-58.23659897,7.024322986602783,19.505870819091797,2.8685288429260254,0.9649147391319275,0.9233701229095459,0.9813572764396667,5.855571269989014,5.513514518737793,4.609619617462158
13.5,0,103.13556671142578,128.3347930908203,118.77436065673828,202.0973663330078,202.07424926757812,200.3309326171875,0.4339727461338043,0.4622822403907776,0.4857824742794037,44.758026123046875,59.32689666748047,57.69850158691406,-43.23789597,-55.10668182,-56.69850159,6.887272834777832,18.50102996826172,1.9940286874771118,0.9660366773605347,0.9288650751113892,0.9826685190200806,5.674173355102539,5.472631454467773,4.494894981384277
13.55,0,103.13556671142578,128.3347930908203,118.77436065673828,202.0973663330078,202.07424926757812,200.3309326171875,0.4339727461338043,0.4622822403907776,0.4857824742794037,44.758026123046875,59.32689666748047,57.69850158691406,-43.23789597,-55.10668182,-56.69850159,6.887272834777832,18.50102996826172,1.9940286874771118,0.9660366773605347,0.9288650751113892,0.9826685190200806,5.674173355102539,5.472631454467773,4.494894981384277
13.6,0,103.13556671142578,128.3347930908203,118.77436065673828,202.0973663330078,202.07424926757812,200.3309326171875,0.4339727461338043,0.4622822403907776,0.4857824742794037,44.758026123046875,59.32689666748047,57.69850158691406,-43.23789597,-55.10668182,-56.69850159,6.887272834777832,18.50102996826172,1.9940286874771118,0.9660366773605347,0.9288650751113892,0.9826685190200806,5.674173355102539,5.472631454467773,4.494894981384277
13.65,0,103.13556671142578,128.3347930908203,118.77436065673828,202.0973663330078,202.07424926757812,200.3309326171875,0.4339727461338043,0.4622822403907776,0.4857824742794037,44.758026123046875,59.32689666748047,57.69850158691406,-43.23789597,-55.10668182,-56.69850159,6.887272834777832,18.50102996826172,1.9940286874771118,0.9660366773605347,0.9288650751113892,0.9826685190200806,5.674173355102539,5.472631454467773,4.494894981384277
13.7,0,103.19563293457031,128.28768920898438,118.7407227,202.0825958251953,201.9831085205078,200.38624572753906,0.4420427680015564,0.4695623815059662,0.4909907877445221,45.61688232421875,60.23907470703125,58.300601959228516,-43.97222519,-55.75562286,-57.26543045,7.927551746368408,19.391103744506836,3.048990488052368,0.9639462828636169,0.9255723357200623,0.9822442531585693,5.637584209442139,5.471632480621338,4.503011703491211
13.75,0,103.19563293457031,128.28768920898438,118.7407227,202.0825958251953,201.9831085205078,200.38624572753906,0.4420427680015564,0.4695623815059662,0.4909907877445221,45.61688232421875,60.23907470703125,58.300601959228516,-43.97222519,-55.75562286,-57.26543045,7.927551746368408,19.391103744506836,3.048990488052368,0.9639462828636169,0.9255723357200623,0.9822442531585693,5.637584209442139,5.471632480621338,4.503011703491211
13.8,0,103.19563293457031,128.28768920898438,118.7407227,202.0825958251953,201.9831085205078,200.38624572753906,0.4420427680015564,0.4695623815059662,0.4909907877445221,45.61688232421875,60.23907470703125,58.300601959228516,-43.97222519,-55.75562286,-57.26543045,7.927551746368408,19.391103744506836,3.048990488052368,0.9639462828636169,0.9255723357200623,0.9822442531585693,5.637584209442139,5.471632480621338,4.503011703491211
13.85,0,103.19563293457031,128.28768920898438,118.7407227,202.0825958251953,201.9831085205078,200.38624572753906,0.4420427680015564,0.4695623815059662,0.4909907877445221,45.61688232421875,60.23907470703125,58.300601959228516,-43.97222519,-55.75562286,-57.26543045,7.927551746368408,19.391103744506836,3.048990488052368,0.9639462828636169,0.9255723357200623,0.9822442531585693,5.637584209442139,5.471632480621338,4.503011703491211
13.9,0,103.14443969726562,128.4123992919922,118.77545928955078,202.15805053710938,202.16746520996094,200.33514404296875,0.4379170835018158,0.46625927090644836,0.4925000071525574,45.16871262,59.873470306396484,58.49691390991211,-43.66167068,-55.5657196,-57.50802231,6.811343193054199,18.858203887939453,2.049041509628296,0.9666352868080139,0.9280524253845215,0.9830949902534485,5.786961555480957,5.530137062072754,4.511658191680908
13.95,0,103.14443969726562,128.4123992919922,118.77545928955078,202.15805053710938,202.16746520996094,200.33514404296875,0.4379170835018158,0.46625927090644836,0.4925000071525574,45.16871262,59.873470306396484,58.49691390991211,-43.66167068,-55.5657196,-57.50802231,6.811343193054199,18.858203887939453,2.049041509628296,0.9666352868080139,0.9280524253845215,0.9830949902534485,5.786961555480957,5.530137062072754,4.511658191680908
14,0,103.14443969726562,128.4123992919922,118.77545928955078,202.15805053710938,202.16746520996094,200.33514404296875,0.4379170835018158,0.46625927090644836,0.4925000071525574,45.16871262,59.873470306396484,58.49691390991211,-43.66167068,-55.5657196,-57.50802231,6.811343193054199,18.858203887939453,2.049041509628296,0.9666352868080139,0.9280524253845215,0.9830949902534485,5.786961555480957,5.530137062072754,4.511658191680908
14.05,0,103.14443969726562,128.4123992919922,118.77545928955078,202.15805053710938,202.16746520996094,200.33514404296875,0.4379170835018158,0.46625927090644836,0.4925000071525574,45.16871262,59.873470306396484,58.49691390991211,-43.66167068,-55.5657196,-57.50802231,6.811343193054199,18.858203887939453,2.049041509628296,0.9666352868080139,0.9280524253845215,0.9830949902534485,5.786961555480957,5.530137062072754,4.511658191680908
14.1,0,103.12322235107422,128.35215759277344,118.6952896118164,202.08889770507812,202.06626892089844,200.22666931152344,0.4362853467464447,0.4600502550601959,0.487761527,44.99114990234375,59.04844284057617,57.894996643066406,-43.35246277,-54.46378326,-56.80203629,7.257609844207764,19.16888999938965,3.1515004634857178,0.9635775685310364,0.9223576784133911,0.9811216592788696,5.814689636230469,5.5690178871154785,4.561072826385498
14.15,0,103.12322235107422,128.35215759277344,118.6952896118164,202.08889770507812,202.06626892089844,200.22666931152344,0.4362853467464447,0.4600502550601959,0.487761527,44.99114990234375,59.04844284057617,57.894996643066406,-43.35246277,-54.46378326,-56.80203629,7.257609844207764,19.16888999938965,3.1515004634857178,0.9635775685310364,0.9223576784133911,0.9811216592788696,5.814689636230469,5.5690178871154785,4.561072826385498
14.2,0,103.12322235107422,128.35215759277344,118.6952896118164,202.08889770507812,202.06626892089844,200.22666931152344,0.4362853467464447,0.4600502550601959,0.487761527,44.99114990234375,59.04844284057617,57.894996643066406,-43.35246277,-54.46378326,-56.80203629,7.257609844207764,19.16888999938965,3.1515004634857178,0.9635775685310364,0.9223576784133911,0.9811216592788696,5.814689636230469,5.5690178871154785,4.561072826385498
14.25,0,103.12322235107422,128.35215759277344,118.6952896118164,202.08889770507812,202.06626892089844,200.22666931152344,0.4362853467464447,0.4600502550601959,0.487761527,44.99114990234375,59.04844284057617,57.894996643066406,-43.35246277,-54.46378326,-56.80203629,7.257609844207764,19.16888999938965,3.1515004634857178,0.9635775685310364,0.9223576784133911,0.9811216592788696,5.814689636230469,5.5690178871154785,4.561072826385498
14.3,0,103.14151763916016,128.42266845703125,118.75985717773438,202.1770477294922,202.16297912597656,200.3072967529297,0.43885675072669983,0.467306525,0.49538275599479675,45.26435089111328,60.012752532958984,58.83158493041992,-43.7177124,-55.54125977,-57.80698013,6.892298698425293,19.252546310424805,2.3233819007873535,0.9658309817314148,0.9254909753799438,0.9825841188430786,5.862608432769775,5.513890266418457,4.5813374519348145
14.35,0,103.14151763916016,128.42266845703125,118.75985717773438,202.1770477294922,202.16297912597656,200.3072967529297,0.43885675072669983,0.467306525,0.49538275599479675,45.26435089111328,60.012752532958984,58.83158493041992,-43.7177124,-55.54125977,-57.80698013,6.892298698425293,19.252546310424805,2.3233819007873535,0.9658309817314148,0.9254909753799438,0.9825841188430786,5.862608432769775,5.513890266418457,4.5813374519348145
14.4,0,103.14151763916016,128.42266845703125,118.75985717773438,202.1770477294922,202.16297912597656,200.3072967529297,0.43885675072669983,0.467306525,0.49538275599479675,45.26435089111328,60.012752532958984,58.83158493041992,-43.7177124,-55.54125977,-57.80698013,6.892298698425293,19.252546310424805,2.3233819007873535,0.9658309817314148,0.9254909753799438,0.9825841188430786,5.862608432769775,5.513890266418457,4.5813374519348145
14.45,0,103.14151763916016,128.42266845703125,118.75985717773438,202.1770477294922,202.16297912597656,200.3072967529297,0.43885675072669983,0.467306525,0.49538275599479675,45.26435089111328,60.012752532958984,58.83158493041992,-43.7177124,-55.54125977,-57.80698013,6.892298698425293,19.252546310424805,2.3233819007873535,0.9658309817314148,0.9254909753799438,0.9825841188430786,5.862608432769775,5.513890266418457,4.5813374519348145
14.5,0,103.12254333496094,128.3072967529297,118.68875122070312,202.04627990722656,201.9770508,200.25364685058594,0.43504443764686584,0.4618319869041443,0.4861181676387787,44.86288833618164,59.256412506103516,57.69675827026367,-43.27370071,-54.96058273,-56.61248779,6.847090244293213,18.411006927490234,2.0749106407165527,0.964576781,0.9275043606758118,0.9812074303627014,5.713041782,5.510164737701416,4.5021843910217285
14.55,0,103.12254333496094,128.3072967529297,118.68875122070312,202.04627990722656,201.9770508,200.25364685058594,0.43504443764686584,0.4618319869041443,0.4861181676387787,44.86288833618164,59.256412506103516,57.69675827026367,-43.27370071,-54.96058273,-56.61248779,6.847090244293213,18.411006927490234,2.0749106407165527,0.964576781,0.9275043606758118,0.9812074303627014,5.713041782,5.510164737701416,4.5021843910217285
14.6,0,103.12254333496094,128.3072967529297,118.68875122070312,202.04627990722656,201.9770508,200.25364685058594,0.43504443764686584,0.4618319869041443,0.4861181676387787,44.86288833618164,59.256412506103516,57.69675827026367,-43.27370071,-54.96058273,-56.61248779,6.847090244293213,18.411006927490234,2.0749106407165527,0.964576781,0.9275043606758118,0.9812074303627014,5.713041782,5.510164737701416,4.5021843910217285
14.65,0,103.12254333496094,128.3072967529297,118.68875122070312,202.04627990722656,201.9770508,200.25364685058594,0.43504443764686584,0.4618319869041443,0.4861181676387787,44.86288833618164,59.256412506103516,57.69675827026367,-43.27370071,-54.96058273,-56.61248779,6.847090244293213,18.411006927490234,2.0749106407165527,0.964576781,0.9275043606758118,0.9812074303627014,5.713041782,5.510164737701416,4.5021843910217285
14.7,0,103.13314819335938,128.32325744628906,118.73255920410156,202.0524902,202.0239715576172,200.32183837890625,0.4412498474121094,0.46942058205604553,0.49312564730644226,45.507484436035156,60.237579345703125,58.550071716308594,-43.90468216,-55.73372269,-57.53549957,7.818029880523682,19.65458869934082,3.0591487884521484,0.9647793769836426,0.9252317547798157,0.9826717376708984,5.686664581298828,5.508426666259766,4.537688732147217
14.75,0,103.13314819335938,128.32325744628906,118.73255920410156,202.0524902,202.0239715576172,200.32183837890625,0.4412498474121094,0.46942058205604553,0.49312564730644226,45.507484436035156,60.237579345703125,58.550071716308594,-43.90468216,-55.73372269,-57.53549957,7.818029880523682,19.65458869934082,3.0591487884521484,0.9647793769836426,0.9252317547798157,0.9826717376708984,5.686664581298828,5.508426666259766,4.537688732147217
14.8,0,103.13314819335938,128.32325744628906,118.73255920410156,202.0524902,202.0239715576172,200.32183837890625,0.4412498474121094,0.46942058205604553,0.49312564730644226,45.507484436035156,60.237579345703125,58.550071716308594,-43.90468216,-55.73372269,-57.53549957,7.818029880523682,19.65458869934082,3.0591487884521484,0.9647793769836426,0.9252317547798157,0.9826717376708984,5.686664581298828,5.508426666259766,4.537688732147217
14.85,0,103.13314819335938,128.32325744628906,118.73255920410156,202.0524902,202.0239715576172,200.32183837890625,0.4412498474121094,0.46942058205604553,0.49312564730644226,45.507484436035156,60.237579345703125,58.550071716308594,-43.90468216,-55.73372269,-57.53549957,7.818029880523682,19.65458869934082,3.0591487884521484,0.9647793769836426,0.9252317547798157,0.9826717376708984,5.686664581298828,5.508426666259766,4.537688732147217
14.9,0,103.10261535644531,128.3535919189453,118.73065185546875,202.05789184570312,202.0854949951172,200.26145935058594,0.43865060806274414,0.46245449781417847,0.4913707971572876,45.22602462768555,59.357696533203125,58.34077453613281,-43.69015884,-55.02170944,-57.28433609,6.505439758300781,18.435226440429688,2.1895742416381836,0.9660401940345764,0.9269515872001648,0.98189193,5.737924575805664,5.519159794,4.522810935974121
14.95,0,103.10261535644531,128.3535919189453,118.73065185546875,202.05789184570312,202.0854949951172,200.26145935058594,0.43865060806274414,0.46245449781417847,0.4913707971572876,45.22602462768555,59.357696533203125,58.34077453613281,-43.69015884,-55.02170944,-57.28433609,6.505439758300781,18.435226440429688,2.1895742416381836,0.9660401940345764,0.9269515872001648,0.98189193,5.737924575805664,5.519159794,4.522810935974121
15,0,103.10261535644531,128.3535919189453,118.73065185546875,202.05789184570312,202.0854949951172,200.26145935058594,0.43865060806274414,0.46245449781417847,0.4913707971572876,45.22602462768555,59.357696533203125,58.34077453613281,-43.69015884,-55.02170944,-57.28433609,6.505439758300781,18.435226440429688,2.1895742416381836,0.9660401940345764,0.9269515872001648,0.98189193,5.737924575805664,5.519159794,4.522810935974121
15.05,0,103.10261535644531,128.3535919189453,118.73065185546875,202.05789184570312,202.0854949951172,200.26145935058594,0.43865060806274414,0.46245449781417847,0.4913707971572876,45.22602462768555,59.357696533203125,58.34077453613281,-43.69015884,-55.02170944,-57.28433609,6.505439758300781,18.435226440429688,2.1895742416381836,0.9660401940345764,0.9269515872001648,0.98189193,5.737924575805664,5.519159794,4.522810935974121
15.1,0,103.10477447509766,128.3883819580078,118.72496795654297,202.10972595214844,202.11293029785156,200.24197387695312,0.4370286464691162,0.4662952721118927,0.49325627088546753,45.05973815917969,59.86689376831055,58.56183624267578,-43.42847824,-55.16854095,-57.5439682,7.559471130371094,20.00977135,3.1254990100860596,0.9637978672981262,0.9215199947357178,0.9826189279556274,5.7951507568359375,5.473966121673584,4.542247772216797
15.15,0,103.10477447509766,128.3883819580078,118.72496795654297,202.10972595214844,202.11293029785156,200.24197387695312,0.4370286464691162,0.4662952721118927,0.49325627088546753,45.05973815917969,59.86689376831055,58.56183624267578,-43.42847824,-55.16854095,-57.5439682,7.559471130371094,20.00977135,3.1254990100860596,0.9637978672981262,0.9215199947357178,0.9826189279556274,5.7951507568359375,5.473966121673584,4.542247772216797
15.2,0,103.10477447509766,128.3883819580078,118.72496795654297,202.10972595214844,202.11293029785156,200.24197387695312,0.4370286464691162,0.4662952721118927,0.49325627088546753,45.05973815917969,59.86689376831055,58.56183624267578,-43.42847824,-55.16854095,-57.5439682,7.559471130371094,20.00977135,3.1254990100860596,0.9637978672981262,0.9215199947357178,0.9826189279556274,5.7951507568359375,5.473966121673584,4.542247772216797
15.25,0,103.10477447509766,128.3883819580078,118.72496795654297,202.10972595214844,202.11293029785156,200.24197387695312,0.4370286464691162,0.4662952721118927,0.49325627088546753,45.05973815917969,59.86689376831055,58.56183624267578,-43.42847824,-55.16854095,-57.5439682,7.559471130371094,20.00977135,3.1254990100860596,0.9637978672981262,0.9215199947357178,0.9826189279556274,5.7951507568359375,5.473966121673584,4.542247772216797
15.3,0,103.14517974853516,128.3943328857422,118.73690032958984,202.1549072265625,202.1223145,200.28733825683594,0.4399924576282501,0.4648069143295288,0.4925912618637085,45.38310241699219,59.67857360839844,58.48875809,-43.81781006,-55.35314178,-57.38190842,6.539221764,18.410341262817383,2.0381906032562256,0.9655093550682068,0.9275211691856384,0.9810758829116821,5.763773441314697,5.515018939971924,4.485692977905273
15.35,0,103.14517974853516,128.3943328857422,118.73690032958984,202.1549072265625,202.1223145,200.28733825683594,0.4399924576282501,0.4648069143295288,0.4925912618637085,45.38310241699219,59.67857360839844,58.48875809,-43.81781006,-55.35314178,-57.38190842,6.539221764,18.410341262817383,2.0381906032562256,0.9655093550682068,0.9275211691856384,0.9810758829116821,5.763773441314697,5.515018939971924,4.485692977905273
15.4,0,103.14517974853516,128.3943328857422,118.73690032958984,202.1549072265625,202.1223145,200.28733825683594,0.4399924576282501,0.4648069143295288,0.4925912618637085,45.38310241699219,59.67857360839844,58.48875809,-43.81781006,-55.35314178,-57.38190842,6.539221764,18.410341262817383,2.0381906032562256,0.9655093550682068,0.9275211691856384,0.9810758829116821,5.763773441314697,5.515018939971924,4.485692977905273
15.45,0,103.14517974853516,128.3943328857422,118.73690032958984,202.1549072265625,202.1223145,200.28733825683594,0.4399924576282501,0.4648069143295288,0.4925912618637085,45.38310241699219,59.67857360839844,58.48875809,-43.81781006,-55.35314178,-57.38190842,6.539221764,18.410341262817383,2.0381906032562256,0.9655093550682068,0.9275211691856384,0.9810758829116821,5.763773441314697,5.515018939971924,4.485692977905273
15.5,0,103.11795806884766,128.3365020751953,118.73635864257812,202.03475952148438,202.04415893554688,200.31967163085938,0.4364106059074402,0.46478453278541565,0.49003860354423523,45.00177001953125,59.64882278442383,58.18539810180664,-43.44466782,-55.1485939,-57.18872452,7.448488235473633,19.462247848510742,2.835223913192749,0.9653990864753723,0.9245545864105225,0.9828706979751587,5.671454429626465,5.497460365,4.514421463012695
15.55,0,103.11795806884766,128.3365020751953,118.73635864257812,202.03475952148438,202.04415893554688,200.31967163085938,0.4364106059074402,0.46478453278541565,0.49003860354423523,45.00177001953125,59.64882278442383,58.18539810180664,-43.44466782,-55.1485939,-57.18872452,7.448488235473633,19.462247848510742,2.835223913192749,0.9653990864753723,0.9245545864105225,0.9828706979751587,5.671454429626465,5.497460365,4.514421463012695
15.6,0,103.11795806884766,128.3365020751953,118.73635864257812,202.03475952148438,202.04415893554688,200.31967163085938,0.4364106059074402,0.46478453278541565,0.49003860354423523,45.00177001953125,59.64882278442383,58.18539810180664,-43.44466782,-55.1485939,-57.18872452,7.448488235473633,19.462247848510742,2.835223913192749,0.9653990864753723,0.9245545864105225,0.9828706979751587,5.671454429626465,5.497460365,4.514421463012695
15.65,0,103.11795806884766,128.3365020751953,118.73635864257812,202.03475952148438,202.04415893554688,200.31967163085938,0.4364106059074402,0.46478453278541565,0.49003860354423523,45.00177001953125,59.64882278442383,58.18539810180664,-43.44466782,-55.1485939,-57.18872452,7.448488235473633,19.462247848510742,2.835223913192749,0.9653990864753723,0.9245545864105225,0.9828706979751587,5.671454429626465,5.497460365,4.514421463012695
15.7,0,103.1534423828125,128.28611755371094,118.71577453613281,202.03750610351562,201.9635772705078,200.33424377441406,0.4399637281894684,0.4664124846458435,0.48783618211746216,45.38377380371094,59.83424758911133,57.913848876953125,-43.71395874,-55.52442169,-56.80514908,7.336733818054199,18.554962158203125,2.3424479961395264,0.9632067680358887,0.9279705882072449,0.9808560609817505,5.612415790557861,5.502746105194092,4.470023155212402
15.75,0,103.1534423828125,128.28611755371094,118.71577453613281,202.03750610351562,201.9635772705078,200.33424377441406,0.4399637281894684,0.4664124846458435,0.48783618211746216,45.38377380371094,59.83424758911133,57.913848876953125,-43.71395874,-55.52442169,-56.80514908,7.336733818054199,18.554962158203125,2.3424479961395264,0.9632067680358887,0.9279705882072449,0.9808560609817505,5.612415790557861,5.502746105194092,4.470023155212402
15.8,0,103.1534423828125,128.28611755371094,118.71577453613281,202.03750610351562,201.9635772705078,200.33424377441406,0.4399637281894684,0.4664124846458435,0.48783618211746216,45.38377380371094,59.83424758911133,57.913848876953125,-43.71395874,-55.52442169,-56.80514908,7.336733818054199,18.554962158203125,2.3424479961395264,0.9632067680358887,0.9279705882072449,0.9808560609817505,5.612415790557861,5.502746105194092,4.470023155212402
15.85,0,103.1534423828125,128.28611755371094,118.71577453613281,202.03750610351562,201.9635772705078,200.33424377441406,0.4399637281894684,0.4664124846458435,0.48783618211746216,45.38377380371094,59.83424758911133,57.913848876953125,-43.71395874,-55.52442169,-56.80514908,7.336733818054199,18.554962158203125,2.3424479961395264,0.9632067680358887,0.9279705882072449,0.9808560609817505,5.612415790557861,5.502746105194092,4.470023155212402
15.9,0,103.13224029541016,128.4232635498047,118.7509766,202.14659118652344,202.15834045410156,200.3052978515625,0.44053465127944946,0.4668864607810974,0.4947544038295746,45.433326721191406,59.959083557128906,58.752567291259766,-43.87435532,-55.48339462,-57.68145752,6.942255020141602,19.051612854003906,2.486417055130005,0.9656866192817688,0.9253543019294739,0.9817691445350647,5.798746109008789,5.539646148681641,4.5455498695373535
15.95,0,103.13224029541016,128.4232635498047,118.7509766,202.14659118652344,202.15834045410156,200.3052978515625,0.44053465127944946,0.4668864607810974,0.4947544038295746,45.433326721191406,59.959083557128906,58.752567291259766,-43.87435532,-55.48339462,-57.68145752,6.942255020141602,19.051612854003906,2.486417055130005,0.9656866192817688,0.9253543019294739,0.9817691445350647,5.798746109008789,5.539646148681641,4.5455498695373535
16,0,103.13224029541016,128.4232635498047,118.7509766,202.14659118652344,202.15834045410156,200.3052978515625,0.44053465127944946,0.4668864607810974,0.4947544038295746,45.433326721191406,59.959083557128906,58.752567291259766,-43.87435532,-55.48339462,-57.68145752,6.942255020141602,19.051612854003906,2.486417055130005,0.9656866192817688,0.9253543019294739,0.9817691445350647,5.798746109008789,5.539646148681641,4.5455498695373535
16.05,0,103.13224029541016,128.4232635498047,118.7509766,202.14659118652344,202.15834045410156,200.3052978515625,0.44053465127944946,0.4668864607810974,0.4947544038295746,45.433326721191406,59.959083557128906,58.752567291259766,-43.87435532,-55.48339462,-57.68145752,6.942255020141602,19.051612854003906,2.486417055130005,0.9656866192817688,0.9253543019294739,0.9817691445350647,5.798746109008789,5.539646148681641,4.5455498695373535
16.1,0,103.11439514160156,128.37185668945312,118.6990966796875,202.11302185058594,202.0820770263672,200.21702575683594,0.43618953227996826,0.46283313632011414,0.48992976546287537,44.977420806884766,59.41474914550781,58.15422058105469,-43.30622482,-54.71589661,-57.03623581,7.222089767456055,19.388193130493164,2.9429080486297607,0.962843657,0.920914352,0.9807755351066589,5.846407890319824,5.5937604904174805,4.539690017700195
16.15,0,103.11439514160156,128.37185668945312,118.6990966796875,202.11302185058594,202.0820770263672,200.21702575683594,0.43618953227996826,0.46283313632011414,0.48992976546287537,44.977420806884766,59.41474914550781,58.15422058105469,-43.30622482,-54.71589661,-57.03623581,7.222089767456055,19.388193130493164,2.9429080486297607,0.962843657,0.920914352,0.9807755351066589,5.846407890319824,5.5937604904174805,4.539690017700195
16.2,0,103.11439514160156,128.37185668945312,118.6990966796875,202.11302185058594,202.0820770263672,200.21702575683594,0.43618953227996826,0.46283313632011414,0.48992976546287537,44.977420806884766,59.41474914550781,58.15422058105469,-43.30622482,-54.71589661,-57.03623581,7.222089767456055,19.388193130493164,2.9429080486297607,0.962843657,0.920914352,0.9807755351066589,5.846407890319824,5.5937604904174805,4.539690017700195
16.25,0,103.11439514160156,128.37185668945312,118.6990966796875,202.11302185058594,202.0820770263672,200.21702575683594,0.43618953227996826,0.46283313632011414,0.48992976546287537,44.977420806884766,59.41474914550781,58.15422058105469,-43.30622482,-54.71589661,-57.03623581,7.222089767456055,19.388193130493164,2.9429080486297607,0.962843657,0.920914352,0.9807755351066589,5.846407890319824,5.5937604904174805,4.539690017700195
16.3,0,103.14995574951172,128.4519043,118.76160430908203,202.1930389404297,202.18617248535156,200.32835388183594,0.4443163275718689,0.46975645422935486,0.4982041120529175,45.83121109008789,60.34111022949219,59.167518615722656,-44.37075806,-56.00020981,-58.19255829,6.999853610992432,19.11931800842285,2.5388975143432617,0.9681341052055359,0.9280606508255005,0.9835220575332642,5.844628334,5.606390953063965,4.620907306671143
16.35,0,103.14995574951172,128.4519043,118.76160430908203,202.1930389404297,202.18617248535156,200.32835388183594,0.4443163275718689,0.46975645422935486,0.4982041120529175,45.83121109008789,60.34111022949219,59.167518615722656,-44.37075806,-56.00020981,-58.19255829,6.999853610992432,19.11931800842285,2.5388975143432617,0.9681341052055359,0.9280606508255005,0.9835220575332642,5.844628334,5.606390953063965,4.620907306671143
16.4,0,103.14995574951172,128.4519043,118.76160430908203,202.1930389404297,202.18617248535156,200.32835388183594,0.4443163275718689,0.46975645422935486,0.4982041120529175,45.83121109008789,60.34111022949219,59.167518615722656,-44.37075806,-56.00020981,-58.19255829,6.999853610992432,19.11931800842285,2.5388975143432617,0.9681341052055359,0.9280606508255005,0.9835220575332642,5.844628334,5.606390953063965,4.620907306671143
16.45,0,103.14995574951172,128.4519043,118.76160430908203,202.1930389404297,202.18617248535156,200.32835388183594,0.4443163275718689,0.46975645422935486,0.4982041120529175,45.83121109008789,60.34111022949219,59.167518615722656,-44.37075806,-56.00020981,-58.19255829,6.999853610992432,19.11931800842285,2.5388975143432617,0.9681341052055359,0.9280606508255005,0.9835220575332642,5.844628334,5.606390953063965,4.620907306671143
16.5,0,103.07451629638672,128.26974487304688,118.6503677368164,201.97006225585938,201.92819213867188,200.1719970703125,0.4312913715839386,0.45919549465179443,0.4847121834754944,44.45515060424805,58.90089035,57.51128005981445,-42.82400131,-54.41552353,-56.3944664,6.931130886077881,18.813949584960938,2.344799041748047,0.9633079767227173,0.9238489270210266,0.9805809855461121,5.775787830352783,5.559166431427002,4.549641132354736
16.55,0,103.07451629638672,128.26974487304688,118.6503677368164,201.97006225585938,201.92819213867188,200.1719970703125,0.4312913715839386,0.45919549465179443,0.4847121834754944,44.45515060424805,58.90089035,57.51128005981445,-42.82400131,-54.41552353,-56.3944664,6.931130886077881,18.813949584960938,2.344799041748047,0.9633079767227173,0.9238489270210266,0.9805809855461121,5.775787830352783,5.559166431427002,4.549641132354736
16.6,0,103.07451629638672,128.26974487304688,118.6503677368164,201.97006225585938,201.92819213867188,200.1719970703125,0.4312913715839386,0.45919549465179443,0.4847121834754944,44.45515060424805,58.90089035,57.51128005981445,-42.82400131,-54.41552353,-56.3944664,6.931130886077881,18.813949584960938,2.344799041748047,0.9633079767227173,0.9238489270210266,0.9805809855461121,5.775787830352783,5.559166431427002,4.549641132354736
16.65,0,103.07451629638672,128.26974487304688,118.6503677368164,201.97006225585938,201.92819213867188,200.1719970703125,0.4312913715839386,0.45919549465179443,0.4847121834754944,44.45515060424805,58.90089035,57.51128005981445,-42.82400131,-54.41552353,-56.3944664,6.931130886077881,18.813949584960938,2.344799041748047,0.9633079767227173,0.9238489270210266,0.9805809855461121,5.775787830352783,5.559166431427002,4.549641132354736
16.7,0,103.15219116210938,128.35057067871094,118.72747039794922,202.0885009765625,202.0153350830078,200.35198974609375,0.4462248682975769,0.4734683334827423,0.49629369378089905,46.02907180786133,60.76993179321289,58.92369461,-44.45778275,-56.43680573,-57.95191193,7.6641435623168945,19.271596908569336,2.686014413833618,0.9658631086349487,0.9286962151527405,0.9835077524185181,5.704484939575195,5.559974670410156,4.549072266
16.75,0,103.15219116210938,128.35057067871094,118.72747039794922,202.0885009765625,202.0153350830078,200.35198974609375,0.4462248682975769,0.4734683334827423,0.49629369378089905,46.02907180786133,60.76993179321289,58.92369461,-44.45778275,-56.43680573,-57.95191193,7.6641435623168945,19.271596908569336,2.686014413833618,0.9658631086349487,0.9286962151527405,0.9835077524185181,5.704484939575195,5.559974670410156,4.549072266
16.8,0,103.15219116210938,128.35057067871094,118.72747039794922,202.0885009765625,202.0153350830078,200.35198974609375,0.4462248682975769,0.4734683334827423,0.49629369378089905,46.02907180786133,60.76993179321289,58.92369461,-44.45778275,-56.43680573,-57.95191193,7.6641435623168945,19.271596908569336,2.686014413833618,0.9658631086349487,0.9286962151527405,0.9835077524185181,5.704484939575195,5.559974670410156,4.549072266
16.85,0,103.15219116210938,128.35057067871094,118.72747039794922,202.0885009765625,202.0153350830078,200.35198974609375,0.4462248682975769,0.4734683334827423,0.49629369378089905,46.02907180786133,60.76993179321289,58.92369461,-44.45778275,-56.43680573,-57.95191193,7.6641435623168945,19.271596908569336,2.686014413833618,0.9658631086349487,0.9286962151527405,0.9835077524185181,5.704484939575195,5.559974670410156,4.549072266
16.9,0,103.07675170898438,128.29420471191406,118.67585754394531,201.98619079589844,201.9769744873047,200.1986541748047,0.4313284456729889,0.45683202147483826,0.4847361147403717,44.45993423461914,58.60890197753906,57.52647399902344,-43.04824448,-54.40367508,-56.54014969,6.337133884429932,18.19301986694336,1.9323818683624268,0.9682480692863464,0.9282493591308594,0.982854426,5.844937324523926,5.616456031799316,4.587867736816406
16.95,0,103.07675170898438,128.29420471191406,118.67585754394531,201.98619079589844,201.9769744873047,200.1986541748047,0.4313284456729889,0.45683202147483826,0.4847361147403717,44.45993423461914,58.60890197753906,57.52647399902344,-43.04824448,-54.40367508,-56.54014969,6.337133884429932,18.19301986694336,1.9323818683624268,0.9682480692863464,0.9282493591308594,0.982854426,5.844937324523926,5.616456031799316,4.587867736816406
17,0,103.07675170898438,128.29420471191406,118.67585754394531,201.98619079589844,201.9769744873047,200.1986541748047,0.4313284456729889,0.45683202147483826,0.4847361147403717,44.45993423461914,58.60890197753906,57.52647399902344,-43.04824448,-54.40367508,-56.54014969,6.337133884429932,18.19301986694336,1.9323818683624268,0.9682480692863464,0.9282493591308594,0.982854426,5.844937324523926,5.616456031799316,4.587867736816406
17.05,0,103.07675170898438,128.29420471191406,118.67585754394531,201.98619079589844,201.9769744873047,200.1986541748047,0.4313284456729889,0.45683202147483826,0.4847361147403717,44.45993423461914,58.60890197753906,57.52647399902344,-43.04824448,-54.40367508,-56.54014969,6.337133884429932,18.19301986694336,1.9323818683624268,0.9682480692863464,0.9282493591308594,0.982854426,5.844937324523926,5.616456031799316,4.587867736816406
17.1,0,103.10428619384766,128.41268920898438,118.71173095703125,202.11647033691406,202.12535095214844,200.23619079589844,0.444213867,0.47181007266044617,0.49937736988067627,45.80035400390625,60.58639907836914,59.281951904296875,-44.14782715,-55.87414932,-58.23590851,7.682581901550293,20.085548400878906,3.267209768295288,0.963918924,0.9222226738929749,0.9823547601699829,5.877854347229004,5.652801990509033,4.613908767700195
17.15,0,103.10428619384766,128.41268920898438,118.71173095703125,202.11647033691406,202.12535095214844,200.23619079589844,0.444213867,0.47181007266044617,0.49937736988067627,45.80035400390625,60.58639907836914,59.281951904296875,-44.14782715,-55.87414932,-58.23590851,7.682581901550293,20.085548400878906,3.267209768295288,0.963918924,0.9222226738929749,0.9823547601699829,5.877854347229004,5.652801990509033,4.613908767700195
17.2,0,103.10428619384766,128.41268920898438,118.71173095703125,202.11647033691406,202.12535095214844,200.23619079589844,0.444213867,0.47181007266044617,0.49937736988067627,45.80035400390625,60.58639907836914,59.281951904296875,-44.14782715,-55.87414932,-58.23590851,7.682581901550293,20.085548400878906,3.267209768295288,0.963918924,0.9222226738929749,0.9823547601699829,5.877854347229004,5.652801990509033,4.613908767700195
17.25,0,103.10428619384766,128.41268920898438,118.71173095703125,202.11647033691406,202.12535095214844,200.23619079589844,0.444213867,0.47181007266044617,0.49937736988067627,45.80035400390625,60.58639907836914,59.281951904296875,-44.14782715,-55.87414932,-58.23590851,7.682581901550293,20.085548400878906,3.267209768295288,0.963918924,0.9222226738929749,0.9823547601699829,5.877854347229004,5.652801990509033,4.613908767700195
17.3,0,103.07386779785156,128.32838439941406,118.66241455078125,202.0335235595703,202.00506591796875,200.15982055664062,0.4365181624889374,0.4620858132839203,0.4894806146621704,44.993614196777344,59.29872512817383,58.082950592041016,-43.4883461,-55.07665634,-57.01522446,6.381788254,18.19476318359375,1.8019278049468994,0.9665448665618896,0.9287999868392944,0.9816172122955322,5.865368843078613,5.560642719268799,4.559541225
17.35,0,103.07386779785156,128.32838439941406,118.66241455078125,202.0335235595703,202.00506591796875,200.15982055664062,0.4365181624889374,0.4620858132839203,0.4894806146621704,44.993614196777344,59.29872512817383,58.082950592041016,-43.4883461,-55.07665634,-57.01522446,6.381788254,18.19476318359375,1.8019278049468994,0.9665448665618896,0.9287999868392944,0.9816172122955322,5.865368843078613,5.560642719268799,4.559541225
17.4,0,103.07386779785156,128.32838439941406,118.66241455078125,202.0335235595703,202.00506591796875,200.15982055664062,0.4365181624889374,0.4620858132839203,0.4894806146621704,44.993614196777344,59.29872512817383,58.082950592041016,-43.4883461,-55.07665634,-57.01522446,6.381788254,18.19476318359375,1.8019278049468994,0.9665448665618896,0.9287999868392944,0.9816172122955322,5.865368843078613,5.560642719268799,4.559541225
17.45,0,103.07386779785156,128.32838439941406,118.66241455078125,202.0335235595703,202.00506591796875,200.15982055664062,0.4365181624889374,0.4620858132839203,0.4894806146621704,44.993614196777344,59.29872512817383,58.082950592041016,-43.4883461,-55.07665634,-57.01522446,6.381788254,18.19476318359375,1.8019278049468994,0.9665448665618896,0.9287999868392944,0.9816172122955322,5.865368843078613,5.560642719268799,4.559541225
17.5,0,103.0522689819336,128.27108764648438,118.64631652832031,201.9396209716797,201.88739013671875,200.18222045898438,0.44095680117607117,0.46831071376800537,0.49319830536842346,45.44159698486328,60.07072448730469,58.51616287231445,-43.76519775,-55.39736176,-57.46472549,7.745162010192871,19.741422653198242,3.1856167316436768,0.9631087183952332,0.9222023487091064,0.9820317029953003,5.6967034339904785,5.535018444061279,4.487978458404541
17.55,0,103.0522689819336,128.27108764648438,118.64631652832031,201.9396209716797,201.88739013671875,200.18222045898438,0.44095680117607117,0.46831071376800537,0.49319830536842346,45.44159698486328,60.07072448730469,58.51616287231445,-43.76519775,-55.39736176,-57.46472549,7.745162010192871,19.741422653198242,3.1856167316436768,0.9631087183952332,0.9222023487091064,0.9820317029953003,5.6967034339904785,5.535018444061279,4.487978458404541
17.6,0,103.0522689819336,128.27108764648438,118.64631652832031,201.9396209716797,201.88739013671875,200.18222045898438,0.44095680117607117,0.46831071376800537,0.49319830536842346,45.44159698486328,60.07072448730469,58.51616287231445,-43.76519775,-55.39736176,-57.46472549,7.745162010192871,19.741422653198242,3.1856167316436768,0.9631087183952332,0.9222023487091064,0.9820317029953003,5.6967034339904785,5.535018444061279,4.487978458404541
17.65,0,103.0522689819336,128.27108764648438,118.64631652832031,201.9396209716797,201.88739013671875,200.18222045898438,0.44095680117607117,0.46831071376800537,0.49319830536842346,45.44159698486328,60.07072448730469,58.51616287231445,-43.76519775,-55.39736176,-57.46472549,7.745162010192871,19.741422653198242,3.1856167316436768,0.9631087183952332,0.9222023487091064,0.9820317029953003,5.6967034339904785,5.535018444061279,4.487978458404541
17.7,0,103.08253479003906,128.26596069335938,118.63644409179688,201.96176147460938,201.90933227539062,200.1785430908203,0.4378765821456909,0.4641190469264984,0.4890930950641632,45.137428283691406,59.53067398071289,58.02426528930664,-43.63412857,-55.37172699,-56.98298264,6.669665813446045,18.221450805664062,1.8566642999649048,0.9666950702667236,0.9301377534866333,0.9820543527603149,5.735997676849365,5.537349700927734,4.534667969
17.75,0,103.08253479003906,128.26596069335938,118.63644409179688,201.96176147460938,201.90933227539062,200.1785430908203,0.4378765821456909,0.4641190469264984,0.4890930950641632,45.137428283691406,59.53067398071289,58.02426528930664,-43.63412857,-55.37172699,-56.98298264,6.669665813446045,18.221450805664062,1.8566642999649048,0.9666950702667236,0.9301377534866333,0.9820543527603149,5.735997676849365,5.537349700927734,4.534667969
17.8,0,103.08253479003906,128.26596069335938,118.63644409179688,201.96176147460938,201.90933227539062,200.1785430908203,0.4378765821456909,0.4641190469264984,0.4890930950641632,45.137428283691406,59.53067398071289,58.02426528930664,-43.63412857,-55.37172699,-56.98298264,6.669665813446045,18.221450805664062,1.8566642999649048,0.9666950702667236,0.9301377534866333,0.9820543527603149,5.735997676849365,5.537349700927734,4.534667969
17.85,0,103.08253479003906,128.26596069335938,118.63644409179688,201.96176147460938,201.90933227539062,200.1785430908203,0.4378765821456909,0.4641190469264984,0.4890930950641632,45.137428283691406,59.53067398071289,58.02426528930664,-43.63412857,-55.37172699,-56.98298264,6.669665813446045,18.221450805664062,1.8566642999649048,0.9666950702667236,0.9301377534866333,0.9820543527603149,5.735997676849365,5.537349700927734,4.534667969
17.9,0,103.03594207763672,128.34779357910156,118.6741714477539,202.0041504,202.01754760742188,200.15634155273438,0.4390816390514374,0.4643503725528717,0.4930671453475952,45.24119186401367,59.59834671020508,58.51433563232422,-43.68317413,-55.03011703,-57.50265121,7.299376964569092,19.52431869506836,3.1022026538848877,0.9655619859695435,0.9233497381210327,0.9827104806900024,5.803792476654053,5.596287250518799,4.546141624450684
17.95,0,103.03594207763672,128.34779357910156,118.6741714477539,202.0041504,202.01754760742188,200.15634155273438,0.4390816390514374,0.4643503725528717,0.4930671453475952,45.24119186401367,59.59834671020508,58.51433563232422,-43.68317413,-55.03011703,-57.50265121,7.299376964569092,19.52431869506836,3.1022026538848877,0.9655619859695435,0.9233497381210327,0.9827104806900024,5.803792476654053,5.596287250518799,4.546141624450684
18,0,103.03594207763672,128.34779357910156,118.6741714477539,202.0041504,202.01754760742188,200.15634155273438,0.4390816390514374,0.4643503725528717,0.4930671453475952,45.24119186401367,59.59834671020508,58.51433563232422,-43.68317413,-55.03011703,-57.50265121,7.299376964569092,19.52431869506836,3.1022026538848877,0.9655619859695435,0.9233497381210327,0.9827104806900024,5.803792476654053,5.596287250518799,4.546141624450684
18.05,0,103.03594207763672,128.34779357910156,118.6741714477539,202.0041504,202.01754760742188,200.15634155273438,0.4390816390514374,0.4643503725528717,0.4930671453475952,45.24119186401367,59.59834671020508,58.51433563232422,-43.68317413,-55.03011703,-57.50265121,7.299376964569092,19.52431869506836,3.1022026538848877,0.9655619859695435,0.9233497381210327,0.9827104806900024,5.803792476654053,5.596287250518799,4.546141624450684
18.1,0,103.11373901367188,128.38389587402344,118.72233581542969,202.10308837890625,202.12490844726562,200.24234008789062,0.43693169951438904,0.46471652388572693,0.4919694662094116,45.05366134643555,59.66211700439453,58.40776443481445,-43.43735504,-55.13629913,-57.31829834,6.945498466491699,19.128318786621094,2.4348177909851074,0.964124858,0.9241425395011902,0.9813472628593445,5.901022911071777,5.633782386779785,4.643468856811523
18.15,0,103.11373901367188,128.38389587402344,118.72233581542969,202.10308837890625,202.12490844726562,200.24234008789062,0.43693169951438904,0.46471652388572693,0.4919694662094116,45.05366134643555,59.66211700439453,58.40776443481445,-43.43735504,-55.13629913,-57.31829834,6.945498466491699,19.128318786621094,2.4348177909851074,0.964124858,0.9241425395011902,0.9813472628593445,5.901022911071777,5.633782386779785,4.643468856811523
18.2,0,103.11373901367188,128.38389587402344,118.72233581542969,202.10308837890625,202.12490844726562,200.24234008789062,0.43693169951438904,0.46471652388572693,0.4919694662094116,45.05366134643555,59.66211700439453,58.40776443481445,-43.43735504,-55.13629913,-57.31829834,6.945498466491699,19.128318786621094,2.4348177909851074,0.964124858,0.9241425395011902,0.9813472628593445,5.901022911071777,5.633782386779785,4.643468856811523
18.25,0,103.11373901367188,128.38389587402344,118.72233581542969,202.10308837890625,202.12490844726562,200.24234008789062,0.43693169951438904,0.46471652388572693,0.4919694662094116,45.05366134643555,59.66211700439453,58.40776443481445,-43.43735504,-55.13629913,-57.31829834,6.945498466491699,19.128318786621094,2.4348177909851074,0.964124858,0.9241425395011902,0.9813472628593445,5.901022911071777,5.633782386779785,4.643468856811523
18.3,0,103.17604064941406,128.4560089111328,118.75984191894531,202.25721740722656,202.13536071777344,200.35580444335938,0.44068339467048645,0.4654022455215454,0.49345988035202026,45.46796798706055,59.783714294433594,58.60321807861328,-43.94234848,-55.37430191,-57.57746124,6.871381759643555,18.899513244628906,2.5014755725860596,0.9664462804794312,0.9262439012527466,0.9824965596199036,5.863660812,5.613030433654785,4.622925758361816
18.35,0,103.1627197265625,128.35299682617188,118.71562957763672,202.10354614257812,202.0202637,200.3393555,0.43934565782546997,0.4655093848705292,0.4893127679824829,45.324092864990234,59.74952316,58.089073181152344,-43.85962296,-55.66080856,-57.10498047,6.882336616516113,18.280651092529297,1.954307198524475,0.9676889181137085,0.9315690994262695,0.9830589294433594,5.739379883,5.574571132659912,4.557028770446777
18.4,0,103.1627197265625,128.35299682617188,118.71562957763672,202.10354614257812,202.0202637,200.3393555,0.43934565782546997,0.4655093848705292,0.4893127679824829,45.324092864990234,59.74952316,58.089073181152344,-43.85962296,-55.66080856,-57.10498047,6.882336616516113,18.280651092529297,1.954307198524475,0.9676889181137085,0.9315690994262695,0.9830589294433594,5.739379883,5.574571132659912,4.557028770446777
18.45,0,103.1627197265625,128.35299682617188,118.71562957763672,202.10354614257812,202.0202637,200.3393555,0.43934565782546997,0.4655093848705292,0.4893127679824829,45.324092864990234,59.74952316,58.089073181152344,-43.85962296,-55.66080856,-57.10498047,6.882336616516113,18.280651092529297,1.954307198524475,0.9676889181137085,0.9315690994262695,0.9830589294433594,5.739379883,5.574571132659912,4.557028770446777
18.5,0,103.1627197265625,128.35299682617188,118.71562957763672,202.10354614257812,202.0202637,200.3393555,0.43934565782546997,0.4655093848705292,0.4893127679824829,45.324092864990234,59.74952316,58.089073181152344,-43.85962296,-55.66080856,-57.10498047,6.882336616516113,18.280651092529297,1.954307198524475,0.9676889181137085,0.9315690994262695,0.9830589294433594,5.739379883,5.574571132659912,4.557028770446777
18.55,0,103.1149902,128.3248291015625,118.71179962158203,202.05470275878906,202.0202637,200.2646026611328,0.4370191693305969,0.462247759,0.4891814887523651,45.063228607177734,59.31786346435547,58.07161331176758,-43.43543625,-54.66735458,-57.00016785,7.445410251617432,19.453447341918945,3.243698835372925,0.9638776183128357,0.9216002225875854,0.9815495610237122,5.824147701263428,5.560351848602295,4.591160774230957
18.6,0,103.1149902,128.3248291015625,118.71179962158203,202.05470275878906,202.0202637,200.2646026611328,0.4370191693305969,0.462247759,0.4891814887523651,45.063228607177734,59.31786346435547,58.07161331176758,-43.43543625,-54.66735458,-57.00016785,7.445410251617432,19.453447341918945,3.243698835372925,0.9638776183128357,0.9216002225875854,0.9815495610237122,5.824147701263428,5.560351848602295,4.591160774230957
18.65,0,103.1149902,128.3248291015625,118.71179962158203,202.05470275878906,202.0202637,200.2646026611328,0.4370191693305969,0.462247759,0.4891814887523651,45.063228607177734,59.31786346435547,58.07161331176758,-43.43543625,-54.66735458,-57.00016785,7.445410251617432,19.453447341918945,3.243698835372925,0.9638776183128357,0.9216002225875854,0.9815495610237122,5.824147701263428,5.560351848602295,4.591160774230957
18.7,0,103.1149902,128.3248291015625,118.71179962158203,202.05470275878906,202.0202637,200.2646026611328,0.4370191693305969,0.462247759,0.4891814887523651,45.063228607177734,59.31786346435547,58.07161331176758,-43.43543625,-54.66735458,-57.00016785,7.445410251617432,19.453447341918945,3.243698835372925,0.9638776183128357,0.9216002225875854,0.9815495610237122,5.824147701263428,5.560351848602295,4.591160774230957
18.75,0,103.10891723632812,128.41818237304688,118.71405792236328,202.13243103027344,202.1278076171875,200.24156188964844,0.43852928280830383,0.46433010697364807,0.4925551116466522,45.216278076171875,59.62842941,58.47321701049805,-43.65814209,-55.29143906,-57.39985657,6.594993591308594,18.627721786499023,2.0714123249053955,0.965540349,0.9272664189338684,0.981643558,5.791642189025879,5.570637226104736,4.550202369689941
18.8,0,103.10891723632812,128.41818237304688,118.71405792236328,202.13243103027344,202.1278076171875,200.24156188964844,0.43852928280830383,0.46433010697364807,0.4925551116466522,45.216278076171875,59.62842941,58.47321701049805,-43.65814209,-55.29143906,-57.39985657,6.594993591308594,18.627721786499023,2.0714123249053955,0.965540349,0.9272664189338684,0.981643558,5.791642189025879,5.570637226104736,4.550202369689941
18.85,0,103.10891723632812,128.41818237304688,118.71405792236328,202.13243103027344,202.1278076171875,200.24156188964844,0.43852928280830383,0.46433010697364807,0.4925551116466522,45.216278076171875,59.62842941,58.47321701049805,-43.65814209,-55.29143906,-57.39985657,6.594993591308594,18.627721786499023,2.0714123249053955,0.965540349,0.9272664189338684,0.981643558,5.791642189025879,5.570637226104736,4.550202369689941
18.9,0,103.10891723632812,128.41818237304688,118.71405792236328,202.13243103027344,202.1278076171875,200.24156188964844,0.43852928280830383,0.46433010697364807,0.4925551116466522,45.216278076171875,59.62842941,58.47321701049805,-43.65814209,-55.29143906,-57.39985657,6.594993591308594,18.627721786499023,2.0714123249053955,0.965540349,0.9272664189338684,0.981643558,5.791642189025879,5.570637226104736,4.550202369689941
18.95,0,103.1159896850586,128.37997436523438,118.71729278564453,202.1039581298828,202.0973358154297,200.25225830078125,0.4366625249385834,0.4622422158718109,0.49306488037109375,45.02688980102539,59.34264373779297,58.53532791137695,-43.4824295,-54.76144028,-57.48455811,6.712561130523682,19.184490203857422,2.6291892528533936,0.9656991362571716,0.9228008389472961,0.9820489883422852,5.831223011016846,5.547520160675049,4.594223976135254
19,0,103.1159896850586,128.37997436523438,118.71729278564453,202.1039581298828,202.0973358154297,200.25225830078125,0.4366625249385834,0.4622422158718109,0.49306488037109375,45.02688980102539,59.34264373779297,58.53532791137695,-43.4824295,-54.76144028,-57.48455811,6.712561130523682,19.184490203857422,2.6291892528533936,0.9656991362571716,0.9228008389472961,0.9820489883422852,5.831223011016846,5.547520160675049,4.594223976135254
19.05,0,103.1159896850586,128.37997436523438,118.71729278564453,202.1039581298828,202.0973358154297,200.25225830078125,0.4366625249385834,0.4622422158718109,0.49306488037109375,45.02688980102539,59.34264373779297,58.53532791137695,-43.4824295,-54.76144028,-57.48455811,6.712561130523682,19.184490203857422,2.6291892528533936,0.9656991362571716,0.9228008389472961,0.9820489883422852,5.831223011016846,5.547520160675049,4.594223976135254
19.1,0,103.1159896850586,128.37997436523438,118.71729278564453,202.1039581298828,202.0973358154297,200.25225830078125,0.4366625249385834,0.4622422158718109,0.49306488037109375,45.02688980102539,59.34264373779297,58.53532791137695,-43.4824295,-54.76144028,-57.48455811,6.712561130523682,19.184490203857422,2.6291892528533936,0.9656991362571716,0.9228008389472961,0.9820489883422852,5.831223011016846,5.547520160675049,4.594223976135254
19.15,0,103.12171173095703,128.41116333007812,118.72357940673828,202.13560485839844,202.1129150390625,200.27540588378906,0.43842872977256775,0.4685536026954651,0.49484020471572876,45.21152114868164,60.16751480102539,58.74919891357422,-43.57116318,-55.52931595,-57.68344116,7.385765552520752,19.74803924560547,2.693842649459839,0.9637181162834167,0.9229118824005127,0.9818592071533203,5.752332687,5.521457195281982,4.486800670623779
19.2,0,103.12171173095703,128.41116333007812,118.72357940673828,202.13560485839844,202.1129150390625,200.27540588378906,0.43842872977256775,0.4685536026954651,0.49484020471572876,45.21152114868164,60.16751480102539,58.74919891357422,-43.57116318,-55.52931595,-57.68344116,7.385765552520752,19.74803924560547,2.693842649459839,0.9637181162834167,0.9229118824005127,0.9818592071533203,5.752332687,5.521457195281982,4.486800670623779
19.25,0,103.12171173095703,128.41116333007812,118.72357940673828,202.13560485839844,202.1129150390625,200.27540588378906,0.43842872977256775,0.4685536026954651,0.49484020471572876,45.21152114868164,60.16751480102539,58.74919891357422,-43.57116318,-55.52931595,-57.68344116,7.385765552520752,19.74803924560547,2.693842649459839,0.9637181162834167,0.9229118824005127,0.9818592071533203,5.752332687,5.521457195281982,4.486800670623779
19.3,0,103.15959167480469,128.35812377929688,118.7313461303711,202.11456298828125,202.06048583984375,200.3290252685547,0.43972039222717285,0.4627957344055176,0.49128660559654236,45.36137771606445,59.40359115600586,58.331119537353516,-43.86893463,-55.1377182,-57.26498413,6.550163745880127,18.316028594970703,2.219015598297119,0.9670988321304321,0.9281883239746094,0.9817227125167847,5.747524261474609,5.532886028289795,4.555305004119873
19.35,0,103.15959167480469,128.35812377929688,118.7313461303711,202.11456298828125,202.06048583984375,200.3290252685547,0.43972039222717285,0.4627957344055176,0.49128660559654236,45.36137771606445,59.40359115600586,58.331119537353516,-43.86893463,-55.1377182,-57.26498413,6.550163745880127,18.316028594970703,2.219015598297119,0.9670988321304321,0.9281883239746094,0.9817227125167847,5.747524261474609,5.532886028289795,4.555305004119873
19.4,0,103.15959167480469,128.35812377929688,118.7313461303711,202.11456298828125,202.06048583984375,200.3290252685547,0.43972039222717285,0.4627957344055176,0.49128660559654236,45.36137771606445,59.40359115600586,58.331119537353516,-43.86893463,-55.1377182,-57.26498413,6.550163745880127,18.316028594970703,2.219015598297119,0.9670988321304321,0.9281883239746094,0.9817227125167847,5.747524261474609,5.532886028289795,4.555305004119873
19.45,0,103.15959167480469,128.35812377929688,118.7313461303711,202.11456298828125,202.06048583984375,200.3290252685547,0.43972039222717285,0.4627957344055176,0.49128660559654236,45.36137771606445,59.40359115600586,58.331119537353516,-43.86893463,-55.1377182,-57.26498413,6.550163745880127,18.316028594970703,2.219015598297119,0.9670988321304321,0.9281883239746094,0.9817227125167847,5.747524261474609,5.532886028289795,4.555305004119873
19.5,0,103.11225128173828,128.35211181640625,118.71379852294922,202.0622100830078,202.04270935058594,200.27809143066406,0.43562251329421997,0.46519720554351807,0.49075764417648315,44.91801834106445,59.70904541015625,58.25970458984375,-43.25741959,-55.02302551,-57.2053833,7.540800094604492,19.782609939575195,2.944159507751465,0.9630304574966431,0.9215191006660461,0.981903076,5.74668026,5.5489959716796875,4.496916770935059
19.55,0,103.11225128173828,128.35211181640625,118.71379852294922,202.0622100830078,202.04270935058594,200.27809143066406,0.43562251329421997,0.46519720554351807,0.49075764417648315,44.91801834106445,59.70904541015625,58.25970458984375,-43.25741959,-55.02302551,-57.2053833,7.540800094604492,19.782609939575195,2.944159507751465,0.9630304574966431,0.9215191006660461,0.981903076,5.74668026,5.5489959716796875,4.496916770935059
19.6,0,103.11225128173828,128.35211181640625,118.71379852294922,202.0622100830078,202.04270935058594,200.27809143066406,0.43562251329421997,0.46519720554351807,0.49075764417648315,44.91801834106445,59.70904541015625,58.25970458984375,-43.25741959,-55.02302551,-57.2053833,7.540800094604492,19.782609939575195,2.944159507751465,0.9630304574966431,0.9215191006660461,0.981903076,5.74668026,5.5489959716796875,4.496916770935059
19.65,0,103.11225128173828,128.35211181640625,118.71379852294922,202.0622100830078,202.04270935058594,200.27809143066406,0.43562251329421997,0.46519720554351807,0.49075764417648315,44.91801834106445,59.70904541015625,58.25970458984375,-43.25741959,-55.02302551,-57.2053833,7.540800094604492,19.782609939575195,2.944159507751465,0.9630304574966431,0.9215191006660461,0.981903076,5.74668026,5.5489959716796875,4.496916770935059
19.7,0,103.1664810180664,128.4144287109375,118.76403045654297,202.17494201660156,202.1704559326172,200.33609008789062,0.4416927397251129,0.46480700373649597,0.49381980299949646,45.56788635253906,59.68792724609375,58.64802932739258,-44.06585693,-55.41723633,-57.57794189,6.525339126586914,18.381105422973633,2.185243606567383,0.967037559,0.9284496903419495,0.9817540645599365,5.807336807250977,5.564126968383789,4.548101425170898
19.75,0,103.1664810180664,128.4144287109375,118.76403045654297,202.17494201660156,202.1704559326172,200.33609008789062,0.4416927397251129,0.46480700373649597,0.49381980299949646,45.56788635253906,59.68792724609375,58.64802932739258,-44.06585693,-55.41723633,-57.57794189,6.525339126586914,18.381105422973633,2.185243606567383,0.967037559,0.9284496903419495,0.9817540645599365,5.807336807250977,5.564126968383789,4.548101425170898
19.8,0,103.1664810180664,128.4144287109375,118.76403045654297,202.17494201660156,202.1704559326172,200.33609008789062,0.4416927397251129,0.46480700373649597,0.49381980299949646,45.56788635253906,59.68792724609375,58.64802932739258,-44.06585693,-55.41723633,-57.57794189,6.525339126586914,18.381105422973633,2.185243606567383,0.967037559,0.9284496903419495,0.9817540645599365,5.807336807250977,5.564126968383789,4.548101425170898
19.85,0,103.1664810180664,128.4144287109375,118.76403045654297,202.17494201660156,202.1704559326172,200.33609008789062,0.4416927397251129,0.46480700373649597,0.49381980299949646,45.56788635253906,59.68792724609375,58.64802932739258,-44.06585693,-55.41723633,-57.57794189,6.525339126586914,18.381105422973633,2.185243606567383,0.967037559,0.9284496903419495,0.9817540645599365,5.807336807250977,5.564126968383789,4.548101425170898
19.9,0,103.10765838623047,128.40953063964844,118.71119689941406,202.1306152,202.0943145751953,200.25062561035156,0.43148520588874817,0.46035048365592957,0.48823750019073486,44.48942947387695,59.11338806152344,57.959259033203125,-42.94430542,-54.55952454,-56.95659256,6.980040073394775,19.38582420349121,2.577965736,0.9652698636054993,0.9229639172554016,0.9827004671096802,5.838407039642334,5.562100410461426,4.5343451499938965
19.95,0,103.10765838623047,128.40953063964844,118.71119689941406,202.1306152,202.0943145751953,200.25062561035156,0.43148520588874817,0.46035048365592957,0.48823750019073486,44.48942947387695,59.11338806152344,57.959259033203125,-42.94430542,-54.55952454,-56.95659256,6.980040073394775,19.38582420349121,2.577965736,0.9652698636054993,0.9229639172554016,0.9827004671096802,5.838407039642334,5.562100410461426,4.5343451499938965
