t+,class,V_L1,V_L2,V_L3,V_L12,V_L23,V_L31,A_L1,A_L2,A_L3,VA_L1,VA_L2,VA_L3,W_L1,W_L2,W_L3,Q_L1,Q_L2,Q_L3,PF_L1,PF_L2,PF_L3,THD_L1,THD_L2,THD_L3
0,0,102.51549530029297,128.30093383789062,118.63352966308594,201.5474090576172,201.96157836914062,199.65887451171875,0.4565574824810028,0.4744349718093872,0.5163558721542358,46.80421829223633,60.87044906616211,61.257118225097656,-45.16564178,-56.15115738,-59.95882416,5.779499530792236,19.07708168029785,2.4605560302734375,0.9649908542633057,0.9224699139595032,0.9788058400154114,5.122014045715332,5.006415367126465,4.1219258308410645
0.05,0,102.47374725341797,128.27206420898438,118.60603332519531,201.5182647705078,201.92601013183594,199.5653076171875,0.44507870078086853,0.4669370949268341,0.5074133276939392,45.608882904052734,59.89498519897461,60.182281494140625,-44.05259323,-55.02636337,-58.94779205,6.312922954559326,19.827234268188477,3.0962250232696533,0.9658774733543396,0.9187140464782715,0.9794874787330627,5.1607255935668945,4.999279022216797,4.094650745391846
0.1,0,102.47374725341797,128.27206420898438,118.60603332519531,201.5182647705078,201.92601013183594,199.5653076171875,0.44507870078086853,0.4669370949268341,0.5074133276939392,45.608882904052734,59.89498519897461,60.182281494140625,-44.05259323,-55.02636337,-58.94779205,6.312922954559326,19.827234268188477,3.0962250232696533,0.9658774733543396,0.9187140464782715,0.9794874787330627,5.1607255935668945,4.999279022216797,4.094650745391846
0.15,0,102.47374725341797,128.27206420898438,118.60603332519531,201.5182647705078,201.92601013183594,199.5653076171875,0.44507870078086853,0.4669370949268341,0.5074133276939392,45.608882904052734,59.89498519897461,60.182281494140625,-44.05259323,-55.02636337,-58.94779205,6.312922954559326,19.827234268188477,3.0962250232696533,0.9658774733543396,0.9187140464782715,0.9794874787330627,5.1607255935668945,4.999279022216797,4.094650745391846
0.2,0,102.47374725341797,128.27206420898438,118.60603332519531,201.5182647705078,201.92601013183594,199.5653076171875,0.44507870078086853,0.4669370949268341,0.5074133276939392,45.608882904052734,59.89498519897461,60.182281494140625,-44.05259323,-55.02636337,-58.94779205,6.312922954559326,19.827234268188477,3.0962250232696533,0.9658774733543396,0.9187140464782715,0.9794874787330627,5.1607255935668945,4.999279022216797,4.094650745391846
0.25,0,102.50227355957031,128.3198699951172,118.65618896484375,201.6095733642578,201.98500061035156,199.62765502929688,0.45370185375213623,0.47027072310447693,0.5114661455154419,46.505470275878906,60.34507751464844,60.68862533569336,-44.9084549,-55.69978333,-59.44090652,5.880087852478027,18.997657775878906,2.681589365005493,0.9656596183776855,0.923021137714386,0.9794406294822693,5.153056621551514,5.0116472244262695,4.084564208984375
0.3,0,102.50227355957031,128.3198699951172,118.65618896484375,201.6095733642578,201.98500061035156,199.62765502929688,0.45370185375213623,0.47027072310447693,0.5114661455154419,46.505470275878906,60.34507751464844,60.68862533569336,-44.9084549,-55.69978333,-59.44090652,5.880087852478027,18.997657775878906,2.681589365005493,0.9656596183776855,0.923021137714386,0.9794406294822693,5.153056621551514,5.0116472244262695,4.084564208984375
0.35,0,102.50227355957031,128.3198699951172,118.65618896484375,201.6095733642578,201.98500061035156,199.62765502929688,0.45370185375213623,0.47027072310447693,0.5114661455154419,46.505470275878906,60.34507751464844,60.68862533569336,-44.9084549,-55.69978333,-59.44090652,5.880087852478027,18.997657775878906,2.681589365005493,0.9656596183776855,0.923021137714386,0.9794406294822693,5.153056621551514,5.0116472244262695,4.084564208984375
0.4,0,102.50227355957031,128.3198699951172,118.65618896484375,201.6095733642578,201.98500061035156,199.62765502929688,0.45370185375213623,0.47027072310447693,0.5114661455154419,46.505470275878906,60.34507751464844,60.68862533569336,-44.9084549,-55.69978333,-59.44090652,5.880087852478027,18.997657775878906,2.681589365005493,0.9656596183776855,0.923021137714386,0.9794406294822693,5.153056621551514,5.0116472244262695,4.084564208984375
0.45,0,102.52069091796875,128.34524536132812,118.68852996826172,201.61492919921875,202.035400390625,199.69979858398438,0.45538830757141113,0.47317594289779663,0.5175296664237976,46.68672561645508,60.729881286621094,61.424835205078125,-45.22312164,-56.06364822,-60.24564743,5.634191513061523,19.250202178955078,2.5534510612487793,0.9686505198478699,0.9231641292572021,0.9808027744293213,5.17937707901001,4.9919562339782715,4.079197883605957
0.5,0,102.52069091796875,128.34524536132812,118.68852996826172,201.61492919921875,202.035400390625,199.69979858398438,0.45538830757141113,0.47317594289779663,0.5175296664237976,46.68672561645508,60.729881286621094,61.424835205078125,-45.22312164,-56.06364822,-60.24564743,5.634191513061523,19.250202178955078,2.5534510612487793,0.9686505198478699,0.9231641292572021,0.9808027744293213,5.17937707901001,4.9919562339782715,4.079197883605957
0.55,0,102.52069091796875,128.34524536132812,118.68852996826172,201.61492919921875,202.035400390625,199.69979858398438,0.45538830757141113,0.47317594289779663,0.5175296664237976,46.68672561645508,60.729881286621094,61.424835205078125,-45.22312164,-56.06364822,-60.24564743,5.634191513061523,19.250202178955078,2.5534510612487793,0.9686505198478699,0.9231641292572021,0.9808027744293213,5.17937707901001,4.9919562339782715,4.079197883605957
0.6,0,102.52069091796875,128.34524536132812,118.68852996826172,201.61492919921875,202.035400390625,199.69979858398438,0.45538830757141113,0.47317594289779663,0.5175296664237976,46.68672561645508,60.729881286621094,61.424835205078125,-45.22312164,-56.06364822,-60.24564743,5.634191513061523,19.250202178955078,2.5534510612487793,0.9686505198478699,0.9231641292572021,0.9808027744293213,5.17937707901001,4.9919562339782715,4.079197883605957
0.65,0,102.47869110107422,128.2970428466797,118.61732482910156,201.54432678222656,201.94744873046875,199.584716796875,0.45268458127975464,0.47478464245796204,0.5131400227546692,46.39052200317383,60.91346740722656,60.8672981262207,-44.65164566,-55.7809639,-59.52936554,7.089102268218994,20.521753311157227,3.7358198165893555,0.9625165462493896,0.9157410860061646,0.9780188798904419,5.186555862426758,5.032938003540039,4.06219482421875
0.7,0,102.47869110107422,128.2970428466797,118.61732482910156,201.54432678222656,201.94744873046875,199.584716796875,0.45268458127975464,0.47478464245796204,0.5131400227546692,46.39052200317383,60.91346740722656,60.8672981262207,-44.65164566,-55.7809639,-59.52936554,7.089102268218994,20.521753311157227,3.7358198165893555,0.9625165462493896,0.9157410860061646,0.9780188798904419,5.186555862426758,5.032938003540039,4.06219482421875
0.75,0,102.47869110107422,128.2970428466797,118.61732482910156,201.54432678222656,201.94744873046875,199.584716796875,0.45268458127975464,0.47478464245796204,0.5131400227546692,46.39052200317383,60.91346740722656,60.8672981262207,-44.65164566,-55.7809639,-59.52936554,7.089102268218994,20.521753311157227,3.7358198165893555,0.9625165462493896,0.9157410860061646,0.9780188798904419,5.186555862426758,5.032938003540039,4.06219482421875
0.8,0,102.47869110107422,128.2970428466797,118.61732482910156,201.54432678222656,201.94744873046875,199.584716796875,0.45268458127975464,0.47478464245796204,0.5131400227546692,46.39052200317383,60.91346740722656,60.8672981262207,-44.65164566,-55.7809639,-59.52936554,7.089102268218994,20.521753311157227,3.7358198165893555,0.9625165462493896,0.9157410860061646,0.9780188798904419,5.186555862426758,5.032938003540039,4.06219482421875
0.85,0,102.49214172363281,128.32034301757812,118.6514892578125,201.5813751220703,201.99696350097656,199.6209716796875,0.4509275555610657,0.47142887115478516,0.5105509757995605,46.216529846191406,60.49391555786133,60.577632904052734,-44.74884415,-55.94001389,-59.4516716,5.995131492614746,19.17302703857422,2.4906537532806396,0.9682433009147644,0.9247213006019592,0.981412947177887,5.182216644287109,5.0359272956848145,4.114394664764404
0.9,0,102.49214172363281,128.32034301757812,118.6514892578125,201.5813751220703,201.99696350097656,199.6209716796875,0.4509275555610657,0.47142887115478516,0.5105509757995605,46.216529846191406,60.49391555786133,60.577632904052734,-44.74884415,-55.94001389,-59.4516716,5.995131492614746,19.17302703857422,2.4906537532806396,0.9682433009147644,0.9247213006019592,0.981412947177887,5.182216644287109,5.0359272956848145,4.114394664764404
0.95,0,102.49214172363281,128.32034301757812,118.6514892578125,201.5813751220703,201.99696350097656,199.6209716796875,0.4509275555610657,0.47142887115478516,0.5105509757995605,46.216529846191406,60.49391555786133,60.577632904052734,-44.74884415,-55.94001389,-59.4516716,5.995131492614746,19.17302703857422,2.4906537532806396,0.9682433009147644,0.9247213006019592,0.981412947177887,5.182216644287109,5.0359272956848145,4.114394664764404
1,0,102.49214172363281,128.32034301757812,118.6514892578125,201.5813751220703,201.99696350097656,199.6209716796875,0.4509275555610657,0.47142887115478516,0.5105509757995605,46.216529846191406,60.49391555786133,60.577632904052734,-44.74884415,-55.94001389,-59.4516716,5.995131492614746,19.17302703857422,2.4906537532806396,0.9682433009147644,0.9247213006019592,0.981412947177887,5.182216644287109,5.0359272956848145,4.114394664764404
1.05,0,102.47234344482422,128.3062286376953,118.6313247680664,201.54360961914062,201.95449829101562,199.6031494140625,0.4499853253364563,0.4677093029022217,0.5096341967582703,46.11104965209961,60.01001739501953,60.458580017089844,-44.51604843,-55.31564713,-59.14230728,5.639590740203857,18.85253906,2.4370031356811523,0.9654095768928528,0.9217735528945923,0.9782285094261169,5.203351974487305,5.034013748168945,4.087486267089844
1.1,0,102.47234344482422,128.3062286376953,118.6313247680664,201.54360961914062,201.95449829101562,199.6031494140625,0.4499853253364563,0.4677093029022217,0.5096341967582703,46.11104965209961,60.01001739501953,60.458580017089844,-44.51604843,-55.31564713,-59.14230728,5.639590740203857,18.85253906,2.4370031356811523,0.9654095768928528,0.9217735528945923,0.9782285094261169,5.203351974487305,5.034013748168945,4.087486267089844
1.15,0,102.47234344482422,128.3062286376953,118.6313247680664,201.54360961914062,201.95449829101562,199.6031494140625,0.4499853253364563,0.4677093029022217,0.5096341967582703,46.11104965209961,60.01001739501953,60.458580017089844,-44.51604843,-55.31564713,-59.14230728,5.639590740203857,18.85253906,2.4370031356811523,0.9654095768928528,0.9217735528945923,0.9782285094261169,5.203351974487305,5.034013748168945,4.087486267089844
1.2,0,102.47234344482422,128.3062286376953,118.6313247680664,201.54360961914062,201.95449829101562,199.6031494140625,0.4499853253364563,0.4677093029022217,0.5096341967582703,46.11104965209961,60.01001739501953,60.458580017089844,-44.51604843,-55.31564713,-59.14230728,5.639590740203857,18.85253906,2.4370031356811523,0.9654095768928528,0.9217735528945923,0.9782285094261169,5.203351974487305,5.034013748168945,4.087486267089844
1.25,0,102.49136352539062,128.28854370117188,118.6231918334961,201.52816772460938,201.97344970703125,199.59844970703125,0.4511721432209015,0.4718746542930603,0.5128312706947327,46.241249084472656,60.53611373901367,60.833683013916016,-44.6663475,-55.62868118,-59.62043762,6.567918300628662,20.110490798950195,3.391599416732788,0.9659416079521179,0.9189338088035583,0.9800563454627991,5.139580249786377,5.011380672454834,4.009420871734619
1.3,0,102.49136352539062,128.28854370117188,118.6231918334961,201.52816772460938,201.97344970703125,199.59844970703125,0.4511721432209015,0.4718746542930603,0.5128312706947327,46.241249084472656,60.53611373901367,60.833683013916016,-44.6663475,-55.62868118,-59.62043762,6.567918300628662,20.110490798950195,3.391599416732788,0.9659416079521179,0.9189338088035583,0.9800563454627991,5.139580249786377,5.011380672454834,4.009420871734619
1.35,0,102.49136352539062,128.28854370117188,118.6231918334961,201.52816772460938,201.97344970703125,199.59844970703125,0.4511721432209015,0.4718746542930603,0.5128312706947327,46.241249084472656,60.53611373901367,60.833683013916016,-44.6663475,-55.62868118,-59.62043762,6.567918300628662,20.110490798950195,3.391599416732788,0.9659416079521179,0.9189338088035583,0.9800563454627991,5.139580249786377,5.011380672454834,4.009420871734619
1.4,0,102.49136352539062,128.28854370117188,118.6231918334961,201.52816772460938,201.97344970703125,199.59844970703125,0.4511721432209015,0.4718746542930603,0.5128312706947327,46.241249084472656,60.53611373901367,60.833683013916016,-44.6663475,-55.62868118,-59.62043762,6.567918300628662,20.110490798950195,3.391599416732788,0.9659416079521179,0.9189338088035583,0.9800563454627991,5.139580249786377,5.011380672454834,4.009420871734619
1.45,0,102.49346923828125,128.2772979736328,118.649658203125,201.56028747558594,201.9522247314453,199.61158752441406,0.4541782736778259,0.4714951813220978,0.509900689125061,46.55030822753906,60.48212814331055,60.499542236328125,-44.81212234,-55.74514008,-59.13858032,5.947173595428467,18.776412963867188,2.5320262908935547,0.9626600742340088,0.9216795563697815,0.9775046110153198,5.145838737487793,4.997783660888672,4.028309345245361
1.5,0,102.49346923828125,128.2772979736328,118.649658203125,201.56028747558594,201.9522247314453,199.61158752441406,0.4541782736778259,0.4714951813220978,0.509900689125061,46.55030822753906,60.48212814331055,60.499542236328125,-44.81212234,-55.74514008,-59.13858032,5.947173595428467,18.776412963867188,2.5320262908935547,0.9626600742340088,0.9216795563697815,0.9775046110153198,5.145838737487793,4.997783660888672,4.028309345245361
1.55,0,102.49346923828125,128.2772979736328,118.649658203125,201.56028747558594,201.9522247314453,199.61158752441406,0.4541782736778259,0.4714951813220978,0.509900689125061,46.55030822753906,60.48212814331055,60.499542236328125,-44.81212234,-55.74514008,-59.13858032,5.947173595428467,18.776412963867188,2.5320262908935547,0.9626600742340088,0.9216795563697815,0.9775046110153198,5.145838737487793,4.997783660888672,4.028309345245361
1.6,0,102.49346923828125,128.2772979736328,118.649658203125,201.56028747558594,201.9522247314453,199.61158752441406,0.4541782736778259,0.4714951813220978,0.509900689125061,46.55030822753906,60.48212814331055,60.499542236328125,-44.81212234,-55.74514008,-59.13858032,5.947173595428467,18.776412963867188,2.5320262908935547,0.9626600742340088,0.9216795563697815,0.9775046110153198,5.145838737487793,4.997783660888672,4.028309345245361
1.65,0,102.48854064941406,128.31541442871094,118.66410064697266,201.5729217529297,201.96597290039062,199.65667724609375,0.4508233666419983,0.46820518374443054,0.510576605796814,46.204227447509766,60.07794189453125,60.58711242675781,-44.78697205,-55.4903717,-59.44590378,5.836559772491455,19.125835418701172,2.7370359897613525,0.9693262577056885,0.923639714717865,0.9811641573905945,5.180762767791748,5.004595756530762,4.028109550476074
1.7,0,102.48854064941406,128.31541442871094,118.66410064697266,201.5729217529297,201.96597290039062,199.65667724609375,0.4508233666419983,0.46820518374443054,0.510576605796814,46.204227447509766,60.07794189453125,60.58711242675781,-44.78697205,-55.4903717,-59.44590378,5.836559772491455,19.125835418701172,2.7370359897613525,0.9693262577056885,0.923639714717865,0.9811641573905945,5.180762767791748,5.004595756530762,4.028109550476074
1.75,0,102.48854064941406,128.31541442871094,118.66410064697266,201.5729217529297,201.96597290039062,199.65667724609375,0.4508233666419983,0.46820518374443054,0.510576605796814,46.204227447509766,60.07794189453125,60.58711242675781,-44.78697205,-55.4903717,-59.44590378,5.836559772491455,19.125835418701172,2.7370359897613525,0.9693262577056885,0.923639714717865,0.9811641573905945,5.180762767791748,5.004595756530762,4.028109550476074
1.8,0,102.48854064941406,128.31541442871094,118.66410064697266,201.5729217529297,201.96597290039062,199.65667724609375,0.4508233666419983,0.46820518374443054,0.510576605796814,46.204227447509766,60.07794189453125,60.58711242675781,-44.78697205,-55.4903717,-59.44590378,5.836559772491455,19.125835418701172,2.7370359897613525,0.9693262577056885,0.923639714717865,0.9811641573905945,5.180762767791748,5.004595756530762,4.028109550476074
1.85,0,102.53483581542969,128.321533203125,118.67385864257812,201.5927276611328,202.01556396484375,199.70071411132812,0.45639675855636597,0.4769662022590637,0.5160578489303589,46.796566009521484,61.20503616333008,61.242576599121094,-45.17356873,-56.30079651,-60.04253387,6.945227146148682,20.321765899658203,3.5738718509674072,0.9653180241584778,0.919871985912323,0.9804050922393799,5.1648454666137695,5.013080596923828,4.048140048980713
1.9,0,102.53483581542969,128.321533203125,118.67385864257812,201.5927276611328,202.01556396484375,199.70071411132812,0.45639675855636597,0.4769662022590637,0.5160578489303589,46.796566009521484,61.20503616333008,61.242576599121094,-45.17356873,-56.30079651,-60.04253387,6.945227146148682,20.321765899658203,3.5738718509674072,0.9653180241584778,0.919871985912323,0.9804050922393799,5.1648454666137695,5.013080596923828,4.048140048980713
1.95,0,102.53483581542969,128.321533203125,118.67385864257812,201.5927276611328,202.01556396484375,199.70071411132812,0.45639675855636597,0.4769662022590637,0.5160578489303589,46.796566009521484,61.20503616333008,61.242576599121094,-45.17356873,-56.30079651,-60.04253387,6.945227146148682,20.321765899658203,3.5738718509674072,0.9653180241584778,0.919871985912323,0.9804050922393799,5.1648454666137695,5.013080596923828,4.048140048980713
2,0,102.53483581542969,128.321533203125,118.67385864257812,201.5927276611328,202.01556396484375,199.70071411132812,0.45639675855636597,0.4769662022590637,0.5160578489303589,46.796566009521484,61.20503616333008,61.242576599121094,-45.17356873,-56.30079651,-60.04253387,6.945227146148682,20.321765899658203,3.5738718509674072,0.9653180241584778,0.919871985912323,0.9804050922393799,5.1648454666137695,5.013080596923828,4.048140048980713
2.05,0,102.52710723876953,128.3506317138672,118.68318176269531,201.65492248535156,202.02883911132812,199.68087768554688,0.4538896977901459,0.4729969799518585,0.5112610459327698,46.5359992980957,60.7094612121582,60.6780891418457,-45.10918045,-56.18674088,-59.56262589,6.208366870880127,19.155162811279297,2.728959083557129,0.9693394899368286,0.9255022406578064,0.9816166758537292,5.204566955566406,5.010822296142578,4.021462440490723
2.1,0,102.52710723876953,128.3506317138672,118.68318176269531,201.65492248535156,202.02883911132812,199.68087768554688,0.4538896977901459,0.4729969799518585,0.5112610459327698,46.5359992980957,60.7094612121582,60.6780891418457,-45.10918045,-56.18674088,-59.56262589,6.208366870880127,19.155162811279297,2.728959083557129,0.9693394899368286,0.9255022406578064,0.9816166758537292,5.204566955566406,5.010822296142578,4.021462440490723
2.15,0,102.52710723876953,128.3506317138672,118.68318176269531,201.65492248535156,202.02883911132812,199.68087768554688,0.4538896977901459,0.4729969799518585,0.5112610459327698,46.5359992980957,60.7094612121582,60.6780891418457,-45.10918045,-56.18674088,-59.56262589,6.208366870880127,19.155162811279297,2.728959083557129,0.9693394899368286,0.9255022406578064,0.9816166758537292,5.204566955566406,5.010822296142578,4.021462440490723
2.2,0,102.52710723876953,128.3506317138672,118.68318176269531,201.65492248535156,202.02883911132812,199.68087768554688,0.4538896977901459,0.4729969799518585,0.5112610459327698,46.5359992980957,60.7094612121582,60.6780891418457,-45.10918045,-56.18674088,-59.56262589,6.208366870880127,19.155162811279297,2.728959083557129,0.9693394899368286,0.9255022406578064,0.9816166758537292,5.204566955566406,5.010822296142578,4.021462440490723
2.25,0,102.45570373535156,128.29879760742188,118.6156005859375,201.5380859,201.93304443359375,199.56182861328125,0.4481927752494812,0.4643331468105316,0.5061646699905396,45.91990661621094,59.57338333129883,60.03902816772461,-44.33639526,-54.84897232,-58.74567413,5.873143196105957,18.97037124633789,2.896667242050171,0.9655157923698425,0.920695960521698,0.9784581065177917,5.207903861999512,5.046003341674805,4.011619567871094
2.3,0,102.45570373535156,128.29879760742188,118.6156005859375,201.5380859,201.93304443359375,199.56182861328125,0.4481927752494812,0.4643331468105316,0.5061646699905396,45.91990661621094,59.57338333129883,60.03902816772461,-44.33639526,-54.84897232,-58.74567413,5.873143196105957,18.97037124633789,2.896667242050171,0.9655157923698425,0.920695960521698,0.9784581065177917,5.207903861999512,5.046003341674805,4.011619567871094
2.35,0,102.45570373535156,128.29879760742188,118.6156005859375,201.5380859,201.93304443359375,199.56182861328125,0.4481927752494812,0.4643331468105316,0.5061646699905396,45.91990661621094,59.57338333129883,60.03902816772461,-44.33639526,-54.84897232,-58.74567413,5.873143196105957,18.97037124633789,2.896667242050171,0.9655157923698425,0.920695960521698,0.9784581065177917,5.207903861999512,5.046003341674805,4.011619567871094
2.4,0,102.45570373535156,128.29879760742188,118.6156005859375,201.5380859,201.93304443359375,199.56182861328125,0.4481927752494812,0.4643331468105316,0.5061646699905396,45.91990661621094,59.57338333129883,60.03902816772461,-44.33639526,-54.84897232,-58.74567413,5.873143196105957,18.97037124633789,2.896667242050171,0.9655157923698425,0.920695960521698,0.9784581065177917,5.207903861999512,5.046003341674805,4.011619567871094
2.45,0,102.52140808105469,128.32603454589844,118.64464569091797,201.59481811523438,202.01988220214844,199.63832092285156,0.4567156732082367,0.47390609979629517,0.5165228247642517,46.82313537597656,60.814491271972656,61.28266906738281,-45.18749619,-55.94472885,-59.99953461,6.2900543212890625,19.73226547241211,3.250516176223755,0.9650676846504211,0.9199243187904358,0.979062020778656,5.197694778442383,5.018979549407959,4.048989772796631
2.5,0,102.52140808105469,128.32603454589844,118.64464569091797,201.59481811523438,202.01988220214844,199.63832092285156,0.4567156732082367,0.47390609979629517,0.5165228247642517,46.82313537597656,60.814491271972656,61.28266906738281,-45.18749619,-55.94472885,-59.99953461,6.2900543212890625,19.73226547241211,3.250516176223755,0.9650676846504211,0.9199243187904358,0.979062020778656,5.197694778442383,5.018979549407959,4.048989772796631
2.55,0,102.52140808105469,128.32603454589844,118.64464569091797,201.59481811523438,202.01988220214844,199.63832092285156,0.4567156732082367,0.47390609979629517,0.5165228247642517,46.82313537597656,60.814491271972656,61.28266906738281,-45.18749619,-55.94472885,-59.99953461,6.2900543212890625,19.73226547241211,3.250516176223755,0.9650676846504211,0.9199243187904358,0.979062020778656,5.197694778442383,5.018979549407959,4.048989772796631
2.6,0,102.52140808105469,128.32603454589844,118.64464569091797,201.59481811523438,202.01988220214844,199.63832092285156,0.4567156732082367,0.47390609979629517,0.5165228247642517,46.82313537597656,60.814491271972656,61.28266906738281,-45.18749619,-55.94472885,-59.99953461,6.2900543212890625,19.73226547241211,3.250516176223755,0.9650676846504211,0.9199243187904358,0.979062020778656,5.197694778442383,5.018979549407959,4.048989772796631
2.65,0,102.47998809814453,128.2945098876953,118.64938354492188,201.5506134033203,201.9804688,199.60369873046875,0.4512191414833069,0.47041764855384827,0.5097448229789734,46.24093246459961,60.35200119018555,60.48090744018555,-44.72903824,-55.76559067,-59.29630661,5.901927471160889,18.95436668395996,2.474794864654541,0.967303991317749,0.9240056872367859,0.9804136157035828,5.183412075042725,5.00767183303833,3.9907748699188232
2.7,0,102.47998809814453,128.2945098876953,118.64938354492188,201.5506134033203,201.9804688,199.60369873046875,0.4512191414833069,0.47041764855384827,0.5097448229789734,46.24093246459961,60.35200119018555,60.48090744018555,-44.72903824,-55.76559067,-59.29630661,5.901927471160889,18.95436668395996,2.474794864654541,0.967303991317749,0.9240056872367859,0.9804136157035828,5.183412075042725,5.00767183303833,3.9907748699188232
2.75,0,102.47998809814453,128.2945098876953,118.64938354492188,201.5506134033203,201.9804688,199.60369873046875,0.4512191414833069,0.47041764855384827,0.5097448229789734,46.24093246459961,60.35200119018555,60.48090744018555,-44.72903824,-55.76559067,-59.29630661,5.901927471160889,18.95436668395996,2.474794864654541,0.967303991317749,0.9240056872367859,0.9804136157035828,5.183412075042725,5.00767183303833,3.9907748699188232
2.8,0,102.47998809814453,128.2945098876953,118.64938354492188,201.5506134033203,201.9804688,199.60369873046875,0.4512191414833069,0.47041764855384827,0.5097448229789734,46.24093246459961,60.35200119018555,60.48090744018555,-44.72903824,-55.76559067,-59.29630661,5.901927471160889,18.95436668395996,2.474794864654541,0.967303991317749,0.9240056872367859,0.9804136157035828,5.183412075042725,5.00767183303833,3.9907748699188232
2.85,0,102.45573425292969,128.22662353515625,118.63233184814453,201.44827270507812,201.8802032470703,199.60177612304688,0.45230743288993835,0.4655662178993225,0.508221447467804,46.34149169921875,59.69798278808594,60.29149627685547,-44.78657913,-55.01791763,-59.01846313,6.122445583343506,19.06304931640625,3.324958324432373,0.9664466381072998,0.9216042757034302,0.9788853526115417,5.106871128082275,4.970045566558838,3.987328290939331
2.9,0,102.45573425292969,128.22662353515625,118.63233184814453,201.44827270507812,201.8802032470703,199.60177612304688,0.45230743288993835,0.4655662178993225,0.508221447467804,46.34149169921875,59.69798278808594,60.29149627685547,-44.78657913,-55.01791763,-59.01846313,6.122445583343506,19.06304931640625,3.324958324432373,0.9664466381072998,0.9216042757034302,0.9788853526115417,5.106871128082275,4.970045566558838,3.987328290939331
2.95,0,102.45573425292969,128.22662353515625,118.63233184814453,201.44827270507812,201.8802032470703,199.60177612304688,0.45230743288993835,0.4655662178993225,0.508221447467804,46.34149169921875,59.69798278808594,60.29149627685547,-44.78657913,-55.01791763,-59.01846313,6.122445583343506,19.06304931640625,3.324958324432373,0.9664466381072998,0.9216042757034302,0.9788853526115417,5.106871128082275,4.970045566558838,3.987328290939331
3,0,102.45573425292969,128.22662353515625,118.63233184814453,201.44827270507812,201.8802032470703,199.60177612304688,0.45230743288993835,0.4655662178993225,0.508221447467804,46.34149169921875,59.69798278808594,60.29149627685547,-44.78657913,-55.01791763,-59.01846313,6.122445583343506,19.06304931640625,3.324958324432373,0.9664466381072998,0.9216042757034302,0.9788853526115417,5.106871128082275,4.970045566558838,3.987328290939331
3.05,0,102.50108337402344,128.33689880371094,118.68961334228516,201.57525634765625,202.04547119140625,199.68600463867188,0.459497332572937,0.4782487154006958,0.5215837359428406,47.098976135253906,61.376956939697266,61.90657043457031,-45.52384949,-56.54672241,-60.68717957,6.105152130126953,19.794626235961914,2.930560350418091,0.9665570855140686,0.9213021397590637,0.9803027510643005,5.134106636047363,4.939577579498291,3.985496997833252
3.1,0,102.50108337402344,128.33689880371094,118.68961334228516,201.57525634765625,202.04547119140625,199.68600463867188,0.459497332572937,0.4782487154006958,0.5215837359428406,47.098976135253906,61.376956939697266,61.90657043457031,-45.52384949,-56.54672241,-60.68717957,6.105152130126953,19.794626235961914,2.930560350418091,0.9665570855140686,0.9213021397590637,0.9803027510643005,5.134106636047363,4.939577579498291,3.985496997833252
3.15,0,102.50108337402344,128.33689880371094,118.68961334228516,201.57525634765625,202.04547119140625,199.68600463867188,0.459497332572937,0.4782487154006958,0.5215837359428406,47.098976135253906,61.376956939697266,61.90657043457031,-45.52384949,-56.54672241,-60.68717957,6.105152130126953,19.794626235961914,2.930560350418091,0.9665570855140686,0.9213021397590637,0.9803027510643005,5.134106636047363,4.939577579498291,3.985496997833252
3.2,0,102.50108337402344,128.33689880371094,118.68961334228516,201.57525634765625,202.04547119140625,199.68600463867188,0.459497332572937,0.4782487154006958,0.5215837359428406,47.098976135253906,61.376956939697266,61.90657043457031,-45.52384949,-56.54672241,-60.68717957,6.105152130126953,19.794626235961914,2.930560350418091,0.9665570855140686,0.9213021397590637,0.9803027510643005,5.134106636047363,4.939577579498291,3.985496997833252
3.25,0,102.46966552734375,128.2972869873047,118.6033935546875,201.5404815673828,201.93154907226562,199.5637969970703,0.4532405436038971,0.47214096784591675,0.5120316743850708,46.44340515136719,60.574405670166016,60.728694915771484,-44.82590866,-55.82102966,-59.39360428,6.08335542678833,19.179534912109375,2.7042105197906494,0.9651727676391602,0.9215283393859863,0.9780154824256897,5.1442108154296875,4.967745780944824,4.005579948425293
3.3,0,102.46966552734375,128.2972869873047,118.6033935546875,201.5404815673828,201.93154907226562,199.5637969970703,0.4532405436038971,0.47214096784591675,0.5120316743850708,46.44340515136719,60.574405670166016,60.728694915771484,-44.82590866,-55.82102966,-59.39360428,6.08335542678833,19.179534912109375,2.7042105197906494,0.9651727676391602,0.9215283393859863,0.9780154824256897,5.1442108154296875,4.967745780944824,4.005579948425293
3.35,0,102.46966552734375,128.2972869873047,118.6033935546875,201.5404815673828,201.93154907226562,199.5637969970703,0.4532405436038971,0.47214096784591675,0.5120316743850708,46.44340515136719,60.574405670166016,60.728694915771484,-44.82590866,-55.82102966,-59.39360428,6.08335542678833,19.179534912109375,2.7042105197906494,0.9651727676391602,0.9215283393859863,0.9780154824256897,5.1442108154296875,4.967745780944824,4.005579948425293
3.4,0,102.46966552734375,128.2972869873047,118.6033935546875,201.5404815673828,201.93154907226562,199.5637969970703,0.4532405436038971,0.47214096784591675,0.5120316743850708,46.44340515136719,60.574405670166016,60.728694915771484,-44.82590866,-55.82102966,-59.39360428,6.08335542678833,19.179534912109375,2.7042105197906494,0.9651727676391602,0.9215283393859863,0.9780154824256897,5.1442108154296875,4.967745780944824,4.005579948425293
3.45,0,102.42485809326172,128.23936462402344,118.55423736572266,201.46031188964844,201.83758544921875,199.47398376464844,0.4496161937713623,0.46840593218803406,0.5086218118667603,46.051876068115234,60.06808090209961,60.29927062988281,-44.49251556,-55.35943985,-59.11949539,6.26910924911499,19.49945831298828,3.041630744934082,0.966139018535614,0.9216116070747375,0.9804346561431885,5.15141487121582,4.9993791580200195,4.046130657196045
3.5,0,102.42485809326172,128.23936462402344,118.55423736572266,201.46031188964844,201.83758544921875,199.47398376464844,0.4496161937713623,0.46840593218803406,0.5086218118667603,46.051876068115234,60.06808090209961,60.29927062988281,-44.49251556,-55.35943985,-59.11949539,6.26910924911499,19.49945831298828,3.041630744934082,0.966139018535614,0.9216116070747375,0.9804346561431885,5.15141487121582,4.9993791580200195,4.046130657196045
3.55,0,102.42485809326172,128.23936462402344,118.55423736572266,201.46031188964844,201.83758544921875,199.47398376464844,0.4496161937713623,0.46840593218803406,0.5086218118667603,46.051876068115234,60.06808090209961,60.29927062988281,-44.49251556,-55.35943985,-59.11949539,6.26910924911499,19.49945831298828,3.041630744934082,0.966139018535614,0.9216116070747375,0.9804346561431885,5.15141487121582,4.9993791580200195,4.046130657196045
3.6,0,102.42485809326172,128.23936462402344,118.55423736572266,201.46031188964844,201.83758544921875,199.47398376464844,0.4496161937713623,0.46840593218803406,0.5086218118667603,46.051876068115234,60.06808090209961,60.29927062988281,-44.49251556,-55.35943985,-59.11949539,6.26910924911499,19.49945831298828,3.041630744934082,0.966139018535614,0.9216116070747375,0.9804346561431885,5.15141487121582,4.9993791580200195,4.046130657196045
3.65,0,102.4676284790039,128.2695313,118.58918762207031,201.50135803222656,201.88894653320312,199.56561279296875,0.45468881726264954,0.4718513786792755,0.5141637325286865,46.590885162353516,60.52415466308594,60.97425842285156,-44.98086548,-55.83654785,-59.64857483,5.568160533905029,18.793428421020508,2.3197906017303467,0.96544349193573,0.922549843788147,0.9782583117485046,5.155603408813477,4.9721503257751465,4.016468524932861
3.7,0,102.4676284790039,128.2695313,118.58918762207031,201.50135803222656,201.88894653320312,199.56561279296875,0.45468881726264954,0.4718513786792755,0.5141637325286865,46.590885162353516,60.52415466308594,60.97425842285156,-44.98086548,-55.83654785,-59.64857483,5.568160533905029,18.793428421020508,2.3197906017303467,0.96544349193573,0.922549843788147,0.9782583117485046,5.155603408813477,4.9721503257751465,4.016468524932861
3.75,0,102.4676284790039,128.2695313,118.58918762207031,201.50135803222656,201.88894653320312,199.56561279296875,0.45468881726264954,0.4718513786792755,0.5141637325286865,46.590885162353516,60.52415466308594,60.97425842285156,-44.98086548,-55.83654785,-59.64857483,5.568160533905029,18.793428421020508,2.3197906017303467,0.96544349193573,0.922549843788147,0.9782583117485046,5.155603408813477,4.9721503257751465,4.016468524932861
3.8,0,102.4676284790039,128.2695313,118.58918762207031,201.50135803222656,201.88894653320312,199.56561279296875,0.45468881726264954,0.4718513786792755,0.5141637325286865,46.590885162353516,60.52415466308594,60.97425842285156,-44.98086548,-55.83654785,-59.64857483,5.568160533905029,18.793428421020508,2.3197906017303467,0.96544349193573,0.922549843788147,0.9782583117485046,5.155603408813477,4.9721503257751465,4.016468524932861
3.85,0,102.45545196533203,128.24778747558594,118.57797241210938,201.4733123779297,201.88153076171875,199.5286865234375,0.44908326864242554,0.4707818925380707,0.5114687085151672,46.01102828979492,60.37673568725586,60.648921966552734,-44.3828392,-55.53046036,-59.32366943,5.846500873565674,19.31273078918457,2.4271061420440674,0.9646130800247192,0.9197327494621277,0.9781487584114075,5.1306867599487305,4.971920967102051,4.0308637619018555
3.9,0,102.45545196533203,128.24778747558594,118.57797241210938,201.4733123779297,201.88153076171875,199.5286865234375,0.44908326864242554,0.4707818925380707,0.5114687085151672,46.01102828979492,60.37673568725586,60.648921966552734,-44.3828392,-55.53046036,-59.32366943,5.846500873565674,19.31273078918457,2.4271061420440674,0.9646130800247192,0.9197327494621277,0.9781487584114075,5.1306867599487305,4.971920967102051,4.0308637619018555
3.95,0,102.45545196533203,128.24778747558594,118.57797241210938,201.4733123779297,201.88153076171875,199.5286865234375,0.44908326864242554,0.4707818925380707,0.5114687085151672,46.01102828979492,60.37673568725586,60.648921966552734,-44.3828392,-55.53046036,-59.32366943,5.846500873565674,19.31273078918457,2.4271061420440674,0.9646130800247192,0.9197327494621277,0.9781487584114075,5.1306867599487305,4.971920967102051,4.0308637619018555
4,0,102.45545196533203,128.24778747558594,118.57797241210938,201.4733123779297,201.88153076171875,199.5286865234375,0.44908326864242554,0.4707818925380707,0.5114687085151672,46.01102828979492,60.37673568725586,60.648921966552734,-44.3828392,-55.53046036,-59.32366943,5.846500873565674,19.31273078918457,2.4271061420440674,0.9646130800247192,0.9197327494621277,0.9781487584114075,5.1306867599487305,4.971920967102051,4.0308637619018555
4.05,0,102.45024871826172,128.23883056640625,118.58868408203125,201.4999542236328,201.8528594970703,199.521240234375,0.45275062322616577,0.4711817502975464,0.5103998184204102,46.38441467285156,60.423797607421875,60.52764129638672,-44.7076416,-55.55596161,-59.23593521,6.489284992218018,19.62638282775879,3.2590653896331787,0.9638504981994629,0.9194384217262268,0.9786592125892639,5.158824443817139,4.974924564361572,4.046363830566406
4.1,0,102.45024871826172,128.23883056640625,118.58868408203125,201.4999542236328,201.8528594970703,199.521240234375,0.45275062322616577,0.4711817502975464,0.5103998184204102,46.38441467285156,60.423797607421875,60.52764129638672,-44.7076416,-55.55596161,-59.23593521,6.489284992218018,19.62638282775879,3.2590653896331787,0.9638504981994629,0.9194384217262268,0.9786592125892639,5.158824443817139,4.974924564361572,4.046363830566406
4.15,0,102.45024871826172,128.23883056640625,118.58868408203125,201.4999542236328,201.8528594970703,199.521240234375,0.45275062322616577,0.4711817502975464,0.5103998184204102,46.38441467285156,60.423797607421875,60.52764129638672,-44.7076416,-55.55596161,-59.23593521,6.489284992218018,19.62638282775879,3.2590653896331787,0.9638504981994629,0.9194384217262268,0.9786592125892639,5.158824443817139,4.974924564361572,4.046363830566406
4.2,0,102.45024871826172,128.23883056640625,118.58868408203125,201.4999542236328,201.8528594970703,199.521240234375,0.45275062322616577,0.4711817502975464,0.5103998184204102,46.38441467285156,60.423797607421875,60.52764129638672,-44.7076416,-55.55596161,-59.23593521,6.489284992218018,19.62638282775879,3.2590653896331787,0.9638504981994629,0.9194384217262268,0.9786592125892639,5.158824443817139,4.974924564361572,4.046363830566406
4.25,0,102.47981262207031,128.32029724121094,118.6396255493164,201.56130981445312,201.9652557373047,199.6240997314453,0.4561740458011627,0.47290340065956116,0.5176109671592712,46.74863052368164,60.68310547,61.40917205810547,-45.33143234,-56.09730911,-60.29498672,5.671097755432129,19.25398063659668,2.642810821533203,0.9696847200393677,0.9244304299354553,0.9818563461303711,5.162872314453125,4.969627857208252,4.011948108673096
4.3,0,102.47981262207031,128.32029724121094,118.6396255493164,201.56130981445312,201.9652557373047,199.6240997314453,0.4561740458011627,0.47290340065956116,0.5176109671592712,46.74863052368164,60.68310547,61.40917205810547,-45.33143234,-56.09730911,-60.29498672,5.671097755432129,19.25398063659668,2.642810821533203,0.9696847200393677,0.9244304299354553,0.9818563461303711,5.162872314453125,4.969627857208252,4.011948108673096
4.35,0,102.47981262207031,128.32029724121094,118.6396255493164,201.56130981445312,201.9652557373047,199.6240997314453,0.4561740458011627,0.47290340065956116,0.5176109671592712,46.74863052368164,60.68310547,61.40917205810547,-45.33143234,-56.09730911,-60.29498672,5.671097755432129,19.25398063659668,2.642810821533203,0.9696847200393677,0.9244304299354553,0.9818563461303711,5.162872314453125,4.969627857208252,4.011948108673096
4.4,0,102.47981262207031,128.32029724121094,118.6396255493164,201.56130981445312,201.9652557373047,199.6240997314453,0.4561740458011627,0.47290340065956116,0.5176109671592712,46.74863052368164,60.68310547,61.40917205810547,-45.33143234,-56.09730911,-60.29498672,5.671097755432129,19.25398063659668,2.642810821533203,0.9696847200393677,0.9244304299354553,0.9818563461303711,5.162872314453125,4.969627857208252,4.011948108673096
4.45,0,102.43732452392578,128.26893615722656,118.56930541992188,201.4676971435547,201.90016174316406,199.50656127929688,0.4515235126018524,0.4721929430961609,0.5127874612808228,46.25286102294922,60.56768798828125,60.80085372924805,-44.61418915,-55.70401764,-59.54090881,6.352873802185059,19.824281692504883,3.035553216934204,0.964571475982666,0.9196985960006714,0.979277491569519,5.161699295043945,5.0066351890563965,4.034001350402832
4.5,0,102.43732452392578,128.26893615722656,118.56930541992188,201.4676971435547,201.90016174316406,199.50656127929688,0.4515235126018524,0.4721929430961609,0.5127874612808228,46.25286102294922,60.56768798828125,60.80085372924805,-44.61418915,-55.70401764,-59.54090881,6.352873802185059,19.824281692504883,3.035553216934204,0.964571475982666,0.9196985960006714,0.979277491569519,5.161699295043945,5.0066351890563965,4.034001350402832
4.55,0,102.43732452392578,128.26893615722656,118.56930541992188,201.4676971435547,201.90016174316406,199.50656127929688,0.4515235126018524,0.4721929430961609,0.5127874612808228,46.25286102294922,60.56768798828125,60.80085372924805,-44.61418915,-55.70401764,-59.54090881,6.352873802185059,19.824281692504883,3.035553216934204,0.964571475982666,0.9196985960006714,0.979277491569519,5.161699295043945,5.0066351890563965,4.034001350402832
4.6,0,102.43732452392578,128.26893615722656,118.56930541992188,201.4676971435547,201.90016174316406,199.50656127929688,0.4515235126018524,0.4721929430961609,0.5127874612808228,46.25286102294922,60.56768798828125,60.80085372924805,-44.61418915,-55.70401764,-59.54090881,6.352873802185059,19.824281692504883,3.035553216934204,0.964571475982666,0.9196985960006714,0.979277491569519,5.161699295043945,5.0066351890563965,4.034001350402832
4.65,0,102.43968963623047,128.2176513671875,118.59355926513672,201.44398498535156,201.8408660888672,199.5397186279297,0.45565763115882874,0.4743896424770355,0.5137174129486084,46.677425384521484,60.82512664794922,60.92357635498047,-45.0954361,-56.01502991,-59.70502853,6.607008457183838,19.764616012573242,3.3161914348602295,0.9661080241203308,0.9209192395210266,0.979998767375946,5.167088508605957,4.978492736816406,4.029485702514648
4.7,0,102.43968963623047,128.2176513671875,118.59355926513672,201.44398498535156,201.8408660888672,199.5397186279297,0.45565763115882874,0.4743896424770355,0.5137174129486084,46.677425384521484,60.82512664794922,60.92357635498047,-45.0954361,-56.01502991,-59.70502853,6.607008457183838,19.764616012573242,3.3161914348602295,0.9661080241203308,0.9209192395210266,0.979998767375946,5.167088508605957,4.978492736816406,4.029485702514648
4.75,0,102.43968963623047,128.2176513671875,118.59355926513672,201.44398498535156,201.8408660888672,199.5397186279297,0.45565763115882874,0.4743896424770355,0.5137174129486084,46.677425384521484,60.82512664794922,60.92357635498047,-45.0954361,-56.01502991,-59.70502853,6.607008457183838,19.764616012573242,3.3161914348602295,0.9661080241203308,0.9209192395210266,0.979998767375946,5.167088508605957,4.978492736816406,4.029485702514648
4.8,0,102.43968963623047,128.2176513671875,118.59355926513672,201.44398498535156,201.8408660888672,199.5397186279297,0.45565763115882874,0.4743896424770355,0.5137174129486084,46.677425384521484,60.82512664794922,60.92357635498047,-45.0954361,-56.01502991,-59.70502853,6.607008457183838,19.764616012573242,3.3161914348602295,0.9661080241203308,0.9209192395210266,0.979998767375946,5.167088508605957,4.978492736816406,4.029485702514648
4.85,0,102.4188003540039,128.2532196044922,118.58528137207031,201.445556640625,201.86911010742188,199.519775390625,0.4550479054450989,0.47235584259033203,0.5143774747848511,46.60546112060547,60.58115768432617,60.997596740722656,-45.05635071,-55.99531555,-59.69633484,5.547242164611816,18.68275260925293,2.220820903778076,0.9667611718177795,0.9243025183677673,0.9786670207977295,5.184063911437988,5.029061317443848,4.047839641571045
4.9,0,102.4188003540039,128.2532196044922,118.58528137207031,201.445556640625,201.86911010742188,199.519775390625,0.4550479054450989,0.47235584259033203,0.5143774747848511,46.60546112060547,60.58115768432617,60.997596740722656,-45.05635071,-55.99531555,-59.69633484,5.547242164611816,18.68275260925293,2.220820903778076,0.9667611718177795,0.9243025183677673,0.9786670207977295,5.184063911437988,5.029061317443848,4.047839641571045
4.95,0,102.4188003540039,128.2532196044922,118.58528137207031,201.445556640625,201.86911010742188,199.519775390625,0.4550479054450989,0.47235584259033203,0.5143774747848511,46.60546112060547,60.58115768432617,60.997596740722656,-45.05635071,-55.99531555,-59.69633484,5.547242164611816,18.68275260925293,2.220820903778076,0.9667611718177795,0.9243025183677673,0.9786670207977295,5.184063911437988,5.029061317443848,4.047839641571045
5,0,102.4188003540039,128.2532196044922,118.58528137207031,201.445556640625,201.86911010742188,199.519775390625,0.4550479054450989,0.47235584259033203,0.5143774747848511,46.60546112060547,60.58115768432617,60.997596740722656,-45.05635071,-55.99531555,-59.69633484,5.547242164611816,18.68275260925293,2.220820903778076,0.9667611718177795,0.9243025183677673,0.9786670207977295,5.184063911437988,5.029061317443848,4.047839641571045
5.05,0,102.41681671142578,128.2077178955078,118.52838897705078,201.3910675048828,201.8177032470703,199.45431518554688,0.447875440120697,0.46681708097457886,0.5096949934959412,45.86997604370117,59.849552154541016,60.413326263427734,-44.38632965,-55.09265137,-59.24701309,6.13114595413208,19.668787002563477,3.1430225372314453,0.9676554203033447,0.9205190539360046,0.9806944131851196,5.209736347198486,5.027024269104004,4.089380264282227
5.1,0,102.41681671142578,128.2077178955078,118.52838897705078,201.3910675048828,201.8177032470703,199.45431518554688,0.447875440120697,0.46681708097457886,0.5096949934959412,45.86997604370117,59.849552154541016,60.413326263427734,-44.38632965,-55.09265137,-59.24701309,6.13114595413208,19.668787002563477,3.1430225372314453,0.9676554203033447,0.9205190539360046,0.9806944131851196,5.209736347198486,5.027024269104004,4.089380264282227
5.15,0,102.41681671142578,128.2077178955078,118.52838897705078,201.3910675048828,201.8177032470703,199.45431518554688,0.447875440120697,0.46681708097457886,0.5096949934959412,45.86997604370117,59.849552154541016,60.413326263427734,-44.38632965,-55.09265137,-59.24701309,6.13114595413208,19.668787002563477,3.1430225372314453,0.9676554203033447,0.9205190539360046,0.9806944131851196,5.209736347198486,5.027024269104004,4.089380264282227
5.2,0,102.41681671142578,128.2077178955078,118.52838897705078,201.3910675048828,201.8177032470703,199.45431518554688,0.447875440120697,0.46681708097457886,0.5096949934959412,45.86997604370117,59.849552154541016,60.413326263427734,-44.38632965,-55.09265137,-59.24701309,6.13114595413208,19.668787002563477,3.1430225372314453,0.9676554203033447,0.9205190539360046,0.9806944131851196,5.209736347198486,5.027024269104004,4.089380264282227
5.25,0,102.44389343261719,128.25003051757812,118.58129119873047,201.4949493408203,201.87493896484375,199.50582885742188,0.45346930623054504,0.4732261598110199,0.512243390083313,46.455162048339844,60.69126892089844,60.74248123168945,-44.7942009,-55.81250381,-59.44456482,6.268866539001465,19.472442626953125,2.927741050720215,0.9642459154129028,0.9196134209632874,0.9786324501037598,5.202958583831787,5.015208721160889,4.0657958984375
5.3,0,102.44389343261719,128.25003051757812,118.58129119873047,201.4949493408203,201.87493896484375,199.50582885742188,0.45346930623054504,0.4732261598110199,0.512243390083313,46.455162048339844,60.69126892089844,60.74248123168945,-44.7942009,-55.81250381,-59.44456482,6.268866539001465,19.472442626953125,2.927741050720215,0.9642459154129028,0.9196134209632874,0.9786324501037598,5.202958583831787,5.015208721160889,4.0657958984375
5.35,0,102.44389343261719,128.25003051757812,118.58129119873047,201.4949493408203,201.87493896484375,199.50582885742188,0.45346930623054504,0.4732261598110199,0.512243390083313,46.455162048339844,60.69126892089844,60.74248123168945,-44.7942009,-55.81250381,-59.44456482,6.268866539001465,19.472442626953125,2.927741050720215,0.9642459154129028,0.9196134209632874,0.9786324501037598,5.202958583831787,5.015208721160889,4.0657958984375
5.4,0,102.44389343261719,128.25003051757812,118.58129119873047,201.4949493408203,201.87493896484375,199.50582885742188,0.45346930623054504,0.4732261598110199,0.512243390083313,46.455162048339844,60.69126892089844,60.74248123168945,-44.7942009,-55.81250381,-59.44456482,6.268866539001465,19.472442626953125,2.927741050720215,0.9642459154129028,0.9196134209632874,0.9786324501037598,5.202958583831787,5.015208721160889,4.0657958984375
5.45,0,102.4435043334961,128.28457641601562,118.5984115600586,201.52357482910156,201.88780212402344,199.5402374267578,0.45434999465942383,0.4692362844944,0.5122320055961609,46.545204162597656,60.195777893066406,60.749900817871094,-45.11053848,-55.82049561,-59.56257629,5.467178821563721,18.498987197875977,2.292637825012207,0.9691769480705261,0.9273157715797424,0.9804555177688599,5.168002128601074,5.019499778747559,4.0698466300964355
5.5,0,102.4435043334961,128.28457641601562,118.5984115600586,201.52357482910156,201.88780212402344,199.5402374267578,0.45434999465942383,0.4692362844944,0.5122320055961609,46.545204162597656,60.195777893066406,60.749900817871094,-45.11053848,-55.82049561,-59.56257629,5.467178821563721,18.498987197875977,2.292637825012207,0.9691769480705261,0.9273157715797424,0.9804555177688599,5.168002128601074,5.019499778747559,4.0698466300964355
5.55,0,102.4435043334961,128.28457641601562,118.5984115600586,201.52357482910156,201.88780212402344,199.5402374267578,0.45434999465942383,0.4692362844944,0.5122320055961609,46.545204162597656,60.195777893066406,60.749900817871094,-45.11053848,-55.82049561,-59.56257629,5.467178821563721,18.498987197875977,2.292637825012207,0.9691769480705261,0.9273157715797424,0.9804555177688599,5.168002128601074,5.019499778747559,4.0698466300964355
5.6,0,102.4435043334961,128.28457641601562,118.5984115600586,201.52357482910156,201.88780212402344,199.5402374267578,0.45434999465942383,0.4692362844944,0.5122320055961609,46.545204162597656,60.195777893066406,60.749900817871094,-45.11053848,-55.82049561,-59.56257629,5.467178821563721,18.498987197875977,2.292637825012207,0.9691769480705261,0.9273157715797424,0.9804555177688599,5.168002128601074,5.019499778747559,4.0698466300964355
5.65,0,102.45632934570312,128.2676544189453,118.57846069335938,201.48605346679688,201.8843536376953,199.54469299316406,0.4544212818145752,0.4754972457885742,0.5163941383361816,46.5583381652832,60.99091720581055,61.23322296142578,-44.87675476,-55.91798401,-59.98846054,6.718202114105225,20.424911499023438,3.5136353969573975,0.9638822078704834,0.9168247580528259,0.9796717762947083,5.164299964904785,4.978313446044922,4.0604939460754395
5.7,0,102.45632934570312,128.2676544189453,118.57846069335938,201.48605346679688,201.8843536376953,199.54469299316406,0.4544212818145752,0.4754972457885742,0.5163941383361816,46.5583381652832,60.99091720581055,61.23322296142578,-44.87675476,-55.91798401,-59.98846054,6.718202114105225,20.424911499023438,3.5136353969573975,0.9638822078704834,0.9168247580528259,0.9796717762947083,5.164299964904785,4.978313446044922,4.0604939460754395
5.75,0,102.45632934570312,128.2676544189453,118.57846069335938,201.48605346679688,201.8843536376953,199.54469299316406,0.4544212818145752,0.4754972457885742,0.5163941383361816,46.5583381652832,60.99091720581055,61.23322296142578,-44.87675476,-55.91798401,-59.98846054,6.718202114105225,20.424911499023438,3.5136353969573975,0.9638822078704834,0.9168247580528259,0.9796717762947083,5.164299964904785,4.978313446044922,4.0604939460754395
5.8,0,102.45632934570312,128.2676544189453,118.57846069335938,201.48605346679688,201.8843536376953,199.54469299316406,0.4544212818145752,0.4754972457885742,0.5163941383361816,46.5583381652832,60.99091720581055,61.23322296142578,-44.87675476,-55.91798401,-59.98846054,6.718202114105225,20.424911499023438,3.5136353969573975,0.9638822078704834,0.9168247580528259,0.9796717762947083,5.164299964904785,4.978313446044922,4.0604939460754395
5.85,0,102.46857452392578,128.2837371826172,118.5998306274414,201.5285186767578,201.91041564941406,199.5638885498047,0.4538443684577942,0.4748399257659912,0.5137752294540405,46.504783630371094,60.914241790771484,60.93365478515625,-44.91910172,-56.10133362,-59.66273499,6.447778224945068,19.684860229492188,2.9523119926452637,0.9659028053283691,0.9209887981414795,0.9791425466537476,5.128447532653809,4.950501918792725,3.9964842796325684
5.9,0,102.46857452392578,128.2837371826172,118.5998306274414,201.5285186767578,201.91041564941406,199.5638885498047,0.4538443684577942,0.4748399257659912,0.5137752294540405,46.504783630371094,60.914241790771484,60.93365478515625,-44.91910172,-56.10133362,-59.66273499,6.447778224945068,19.684860229492188,2.9523119926452637,0.9659028053283691,0.9209887981414795,0.9791425466537476,5.128447532653809,4.950501918792725,3.9964842796325684
5.95,0,102.46857452392578,128.2837371826172,118.5998306274414,201.5285186767578,201.91041564941406,199.5638885498047,0.4538443684577942,0.4748399257659912,0.5137752294540405,46.504783630371094,60.914241790771484,60.93365478515625,-44.91910172,-56.10133362,-59.66273499,6.447778224945068,19.684860229492188,2.9523119926452637,0.9659028053283691,0.9209887981414795,0.9791425466537476,5.128447532653809,4.950501918792725,3.9964842796325684
6,0,102.46857452392578,128.2837371826172,118.5998306274414,201.5285186767578,201.91041564941406,199.5638885498047,0.4538443684577942,0.4748399257659912,0.5137752294540405,46.504783630371094,60.914241790771484,60.93365478515625,-44.91910172,-56.10133362,-59.66273499,6.447778224945068,19.684860229492188,2.9523119926452637,0.9659028053283691,0.9209887981414795,0.9791425466537476,5.128447532653809,4.950501918792725,3.9964842796325684
6.05,0,102.45247650146484,128.27740478515625,118.60601043701172,201.5145721435547,201.9121856689453,199.54762268066406,0.4518453776836395,0.4675435721874237,0.5079578757286072,46.29267883300781,59.975276947021484,60.246856689453125,-44.77130127,-55.55392456,-59.06131744,5.597876071929932,18.433902740478516,2.3078088760375977,0.9671356678009033,0.9262804388999939,0.9803219437599182,5.140072345733643,4.953166484832764,4.045971870422363
6.1,0,102.45247650146484,128.27740478515625,118.60601043701172,201.5145721435547,201.9121856689453,199.54762268066406,0.4518453776836395,0.4675435721874237,0.5079578757286072,46.29267883300781,59.975276947021484,60.246856689453125,-44.77130127,-55.55392456,-59.06131744,5.597876071929932,18.433902740478516,2.3078088760375977,0.9671356678009033,0.9262804388999939,0.9803219437599182,5.140072345733643,4.953166484832764,4.045971870422363
6.15,0,102.45247650146484,128.27740478515625,118.60601043701172,201.5145721435547,201.9121856689453,199.54762268066406,0.4518453776836395,0.4675435721874237,0.5079578757286072,46.29267883300781,59.975276947021484,60.246856689453125,-44.77130127,-55.55392456,-59.06131744,5.597876071929932,18.433902740478516,2.3078088760375977,0.9671356678009033,0.9262804388999939,0.9803219437599182,5.140072345733643,4.953166484832764,4.045971870422363
6.2,0,102.45247650146484,128.27740478515625,118.60601043701172,201.5145721435547,201.9121856689453,199.54762268066406,0.4518453776836395,0.4675435721874237,0.5079578757286072,46.29267883300781,59.975276947021484,60.246856689453125,-44.77130127,-55.55392456,-59.06131744,5.597876071929932,18.433902740478516,2.3078088760375977,0.9671356678009033,0.9262804388999939,0.9803219437599182,5.140072345733643,4.953166484832764,4.045971870422363
6.25,0,102.4684829711914,128.26629638671875,118.56671905517578,201.51332092285156,201.86705017089844,199.535400390625,0.45217010378837585,0.4724695384502411,0.5126987099647522,46.33318328857422,60.6019172668457,60.789005279541016,-44.66261673,-55.68454361,-59.48361969,6.37742280960083,19.775463104248047,3.0754213333129883,0.9639444947242737,0.9188578128814697,0.9785259366035461,5.126188278198242,4.940081596374512,4.071008205413818
6.3,0,102.4684829711914,128.26629638671875,118.56671905517578,201.51332092285156,201.86705017089844,199.535400390625,0.45217010378837585,0.4724695384502411,0.5126987099647522,46.33318328857422,60.6019172668457,60.789005279541016,-44.66261673,-55.68454361,-59.48361969,6.37742280960083,19.775463104248047,3.0754213333129883,0.9639444947242737,0.9188578128814697,0.9785259366035461,5.126188278198242,4.940081596374512,4.071008205413818
6.35,0,102.4684829711914,128.26629638671875,118.56671905517578,201.51332092285156,201.86705017089844,199.535400390625,0.45217010378837585,0.4724695384502411,0.5126987099647522,46.33318328857422,60.6019172668457,60.789005279541016,-44.66261673,-55.68454361,-59.48361969,6.37742280960083,19.775463104248047,3.0754213333129883,0.9639444947242737,0.9188578128814697,0.9785259366035461,5.126188278198242,4.940081596374512,4.071008205413818
6.4,0,102.4684829711914,128.26629638671875,118.56671905517578,201.51332092285156,201.86705017089844,199.535400390625,0.45217010378837585,0.4724695384502411,0.5126987099647522,46.33318328857422,60.6019172668457,60.789005279541016,-44.66261673,-55.68454361,-59.48361969,6.37742280960083,19.775463104248047,3.0754213333129883,0.9639444947242737,0.9188578128814697,0.9785259366035461,5.126188278198242,4.940081596374512,4.071008205413818
6.45,0,102.46404266357422,128.26841735839844,118.57210540771484,201.5271759033203,201.88656616210938,199.51336669921875,0.45056843757629395,0.47226524353027344,0.5119142532348633,46.16706466674805,60.57671356201172,60.69874954223633,-44.61064148,-55.87258148,-59.48278809,5.969980239868164,19.335195541381836,2.4510982036590576,0.9662871360778809,0.9223442077636719,0.9799672961235046,5.10503625869751,4.961149215698242,4.0646653175354
6.5,0,102.46404266357422,128.26841735839844,118.57210540771484,201.5271759033203,201.88656616210938,199.51336669921875,0.45056843757629395,0.47226524353027344,0.5119142532348633,46.16706466674805,60.57671356201172,60.69874954223633,-44.61064148,-55.87258148,-59.48278809,5.969980239868164,19.335195541381836,2.4510982036590576,0.9662871360778809,0.9223442077636719,0.9799672961235046,5.10503625869751,4.961149215698242,4.0646653175354
6.55,0,102.46404266357422,128.26841735839844,118.57210540771484,201.5271759033203,201.88656616210938,199.51336669921875,0.45056843757629395,0.47226524353027344,0.5119142532348633,46.16706466674805,60.57671356201172,60.69874954223633,-44.61064148,-55.87258148,-59.48278809,5.969980239868164,19.335195541381836,2.4510982036590576,0.9662871360778809,0.9223442077636719,0.9799672961235046,5.10503625869751,4.961149215698242,4.0646653175354
6.6,0,102.46404266357422,128.26841735839844,118.57210540771484,201.5271759033203,201.88656616210938,199.51336669921875,0.45056843757629395,0.47226524353027344,0.5119142532348633,46.16706466674805,60.57671356201172,60.69874954223633,-44.61064148,-55.87258148,-59.48278809,5.969980239868164,19.335195541381836,2.4510982036590576,0.9662871360778809,0.9223442077636719,0.9799672961235046,5.10503625869751,4.961149215698242,4.0646653175354
6.65,0,102.4457015991211,128.23741149902344,118.58839416503906,201.49163818359375,201.83731079101562,199.5282745361328,0.45134931802749634,0.4682987332344055,0.5085136890411377,46.23879623413086,60.05341720581055,60.3038215637207,-44.54961395,-55.38056564,-58.93568039,5.690496444702148,18.645666122436523,2.364932060241699,0.9634683132171631,0.922188401222229,0.9773125052452087,5.110434532165527,4.954504013061523,4.070249557495117
6.7,0,102.4457015991211,128.23741149902344,118.58839416503906,201.49163818359375,201.83731079101562,199.5282745361328,0.45134931802749634,0.4682987332344055,0.5085136890411377,46.23879623413086,60.05341720581055,60.3038215637207,-44.54961395,-55.38056564,-58.93568039,5.690496444702148,18.645666122436523,2.364932060241699,0.9634683132171631,0.922188401222229,0.9773125052452087,5.110434532165527,4.954504013061523,4.070249557495117
6.75,0,102.4457015991211,128.23741149902344,118.58839416503906,201.49163818359375,201.83731079101562,199.5282745361328,0.45134931802749634,0.4682987332344055,0.5085136890411377,46.23879623413086,60.05341720581055,60.3038215637207,-44.54961395,-55.38056564,-58.93568039,5.690496444702148,18.645666122436523,2.364932060241699,0.9634683132171631,0.922188401222229,0.9773125052452087,5.110434532165527,4.954504013061523,4.070249557495117
6.8,0,102.4457015991211,128.23741149902344,118.58839416503906,201.49163818359375,201.83731079101562,199.5282745361328,0.45134931802749634,0.4682987332344055,0.5085136890411377,46.23879623413086,60.05341720581055,60.3038215637207,-44.54961395,-55.38056564,-58.93568039,5.690496444702148,18.645666122436523,2.364932060241699,0.9634683132171631,0.922188401222229,0.9773125052452087,5.110434532165527,4.954504013061523,4.070249557495117
6.85,0,102.49492645263672,128.2826690673828,118.63714599609375,201.51937866210938,201.9446258544922,199.6425323486328,0.4576139450073242,0.47636643052101135,0.5186365842819214,46.903106689453125,61.10955810546875,61.529563903808594,-45.35660934,-56.251091,-60.3976326,6.505043983459473,20.134246826171875,3.399808168411255,0.9670278429985046,0.9204958081245422,0.9816034436225891,5.092706680297852,4.9267168045043945,4.02714204788208
6.9,0,102.49492645263672,128.2826690673828,118.63714599609375,201.51937866210938,201.9446258544922,199.6425323486328,0.4576139450073242,0.47636643052101135,0.5186365842819214,46.903106689453125,61.10955810546875,61.529563903808594,-45.35660934,-56.251091,-60.3976326,6.505043983459473,20.134246826171875,3.399808168411255,0.9670278429985046,0.9204958081245422,0.9816034436225891,5.092706680297852,4.9267168045043945,4.02714204788208
6.95,0,102.49492645263672,128.2826690673828,118.63714599609375,201.51937866210938,201.9446258544922,199.6425323486328,0.4576139450073242,0.47636643052101135,0.5186365842819214,46.903106689453125,61.10955810546875,61.529563903808594,-45.35660934,-56.251091,-60.3976326,6.505043983459473,20.134246826171875,3.399808168411255,0.9670278429985046,0.9204958081245422,0.9816034436225891,5.092706680297852,4.9267168045043945,4.02714204788208
7,0,102.49492645263672,128.2826690673828,118.63714599609375,201.51937866210938,201.9446258544922,199.6425323486328,0.4576139450073242,0.47636643052101135,0.5186365842819214,46.903106689453125,61.10955810546875,61.529563903808594,-45.35660934,-56.251091,-60.3976326,6.505043983459473,20.134246826171875,3.399808168411255,0.9670278429985046,0.9204958081245422,0.9816034436225891,5.092706680297852,4.9267168045043945,4.02714204788208
7.05,0,102.4613265991211,128.26759338378906,118.62167358398438,201.4991455078125,201.92942810058594,199.57415771484375,0.4558071196079254,0.4754864275455475,0.5156271457672119,46.70260238647461,60.989498138427734,61.164554595947266,-45.13382721,-56.23772049,-59.91109467,6.252847671508789,19.513853073120117,2.855325222015381,0.9664092659950256,0.9220885634422302,0.9795067310333252,5.139293193817139,4.9698967933654785,4.050534725189209
7.1,0,102.4613265991211,128.26759338378906,118.62167358398438,201.4991455078125,201.92942810058594,199.57415771484375,0.4558071196079254,0.4754864275455475,0.5156271457672119,46.70260238647461,60.989498138427734,61.164554595947266,-45.13382721,-56.23772049,-59.91109467,6.252847671508789,19.513853073120117,2.855325222015381,0.9664092659950256,0.9220885634422302,0.9795067310333252,5.139293193817139,4.9698967933654785,4.050534725189209
7.15,0,102.4613265991211,128.26759338378906,118.62167358398438,201.4991455078125,201.92942810058594,199.57415771484375,0.4558071196079254,0.4754864275455475,0.5156271457672119,46.70260238647461,60.989498138427734,61.164554595947266,-45.13382721,-56.23772049,-59.91109467,6.252847671508789,19.513853073120117,2.855325222015381,0.9664092659950256,0.9220885634422302,0.9795067310333252,5.139293193817139,4.9698967933654785,4.050534725189209
7.2,0,102.4613265991211,128.26759338378906,118.62167358398438,201.4991455078125,201.92942810058594,199.57415771484375,0.4558071196079254,0.4754864275455475,0.5156271457672119,46.70260238647461,60.989498138427734,61.164554595947266,-45.13382721,-56.23772049,-59.91109467,6.252847671508789,19.513853073120117,2.855325222015381,0.9664092659950256,0.9220885634422302,0.9795067310333252,5.139293193817139,4.9698967933654785,4.050534725189209
7.25,0,102.31950378417969,128.11480712890625,118.47237396240234,201.25186157226562,201.65501403808594,199.3220977783203,0.44824859499931335,0.46749189496040344,0.5063687562942505,45.86457443237305,59.892635345458984,59.99070739746094,-44.31721878,-55.26246643,-58.80432892,6.0300726890563965,19.06160545349121,2.651196241378784,0.9662625193595886,0.9226921796798706,0.9802239537239075,5.150114059448242,4.952823638916016,4.047542572021484
7.3,0,102.31950378417969,128.11480712890625,118.47237396240234,201.25186157226562,201.65501403808594,199.3220977783203,0.44824859499931335,0.46749189496040344,0.5063687562942505,45.86457443237305,59.892635345458984,59.99070739746094,-44.31721878,-55.26246643,-58.80432892,6.0300726890563965,19.06160545349121,2.651196241378784,0.9662625193595886,0.9226921796798706,0.9802239537239075,5.150114059448242,4.952823638916016,4.047542572021484
7.35,0,102.31950378417969,128.11480712890625,118.47237396240234,201.25186157226562,201.65501403808594,199.3220977783203,0.44824859499931335,0.46749189496040344,0.5063687562942505,45.86457443237305,59.892635345458984,59.99070739746094,-44.31721878,-55.26246643,-58.80432892,6.0300726890563965,19.06160545349121,2.651196241378784,0.9662625193595886,0.9226921796798706,0.9802239537239075,5.150114059448242,4.952823638916016,4.047542572021484
7.4,0,102.31950378417969,128.11480712890625,118.47237396240234,201.25186157226562,201.65501403808594,199.3220977783203,0.44824859499931335,0.46749189496040344,0.5063687562942505,45.86457443237305,59.892635345458984,59.99070739746094,-44.31721878,-55.26246643,-58.80432892,6.0300726890563965,19.06160545349121,2.651196241378784,0.9662625193595886,0.9226921796798706,0.9802239537239075,5.150114059448242,4.952823638916016,4.047542572021484
7.45,0,102.31108856201172,128.12672424316406,118.46647644042969,201.23614501953125,201.65869140625,199.3262176513672,0.4559627175331116,0.4754175841808319,0.5172267556190491,46.65004348754883,60.9136962890625,61.27403259277344,-45.03148651,-56.02439117,-59.94820023,6.048523902893066,19.493806838989258,2.777984857559204,0.9653042554855347,0.9197338819503784,0.9783622622489929,5.125922679901123,4.941277503967285,4.028364181518555
7.5,0,102.31108856201172,128.12672424316406,118.46647644042969,201.23614501953125,201.65869140625,199.3262176513672,0.4559627175331116,0.4754175841808319,0.5172267556190491,46.65004348754883,60.9136962890625,61.27403259277344,-45.03148651,-56.02439117,-59.94820023,6.048523902893066,19.493806838989258,2.777984857559204,0.9653042554855347,0.9197338819503784,0.9783622622489929,5.125922679901123,4.941277503967285,4.028364181518555
7.55,0,102.31108856201172,128.12672424316406,118.46647644042969,201.23614501953125,201.65869140625,199.3262176513672,0.4559627175331116,0.4754175841808319,0.5172267556190491,46.65004348754883,60.9136962890625,61.27403259277344,-45.03148651,-56.02439117,-59.94820023,6.048523902893066,19.493806838989258,2.777984857559204,0.9653042554855347,0.9197338819503784,0.9783622622489929,5.125922679901123,4.941277503967285,4.028364181518555
7.6,0,102.31108856201172,128.12672424316406,118.46647644042969,201.23614501953125,201.65869140625,199.3262176513672,0.4559627175331116,0.4754175841808319,0.5172267556190491,46.65004348754883,60.9136962890625,61.27403259277344,-45.03148651,-56.02439117,-59.94820023,6.048523902893066,19.493806838989258,2.777984857559204,0.9653042554855347,0.9197338819503784,0.9783622622489929,5.125922679901123,4.941277503967285,4.028364181518555
7.65,0,102.44212341308594,128.2189178466797,118.54345703125,201.42654418945312,201.82388305664062,199.49913024902344,0.4518820345401764,0.4732224643230438,0.5132071375846863,46.29175567626953,60.67607116699219,60.83734893798828,-44.77494431,-56.00929642,-59.63699341,6.142477512359619,19.47916603088379,2.621990442276001,0.9672336578369141,0.9230870604515076,0.9802694320678711,5.166112422943115,4.991512775421143,4.030317783355713
7.7,0,102.44212341308594,128.2189178466797,118.54345703125,201.42654418945312,201.82388305664062,199.49913024902344,0.4518820345401764,0.4732224643230438,0.5132071375846863,46.29175567626953,60.67607116699219,60.83734893798828,-44.77494431,-56.00929642,-59.63699341,6.142477512359619,19.47916603088379,2.621990442276001,0.9672336578369141,0.9230870604515076,0.9802694320678711,5.166112422943115,4.991512775421143,4.030317783355713
7.75,0,102.44212341308594,128.2189178466797,118.54345703125,201.42654418945312,201.82388305664062,199.49913024902344,0.4518820345401764,0.4732224643230438,0.5132071375846863,46.29175567626953,60.67607116699219,60.83734893798828,-44.77494431,-56.00929642,-59.63699341,6.142477512359619,19.47916603088379,2.621990442276001,0.9672336578369141,0.9230870604515076,0.9802694320678711,5.166112422943115,4.991512775421143,4.030317783355713
7.8,0,102.44212341308594,128.2189178466797,118.54345703125,201.42654418945312,201.82388305664062,199.49913024902344,0.4518820345401764,0.4732224643230438,0.5132071375846863,46.29175567626953,60.67607116699219,60.83734893798828,-44.77494431,-56.00929642,-59.63699341,6.142477512359619,19.47916603088379,2.621990442276001,0.9672336578369141,0.9230870604515076,0.9802694320678711,5.166112422943115,4.991512775421143,4.030317783355713
7.85,0,102.40983581542969,128.1367950439453,118.5173568725586,201.36061096191406,201.68434143066406,199.4497833251953,0.44953155517578125,0.46921247243881226,0.5049557685852051,46.03645324707031,60.123382568359375,59.84602355957031,-44.32121658,-55.33359146,-58.53027344,6.372044563293457,19.08068084716797,2.8041083812713623,0.9627417922019958,0.920333981513977,0.9780144095420837,5.118472099304199,4.944493770599365,4.02752685546875
7.9,0,102.40983581542969,128.1367950439453,118.5173568725586,201.36061096191406,201.68434143066406,199.4497833251953,0.44953155517578125,0.46921247243881226,0.5049557685852051,46.03645324707031,60.123382568359375,59.84602355957031,-44.32121658,-55.33359146,-58.53027344,6.372044563293457,19.08068084716797,2.8041083812713623,0.9627417922019958,0.920333981513977,0.9780144095420837,5.118472099304199,4.944493770599365,4.02752685546875
7.95,0,102.40983581542969,128.1367950439453,118.5173568725586,201.36061096191406,201.68434143066406,199.4497833251953,0.44953155517578125,0.46921247243881226,0.5049557685852051,46.03645324707031,60.123382568359375,59.84602355957031,-44.32121658,-55.33359146,-58.53027344,6.372044563293457,19.08068084716797,2.8041083812713623,0.9627417922019958,0.920333981513977,0.9780144095420837,5.118472099304199,4.944493770599365,4.02752685546875
8,0,102.40983581542969,128.1367950439453,118.5173568725586,201.36061096191406,201.68434143066406,199.4497833251953,0.44953155517578125,0.46921247243881226,0.5049557685852051,46.03645324707031,60.123382568359375,59.84602355957031,-44.32121658,-55.33359146,-58.53027344,6.372044563293457,19.08068084716797,2.8041083812713623,0.9627417922019958,0.920333981513977,0.9780144095420837,5.118472099304199,4.944493770599365,4.02752685546875
8.05,0,102.44745635986328,128.24693298339844,118.60784149169922,201.48094177246094,201.85751342773438,199.5687255859375,0.4574234187602997,0.4750860035419464,0.5177469849586487,46.86186599731445,60.928321838378906,61.408851623535156,-45.37598038,-56.24061203,-60.20681763,5.9582438468933105,19.35401153564453,2.767432928085327,0.968292236328125,0.9230619072914124,0.9804257154464722,5.144073963165283,4.955646991729736,4.033902168273926
8.1,0,102.44745635986328,128.24693298339844,118.60784149169922,201.48094177246094,201.85751342773438,199.5687255859375,0.4574234187602997,0.4750860035419464,0.5177469849586487,46.86186599731445,60.928321838378906,61.408851623535156,-45.37598038,-56.24061203,-60.20681763,5.9582438468933105,19.35401153564453,2.767432928085327,0.968292236328125,0.9230619072914124,0.9804257154464722,5.144073963165283,4.955646991729736,4.033902168273926
8.15,0,102.44745635986328,128.24693298339844,118.60784149169922,201.48094177246094,201.85751342773438,199.5687255859375,0.4574234187602997,0.4750860035419464,0.5177469849586487,46.86186599731445,60.928321838378906,61.408851623535156,-45.37598038,-56.24061203,-60.20681763,5.9582438468933105,19.35401153564453,2.767432928085327,0.968292236328125,0.9230619072914124,0.9804257154464722,5.144073963165283,4.955646991729736,4.033902168273926
8.2,0,102.44745635986328,128.24693298339844,118.60784149169922,201.48094177246094,201.85751342773438,199.5687255859375,0.4574234187602997,0.4750860035419464,0.5177469849586487,46.86186599731445,60.928321838378906,61.408851623535156,-45.37598038,-56.24061203,-60.20681763,5.9582438468933105,19.35401153564453,2.767432928085327,0.968292236328125,0.9230619072914124,0.9804257154464722,5.144073963165283,4.955646991729736,4.033902168273926
8.25,0,102.42317199707031,128.2756805419922,118.57341766357422,201.46878051757812,201.89454650878906,199.5030059814453,0.45417118072509766,0.47645512223243713,0.5165669918060303,46.51765441894531,61.11760330200195,61.25111389160156,-44.91768646,-56.3221283,-60.03794861,6.234170913696289,19.80036163330078,2.6700046062469482,0.9656051397323608,0.921536922454834,0.980193555355072,5.154792785644531,4.951702117919922,4.042044162750244
8.3,0,102.42317199707031,128.2756805419922,118.57341766357422,201.46878051757812,201.89454650878906,199.5030059814453,0.45417118072509766,0.47645512223243713,0.5165669918060303,46.51765441894531,61.11760330200195,61.25111389160156,-44.91768646,-56.3221283,-60.03794861,6.234170913696289,19.80036163330078,2.6700046062469482,0.9656051397323608,0.921536922454834,0.980193555355072,5.154792785644531,4.951702117919922,4.042044162750244
8.35,0,102.42317199707031,128.2756805419922,118.57341766357422,201.46878051757812,201.89454650878906,199.5030059814453,0.45417118072509766,0.47645512223243713,0.5165669918060303,46.51765441894531,61.11760330200195,61.25111389160156,-44.91768646,-56.3221283,-60.03794861,6.234170913696289,19.80036163330078,2.6700046062469482,0.9656051397323608,0.921536922454834,0.980193555355072,5.154792785644531,4.951702117919922,4.042044162750244
8.4,0,102.42317199707031,128.2756805419922,118.57341766357422,201.46878051757812,201.89454650878906,199.5030059814453,0.45417118072509766,0.47645512223243713,0.5165669918060303,46.51765441894531,61.11760330200195,61.25111389160156,-44.91768646,-56.3221283,-60.03794861,6.234170913696289,19.80036163330078,2.6700046062469482,0.9656051397323608,0.921536922454834,0.980193555355072,5.154792785644531,4.951702117919922,4.042044162750244
8.45,0,102.40240478515625,128.21194458007812,118.5353775024414,201.41754150390625,201.7956085205078,199.44061279296875,0.4498662054538727,0.4719346761703491,0.50893235206604,46.06738281,60.50766372680664,60.32648849487305,-44.51112747,-55.62609482,-59.17136383,6.982725143432617,20.18844223022461,3.5664007663726807,0.9662178754806519,0.9193231463432312,0.9808521270751953,5.139981269836426,4.929225921630859,4.0184221267700195
8.5,0,102.40240478515625,128.21194458007812,118.5353775024414,201.41754150390625,201.7956085205078,199.44061279296875,0.4498662054538727,0.4719346761703491,0.50893235206604,46.06738281,60.50766372680664,60.32648849487305,-44.51112747,-55.62609482,-59.17136383,6.982725143432617,20.18844223022461,3.5664007663726807,0.9662178754806519,0.9193231463432312,0.9808521270751953,5.139981269836426,4.929225921630859,4.0184221267700195
8.55,0,102.40240478515625,128.21194458007812,118.5353775024414,201.41754150390625,201.7956085205078,199.44061279296875,0.4498662054538727,0.4719346761703491,0.50893235206604,46.06738281,60.50766372680664,60.32648849487305,-44.51112747,-55.62609482,-59.17136383,6.982725143432617,20.18844223022461,3.5664007663726807,0.9662178754806519,0.9193231463432312,0.9808521270751953,5.139981269836426,4.929225921630859,4.0184221267700195
8.6,0,102.40240478515625,128.21194458007812,118.5353775024414,201.41754150390625,201.7956085205078,199.44061279296875,0.4498662054538727,0.4719346761703491,0.50893235206604,46.06738281,60.50766372680664,60.32648849487305,-44.51112747,-55.62609482,-59.17136383,6.982725143432617,20.18844223022461,3.5664007663726807,0.9662178754806519,0.9193231463432312,0.9808521270751953,5.139981269836426,4.929225921630859,4.0184221267700195
8.65,0,102.43984985351562,128.24029541015625,118.60136413574219,201.45477294921875,201.86497497558594,199.5553741455078,0.45430269837379456,0.47118934988975525,0.5126417279243469,46.538700103759766,60.42546081542969,60.80000686645508,-45.0002594,-55.86752319,-59.52906036,5.639107704162598,18.676376342773438,2.322800397872925,0.9669427871704102,0.9245692491531372,0.9790962934494019,5.1120429039001465,4.926612377166748,4.012338161468506
8.7,0,102.43984985351562,128.24029541015625,118.60136413574219,201.45477294921875,201.86497497558594,199.5553741455078,0.45430269837379456,0.47118934988975525,0.5126417279243469,46.538700103759766,60.42546081542969,60.80000686645508,-45.0002594,-55.86752319,-59.52906036,5.639107704162598,18.676376342773438,2.322800397872925,0.9669427871704102,0.9245692491531372,0.9790962934494019,5.1120429039001465,4.926612377166748,4.012338161468506
8.75,0,102.43984985351562,128.24029541015625,118.60136413574219,201.45477294921875,201.86497497558594,199.5553741455078,0.45430269837379456,0.47118934988975525,0.5126417279243469,46.538700103759766,60.42546081542969,60.80000686645508,-45.0002594,-55.86752319,-59.52906036,5.639107704162598,18.676376342773438,2.322800397872925,0.9669427871704102,0.9245692491531372,0.9790962934494019,5.1120429039001465,4.926612377166748,4.012338161468506
8.8,0,102.43984985351562,128.24029541015625,118.60136413574219,201.45477294921875,201.86497497558594,199.5553741455078,0.45430269837379456,0.47118934988975525,0.5126417279243469,46.538700103759766,60.42546081542969,60.80000686645508,-45.0002594,-55.86752319,-59.52906036,5.639107704162598,18.676376342773438,2.322800397872925,0.9669427871704102,0.9245692491531372,0.9790962934494019,5.1120429039001465,4.926612377166748,4.012338161468506
8.85,0,102.46110534667969,128.21957397460938,118.59003448486328,201.4314727783203,201.8480987548828,199.57705688476562,0.44991254806518555,0.46883395314216614,0.5102461576461792,46.09853744506836,60.11368942260742,60.510108947753906,-44.61740112,-55.56222916,-59.3395195,5.75441312789917,18.994083404541016,2.4161264896392822,0.9678702354431152,0.9242857694625854,0.9806546568870544,5.086606979370117,4.937901496887207,4.044426441192627
8.9,0,102.46110534667969,128.21957397460938,118.59003448486328,201.4314727783203,201.8480987548828,199.57705688476562,0.44991254806518555,0.46883395314216614,0.5102461576461792,46.09853744506836,60.11368942260742,60.510108947753906,-44.61740112,-55.56222916,-59.3395195,5.75441312789917,18.994083404541016,2.4161264896392822,0.9678702354431152,0.9242857694625854,0.9806546568870544,5.086606979370117,4.937901496887207,4.044426441192627
8.95,0,102.46110534667969,128.21957397460938,118.59003448486328,201.4314727783203,201.8480987548828,199.57705688476562,0.44991254806518555,0.46883395314216614,0.5102461576461792,46.09853744506836,60.11368942260742,60.510108947753906,-44.61740112,-55.56222916,-59.3395195,5.75441312789917,18.994083404541016,2.4161264896392822,0.9678702354431152,0.9242857694625854,0.9806546568870544,5.086606979370117,4.937901496887207,4.044426441192627
9,0,102.46110534667969,128.21957397460938,118.59003448486328,201.4314727783203,201.8480987548828,199.57705688476562,0.44991254806518555,0.46883395314216614,0.5102461576461792,46.09853744506836,60.11368942260742,60.510108947753906,-44.61740112,-55.56222916,-59.3395195,5.75441312789917,18.994083404541016,2.4161264896392822,0.9678702354431152,0.9242857694625854,0.9806546568870544,5.086606979370117,4.937901496887207,4.044426441192627
9.05,0,102.46147918701172,128.23562622070312,118.59931182861328,201.4860076904297,201.88864135742188,199.5391082763672,0.4501112401485443,0.47031429409980774,0.5102589130401611,46.11906433105469,60.3110466003418,60.516357421875,-44.48693085,-55.4030571,-59.27056885,6.377470970153809,19.760221481323242,3.167750597000122,0.9646104574203491,0.9186220765113831,0.9794140458106995,5.128105163574219,4.967155456542969,4.06187105178833
9.1,0,102.46147918701172,128.23562622070312,118.59931182861328,201.4860076904297,201.88864135742188,199.5391082763672,0.4501112401485443,0.47031429409980774,0.5102589130401611,46.11906433105469,60.3110466003418,60.516357421875,-44.48693085,-55.4030571,-59.27056885,6.377470970153809,19.760221481323242,3.167750597000122,0.9646104574203491,0.9186220765113831,0.9794140458106995,5.128105163574219,4.967155456542969,4.06187105178833
9.15,0,102.46147918701172,128.23562622070312,118.59931182861328,201.4860076904297,201.88864135742188,199.5391082763672,0.4501112401485443,0.47031429409980774,0.5102589130401611,46.11906433105469,60.3110466003418,60.516357421875,-44.48693085,-55.4030571,-59.27056885,6.377470970153809,19.760221481323242,3.167750597000122,0.9646104574203491,0.9186220765113831,0.9794140458106995,5.128105163574219,4.967155456542969,4.06187105178833
9.2,0,102.46147918701172,128.23562622070312,118.59931182861328,201.4860076904297,201.88864135742188,199.5391082763672,0.4501112401485443,0.47031429409980774,0.5102589130401611,46.11906433105469,60.3110466003418,60.516357421875,-44.48693085,-55.4030571,-59.27056885,6.377470970153809,19.760221481323242,3.167750597000122,0.9646104574203491,0.9186220765113831,0.9794140458106995,5.128105163574219,4.967155456542969,4.06187105178833
9.25,0,102.47621154785156,128.2820587158203,118.65152740478516,201.53848266601562,201.9336395263672,199.62474060058594,0.45593520998954773,0.47053685784339905,0.5159456133842468,46.722511291503906,60.36143493652344,61.217735290527344,-45.31113815,-55.90793991,-60.01884079,5.3628010749816895,18.691011428833008,2.3732659816741943,0.9697924256324768,0.9262195229530334,0.9804158806800842,5.138054370880127,4.952952861785889,4.066586017608643
9.3,0,102.47621154785156,128.2820587158203,118.65152740478516,201.53848266601562,201.9336395263672,199.62474060058594,0.45593520998954773,0.47053685784339905,0.5159456133842468,46.722511291503906,60.36143493652344,61.217735290527344,-45.31113815,-55.90793991,-60.01884079,5.3628010749816895,18.691011428833008,2.3732659816741943,0.9697924256324768,0.9262195229530334,0.9804158806800842,5.138054370880127,4.952952861785889,4.066586017608643
9.35,0,102.47621154785156,128.2820587158203,118.65152740478516,201.53848266601562,201.9336395263672,199.62474060058594,0.45593520998954773,0.47053685784339905,0.5159456133842468,46.722511291503906,60.36143493652344,61.217735290527344,-45.31113815,-55.90793991,-60.01884079,5.3628010749816895,18.691011428833008,2.3732659816741943,0.9697924256324768,0.9262195229530334,0.9804158806800842,5.138054370880127,4.952952861785889,4.066586017608643
9.4,0,102.47621154785156,128.2820587158203,118.65152740478516,201.53848266601562,201.9336395263672,199.62474060058594,0.45593520998954773,0.47053685784339905,0.5159456133842468,46.722511291503906,60.36143493652344,61.217735290527344,-45.31113815,-55.90793991,-60.01884079,5.3628010749816895,18.691011428833008,2.3732659816741943,0.9697924256324768,0.9262195229530334,0.9804158806800842,5.138054370880127,4.952952861785889,4.066586017608643
9.45,0,102.2665786743164,128.56643676757812,118.49652862548828,201.4447021484375,201.8921356201172,199.51995849609375,0.4503978490829468,0.47211503982543945,0.514130175113678,46.060646057128906,60.69814682006836,60.92264175415039,-44.42559433,-55.76930618,-59.68653488,6.195883274078369,19.96788787841797,2.6929852962493896,0.964502215385437,0.918797492980957,0.9797102212905884,5.120145320892334,4.945952892303467,4.080678462982178
9.5,0,102.2665786743164,128.56643676757812,118.49652862548828,201.4447021484375,201.8921356201172,199.51995849609375,0.4503978490829468,0.47211503982543945,0.514130175113678,46.060646057128906,60.69814682006836,60.92264175415039,-44.42559433,-55.76930618,-59.68653488,6.195883274078369,19.96788787841797,2.6929852962493896,0.964502215385437,0.918797492980957,0.9797102212905884,5.120145320892334,4.945952892303467,4.080678462982178
9.55,0,102.2665786743164,128.56643676757812,118.49652862548828,201.4447021484375,201.8921356201172,199.51995849609375,0.4503978490829468,0.47211503982543945,0.514130175113678,46.060646057128906,60.69814682006836,60.92264175415039,-44.42559433,-55.76930618,-59.68653488,6.195883274078369,19.96788787841797,2.6929852962493896,0.964502215385437,0.918797492980957,0.9797102212905884,5.120145320892334,4.945952892303467,4.080678462982178
9.6,0,102.2665786743164,128.56643676757812,118.49652862548828,201.4447021484375,201.8921356201172,199.51995849609375,0.4503978490829468,0.47211503982543945,0.514130175113678,46.060646057128906,60.69814682006836,60.92264175415039,-44.42559433,-55.76930618,-59.68653488,6.195883274078369,19.96788787841797,2.6929852962493896,0.964502215385437,0.918797492980957,0.9797102212905884,5.120145320892334,4.945952892303467,4.080678462982178
9.65,2,93.56752014160156,127.65300750732422,119.0976791381836,191.256103515625,206.12164306640625,191.16590881347656,1.8176275491714478,2.408754348754883,0.7479671835899353,170.07090759277344,307.4847412109375,89.0811538696289,51.68925094604492,-100.9905396,-77.89797211,96.14306641,225.62974548339844,26.069828033447266,0.3039276599884033,0.3284408152103424,0.874460756778717,5.189388751983643,4.726284027099609,4.197566032409668
9.7,2,93.56752014160156,127.65300750732422,119.0976791381836,191.256103515625,206.12164306640625,191.16590881347656,1.8176275491714478,2.408754348754883,0.7479671835899353,170.07090759277344,307.4847412109375,89.0811538696289,51.68925094604492,-100.9905396,-77.89797211,96.14306641,225.62974548339844,26.069828033447266,0.3039276599884033,0.3284408152103424,0.874460756778717,5.189388751983643,4.726284027099609,4.197566032409668
9.75,2,93.56752014160156,127.65300750732422,119.0976791381836,191.256103515625,206.12164306640625,191.16590881347656,1.8176275491714478,2.408754348754883,0.7479671835899353,170.07090759277344,307.4847412109375,89.0811538696289,51.68925094604492,-100.9905396,-77.89797211,96.14306641,225.62974548339844,26.069828033447266,0.3039276599884033,0.3284408152103424,0.874460756778717,5.189388751983643,4.726284027099609,4.197566032409668
9.8,2,93.56752014160156,127.65300750732422,119.0976791381836,191.256103515625,206.12164306640625,191.16590881347656,1.8176275491714478,2.408754348754883,0.7479671835899353,170.07090759277344,307.4847412109375,89.0811538696289,51.68925094604492,-100.9905396,-77.89797211,96.14306641,225.62974548339844,26.069828033447266,0.3039276599884033,0.3284408152103424,0.874460756778717,5.189388751983643,4.726284027099609,4.197566032409668
9.85,2,87.1761474609375,127.25776672363281,119.49078369140625,184.09803771972656,209.25006103515625,185.34518432617188,2.2492330074310303,3.049055576324463,0.8398972749710083,196.0794677734375,388.0159912109375,100.3599853515625,117.66127014160156,-130.9770966,-91.12734985,156.32498168945312,364.66668701171875,39.6988410949707,0.6000692844390869,0.3375559151172638,0.9080048203468323,5.264488697052002,4.619253158569336,4.319108486175537
9.9,2,87.1761474609375,127.25776672363281,119.49078369140625,184.09803771972656,209.25006103515625,185.34518432617188,2.2492330074310303,3.049055576324463,0.8398972749710083,196.0794677734375,388.0159912109375,100.3599853515625,117.66127014160156,-130.9770966,-91.12734985,156.32498168945312,364.66668701171875,39.6988410949707,0.6000692844390869,0.3375559151172638,0.9080048203468323,5.264488697052002,4.619253158569336,4.319108486175537
9.95,2,87.1761474609375,127.25776672363281,119.49078369140625,184.09803771972656,209.25006103515625,185.34518432617188,2.2492330074310303,3.049055576324463,0.8398972749710083,196.0794677734375,388.0159912109375,100.3599853515625,117.66127014160156,-130.9770966,-91.12734985,156.32498168945312,364.66668701171875,39.6988410949707,0.6000692844390869,0.3375559151172638,0.9080048203468323,5.264488697052002,4.619253158569336,4.319108486175537
10,2,87.1761474609375,127.25776672363281,119.49078369140625,184.09803771972656,209.25006103515625,185.34518432617188,2.2492330074310303,3.049055576324463,0.8398972749710083,196.0794677734375,388.0159912109375,100.3599853515625,117.66127014160156,-130.9770966,-91.12734985,156.32498168945312,364.66668701171875,39.6988410949707,0.6000692844390869,0.3375559151172638,0.9080048203468323,5.264488697052002,4.619253158569336,4.319108486175537
10.05,2,87.05500030517578,127.17168426513672,119.35958099365234,183.94590759277344,209.0110321044922,185.13870239257812,2.269665241241455,3.0619966983795166,0.8431456685066223,197.58570861816406,389.3992919921875,100.63751220703125,117.92837524414062,-128.9758453,-89.86034393,158.03146362304688,366.8442077636719,43.17585754394531,0.5968466997146606,0.3312174677848816,0.8929110169410706,5.348930358886719,4.67160701751709,4.370486259460449
10.1,2,87.05500030517578,127.17168426513672,119.35958099365234,183.94590759277344,209.0110321044922,185.13870239257812,2.269665241241455,3.0619966983795166,0.8431456685066223,197.58570861816406,389.3992919921875,100.63751220703125,117.92837524414062,-128.9758453,-89.86034393,158.03146362304688,366.8442077636719,43.17585754394531,0.5968466997146606,0.3312174677848816,0.8929110169410706,5.348930358886719,4.67160701751709,4.370486259460449
10.15,2,87.05500030517578,127.17168426513672,119.35958099365234,183.94590759277344,209.0110321044922,185.13870239257812,2.269665241241455,3.0619966983795166,0.8431456685066223,197.58570861816406,389.3992919921875,100.63751220703125,117.92837524414062,-128.9758453,-89.86034393,158.03146362304688,366.8442077636719,43.17585754394531,0.5968466997146606,0.3312174677848816,0.8929110169410706,5.348930358886719,4.67160701751709,4.370486259460449
10.2,2,87.05500030517578,127.17168426513672,119.35958099365234,183.94590759277344,209.0110321044922,185.13870239257812,2.269665241241455,3.0619966983795166,0.8431456685066223,197.58570861816406,389.3992919921875,100.63751220703125,117.92837524414062,-128.9758453,-89.86034393,158.03146362304688,366.8442077636719,43.17585754394531,0.5968466997146606,0.3312174677848816,0.8929110169410706,5.348930358886719,4.67160701751709,4.370486259460449
10.25,2,87.0096664428711,127.0800552368164,119.22494506835938,183.81884765625,208.8300018310547,184.97576904296875,2.2727560997009277,3.0438051223754883,0.8197369575500488,197.7517547607422,386.8069152832031,97.73309326171875,119.28987121582031,-126.1965179,-87.02748108,157.2622528076172,365.1357727050781,42.72761917114258,0.6032304167747498,0.3262519836425781,0.890460729598999,5.4069132804870605,4.704316139221191,4.383257865905762
10.3,2,87.0096664428711,127.0800552368164,119.22494506835938,183.81884765625,208.8300018310547,184.97576904296875,2.2727560997009277,3.0438051223754883,0.8197369575500488,197.7517547607422,386.8069152832031,97.73309326171875,119.28987121582031,-126.1965179,-87.02748108,157.2622528076172,365.1357727050781,42.72761917114258,0.6032304167747498,0.3262519836425781,0.890460729598999,5.4069132804870605,4.704316139221191,4.383257865905762
10.35,2,87.0096664428711,127.0800552368164,119.22494506835938,183.81884765625,208.8300018310547,184.97576904296875,2.2727560997009277,3.0438051223754883,0.8197369575500488,197.7517547607422,386.8069152832031,97.73309326171875,119.28987121582031,-126.1965179,-87.02748108,157.2622528076172,365.1357727050781,42.72761917114258,0.6032304167747498,0.3262519836425781,0.890460729598999,5.4069132804870605,4.704316139221191,4.383257865905762
10.4,2,87.0096664428711,127.0800552368164,119.22494506835938,183.81884765625,208.8300018310547,184.97576904296875,2.2727560997009277,3.0438051223754883,0.8197369575500488,197.7517547607422,386.8069152832031,97.73309326171875,119.28987121582031,-126.1965179,-87.02748108,157.2622528076172,365.1357727050781,42.72761917114258,0.6032304167747498,0.3262519836425781,0.890460729598999,5.4069132804870605,4.704316139221191,4.383257865905762
10.45,2,86.93692016601562,127.05445861816406,119.1693344116211,183.74563598632812,208.72702026367188,184.8789063,2.288104295730591,3.0555591583251953,0.8228005170822144,198.92074584960938,388.222412109375,98.0525894165039,119.56230926513672,-125.432518,-86.41138458,158.50550842285156,366.86431884765625,44.70235824584961,0.6010550260543823,0.3230944871902466,0.8812758922576904,5.4127583503723145,4.698093414306641,4.368077278137207
10.5,2,86.93692016601562,127.05445861816406,119.1693344116211,183.74563598632812,208.72702026367188,184.8789063,2.288104295730591,3.0555591583251953,0.8228005170822144,198.92074584960938,388.222412109375,98.0525894165039,119.56230926513672,-125.432518,-86.41138458,158.50550842285156,366.86431884765625,44.70235824584961,0.6010550260543823,0.3230944871902466,0.8812758922576904,5.4127583503723145,4.698093414306641,4.368077278137207
10.55,2,86.93692016601562,127.05445861816406,119.1693344116211,183.74563598632812,208.72702026367188,184.8789063,2.288104295730591,3.0555591583251953,0.8228005170822144,198.92074584960938,388.222412109375,98.0525894165039,119.56230926513672,-125.432518,-86.41138458,158.50550842285156,366.86431884765625,44.70235824584961,0.6010550260543823,0.3230944871902466,0.8812758922576904,5.4127583503723145,4.698093414306641,4.368077278137207
10.6,2,86.93692016601562,127.05445861816406,119.1693344116211,183.74563598632812,208.72702026367188,184.8789063,2.288104295730591,3.0555591583251953,0.8228005170822144,198.92074584960938,388.222412109375,98.0525894165039,119.56230926513672,-125.432518,-86.41138458,158.50550842285156,366.86431884765625,44.70235824584961,0.6010550260543823,0.3230944871902466,0.8812758922576904,5.4127583503723145,4.698093414306641,4.368077278137207
10.65,2,86.91790008544922,127.00096130371094,119.13932800292969,183.692138671875,208.6680450439453,184.81947326660156,2.2874317169189453,3.0474979877471924,0.8146798610687256,198.81875610351562,387.0351867675781,97.06040954589844,119.85418701171875,-124.7377625,-85.49063873,158.1875762939453,365.88397216796875,44.299400329589844,0.6028313636779785,0.3222905099391937,0.8807982206344604,5.40374755859375,4.712443828582764,4.319079399108887
10.7,2,86.91790008544922,127.00096130371094,119.13932800292969,183.692138671875,208.6680450439453,184.81947326660156,2.2874317169189453,3.0474979877471924,0.8146798610687256,198.81875610351562,387.0351867675781,97.06040954589844,119.85418701171875,-124.7377625,-85.49063873,158.1875762939453,365.88397216796875,44.299400329589844,0.6028313636779785,0.3222905099391937,0.8807982206344604,5.40374755859375,4.712443828582764,4.319079399108887
10.75,2,86.91790008544922,127.00096130371094,119.13932800292969,183.692138671875,208.6680450439453,184.81947326660156,2.2874317169189453,3.0474979877471924,0.8146798610687256,198.81875610351562,387.0351867675781,97.06040954589844,119.85418701171875,-124.7377625,-85.49063873,158.1875762939453,365.88397216796875,44.299400329589844,0.6028313636779785,0.3222905099391937,0.8807982206344604,5.40374755859375,4.712443828582764,4.319079399108887
10.8,2,86.91790008544922,127.00096130371094,119.13932800292969,183.692138671875,208.6680450439453,184.81947326660156,2.2874317169189453,3.0474979877471924,0.8146798610687256,198.81875610351562,387.0351867675781,97.06040954589844,119.85418701171875,-124.7377625,-85.49063873,158.1875762939453,365.88397216796875,44.299400329589844,0.6028313636779785,0.3222905099391937,0.8807982206344604,5.40374755859375,4.712443828582764,4.319079399108887
10.85,2,86.8791732788086,126.98955535888672,119.11907958984375,183.60806274414062,208.6210174560547,184.81658935546875,2.288996458053589,3.048823356628418,0.8150271773338318,198.86611938476562,387.1687316894531,97.08528900146484,119.92241668701172,-124.5535965,-85.40375519,158.21890258789062,366.0906982421875,44.67234802246094,0.6030309200286865,0.32170364260673523,0.8796775937080383,5.382383823394775,4.701233863830566,4.297757148742676
10.9,2,86.8791732788086,126.98955535888672,119.11907958984375,183.60806274414062,208.6210174560547,184.81658935546875,2.288996458053589,3.048823356628418,0.8150271773338318,198.86611938476562,387.1687316894531,97.08528900146484,119.92241668701172,-124.5535965,-85.40375519,158.21890258789062,366.0906982421875,44.67234802246094,0.6030309200286865,0.32170364260673523,0.8796775937080383,5.382383823394775,4.701233863830566,4.297757148742676
10.95,2,86.8791732788086,126.98955535888672,119.11907958984375,183.60806274414062,208.6210174560547,184.81658935546875,2.288996458053589,3.048823356628418,0.8150271773338318,198.86611938476562,387.1687316894531,97.08528900146484,119.92241668701172,-124.5535965,-85.40375519,158.21890258789062,366.0906982421875,44.67234802246094,0.6030309200286865,0.32170364260673523,0.8796775937080383,5.382383823394775,4.701233863830566,4.297757148742676
11,2,86.8791732788086,126.98955535888672,119.11907958984375,183.60806274414062,208.6210174560547,184.81658935546875,2.288996458053589,3.048823356628418,0.8150271773338318,198.86611938476562,387.1687316894531,97.08528900146484,119.92241668701172,-124.5535965,-85.40375519,158.21890258789062,366.0906982421875,44.67234802246094,0.6030309200286865,0.32170364260673523,0.8796775937080383,5.382383823394775,4.701233863830566,4.297757148742676
11.05,2,86.85686492919922,126.95068359375,119.0672378540039,183.57525634765625,208.55856323242188,184.72308349609375,2.303244113922119,3.066925287246704,0.8269366025924683,200.0525665283203,389.3482666015625,98.4610595703125,119.7035903930664,-124.7869797,-85.74965668,159.83616638183594,368.29644775390625,46.850341796875,0.5983606576919556,0.32050222158432007,0.8708992004394531,5.411888599395752,4.715845584869385,4.365890026092529
11.1,2,86.85686492919922,126.95068359375,119.0672378540039,183.57525634765625,208.55856323242188,184.72308349609375,2.303244113922119,3.066925287246704,0.8269366025924683,200.0525665283203,389.3482666015625,98.4610595703125,119.7035903930664,-124.7869797,-85.74965668,159.83616638183594,368.29644775390625,46.850341796875,0.5983606576919556,0.32050222158432007,0.8708992004394531,5.411888599395752,4.715845584869385,4.365890026092529
11.15,2,86.85686492919922,126.95068359375,119.0672378540039,183.57525634765625,208.55856323242188,184.72308349609375,2.303244113922119,3.066925287246704,0.8269366025924683,200.0525665283203,389.3482666015625,98.4610595703125,119.7035903930664,-124.7869797,-85.74965668,159.83616638183594,368.29644775390625,46.850341796875,0.5983606576919556,0.32050222158432007,0.8708992004394531,5.411888599395752,4.715845584869385,4.365890026092529
11.2,2,86.85686492919922,126.95068359375,119.0672378540039,183.57525634765625,208.55856323242188,184.72308349609375,2.303244113922119,3.066925287246704,0.8269366025924683,200.0525665283203,389.3482666015625,98.4610595703125,119.7035903930664,-124.7869797,-85.74965668,159.83616638183594,368.29644775390625,46.850341796875,0.5983606576919556,0.32050222158432007,0.8708992004394531,5.411888599395752,4.715845584869385,4.365890026092529
11.25,2,86.82725524902344,126.91867065429688,119.03730773925781,183.54014587402344,208.50057983398438,184.65924072265625,2.296088457107544,3.044306755065918,0.8044627904891968,199.36305236816406,386.3793640136719,95.7610855102539,120.74800872802734,-123.1271133,-83.84454346,158.1847381591797,365.723876953125,44.599910736083984,0.6056689620018005,0.3186689615249634,0.8755596876144409,5.460940837860107,4.758078575134277,4.355748176574707
11.3,2,86.82725524902344,126.91867065429688,119.03730773925781,183.54014587402344,208.50057983398438,184.65924072265625,2.296088457107544,3.044306755065918,0.8044627904891968,199.36305236816406,386.3793640136719,95.7610855102539,120.74800872802734,-123.1271133,-83.84454346,158.1847381591797,365.723876953125,44.599910736083984,0.6056689620018005,0.3186689615249634,0.8755596876144409,5.460940837860107,4.758078575134277,4.355748176574707
11.35,2,86.82725524902344,126.91867065429688,119.03730773925781,183.54014587402344,208.50057983398438,184.65924072265625,2.296088457107544,3.044306755065918,0.8044627904891968,199.36305236816406,386.3793640136719,95.7610855102539,120.74800872802734,-123.1271133,-83.84454346,158.1847381591797,365.723876953125,44.599910736083984,0.6056689620018005,0.3186689615249634,0.8755596876144409,5.460940837860107,4.758078575134277,4.355748176574707
11.4,2,86.82725524902344,126.91867065429688,119.03730773925781,183.54014587402344,208.50057983398438,184.65924072265625,2.296088457107544,3.044306755065918,0.8044627904891968,199.36305236816406,386.3793640136719,95.7610855102539,120.74800872802734,-123.1271133,-83.84454346,158.1847381591797,365.723876953125,44.599910736083984,0.6056689620018005,0.3186689615249634,0.8755596876144409,5.460940837860107,4.758078575134277,4.355748176574707
11.45,2,86.79573059082031,126.90914916992188,119.00418090820312,183.487060546875,208.4474334716797,184.62876892089844,2.307997226715088,3.0610251426696777,0.8155059218406677,200.32431030273438,388.47210693359375,97.04861450195312,120.66874694824219,-123.207634,-84.28925323,159.4711151123047,367.9190673828125,46.64046096801758,0.6023669838905334,0.3171595335006714,0.8685261011123657,5.455355644226074,4.781484127044678,4.380829811096191
11.5,2,86.79573059082031,126.90914916992188,119.00418090820312,183.487060546875,208.4474334716797,184.62876892089844,2.307997226715088,3.0610251426696777,0.8155059218406677,200.32431030273438,388.47210693359375,97.04861450195312,120.66874694824219,-123.207634,-84.28925323,159.4711151123047,367.9190673828125,46.64046096801758,0.6023669838905334,0.3171595335006714,0.8685261011123657,5.455355644226074,4.781484127044678,4.380829811096191
11.55,2,86.79573059082031,126.90914916992188,119.00418090820312,183.487060546875,208.4474334716797,184.62876892089844,2.307997226715088,3.0610251426696777,0.8155059218406677,200.32431030273438,388.47210693359375,97.04861450195312,120.66874694824219,-123.207634,-84.28925323,159.4711151123047,367.9190673828125,46.64046096801758,0.6023669838905334,0.3171595335006714,0.8685261011123657,5.455355644226074,4.781484127044678,4.380829811096191
11.6,2,86.79573059082031,126.90914916992188,119.00418090820312,183.487060546875,208.4474334716797,184.62876892089844,2.307997226715088,3.0610251426696777,0.8155059218406677,200.32431030273438,388.47210693359375,97.04861450195312,120.66874694824219,-123.207634,-84.28925323,159.4711151123047,367.9190673828125,46.64046096801758,0.6023669838905334,0.3171595335006714,0.8685261011123657,5.455355644226074,4.781484127044678,4.380829811096191
11.65,2,95.7704849243164,128.33885192871094,118.8897933959961,194.17955017089844,204.7561798095703,193.61334228515625,1.5350693464279175,2.019176959991455,0.6758342981338501,147.01434326171875,259.13885498046875,80.34980010986328,23.840435028076172,-84.80563354,-71.33992767,69.83871459960938,165.52621459960938,20.580263137817383,0.16216400265693665,0.3272594213485718,0.8878669142723083,5.268249988555908,4.901401519775391,4.161154747009277
11.7,2,95.7704849243164,128.33885192871094,118.8897933959961,194.17955017089844,204.7561798095703,193.61334228515625,1.5350693464279175,2.019176959991455,0.6758342981338501,147.01434326171875,259.13885498046875,80.34980010986328,23.840435028076172,-84.80563354,-71.33992767,69.83871459960938,165.52621459960938,20.580263137817383,0.16216400265693665,0.3272594213485718,0.8878669142723083,5.268249988555908,4.901401519775391,4.161154747009277
11.75,2,95.7704849243164,128.33885192871094,118.8897933959961,194.17955017089844,204.7561798095703,193.61334228515625,1.5350693464279175,2.019176959991455,0.6758342981338501,147.01434326171875,259.13885498046875,80.34980010986328,23.840435028076172,-84.80563354,-71.33992767,69.83871459960938,165.52621459960938,20.580263137817383,0.16216400265693665,0.3272594213485718,0.8878669142723083,5.268249988555908,4.901401519775391,4.161154747009277
11.8,2,95.7704849243164,128.33885192871094,118.8897933959961,194.17955017089844,204.7561798095703,193.61334228515625,1.5350693464279175,2.019176959991455,0.6758342981338501,147.01434326171875,259.13885498046875,80.34980010986328,23.840435028076172,-84.80563354,-71.33992767,69.83871459960938,165.52621459960938,20.580263137817383,0.16216400265693665,0.3272594213485718,0.8878669142723083,5.268249988555908,4.901401519775391,4.161154747009277
11.85,0,102.41261291503906,128.133056640625,118.48075103759766,201.33877563476562,201.720947265625,199.3903350830078,0.4318881928920746,0.45071250200271606,0.48944392800331116,44.230796813964844,57.75117111206055,57.98968505859375,-43.0560112,-53.76258087,-57.0746994,4.910225868225098,17.656240463256836,1.466895580291748,0.973439633846283,0.9309349060058594,0.9842215776443481,5.1548237800598145,4.962437629699707,4.094492435455322
11.9,0,102.41261291503906,128.133056640625,118.48075103759766,201.33877563476562,201.720947265625,199.3903350830078,0.4318881928920746,0.45071250200271606,0.48944392800331116,44.230796813964844,57.75117111206055,57.98968505859375,-43.0560112,-53.76258087,-57.0746994,4.910225868225098,17.656240463256836,1.466895580291748,0.973439633846283,0.9309349060058594,0.9842215776443481,5.1548237800598145,4.962437629699707,4.094492435455322
11.95,0,102.41261291503906,128.133056640625,118.48075103759766,201.33877563476562,201.720947265625,199.3903350830078,0.4318881928920746,0.45071250200271606,0.48944392800331116,44.230796813964844,57.75117111206055,57.98968505859375,-43.0560112,-53.76258087,-57.0746994,4.910225868225098,17.656240463256836,1.466895580291748,0.973439633846283,0.9309349060058594,0.9842215776443481,5.1548237800598145,4.962437629699707,4.094492435455322
12,0,102.41261291503906,128.133056640625,118.48075103759766,201.33877563476562,201.720947265625,199.3903350830078,0.4318881928920746,0.45071250200271606,0.48944392800331116,44.230796813964844,57.75117111206055,57.98968505859375,-43.0560112,-53.76258087,-57.0746994,4.910225868225098,17.656240463256836,1.466895580291748,0.973439633846283,0.9309349060058594,0.9842215776443481,5.1548237800598145,4.962437629699707,4.094492435455322
12.05,0,102.44245147705078,128.2611846923828,118.60840606689453,201.4949188232422,201.87265014648438,199.55911254882812,0.4461454451084137,0.46171680092811584,0.5033277869224548,45.70423126220703,59.22034454345703,59.69890594482422,-44.64857101,-55.45264053,-58.88383484,4.892064094543457,17.62441635131836,1.5003726482391357,0.9769023656845093,0.9363782405853271,0.986346960067749,5.138857841491699,4.958425998687744,4.082812786102295
12.1,0,102.44245147705078,128.2611846923828,118.60840606689453,201.4949188232422,201.87265014648438,199.55911254882812,0.4461454451084137,0.46171680092811584,0.5033277869224548,45.70423126220703,59.22034454345703,59.69890594482422,-44.64857101,-55.45264053,-58.88383484,4.892064094543457,17.62441635131836,1.5003726482391357,0.9769023656845093,0.9363782405853271,0.986346960067749,5.138857841491699,4.958425998687744,4.082812786102295
12.15,0,102.44245147705078,128.2611846923828,118.60840606689453,201.4949188232422,201.87265014648438,199.55911254882812,0.4461454451084137,0.46171680092811584,0.5033277869224548,45.70423126220703,59.22034454345703,59.69890594482422,-44.64857101,-55.45264053,-58.88383484,4.892064094543457,17.62441635131836,1.5003726482391357,0.9769023656845093,0.9363782405853271,0.986346960067749,5.138857841491699,4.958425998687744,4.082812786102295
12.2,0,102.44245147705078,128.2611846923828,118.60840606689453,201.4949188232422,201.87265014648438,199.55911254882812,0.4461454451084137,0.46171680092811584,0.5033277869224548,45.70423126220703,59.22034454345703,59.69890594482422,-44.64857101,-55.45264053,-58.88383484,4.892064094543457,17.62441635131836,1.5003726482391357,0.9769023656845093,0.9363782405853271,0.986346960067749,5.138857841491699,4.958425998687744,4.082812786102295
12.25,0,102.40350341796875,128.20822143554688,118.5536880493164,201.39451599121094,201.8045654296875,199.47799682617188,0.4374922811985016,0.4550255835056305,0.49866244196891785,44.800743103027344,58.33802032470703,59.11827087402344,-43.71305847,-54.28284454,-58.30137634,4.936359405517578,18.19417381286621,1.8943593502044678,0.9757217168807983,0.9304882884025574,0.9861820340156555,5.162094593048096,4.956190586090088,4.07313871383667
12.3,0,102.40350341796875,128.20822143554688,118.5536880493164,201.39451599121094,201.8045654296875,199.47799682617188,0.4374922811985016,0.4550255835056305,0.49866244196891785,44.800743103027344,58.33802032470703,59.11827087402344,-43.71305847,-54.28284454,-58.30137634,4.936359405517578,18.19417381286621,1.8943593502044678,0.9757217168807983,0.9304882884025574,0.9861820340156555,5.162094593048096,4.956190586090088,4.07313871383667
12.35,0,102.40350341796875,128.20822143554688,118.5536880493164,201.39451599121094,201.8045654296875,199.47799682617188,0.4374922811985016,0.4550255835056305,0.49866244196891785,44.800743103027344,58.33802032470703,59.11827087402344,-43.71305847,-54.28284454,-58.30137634,4.936359405517578,18.19417381286621,1.8943593502044678,0.9757217168807983,0.9304882884025574,0.9861820340156555,5.162094593048096,4.956190586090088,4.07313871383667
12.4,0,102.40350341796875,128.20822143554688,118.5536880493164,201.39451599121094,201.8045654296875,199.47799682617188,0.4374922811985016,0.4550255835056305,0.49866244196891785,44.800743103027344,58.33802032470703,59.11827087402344,-43.71305847,-54.28284454,-58.30137634,4.936359405517578,18.19417381286621,1.8943593502044678,0.9757217168807983,0.9304882884025574,0.9861820340156555,5.162094593048096,4.956190586090088,4.07313871383667
12.45,0,102.42507934570312,128.203369140625,118.54137420654297,201.42391967773438,201.8120880126953,199.45913696289062,0.4406571686267853,0.458853542804718,0.49767348170280457,45.13434600830078,58.826568603515625,58.99489974975586,-43.96015167,-54.83156586,-58.10687256,5.384244441986084,18.047056198120117,1.930353045463562,0.9739844799041748,0.9320884346961975,0.9849473834037781,5.119011402130127,4.919191360473633,4.037516117095947
12.5,0,102.42507934570312,128.203369140625,118.54137420654297,201.42391967773438,201.8120880126953,199.45913696289062,0.4406571686267853,0.458853542804718,0.49767348170280457,45.13434600830078,58.826568603515625,58.99489974975586,-43.96015167,-54.83156586,-58.10687256,5.384244441986084,18.047056198120117,1.930353045463562,0.9739844799041748,0.9320884346961975,0.9849473834037781,5.119011402130127,4.919191360473633,4.037516117095947
12.55,0,102.42507934570312,128.203369140625,118.54137420654297,201.42391967773438,201.8120880126953,199.45913696289062,0.4406571686267853,0.458853542804718,0.49767348170280457,45.13434600830078,58.826568603515625,58.99489974975586,-43.96015167,-54.83156586,-58.10687256,5.384244441986084,18.047056198120117,1.930353045463562,0.9739844799041748,0.9320884346961975,0.9849473834037781,5.119011402130127,4.919191360473633,4.037516117095947
12.6,0,102.42507934570312,128.203369140625,118.54137420654297,201.42391967773438,201.8120880126953,199.45913696289062,0.4406571686267853,0.458853542804718,0.49767348170280457,45.13434600830078,58.826568603515625,58.99489974975586,-43.96015167,-54.83156586,-58.10687256,5.384244441986084,18.047056198120117,1.930353045463562,0.9739844799041748,0.9320884346961975,0.9849473834037781,5.119011402130127,4.919191360473633,4.037516117095947
12.65,0,102.39471435546875,128.20973205566406,118.57740020751953,201.38356018066406,201.815185546875,199.5027313232422,0.4391041398048401,0.455106645822525,0.4987541735172272,44.961944580078125,58.34910202026367,59.14097213745117,-43.87672424,-54.39660645,-58.30503082,4.840060710906982,17.906299591064453,1.7830075025558472,0.9758635759353638,0.9322612285614014,0.9858652949333191,5.103151798248291,4.9365410804748535,4.014124870300293
12.7,0,102.39471435546875,128.20973205566406,118.57740020751953,201.38356018066406,201.815185546875,199.5027313232422,0.4391041398048401,0.455106645822525,0.4987541735172272,44.961944580078125,58.34910202026367,59.14097213745117,-43.87672424,-54.39660645,-58.30503082,4.840060710906982,17.906299591064453,1.7830075025558472,0.9758635759353638,0.9322612285614014,0.9858652949333191,5.103151798248291,4.9365410804748535,4.014124870300293
12.75,0,102.39471435546875,128.20973205566406,118.57740020751953,201.38356018066406,201.815185546875,199.5027313232422,0.4391041398048401,0.455106645822525,0.4987541735172272,44.961944580078125,58.34910202026367,59.14097213745117,-43.87672424,-54.39660645,-58.30503082,4.840060710906982,17.906299591064453,1.7830075025558472,0.9758635759353638,0.9322612285614014,0.9858652949333191,5.103151798248291,4.9365410804748535,4.014124870300293
12.8,0,102.39471435546875,128.20973205566406,118.57740020751953,201.38356018066406,201.815185546875,199.5027313232422,0.4391041398048401,0.455106645822525,0.4987541735172272,44.961944580078125,58.34910202026367,59.14097213745117,-43.87672424,-54.39660645,-58.30503082,4.840060710906982,17.906299591064453,1.7830075025558472,0.9758635759353638,0.9322612285614014,0.9858652949333191,5.103151798248291,4.9365410804748535,4.014124870300293
12.85,0,102.39213562011719,128.14830017089844,118.5449219,201.3355255126953,201.7506561279297,199.45408630371094,0.441037654876709,0.4574633538722992,0.5003216862678528,45.15878677368164,58.62314987182617,59.31059646606445,-43.84581757,-54.25304413,-58.29556274,5.426450252532959,18.586421966552734,2.516411781311035,0.970925509929657,0.9254542589187622,0.9828861355781555,5.060649394989014,4.9012322425842285,4.0361857414245605
12.9,0,102.39213562011719,128.14830017089844,118.5449219,201.3355255126953,201.7506561279297,199.45408630371094,0.441037654876709,0.4574633538722992,0.5003216862678528,45.15878677368164,58.62314987182617,59.31059646606445,-43.84581757,-54.25304413,-58.29556274,5.426450252532959,18.586421966552734,2.516411781311035,0.970925509929657,0.9254542589187622,0.9828861355781555,5.060649394989014,4.9012322425842285,4.0361857414245605
12.95,0,102.42884063720703,128.2471466064453,118.6038818359375,201.46360778808594,201.87319946289062,199.53822326660156,0.4450142979621887,0.46039536595344543,0.5015078783035278,45.582298278808594,59.04439163208008,59.48078155517578,-44.27676773,-54.88456726,-58.47698975,5.370253086090088,18.14897918701172,2.1782162189483643,0.9713588356971741,0.9295474886894226,0.9831240773200989,5.126461982727051,4.930085182189941,4.021427154541016
13,0,102.37864685058594,128.19862365722656,118.5284194946289,201.370361328125,201.78897094726562,199.41976928710938,0.4383869171142578,0.45825180411338806,0.4971337616443634,44.8814582824707,58.747249603271484,58.92448043823242,-43.50540924,-54.19546509,-57.91312408,6.3543782234191895,19.418859481811523,3.216933012008667,0.9693403840065002,0.9225192070007324,0.9828364253044128,5.131312370300293,4.925654411315918,4.020759105682373
13.05,0,102.37864685058594,128.19862365722656,118.5284194946289,201.370361328125,201.78897094726562,199.41976928710938,0.4383869171142578,0.45825180411338806,0.4971337616443634,44.8814582824707,58.747249603271484,58.92448043823242,-43.50540924,-54.19546509,-57.91312408,6.3543782234191895,19.418859481811523,3.216933012008667,0.9693403840065002,0.9225192070007324,0.9828364253044128,5.131312370300293,4.925654411315918,4.020759105682373
13.1,0,102.37864685058594,128.19862365722656,118.5284194946289,201.370361328125,201.78897094726562,199.41976928710938,0.4383869171142578,0.45825180411338806,0.4971337616443634,44.8814582824707,58.747249603271484,58.92448043823242,-43.50540924,-54.19546509,-57.91312408,6.3543782234191895,19.418859481811523,3.216933012008667,0.9693403840065002,0.9225192070007324,0.9828364253044128,5.131312370300293,4.925654411315918,4.020759105682373
13.15,0,102.37864685058594,128.19862365722656,118.5284194946289,201.370361328125,201.78897094726562,199.41976928710938,0.4383869171142578,0.45825180411338806,0.4971337616443634,44.8814582824707,58.747249603271484,58.92448043823242,-43.50540924,-54.19546509,-57.91312408,6.3543782234191895,19.418859481811523,3.216933012008667,0.9693403840065002,0.9225192070007324,0.9828364253044128,5.131312370300293,4.925654411315918,4.020759105682373
13.2,0,102.43732452392578,128.2375946044922,118.58644104003906,201.46731567382812,201.8746337890625,199.51040649414062,0.44620102643966675,0.4624481201171875,0.5028524398803711,45.707637786865234,59.3032341003418,59.6314811706543,-44.35429382,-55.04841995,-58.55545807,5.50348424911499,18.27515411376953,2.258742570877075,0.9703912734985352,0.9282532334327698,0.9819554686546326,5.132587909698486,4.92782735824585,4.035058975219727
13.25,0,102.43732452392578,128.2375946044922,118.58644104003906,201.46731567382812,201.8746337890625,199.51040649414062,0.44620102643966675,0.4624481201171875,0.5028524398803711,45.707637786865234,59.3032341003418,59.6314811706543,-44.35429382,-55.04841995,-58.55545807,5.50348424911499,18.27515411376953,2.258742570877075,0.9703912734985352,0.9282532334327698,0.9819554686546326,5.132587909698486,4.92782735824585,4.035058975219727
13.3,0,102.43732452392578,128.2375946044922,118.58644104003906,201.46731567382812,201.8746337890625,199.51040649414062,0.44620102643966675,0.4624481201171875,0.5028524398803711,45.707637786865234,59.3032341003418,59.6314811706543,-44.35429382,-55.04841995,-58.55545807,5.50348424911499,18.27515411376953,2.258742570877075,0.9703912734985352,0.9282532334327698,0.9819554686546326,5.132587909698486,4.92782735824585,4.035058975219727
13.35,0,102.43732452392578,128.2375946044922,118.58644104003906,201.46731567382812,201.8746337890625,199.51040649414062,0.44620102643966675,0.4624481201171875,0.5028524398803711,45.707637786865234,59.3032341003418,59.6314811706543,-44.35429382,-55.04841995,-58.55545807,5.50348424911499,18.27515411376953,2.258742570877075,0.9703912734985352,0.9282532334327698,0.9819554686546326,5.132587909698486,4.92782735824585,4.035058975219727
13.4,0,102.37582397460938,128.17974853515625,118.53132629394531,201.32247924804688,201.76153564453125,199.45294189453125,0.44230562448501587,0.4598563015460968,0.5009012222290039,45.281402587890625,58.94426345825195,59.37248611450195,-43.96017456,-54.48190689,-58.39692688,6.053933620452881,19.157901763916016,3.0478742122650146,0.9708218574523926,0.9242953062057495,0.9835688471794128,5.102551460266113,4.922309875488281,4.011359691619873
13.45,0,102.37582397460938,128.17974853515625,118.53132629394531,201.32247924804688,201.76153564453125,199.45294189453125,0.44230562448501587,0.4598563015460968,0.5009012222290039,45.281402587890625,58.94426345825195,59.37248611450195,-43.96017456,-54.48190689,-58.39692688,6.053933620452881,19.157901763916016,3.0478742122650146,0.9708218574523926,0.9242953062057495,0.9835688471794128,5.102551460266113,4.922309875488281,4.011359691619873
13.5,0,102.37582397460938,128.17974853515625,118.53132629394531,201.32247924804688,201.76153564453125,199.45294189453125,0.44230562448501587,0.4598563015460968,0.5009012222290039,45.281402587890625,58.94426345825195,59.37248611450195,-43.96017456,-54.48190689,-58.39692688,6.053933620452881,19.157901763916016,3.0478742122650146,0.9708218574523926,0.9242953062057495,0.9835688471794128,5.102551460266113,4.922309875488281,4.011359691619873
13.55,0,102.37582397460938,128.17974853515625,118.53132629394531,201.32247924804688,201.76153564453125,199.45294189453125,0.44230562448501587,0.4598563015460968,0.5009012222290039,45.281402587890625,58.94426345825195,59.37248611450195,-43.96017456,-54.48190689,-58.39692688,6.053933620452881,19.157901763916016,3.0478742122650146,0.9708218574523926,0.9242953062057495,0.9835688471794128,5.102551460266113,4.922309875488281,4.011359691619873
13.6,0,102.39515686035156,128.16619873046875,118.57456970214844,201.32443237304688,201.80392456054688,199.49981689453125,0.44742289185523987,0.464607298374176,0.5058066248893738,45.81393814086914,59.54695129394531,59.97580337524414,-44.48270035,-55.17806625,-58.9327774,6.002821922302246,19.007408142089844,2.83595871925354,0.970942497253418,0.9266312718391418,0.982609212398529,5.0570573806762695,4.912881851196289,4.001720428466797
13.65,0,102.39515686035156,128.16619873046875,118.57456970214844,201.32443237304688,201.80392456054688,199.49981689453125,0.44742289185523987,0.464607298374176,0.5058066248893738,45.81393814086914,59.54695129394531,59.97580337524414,-44.48270035,-55.17806625,-58.9327774,6.002821922302246,19.007408142089844,2.83595871925354,0.970942497253418,0.9266312718391418,0.982609212398529,5.0570573806762695,4.912881851196289,4.001720428466797
13.7,0,102.39515686035156,128.16619873046875,118.57456970214844,201.32443237304688,201.80392456054688,199.49981689453125,0.44742289185523987,0.464607298374176,0.5058066248893738,45.81393814086914,59.54695129394531,59.97580337524414,-44.48270035,-55.17806625,-58.9327774,6.002821922302246,19.007408142089844,2.83595871925354,0.970942497253418,0.9266312718391418,0.982609212398529,5.0570573806762695,4.912881851196289,4.001720428466797
13.75,0,102.39515686035156,128.16619873046875,118.57456970214844,201.32443237304688,201.80392456054688,199.49981689453125,0.44742289185523987,0.464607298374176,0.5058066248893738,45.81393814086914,59.54695129394531,59.97580337524414,-44.48270035,-55.17806625,-58.9327774,6.002821922302246,19.007408142089844,2.83595871925354,0.970942497253418,0.9266312718391418,0.982609212398529,5.0570573806762695,4.912881851196289,4.001720428466797
13.8,0,102.38580322265625,128.20736694335938,118.59844207763672,201.37750244140625,201.82159423828125,199.51646423339844,0.4473768174648285,0.4626023769378662,0.505632221698761,45.80503463745117,59.30903244018555,59.967193603515625,-44.48838425,-55.03683853,-58.94832993,5.165175437927246,18.228940963745117,2.1117067337036133,0.971255362033844,0.9279672503471375,0.9830096364021301,5.090877056121826,4.924743175506592,4.021678924560547
13.85,0,102.38580322265625,128.20736694335938,118.59844207763672,201.37750244140625,201.82159423828125,199.51646423339844,0.4473768174648285,0.4626023769378662,0.505632221698761,45.80503463745117,59.30903244018555,59.967193603515625,-44.48838425,-55.03683853,-58.94832993,5.165175437927246,18.228940963745117,2.1117067337036133,0.971255362033844,0.9279672503471375,0.9830096364021301,5.090877056121826,4.924743175506592,4.021678924560547
13.9,0,102.38580322265625,128.20736694335938,118.59844207763672,201.37750244140625,201.82159423828125,199.51646423339844,0.4473768174648285,0.4626023769378662,0.505632221698761,45.80503463745117,59.30903244018555,59.967193603515625,-44.48838425,-55.03683853,-58.94832993,5.165175437927246,18.228940963745117,2.1117067337036133,0.971255362033844,0.9279672503471375,0.9830096364021301,5.090877056121826,4.924743175506592,4.021678924560547
13.95,0,102.38580322265625,128.20736694335938,118.59844207763672,201.37750244140625,201.82159423828125,199.51646423339844,0.4473768174648285,0.4626023769378662,0.505632221698761,45.80503463745117,59.30903244018555,59.967193603515625,-44.48838425,-55.03683853,-58.94832993,5.165175437927246,18.228940963745117,2.1117067337036133,0.971255362033844,0.9279672503471375,0.9830096364021301,5.090877056121826,4.924743175506592,4.021678924560547
14,0,102.37313079833984,128.15643310546875,118.52193450927734,201.3247528076172,201.7423553466797,199.4150391,0.44169265031814575,0.4619365334510803,0.5006034970283508,45.21746063232422,59.200138092041016,59.332496643066406,-43.72410202,-54.51427078,-58.20277023,6.5880022048950195,19.67080307006836,3.367845058441162,0.9669738411903381,0.9208469986915588,0.980959415435791,5.0915608406066895,4.904483795166016,4.0182695388793945
14.05,0,102.37313079833984,128.15643310546875,118.52193450927734,201.3247528076172,201.7423553466797,199.4150391,0.44169265031814575,0.4619365334510803,0.5006034970283508,45.21746063232422,59.200138092041016,59.332496643066406,-43.72410202,-54.51427078,-58.20277023,6.5880022048950195,19.67080307006836,3.367845058441162,0.9669738411903381,0.9208469986915588,0.980959415435791,5.0915608406066895,4.904483795166016,4.0182695388793945
14.1,0,102.37313079833984,128.15643310546875,118.52193450927734,201.3247528076172,201.7423553466797,199.4150391,0.44169265031814575,0.4619365334510803,0.5006034970283508,45.21746063232422,59.200138092041016,59.332496643066406,-43.72410202,-54.51427078,-58.20277023,6.5880022048950195,19.67080307006836,3.367845058441162,0.9669738411903381,0.9208469986915588,0.980959415435791,5.0915608406066895,4.904483795166016,4.0182695388793945
14.15,0,102.37313079833984,128.15643310546875,118.52193450927734,201.3247528076172,201.7423553466797,199.4150391,0.44169265031814575,0.4619365334510803,0.5006034970283508,45.21746063232422,59.200138092041016,59.332496643066406,-43.72410202,-54.51427078,-58.20277023,6.5880022048950195,19.67080307006836,3.367845058441162,0.9669738411903381,0.9208469986915588,0.980959415435791,5.0915608406066895,4.904483795166016,4.0182695388793945
14.2,0,102.43502044677734,128.19444274902344,118.56010437011719,201.39341735839844,201.82484436035156,199.50582885742188,0.44698137044906616,0.46453309059143066,0.5064275860786438,45.78654479980469,59.550559997558594,60.04210662841797,-44.33739853,-55.02199173,-58.8457222,5.6150431632995605,18.731801986694336,2.481424570083618,0.9683499336242676,0.9239542484283447,0.9800742268562317,5.077939510345459,4.921103477478027,4.005368232727051
14.25,0,102.43502044677734,128.19444274902344,118.56010437011719,201.39341735839844,201.82484436035156,199.50582885742188,0.44698137044906616,0.46453309059143066,0.5064275860786438,45.78654479980469,59.550559997558594,60.04210662841797,-44.33739853,-55.02199173,-58.8457222,5.6150431632995605,18.731801986694336,2.481424570083618,0.9683499336242676,0.9239542484283447,0.9800742268562317,5.077939510345459,4.921103477478027,4.005368232727051
14.3,0,102.43502044677734,128.19444274902344,118.56010437011719,201.39341735839844,201.82484436035156,199.50582885742188,0.44698137044906616,0.46453309059143066,0.5064275860786438,45.78654479980469,59.550559997558594,60.04210662841797,-44.33739853,-55.02199173,-58.8457222,5.6150431632995605,18.731801986694336,2.481424570083618,0.9683499336242676,0.9239542484283447,0.9800742268562317,5.077939510345459,4.921103477478027,4.005368232727051
14.35,0,102.43502044677734,128.19444274902344,118.56010437011719,201.39341735839844,201.82484436035156,199.50582885742188,0.44698137044906616,0.46453309059143066,0.5064275860786438,45.78654479980469,59.550559997558594,60.04210662841797,-44.33739853,-55.02199173,-58.8457222,5.6150431632995605,18.731801986694336,2.481424570083618,0.9683499336242676,0.9239542484283447,0.9800742268562317,5.077939510345459,4.921103477478027,4.005368232727051
14.4,0,102.38336181640625,128.17088317871094,118.54847717285156,201.34266662597656,201.72183227539062,199.4872589111328,0.44534942507743835,0.4604298770427704,0.5021726489067078,45.596370697021484,59.013702392578125,59.531803131103516,-44.17120743,-54.57749557,-58.45335388,5.816882133483887,18.778348922729492,2.8340046405792236,0.9687439203262329,0.924827516078949,0.9818844795227051,5.068052291870117,4.899923324584961,3.98299503326416
14.45,0,102.38336181640625,128.17088317871094,118.54847717285156,201.34266662597656,201.72183227539062,199.4872589111328,0.44534942507743835,0.4604298770427704,0.5021726489067078,45.596370697021484,59.013702392578125,59.531803131103516,-44.17120743,-54.57749557,-58.45335388,5.816882133483887,18.778348922729492,2.8340046405792236,0.9687439203262329,0.924827516078949,0.9818844795227051,5.068052291870117,4.899923324584961,3.98299503326416
14.5,0,102.38336181640625,128.17088317871094,118.54847717285156,201.34266662597656,201.72183227539062,199.4872589111328,0.44534942507743835,0.4604298770427704,0.5021726489067078,45.596370697021484,59.013702392578125,59.531803131103516,-44.17120743,-54.57749557,-58.45335388,5.816882133483887,18.778348922729492,2.8340046405792236,0.9687439203262329,0.924827516078949,0.9818844795227051,5.068052291870117,4.899923324584961,3.98299503326416
14.55,0,102.38336181640625,128.17088317871094,118.54847717285156,201.34266662597656,201.72183227539062,199.4872589111328,0.44534942507743835,0.4604298770427704,0.5021726489067078,45.596370697021484,59.013702392578125,59.531803131103516,-44.17120743,-54.57749557,-58.45335388,5.816882133483887,18.778348922729492,2.8340046405792236,0.9687439203262329,0.924827516078949,0.9818844795227051,5.068052291870117,4.899923324584961,3.98299503326416
14.6,0,102.40130615234375,128.17111206054688,118.51273345947266,201.38455200195312,201.7147216796875,199.43409729003906,0.4463050663471222,0.4674210846424103,0.5040671229362488,45.70222091674805,59.909881591796875,59.738372802734375,-44.26963425,-55.38932419,-58.66128159,6.547799110412598,19.42354965209961,2.9719557762145996,0.9686539173126221,0.9245440363883972,0.9819698333740234,5.015559196472168,4.848446369171143,3.9969615936279297
14.65,0,102.40130615234375,128.17111206054688,118.51273345947266,201.38455200195312,201.7147216796875,199.43409729003906,0.4463050663471222,0.4674210846424103,0.5040671229362488,45.70222091674805,59.909881591796875,59.738372802734375,-44.26963425,-55.38932419,-58.66128159,6.547799110412598,19.42354965209961,2.9719557762145996,0.9686539173126221,0.9245440363883972,0.9819698333740234,5.015559196472168,4.848446369171143,3.9969615936279297
14.7,0,102.40130615234375,128.17111206054688,118.51273345947266,201.38455200195312,201.7147216796875,199.43409729003906,0.4463050663471222,0.4674210846424103,0.5040671229362488,45.70222091674805,59.909881591796875,59.738372802734375,-44.26963425,-55.38932419,-58.66128159,6.547799110412598,19.42354965209961,2.9719557762145996,0.9686539173126221,0.9245440363883972,0.9819698333740234,5.015559196472168,4.848446369171143,3.9969615936279297
14.75,0,102.40130615234375,128.17111206054688,118.51273345947266,201.38455200195312,201.7147216796875,199.43409729003906,0.4463050663471222,0.4674210846424103,0.5040671229362488,45.70222091674805,59.909881591796875,59.738372802734375,-44.26963425,-55.38932419,-58.66128159,6.547799110412598,19.42354965209961,2.9719557762145996,0.9686539173126221,0.9245440363883972,0.9819698333740234,5.015559196472168,4.848446369171143,3.9969615936279297
14.8,0,102.4021224975586,128.1991424560547,118.51834869384766,201.38160705566406,201.78854370117188,199.4337158203125,0.445323646068573,0.46591830253601074,0.5063797235488892,45.60208511352539,59.73032760620117,60.015289306640625,-44.22520447,-55.29601288,-58.9449234,5.649097442626953,18.87990379333496,2.2338671684265137,0.9698066115379333,0.9257611036300659,0.9821650981903076,5.066488265991211,4.872262954711914,4.010378360748291
14.85,0,102.4021224975586,128.1991424560547,118.51834869384766,201.38160705566406,201.78854370117188,199.4337158203125,0.445323646068573,0.46591830253601074,0.5063797235488892,45.60208511352539,59.73032760620117,60.015289306640625,-44.22520447,-55.29601288,-58.9449234,5.649097442626953,18.87990379333496,2.2338671684265137,0.9698066115379333,0.9257611036300659,0.9821650981903076,5.066488265991211,4.872262954711914,4.010378360748291
14.9,0,102.4021224975586,128.1991424560547,118.51834869384766,201.38160705566406,201.78854370117188,199.4337158203125,0.445323646068573,0.46591830253601074,0.5063797235488892,45.60208511352539,59.73032760620117,60.015289306640625,-44.22520447,-55.29601288,-58.9449234,5.649097442626953,18.87990379333496,2.2338671684265137,0.9698066115379333,0.9257611036300659,0.9821650981903076,5.066488265991211,4.872262954711914,4.010378360748291
14.95,0,102.4021224975586,128.1991424560547,118.51834869384766,201.38160705566406,201.78854370117188,199.4337158203125,0.445323646068573,0.46591830253601074,0.5063797235488892,45.60208511352539,59.73032760620117,60.015289306640625,-44.22520447,-55.29601288,-58.9449234,5.649097442626953,18.87990379333496,2.2338671684265137,0.9698066115379333,0.9257611036300659,0.9821650981903076,5.066488265991211,4.872262954711914,4.010378360748291
15,0,102.36170196533203,128.16152954101562,118.5311050415039,201.3479461669922,201.71469116210938,199.41519165039062,0.4476383924484253,0.4622568190097809,0.5039611458778381,45.82102584838867,59.2435417175293,59.73507308959961,-44.24311829,-54.53462982,-58.48904037,5.983275890350342,18.96233558654785,3.1597542762756348,0.9655636548995972,0.9205160140991211,0.9791406989097595,5.085460186004639,4.9194464683532715,4.043348789215088
15.05,0,102.36170196533203,128.16152954101562,118.5311050415039,201.3479461669922,201.71469116210938,199.41519165039062,0.4476383924484253,0.4622568190097809,0.5039611458778381,45.82102584838867,59.2435417175293,59.73507308959961,-44.24311829,-54.53462982,-58.48904037,5.983275890350342,18.96233558654785,3.1597542762756348,0.9655636548995972,0.9205160140991211,0.9791406989097595,5.085460186004639,4.9194464683532715,4.043348789215088
15.1,0,102.36170196533203,128.16152954101562,118.5311050415039,201.3479461669922,201.71469116210938,199.41519165039062,0.4476383924484253,0.4622568190097809,0.5039611458778381,45.82102584838867,59.2435417175293,59.73507308959961,-44.24311829,-54.53462982,-58.48904037,5.983275890350342,18.96233558654785,3.1597542762756348,0.9655636548995972,0.9205160140991211,0.9791406989097595,5.085460186004639,4.9194464683532715,4.043348789215088
15.15,0,102.36170196533203,128.16152954101562,118.5311050415039,201.3479461669922,201.71469116210938,199.41519165039062,0.4476383924484253,0.4622568190097809,0.5039611458778381,45.82102584838867,59.2435417175293,59.73507308959961,-44.24311829,-54.53462982,-58.48904037,5.983275890350342,18.96233558654785,3.1597542762756348,0.9655636548995972,0.9205160140991211,0.9791406989097595,5.085460186004639,4.9194464683532715,4.043348789215088
15.2,0,102.4128189086914,128.2594757080078,118.56378936767578,201.445556640625,201.87130737304688,199.4861602783203,0.4511116147041321,0.47420594096183777,0.5124487280845642,46.19961166381836,60.82140350341797,60.75786209106445,-44.68934631,-56.10567856,-59.6191864,6.553688049316406,19.914932250976562,2.9247047901153564,0.9673100113868713,0.9224660396575928,0.9812588095664978,5.123767852783203,4.958714008331299,4.075405597686768
15.25,0,102.4128189086914,128.2594757080078,118.56378936767578,201.445556640625,201.87130737304688,199.4861602783203,0.4511116147041321,0.47420594096183777,0.5124487280845642,46.19961166381836,60.82140350341797,60.75786209106445,-44.68934631,-56.10567856,-59.6191864,6.553688049316406,19.914932250976562,2.9247047901153564,0.9673100113868713,0.9224660396575928,0.9812588095664978,5.123767852783203,4.958714008331299,4.075405597686768
15.3,0,102.4128189086914,128.2594757080078,118.56378936767578,201.445556640625,201.87130737304688,199.4861602783203,0.4511116147041321,0.47420594096183777,0.5124487280845642,46.19961166381836,60.82140350341797,60.75786209106445,-44.68934631,-56.10567856,-59.6191864,6.553688049316406,19.914932250976562,2.9247047901153564,0.9673100113868713,0.9224660396575928,0.9812588095664978,5.123767852783203,4.958714008331299,4.075405597686768
15.35,0,102.4128189086914,128.2594757080078,118.56378936767578,201.445556640625,201.87130737304688,199.4861602783203,0.4511116147041321,0.47420594096183777,0.5124487280845642,46.19961166381836,60.82140350341797,60.75786209106445,-44.68934631,-56.10567856,-59.6191864,6.553688049316406,19.914932250976562,2.9247047901153564,0.9673100113868713,0.9224660396575928,0.9812588095664978,5.123767852783203,4.958714008331299,4.075405597686768
15.4,0,102.38990020751953,128.19497680664062,118.5650405883789,201.38197326660156,201.7926788330078,199.4726563,0.4438648819923401,0.4609421491622925,0.501121997833252,45.44728088378906,59.09046936035156,59.415550231933594,-43.89652252,-54.66998291,-58.14326096,5.357712745666504,18.13909149169922,2.009317398071289,0.965877890586853,0.9251912236213684,0.9785866141319275,5.129983901977539,4.983992099761963,4.094118118286133
15.45,0,102.38990020751953,128.19497680664062,118.5650405883789,201.38197326660156,201.7926788330078,199.4726563,0.4438648819923401,0.4609421491622925,0.501121997833252,45.44728088378906,59.09046936035156,59.415550231933594,-43.89652252,-54.66998291,-58.14326096,5.357712745666504,18.13909149169922,2.009317398071289,0.965877890586853,0.9251912236213684,0.9785866141319275,5.129983901977539,4.983992099761963,4.094118118286133
15.5,0,102.38990020751953,128.19497680664062,118.5650405883789,201.38197326660156,201.7926788330078,199.4726563,0.4438648819923401,0.4609421491622925,0.501121997833252,45.44728088378906,59.09046936035156,59.415550231933594,-43.89652252,-54.66998291,-58.14326096,5.357712745666504,18.13909149169922,2.009317398071289,0.965877890586853,0.9251912236213684,0.9785866141319275,5.129983901977539,4.983992099761963,4.094118118286133
15.55,0,102.38990020751953,128.19497680664062,118.5650405883789,201.38197326660156,201.7926788330078,199.4726563,0.4438648819923401,0.4609421491622925,0.501121997833252,45.44728088378906,59.09046936035156,59.415550231933594,-43.89652252,-54.66998291,-58.14326096,5.357712745666504,18.13909149169922,2.009317398071289,0.965877890586853,0.9251912236213684,0.9785866141319275,5.129983901977539,4.983992099761963,4.094118118286133
15.6,0,102.43712615966797,128.15567016601562,118.55493927001953,201.37867736816406,201.79248046875,199.48513793945312,0.4476347267627716,0.4674604535102844,0.5057796239852905,45.85441589355469,59.90770721435547,59.96267318725586,-44.19694138,-54.98439026,-58.69441986,6.693328857421875,19.816715240478516,3.503955125808716,0.9638535380363464,0.9178183078765869,0.9788492918014526,5.133526802062988,5.049166679382324,4.180416584014893
15.65,0,102.43712615966797,128.15567016601562,118.55493927001953,201.37867736816406,201.79248046875,199.48513793945312,0.4476347267627716,0.4674604535102844,0.5057796239852905,45.85441589355469,59.90770721435547,59.96267318725586,-44.19694138,-54.98439026,-58.69441986,6.693328857421875,19.816715240478516,3.503955125808716,0.9638535380363464,0.9178183078765869,0.9788492918014526,5.133526802062988,5.049166679382324,4.180416584014893
15.7,0,102.43712615966797,128.15567016601562,118.55493927001953,201.37867736816406,201.79248046875,199.48513793945312,0.4476347267627716,0.4674604535102844,0.5057796239852905,45.85441589355469,59.90770721435547,59.96267318725586,-44.19694138,-54.98439026,-58.69441986,6.693328857421875,19.816715240478516,3.503955125808716,0.9638535380363464,0.9178183078765869,0.9788492918014526,5.133526802062988,5.049166679382324,4.180416584014893
15.75,0,102.43712615966797,128.15567016601562,118.55493927001953,201.37867736816406,201.79248046875,199.48513793945312,0.4476347267627716,0.4674604535102844,0.5057796239852905,45.85441589355469,59.90770721435547,59.96267318725586,-44.19694138,-54.98439026,-58.69441986,6.693328857421875,19.816715240478516,3.503955125808716,0.9638535380363464,0.9178183078765869,0.9788492918014526,5.133526802062988,5.049166679382324,4.180416584014893
15.8,0,102.45738983154297,128.24465942382812,118.61170196533203,201.4849853515625,201.86898803710938,199.5751953,0.4557519555091858,0.4694576859474182,0.5135781764984131,46.69515609741211,60.205440521240234,60.9163818359375,-45.21216583,-55.70863342,-59.69086075,5.514659404754639,18.627084732055664,2.5444767475128174,0.9682410359382629,0.9253089427947998,0.9798819422721863,5.19569206237793,5.0066304206848145,4.167543888092041
15.85,0,102.45738983154297,128.24465942382812,118.61170196533203,201.4849853515625,201.86898803710938,199.5751953,0.4557519555091858,0.4694576859474182,0.5135781764984131,46.69515609741211,60.205440521240234,60.9163818359375,-45.21216583,-55.70863342,-59.69086075,5.514659404754639,18.627084732055664,2.5444767475128174,0.9682410359382629,0.9253089427947998,0.9798819422721863,5.19569206237793,5.0066304206848145,4.167543888092041
15.9,0,102.45738983154297,128.24465942382812,118.61170196533203,201.4849853515625,201.86898803710938,199.5751953,0.4557519555091858,0.4694576859474182,0.5135781764984131,46.69515609741211,60.205440521240234,60.9163818359375,-45.21216583,-55.70863342,-59.69086075,5.514659404754639,18.627084732055664,2.5444767475128174,0.9682410359382629,0.9253089427947998,0.9798819422721863,5.19569206237793,5.0066304206848145,4.167543888092041
15.95,0,102.45738983154297,128.24465942382812,118.61170196533203,201.4849853515625,201.86898803710938,199.5751953,0.4557519555091858,0.4694576859474182,0.5135781764984131,46.69515609741211,60.205440521240234,60.9163818359375,-45.21216583,-55.70863342,-59.69086075,5.514659404754639,18.627084732055664,2.5444767475128174,0.9682410359382629,0.9253089427947998,0.9798819422721863,5.19569206237793,5.0066304206848145,4.167543888092041
16,0,102.38414764404297,128.2855682373047,118.41138458251953,201.35073852539062,201.77040100097656,199.39105224609375,0.4451834261417389,0.46757593750953674,0.5053602457046509,45.57972717285156,59.983245849609375,59.84040451049805,-43.93971634,-55.10506821,-58.6492424,6.772898197174072,20.029226303100586,3.2851555347442627,0.9640188813209534,0.9186743497848511,0.9800943732261658,5.160538673400879,5.013216495513916,4.092812538146973
16.05,0,102.38414764404297,128.2855682373047,118.41138458251953,201.35073852539062,201.77040100097656,199.39105224609375,0.4451834261417389,0.46757593750953674,0.5053602457046509,45.57972717285156,59.983245849609375,59.84040451049805,-43.93971634,-55.10506821,-58.6492424,6.772898197174072,20.029226303100586,3.2851555347442627,0.9640188813209534,0.9186743497848511,0.9800943732261658,5.160538673400879,5.013216495513916,4.092812538146973
16.1,0,102.38414764404297,128.2855682373047,118.41138458251953,201.35073852539062,201.77040100097656,199.39105224609375,0.4451834261417389,0.46757593750953674,0.5053602457046509,45.57972717285156,59.983245849609375,59.84040451049805,-43.93971634,-55.10506821,-58.6492424,6.772898197174072,20.029226303100586,3.2851555347442627,0.9640188813209534,0.9186743497848511,0.9800943732261658,5.160538673400879,5.013216495513916,4.092812538146973
16.15,0,102.38414764404297,128.2855682373047,118.41138458251953,201.35073852539062,201.77040100097656,199.39105224609375,0.4451834261417389,0.46757593750953674,0.5053602457046509,45.57972717285156,59.983245849609375,59.84040451049805,-43.93971634,-55.10506821,-58.6492424,6.772898197174072,20.029226303100586,3.2851555347442627,0.9640188813209534,0.9186743497848511,0.9800943732261658,5.160538673400879,5.013216495513916,4.092812538146973
16.2,0,102.6523208618164,128.12844848632812,118.38868713378906,201.424560546875,201.8282470703125,199.48504638671875,0.4530521631240845,0.47037920355796814,0.5112610459327698,46.50685501098633,60.268959045410156,60.527523040771484,-44.99053574,-55.71968079,-59.31546402,5.952425003051758,18.858863830566406,2.7180378437042236,0.9673957824707031,0.924517035484314,0.9799751043319702,5.150356292724609,5.024627208709717,4.084352970123291
16.25,0,102.6523208618164,128.12844848632812,118.38868713378906,201.424560546875,201.8282470703125,199.48504638671875,0.4530521631240845,0.47037920355796814,0.5112610459327698,46.50685501098633,60.268959045410156,60.527523040771484,-44.99053574,-55.71968079,-59.31546402,5.952425003051758,18.858863830566406,2.7180378437042236,0.9673957824707031,0.924517035484314,0.9799751043319702,5.150356292724609,5.024627208709717,4.084352970123291
16.3,0,102.6523208618164,128.12844848632812,118.38868713378906,201.424560546875,201.8282470703125,199.48504638671875,0.4530521631240845,0.47037920355796814,0.5112610459327698,46.50685501098633,60.268959045410156,60.527523040771484,-44.99053574,-55.71968079,-59.31546402,5.952425003051758,18.858863830566406,2.7180378437042236,0.9673957824707031,0.924517035484314,0.9799751043319702,5.150356292724609,5.024627208709717,4.084352970123291
16.35,0,102.6523208618164,128.12844848632812,118.38868713378906,201.424560546875,201.8282470703125,199.48504638671875,0.4530521631240845,0.47037920355796814,0.5112610459327698,46.50685501098633,60.268959045410156,60.527523040771484,-44.99053574,-55.71968079,-59.31546402,5.952425003051758,18.858863830566406,2.7180378437042236,0.9673957824707031,0.924517035484314,0.9799751043319702,5.150356292724609,5.024627208709717,4.084352970123291
16.4,0,102.67726135253906,128.06507873535156,118.35205078125,201.3681182861328,201.77740478515625,199.47055053710938,0.449965238571167,0.46963486075401306,0.510273277759552,46.20119857788086,60.14382553100586,60.39188766479492,-44.65256882,-55.56570053,-59.15247345,5.938888072967529,18.97665023803711,2.562321901321411,0.9664807319641113,0.923880398273468,0.9794771671295166,5.099100589752197,4.962662220001221,4.09358024597168
16.45,0,102.67726135253906,128.06507873535156,118.35205078125,201.3681182861328,201.77740478515625,199.47055053710938,0.449965238571167,0.46963486075401306,0.510273277759552,46.20119857788086,60.14382553100586,60.39188766479492,-44.65256882,-55.56570053,-59.15247345,5.938888072967529,18.97665023803711,2.562321901321411,0.9664807319641113,0.923880398273468,0.9794771671295166,5.099100589752197,4.962662220001221,4.09358024597168
16.5,0,102.67726135253906,128.06507873535156,118.35205078125,201.3681182861328,201.77740478515625,199.47055053710938,0.449965238571167,0.46963486075401306,0.510273277759552,46.20119857788086,60.14382553100586,60.39188766479492,-44.65256882,-55.56570053,-59.15247345,5.938888072967529,18.97665023803711,2.562321901321411,0.9664807319641113,0.923880398273468,0.9794771671295166,5.099100589752197,4.962662220001221,4.09358024597168
16.55,0,102.67726135253906,128.06507873535156,118.35205078125,201.3681182861328,201.77740478515625,199.47055053710938,0.449965238571167,0.46963486075401306,0.510273277759552,46.20119857788086,60.14382553100586,60.39188766479492,-44.65256882,-55.56570053,-59.15247345,5.938888072967529,18.97665023803711,2.562321901321411,0.9664807319641113,0.923880398273468,0.9794771671295166,5.099100589752197,4.962662220001221,4.09358024597168
16.6,0,102.40019226074219,128.24632263183594,118.46919250488281,201.3641357421875,201.7254638671875,199.47286987304688,0.4489184617996216,0.46391046047210693,0.5037919878959656,45.969337463378906,59.49481201171875,59.68383026123047,-44.39195633,-54.85650253,-58.41843796,6.136748313903809,18.81066131591797,3.0076682567596436,0.9656862616539001,0.9220384359359741,0.9787983894348145,5.127009868621826,4.987283706665039,4.076633453369141
16.65,0,102.40019226074219,128.24632263183594,118.46919250488281,201.3641357421875,201.7254638671875,199.47286987304688,0.4489184617996216,0.46391046047210693,0.5037919878959656,45.969337463378906,59.49481201171875,59.68383026123047,-44.39195633,-54.85650253,-58.41843796,6.136748313903809,18.81066131591797,3.0076682567596436,0.9656862616539001,0.9220384359359741,0.9787983894348145,5.127009868621826,4.987283706665039,4.076633453369141
16.7,0,102.40019226074219,128.24632263183594,118.46919250488281,201.3641357421875,201.7254638671875,199.47286987304688,0.4489184617996216,0.46391046047210693,0.5037919878959656,45.969337463378906,59.49481201171875,59.68383026123047,-44.39195633,-54.85650253,-58.41843796,6.136748313903809,18.81066131591797,3.0076682567596436,0.9656862616539001,0.9220384359359741,0.9787983894348145,5.127009868621826,4.987283706665039,4.076633453369141
16.75,0,102.40019226074219,128.24632263183594,118.46919250488281,201.3641357421875,201.7254638671875,199.47286987304688,0.4489184617996216,0.46391046047210693,0.5037919878959656,45.969337463378906,59.49481201171875,59.68383026123047,-44.39195633,-54.85650253,-58.41843796,6.136748313903809,18.81066131591797,3.0076682567596436,0.9656862616539001,0.9220384359359741,0.9787983894348145,5.127009868621826,4.987283706665039,4.076633453369141
16.8,0,102.57691192626953,128.32098388671875,118.48503875732422,201.5159454345703,201.94332885742188,199.59706115722656,0.45777273178100586,0.4767747223377228,0.5164064764976501,46.956912994384766,61.18020248413086,61.186439514160156,-45.35395813,-56.43233109,-60.02695465,6.731302261352539,19.90439224243164,3.308767557144165,0.9658632874488831,0.9223952889442444,0.9810499548912048,5.189687252044678,5.001891136169434,4.086419105529785
16.85,0,102.57691192626953,128.32098388671875,118.48503875732422,201.5159454345703,201.94332885742188,199.59706115722656,0.45777273178100586,0.4767747223377228,0.5164064764976501,46.956912994384766,61.18020248413086,61.186439514160156,-45.35395813,-56.43233109,-60.02695465,6.731302261352539,19.90439224243164,3.308767557144165,0.9658632874488831,0.9223952889442444,0.9810499548912048,5.189687252044678,5.001891136169434,4.086419105529785
16.9,0,102.57691192626953,128.32098388671875,118.48503875732422,201.5159454345703,201.94332885742188,199.59706115722656,0.45777273178100586,0.4767747223377228,0.5164064764976501,46.956912994384766,61.18020248413086,61.186439514160156,-45.35395813,-56.43233109,-60.02695465,6.731302261352539,19.90439224243164,3.308767557144165,0.9658632874488831,0.9223952889442444,0.9810499548912048,5.189687252044678,5.001891136169434,4.086419105529785
16.95,0,102.57691192626953,128.32098388671875,118.48503875732422,201.5159454345703,201.94332885742188,199.59706115722656,0.45777273178100586,0.4767747223377228,0.5164064764976501,46.956912994384766,61.18020248413086,61.186439514160156,-45.35395813,-56.43233109,-60.02695465,6.731302261352539,19.90439224243164,3.308767557144165,0.9658632874488831,0.9223952889442444,0.9810499548912048,5.189687252044678,5.001891136169434,4.086419105529785
17,0,102.67012023925781,128.1215362548828,118.3835678100586,201.44459533691406,201.8532257080078,199.46435546875,0.44478127360343933,0.46608245372772217,0.5045946836471558,45.665748596191406,59.7151985168457,59.7357177734375,-44.22055817,-55.31145477,-58.60668182,5.8197784423828125,18.6959171295166,2.2528138160705566,0.9683528542518616,0.9262542128562927,0.9810994863510132,5.20008659362793,5.028088569641113,4.106621265411377
17.05,0,102.67012023925781,128.1215362548828,118.3835678100586,201.44459533691406,201.8532257080078,199.46435546875,0.44478127360343933,0.46608245372772217,0.5045946836471558,45.665748596191406,59.7151985168457,59.7357177734375,-44.22055817,-55.31145477,-58.60668182,5.8197784423828125,18.6959171295166,2.2528138160705566,0.9683528542518616,0.9262542128562927,0.9810994863510132,5.20008659362793,5.028088569641113,4.106621265411377
17.1,0,102.67012023925781,128.1215362548828,118.3835678100586,201.44459533691406,201.8532257080078,199.46435546875,0.44478127360343933,0.46608245372772217,0.5045946836471558,45.665748596191406,59.7151985168457,59.7357177734375,-44.22055817,-55.31145477,-58.60668182,5.8197784423828125,18.6959171295166,2.2528138160705566,0.9683528542518616,0.9262542128562927,0.9810994863510132,5.20008659362793,5.028088569641113,4.106621265411377
17.15,0,102.67012023925781,128.1215362548828,118.3835678100586,201.44459533691406,201.8532257080078,199.46435546875,0.44478127360343933,0.46608245372772217,0.5045946836471558,45.665748596191406,59.7151985168457,59.7357177734375,-44.22055817,-55.31145477,-58.60668182,5.8197784423828125,18.6959171295166,2.2528138160705566,0.9683528542518616,0.9262542128562927,0.9810994863510132,5.20008659362793,5.028088569641113,4.106621265411377
17.2,0,102.69246673583984,128.0950927734375,118.37928771972656,201.42669677734375,201.84230041503906,199.48191833496094,0.44976967573165894,0.46632111072540283,0.5087559819221497,46.187957763671875,59.73344421386719,60.22616958618164,-44.64626312,-54.97548676,-58.99142456,6.3574137687683105,19.46745491027832,3.551954746246338,0.9666212797164917,0.9203468561172485,0.9794982075691223,5.183547496795654,4.999486923217773,4.094112873077393
17.25,0,102.69246673583984,128.0950927734375,118.37928771972656,201.42669677734375,201.84230041503906,199.48191833496094,0.44976967573165894,0.46632111072540283,0.5087559819221497,46.187957763671875,59.73344421386719,60.22616958618164,-44.64626312,-54.97548676,-58.99142456,6.3574137687683105,19.46745491027832,3.551954746246338,0.9666212797164917,0.9203468561172485,0.9794982075691223,5.183547496795654,4.999486923217773,4.094112873077393
17.3,0,102.69246673583984,128.0950927734375,118.37928771972656,201.42669677734375,201.84230041503906,199.48191833496094,0.44976967573165894,0.46632111072540283,0.5087559819221497,46.187957763671875,59.73344421386719,60.22616958618164,-44.64626312,-54.97548676,-58.99142456,6.3574137687683105,19.46745491027832,3.551954746246338,0.9666212797164917,0.9203468561172485,0.9794982075691223,5.183547496795654,4.999486923217773,4.094112873077393
17.35,0,102.69246673583984,128.0950927734375,118.37928771972656,201.42669677734375,201.84230041503906,199.48191833496094,0.44976967573165894,0.46632111072540283,0.5087559819221497,46.187957763671875,59.73344421386719,60.22616958618164,-44.64626312,-54.97548676,-58.99142456,6.3574137687683105,19.46745491027832,3.551954746246338,0.9666212797164917,0.9203468561172485,0.9794982075691223,5.183547496795654,4.999486923217773,4.094112873077393
17.4,0,102.69823455810547,128.0957489013672,118.41665649414062,201.43081665039062,201.8978271484375,199.50608825683594,0.4502328336238861,0.470205694437027,0.5091065764427185,46.23811721801758,60.23134994506836,60.28669738769531,-44.69607162,-55.64069748,-59.0670929,6.00739860534668,18.877243041992188,2.597599506378174,0.9666498899459839,0.923783004283905,0.9797699451446533,5.121594429016113,4.98633337020874,4.072887897491455
17.45,0,102.69823455810547,128.0957489013672,118.41665649414062,201.43081665039062,201.8978271484375,199.50608825683594,0.4502328336238861,0.470205694437027,0.5091065764427185,46.23811721801758,60.23134994506836,60.28669738769531,-44.69607162,-55.64069748,-59.0670929,6.00739860534668,18.877243041992188,2.597599506378174,0.9666498899459839,0.923783004283905,0.9797699451446533,5.121594429016113,4.98633337020874,4.072887897491455
17.5,0,102.69823455810547,128.0957489013672,118.41665649414062,201.43081665039062,201.8978271484375,199.50608825683594,0.4502328336238861,0.470205694437027,0.5091065764427185,46.23811721801758,60.23134994506836,60.28669738769531,-44.69607162,-55.64069748,-59.0670929,6.00739860534668,18.877243041992188,2.597599506378174,0.9666498899459839,0.923783004283905,0.9797699451446533,5.121594429016113,4.98633337020874,4.072887897491455
17.55,0,102.69823455810547,128.0957489013672,118.41665649414062,201.43081665039062,201.8978271484375,199.50608825683594,0.4502328336238861,0.470205694437027,0.5091065764427185,46.23811721801758,60.23134994506836,60.28669738769531,-44.69607162,-55.64069748,-59.0670929,6.00739860534668,18.877243041992188,2.597599506378174,0.9666498899459839,0.923783004283905,0.9797699451446533,5.121594429016113,4.98633337020874,4.072887897491455
17.6,0,102.62601470947266,128.1519317626953,118.42996978759766,201.41099548339844,201.8428955078125,199.53622436523438,0.448767751455307,0.4626096785068512,0.505222499370575,46.05524444580078,59.284324645996094,59.8334846496582,-44.56058502,-54.78647614,-58.61893082,5.801368713378906,18.566085815429688,2.9238688945770264,0.9675464034080505,0.924130916595459,0.9797011017799377,5.11569881439209,4.977630138397217,4.045681476593018
17.65,0,102.62601470947266,128.1519317626953,118.42996978759766,201.41099548339844,201.8428955078125,199.53622436523438,0.448767751455307,0.4626096785068512,0.505222499370575,46.05524444580078,59.284324645996094,59.8334846496582,-44.56058502,-54.78647614,-58.61893082,5.801368713378906,18.566085815429688,2.9238688945770264,0.9675464034080505,0.924130916595459,0.9797011017799377,5.11569881439209,4.977630138397217,4.045681476593018
17.7,0,102.62601470947266,128.1519317626953,118.42996978759766,201.41099548339844,201.8428955078125,199.53622436523438,0.448767751455307,0.4626096785068512,0.505222499370575,46.05524444580078,59.284324645996094,59.8334846496582,-44.56058502,-54.78647614,-58.61893082,5.801368713378906,18.566085815429688,2.9238688945770264,0.9675464034080505,0.924130916595459,0.9797011017799377,5.11569881439209,4.977630138397217,4.045681476593018
17.75,0,102.62601470947266,128.1519317626953,118.42996978759766,201.41099548339844,201.8428955078125,199.53622436523438,0.448767751455307,0.4626096785068512,0.505222499370575,46.05524444580078,59.284324645996094,59.8334846496582,-44.56058502,-54.78647614,-58.61893082,5.801368713378906,18.566085815429688,2.9238688945770264,0.9675464034080505,0.924130916595459,0.9797011017799377,5.11569881439209,4.977630138397217,4.045681476593018
17.8,0,102.72981262207031,128.1640167236328,118.43588256835938,201.5070037841797,201.9407196044922,199.5804443359375,0.4548684358596802,0.47456732392311096,0.5147676467895508,46.72854995727539,60.822452545166016,60.96696090698242,-45.04569626,-55.83749008,-59.68544006,7.054164886474609,20.315736770629883,3.935861825942993,0.9639866352081299,0.9180407524108887,0.9789800643920898,5.1215996742248535,4.969450950622559,4.025978088378906
17.85,0,102.72981262207031,128.1640167236328,118.43588256835938,201.5070037841797,201.9407196044922,199.5804443359375,0.4548684358596802,0.47456732392311096,0.5147676467895508,46.72854995727539,60.822452545166016,60.96696090698242,-45.04569626,-55.83749008,-59.68544006,7.054164886474609,20.315736770629883,3.935861825942993,0.9639866352081299,0.9180407524108887,0.9789800643920898,5.1215996742248535,4.969450950622559,4.025978088378906
17.9,0,102.72981262207031,128.1640167236328,118.43588256835938,201.5070037841797,201.9407196044922,199.5804443359375,0.4548684358596802,0.47456732392311096,0.5147676467895508,46.72854995727539,60.822452545166016,60.96696090698242,-45.04569626,-55.83749008,-59.68544006,7.054164886474609,20.315736770629883,3.935861825942993,0.9639866352081299,0.9180407524108887,0.9789800643920898,5.1215996742248535,4.969450950622559,4.025978088378906
17.95,0,102.72981262207031,128.1640167236328,118.43588256835938,201.5070037841797,201.9407196044922,199.5804443359375,0.4548684358596802,0.47456732392311096,0.5147676467895508,46.72854995727539,60.822452545166016,60.96696090698242,-45.04569626,-55.83749008,-59.68544006,7.054164886474609,20.315736770629883,3.935861825942993,0.9639866352081299,0.9180407524108887,0.9789800643920898,5.1215996742248535,4.969450950622559,4.025978088378906
18,0,102.72920989990234,128.18115234375,118.46517181396484,201.55340576171875,201.95159912109375,199.59866333007812,0.4515664875507355,0.47049400210380554,0.5085081458091736,46.389068603515625,60.30846405029297,60.24050521850586,-44.93996048,-55.90808105,-59.11936569,6.022838592529297,18.697433471679688,2.5103228092193604,0.9687618613243103,0.927035391330719,0.9813889265060425,5.113652229309082,4.980480670928955,4.041268348693848
18.05,0,102.72920989990234,128.18115234375,118.46517181396484,201.55340576171875,201.95159912109375,199.59866333007812,0.4515664875507355,0.47049400210380554,0.5085081458091736,46.389068603515625,60.30846405029297,60.24050521850586,-44.93996048,-55.90808105,-59.11936569,6.022838592529297,18.697433471679688,2.5103228092193604,0.9687618613243103,0.927035391330719,0.9813889265060425,5.113652229309082,4.980480670928955,4.041268348693848
18.1,0,102.72920989990234,128.18115234375,118.46517181396484,201.55340576171875,201.95159912109375,199.59866333007812,0.4515664875507355,0.47049400210380554,0.5085081458091736,46.389068603515625,60.30846405029297,60.24050521850586,-44.93996048,-55.90808105,-59.11936569,6.022838592529297,18.697433471679688,2.5103228092193604,0.9687618613243103,0.927035391330719,0.9813889265060425,5.113652229309082,4.980480670928955,4.041268348693848
18.15,0,102.72920989990234,128.18115234375,118.46517181396484,201.55340576171875,201.95159912109375,199.59866333007812,0.4515664875507355,0.47049400210380554,0.5085081458091736,46.389068603515625,60.30846405029297,60.24050521850586,-44.93996048,-55.90808105,-59.11936569,6.022838592529297,18.697433471679688,2.5103228092193604,0.9687618613243103,0.927035391330719,0.9813889265060425,5.113652229309082,4.980480670928955,4.041268348693848
18.2,0,102.7031021118164,128.12823486328125,118.41563415527344,201.45947265625,201.8696746826172,199.54864501953125,0.4473680555820465,0.4638020098209381,0.5051417350769043,45.94608688354492,59.42613220214844,59.81667709350586,-44.35032654,-54.77524948,-58.47232437,5.943492889404297,18.744037628173828,2.9187464714050293,0.9652688503265381,0.9217367172241211,0.9775254726409912,5.115764141082764,5.0026774406433105,4.08521842956543
18.25,0,102.7031021118164,128.12823486328125,118.41563415527344,201.45947265625,201.8696746826172,199.54864501953125,0.4473680555820465,0.4638020098209381,0.5051417350769043,45.94608688354492,59.42613220214844,59.81667709350586,-44.35032654,-54.77524948,-58.47232437,5.943492889404297,18.744037628173828,2.9187464714050293,0.9652688503265381,0.9217367172241211,0.9775254726409912,5.115764141082764,5.0026774406433105,4.08521842956543
18.3,0,102.7031021118164,128.12823486328125,118.41563415527344,201.45947265625,201.8696746826172,199.54864501953125,0.4473680555820465,0.4638020098209381,0.5051417350769043,45.94608688354492,59.42613220214844,59.81667709350586,-44.35032654,-54.77524948,-58.47232437,5.943492889404297,18.744037628173828,2.9187464714050293,0.9652688503265381,0.9217367172241211,0.9775254726409912,5.115764141082764,5.0026774406433105,4.08521842956543
18.35,0,102.7031021118164,128.12823486328125,118.41563415527344,201.45947265625,201.8696746826172,199.54864501953125,0.4473680555820465,0.4638020098209381,0.5051417350769043,45.94608688354492,59.42613220214844,59.81667709350586,-44.35032654,-54.77524948,-58.47232437,5.943492889404297,18.744037628173828,2.9187464714050293,0.9652688503265381,0.9217367172241211,0.9775254726409912,5.115764141082764,5.0026774406433105,4.08521842956543
18.4,0,102.78218841552734,128.15928649902344,118.46385192871094,201.54736328125,201.9608917236328,199.6510772705078,0.45281755924224854,0.4739256799221039,0.513527512550354,46.54158020019531,60.73797607421875,60.83444595336914,-44.95797348,-55.9693222,-59.5712204,6.500049114227295,19.637683868408203,3.1081740856170654,0.9659743905067444,0.9214881062507629,0.979235053062439,5.111407279968262,4.988726615905762,4.065446376800537
18.45,0,102.78218841552734,128.15928649902344,118.46385192871094,201.54736328125,201.9608917236328,199.6510772705078,0.45281755924224854,0.4739256799221039,0.513527512550354,46.54158020019531,60.73797607421875,60.83444595336914,-44.95797348,-55.9693222,-59.5712204,6.500049114227295,19.637683868408203,3.1081740856170654,0.9659743905067444,0.9214881062507629,0.979235053062439,5.111407279968262,4.988726615905762,4.065446376800537
18.5,0,102.78218841552734,128.15928649902344,118.46385192871094,201.54736328125,201.9608917236328,199.6510772705078,0.45281755924224854,0.4739256799221039,0.513527512550354,46.54158020019531,60.73797607421875,60.83444595336914,-44.95797348,-55.9693222,-59.5712204,6.500049114227295,19.637683868408203,3.1081740856170654,0.9659743905067444,0.9214881062507629,0.979235053062439,5.111407279968262,4.988726615905762,4.065446376800537
18.55,0,102.78218841552734,128.15928649902344,118.46385192871094,201.54736328125,201.9608917236328,199.6510772705078,0.45281755924224854,0.4739256799221039,0.513527512550354,46.54158020019531,60.73797607421875,60.83444595336914,-44.95797348,-55.9693222,-59.5712204,6.500049114227295,19.637683868408203,3.1081740856170654,0.9659743905067444,0.9214881062507629,0.979235053062439,5.111407279968262,4.988726615905762,4.065446376800537
18.6,0,102.74787139892578,128.15066528320312,118.45235443115234,201.5653533935547,201.8801727294922,199.60646057128906,0.45401111245155334,0.4690789580345154,0.5073144435882568,46.64867401123047,60.1127815246582,60.09259033203125,-45.11418533,-55.83335114,-58.85544586,5.667115211486816,17.920259475708008,2.19122576713562,0.9671053886413574,0.9288100004196167,0.9794126749038696,5.149569511413574,5.015124320983887,4.097630977630615
18.65,0,102.74787139892578,128.15066528320312,118.45235443115234,201.5653533935547,201.8801727294922,199.60646057128906,0.45401111245155334,0.4690789580345154,0.5073144435882568,46.64867401123047,60.1127815246582,60.09259033203125,-45.11418533,-55.83335114,-58.85544586,5.667115211486816,17.920259475708008,2.19122576713562,0.9671053886413574,0.9288100004196167,0.9794126749038696,5.149569511413574,5.015124320983887,4.097630977630615
18.7,0,102.74787139892578,128.15066528320312,118.45235443115234,201.5653533935547,201.8801727294922,199.60646057128906,0.45401111245155334,0.4690789580345154,0.5073144435882568,46.64867401123047,60.1127815246582,60.09259033203125,-45.11418533,-55.83335114,-58.85544586,5.667115211486816,17.920259475708008,2.19122576713562,0.9671053886413574,0.9288100004196167,0.9794126749038696,5.149569511413574,5.015124320983887,4.097630977630615
18.75,0,102.74787139892578,128.15066528320312,118.45235443115234,201.5653533935547,201.8801727294922,199.60646057128906,0.45401111245155334,0.4690789580345154,0.5073144435882568,46.64867401123047,60.1127815246582,60.09259033203125,-45.11418533,-55.83335114,-58.85544586,5.667115211486816,17.920259475708008,2.19122576713562,0.9671053886413574,0.9288100004196167,0.9794126749038696,5.149569511413574,5.015124320983887,4.097630977630615
18.8,0,102.70347595214844,128.15573120117188,118.43611145019531,201.4854278564453,201.9197540283203,199.5592498779297,0.4522417187690735,0.4738464653491974,0.515194296836853,46.44679641723633,60.726139068603516,61.017608642578125,-44.83483124,-55.73894501,-59.79984283,6.615683078765869,20.21354103088379,3.4865195751190186,0.965294361114502,0.9178740382194519,0.9800423979759216,5.151469707489014,5.0077033042907715,4.069599628448486
18.85,0,102.70347595214844,128.15573120117188,118.43611145019531,201.4854278564453,201.9197540283203,199.5592498779297,0.4522417187690735,0.4738464653491974,0.515194296836853,46.44679641723633,60.726139068603516,61.017608642578125,-44.83483124,-55.73894501,-59.79984283,6.615683078765869,20.21354103088379,3.4865195751190186,0.965294361114502,0.9178740382194519,0.9800423979759216,5.151469707489014,5.0077033042907715,4.069599628448486
18.9,0,102.70347595214844,128.15573120117188,118.43611145019531,201.4854278564453,201.9197540283203,199.5592498779297,0.4522417187690735,0.4738464653491974,0.515194296836853,46.44679641723633,60.726139068603516,61.017608642578125,-44.83483124,-55.73894501,-59.79984283,6.615683078765869,20.21354103088379,3.4865195751190186,0.965294361114502,0.9178740382194519,0.9800423979759216,5.151469707489014,5.0077033042907715,4.069599628448486
18.95,0,102.70347595214844,128.15573120117188,118.43611145019531,201.4854278564453,201.9197540283203,199.5592498779297,0.4522417187690735,0.4738464653491974,0.515194296836853,46.44679641723633,60.726139068603516,61.017608642578125,-44.83483124,-55.73894501,-59.79984283,6.615683078765869,20.21354103088379,3.4865195751190186,0.965294361114502,0.9178740382194519,0.9800423979759216,5.151469707489014,5.0077033042907715,4.069599628448486
19,0,102.74878692626953,128.17506408691406,118.42935180664062,201.5606689453125,201.9329833984375,199.57476806640625,0.45402792096138,0.4751347005367279,0.5137441158294678,46.65081787109375,60.900421142578125,60.842384338378906,-45.0518837,-56.1536026,-59.59667969,6.601163864135742,19.663177490234375,3.1290249824523926,0.9657254815101624,0.9220560789108276,0.9795256853103638,5.119840621948242,4.978416919708252,4.058375358581543
19.05,0,102.74878692626953,128.17506408691406,118.42935180664062,201.5606689453125,201.9329833984375,199.57476806640625,0.45402792096138,0.4751347005367279,0.5137441158294678,46.65081787109375,60.900421142578125,60.842384338378906,-45.0518837,-56.1536026,-59.59667969,6.601163864135742,19.663177490234375,3.1290249824523926,0.9657254815101624,0.9220560789108276,0.9795256853103638,5.119840621948242,4.978416919708252,4.058375358581543
19.1,0,102.74878692626953,128.17506408691406,118.42935180664062,201.5606689453125,201.9329833984375,199.57476806640625,0.45402792096138,0.4751347005367279,0.5137441158294678,46.65081787109375,60.900421142578125,60.842384338378906,-45.0518837,-56.1536026,-59.59667969,6.601163864135742,19.663177490234375,3.1290249824523926,0.9657254815101624,0.9220560789108276,0.9795256853103638,5.119840621948242,4.978416919708252,4.058375358581543
19.15,0,102.74878692626953,128.17506408691406,118.42935180664062,201.5606689453125,201.9329833984375,199.57476806640625,0.45402792096138,0.4751347005367279,0.5137441158294678,46.65081787109375,60.900421142578125,60.842384338378906,-45.0518837,-56.1536026,-59.59667969,6.601163864135742,19.663177490234375,3.1290249824523926,0.9657254815101624,0.9220560789108276,0.9795256853103638,5.119840621948242,4.978416919708252,4.058375358581543
19.2,0,102.7020492553711,128.14456176757812,118.4360122680664,201.49148559570312,201.8931427001953,199.55484008789062,0.4488416612148285,0.46458786725997925,0.5065280199050903,46.09695816040039,59.53440856933594,59.99115753173828,-44.58596802,-55.15851593,-58.74613953,5.435329437255859,18.210346221923828,2.258451461791992,0.9672214984893799,0.9264981150627136,0.9792466163635254,5.139345169067383,5.013950824737549,4.077084064483643
19.25,0,102.7020492553711,128.14456176757812,118.4360122680664,201.49148559570312,201.8931427001953,199.55484008789062,0.4488416612148285,0.46458786725997925,0.5065280199050903,46.09695816040039,59.53440856933594,59.99115753173828,-44.58596802,-55.15851593,-58.74613953,5.435329437255859,18.210346221923828,2.258451461791992,0.9672214984893799,0.9264981150627136,0.9792466163635254,5.139345169067383,5.013950824737549,4.077084064483643
19.3,0,102.7020492553711,128.14456176757812,118.4360122680664,201.49148559570312,201.8931427001953,199.55484008789062,0.4488416612148285,0.46458786725997925,0.5065280199050903,46.09695816040039,59.53440856933594,59.99115753173828,-44.58596802,-55.15851593,-58.74613953,5.435329437255859,18.210346221923828,2.258451461791992,0.9672214984893799,0.9264981150627136,0.9792466163635254,5.139345169067383,5.013950824737549,4.077084064483643
19.35,0,102.7020492553711,128.14456176757812,118.4360122680664,201.49148559570312,201.8931427001953,199.55484008789062,0.4488416612148285,0.46458786725997925,0.5065280199050903,46.09695816040039,59.53440856933594,59.99115753173828,-44.58596802,-55.15851593,-58.74613953,5.435329437255859,18.210346221923828,2.258451461791992,0.9672214984893799,0.9264981150627136,0.9792466163635254,5.139345169067383,5.013950824737549,4.077084064483643
19.4,0,102.73704528808594,128.11972045898438,118.41146850585938,201.46971130371094,201.8855743408203,199.56639099121094,0.451727032661438,0.4702739417552948,0.5111657977104187,46.40909957885742,60.251365661621094,60.52789306640625,-44.77618027,-55.42229462,-59.27082825,6.502312183380127,19.65235137939453,3.4233498573303223,0.9648146629333496,0.9198512434959412,0.9792316555976868,5.147313117980957,5.011468887329102,4.067330360412598
19.45,0,102.73704528808594,128.11972045898438,118.41146850585938,201.46971130371094,201.8855743408203,199.56639099121094,0.451727032661438,0.4702739417552948,0.5111657977104187,46.40909957885742,60.251365661621094,60.52789306640625,-44.77618027,-55.42229462,-59.27082825,6.502312183380127,19.65235137939453,3.4233498573303223,0.9648146629333496,0.9198512434959412,0.9792316555976868,5.147313117980957,5.011468887329102,4.067330360412598
19.5,0,102.73704528808594,128.11972045898438,118.41146850585938,201.46971130371094,201.8855743408203,199.56639099121094,0.451727032661438,0.4702739417552948,0.5111657977104187,46.40909957885742,60.251365661621094,60.52789306640625,-44.77618027,-55.42229462,-59.27082825,6.502312183380127,19.65235137939453,3.4233498573303223,0.9648146629333496,0.9198512434959412,0.9792316555976868,5.147313117980957,5.011468887329102,4.067330360412598
19.55,0,102.73704528808594,128.11972045898438,118.41146850585938,201.46971130371094,201.8855743408203,199.56639099121094,0.451727032661438,0.4702739417552948,0.5111657977104187,46.40909957885742,60.251365661621094,60.52789306640625,-44.77618027,-55.42229462,-59.27082825,6.502312183380127,19.65235137939453,3.4233498573303223,0.9648146629333496,0.9198512434959412,0.9792316555976868,5.147313117980957,5.011468887329102,4.067330360412598
19.6,0,102.73465728759766,128.11141967773438,118.4393310546875,201.4920196533203,201.8773193359375,199.5792999267578,0.45392075181007385,0.4719693064689636,0.5105574727058411,46.633392333984375,60.464656829833984,60.47008514404297,-44.98642349,-55.89230728,-59.176548,6.023811340332031,18.70926856994629,2.54219651222229,0.9646826386451721,0.924379825592041,0.9786086678504944,5.110703945159912,4.987330913543701,4.082598686218262
19.65,0,102.73465728759766,128.11141967773438,118.4393310546875,201.4920196533203,201.8773193359375,199.5792999267578,0.45392075181007385,0.4719693064689636,0.5105574727058411,46.633392333984375,60.464656829833984,60.47008514404297,-44.98642349,-55.89230728,-59.176548,6.023811340332031,18.70926856994629,2.54219651222229,0.9646826386451721,0.924379825592041,0.9786086678504944,5.110703945159912,4.987330913543701,4.082598686218262
19.7,0,102.73465728759766,128.11141967773438,118.4393310546875,201.4920196533203,201.8773193359375,199.5792999267578,0.45392075181007385,0.4719693064689636,0.5105574727058411,46.633392333984375,60.464656829833984,60.47008514404297,-44.98642349,-55.89230728,-59.176548,6.023811340332031,18.70926856994629,2.54219651222229,0.9646826386451721,0.924379825592041,0.9786086678504944,5.110703945159912,4.987330913543701,4.082598686218262
19.75,0,102.73465728759766,128.11141967773438,118.4393310546875,201.4920196533203,201.8773193359375,199.5792999267578,0.45392075181007385,0.4719693064689636,0.5105574727058411,46.633392333984375,60.464656829833984,60.47008514404297,-44.98642349,-55.89230728,-59.176548,6.023811340332031,18.70926856994629,2.54219651222229,0.9646826386451721,0.924379825592041,0.9786086678504944,5.110703945159912,4.987330913543701,4.082598686218262
19.8,0,102.69587707519531,128.1240234,118.43331146240234,201.45677185058594,201.8685302734375,199.5606231689453,0.4514170289039612,0.46667274832725525,0.5105717182159424,46.35866928100586,59.791988372802734,60.46870040893555,-44.84442139,-55.24617386,-59.23127365,5.632138729095459,18.707462310791016,2.7047619819641113,0.9673362374305725,0.9239728450775146,0.9795360565185547,5.185122966766357,5.0065083503723145,4.111152648925781
19.85,0,102.69587707519531,128.1240234,118.43331146240234,201.45677185058594,201.8685302734375,199.5606231689453,0.4514170289039612,0.46667274832725525,0.5105717182159424,46.35866928100586,59.791988372802734,60.46870040893555,-44.84442139,-55.24617386,-59.23127365,5.632138729095459,18.707462310791016,2.7047619819641113,0.9673362374305725,0.9239728450775146,0.9795360565185547,5.185122966766357,5.0065083503723145,4.111152648925781
19.9,0,102.69587707519531,128.1240234,118.43331146240234,201.45677185058594,201.8685302734375,199.5606231689453,0.4514170289039612,0.46667274832725525,0.5105717182159424,46.35866928100586,59.791988372802734,60.46870040893555,-44.84442139,-55.24617386,-59.23127365,5.632138729095459,18.707462310791016,2.7047619819641113,0.9673362374305725,0.9239728450775146,0.9795360565185547,5.185122966766357,5.0065083503723145,4.111152648925781
19.95,0,102.69587707519531,128.1240234,118.43331146240234,201.45677185058594,201.8685302734375,199.5606231689453,0.4514170289039612,0.46667274832725525,0.5105717182159424,46.35866928100586,59.791988372802734,60.46870040893555,-44.84442139,-55.24617386,-59.23127365,5.632138729095459,18.707462310791016,2.7047619819641113,0.9673362374305725,0.9239728450775146,0.9795360565185547,5.185122966766357,5.0065083503723145,4.111152648925781
