t+,class,V_L1,V_L2,V_L3,V_L12,V_L23,V_L31,A_L1,A_L2,A_L3,VA_L1,VA_L2,VA_L3,W_L1,W_L2,W_L3,Q_L1,Q_L2,Q_L3,PF_L1,PF_L2,PF_L3,THD_L1,THD_L2,THD_L3
0,0,99.74824524,125.8760376,115.5486679,197.4059906,197.0601959,194.2940979,0.134446979,0.10595984,0.134888053,13.41085052,13.33780479,15.58613491,10.60542297,10.18490791,13.21895599,7.489286423,7.21268034,7.507670879,0.790809155,0.763612032,0.848122776,6.190319538,5.730951786,4.845170498
0.05,0,99.74824524,125.8760376,115.5486679,197.4059906,197.0601959,194.2940979,0.134446979,0.10595984,0.134888053,13.41085052,13.33780479,15.58613491,10.60542297,10.18490791,13.21895599,7.489286423,7.21268034,7.507670879,0.790809155,0.763612032,0.848122776,6.190319538,5.730951786,4.845170498
0.1,0,99.77365112,125.8303375,115.6047211,197.3555603,197.0202179,194.4253082,0.134445548,0.106490687,0.135174811,13.41412354,13.39975929,15.62684631,10.60566235,10.1911974,13.21977425,7.487289429,7.22039175,7.540688515,0.790634036,0.760550797,0.845965564,6.118220329,5.820192814,4.825802326
0.15,0,99.77365112,125.8303375,115.6047211,197.3555603,197.0202179,194.4253082,0.134445548,0.106490687,0.135174811,13.41412354,13.39975929,15.62684631,10.60566235,10.1911974,13.21977425,7.487289429,7.22039175,7.540688515,0.790634036,0.760550797,0.845965564,6.118220329,5.820192814,4.825802326
0.2,0,99.77365112,125.8303375,115.6047211,197.3555603,197.0202179,194.4253082,0.134445548,0.106490687,0.135174811,13.41412354,13.39975929,15.62684631,10.60566235,10.1911974,13.21977425,7.487289429,7.22039175,7.540688515,0.790634036,0.760550797,0.845965564,6.118220329,5.820192814,4.825802326
0.25,0,99.77365112,125.8303375,115.6047211,197.3555603,197.0202179,194.4253082,0.134445548,0.106490687,0.135174811,13.41412354,13.39975929,15.62684631,10.60566235,10.1911974,13.21977425,7.487289429,7.22039175,7.540688515,0.790634036,0.760550797,0.845965564,6.118220329,5.820192814,4.825802326
0.3,0,99.81318665,125.8931427,115.6137848,197.4537659,197.1064301,194.4394531,0.136069641,0.107866541,0.135522559,13.58154488,13.57965755,15.66827583,10.68550014,10.18046284,13.20055866,7.630219936,7.452439785,7.624959946,0.786766171,0.749684811,0.842502296,6.227694988,5.88069725,4.924449444
0.35,0,99.81318665,125.8931427,115.6137848,197.4537659,197.1064301,194.4394531,0.136069641,0.107866541,0.135522559,13.58154488,13.57965755,15.66827583,10.68550014,10.18046284,13.20055866,7.630219936,7.452439785,7.624959946,0.786766171,0.749684811,0.842502296,6.227694988,5.88069725,4.924449444
0.4,0,99.81318665,125.8931427,115.6137848,197.4537659,197.1064301,194.4394531,0.136069641,0.107866541,0.135522559,13.58154488,13.57965755,15.66827583,10.68550014,10.18046284,13.20055866,7.630219936,7.452439785,7.624959946,0.786766171,0.749684811,0.842502296,6.227694988,5.88069725,4.924449444
0.45,0,99.81318665,125.8931427,115.6137848,197.4537659,197.1064301,194.4394531,0.136069641,0.107866541,0.135522559,13.58154488,13.57965755,15.66827583,10.68550014,10.18046284,13.20055866,7.630219936,7.452439785,7.624959946,0.786766171,0.749684811,0.842502296,6.227694988,5.88069725,4.924449444
0.5,0,99.82138824,125.9006195,115.6366806,197.4704437,197.1386414,194.4634705,0.136260286,0.107085615,0.134777367,13.60169125,13.48214531,15.58520699,10.73556995,10.09187031,13.19451141,7.608142853,7.446392536,7.474504471,0.789281964,0.748535931,0.846604824,6.231040001,5.857346058,4.910386086
0.55,0,99.82138824,125.9006195,115.6366806,197.4704437,197.1386414,194.4634705,0.136260286,0.107085615,0.134777367,13.60169125,13.48214531,15.58520699,10.73556995,10.09187031,13.19451141,7.608142853,7.446392536,7.474504471,0.789281964,0.748535931,0.846604824,6.231040001,5.857346058,4.910386086
0.6,0,99.82138824,125.9006195,115.6366806,197.4704437,197.1386414,194.4634705,0.136260286,0.107085615,0.134777367,13.60169125,13.48214531,15.58520699,10.73556995,10.09187031,13.19451141,7.608142853,7.446392536,7.474504471,0.789281964,0.748535931,0.846604824,6.231040001,5.857346058,4.910386086
0.65,0,99.82138824,125.9006195,115.6366806,197.4704437,197.1386414,194.4634705,0.136260286,0.107085615,0.134777367,13.60169125,13.48214531,15.58520699,10.73556995,10.09187031,13.19451141,7.608142853,7.446392536,7.474504471,0.789281964,0.748535931,0.846604824,6.231040001,5.857346058,4.910386086
0.7,0,99.79580688,125.8720169,115.5864029,197.4207764,197.0536499,194.4110565,0.135967866,0.107491262,0.135851905,13.56902313,13.53014183,15.7026329,10.65720177,10.1682272,13.2412529,7.677154064,7.421926498,7.6673913,0.785406709,0.751524091,0.843250513,6.159733295,5.829536915,4.834662914
0.75,0,99.79580688,125.8720169,115.5864029,197.4207764,197.0536499,194.4110565,0.135967866,0.107491262,0.135851905,13.56902313,13.53014183,15.7026329,10.65720177,10.1682272,13.2412529,7.677154064,7.421926498,7.6673913,0.785406709,0.751524091,0.843250513,6.159733295,5.829536915,4.834662914
0.8,0,99.79580688,125.8720169,115.5864029,197.4207764,197.0536499,194.4110565,0.135967866,0.107491262,0.135851905,13.56902313,13.53014183,15.7026329,10.65720177,10.1682272,13.2412529,7.677154064,7.421926498,7.6673913,0.785406709,0.751524091,0.843250513,6.159733295,5.829536915,4.834662914
0.85,0,99.79580688,125.8720169,115.5864029,197.4207764,197.0536499,194.4110565,0.135967866,0.107491262,0.135851905,13.56902313,13.53014183,15.7026329,10.65720177,10.1682272,13.2412529,7.677154064,7.421926498,7.6673913,0.785406709,0.751524091,0.843250513,6.159733295,5.829536915,4.834662914
0.9,0,99.81548309,125.8829803,115.6021881,197.4427185,197.0796356,194.4409485,0.137231886,0.107250676,0.135639265,13.69786739,13.50103474,15.68019581,10.77217197,10.0682106,13.25734329,7.721613407,7.504878998,7.539928436,0.786412358,0.745736241,0.845483303,6.188827515,5.871963501,4.91416502
0.95,0,99.81548309,125.8829803,115.6021881,197.4427185,197.0796356,194.4409485,0.137231886,0.107250676,0.135639265,13.69786739,13.50103474,15.68019581,10.77217197,10.0682106,13.25734329,7.721613407,7.504878998,7.539928436,0.786412358,0.745736241,0.845483303,6.188827515,5.871963501,4.91416502
1,0,99.81548309,125.8829803,115.6021881,197.4427185,197.0796356,194.4409485,0.137231886,0.107250676,0.135639265,13.69786739,13.50103474,15.68019581,10.77217197,10.0682106,13.25734329,7.721613407,7.504878998,7.539928436,0.786412358,0.745736241,0.845483303,6.188827515,5.871963501,4.91416502
1.05,0,99.81548309,125.8829803,115.6021881,197.4427185,197.0796356,194.4409485,0.137231886,0.107250676,0.135639265,13.69786739,13.50103474,15.68019581,10.77217197,10.0682106,13.25734329,7.721613407,7.504878998,7.539928436,0.786412358,0.745736241,0.845483303,6.188827515,5.871963501,4.91416502
1.1,0,99.84939575,125.822403,115.6363297,197.4056396,197.0206451,194.5387573,0.135571599,0.106926195,0.134702191,13.53674221,13.45371056,15.57646656,10.70986652,10.15125084,13.1819706,7.564599991,7.406155586,7.541396141,0.79117018,0.754531682,0.846274793,6.177411079,5.85454464,4.928823471
1.15,0,99.84939575,125.822403,115.6363297,197.4056396,197.0206451,194.5387573,0.135571599,0.106926195,0.134702191,13.53674221,13.45371056,15.57646656,10.70986652,10.15125084,13.1819706,7.564599991,7.406155586,7.541396141,0.79117018,0.754531682,0.846274793,6.177411079,5.85454464,4.928823471
1.2,0,99.84939575,125.822403,115.6363297,197.4056396,197.0206451,194.5387573,0.135571599,0.106926195,0.134702191,13.53674221,13.45371056,15.57646656,10.70986652,10.15125084,13.1819706,7.564599991,7.406155586,7.541396141,0.79117018,0.754531682,0.846274793,6.177411079,5.85454464,4.928823471
1.25,0,99.84939575,125.822403,115.6363297,197.4056396,197.0206451,194.5387573,0.135571599,0.106926195,0.134702191,13.53674221,13.45371056,15.57646656,10.70986652,10.15125084,13.1819706,7.564599991,7.406155586,7.541396141,0.79117018,0.754531682,0.846274793,6.177411079,5.85454464,4.928823471
1.3,0,99.86180878,125.9006348,115.6443329,197.5037842,197.1038208,194.5320435,0.13440381,0.106453866,0.134209797,13.42180729,13.40260887,15.52060223,10.66612911,10.19409275,13.17090225,7.449974537,7.27243185,7.47922039,0.794686496,0.760605097,0.848607659,6.277494907,5.94786644,4.976398468
1.35,0,99.86180878,125.9006348,115.6443329,197.5037842,197.1038208,194.5320435,0.13440381,0.106453866,0.134209797,13.42180729,13.40260887,15.52060223,10.66612911,10.19409275,13.17090225,7.449974537,7.27243185,7.47922039,0.794686496,0.760605097,0.848607659,6.277494907,5.94786644,4.976398468
1.4,0,99.86180878,125.9006348,115.6443329,197.5037842,197.1038208,194.5320435,0.13440381,0.106453866,0.134209797,13.42180729,13.40260887,15.52060223,10.66612911,10.19409275,13.17090225,7.449974537,7.27243185,7.47922039,0.794686496,0.760605097,0.848607659,6.277494907,5.94786644,4.976398468
1.45,0,99.86180878,125.9006348,115.6443329,197.5037842,197.1038208,194.5320435,0.13440381,0.106453866,0.134209797,13.42180729,13.40260887,15.52060223,10.66612911,10.19409275,13.17090225,7.449974537,7.27243185,7.47922039,0.794686496,0.760605097,0.848607659,6.277494907,5.94786644,4.976398468
1.5,0,99.881073,125.8999023,115.6416092,197.5113373,197.1202545,194.5379181,0.136218667,0.10726437,0.135275707,13.60566616,13.50457382,15.64350033,10.71281815,10.14339924,13.21864033,7.654407024,7.455497265,7.596382618,0.787379146,0.751108408,0.844992518,6.324733734,6.009712696,5.069272518
1.55,0,99.881073,125.8999023,115.6416092,197.5113373,197.1202545,194.5379181,0.136218667,0.10726437,0.135275707,13.60566616,13.50457382,15.64350033,10.71281815,10.14339924,13.21864033,7.654407024,7.455497265,7.596382618,0.787379146,0.751108408,0.844992518,6.324733734,6.009712696,5.069272518
1.6,0,99.881073,125.8999023,115.6416092,197.5113373,197.1202545,194.5379181,0.136218667,0.10726437,0.135275707,13.60566616,13.50457382,15.64350033,10.71281815,10.14339924,13.21864033,7.654407024,7.455497265,7.596382618,0.787379146,0.751108408,0.844992518,6.324733734,6.009712696,5.069272518
1.65,0,99.881073,125.8999023,115.6416092,197.5113373,197.1202545,194.5379181,0.136218667,0.10726437,0.135275707,13.60566616,13.50457382,15.64350033,10.71281815,10.14339924,13.21864033,7.654407024,7.455497265,7.596382618,0.787379146,0.751108408,0.844992518,6.324733734,6.009712696,5.069272518
1.7,0,99.86011505,125.8676605,115.6203995,197.4811859,197.0489655,194.5094452,0.135333598,0.107236147,0.134384468,13.51442909,13.49756336,15.53758621,10.74188232,10.21102333,13.16277885,7.478555679,7.378526688,7.480194092,0.794845462,0.756508648,0.84715724,6.20483017,5.834135532,4.955152035
1.75,0,99.86011505,125.8676605,115.6203995,197.4811859,197.0489655,194.5094452,0.135333598,0.107236147,0.134384468,13.51442909,13.49756336,15.53758621,10.74188232,10.21102333,13.16277885,7.478555679,7.378526688,7.480194092,0.794845462,0.756508648,0.84715724,6.20483017,5.834135532,4.955152035
1.8,0,99.86011505,125.8676605,115.6203995,197.4811859,197.0489655,194.5094452,0.135333598,0.107236147,0.134384468,13.51442909,13.49756336,15.53758621,10.74188232,10.21102333,13.16277885,7.478555679,7.378526688,7.480194092,0.794845462,0.756508648,0.84715724,6.20483017,5.834135532,4.955152035
1.85,0,99.86011505,125.8676605,115.6203995,197.4811859,197.0489655,194.5094452,0.135333598,0.107236147,0.134384468,13.51442909,13.49756336,15.53758621,10.74188232,10.21102333,13.16277885,7.478555679,7.378526688,7.480194092,0.794845462,0.756508648,0.84715724,6.20483017,5.834135532,4.955152035
1.9,0,99.83174133,125.9404297,115.5722961,197.5461121,197.0982361,194.4004822,0.135551408,0.106477439,0.135474861,13.53233337,13.40981483,15.65714073,10.62645912,10.0953722,13.23168182,7.652639389,7.341232777,7.575027466,0.785264373,0.752834558,0.845089257,6.24795723,5.858912468,4.926476479
1.95,0,99.83174133,125.9404297,115.5722961,197.5461121,197.0982361,194.4004822,0.135551408,0.106477439,0.135474861,13.53233337,13.40981483,15.65714073,10.62645912,10.0953722,13.23168182,7.652639389,7.341232777,7.575027466,0.785264373,0.752834558,0.845089257,6.24795723,5.858912468,4.926476479
2,0,99.83174133,125.9404297,115.5722961,197.5461121,197.0982361,194.4004822,0.135551408,0.106477439,0.135474861,13.53233337,13.40981483,15.65714073,10.62645912,10.0953722,13.23168182,7.652639389,7.341232777,7.575027466,0.785264373,0.752834558,0.845089257,6.24795723,5.858912468,4.926476479
2.05,0,99.83174133,125.9404297,115.5722961,197.5461121,197.0982361,194.4004822,0.135551408,0.106477439,0.135474861,13.53233337,13.40981483,15.65714073,10.62645912,10.0953722,13.23168182,7.652639389,7.341232777,7.575027466,0.785264373,0.752834558,0.845089257,6.24795723,5.858912468,4.926476479
2.1,0,99.87944031,125.8729858,115.6398163,197.4823303,197.0631866,194.561554,0.137292773,0.107958004,0.135503963,13.71272564,13.58899593,15.66965294,10.77615166,10.10336971,13.20607567,7.710752964,7.56288147,7.591222763,0.785850465,0.743496418,0.842780352,6.188380718,5.909096241,5.003303528
2.15,0,99.87944031,125.8729858,115.6398163,197.4823303,197.0631866,194.561554,0.137292773,0.107958004,0.135503963,13.71272564,13.58899593,15.66965294,10.77615166,10.10336971,13.20607567,7.710752964,7.56288147,7.591222763,0.785850465,0.743496418,0.842780352,6.188380718,5.909096241,5.003303528
2.2,0,99.87944031,125.8729858,115.6398163,197.4823303,197.0631866,194.561554,0.137292773,0.107958004,0.135503963,13.71272564,13.58899593,15.66965294,10.77615166,10.10336971,13.20607567,7.710752964,7.56288147,7.591222763,0.785850465,0.743496418,0.842780352,6.188380718,5.909096241,5.003303528
2.25,0,99.87944031,125.8729858,115.6398163,197.4823303,197.0631866,194.561554,0.137292773,0.107958004,0.135503963,13.71272564,13.58899593,15.66965294,10.77615166,10.10336971,13.20607567,7.710752964,7.56288147,7.591222763,0.785850465,0.743496418,0.842780352,6.188380718,5.909096241,5.003303528
2.3,0,99.87501526,125.8692322,115.6526718,197.47966,197.0766296,194.5647125,0.135932148,0.106950447,0.134825215,13.57622528,13.46177101,15.59289646,10.74414825,10.1564455,13.22096062,7.565715313,7.385097504,7.499296665,0.791394353,0.754465759,0.847883582,6.247912884,5.925147057,4.982239723
2.35,0,99.87501526,125.8692322,115.6526718,197.47966,197.0766296,194.5647125,0.135932148,0.106950447,0.134825215,13.57622528,13.46177101,15.59289646,10.74414825,10.1564455,13.22096062,7.565715313,7.385097504,7.499296665,0.791394353,0.754465759,0.847883582,6.247912884,5.925147057,4.982239723
2.4,0,99.87501526,125.8692322,115.6526718,197.47966,197.0766296,194.5647125,0.135932148,0.106950447,0.134825215,13.57622528,13.46177101,15.59289646,10.74414825,10.1564455,13.22096062,7.565715313,7.385097504,7.499296665,0.791394353,0.754465759,0.847883582,6.247912884,5.925147057,4.982239723
2.45,0,99.87501526,125.8692322,115.6526718,197.47966,197.0766296,194.5647125,0.135932148,0.106950447,0.134825215,13.57622528,13.46177101,15.59289646,10.74414825,10.1564455,13.22096062,7.565715313,7.385097504,7.499296665,0.791394353,0.754465759,0.847883582,6.247912884,5.925147057,4.982239723
2.5,0,99.84228516,125.8646545,115.6213379,197.4311523,197.067627,194.5045929,0.133763134,0.10630808,0.133283868,13.35521698,13.38043022,15.41045952,10.67144585,10.22476101,13.09417534,7.29152298,7.217477798,7.373858929,0.799046993,0.764157891,0.849694014,6.284908772,5.971290588,4.971291065
2.55,0,99.84228516,125.8646545,115.6213379,197.4311523,197.067627,194.5045929,0.133763134,0.10630808,0.133283868,13.35521698,13.38043022,15.41045952,10.67144585,10.22476101,13.09417534,7.29152298,7.217477798,7.373858929,0.799046993,0.764157891,0.849694014,6.284908772,5.971290588,4.971291065
2.6,0,99.84228516,125.8646545,115.6213379,197.4311523,197.067627,194.5045929,0.133763134,0.10630808,0.133283868,13.35521698,13.38043022,15.41045952,10.67144585,10.22476101,13.09417534,7.29152298,7.217477798,7.373858929,0.799046993,0.764157891,0.849694014,6.284908772,5.971290588,4.971291065
2.65,0,99.84228516,125.8646545,115.6213379,197.4311523,197.067627,194.5045929,0.133763134,0.10630808,0.133283868,13.35521698,13.38043022,15.41045952,10.67144585,10.22476101,13.09417534,7.29152298,7.217477798,7.373858929,0.799046993,0.764157891,0.849694014,6.284908772,5.971290588,4.971291065
2.7,0,99.80984497,125.8255997,115.5922928,197.3594818,197.0260468,194.4487,0.135476813,0.108228713,0.133734822,13.52191925,13.61794281,15.45871449,10.7724123,10.27856445,13.06948185,7.431499004,7.502895355,7.514218807,0.796662986,0.754781008,0.845444262,6.237466812,5.875071526,4.949388981
2.75,0,99.80984497,125.8255997,115.5922928,197.3594818,197.0260468,194.4487,0.135476813,0.108228713,0.133734822,13.52191925,13.61794281,15.45871449,10.7724123,10.27856445,13.06948185,7.431499004,7.502895355,7.514218807,0.796662986,0.754781008,0.845444262,6.237466812,5.875071526,4.949388981
2.8,0,99.80984497,125.8255997,115.5922928,197.3594818,197.0260468,194.4487,0.135476813,0.108228713,0.133734822,13.52191925,13.61794281,15.45871449,10.7724123,10.27856445,13.06948185,7.431499004,7.502895355,7.514218807,0.796662986,0.754781008,0.845444262,6.237466812,5.875071526,4.949388981
2.85,0,99.80984497,125.8255997,115.5922928,197.3594818,197.0260468,194.4487,0.135476813,0.108228713,0.133734822,13.52191925,13.61794281,15.45871449,10.7724123,10.27856445,13.06948185,7.431499004,7.502895355,7.514218807,0.796662986,0.754781008,0.845444262,6.237466812,5.875071526,4.949388981
2.9,0,99.78140259,125.8655853,115.5852356,197.3901825,197.0678101,194.3944397,0.135280818,0.106181972,0.133456454,13.49850941,13.36465645,15.42559528,10.75492287,10.11230373,13.15624523,7.44370079,7.346546173,7.33496666,0.796748936,0.756645262,0.852884114,6.280273914,5.872961044,4.87479496
2.95,0,99.78140259,125.8655853,115.5852356,197.3901825,197.0678101,194.3944397,0.135280818,0.106181972,0.133456454,13.49850941,13.36465645,15.42559528,10.75492287,10.11230373,13.15624523,7.44370079,7.346546173,7.33496666,0.796748936,0.756645262,0.852884114,6.280273914,5.872961044,4.87479496
3,0,99.78140259,125.8655853,115.5852356,197.3901825,197.0678101,194.3944397,0.135280818,0.106181972,0.133456454,13.49850941,13.36465645,15.42559528,10.75492287,10.11230373,13.15624523,7.44370079,7.346546173,7.33496666,0.796748936,0.756645262,0.852884114,6.280273914,5.872961044,4.87479496
3.05,0,99.78140259,125.8655853,115.5852356,197.3901825,197.0678101,194.3944397,0.135280818,0.106181972,0.133456454,13.49850941,13.36465645,15.42559528,10.75492287,10.11230373,13.15624523,7.44370079,7.346546173,7.33496666,0.796748936,0.756645262,0.852884114,6.280273914,5.872961044,4.87479496
3.1,0,99.81092834,125.8140717,115.5912247,197.3437347,196.9904785,194.4709778,0.134515345,0.105632469,0.133493081,13.42610168,13.29005146,15.43062878,10.71556759,10.12135601,13.16874123,7.378899097,7.225000381,7.32215786,0.798114598,0.761573851,0.853415728,6.16615057,5.880898476,4.917262077
3.15,0,99.81092834,125.8140717,115.5912247,197.3437347,196.9904785,194.4709778,0.134515345,0.105632469,0.133493081,13.42610168,13.29005146,15.43062878,10.71556759,10.12135601,13.16874123,7.378899097,7.225000381,7.32215786,0.798114598,0.761573851,0.853415728,6.16615057,5.880898476,4.917262077
3.2,0,99.81092834,125.8140717,115.5912247,197.3437347,196.9904785,194.4709778,0.134515345,0.105632469,0.133493081,13.42610168,13.29005146,15.43062878,10.71556759,10.12135601,13.16874123,7.378899097,7.225000381,7.32215786,0.798114598,0.761573851,0.853415728,6.16615057,5.880898476,4.917262077
3.25,0,99.81092834,125.8140717,115.5912247,197.3437347,196.9904785,194.4709778,0.134515345,0.105632469,0.133493081,13.42610168,13.29005146,15.43062878,10.71556759,10.12135601,13.16874123,7.378899097,7.225000381,7.32215786,0.798114598,0.761573851,0.853415728,6.16615057,5.880898476,4.917262077
3.3,0,99.81626892,125.8073502,115.6386948,197.3270721,197.0388184,194.5219574,0.134891421,0.106189504,0.133826479,13.46435833,13.35941982,15.47551918,10.75569344,10.16413307,13.19604206,7.392179966,7.270589828,7.347147465,0.798827052,0.760821462,0.852704346,6.171756744,5.853528023,4.920387745
3.35,0,99.81626892,125.8073502,115.6386948,197.3270721,197.0388184,194.5219574,0.134891421,0.106189504,0.133826479,13.46435833,13.35941982,15.47551918,10.75569344,10.16413307,13.19604206,7.392179966,7.270589828,7.347147465,0.798827052,0.760821462,0.852704346,6.171756744,5.853528023,4.920387745
3.4,0,99.81626892,125.8073502,115.6386948,197.3270721,197.0388184,194.5219574,0.134891421,0.106189504,0.133826479,13.46435833,13.35941982,15.47551918,10.75569344,10.16413307,13.19604206,7.392179966,7.270589828,7.347147465,0.798827052,0.760821462,0.852704346,6.171756744,5.853528023,4.920387745
3.45,0,99.81626892,125.8073502,115.6386948,197.3270721,197.0388184,194.5219574,0.134891421,0.106189504,0.133826479,13.46435833,13.35941982,15.47551918,10.75569344,10.16413307,13.19604206,7.392179966,7.270589828,7.347147465,0.798827052,0.760821462,0.852704346,6.171756744,5.853528023,4.920387745
3.5,0,99.81053925,125.8303146,115.6228867,197.3727264,197.0442657,194.4799194,0.135910898,0.107913584,0.13365005,13.56534004,13.5788002,15.45300484,10.74723148,10.18890476,13.06641197,7.518136978,7.544667244,7.540844917,0.792256713,0.750353813,0.845557988,6.231312752,5.869542599,4.90112114
3.55,0,99.81053925,125.8303146,115.6228867,197.3727264,197.0442657,194.4799194,0.135910898,0.107913584,0.13365005,13.56534004,13.5788002,15.45300484,10.74723148,10.18890476,13.06641197,7.518136978,7.544667244,7.540844917,0.792256713,0.750353813,0.845557988,6.231312752,5.869542599,4.90112114
3.6,0,99.81053925,125.8303146,115.6228867,197.3727264,197.0442657,194.4799194,0.135910898,0.107913584,0.13365005,13.56534004,13.5788002,15.45300484,10.74723148,10.18890476,13.06641197,7.518136978,7.544667244,7.540844917,0.792256713,0.750353813,0.845557988,6.231312752,5.869542599,4.90112114
3.65,0,99.81053925,125.8303146,115.6228867,197.3727264,197.0442657,194.4799194,0.135910898,0.107913584,0.13365005,13.56534004,13.5788002,15.45300484,10.74723148,10.18890476,13.06641197,7.518136978,7.544667244,7.540844917,0.792256713,0.750353813,0.845557988,6.231312752,5.869542599,4.90112114
3.7,0,99.76695251,125.8010025,115.5901718,197.2937927,197.0020447,194.4159393,0.135649741,0.107224435,0.133326963,13.53336143,13.48894119,15.41128635,10.78245354,10.14817047,13.09201145,7.437092304,7.450847149,7.386571407,0.796731353,0.752332628,0.849508047,6.177942753,5.861980438,4.906152248
3.75,0,99.76695251,125.8010025,115.5901718,197.2937927,197.0020447,194.4159393,0.135649741,0.107224435,0.133326963,13.53336143,13.48894119,15.41128635,10.78245354,10.14817047,13.09201145,7.437092304,7.450847149,7.386571407,0.796731353,0.752332628,0.849508047,6.177942753,5.861980438,4.906152248
3.8,0,99.76695251,125.8010025,115.5901718,197.2937927,197.0020447,194.4159393,0.135649741,0.107224435,0.133326963,13.53336143,13.48894119,15.41128635,10.78245354,10.14817047,13.09201145,7.437092304,7.450847149,7.386571407,0.796731353,0.752332628,0.849508047,6.177942753,5.861980438,4.906152248
3.85,0,99.76695251,125.8010025,115.5901718,197.2937927,197.0020447,194.4159393,0.135649741,0.107224435,0.133326963,13.53336143,13.48894119,15.41128635,10.78245354,10.14817047,13.09201145,7.437092304,7.450847149,7.386571407,0.796731353,0.752332628,0.849508047,6.177942753,5.861980438,4.906152248
3.9,0,99.79656982,125.8451614,115.5795517,197.3980255,197.0246124,194.4033966,0.135248229,0.107153535,0.134420156,13.49730968,13.48475361,15.5362215,10.70451927,10.20517349,13.16165733,7.484471798,7.360381126,7.497365475,0.793085396,0.756793499,0.847159505,6.27180481,5.876592636,4.98355341
3.95,0,99.79656982,125.8451614,115.5795517,197.3980255,197.0246124,194.4033966,0.135248229,0.107153535,0.134420156,13.49730968,13.48475361,15.5362215,10.70451927,10.20517349,13.16165733,7.484471798,7.360381126,7.497365475,0.793085396,0.756793499,0.847159505,6.27180481,5.876592636,4.98355341
4,0,99.79656982,125.8451614,115.5795517,197.3980255,197.0246124,194.4033966,0.135248229,0.107153535,0.134420156,13.49730968,13.48475361,15.5362215,10.70451927,10.20517349,13.16165733,7.484471798,7.360381126,7.497365475,0.793085396,0.756793499,0.847159505,6.27180481,5.876592636,4.98355341
4.05,0,99.79656982,125.8451614,115.5795517,197.3980255,197.0246124,194.4033966,0.135248229,0.107153535,0.134420156,13.49730968,13.48475361,15.5362215,10.70451927,10.20517349,13.16165733,7.484471798,7.360381126,7.497365475,0.793085396,0.756793499,0.847159505,6.27180481,5.876592636,4.98355341
4.1,0,99.82620239,125.8189087,115.6116638,197.3909454,196.9905243,194.4927368,0.133849502,0.105983622,0.133859113,13.36168766,13.3347435,15.47567463,10.65930271,10.22567558,13.14938736,7.372823238,7.219470501,7.448331833,0.797751248,0.766844571,0.84968102,6.26736784,5.90175581,4.976187229
4.15,0,99.82620239,125.8189087,115.6116638,197.3909454,196.9905243,194.4927368,0.133849502,0.105983622,0.133859113,13.36168766,13.3347435,15.47567463,10.65930271,10.22567558,13.14938736,7.372823238,7.219470501,7.448331833,0.797751248,0.766844571,0.84968102,6.26736784,5.90175581,4.976187229
4.2,0,99.82620239,125.8189087,115.6116638,197.3909454,196.9905243,194.4927368,0.133849502,0.105983622,0.133859113,13.36168766,13.3347435,15.47567463,10.65930271,10.22567558,13.14938736,7.372823238,7.219470501,7.448331833,0.797751248,0.766844571,0.84968102,6.26736784,5.90175581,4.976187229
4.25,0,99.82620239,125.8189087,115.6116638,197.3909454,196.9905243,194.4927368,0.133849502,0.105983622,0.133859113,13.36168766,13.3347435,15.47567463,10.65930271,10.22567558,13.14938736,7.372823238,7.219470501,7.448331833,0.797751248,0.766844571,0.84968102,6.26736784,5.90175581,4.976187229
4.3,0,99.83750153,125.8554001,115.6266861,197.4198608,197.0539398,194.5102692,0.132250652,0.105123669,0.133509517,13.20357418,13.23038101,15.43726254,10.61140728,10.31016827,13.16189766,7.21726656,7.041822433,7.400310993,0.803676903,0.779279768,0.8526057,6.299098492,5.974386692,5.035380363
4.35,0,99.83750153,125.8554001,115.6266861,197.4198608,197.0539398,194.5102692,0.132250652,0.105123669,0.133509517,13.20357418,13.23038101,15.43726254,10.61140728,10.31016827,13.16189766,7.21726656,7.041822433,7.400310993,0.803676903,0.779279768,0.8526057,6.299098492,5.974386692,5.035380363
4.4,0,99.83750153,125.8554001,115.6266861,197.4198608,197.0539398,194.5102692,0.132250652,0.105123669,0.133509517,13.20357418,13.23038101,15.43726254,10.61140728,10.31016827,13.16189766,7.21726656,7.041822433,7.400310993,0.803676903,0.779279768,0.8526057,6.299098492,5.974386692,5.035380363
4.45,0,99.83750153,125.8554001,115.6266861,197.4198608,197.0539398,194.5102692,0.132250652,0.105123669,0.133509517,13.20357418,13.23038101,15.43726254,10.61140728,10.31016827,13.16189766,7.21726656,7.041822433,7.400310993,0.803676903,0.779279768,0.8526057,6.299098492,5.974386692,5.035380363
4.5,0,99.8336792,125.8579407,115.6474609,197.4126129,197.1021576,194.5135345,0.131608769,0.104930483,0.132518977,13.13898754,13.20633411,15.32548332,10.59568882,10.29753494,13.09360027,7.098153591,6.986075878,7.292170525,0.806431174,0.779742122,0.854367852,6.34561348,5.97574091,5.049564362
4.55,0,99.8336792,125.8579407,115.6474609,197.4126129,197.1021576,194.5135345,0.131608769,0.104930483,0.132518977,13.13898754,13.20633411,15.32548332,10.59568882,10.29753494,13.09360027,7.098153591,6.986075878,7.292170525,0.806431174,0.779742122,0.854367852,6.34561348,5.97574091,5.049564362
4.6,0,99.8336792,125.8579407,115.6474609,197.4126129,197.1021576,194.5135345,0.131608769,0.104930483,0.132518977,13.13898754,13.20633411,15.32548332,10.59568882,10.29753494,13.09360027,7.098153591,6.986075878,7.292170525,0.806431174,0.779742122,0.854367852,6.34561348,5.97574091,5.049564362
4.65,0,99.8336792,125.8579407,115.6474609,197.4126129,197.1021576,194.5135345,0.131608769,0.104930483,0.132518977,13.13898754,13.20633411,15.32548332,10.59568882,10.29753494,13.09360027,7.098153591,6.986075878,7.292170525,0.806431174,0.779742122,0.854367852,6.34561348,5.97574091,5.049564362
4.7,0,99.7957077,125.8337708,115.6051331,197.3586426,197.03302,194.45401,0.132723302,0.104838826,0.134877279,13.24521542,13.19226456,15.59250546,10.53275013,10.22595501,13.26102352,7.380652905,7.005094528,7.50038147,0.795211673,0.775147796,0.850474179,6.192948341,5.877975941,4.893314838
4.75,0,99.7957077,125.8337708,115.6051331,197.3586426,197.03302,194.45401,0.132723302,0.104838826,0.134877279,13.24521542,13.19226456,15.59250546,10.53275013,10.22595501,13.26102352,7.380652905,7.005094528,7.50038147,0.795211673,0.775147796,0.850474179,6.192948341,5.877975941,4.893314838
4.8,0,99.7957077,125.8337708,115.6051331,197.3586426,197.03302,194.45401,0.132723302,0.104838826,0.134877279,13.24521542,13.19226456,15.59250546,10.53275013,10.22595501,13.26102352,7.380652905,7.005094528,7.50038147,0.795211673,0.775147796,0.850474179,6.192948341,5.877975941,4.893314838
4.85,0,99.7957077,125.8337708,115.6051331,197.3586426,197.03302,194.45401,0.132723302,0.104838826,0.134877279,13.24521542,13.19226456,15.59250546,10.53275013,10.22595501,13.26102352,7.380652905,7.005094528,7.50038147,0.795211673,0.775147796,0.850474179,6.192948341,5.877975941,4.893314838
4.9,0,99.76589203,125.842598,115.5617676,197.3431244,197.0302734,194.3672485,0.134227842,0.105828539,0.134424761,13.39136028,13.31773853,15.53436279,10.65717793,10.18704891,13.21034813,7.435064316,7.214891911,7.445913315,0.795824885,0.764923334,0.850395262,6.147978783,5.838750839,4.884581089
4.95,0,99.76589203,125.842598,115.5617676,197.3431244,197.0302734,194.3672485,0.134227842,0.105828539,0.134424761,13.39136028,13.31773853,15.53436279,10.65717793,10.18704891,13.21034813,7.435064316,7.214891911,7.445913315,0.795824885,0.764923334,0.850395262,6.147978783,5.838750839,4.884581089
5,0,99.76589203,125.842598,115.5617676,197.3431244,197.0302734,194.3672485,0.134227842,0.105828539,0.134424761,13.39136028,13.31773853,15.53436279,10.65717793,10.18704891,13.21034813,7.435064316,7.214891911,7.445913315,0.795824885,0.764923334,0.850395262,6.147978783,5.838750839,4.884581089
5.05,0,99.76589203,125.842598,115.5617676,197.3431244,197.0302734,194.3672485,0.134227842,0.105828539,0.134424761,13.39136028,13.31773853,15.53436279,10.65717793,10.18704891,13.21034813,7.435064316,7.214891911,7.445913315,0.795824885,0.764923334,0.850395262,6.147978783,5.838750839,4.884581089
5.1,0,99.79548645,125.7772446,115.6034698,197.2928314,196.9724884,194.47229,0.134445995,0.105548777,0.134241477,13.41710377,13.27563477,15.51878071,10.70268917,10.1508255,13.2264061,7.406677723,7.196617603,7.371453762,0.797689974,0.764620721,0.852283835,6.121758938,5.853849411,4.907410145
5.15,0,99.79548645,125.7772446,115.6034698,197.2928314,196.9724884,194.47229,0.134445995,0.105548777,0.134241477,13.41710377,13.27563477,15.51878071,10.70268917,10.1508255,13.2264061,7.406677723,7.196617603,7.371453762,0.797689974,0.764620721,0.852283835,6.121758938,5.853849411,4.907410145
5.2,0,99.79548645,125.7772446,115.6034698,197.2928314,196.9724884,194.47229,0.134445995,0.105548777,0.134241477,13.41710377,13.27563477,15.51878071,10.70268917,10.1508255,13.2264061,7.406677723,7.196617603,7.371453762,0.797689974,0.764620721,0.852283835,6.121758938,5.853849411,4.907410145
5.25,0,99.79548645,125.7772446,115.6034698,197.2928314,196.9724884,194.47229,0.134445995,0.105548777,0.134241477,13.41710377,13.27563477,15.51878071,10.70268917,10.1508255,13.2264061,7.406677723,7.196617603,7.371453762,0.797689974,0.764620721,0.852283835,6.121758938,5.853849411,4.907410145
5.3,0,99.81078339,125.8408966,115.6172028,197.3834076,197.0388489,194.4795532,0.134369567,0.106275126,0.133793637,13.41153145,13.37375736,15.46884632,10.69568634,10.17244148,13.14840984,7.409253597,7.284801483,7.413189888,0.797499239,0.760627031,0.849992931,6.213824272,5.892772198,4.92472887
5.35,0,99.81078339,125.8408966,115.6172028,197.3834076,197.0388489,194.4795532,0.134369567,0.106275126,0.133793637,13.41153145,13.37375736,15.46884632,10.69568634,10.17244148,13.14840984,7.409253597,7.284801483,7.413189888,0.797499239,0.760627031,0.849992931,6.213824272,5.892772198,4.92472887
5.4,0,99.81078339,125.8408966,115.6172028,197.3834076,197.0388489,194.4795532,0.134369567,0.106275126,0.133793637,13.41153145,13.37375736,15.46884632,10.69568634,10.17244148,13.14840984,7.409253597,7.284801483,7.413189888,0.797499239,0.760627031,0.849992931,6.213824272,5.892772198,4.92472887
5.45,0,99.81078339,125.8408966,115.6172028,197.3834076,197.0388489,194.4795532,0.134369567,0.106275126,0.133793637,13.41153145,13.37375736,15.46884632,10.69568634,10.17244148,13.14840984,7.409253597,7.284801483,7.413189888,0.797499239,0.760627031,0.849992931,6.213824272,5.892772198,4.92472887
5.5,0,99.81333923,125.8384552,115.6237259,197.3784943,197.0595245,194.4781952,0.134588063,0.105794184,0.133789316,13.43368435,13.31297684,15.46921921,10.69472313,10.13967228,13.19328499,7.419276714,7.234063625,7.371021271,0.796112418,0.761638224,0.852873385,6.238221169,5.904521942,4.98512888
5.55,0,99.81333923,125.8384552,115.6237259,197.3784943,197.0595245,194.4781952,0.134588063,0.105794184,0.133789316,13.43368435,13.31297684,15.46921921,10.69472313,10.13967228,13.19328499,7.419276714,7.234063625,7.371021271,0.796112418,0.761638224,0.852873385,6.238221169,5.904521942,4.98512888
5.6,0,99.81333923,125.8384552,115.6237259,197.3784943,197.0595245,194.4781952,0.134588063,0.105794184,0.133789316,13.43368435,13.31297684,15.46921921,10.69472313,10.13967228,13.19328499,7.419276714,7.234063625,7.371021271,0.796112418,0.761638224,0.852873385,6.238221169,5.904521942,4.98512888
5.65,0,99.81333923,125.8384552,115.6237259,197.3784943,197.0595245,194.4781952,0.134588063,0.105794184,0.133789316,13.43368435,13.31297684,15.46921921,10.69472313,10.13967228,13.19328499,7.419276714,7.234063625,7.371021271,0.796112418,0.761638224,0.852873385,6.238221169,5.904521942,4.98512888
5.7,0,99.78689575,125.8247223,115.5946198,197.3396912,197.0242462,194.4327545,0.135483533,0.106427394,0.133722618,13.51948166,13.3911972,15.4576149,10.77617359,10.12350559,13.17300224,7.475509167,7.379285812,7.37311554,0.797084808,0.755982101,0.852201462,6.171648026,5.872066498,4.916460991
5.75,0,99.78689575,125.8247223,115.5946198,197.3396912,197.0242462,194.4327545,0.135483533,0.106427394,0.133722618,13.51948166,13.3911972,15.4576149,10.77617359,10.12350559,13.17300224,7.475509167,7.379285812,7.37311554,0.797084808,0.755982101,0.852201462,6.171648026,5.872066498,4.916460991
5.8,0,99.78689575,125.8247223,115.5946198,197.3396912,197.0242462,194.4327545,0.135483533,0.106427394,0.133722618,13.51948166,13.3911972,15.4576149,10.77617359,10.12350559,13.17300224,7.475509167,7.379285812,7.37311554,0.797084808,0.755982101,0.852201462,6.171648026,5.872066498,4.916460991
5.85,0,99.78689575,125.8247223,115.5946198,197.3396912,197.0242462,194.4327545,0.135483533,0.106427394,0.133722618,13.51948166,13.3911972,15.4576149,10.77617359,10.12350559,13.17300224,7.475509167,7.379285812,7.37311554,0.797084808,0.755982101,0.852201462,6.171648026,5.872066498,4.916460991
5.9,0,99.79651642,125.8181229,115.5922165,197.352951,197.0133514,194.4309235,0.133728817,0.106923856,0.133605778,13.34566975,13.45295906,15.44378757,10.6694994,10.33670425,13.09193993,7.298241615,7.269845009,7.493895531,0.799472749,0.768359184,0.847715616,6.265668392,5.927627087,5.015568256
5.95,0,99.79651642,125.8181229,115.5922165,197.352951,197.0133514,194.4309235,0.133728817,0.106923856,0.133605778,13.34566975,13.45295906,15.44378757,10.6694994,10.33670425,13.09193993,7.298241615,7.269845009,7.493895531,0.799472749,0.768359184,0.847715616,6.265668392,5.927627087,5.015568256
6,0,99.79651642,125.8181229,115.5922165,197.352951,197.0133514,194.4309235,0.133728817,0.106923856,0.133605778,13.34566975,13.45295906,15.44378757,10.6694994,10.33670425,13.09193993,7.298241615,7.269845009,7.493895531,0.799472749,0.768359184,0.847715616,6.265668392,5.927627087,5.015568256
6.05,0,99.79651642,125.8181229,115.5922165,197.352951,197.0133514,194.4309235,0.133728817,0.106923856,0.133605778,13.34566975,13.45295906,15.44378757,10.6694994,10.33670425,13.09193993,7.298241615,7.269845009,7.493895531,0.799472749,0.768359184,0.847715616,6.265668392,5.927627087,5.015568256
6.1,0,99.77829742,125.7722244,115.6038132,197.2747498,196.9675446,194.4577637,0.134074911,0.105329223,0.133034632,13.37776661,13.24749088,15.37931061,10.71124935,10.12813568,13.14857388,7.304228306,7.177348614,7.263451099,0.800675452,0.764532387,0.854952097,6.203263283,5.918375015,4.969247341
6.15,0,99.77829742,125.7722244,115.6038132,197.2747498,196.9675446,194.4577637,0.134074911,0.105329223,0.133034632,13.37776661,13.24749088,15.37931061,10.71124935,10.12813568,13.14857388,7.304228306,7.177348614,7.263451099,0.800675452,0.764532387,0.854952097,6.203263283,5.918375015,4.969247341
6.2,0,99.77829742,125.7722244,115.6038132,197.2747498,196.9675446,194.4577637,0.134074911,0.105329223,0.133034632,13.37776661,13.24749088,15.37931061,10.71124935,10.12813568,13.14857388,7.304228306,7.177348614,7.263451099,0.800675452,0.764532387,0.854952097,6.203263283,5.918375015,4.969247341
6.25,0,99.77829742,125.7722244,115.6038132,197.2747498,196.9675446,194.4577637,0.134074911,0.105329223,0.133034632,13.37776661,13.24749088,15.37931061,10.71124935,10.12813568,13.14857388,7.304228306,7.177348614,7.263451099,0.800675452,0.764532387,0.854952097,6.203263283,5.918375015,4.969247341
6.3,0,99.78743744,125.8275681,115.6151581,197.336441,197.0392609,194.4585419,0.135716155,0.106874779,0.13349387,13.54276752,13.44779396,15.43391514,10.78151226,10.11804104,13.13473797,7.45031786,7.402273178,7.35912466,0.796108484,0.75239414,0.851030827,6.250136375,5.95153141,4.983401775
6.35,0,99.78743744,125.8275681,115.6151581,197.336441,197.0392609,194.4585419,0.135716155,0.106874779,0.13349387,13.54276752,13.44779396,15.43391514,10.78151226,10.11804104,13.13473797,7.45031786,7.402273178,7.35912466,0.796108484,0.75239414,0.851030827,6.250136375,5.95153141,4.983401775
6.4,0,99.78743744,125.8275681,115.6151581,197.336441,197.0392609,194.4585419,0.135716155,0.106874779,0.13349387,13.54276752,13.44779396,15.43391514,10.78151226,10.11804104,13.13473797,7.45031786,7.402273178,7.35912466,0.796108484,0.75239414,0.851030827,6.250136375,5.95153141,4.983401775
6.45,0,99.78743744,125.8275681,115.6151581,197.336441,197.0392609,194.4585419,0.135716155,0.106874779,0.13349387,13.54276752,13.44779396,15.43391514,10.78151226,10.11804104,13.13473797,7.45031786,7.402273178,7.35912466,0.796108484,0.75239414,0.851030827,6.250136375,5.95153141,4.983401775
6.5,0,99.80145264,125.8171692,115.6222687,197.3399658,197.0424347,194.4724579,0.13423039,0.106435001,0.134270981,13.39638805,13.39135075,15.52471542,10.68368435,10.25175381,13.18031406,7.398600578,7.263503551,7.482076645,0.797504842,0.765550375,0.848989069,6.277525425,5.960645199,5.011802197
6.55,0,99.80145264,125.8171692,115.6222687,197.3399658,197.0424347,194.4724579,0.13423039,0.106435001,0.134270981,13.39638805,13.39135075,15.52471542,10.68368435,10.25175381,13.18031406,7.398600578,7.263503551,7.482076645,0.797504842,0.765550375,0.848989069,6.277525425,5.960645199,5.011802197
6.6,0,99.80145264,125.8171692,115.6222687,197.3399658,197.0424347,194.4724579,0.13423039,0.106435001,0.134270981,13.39638805,13.39135075,15.52471542,10.68368435,10.25175381,13.18031406,7.398600578,7.263503551,7.482076645,0.797504842,0.765550375,0.848989069,6.277525425,5.960645199,5.011802197
6.65,0,99.80145264,125.8171692,115.6222687,197.3399658,197.0424347,194.4724579,0.13423039,0.106435001,0.134270981,13.39638805,13.39135075,15.52471542,10.68368435,10.25175381,13.18031406,7.398600578,7.263503551,7.482076645,0.797504842,0.765550375,0.848989069,6.277525425,5.960645199,5.011802197
6.7,0,99.78748322,125.8080063,115.6066742,197.3275452,197.0115204,194.4504242,0.133541986,0.106209315,0.134379804,13.32581902,13.36198235,15.53520203,10.57733822,10.22898102,13.14332867,7.389414787,7.185916901,7.520327568,0.793747723,0.765528679,0.846035242,6.212816715,5.891983986,4.897564888
6.75,0,99.78748322,125.8080063,115.6066742,197.3275452,197.0115204,194.4504242,0.133541986,0.106209315,0.134379804,13.32581902,13.36198235,15.53520203,10.57733822,10.22898102,13.14332867,7.389414787,7.185916901,7.520327568,0.793747723,0.765528679,0.846035242,6.212816715,5.891983986,4.897564888
6.8,0,99.78748322,125.8080063,115.6066742,197.3275452,197.0115204,194.4504242,0.133541986,0.106209315,0.134379804,13.32581902,13.36198235,15.53520203,10.57733822,10.22898102,13.14332867,7.389414787,7.185916901,7.520327568,0.793747723,0.765528679,0.846035242,6.212816715,5.891983986,4.897564888
6.85,0,99.78748322,125.8080063,115.6066742,197.3275452,197.0115204,194.4504242,0.133541986,0.106209315,0.134379804,13.32581902,13.36198235,15.53520203,10.57733822,10.22898102,13.14332867,7.389414787,7.185916901,7.520327568,0.793747723,0.765528679,0.846035242,6.212816715,5.891983986,4.897564888
6.9,0,99.76490784,125.8336029,115.5840149,197.3391876,197.0272675,194.3911438,0.136570528,0.107062824,0.136439472,13.62494659,13.47210121,15.77022171,10.69341469,10.12790489,13.3165226,7.704463959,7.381369591,7.612034321,0.784840822,0.751768768,0.844409347,6.199159622,5.902709961,4.904820919
6.95,0,99.76490784,125.8336029,115.5840149,197.3391876,197.0272675,194.3911438,0.136570528,0.107062824,0.136439472,13.62494659,13.47210121,15.77022171,10.69341469,10.12790489,13.3165226,7.704463959,7.381369591,7.612034321,0.784840822,0.751768768,0.844409347,6.199159622,5.902709961,4.904820919
7,0,99.76490784,125.8336029,115.5840149,197.3391876,197.0272675,194.3911438,0.136570528,0.107062824,0.136439472,13.62494659,13.47210121,15.77022171,10.69341469,10.12790489,13.3165226,7.704463959,7.381369591,7.612034321,0.784840822,0.751768768,0.844409347,6.199159622,5.902709961,4.904820919
7.05,0,99.76490784,125.8336029,115.5840149,197.3391876,197.0272675,194.3911438,0.136570528,0.107062824,0.136439472,13.62494659,13.47210121,15.77022171,10.69341469,10.12790489,13.3165226,7.704463959,7.381369591,7.612034321,0.784840822,0.751768768,0.844409347,6.199159622,5.902709961,4.904820919
7.1,0,99.77920532,125.7602768,115.5891953,197.254715,196.95784,194.4440613,0.135742962,0.106612705,0.136527121,13.54432487,13.40764332,15.78106022,10.61081505,10.10430241,13.30367565,7.667962074,7.283852577,7.623968124,0.783414125,0.753622532,0.843015313,6.126204014,5.873551369,4.894747734
7.15,0,99.77920532,125.7602768,115.5891953,197.254715,196.95784,194.4440613,0.135742962,0.106612705,0.136527121,13.54432487,13.40764332,15.78106022,10.61081505,10.10430241,13.30367565,7.667962074,7.283852577,7.623968124,0.783414125,0.753622532,0.843015313,6.126204014,5.873551369,4.894747734
7.2,0,99.77920532,125.7602768,115.5891953,197.254715,196.95784,194.4440613,0.135742962,0.106612705,0.136527121,13.54432487,13.40764332,15.78106022,10.61081505,10.10430241,13.30367565,7.667962074,7.283852577,7.623968124,0.783414125,0.753622532,0.843015313,6.126204014,5.873551369,4.894747734
7.25,0,99.77920532,125.7602768,115.5891953,197.254715,196.95784,194.4440613,0.135742962,0.106612705,0.136527121,13.54432487,13.40764332,15.78106022,10.61081505,10.10430241,13.30367565,7.667962074,7.283852577,7.623968124,0.783414125,0.753622532,0.843015313,6.126204014,5.873551369,4.894747734
7.3,0,99.77458954,125.8004913,115.6280594,197.293457,197.0275726,194.4690552,0.13675195,0.108615018,0.135393485,13.64437008,13.66382313,15.65528584,10.75780487,10.19838905,13.1361742,7.642077446,7.609583378,7.654979706,0.788442791,0.746378899,0.839088738,6.171849728,5.868134499,4.869464874
7.35,0,99.77458954,125.8004913,115.6280594,197.293457,197.0275726,194.4690552,0.13675195,0.108615018,0.135393485,13.64437008,13.66382313,15.65528584,10.75780487,10.19838905,13.1361742,7.642077446,7.609583378,7.654979706,0.788442791,0.746378899,0.839088738,6.171849728,5.868134499,4.869464874
7.4,0,99.77458954,125.8004913,115.6280594,197.293457,197.0275726,194.4690552,0.13675195,0.108615018,0.135393485,13.64437008,13.66382313,15.65528584,10.75780487,10.19838905,13.1361742,7.642077446,7.609583378,7.654979706,0.788442791,0.746378899,0.839088738,6.171849728,5.868134499,4.869464874
7.45,0,99.77458954,125.8004913,115.6280594,197.293457,197.0275726,194.4690552,0.13675195,0.108615018,0.135393485,13.64437008,13.66382313,15.65528584,10.75780487,10.19838905,13.1361742,7.642077446,7.609583378,7.654979706,0.788442791,0.746378899,0.839088738,6.171849728,5.868134499,4.869464874
7.5,0,99.77143097,125.8585434,115.6035995,197.359375,197.0749054,194.414917,0.136380926,0.106992401,0.136709169,13.60692024,13.46590805,15.80407238,10.64264488,10.11642361,13.30661964,7.745103836,7.389742374,7.677858353,0.782149434,0.75126189,0.84197408,6.178538322,5.868593216,4.860776424
7.55,0,99.77143097,125.8585434,115.6035995,197.359375,197.0749054,194.414917,0.136380926,0.106992401,0.136709169,13.60692024,13.46590805,15.80407238,10.64264488,10.11642361,13.30661964,7.745103836,7.389742374,7.677858353,0.782149434,0.75126189,0.84197408,6.178538322,5.868593216,4.860776424
7.6,0,99.77143097,125.8585434,115.6035995,197.359375,197.0749054,194.414917,0.136380926,0.106992401,0.136709169,13.60692024,13.46590805,15.80407238,10.64264488,10.11642361,13.30661964,7.745103836,7.389742374,7.677858353,0.782149434,0.75126189,0.84197408,6.178538322,5.868593216,4.860776424
7.65,0,99.77143097,125.8585434,115.6035995,197.359375,197.0749054,194.414917,0.136380926,0.106992401,0.136709169,13.60692024,13.46590805,15.80407238,10.64264488,10.11642361,13.30661964,7.745103836,7.389742374,7.677858353,0.782149434,0.75126189,0.84197408,6.178538322,5.868593216,4.860776424
7.7,0,99.76399994,125.8129807,115.5873413,197.3119354,197.0281219,194.3919067,0.135556623,0.107025169,0.136832461,13.52367115,13.4651556,15.81610012,10.56381512,10.17792034,13.28703976,7.712191105,7.330229759,7.760271549,0.781135142,0.755870998,0.840095818,6.174219608,5.83152771,4.874902725
7.75,0,99.76399994,125.8129807,115.5873413,197.3119354,197.0281219,194.3919067,0.135556623,0.107025169,0.136832461,13.52367115,13.4651556,15.81610012,10.56381512,10.17792034,13.28703976,7.712191105,7.330229759,7.760271549,0.781135142,0.755870998,0.840095818,6.174219608,5.83152771,4.874902725
7.8,0,99.76399994,125.8129807,115.5873413,197.3119354,197.0281219,194.3919067,0.135556623,0.107025169,0.136832461,13.52367115,13.4651556,15.81610012,10.56381512,10.17792034,13.28703976,7.712191105,7.330229759,7.760271549,0.781135142,0.755870998,0.840095818,6.174219608,5.83152771,4.874902725
7.85,0,99.76399994,125.8129807,115.5873413,197.3119354,197.0281219,194.3919067,0.135556623,0.107025169,0.136832461,13.52367115,13.4651556,15.81610012,10.56381512,10.17792034,13.28703976,7.712191105,7.330229759,7.760271549,0.781135142,0.755870998,0.840095818,6.174219608,5.83152771,4.874902725
7.9,0,99.73973846,125.8419037,115.5396729,197.3514099,197.0007324,194.309082,0.136076897,0.106845938,0.136245251,13.57227421,13.44569588,15.74173164,10.67401505,10.16189766,13.31477261,7.651202679,7.320746422,7.584339619,0.78645736,0.755773306,0.845826447,6.221806526,5.844093323,4.887579918
7.95,0,99.73973846,125.8419037,115.5396729,197.3514099,197.0007324,194.309082,0.136076897,0.106845938,0.136245251,13.57227421,13.44569588,15.74173164,10.67401505,10.16189766,13.31477261,7.651202679,7.320746422,7.584339619,0.78645736,0.755773306,0.845826447,6.221806526,5.844093323,4.887579918
8,0,99.73973846,125.8419037,115.5396729,197.3514099,197.0007324,194.309082,0.136076897,0.106845938,0.136245251,13.57227421,13.44569588,15.74173164,10.67401505,10.16189766,13.31477261,7.651202679,7.320746422,7.584339619,0.78645736,0.755773306,0.845826447,6.221806526,5.844093323,4.887579918
8.05,0,99.73973846,125.8419037,115.5396729,197.3514099,197.0007324,194.309082,0.136076897,0.106845938,0.136245251,13.57227421,13.44569588,15.74173164,10.67401505,10.16189766,13.31477261,7.651202679,7.320746422,7.584339619,0.78645736,0.755773306,0.845826447,6.221806526,5.844093323,4.887579918
8.1,0,99.78826904,125.8155594,115.5974808,197.325882,197.008255,194.4485779,0.134762049,0.106408134,0.135181725,13.44767189,13.38779926,15.62666702,10.64171696,10.17400932,13.23108006,7.533003807,7.277628899,7.55045414,0.791342676,0.759946346,0.846698761,6.127082348,5.894860744,4.912835598
8.15,0,99.78826904,125.8155594,115.5974808,197.325882,197.008255,194.4485779,0.134762049,0.106408134,0.135181725,13.44767189,13.38779926,15.62666702,10.64171696,10.17400932,13.23108006,7.533003807,7.277628899,7.55045414,0.791342676,0.759946346,0.846698761,6.127082348,5.894860744,4.912835598
8.2,0,99.78826904,125.8155594,115.5974808,197.325882,197.008255,194.4485779,0.134762049,0.106408134,0.135181725,13.44767189,13.38779926,15.62666702,10.64171696,10.17400932,13.23108006,7.533003807,7.277628899,7.55045414,0.791342676,0.759946346,0.846698761,6.127082348,5.894860744,4.912835598
8.25,0,99.78826904,125.8155594,115.5974808,197.325882,197.008255,194.4485779,0.134762049,0.106408134,0.135181725,13.44767189,13.38779926,15.62666702,10.64171696,10.17400932,13.23108006,7.533003807,7.277628899,7.55045414,0.791342676,0.759946346,0.846698761,6.127082348,5.894860744,4.912835598
8.3,0,99.82774353,125.840538,115.6224289,197.3894653,197.0557709,194.4954681,0.133461013,0.105909914,0.134477213,13.32311153,13.3277607,15.54858208,10.57477856,10.2154665,13.19164944,7.410176754,7.14756155,7.516614914,0.793716908,0.766480327,0.848414958,6.250007629,5.942054749,4.992235661
8.35,0,99.82774353,125.840538,115.6224289,197.3894653,197.0557709,194.4954681,0.133461013,0.105909914,0.134477213,13.32311153,13.3277607,15.54858208,10.57477856,10.2154665,13.19164944,7.410176754,7.14756155,7.516614914,0.793716908,0.766480327,0.848414958,6.250007629,5.942054749,4.992235661
8.4,0,99.82774353,125.840538,115.6224289,197.3894653,197.0557709,194.4954681,0.133461013,0.105909914,0.134477213,13.32311153,13.3277607,15.54858208,10.57477856,10.2154665,13.19164944,7.410176754,7.14756155,7.516614914,0.793716908,0.766480327,0.848414958,6.250007629,5.942054749,4.992235661
8.45,0,99.82774353,125.840538,115.6224289,197.3894653,197.0557709,194.4954681,0.133461013,0.105909914,0.134477213,13.32311153,13.3277607,15.54858208,10.57477856,10.2154665,13.19164944,7.410176754,7.14756155,7.516614914,0.793716908,0.766480327,0.848414958,6.250007629,5.942054749,4.992235661
8.5,0,99.83452606,125.8969498,115.6458282,197.4488068,197.1329346,194.5150146,0.133366778,0.106098138,0.133450165,13.31460953,13.35743237,15.43295479,10.65461063,10.24861717,13.11880112,7.306976318,7.212219715,7.414735317,0.800219536,0.767259538,0.850051165,6.286385059,5.953299522,4.919344902
8.55,0,99.83452606,125.8969498,115.6458282,197.4488068,197.1329346,194.5150146,0.133366778,0.106098138,0.133450165,13.31460953,13.35743237,15.43295479,10.65461063,10.24861717,13.11880112,7.306976318,7.212219715,7.414735317,0.800219536,0.767259538,0.850051165,6.286385059,5.953299522,4.919344902
8.6,0,99.83452606,125.8969498,115.6458282,197.4488068,197.1329346,194.5150146,0.133366778,0.106098138,0.133450165,13.31460953,13.35743237,15.43295479,10.65461063,10.24861717,13.11880112,7.306976318,7.212219715,7.414735317,0.800219536,0.767259538,0.850051165,6.286385059,5.953299522,4.919344902
8.65,0,99.83452606,125.8969498,115.6458282,197.4488068,197.1329346,194.5150146,0.133366778,0.106098138,0.133450165,13.31460953,13.35743237,15.43295479,10.65461063,10.24861717,13.11880112,7.306976318,7.212219715,7.414735317,0.800219536,0.767259538,0.850051165,6.286385059,5.953299522,4.919344902
8.7,0,99.80002594,125.8367615,115.5937653,197.3572998,197.0380096,194.444458,0.133855447,0.105872087,0.134419203,13.35877705,13.32260036,15.53802204,10.64842796,10.24995899,13.22198009,7.394843102,7.177022934,7.481509686,0.797110975,0.769366264,0.850943565,6.103936195,5.848936558,4.843673706
8.75,0,99.80002594,125.8367615,115.5937653,197.3572998,197.0380096,194.444458,0.133855447,0.105872087,0.134419203,13.35877705,13.32260036,15.53802204,10.64842796,10.24995899,13.22198009,7.394843102,7.177022934,7.481509686,0.797110975,0.769366264,0.850943565,6.103936195,5.848936558,4.843673706
8.8,0,99.80002594,125.8367615,115.5937653,197.3572998,197.0380096,194.444458,0.133855447,0.105872087,0.134419203,13.35877705,13.32260036,15.53802204,10.64842796,10.24995899,13.22198009,7.394843102,7.177022934,7.481509686,0.797110975,0.769366264,0.850943565,6.103936195,5.848936558,4.843673706
8.85,0,99.80002594,125.8367615,115.5937653,197.3572998,197.0380096,194.444458,0.133855447,0.105872087,0.134419203,13.35877705,13.32260036,15.53802204,10.64842796,10.24995899,13.22198009,7.394843102,7.177022934,7.481509686,0.797110975,0.769366264,0.850943565,6.103936195,5.848936558,4.843673706
8.9,0,99.77222443,125.8424988,115.5754089,197.3552704,197.0367584,194.3853455,0.133735925,0.106019586,0.133564323,13.34313107,13.34176922,15.43675137,10.66901588,10.25356102,13.15223885,7.323190212,7.204585075,7.409132957,0.799588621,0.768530846,0.852008224,6.120223522,5.796597004,4.861828804
8.95,0,99.77222443,125.8424988,115.5754089,197.3552704,197.0367584,194.3853455,0.133735925,0.106019586,0.133564323,13.34313107,13.34176922,15.43675137,10.66901588,10.25356102,13.15223885,7.323190212,7.204585075,7.409132957,0.799588621,0.768530846,0.852008224,6.120223522,5.796597004,4.861828804
9,0,99.77222443,125.8424988,115.5754089,197.3552704,197.0367584,194.3853455,0.133735925,0.106019586,0.133564323,13.34313107,13.34176922,15.43675137,10.66901588,10.25356102,13.15223885,7.323190212,7.204585075,7.409132957,0.799588621,0.768530846,0.852008224,6.120223522,5.796597004,4.861828804
9.05,0,99.77222443,125.8424988,115.5754089,197.3552704,197.0367584,194.3853455,0.133735925,0.106019586,0.133564323,13.34313107,13.34176922,15.43675137,10.66901588,10.25356102,13.15223885,7.323190212,7.204585075,7.409132957,0.799588621,0.768530846,0.852008224,6.120223522,5.796597004,4.861828804
9.1,0,99.80677032,125.822464,115.6151199,197.3543549,197.0133514,194.4889221,0.133308783,0.106184572,0.133145243,13.30511951,13.36040401,15.39360332,10.65177345,10.26077938,13.08359814,7.271251678,7.215257168,7.415978432,0.800577044,0.767999172,0.84993732,6.143921852,5.87808466,4.87355566
9.15,0,99.80677032,125.822464,115.6151199,197.3543549,197.0133514,194.4889221,0.133308783,0.106184572,0.133145243,13.30511951,13.36040401,15.39360332,10.65177345,10.26077938,13.08359814,7.271251678,7.215257168,7.415978432,0.800577044,0.767999172,0.84993732,6.143921852,5.87808466,4.87355566
9.2,0,99.80677032,125.822464,115.6151199,197.3543549,197.0133514,194.4889221,0.133308783,0.106184572,0.133145243,13.30511951,13.36040401,15.39360332,10.65177345,10.26077938,13.08359814,7.271251678,7.215257168,7.415978432,0.800577044,0.767999172,0.84993732,6.143921852,5.87808466,4.87355566
9.25,0,99.80677032,125.822464,115.6151199,197.3543549,197.0133514,194.4889221,0.133308783,0.106184572,0.133145243,13.30511951,13.36040401,15.39360332,10.65177345,10.26077938,13.08359814,7.271251678,7.215257168,7.415978432,0.800577044,0.767999172,0.84993732,6.143921852,5.87808466,4.87355566
9.3,0,99.85663605,125.8810349,115.6289291,197.4657135,197.0804901,194.5228882,0.135015324,0.106328987,0.135095358,13.48217583,13.38480282,15.62093163,10.65872002,10.17014122,13.24022484,7.544023514,7.280641079,7.533722878,0.790578604,0.759827495,0.847595096,6.189358711,5.890991688,4.928254604
9.35,0,99.85663605,125.8810349,115.6289291,197.4657135,197.0804901,194.5228882,0.135015324,0.106328987,0.135095358,13.48217583,13.38480282,15.62093163,10.65872002,10.17014122,13.24022484,7.544023514,7.280641079,7.533722878,0.790578604,0.759827495,0.847595096,6.189358711,5.890991688,4.928254604
9.4,0,99.85663605,125.8810349,115.6289291,197.4657135,197.0804901,194.5228882,0.135015324,0.106328987,0.135095358,13.48217583,13.38480282,15.62093163,10.65872002,10.17014122,13.24022484,7.544023514,7.280641079,7.533722878,0.790578604,0.759827495,0.847595096,6.189358711,5.890991688,4.928254604
9.45,0,99.85663605,125.8810349,115.6289291,197.4657135,197.0804901,194.5228882,0.135015324,0.106328987,0.135095358,13.48217583,13.38480282,15.62093163,10.65872002,10.17014122,13.24022484,7.544023514,7.280641079,7.533722878,0.790578604,0.759827495,0.847595096,6.189358711,5.890991688,4.928254604
9.5,0,99.83045959,125.8453369,115.6297989,197.4002991,197.0690308,194.5005341,0.136226803,0.107932754,0.134353086,13.59958458,13.58283424,15.53522015,10.75052834,10.16210365,13.12925243,7.548459053,7.493472099,7.518400669,0.790504158,0.748157799,0.845128179,6.216244221,5.857171535,4.942540646
9.55,0,99.83045959,125.8453369,115.6297989,197.4002991,197.0690308,194.5005341,0.136226803,0.107932754,0.134353086,13.59958458,13.58283424,15.53522015,10.75052834,10.16210365,13.12925243,7.548459053,7.493472099,7.518400669,0.790504158,0.748157799,0.845128179,6.216244221,5.857171535,4.942540646
9.6,0,99.83045959,125.8453369,115.6297989,197.4002991,197.0690308,194.5005341,0.136226803,0.107932754,0.134353086,13.59958458,13.58283424,15.53522015,10.75052834,10.16210365,13.12925243,7.548459053,7.493472099,7.518400669,0.790504158,0.748157799,0.845128179,6.216244221,5.857171535,4.942540646
9.65,0,99.83045959,125.8453369,115.6297989,197.4002991,197.0690308,194.5005341,0.136226803,0.107932754,0.134353086,13.59958458,13.58283424,15.53522015,10.75052834,10.16210365,13.12925243,7.548459053,7.493472099,7.518400669,0.790504158,0.748157799,0.845128179,6.216244221,5.857171535,4.942540646
9.7,0,99.77508545,125.8408127,115.5937119,197.3551788,197.0381775,194.4151459,0.137861013,0.107931875,0.134892583,13.75509453,13.58223438,15.59273434,10.84928036,10.05668545,13.20607281,7.677393436,7.594740391,7.459464073,0.788746357,0.740429401,0.846937597,6.147367954,5.786568642,4.835888863
9.75,0,99.77508545,125.8408127,115.5937119,197.3551788,197.0381775,194.4151459,0.137861013,0.107931875,0.134892583,13.75509453,13.58223438,15.59273434,10.84928036,10.05668545,13.20607281,7.677393436,7.594740391,7.459464073,0.788746357,0.740429401,0.846937597,6.147367954,5.786568642,4.835888863
9.8,0,99.77508545,125.8408127,115.5937119,197.3551788,197.0381775,194.4151459,0.137861013,0.107931875,0.134892583,13.75509453,13.58223438,15.59273434,10.84928036,10.05668545,13.20607281,7.677393436,7.594740391,7.459464073,0.788746357,0.740429401,0.846937597,6.147367954,5.786568642,4.835888863
9.85,0,99.77508545,125.8408127,115.5937119,197.3551788,197.0381775,194.4151459,0.137861013,0.107931875,0.134892583,13.75509453,13.58223438,15.59273434,10.84928036,10.05668545,13.20607281,7.677393436,7.594740391,7.459464073,0.788746357,0.740429401,0.846937597,6.147367954,5.786568642,4.835888863
9.9,0,99.79399109,125.8791428,115.5925674,197.4125519,197.0744476,194.4172058,0.136279687,0.107438169,0.13513875,13.59989357,13.52422428,15.62103462,10.7037468,10.11003304,13.18396664,7.645015717,7.475056171,7.566179752,0.787046373,0.747549951,0.843988061,6.173127174,5.83156538,4.912029743
9.95,0,99.79399109,125.8791428,115.5925674,197.4125519,197.0744476,194.4172058,0.136279687,0.107438169,0.13513875,13.59989357,13.52422428,15.62103462,10.7037468,10.11003304,13.18396664,7.645015717,7.475056171,7.566179752,0.787046373,0.747549951,0.843988061,6.173127174,5.83156538,4.912029743
10,0,99.79399109,125.8791428,115.5925674,197.4125519,197.0744476,194.4172058,0.136279687,0.107438169,0.13513875,13.59989357,13.52422428,15.62103462,10.7037468,10.11003304,13.18396664,7.645015717,7.475056171,7.566179752,0.787046373,0.747549951,0.843988061,6.173127174,5.83156538,4.912029743
10.05,0,99.79399109,125.8791428,115.5925674,197.4125519,197.0744476,194.4172058,0.136279687,0.107438169,0.13513875,13.59989357,13.52422428,15.62103462,10.7037468,10.11003304,13.18396664,7.645015717,7.475056171,7.566179752,0.787046373,0.747549951,0.843988061,6.173127174,5.83156538,4.912029743
10.1,0,99.84300232,125.8242645,115.6271286,197.3929596,197.0217133,194.5277252,0.136079207,0.106260985,0.136298358,13.58655643,13.37021065,15.75978756,10.66838646,10.08391476,13.33664703,7.713177204,7.32333374,7.600506306,0.785216391,0.754207611,0.846245348,6.104602337,5.776460648,4.900301456
10.15,0,99.84300232,125.8242645,115.6271286,197.3929596,197.0217133,194.5277252,0.136079207,0.106260985,0.136298358,13.58655643,13.37021065,15.75978756,10.66838646,10.08391476,13.33664703,7.713177204,7.32333374,7.600506306,0.785216391,0.754207611,0.846245348,6.104602337,5.776460648,4.900301456
10.2,0,99.84300232,125.8242645,115.6271286,197.3929596,197.0217133,194.5277252,0.136079207,0.106260985,0.136298358,13.58655643,13.37021065,15.75978756,10.66838646,10.08391476,13.33664703,7.713177204,7.32333374,7.600506306,0.785216391,0.754207611,0.846245348,6.104602337,5.776460648,4.900301456
10.25,0,99.84300232,125.8242645,115.6271286,197.3929596,197.0217133,194.5277252,0.136079207,0.106260985,0.136298358,13.58655643,13.37021065,15.75978756,10.66838646,10.08391476,13.33664703,7.713177204,7.32333374,7.600506306,0.785216391,0.754207611,0.846245348,6.104602337,5.776460648,4.900301456
10.3,0,99.86446381,125.8677292,115.6591949,197.4520569,197.0825195,194.5759583,0.137112081,0.107592329,0.135345235,13.69262409,13.54240227,15.65392113,10.7607975,10.07898426,13.22538948,7.719623566,7.535799503,7.580415249,0.785882771,0.744253814,0.84486115,6.163186073,5.848409176,4.881443977
10.35,0,99.86446381,125.8677292,115.6591949,197.4520569,197.0825195,194.5759583,0.137112081,0.107592329,0.135345235,13.69262409,13.54240227,15.65392113,10.7607975,10.07898426,13.22538948,7.719623566,7.535799503,7.580415249,0.785882771,0.744253814,0.84486115,6.163186073,5.848409176,4.881443977
10.4,0,99.86446381,125.8677292,115.6591949,197.4520569,197.0825195,194.5759583,0.137112081,0.107592329,0.135345235,13.69262409,13.54240227,15.65392113,10.7607975,10.07898426,13.22538948,7.719623566,7.535799503,7.580415249,0.785882771,0.744253814,0.84486115,6.163186073,5.848409176,4.881443977
10.45,0,99.86446381,125.8677292,115.6591949,197.4520569,197.0825195,194.5759583,0.137112081,0.107592329,0.135345235,13.69262409,13.54240227,15.65392113,10.7607975,10.07898426,13.22538948,7.719623566,7.535799503,7.580415249,0.785882771,0.744253814,0.84486115,6.163186073,5.848409176,4.881443977
10.5,0,99.85775757,125.8884583,115.6357956,197.4680634,197.1029663,194.5277863,0.138429329,0.108983606,0.136518985,13.82324219,13.71977806,15.78648186,10.7559185,10.06094265,13.23738766,7.847266197,7.647323132,7.6864748,0.778103888,0.73331672,0.838526785,6.160542965,5.853663921,4.890233994
10.55,0,99.85775757,125.8884583,115.6357956,197.4680634,197.1029663,194.5277863,0.138429329,0.108983606,0.136518985,13.82324219,13.71977806,15.78648186,10.7559185,10.06094265,13.23738766,7.847266197,7.647323132,7.6864748,0.778103888,0.73331672,0.838526785,6.160542965,5.853663921,4.890233994
10.6,0,99.85775757,125.8884583,115.6357956,197.4680634,197.1029663,194.5277863,0.138429329,0.108983606,0.136518985,13.82324219,13.71977806,15.78648186,10.7559185,10.06094265,13.23738766,7.847266197,7.647323132,7.6864748,0.778103888,0.73331672,0.838526785,6.160542965,5.853663921,4.890233994
10.65,0,99.85775757,125.8884583,115.6357956,197.4680634,197.1029663,194.5277863,0.138429329,0.108983606,0.136518985,13.82324219,13.71977806,15.78648186,10.7559185,10.06094265,13.23738766,7.847266197,7.647323132,7.6864748,0.778103888,0.73331672,0.838526785,6.160542965,5.853663921,4.890233994
10.7,2,95.92816162,126.3130875,115.5217743,193.6604004,199.0317383,190.5274811,1.472456694,1.429450393,0.141121015,141.250061,180.5582886,16.30254936,47.7575798,-11.70681477,13.75540924,42.77898407,84.46461487,7.717700005,0.338106602,0.064836763,0.843758166,6.319316387,5.707336903,4.979066849
10.75,2,95.92816162,126.3130875,115.5217743,193.6604004,199.0317383,190.5274811,1.472456694,1.429450393,0.141121015,141.250061,180.5582886,16.30254936,47.7575798,-11.70681477,13.75540924,42.77898407,84.46461487,7.717700005,0.338106602,0.064836763,0.843758166,6.319316387,5.707336903,4.979066849
10.8,2,95.92816162,126.3130875,115.5217743,193.6604004,199.0317383,190.5274811,1.472456694,1.429450393,0.141121015,141.250061,180.5582886,16.30254936,47.7575798,-11.70681477,13.75540924,42.77898407,84.46461487,7.717700005,0.338106602,0.064836763,0.843758166,6.319316387,5.707336903,4.979066849
10.85,2,95.92816162,126.3130875,115.5217743,193.6604004,199.0317383,190.5274811,1.472456694,1.429450393,0.141121015,141.250061,180.5582886,16.30254936,47.7575798,-11.70681477,13.75540924,42.77898407,84.46461487,7.717700005,0.338106602,0.064836763,0.843758166,6.319316387,5.707336903,4.979066849
10.9,2,90.27375031,126.6744308,115.4248047,188.2303925,202.1453552,184.4360046,2.226356268,2.158474684,0.140040204,200.9815369,273.4235535,16.164114,100.5467758,-46.51951981,13.55628777,96.5408783,198.0189514,7.693929195,0.500278652,0.170137212,0.838665664,6.529014587,5.580763817,5.097987652
10.95,2,90.27375031,126.6744308,115.4248047,188.2303925,202.1453552,184.4360046,2.226356268,2.158474684,0.140040204,200.9815369,273.4235535,16.164114,100.5467758,-46.51951981,13.55628777,96.5408783,198.0189514,7.693929195,0.500278652,0.170137212,0.838665664,6.529014587,5.580763817,5.097987652
11,2,90.27375031,126.6744308,115.4248047,188.2303925,202.1453552,184.4360046,2.226356268,2.158474684,0.140040204,200.9815369,273.4235535,16.164114,100.5467758,-46.51951981,13.55628777,96.5408783,198.0189514,7.693929195,0.500278652,0.170137212,0.838665664,6.529014587,5.580763817,5.097987652
11.05,2,90.27375031,126.6744308,115.4248047,188.2303925,202.1453552,184.4360046,2.226356268,2.158474684,0.140040204,200.9815369,273.4235535,16.164114,100.5467758,-46.51951981,13.55628777,96.5408783,198.0189514,7.693929195,0.500278652,0.170137212,0.838665664,6.529014587,5.580763817,5.097987652
11.1,0,99.57488251,126.1507797,115.6744919,197.4185791,196.9902039,194.561142,0.129872397,0.104513332,0.135574937,12.93202877,13.18443871,15.68256187,10.40815639,10.53402805,13.21512699,7.093457222,6.767281532,7.643547058,0.804835558,0.798974335,0.842663765,6.052109718,5.792229652,4.770542622
11.15,0,99.57488251,126.1507797,115.6744919,197.4185791,196.9902039,194.561142,0.129872397,0.104513332,0.135574937,12.93202877,13.18443871,15.68256187,10.40815639,10.53402805,13.21512699,7.093457222,6.767281532,7.643547058,0.804835558,0.798974335,0.842663765,6.052109718,5.792229652,4.770542622
11.2,0,99.57488251,126.1507797,115.6744919,197.4185791,196.9902039,194.561142,0.129872397,0.104513332,0.135574937,12.93202877,13.18443871,15.68256187,10.40815639,10.53402805,13.21512699,7.093457222,6.767281532,7.643547058,0.804835558,0.798974335,0.842663765,6.052109718,5.792229652,4.770542622
11.25,0,99.57488251,126.1507797,115.6744919,197.4185791,196.9902039,194.561142,0.129872397,0.104513332,0.135574937,12.93202877,13.18443871,15.68256187,10.40815639,10.53402805,13.21512699,7.093457222,6.767281532,7.643547058,0.804835558,0.798974335,0.842663765,6.052109718,5.792229652,4.770542622
11.3,0,99.87809753,125.8842392,115.6122437,197.4922028,197.0634308,194.5298004,0.134873658,0.106893472,0.137350142,13.47092438,13.45620346,15.87935829,10.55504227,10.19832134,13.26269722,7.721325874,7.325881481,7.810609818,0.783542514,0.757889926,0.835216224,6.156677723,5.770466328,4.814412594
11.35,0,99.87809753,125.8842392,115.6122437,197.4922028,197.0634308,194.5298004,0.134873658,0.106893472,0.137350142,13.47092438,13.45620346,15.87935829,10.55504227,10.19832134,13.26269722,7.721325874,7.325881481,7.810609818,0.783542514,0.757889926,0.835216224,6.156677723,5.770466328,4.814412594
11.4,0,99.87809753,125.8842392,115.6122437,197.4922028,197.0634308,194.5298004,0.134873658,0.106893472,0.137350142,13.47092438,13.45620346,15.87935829,10.55504227,10.19832134,13.26269722,7.721325874,7.325881481,7.810609818,0.783542514,0.757889926,0.835216224,6.156677723,5.770466328,4.814412594
11.45,0,99.87809753,125.8842392,115.6122437,197.4922028,197.0634308,194.5298004,0.134873658,0.106893472,0.137350142,13.47092438,13.45620346,15.87935829,10.55504227,10.19832134,13.26269722,7.721325874,7.325881481,7.810609818,0.783542514,0.757889926,0.835216224,6.156677723,5.770466328,4.814412594
11.5,0,99.8431015,125.8920059,115.6242371,197.4854584,197.0835876,194.4940491,0.138623551,0.109192729,0.13822712,13.84060478,13.74649143,15.98240566,10.69960976,10.09768486,13.2914896,7.932367325,7.628975868,7.829307556,0.773059428,0.734564543,0.831632614,6.16992569,5.813523293,4.81403923
11.55,0,99.8431015,125.8920059,115.6242371,197.4854584,197.0835876,194.4940491,0.138623551,0.109192729,0.13822712,13.84060478,13.74649143,15.98240566,10.69960976,10.09768486,13.2914896,7.932367325,7.628975868,7.829307556,0.773059428,0.734564543,0.831632614,6.16992569,5.813523293,4.81403923
11.6,0,99.8431015,125.8920059,115.6242371,197.4854584,197.0835876,194.4940491,0.138623551,0.109192729,0.13822712,13.84060478,13.74649143,15.98240566,10.69960976,10.09768486,13.2914896,7.932367325,7.628975868,7.829307556,0.773059428,0.734564543,0.831632614,6.16992569,5.813523293,4.81403923
11.65,0,99.8431015,125.8920059,115.6242371,197.4854584,197.0835876,194.4940491,0.138623551,0.109192729,0.13822712,13.84060478,13.74649143,15.98240566,10.69960976,10.09768486,13.2914896,7.932367325,7.628975868,7.829307556,0.773059428,0.734564543,0.831632614,6.16992569,5.813523293,4.81403923
11.7,0,99.82423401,125.8514557,115.5895767,197.4144135,197.032547,194.4514618,0.1389983,0.108523645,0.138028771,13.87539864,13.65785885,15.95468712,10.69763851,9.985966682,13.32364082,8.010899544,7.641716003,7.798012733,0.770978808,0.7311517,0.835092604,6.086956024,5.78985548,4.837129593
11.75,0,99.82423401,125.8514557,115.5895767,197.4144135,197.032547,194.4514618,0.1389983,0.108523645,0.138028771,13.87539864,13.65785885,15.95468712,10.69763851,9.985966682,13.32364082,8.010899544,7.641716003,7.798012733,0.770978808,0.7311517,0.835092604,6.086956024,5.78985548,4.837129593
11.8,0,99.82423401,125.8514557,115.5895767,197.4144135,197.032547,194.4514618,0.1389983,0.108523645,0.138028771,13.87539864,13.65785885,15.95468712,10.69763851,9.985966682,13.32364082,8.010899544,7.641716003,7.798012733,0.770978808,0.7311517,0.835092604,6.086956024,5.78985548,4.837129593
11.85,0,99.82423401,125.8514557,115.5895767,197.4144135,197.032547,194.4514618,0.1389983,0.108523645,0.138028771,13.87539864,13.65785885,15.95468712,10.69763851,9.985966682,13.32364082,8.010899544,7.641716003,7.798012733,0.770978808,0.7311517,0.835092604,6.086956024,5.78985548,4.837129593
11.9,0,99.82719421,125.8863525,115.5914688,197.4731293,197.0614014,194.4385071,0.137996331,0.10758023,0.137236521,13.7757864,13.54288292,15.8633709,10.69643879,9.996089935,13.31929779,7.872825146,7.501484871,7.648276806,0.776466668,0.738106489,0.839625955,6.14782238,5.764304161,4.857241631
11.95,0,99.82719421,125.8863525,115.5914688,197.4731293,197.0614014,194.4385071,0.137996331,0.10758023,0.137236521,13.7757864,13.54288292,15.8633709,10.69643879,9.996089935,13.31929779,7.872825146,7.501484871,7.648276806,0.776466668,0.738106489,0.839625955,6.14782238,5.764304161,4.857241631
12,0,99.82719421,125.8863525,115.5914688,197.4731293,197.0614014,194.4385071,0.137996331,0.10758023,0.137236521,13.7757864,13.54288292,15.8633709,10.69643879,9.996089935,13.31929779,7.872825146,7.501484871,7.648276806,0.776466668,0.738106489,0.839625955,6.14782238,5.764304161,4.857241631
12.05,0,99.82719421,125.8863525,115.5914688,197.4731293,197.0614014,194.4385071,0.137996331,0.10758023,0.137236521,13.7757864,13.54288292,15.8633709,10.69643879,9.996089935,13.31929779,7.872825146,7.501484871,7.648276806,0.776466668,0.738106489,0.839625955,6.14782238,5.764304161,4.857241631
12.1,0,99.84762573,125.845726,115.6168442,197.4327545,197.0135498,194.5218658,0.138445035,0.108228087,0.138422623,13.82340813,13.62004185,16.00398636,10.67051029,10.05533314,13.36330128,7.976132393,7.552258968,7.832871914,0.771916032,0.738274753,0.83499831,6.038680077,5.738556862,4.800084591
12.15,0,99.84762573,125.845726,115.6168442,197.4327545,197.0135498,194.5218658,0.138445035,0.108228087,0.138422623,13.82340813,13.62004185,16.00398636,10.67051029,10.05533314,13.36330128,7.976132393,7.552258968,7.832871914,0.771916032,0.738274753,0.83499831,6.038680077,5.738556862,4.800084591
12.2,0,99.84762573,125.845726,115.6168442,197.4327545,197.0135498,194.5218658,0.138445035,0.108228087,0.138422623,13.82340813,13.62004185,16.00398636,10.67051029,10.05533314,13.36330128,7.976132393,7.552258968,7.832871914,0.771916032,0.738274753,0.83499831,6.038680077,5.738556862,4.800084591
12.25,0,99.84762573,125.845726,115.6168442,197.4327545,197.0135498,194.5218658,0.138445035,0.108228087,0.138422623,13.82340813,13.62004185,16.00398636,10.67051029,10.05533314,13.36330128,7.976132393,7.552258968,7.832871914,0.771916032,0.738274753,0.83499831,6.038680077,5.738556862,4.800084591
12.3,0,99.85222626,125.8774796,115.6146011,197.4702759,197.0615387,194.5001068,0.140317053,0.108625732,0.13864921,14.01097012,13.67353344,16.02987289,10.73110104,9.888814926,13.37559128,8.183184624,7.742773533,7.828871727,0.765907049,0.723208427,0.834416568,6.094353676,5.782829762,4.861437798
12.35,0,99.85222626,125.8774796,115.6146011,197.4702759,197.0615387,194.5001068,0.140317053,0.108625732,0.13864921,14.01097012,13.67353344,16.02987289,10.73110104,9.888814926,13.37559128,8.183184624,7.742773533,7.828871727,0.765907049,0.723208427,0.834416568,6.094353676,5.782829762,4.861437798
12.4,0,99.85222626,125.8774796,115.6146011,197.4702759,197.0615387,194.5001068,0.140317053,0.108625732,0.13864921,14.01097012,13.67353344,16.02987289,10.73110104,9.888814926,13.37559128,8.183184624,7.742773533,7.828871727,0.765907049,0.723208427,0.834416568,6.094353676,5.782829762,4.861437798
12.45,0,99.85222626,125.8774796,115.6146011,197.4702759,197.0615387,194.5001068,0.140317053,0.108625732,0.13864921,14.01097012,13.67353344,16.02987289,10.73110104,9.888814926,13.37559128,8.183184624,7.742773533,7.828871727,0.765907049,0.723208427,0.834416568,6.094353676,5.782829762,4.861437798
12.5,0,99.85108185,125.893364,115.6128464,197.5116577,197.0780792,194.4730225,0.140102446,0.108959138,0.140602946,13.98938084,13.7172327,16.25550652,10.64183617,9.999451637,13.52657223,8.264627457,7.615281582,8.010066032,0.760708153,0.728970051,0.832122445,6.192871571,5.810104847,4.88668108
12.55,0,99.85108185,125.893364,115.6128464,197.5116577,197.0780792,194.4730225,0.140102446,0.108959138,0.140602946,13.98938084,13.7172327,16.25550652,10.64183617,9.999451637,13.52657223,8.264627457,7.615281582,8.010066032,0.760708153,0.728970051,0.832122445,6.192871571,5.810104847,4.88668108
12.6,0,99.85108185,125.893364,115.6128464,197.5116577,197.0780792,194.4730225,0.140102446,0.108959138,0.140602946,13.98938084,13.7172327,16.25550652,10.64183617,9.999451637,13.52657223,8.264627457,7.615281582,8.010066032,0.760708153,0.728970051,0.832122445,6.192871571,5.810104847,4.88668108
12.65,0,99.85108185,125.893364,115.6128464,197.5116577,197.0780792,194.4730225,0.140102446,0.108959138,0.140602946,13.98938084,13.7172327,16.25550652,10.64183617,9.999451637,13.52657223,8.264627457,7.615281582,8.010066032,0.760708153,0.728970051,0.832122445,6.192871571,5.810104847,4.88668108
12.7,0,99.81680298,125.8528061,115.5932007,197.4230347,197.0123596,194.4553833,0.139029071,0.108344041,0.138153866,13.87743759,13.63540173,15.96964741,10.70760345,10.00848007,13.36049652,8.00598526,7.602490902,7.778132915,0.771583617,0.734007001,0.836618125,6.103206635,5.79953289,4.846361637
12.75,0,99.81680298,125.8528061,115.5932007,197.4230347,197.0123596,194.4553833,0.139029071,0.108344041,0.138153866,13.87743759,13.63540173,15.96964741,10.70760345,10.00848007,13.36049652,8.00598526,7.602490902,7.778132915,0.771583617,0.734007001,0.836618125,6.103206635,5.79953289,4.846361637
12.8,0,99.81680298,125.8528061,115.5932007,197.4230347,197.0123596,194.4553833,0.139029071,0.108344041,0.138153866,13.87743759,13.63540173,15.96964741,10.70760345,10.00848007,13.36049652,8.00598526,7.602490902,7.778132915,0.771583617,0.734007001,0.836618125,6.103206635,5.79953289,4.846361637
12.85,0,99.81680298,125.8528061,115.5932007,197.4230347,197.0123596,194.4553833,0.139029071,0.108344041,0.138153866,13.87743759,13.63540173,15.96964741,10.70760345,10.00848007,13.36049652,8.00598526,7.602490902,7.778132915,0.771583617,0.734007001,0.836618125,6.103206635,5.79953289,4.846361637
12.9,0,99.79756165,125.8557587,115.5542679,197.4200439,197.0094147,194.3731537,0.139908478,0.109292999,0.138287023,13.96252537,13.75515366,15.97965527,10.75330639,10.02524471,13.35007763,8.089863777,7.742067814,7.849413395,0.770154834,0.728835523,0.835442126,6.168830872,5.809135437,4.934879303
12.95,0,99.79756165,125.8557587,115.5542679,197.4200439,197.0094147,194.3731537,0.139908478,0.109292999,0.138287023,13.96252537,13.75515366,15.97965527,10.75330639,10.02524471,13.35007763,8.089863777,7.742067814,7.849413395,0.770154834,0.728835523,0.835442126,6.168830872,5.809135437,4.934879303
13,0,99.79756165,125.8557587,115.5542679,197.4200439,197.0094147,194.3731537,0.139908478,0.109292999,0.138287023,13.96252537,13.75515366,15.97965527,10.75330639,10.02524471,13.35007763,8.089863777,7.742067814,7.849413395,0.770154834,0.728835523,0.835442126,6.168830872,5.809135437,4.934879303
13.05,0,99.79756165,125.8557587,115.5542679,197.4200439,197.0094147,194.3731537,0.139908478,0.109292999,0.138287023,13.96252537,13.75515366,15.97965527,10.75330639,10.02524471,13.35007763,8.089863777,7.742067814,7.849413395,0.770154834,0.728835523,0.835442126,6.168830872,5.809135437,4.934879303
13.1,0,99.81987762,125.8053131,115.6125412,197.3660431,196.9812469,194.4934235,0.137610018,0.107848145,0.136431798,13.73621559,13.56786919,15.77322674,10.74350357,10.06026554,13.28070641,7.783330441,7.51567173,7.622919083,0.782129824,0.741477191,0.841977775,6.190400124,5.895893574,4.98311758
13.15,0,99.81987762,125.8053131,115.6125412,197.3660431,196.9812469,194.4934235,0.137610018,0.107848145,0.136431798,13.73621559,13.56786919,15.77322674,10.74350357,10.06026554,13.28070641,7.783330441,7.51567173,7.622919083,0.782129824,0.741477191,0.841977775,6.190400124,5.895893574,4.98311758
13.2,0,99.81987762,125.8053131,115.6125412,197.3660431,196.9812469,194.4934235,0.137610018,0.107848145,0.136431798,13.73621559,13.56786919,15.77322674,10.74350357,10.06026554,13.28070641,7.783330441,7.51567173,7.622919083,0.782129824,0.741477191,0.841977775,6.190400124,5.895893574,4.98311758
13.25,0,99.81987762,125.8053131,115.6125412,197.3660431,196.9812469,194.4934235,0.137610018,0.107848145,0.136431798,13.73621559,13.56786919,15.77322674,10.74350357,10.06026554,13.28070641,7.783330441,7.51567173,7.622919083,0.782129824,0.741477191,0.841977775,6.190400124,5.895893574,4.98311758
13.3,0,99.85281372,125.866188,115.6140289,197.464859,197.0335999,194.5089264,0.137503177,0.107364103,0.136575341,13.7300787,13.5135107,15.79002571,10.72674847,10.06981373,13.29916,7.783689499,7.469922543,7.62293005,0.78125906,0.745166361,0.842250705,6.276797295,5.947612286,5.01427269
13.35,0,99.85281372,125.866188,115.6140289,197.464859,197.0335999,194.5089264,0.137503177,0.107364103,0.136575341,13.7300787,13.5135107,15.79002571,10.72674847,10.06981373,13.29916,7.783689499,7.469922543,7.62293005,0.78125906,0.745166361,0.842250705,6.276797295,5.947612286,5.01427269
13.4,0,99.85281372,125.866188,115.6140289,197.464859,197.0335999,194.5089264,0.137503177,0.107364103,0.136575341,13.7300787,13.5135107,15.79002571,10.72674847,10.06981373,13.29916,7.783689499,7.469922543,7.62293005,0.78125906,0.745166361,0.842250705,6.276797295,5.947612286,5.01427269
13.45,0,99.85281372,125.866188,115.6140289,197.464859,197.0335999,194.5089264,0.137503177,0.107364103,0.136575341,13.7300787,13.5135107,15.79002571,10.72674847,10.06981373,13.29916,7.783689499,7.469922543,7.62293005,0.78125906,0.745166361,0.842250705,6.276797295,5.947612286,5.01427269
13.5,0,99.84748077,125.8694611,115.618576,197.4562988,197.0655365,194.4943542,0.13651298,0.10734082,0.135424078,13.63047695,13.51093102,15.65753937,10.72915936,10.12295532,13.22715187,7.685685635,7.475658417,7.593180656,0.78714484,0.749241889,0.844778478,6.286699295,5.949275017,5.051799774
13.55,0,99.84748077,125.8694611,115.618576,197.4562988,197.0655365,194.4943542,0.13651298,0.10734082,0.135424078,13.63047695,13.51093102,15.65753937,10.72915936,10.12295532,13.22715187,7.685685635,7.475658417,7.593180656,0.78714484,0.749241889,0.844778478,6.286699295,5.949275017,5.051799774
13.6,0,99.84748077,125.8694611,115.618576,197.4562988,197.0655365,194.4943542,0.13651298,0.10734082,0.135424078,13.63047695,13.51093102,15.65753937,10.72915936,10.12295532,13.22715187,7.685685635,7.475658417,7.593180656,0.78714484,0.749241889,0.844778478,6.286699295,5.949275017,5.051799774
13.65,0,99.84748077,125.8694611,115.618576,197.4562988,197.0655365,194.4943542,0.13651298,0.10734082,0.135424078,13.63047695,13.51093102,15.65753937,10.72915936,10.12295532,13.22715187,7.685685635,7.475658417,7.593180656,0.78714484,0.749241889,0.844778478,6.286699295,5.949275017,5.051799774
13.7,0,99.84007263,125.8268204,115.6087875,197.4146423,197.0003357,194.4954376,0.135561243,0.10689868,0.136204615,13.53444386,13.45072079,15.74645042,10.62764454,10.19193554,13.28657246,7.675100803,7.339786053,7.702860355,0.785229504,0.757724106,0.843782067,6.192324638,5.849924088,4.985053062
13.75,0,99.84007263,125.8268204,115.6087875,197.4146423,197.0003357,194.4954376,0.135561243,0.10689868,0.136204615,13.53444386,13.45072079,15.74645042,10.62764454,10.19193554,13.28657246,7.675100803,7.339786053,7.702860355,0.785229504,0.757724106,0.843782067,6.192324638,5.849924088,4.985053062
13.8,0,99.84007263,125.8268204,115.6087875,197.4146423,197.0003357,194.4954376,0.135561243,0.10689868,0.136204615,13.53444386,13.45072079,15.74645042,10.62764454,10.19193554,13.28657246,7.675100803,7.339786053,7.702860355,0.785229504,0.757724106,0.843782067,6.192324638,5.849924088,4.985053062
13.85,0,99.84007263,125.8268204,115.6087875,197.4146423,197.0003357,194.4954376,0.135561243,0.10689868,0.136204615,13.53444386,13.45072079,15.74645042,10.62764454,10.19193554,13.28657246,7.675100803,7.339786053,7.702860355,0.785229504,0.757724106,0.843782067,6.192324638,5.849924088,4.985053062
13.9,0,99.80098724,125.8731079,115.5848618,197.4341125,197.0387268,194.4164734,0.135173485,0.10681805,0.134903893,13.49044704,13.4455204,15.59284782,10.66591454,10.20980072,13.18457699,7.523924828,7.342983246,7.560130119,0.790627241,0.759345889,0.845552862,6.205914021,5.857833862,4.94291687
13.95,0,99.80098724,125.8731079,115.5848618,197.4341125,197.0387268,194.4164734,0.135173485,0.10681805,0.134903893,13.49044704,13.4455204,15.59284782,10.66591454,10.20980072,13.18457699,7.523924828,7.342983246,7.560130119,0.790627241,0.759345889,0.845552862,6.205914021,5.857833862,4.94291687
14,0,99.80098724,125.8731079,115.5848618,197.4341125,197.0387268,194.4164734,0.135173485,0.10681805,0.134903893,13.49044704,13.4455204,15.59284782,10.66591454,10.20980072,13.18457699,7.523924828,7.342983246,7.560130119,0.790627241,0.759345889,0.845552862,6.205914021,5.857833862,4.94291687
14.05,0,99.80098724,125.8731079,115.5848618,197.4341125,197.0387268,194.4164734,0.135173485,0.10681805,0.134903893,13.49044704,13.4455204,15.59284782,10.66591454,10.20980072,13.18457699,7.523924828,7.342983246,7.560130119,0.790627241,0.759345889,0.845552862,6.205914021,5.857833862,4.94291687
14.1,0,99.83824158,125.8172913,115.6001053,197.3824768,196.9865112,194.5006714,0.134370148,0.105883352,0.135200277,13.41527939,13.32195663,15.6291666,10.60588741,10.1694603,13.24562931,7.497026443,7.183303356,7.534436226,0.790582657,0.763360858,0.847494304,6.113875866,5.869317532,4.955486774
14.15,0,99.83824158,125.8172913,115.6001053,197.3824768,196.9865112,194.5006714,0.134370148,0.105883352,0.135200277,13.41527939,13.32195663,15.6291666,10.60588741,10.1694603,13.24562931,7.497026443,7.183303356,7.534436226,0.790582657,0.763360858,0.847494304,6.113875866,5.869317532,4.955486774
14.2,0,99.83824158,125.8172913,115.6001053,197.3824768,196.9865112,194.5006714,0.134370148,0.105883352,0.135200277,13.41527939,13.32195663,15.6291666,10.60588741,10.1694603,13.24562931,7.497026443,7.183303356,7.534436226,0.790582657,0.763360858,0.847494304,6.113875866,5.869317532,4.955486774
14.25,0,99.83824158,125.8172913,115.6001053,197.3824768,196.9865112,194.5006714,0.134370148,0.105883352,0.135200277,13.41527939,13.32195663,15.6291666,10.60588741,10.1694603,13.24562931,7.497026443,7.183303356,7.534436226,0.790582657,0.763360858,0.847494304,6.113875866,5.869317532,4.955486774
14.3,0,99.82495117,125.8259506,115.616539,197.391098,197.0120544,194.4940491,0.136865363,0.107566096,0.135748237,13.66257858,13.53460598,15.69474125,10.73651981,10.12091446,13.24556828,7.673513412,7.462768078,7.583568573,0.785834074,0.747780502,0.843949437,6.122284889,5.829311848,4.954633236
14.35,0,99.82495117,125.8259506,115.616539,197.391098,197.0120544,194.4940491,0.136865363,0.107566096,0.135748237,13.66257858,13.53460598,15.69474125,10.73651981,10.12091446,13.24556828,7.673513412,7.462768078,7.583568573,0.785834074,0.747780502,0.843949437,6.122284889,5.829311848,4.954633236
14.4,0,99.82495117,125.8259506,115.616539,197.391098,197.0120544,194.4940491,0.136865363,0.107566096,0.135748237,13.66257858,13.53460598,15.69474125,10.73651981,10.12091446,13.24556828,7.673513412,7.462768078,7.583568573,0.785834074,0.747780502,0.843949437,6.122284889,5.829311848,4.954633236
14.45,0,99.82495117,125.8259506,115.616539,197.391098,197.0120544,194.4940491,0.136865363,0.107566096,0.135748237,13.66257858,13.53460598,15.69474125,10.73651981,10.12091446,13.24556828,7.673513412,7.462768078,7.583568573,0.785834074,0.747780502,0.843949437,6.122284889,5.829311848,4.954633236
14.5,0,99.78955078,125.8614273,115.601265,197.3931885,197.0502625,194.4343872,0.138850182,0.108181082,0.134950206,13.85579777,13.61582565,15.60041428,10.9071703,9.972309113,13.19608307,7.757844448,7.708758354,7.430941582,0.787191808,0.732405782,0.84588027,6.113778114,5.854012966,4.900611877
14.55,0,99.78955078,125.8614273,115.601265,197.3931885,197.0502625,194.4343872,0.138850182,0.108181082,0.134950206,13.85579777,13.61582565,15.60041428,10.9071703,9.972309113,13.19608307,7.757844448,7.708758354,7.430941582,0.787191808,0.732405782,0.84588027,6.113778114,5.854012966,4.900611877
14.6,0,99.78955078,125.8614273,115.601265,197.3931885,197.0502625,194.4343872,0.138850182,0.108181082,0.134950206,13.85579777,13.61582565,15.60041428,10.9071703,9.972309113,13.19608307,7.757844448,7.708758354,7.430941582,0.787191808,0.732405782,0.84588027,6.113778114,5.854012966,4.900611877
14.65,0,99.78955078,125.8614273,115.601265,197.3931885,197.0502625,194.4343872,0.138850182,0.108181082,0.134950206,13.85579777,13.61582565,15.60041428,10.9071703,9.972309113,13.19608307,7.757844448,7.708758354,7.430941582,0.787191808,0.732405782,0.84588027,6.113778114,5.854012966,4.900611877
14.7,0,99.78626251,125.814209,115.5610199,197.3470917,196.9745636,194.3961945,0.138776779,0.109211676,0.136942551,13.84801579,13.74038029,15.82522106,10.75984764,10.07918644,13.25457764,7.931931973,7.725647449,7.783706188,0.776995599,0.733544946,0.837560356,6.038534164,5.804822445,4.875611782
14.75,0,99.78626251,125.814209,115.5610199,197.3470917,196.9745636,194.3961945,0.138776779,0.109211676,0.136942551,13.84801579,13.74038029,15.82522106,10.75984764,10.07918644,13.25457764,7.931931973,7.725647449,7.783706188,0.776995599,0.733544946,0.837560356,6.038534164,5.804822445,4.875611782
14.8,0,99.78626251,125.814209,115.5610199,197.3470917,196.9745636,194.3961945,0.138776779,0.109211676,0.136942551,13.84801579,13.74038029,15.82522106,10.75984764,10.07918644,13.25457764,7.931931973,7.725647449,7.783706188,0.776995599,0.733544946,0.837560356,6.038534164,5.804822445,4.875611782
14.85,0,99.78626251,125.814209,115.5610199,197.3470917,196.9745636,194.3961945,0.138776779,0.109211676,0.136942551,13.84801579,13.74038029,15.82522106,10.75984764,10.07918644,13.25457764,7.931931973,7.725647449,7.783706188,0.776995599,0.733544946,0.837560356,6.038534164,5.804822445,4.875611782
14.9,0,99.76485443,125.8109055,115.5747986,197.312912,196.9945374,194.3974304,0.138286293,0.107968137,0.137228087,13.79611206,13.58356857,15.86010838,10.7269268,10.04745388,13.32688618,7.888367653,7.565350533,7.707254887,0.777532578,0.739677072,0.840277135,6.010192871,5.750236988,4.802524567
14.95,0,99.76485443,125.8109055,115.5747986,197.312912,196.9945374,194.3974304,0.138286293,0.107968137,0.137228087,13.79611206,13.58356857,15.86010838,10.7269268,10.04745388,13.32688618,7.888367653,7.565350533,7.707254887,0.777532578,0.739677072,0.840277135,6.010192871,5.750236988,4.802524567
15,0,99.76485443,125.8109055,115.5747986,197.312912,196.9945374,194.3974304,0.138286293,0.107968137,0.137228087,13.79611206,13.58356857,15.86010838,10.7269268,10.04745388,13.32688618,7.888367653,7.565350533,7.707254887,0.777532578,0.739677072,0.840277135,6.010192871,5.750236988,4.802524567
15.05,0,99.76485443,125.8109055,115.5747986,197.312912,196.9945374,194.3974304,0.138286293,0.107968137,0.137228087,13.79611206,13.58356857,15.86010838,10.7269268,10.04745388,13.32688618,7.888367653,7.565350533,7.707254887,0.777532578,0.739677072,0.840277135,6.010192871,5.750236988,4.802524567
15.1,0,99.78718567,125.7490387,115.5995636,197.2468567,196.915802,194.4949493,0.137670651,0.107474677,0.137140006,13.73776722,13.51483727,15.85332489,10.69593525,10.03024197,13.31105137,7.859109402,7.51923418,7.711947441,0.778578877,0.742165208,0.839637816,5.906657219,5.730839252,4.774675369
15.15,0,99.78718567,125.7490387,115.5995636,197.2468567,196.915802,194.4949493,0.137670651,0.107474677,0.137140006,13.73776722,13.51483727,15.85332489,10.69593525,10.03024197,13.31105137,7.859109402,7.51923418,7.711947441,0.778578877,0.742165208,0.839637816,5.906657219,5.730839252,4.774675369
15.2,0,99.78718567,125.7490387,115.5995636,197.2468567,196.915802,194.4949493,0.137670651,0.107474677,0.137140006,13.73776722,13.51483727,15.85332489,10.69593525,10.03024197,13.31105137,7.859109402,7.51923418,7.711947441,0.778578877,0.742165208,0.839637816,5.906657219,5.730839252,4.774675369
15.25,0,99.78718567,125.7490387,115.5995636,197.2468567,196.915802,194.4949493,0.137670651,0.107474677,0.137140006,13.73776722,13.51483727,15.85332489,10.69593525,10.03024197,13.31105137,7.859109402,7.51923418,7.711947441,0.778578877,0.742165208,0.839637816,5.906657219,5.730839252,4.774675369
15.3,0,99.7724762,125.7831345,115.6133957,197.2710266,197.0039215,194.4543762,0.135460228,0.107476577,0.137262404,13.51520252,13.51874065,15.86937237,10.57000923,10.24816608,13.30294228,7.686383247,7.324594498,7.813863277,0.782082915,0.758071065,0.838277757,6.023842335,5.792387962,4.835002422
15.35,0,99.7724762,125.7831345,115.6133957,197.2710266,197.0039215,194.4543762,0.135460228,0.107476577,0.137262404,13.51520252,13.51874065,15.86937237,10.57000923,10.24816608,13.30294228,7.686383247,7.324594498,7.813863277,0.782082915,0.758071065,0.838277757,6.023842335,5.792387962,4.835002422
15.4,0,99.7724762,125.7831345,115.6133957,197.2710266,197.0039215,194.4543762,0.135460228,0.107476577,0.137262404,13.51520252,13.51874065,15.86937237,10.57000923,10.24816608,13.30294228,7.686383247,7.324594498,7.813863277,0.782082915,0.758071065,0.838277757,6.023842335,5.792387962,4.835002422
15.45,0,99.7724762,125.7831345,115.6133957,197.2710266,197.0039215,194.4543762,0.135460228,0.107476577,0.137262404,13.51520252,13.51874065,15.86937237,10.57000923,10.24816608,13.30294228,7.686383247,7.324594498,7.813863277,0.782082915,0.758071065,0.838277757,6.023842335,5.792387962,4.835002422
15.5,0,99.75014496,125.8105164,115.637085,197.2799072,197.0562439,194.4529572,0.136116445,0.106725931,0.13611567,13.57763481,13.42724419,15.74001884,10.67451668,10.12211418,13.30206585,7.656971931,7.350659847,7.591319561,0.786183834,0.75384897,0.845111191,6.034349442,5.73777914,4.768057346
15.55,0,99.75014496,125.8105164,115.637085,197.2799072,197.0562439,194.4529572,0.136116445,0.106725931,0.13611567,13.57763481,13.42724419,15.74001884,10.67451668,10.12211418,13.30206585,7.656971931,7.350659847,7.591319561,0.786183834,0.75384897,0.845111191,6.034349442,5.73777914,4.768057346
15.6,0,99.75014496,125.8105164,115.637085,197.2799072,197.0562439,194.4529572,0.136116445,0.106725931,0.13611567,13.57763481,13.42724419,15.74001884,10.67451668,10.12211418,13.30206585,7.656971931,7.350659847,7.591319561,0.786183834,0.75384897,0.845111191,6.034349442,5.73777914,4.768057346
15.65,0,99.75014496,125.8105164,115.637085,197.2799072,197.0562439,194.4529572,0.136116445,0.106725931,0.13611567,13.57763481,13.42724419,15.74001884,10.67451668,10.12211418,13.30206585,7.656971931,7.350659847,7.591319561,0.786183834,0.75384897,0.845111191,6.034349442,5.73777914,4.768057346
15.7,0,99.69927216,125.7592316,115.5659103,197.194809,196.9665375,194.3285522,0.135185063,0.105942108,0.135311395,13.47785282,13.32319832,15.63738441,10.63772488,10.08303452,13.26701927,7.591895103,7.276888847,7.516098022,0.789274454,0.756802857,0.848416805,6.048656464,5.819078445,4.841467381
15.75,0,99.69927216,125.7592316,115.5659103,197.194809,196.9665375,194.3285522,0.135185063,0.105942108,0.135311395,13.47785282,13.32319832,15.63738441,10.63772488,10.08303452,13.26701927,7.591895103,7.276888847,7.516098022,0.789274454,0.756802857,0.848416805,6.048656464,5.819078445,4.841467381
15.8,0,99.69927216,125.7592316,115.5659103,197.194809,196.9665375,194.3285522,0.135185063,0.105942108,0.135311395,13.47785282,13.32319832,15.63738441,10.63772488,10.08303452,13.26701927,7.591895103,7.276888847,7.516098022,0.789274454,0.756802857,0.848416805,6.048656464,5.819078445,4.841467381
15.85,0,99.69927216,125.7592316,115.5659103,197.194809,196.9665375,194.3285522,0.135185063,0.105942108,0.135311395,13.47785282,13.32319832,15.63738441,10.63772488,10.08303452,13.26701927,7.591895103,7.276888847,7.516098022,0.789274454,0.756802857,0.848416805,6.048656464,5.819078445,4.841467381
15.9,0,99.70406342,125.8157501,115.537735,197.2779236,196.9922333,194.2801819,0.135987952,0.107378155,0.134594947,13.55855179,13.5098629,15.55079556,10.74690819,10.14983845,13.16226006,7.495313168,7.409829617,7.429050446,0.79262948,0.751290977,0.846404314,6.167622089,5.876839161,4.897539139
15.95,0,99.70406342,125.8157501,115.537735,197.2779236,196.9922333,194.2801819,0.135987952,0.107378155,0.134594947,13.55855179,13.5098629,15.55079556,10.74690819,10.14983845,13.16226006,7.495313168,7.409829617,7.429050446,0.79262948,0.751290977,0.846404314,6.167622089,5.876839161,4.897539139
16,0,99.70406342,125.8157501,115.537735,197.2779236,196.9922333,194.2801819,0.135987952,0.107378155,0.134594947,13.55855179,13.5098629,15.55079556,10.74690819,10.14983845,13.16226006,7.495313168,7.409829617,7.429050446,0.79262948,0.751290977,0.846404314,6.167622089,5.876839161,4.897539139
16.05,0,99.70406342,125.8157501,115.537735,197.2779236,196.9922333,194.2801819,0.135987952,0.107378155,0.134594947,13.55855179,13.5098629,15.55079556,10.74690819,10.14983845,13.16226006,7.495313168,7.409829617,7.429050446,0.79262948,0.751290977,0.846404314,6.167622089,5.876839161,4.897539139
16.1,0,99.73780823,125.7720566,115.5701828,197.2501678,196.9495239,194.3764954,0.135777399,0.105870575,0.135571882,13.54214001,13.31556034,15.66806698,10.7098732,10.11367989,13.31736088,7.62194109,7.309577465,7.513611317,0.790855289,0.759538412,0.849968314,6.077726364,5.86944294,4.899521828
16.15,0,99.73780823,125.7720566,115.5701828,197.2501678,196.9495239,194.3764954,0.135777399,0.105870575,0.135571882,13.54214001,13.31556034,15.66806698,10.7098732,10.11367989,13.31736088,7.62194109,7.309577465,7.513611317,0.790855289,0.759538412,0.849968314,6.077726364,5.86944294,4.899521828
16.2,0,99.73780823,125.7720566,115.5701828,197.2501678,196.9495239,194.3764954,0.135777399,0.105870575,0.135571882,13.54214001,13.31556034,15.66806698,10.7098732,10.11367989,13.31736088,7.62194109,7.309577465,7.513611317,0.790855289,0.759538412,0.849968314,6.077726364,5.86944294,4.899521828
16.25,0,99.73780823,125.7720566,115.5701828,197.2501678,196.9495239,194.3764954,0.135777399,0.105870575,0.135571882,13.54214001,13.31556034,15.66806698,10.7098732,10.11367989,13.31736088,7.62194109,7.309577465,7.513611317,0.790855289,0.759538412,0.849968314,6.077726364,5.86944294,4.899521828
16.3,0,99.80923462,125.8328857,115.6359711,197.3566742,197.0608673,194.5006714,0.133786649,0.106779389,0.135049045,13.35314274,13.43635845,15.61652756,10.57648754,10.27728462,13.16047478,7.412469864,7.218362331,7.597961426,0.792059779,0.764886141,0.842727363,6.152496338,5.905149937,4.903535366
16.35,0,99.80923462,125.8328857,115.6359711,197.3566742,197.0608673,194.5006714,0.133786649,0.106779389,0.135049045,13.35314274,13.43635845,15.61652756,10.57648754,10.27728462,13.16047478,7.412469864,7.218362331,7.597961426,0.792059779,0.764886141,0.842727363,6.152496338,5.905149937,4.903535366
16.4,0,99.80923462,125.8328857,115.6359711,197.3566742,197.0608673,194.5006714,0.133786649,0.106779389,0.135049045,13.35314274,13.43635845,15.61652756,10.57648754,10.27728462,13.16047478,7.412469864,7.218362331,7.597961426,0.792059779,0.764886141,0.842727363,6.152496338,5.905149937,4.903535366
16.45,0,99.80923462,125.8328857,115.6359711,197.3566742,197.0608673,194.5006714,0.133786649,0.106779389,0.135049045,13.35314274,13.43635845,15.61652756,10.57648754,10.27728462,13.16047478,7.412469864,7.218362331,7.597961426,0.792059779,0.764886141,0.842727363,6.152496338,5.905149937,4.903535366
16.5,0,99.8204422,125.8690872,115.6552582,197.411377,197.1145325,194.5133362,0.135255009,0.10592252,0.13673991,13.50121498,13.33237076,15.81468964,10.5749321,10.11063576,13.34407902,7.717367649,7.258071423,7.674907207,0.783257782,0.758352458,0.843777478,6.115664482,5.870798111,4.893694401
16.55,0,99.8204422,125.8690872,115.6552582,197.411377,197.1145325,194.5133362,0.135255009,0.10592252,0.13673991,13.50121498,13.33237076,15.81468964,10.5749321,10.11063576,13.34407902,7.717367649,7.258071423,7.674907207,0.783257782,0.758352458,0.843777478,6.115664482,5.870798111,4.893694401
16.6,0,99.8204422,125.8690872,115.6552582,197.411377,197.1145325,194.5133362,0.135255009,0.10592252,0.13673991,13.50121498,13.33237076,15.81468964,10.5749321,10.11063576,13.34407902,7.717367649,7.258071423,7.674907207,0.783257782,0.758352458,0.843777478,6.115664482,5.870798111,4.893694401
16.65,0,99.8204422,125.8690872,115.6552582,197.411377,197.1145325,194.5133362,0.135255009,0.10592252,0.13673991,13.50121498,13.33237076,15.81468964,10.5749321,10.11063576,13.34407902,7.717367649,7.258071423,7.674907207,0.783257782,0.758352458,0.843777478,6.115664482,5.870798111,4.893694401
16.7,0,99.79485321,125.8426666,115.5963058,197.3692322,197.04039,194.4383698,0.135791108,0.106310196,0.13621515,13.55125332,13.37835884,15.74596786,10.65374279,10.13934994,13.32461452,7.620713234,7.258654118,7.558506489,0.78618139,0.757891893,0.846223891,5.996742249,5.742017746,4.789400101
16.75,0,99.79485321,125.8426666,115.5963058,197.3692322,197.04039,194.4383698,0.135791108,0.106310196,0.13621515,13.55125332,13.37835884,15.74596786,10.65374279,10.13934994,13.32461452,7.620713234,7.258654118,7.558506489,0.78618139,0.757891893,0.846223891,5.996742249,5.742017746,4.789400101
16.8,0,99.79485321,125.8426666,115.5963058,197.3692322,197.04039,194.4383698,0.135791108,0.106310196,0.13621515,13.55125332,13.37835884,15.74596786,10.65374279,10.13934994,13.32461452,7.620713234,7.258654118,7.558506489,0.78618139,0.757891893,0.846223891,5.996742249,5.742017746,4.789400101
16.85,0,99.79485321,125.8426666,115.5963058,197.3692322,197.04039,194.4383698,0.135791108,0.106310196,0.13621515,13.55125332,13.37835884,15.74596786,10.65374279,10.13934994,13.32461452,7.620713234,7.258654118,7.558506489,0.78618139,0.757891893,0.846223891,5.996742249,5.742017746,4.789400101
16.9,0,99.81440735,125.8649673,115.6190643,197.4039001,197.0727997,194.4815826,0.132122308,0.106112897,0.133645013,13.18770981,13.355896,15.45191097,10.53258324,10.34509659,13.06310368,7.300134659,7.194613934,7.597048759,0.798666596,0.774571538,0.84540379,6.013629436,5.723649025,4.787946224
16.95,0,99.81440735,125.8649673,115.6190643,197.4039001,197.0727997,194.4815826,0.132122308,0.106112897,0.133645013,13.18770981,13.355896,15.45191097,10.53258324,10.34509659,13.06310368,7.300134659,7.194613934,7.597048759,0.798666596,0.774571538,0.84540379,6.013629436,5.723649025,4.787946224
17,0,99.81440735,125.8649673,115.6190643,197.4039001,197.0727997,194.4815826,0.132122308,0.106112897,0.133645013,13.18770981,13.355896,15.45191097,10.53258324,10.34509659,13.06310368,7.300134659,7.194613934,7.597048759,0.798666596,0.774571538,0.84540379,6.013629436,5.723649025,4.787946224
17.05,0,99.81440735,125.8649673,115.6190643,197.4039001,197.0727997,194.4815826,0.132122308,0.106112897,0.133645013,13.18770981,13.355896,15.45191097,10.53258324,10.34509659,13.06310368,7.300134659,7.194613934,7.597048759,0.798666596,0.774571538,0.84540379,6.013629436,5.723649025,4.787946224
17.1,0,99.83164215,125.8107605,115.6480942,197.3444824,197.0330353,194.5559692,0.133632571,0.106050804,0.133716732,13.34075928,13.34233189,15.46408558,10.69672108,10.2612381,13.15246773,7.293371201,7.196826935,7.393832207,0.801807523,0.769073844,0.850516975,5.982683659,5.746600151,4.806580544
17.15,0,99.83164215,125.8107605,115.6480942,197.3444824,197.0330353,194.5559692,0.133632571,0.106050804,0.133716732,13.34075928,13.34233189,15.46408558,10.69672108,10.2612381,13.15246773,7.293371201,7.196826935,7.393832207,0.801807523,0.769073844,0.850516975,5.982683659,5.746600151,4.806580544
17.2,0,99.83164215,125.8107605,115.6480942,197.3444824,197.0330353,194.5559692,0.133632571,0.106050804,0.133716732,13.34075928,13.34233189,15.46408558,10.69672108,10.2612381,13.15246773,7.293371201,7.196826935,7.393832207,0.801807523,0.769073844,0.850516975,5.982683659,5.746600151,4.806580544
17.25,0,99.83164215,125.8107605,115.6480942,197.3444824,197.0330353,194.5559692,0.133632571,0.106050804,0.133716732,13.34075928,13.34233189,15.46408558,10.69672108,10.2612381,13.15246773,7.293371201,7.196826935,7.393832207,0.801807523,0.769073844,0.850516975,5.982683659,5.746600151,4.806580544
17.3,0,99.8166275,125.8381805,115.6336517,197.3700714,197.0611877,194.5067749,0.133247718,0.104750343,0.134618104,13.30033779,13.18159294,15.56638336,10.59557724,10.19229317,13.2440834,7.441442966,7.129125595,7.501447201,0.796639681,0.773221672,0.85081315,6.047207355,5.788074017,4.831776619
17.35,0,99.8166275,125.8381805,115.6336517,197.3700714,197.0611877,194.5067749,0.133247718,0.104750343,0.134618104,13.30033779,13.18159294,15.56638336,10.59557724,10.19229317,13.2440834,7.441442966,7.129125595,7.501447201,0.796639681,0.773221672,0.85081315,6.047207355,5.788074017,4.831776619
17.4,0,99.8166275,125.8381805,115.6336517,197.3700714,197.0611877,194.5067749,0.133247718,0.104750343,0.134618104,13.30033779,13.18159294,15.56638336,10.59557724,10.19229317,13.2440834,7.441442966,7.129125595,7.501447201,0.796639681,0.773221672,0.85081315,6.047207355,5.788074017,4.831776619
17.45,0,99.8166275,125.8381805,115.6336517,197.3700714,197.0611877,194.5067749,0.133247718,0.104750343,0.134618104,13.30033779,13.18159294,15.56638336,10.59557724,10.19229317,13.2440834,7.441442966,7.129125595,7.501447201,0.796639681,0.773221672,0.85081315,6.047207355,5.788074017,4.831776619
17.5,0,99.81376648,125.8108139,115.6146698,197.3475189,197.0048981,194.495163,0.132328942,0.104926571,0.134000048,13.20825005,13.20089722,15.49237156,10.58634377,10.29851437,13.1869669,7.238916397,7.014513969,7.423546314,0.801494777,0.780137479,0.851190984,6.029826641,5.755036831,4.816384792
17.55,0,99.81376648,125.8108139,115.6146698,197.3475189,197.0048981,194.495163,0.132328942,0.104926571,0.134000048,13.20825005,13.20089722,15.49237156,10.58634377,10.29851437,13.1869669,7.238916397,7.014513969,7.423546314,0.801494777,0.780137479,0.851190984,6.029826641,5.755036831,4.816384792
17.6,0,99.81376648,125.8108139,115.6146698,197.3475189,197.0048981,194.495163,0.132328942,0.104926571,0.134000048,13.20825005,13.20089722,15.49237156,10.58634377,10.29851437,13.1869669,7.238916397,7.014513969,7.423546314,0.801494777,0.780137479,0.851190984,6.029826641,5.755036831,4.816384792
17.65,0,99.81376648,125.8108139,115.6146698,197.3475189,197.0048981,194.495163,0.132328942,0.104926571,0.134000048,13.20825005,13.20089722,15.49237156,10.58634377,10.29851437,13.1869669,7.238916397,7.014513969,7.423546314,0.801494777,0.780137479,0.851190984,6.029826641,5.755036831,4.816384792
17.7,0,99.7967453,125.7798767,115.5599747,197.3119507,196.9242859,194.4334106,0.131905317,0.104889639,0.132615253,13.16372108,13.19300556,15.32501507,10.63722229,10.3018837,13.09345913,7.145995617,7.065207481,7.327825546,0.808071077,0.78085947,0.85438472,5.926739216,5.648226738,4.729614258
17.75,0,99.7967453,125.7798767,115.5599747,197.3119507,196.9242859,194.4334106,0.131905317,0.104889639,0.132615253,13.16372108,13.19300556,15.32501507,10.63722229,10.3018837,13.09345913,7.145995617,7.065207481,7.327825546,0.808071077,0.78085947,0.85438472,5.926739216,5.648226738,4.729614258
17.8,0,99.7967453,125.7798767,115.5599747,197.3119507,196.9242859,194.4334106,0.131905317,0.104889639,0.132615253,13.16372108,13.19300556,15.32501507,10.63722229,10.3018837,13.09345913,7.145995617,7.065207481,7.327825546,0.808071077,0.78085947,0.85438472,5.926739216,5.648226738,4.729614258
17.85,0,99.7967453,125.7798767,115.5599747,197.3119507,196.9242859,194.4334106,0.131905317,0.104889639,0.132615253,13.16372108,13.19300556,15.32501507,10.63722229,10.3018837,13.09345913,7.145995617,7.065207481,7.327825546,0.808071077,0.78085947,0.85438472,5.926739216,5.648226738,4.729614258
17.9,0,99.80406952,125.8335037,115.556282,197.3863678,196.967514,194.4177551,0.132521972,0.105535418,0.133877113,13.22623253,13.27989101,15.47034168,10.56497192,10.32318592,13.13952351,7.283949375,7.098608494,7.507911205,0.798789203,0.777354717,0.849336326,5.994613171,5.633123875,4.732076168
17.95,0,99.80406952,125.8335037,115.556282,197.3863678,196.967514,194.4177551,0.132521972,0.105535418,0.133877113,13.22623253,13.27989101,15.47034168,10.56497192,10.32318592,13.13952351,7.283949375,7.098608494,7.507911205,0.798789203,0.777354717,0.849336326,5.994613171,5.633123875,4.732076168
18,0,99.80406952,125.8335037,115.556282,197.3863678,196.967514,194.4177551,0.132521972,0.105535418,0.133877113,13.22623253,13.27989101,15.47034168,10.56497192,10.32318592,13.13952351,7.283949375,7.098608494,7.507911205,0.798789203,0.777354717,0.849336326,5.994613171,5.633123875,4.732076168
18.05,0,99.80406952,125.8335037,115.556282,197.3863678,196.967514,194.4177551,0.132521972,0.105535418,0.133877113,13.22623253,13.27989101,15.47034168,10.56497192,10.32318592,13.13952351,7.283949375,7.098608494,7.507911205,0.798789203,0.777354717,0.849336326,5.994613171,5.633123875,4.732076168
18.1,0,99.8259964,125.7684631,115.5837784,197.3191528,196.9069672,194.5039825,0.132457569,0.104666471,0.133126393,13.2227087,13.16374111,15.38725185,10.63161087,10.2133894,13.13954258,7.256526947,7.082770348,7.34982729,0.804041803,0.775872827,0.853923917,5.985155106,5.705268383,4.781333447
18.15,0,99.8259964,125.7684631,115.5837784,197.3191528,196.9069672,194.5039825,0.132457569,0.104666471,0.133126393,13.2227087,13.16374111,15.38725185,10.63161087,10.2133894,13.13954258,7.256526947,7.082770348,7.34982729,0.804041803,0.775872827,0.853923917,5.985155106,5.705268383,4.781333447
18.2,0,99.8259964,125.7684631,115.5837784,197.3191528,196.9069672,194.5039825,0.132457569,0.104666471,0.133126393,13.2227087,13.16374111,15.38725185,10.63161087,10.2133894,13.13954258,7.256526947,7.082770348,7.34982729,0.804041803,0.775872827,0.853923917,5.985155106,5.705268383,4.781333447
18.25,0,99.8259964,125.7684631,115.5837784,197.3191528,196.9069672,194.5039825,0.132457569,0.104666471,0.133126393,13.2227087,13.16374111,15.38725185,10.63161087,10.2133894,13.13954258,7.256526947,7.082770348,7.34982729,0.804041803,0.775872827,0.853923917,5.985155106,5.705268383,4.781333447
18.3,0,99.84664154,125.8381348,115.5894089,197.4251404,196.9831238,194.495636,0.133236825,0.104493804,0.134597644,13.30324936,13.14930534,15.55806255,10.60042286,10.19812012,13.29650974,7.391785145,7.005711079,7.422266483,0.796829581,0.775563419,0.854637861,6.090154648,5.736542225,4.824923992
18.35,0,99.84664154,125.8381348,115.5894089,197.4251404,196.9831238,194.495636,0.133236825,0.104493804,0.134597644,13.30324936,13.14930534,15.55806255,10.60042286,10.19812012,13.29650974,7.391785145,7.005711079,7.422266483,0.796829581,0.775563419,0.854637861,6.090154648,5.736542225,4.824923992
18.4,0,99.84664154,125.8381348,115.5894089,197.4251404,196.9831238,194.495636,0.133236825,0.104493804,0.134597644,13.30324936,13.14930534,15.55806255,10.60042286,10.19812012,13.29650974,7.391785145,7.005711079,7.422266483,0.796829581,0.775563419,0.854637861,6.090154648,5.736542225,4.824923992
18.45,0,99.83724213,125.8519669,115.6198196,197.4127808,197.0516663,194.5073395,0.133050248,0.105636813,0.132712543,13.28337002,13.29460049,15.34420013,10.69444752,10.23727131,13.09771824,7.241211414,7.18639946,7.316643715,0.805100501,0.770032287,0.853594065,6.157574654,5.799404621,4.832481384
18.5,0,99.83724213,125.8519669,115.6198196,197.4127808,197.0516663,194.5073395,0.133050248,0.105636813,0.132712543,13.28337002,13.29460049,15.34420013,10.69444752,10.23727131,13.09771824,7.241211414,7.18639946,7.316643715,0.805100501,0.770032287,0.853594065,6.157574654,5.799404621,4.832481384
18.55,0,99.83724213,125.8519669,115.6198196,197.4127808,197.0516663,194.5073395,0.133050248,0.105636813,0.132712543,13.28337002,13.29460049,15.34420013,10.69444752,10.23727131,13.09771824,7.241211414,7.18639946,7.316643715,0.805100501,0.770032287,0.853594065,6.157574654,5.799404621,4.832481384
18.6,0,99.83724213,125.8519669,115.6198196,197.4127808,197.0516663,194.5073395,0.133050248,0.105636813,0.132712543,13.28337002,13.29460049,15.34420013,10.69444752,10.23727131,13.09771824,7.241211414,7.18639946,7.316643715,0.805100501,0.770032287,0.853594065,6.157574654,5.799404621,4.832481384
18.65,0,99.83724213,125.8519669,115.6198196,197.4127808,197.0516663,194.5073395,0.133050248,0.105636813,0.132712543,13.28337002,13.29460049,15.34420013,10.69444752,10.23727131,13.09771824,7.241211414,7.18639946,7.316643715,0.805100501,0.770032287,0.853594065,6.157574654,5.799404621,4.832481384
18.7,0,99.79715729,125.8055344,115.5571365,197.3391724,196.9540405,194.4198761,0.133673534,0.106826082,0.133620352,13.34023857,13.43931198,15.44078541,10.65276432,10.30363369,13.08118725,7.31264019,7.265921593,7.487867355,0.798543751,0.766678631,0.847184062,6.058384418,5.699765682,4.772403717
18.75,0,99.79715729,125.8055344,115.5571365,197.3391724,196.9540405,194.4198761,0.133673534,0.106826082,0.133620352,13.34023857,13.43931198,15.44078541,10.65276432,10.30363369,13.08118725,7.31264019,7.265921593,7.487867355,0.798543751,0.766678631,0.847184062,6.058384418,5.699765682,4.772403717
18.8,0,99.79715729,125.8055344,115.5571365,197.3391724,196.9540405,194.4198761,0.133673534,0.106826082,0.133620352,13.34023857,13.43931198,15.44078541,10.65276432,10.30363369,13.08118725,7.31264019,7.265921593,7.487867355,0.798543751,0.766678631,0.847184062,6.058384418,5.699765682,4.772403717
18.85,0,99.76739502,125.8510895,115.543808,197.3721924,197.0081177,194.3487701,0.133636281,0.106605299,0.133820876,13.33254337,13.41639328,15.46217346,10.65130234,10.2933197,13.1190691,7.322271347,7.234975815,7.461669445,0.798895001,0.767219603,0.848462164,6.112133503,5.70941925,4.792704105
18.9,0,99.76739502,125.8510895,115.543808,197.3721924,197.0081177,194.3487701,0.133636281,0.106605299,0.133820876,13.33254337,13.41639328,15.46217346,10.65130234,10.2933197,13.1190691,7.322271347,7.234975815,7.461669445,0.798895001,0.767219603,0.848462164,6.112133503,5.70941925,4.792704105
18.95,0,99.76739502,125.8510895,115.543808,197.3721924,197.0081177,194.3487701,0.133636281,0.106605299,0.133820876,13.33254337,13.41639328,15.46217346,10.65130234,10.2933197,13.1190691,7.322271347,7.234975815,7.461669445,0.798895001,0.767219603,0.848462164,6.112133503,5.70941925,4.792704105
19,0,99.76739502,125.8510895,115.543808,197.3721924,197.0081177,194.3487701,0.133636281,0.106605299,0.133820876,13.33254337,13.41639328,15.46217346,10.65130234,10.2933197,13.1190691,7.322271347,7.234975815,7.461669445,0.798895001,0.767219603,0.848462164,6.112133503,5.70941925,4.792704105
19.05,0,99.78956604,125.7963028,115.5293579,197.334259,196.91716,194.3837585,0.135985032,0.107281975,0.135200709,13.56988716,13.49567604,15.61965084,10.70703506,10.16077709,13.20234203,7.616477489,7.431052685,7.582141876,0.789029062,0.752891302,0.845239282,6.058493614,5.727949142,4.803338528
19.1,0,99.78956604,125.7963028,115.5293579,197.334259,196.91716,194.3837585,0.135985032,0.107281975,0.135200709,13.56988716,13.49567604,15.61965084,10.70703506,10.16077709,13.20234203,7.616477489,7.431052685,7.582141876,0.789029062,0.752891302,0.845239282,6.058493614,5.727949142,4.803338528
19.15,0,99.78956604,125.7963028,115.5293579,197.334259,196.91716,194.3837585,0.135985032,0.107281975,0.135200709,13.56988716,13.49567604,15.61965084,10.70703506,10.16077709,13.20234203,7.616477489,7.431052685,7.582141876,0.789029062,0.752891302,0.845239282,6.058493614,5.727949142,4.803338528
19.2,0,99.78956604,125.7963028,115.5293579,197.334259,196.91716,194.3837585,0.135985032,0.107281975,0.135200709,13.56988716,13.49567604,15.61965084,10.70703506,10.16077709,13.20234203,7.616477489,7.431052685,7.582141876,0.789029062,0.752891302,0.845239282,6.058493614,5.727949142,4.803338528
19.25,0,99.78956604,125.7963028,115.5293579,197.334259,196.91716,194.3837585,0.135985032,0.107281975,0.135200709,13.56988716,13.49567604,15.61965084,10.70703506,10.16077709,13.20234203,7.616477489,7.431052685,7.582141876,0.789029062,0.752891302,0.845239282,6.058493614,5.727949142,4.803338528
19.3,0,99.77636719,125.8555603,115.5560379,197.3816223,197.0092468,194.3778839,0.135490835,0.106613718,0.134880006,13.51878357,13.41792965,15.58619881,10.70856285,10.14069748,13.2233963,7.548476696,7.335490227,7.472285748,0.792124748,0.755757213,0.848404169,6.07997036,5.747797012,4.813127995
19.35,0,99.77636719,125.8555603,115.5560379,197.3816223,197.0092468,194.3778839,0.135490835,0.106613718,0.134880006,13.51878357,13.41792965,15.58619881,10.70856285,10.14069748,13.2233963,7.548476696,7.335490227,7.472285748,0.792124748,0.755757213,0.848404169,6.07997036,5.747797012,4.813127995
19.4,0,99.77636719,125.8555603,115.5560379,197.3816223,197.0092468,194.3778839,0.135490835,0.106613718,0.134880006,13.51878357,13.41792965,15.58619881,10.70856285,10.14069748,13.2233963,7.548476696,7.335490227,7.472285748,0.792124748,0.755757213,0.848404169,6.07997036,5.747797012,4.813127995
19.45,0,99.78852081,125.8412552,115.5480652,197.3882904,196.9874573,194.3756714,0.134687141,0.106060915,0.135960922,13.44023037,13.34683895,15.71002102,10.57385349,10.19161987,13.27947807,7.563178539,7.17827034,7.603718281,0.786731541,0.763598025,0.845287085,6.116242886,5.746232033,4.838767529
19.5,0,99.78852081,125.8412552,115.5480652,197.3882904,196.9874573,194.3756714,0.134687141,0.106060915,0.135960922,13.44023037,13.34683895,15.71002102,10.57385349,10.19161987,13.27947807,7.563178539,7.17827034,7.603718281,0.786731541,0.763598025,0.845287085,6.116242886,5.746232033,4.838767529
19.55,0,99.78852081,125.8412552,115.5480652,197.3882904,196.9874573,194.3756714,0.134687141,0.106060915,0.135960922,13.44023037,13.34683895,15.71002102,10.57385349,10.19161987,13.27947807,7.563178539,7.17827034,7.603718281,0.786731541,0.763598025,0.845287085,6.116242886,5.746232033,4.838767529
19.6,0,99.78852081,125.8412552,115.5480652,197.3882904,196.9874573,194.3756714,0.134687141,0.106060915,0.135960922,13.44023037,13.34683895,15.71002102,10.57385349,10.19161987,13.27947807,7.563178539,7.17827034,7.603718281,0.786731541,0.763598025,0.845287085,6.116242886,5.746232033,4.838767529
19.65,0,99.73665619,125.8024063,115.5259705,197.2840118,196.9428558,194.3286743,0.135892496,0.106653847,0.135681525,13.55346298,13.41731071,15.67473984,10.67457485,10.09821033,13.24506092,7.63288784,7.365299225,7.543034554,0.787590206,0.752625525,0.844994009,6.025839329,5.683523655,4.736131668
19.7,0,99.73665619,125.8024063,115.5259705,197.2840118,196.9428558,194.3286743,0.135892496,0.106653847,0.135681525,13.55346298,13.41731071,15.67473984,10.67457485,10.09821033,13.24506092,7.63288784,7.365299225,7.543034554,0.787590206,0.752625525,0.844994009,6.025839329,5.683523655,4.736131668
19.75,0,99.73665619,125.8024063,115.5259705,197.2840118,196.9428558,194.3286743,0.135892496,0.106653847,0.135681525,13.55346298,13.41731071,15.67473984,10.67457485,10.09821033,13.24506092,7.63288784,7.365299225,7.543034554,0.787590206,0.752625525,0.844994009,6.025839329,5.683523655,4.736131668
19.8,0,99.73665619,125.8024063,115.5259705,197.2840118,196.9428558,194.3286743,0.135892496,0.106653847,0.135681525,13.55346298,13.41731071,15.67473984,10.67457485,10.09821033,13.24506092,7.63288784,7.365299225,7.543034554,0.787590206,0.752625525,0.844994009,6.025839329,5.683523655,4.736131668
19.85,0,99.73615265,125.8302078,115.5224533,197.320694,196.9830627,194.3013458,0.135947868,0.10692098,0.134946197,13.55891705,13.45388889,15.58931541,10.7131567,10.12207794,13.22305775,7.592923641,7.390764713,7.49209547,0.790118933,0.752353311,0.848212838,6.045929909,5.686646461,4.766466618
19.9,0,99.73615265,125.8302078,115.5224533,197.320694,196.9830627,194.3013458,0.135947868,0.10692098,0.134946197,13.55891705,13.45388889,15.58931541,10.7131567,10.12207794,13.22305775,7.592923641,7.390764713,7.49209547,0.790118933,0.752353311,0.848212838,6.045929909,5.686646461,4.766466618
19.95,0,99.73615265,125.8302078,115.5224533,197.320694,196.9830627,194.3013458,0.135947868,0.10692098,0.134946197,13.55891705,13.45388889,15.58931541,10.7131567,10.12207794,13.22305775,7.592923641,7.390764713,7.49209547,0.790118933,0.752353311,0.848212838,6.045929909,5.686646461,4.766466618
