t+,class,V_L1,V_L2,V_L3,V_L12,V_L23,V_L31,A_L1,A_L2,A_L3,VA_L1,VA_L2,VA_L3,W_L1,W_L2,W_L3,Q_L1,Q_L2,Q_L3,PF_L1,PF_L2,PF_L3,THD_L1,THD_L2,THD_L3
0,0,100.0313263,125.717186,115.3341293,197.4223785,196.8766632,194.3461761,0.133533627,0.106105573,0.133614942,13.35754585,13.33929443,15.4103632,10.66361237,10.31484318,13.14270592,7.305167675,7.140176773,7.412377834,0.798321247,0.773267508,0.85284853,6.030591965,5.622076511,4.831518173
0.05,0,100.0313263,125.717186,115.3341293,197.4223785,196.8766632,194.3461761,0.133533627,0.106105573,0.133614942,13.35754585,13.33929443,15.4103632,10.66361237,10.31484318,13.14270592,7.305167675,7.140176773,7.412377834,0.798321247,0.773267508,0.85284853,6.030591965,5.622076511,4.831518173
0.1,0,100.0313263,125.717186,115.3341293,197.4223785,196.8766632,194.3461761,0.133533627,0.106105573,0.133614942,13.35754585,13.33929443,15.4103632,10.66361237,10.31484318,13.14270592,7.305167675,7.140176773,7.412377834,0.798321247,0.773267508,0.85284853,6.030591965,5.622076511,4.831518173
0.15,0,100.0313263,125.717186,115.3341293,197.4223785,196.8766632,194.3461761,0.133533627,0.106105573,0.133614942,13.35754585,13.33929443,15.4103632,10.66361237,10.31484318,13.14270592,7.305167675,7.140176773,7.412377834,0.798321247,0.773267508,0.85284853,6.030591965,5.622076511,4.831518173
0.2,0,100.0210266,125.7350693,115.345314,197.4222412,196.9250793,194.3378448,0.13462162,0.105426759,0.133109182,13.46499252,13.25584126,15.35352039,10.79125023,10.13621712,13.16810131,7.394481659,7.256329536,7.226891041,0.801430106,0.764660418,0.857660055,5.972315311,5.615633965,4.773741722
0.25,0,100.0210266,125.7350693,115.345314,197.4222412,196.9250793,194.3378448,0.13462162,0.105426759,0.133109182,13.46499252,13.25584126,15.35352039,10.79125023,10.13621712,13.16810131,7.394481659,7.256329536,7.226891041,0.801430106,0.764660418,0.857660055,5.972315311,5.615633965,4.773741722
0.3,0,100.0210266,125.7350693,115.345314,197.4222412,196.9250793,194.3378448,0.13462162,0.105426759,0.133109182,13.46499252,13.25584126,15.35352039,10.79125023,10.13621712,13.16810131,7.394481659,7.256329536,7.226891041,0.801430106,0.764660418,0.857660055,5.972315311,5.615633965,4.773741722
0.35,0,100.0210266,125.7350693,115.345314,197.4222412,196.9250793,194.3378448,0.13462162,0.105426759,0.133109182,13.46499252,13.25584126,15.35352039,10.79125023,10.13621712,13.16810131,7.394481659,7.256329536,7.226891041,0.801430106,0.764660418,0.857660055,5.972315311,5.615633965,4.773741722
0.4,0,99.99312592,125.7223816,115.3242493,197.3832245,196.9048309,194.2935028,0.134603173,0.106414743,0.132963181,13.45939159,13.37871456,15.33387852,10.74530411,10.18386555,13.09605122,7.386975765,7.312503338,7.325695992,0.798349917,0.761199117,0.854059935,5.896018982,5.551815987,4.70843935
0.45,0,99.99312592,125.7223816,115.3242493,197.3832245,196.9048309,194.2935028,0.134603173,0.106414743,0.132963181,13.45939159,13.37871456,15.33387852,10.74530411,10.18386555,13.09605122,7.386975765,7.312503338,7.325695992,0.798349917,0.761199117,0.854059935,5.896018982,5.551815987,4.70843935
0.5,0,99.99312592,125.7223816,115.3242493,197.3832245,196.9048309,194.2935028,0.134603173,0.106414743,0.132963181,13.45939159,13.37871456,15.33387852,10.74530411,10.18386555,13.09605122,7.386975765,7.312503338,7.325695992,0.798349917,0.761199117,0.854059935,5.896018982,5.551815987,4.70843935
0.55,0,99.99312592,125.7223816,115.3242493,197.3832245,196.9048309,194.2935028,0.134603173,0.106414743,0.132963181,13.45939159,13.37871456,15.33387852,10.74530411,10.18386555,13.09605122,7.386975765,7.312503338,7.325695992,0.798349917,0.761199117,0.854059935,5.896018982,5.551815987,4.70843935
0.6,0,100.0088501,125.7121735,115.3109741,197.3914795,196.8682251,194.302887,0.134787753,0.10569907,0.133218184,13.47996807,13.28765965,15.36151886,10.76546955,10.13094425,13.13654041,7.436040401,7.310791969,7.291439056,0.798627257,0.762432575,0.855158925,5.92343998,5.564114571,4.721725464
0.65,0,100.0088501,125.7121735,115.3109741,197.3914795,196.8682251,194.302887,0.134787753,0.10569907,0.133218184,13.47996807,13.28765965,15.36151886,10.76546955,10.13094425,13.13654041,7.436040401,7.310791969,7.291439056,0.798627257,0.762432575,0.855158925,5.92343998,5.564114571,4.721725464
0.7,0,100.0088501,125.7121735,115.3109741,197.3914795,196.8682251,194.302887,0.134787753,0.10569907,0.133218184,13.47996807,13.28765965,15.36151886,10.76546955,10.13094425,13.13654041,7.436040401,7.310791969,7.291439056,0.798627257,0.762432575,0.855158925,5.92343998,5.564114571,4.721725464
0.75,0,100.0088501,125.7121735,115.3109741,197.3914795,196.8682251,194.302887,0.134787753,0.10569907,0.133218184,13.47996807,13.28765965,15.36151886,10.76546955,10.13094425,13.13654041,7.436040401,7.310791969,7.291439056,0.798627257,0.762432575,0.855158925,5.92343998,5.564114571,4.721725464
0.8,0,100.0292511,125.7226181,115.3220596,197.4180603,196.874649,194.3385468,0.134556711,0.105729312,0.132799044,13.45960712,13.2925663,15.31465912,10.76673889,10.14880085,13.1290493,7.352554321,7.238179207,7.229960442,0.799929678,0.763494492,0.857286394,5.93430233,5.597223759,4.728630066
0.85,0,100.0292511,125.7226181,115.3220596,197.4180603,196.874649,194.3385468,0.134556711,0.105729312,0.132799044,13.45960712,13.2925663,15.31465912,10.76673889,10.14880085,13.1290493,7.352554321,7.238179207,7.229960442,0.799929678,0.763494492,0.857286394,5.93430233,5.597223759,4.728630066
0.9,0,100.0292511,125.7226181,115.3220596,197.4180603,196.874649,194.3385468,0.134556711,0.105729312,0.132799044,13.45960712,13.2925663,15.31465912,10.76673889,10.14880085,13.1290493,7.352554321,7.238179207,7.229960442,0.799929678,0.763494492,0.857286394,5.93430233,5.597223759,4.728630066
0.95,0,100.0292511,125.7226181,115.3220596,197.4180603,196.874649,194.3385468,0.134556711,0.105729312,0.132799044,13.45960712,13.2925663,15.31465912,10.76673889,10.14880085,13.1290493,7.352554321,7.238179207,7.229960442,0.799929678,0.763494492,0.857286394,5.93430233,5.597223759,4.728630066
1,0,100.0170898,125.7321014,115.3328781,197.4255676,196.9126892,194.3151245,0.135343656,0.106874324,0.133727401,13.53667831,13.43753338,15.42316628,10.78920174,10.21169186,13.14668369,7.459295273,7.374475956,7.374947071,0.797034681,0.759937942,0.852398515,5.981665134,5.599292278,4.788828373
1.05,0,100.0170898,125.7321014,115.3328781,197.4255676,196.9126892,194.3151245,0.135343656,0.106874324,0.133727401,13.53667831,13.43753338,15.42316628,10.78920174,10.21169186,13.14668369,7.459295273,7.374475956,7.374947071,0.797034681,0.759937942,0.852398515,5.981665134,5.599292278,4.788828373
1.1,0,100.0170898,125.7321014,115.3328781,197.4255676,196.9126892,194.3151245,0.135343656,0.106874324,0.133727401,13.53667831,13.43753338,15.42316628,10.78920174,10.21169186,13.14668369,7.459295273,7.374475956,7.374947071,0.797034681,0.759937942,0.852398515,5.981665134,5.599292278,4.788828373
1.15,0,100.0170898,125.7321014,115.3328781,197.4255676,196.9126892,194.3151245,0.135343656,0.106874324,0.133727401,13.53667831,13.43753338,15.42316628,10.78920174,10.21169186,13.14668369,7.459295273,7.374475956,7.374947071,0.797034681,0.759937942,0.852398515,5.981665134,5.599292278,4.788828373
1.2,0,100.0136948,125.7279282,115.3233719,197.4127808,196.8929291,194.3144531,0.134447739,0.106721669,0.131936193,13.44661522,13.41789436,15.21532631,10.81059551,10.24672794,13.00214386,7.262066364,7.363499641,7.247180462,0.803964078,0.763661385,0.854542553,6.009482384,5.610788822,4.81417799
1.25,0,100.0136948,125.7279282,115.3233719,197.4127808,196.8929291,194.3144531,0.134447739,0.106721669,0.131936193,13.44661522,13.41789436,15.21532631,10.81059551,10.24672794,13.00214386,7.262066364,7.363499641,7.247180462,0.803964078,0.763661385,0.854542553,6.009482384,5.610788822,4.81417799
1.3,0,100.0136948,125.7279282,115.3233719,197.4127808,196.8929291,194.3144531,0.134447739,0.106721669,0.131936193,13.44661522,13.41789436,15.21532631,10.81059551,10.24672794,13.00214386,7.262066364,7.363499641,7.247180462,0.803964078,0.763661385,0.854542553,6.009482384,5.610788822,4.81417799
1.35,0,100.0136948,125.7279282,115.3233719,197.4127808,196.8929291,194.3144531,0.134447739,0.106721669,0.131936193,13.44661522,13.41789436,15.21532631,10.81059551,10.24672794,13.00214386,7.262066364,7.363499641,7.247180462,0.803964078,0.763661385,0.854542553,6.009482384,5.610788822,4.81417799
1.4,0,99.98712921,125.7163086,115.3011322,197.3852997,196.87117,194.2618561,0.134780973,0.106450059,0.133180991,13.47636223,13.38250828,15.35591888,10.7575798,10.18096066,13.10609818,7.40649271,7.328855038,7.320360184,0.798255444,0.760766268,0.853488386,6.030229568,5.662736893,4.836556435
1.45,0,99.98712921,125.7163086,115.3011322,197.3852997,196.87117,194.2618561,0.134780973,0.106450059,0.133180991,13.47636223,13.38250828,15.35591888,10.7575798,10.18096066,13.10609818,7.40649271,7.328855038,7.320360184,0.798255444,0.760766268,0.853488386,6.030229568,5.662736893,4.836556435
1.5,0,99.98712921,125.7163086,115.3011322,197.3852997,196.87117,194.2618561,0.134780973,0.106450059,0.133180991,13.47636223,13.38250828,15.35591888,10.7575798,10.18096066,13.10609818,7.40649271,7.328855038,7.320360184,0.798255444,0.760766268,0.853488386,6.030229568,5.662736893,4.836556435
1.55,0,99.98712921,125.7163086,115.3011322,197.3852997,196.87117,194.2618561,0.134780973,0.106450059,0.133180991,13.47636223,13.38250828,15.35591888,10.7575798,10.18096066,13.10609818,7.40649271,7.328855038,7.320360184,0.798255444,0.760766268,0.853488386,6.030229568,5.662736893,4.836556435
1.6,0,99.98670197,125.7239838,115.2920227,197.4048309,196.8643036,194.2455902,0.135034978,0.105508186,0.133721754,13.50170231,13.26490974,15.41705132,10.75170326,10.14988708,13.20656872,7.444407463,7.228928566,7.301567554,0.796322048,0.76516819,0.856620908,6.075091839,5.679039955,4.914083481
1.65,0,99.98670197,125.7239838,115.2920227,197.4048309,196.8643036,194.2455902,0.135034978,0.105508186,0.133721754,13.50170231,13.26490974,15.41705132,10.75170326,10.14988708,13.20656872,7.444407463,7.228928566,7.301567554,0.796322048,0.76516819,0.856620908,6.075091839,5.679039955,4.914083481
1.7,0,99.98670197,125.7239838,115.2920227,197.4048309,196.8643036,194.2455902,0.135034978,0.105508186,0.133721754,13.50170231,13.26490974,15.41705132,10.75170326,10.14988708,13.20656872,7.444407463,7.228928566,7.301567554,0.796322048,0.76516819,0.856620908,6.075091839,5.679039955,4.914083481
1.75,0,99.98670197,125.7239838,115.2920227,197.4048309,196.8643036,194.2455902,0.135034978,0.105508186,0.133721754,13.50170231,13.26490974,15.41705132,10.75170326,10.14988708,13.20656872,7.444407463,7.228928566,7.301567554,0.796322048,0.76516819,0.856620908,6.075091839,5.679039955,4.914083481
1.8,0,100.022377,125.6826706,115.3161926,197.3731995,196.8230896,194.3376617,0.135152102,0.106904879,0.134685159,13.51823425,13.43609047,15.5313797,10.69467163,10.19359207,13.17224979,7.521477222,7.306652069,7.476088047,0.791129351,0.758672476,0.848105609,6.003869534,5.673236847,4.888168335
1.85,0,100.022377,125.6826706,115.3161926,197.3731995,196.8230896,194.3376617,0.135152102,0.106904879,0.134685159,13.51823425,13.43609047,15.5313797,10.69467163,10.19359207,13.17224979,7.521477222,7.306652069,7.476088047,0.791129351,0.758672476,0.848105609,6.003869534,5.673236847,4.888168335
1.9,0,100.022377,125.6826706,115.3161926,197.3731995,196.8230896,194.3376617,0.135152102,0.106904879,0.134685159,13.51823425,13.43609047,15.5313797,10.69467163,10.19359207,13.17224979,7.521477222,7.306652069,7.476088047,0.791129351,0.758672476,0.848105609,6.003869534,5.673236847,4.888168335
1.95,0,100.022377,125.6826706,115.3161926,197.3731995,196.8230896,194.3376617,0.135152102,0.106904879,0.134685159,13.51823425,13.43609047,15.5313797,10.69467163,10.19359207,13.17224979,7.521477222,7.306652069,7.476088047,0.791129351,0.758672476,0.848105609,6.003869534,5.673236847,4.888168335
2,0,100.0012894,125.7176285,115.3342133,197.385025,196.9045258,194.3122253,0.136826009,0.10727036,0.134185225,13.6827774,13.48577499,15.47614765,10.84834576,10.10654545,13.17378902,7.611962795,7.517394066,7.393241405,0.792846739,0.749422669,0.851231813,6.003934383,5.682990551,4.848442554
2.05,0,100.0012894,125.7176285,115.3342133,197.385025,196.9045258,194.3122253,0.136826009,0.10727036,0.134185225,13.6827774,13.48577499,15.47614765,10.84834576,10.10654545,13.17378902,7.611962795,7.517394066,7.393241405,0.792846739,0.749422669,0.851231813,6.003934383,5.682990551,4.848442554
2.1,0,100.0012894,125.7176285,115.3342133,197.385025,196.9045258,194.3122253,0.136826009,0.10727036,0.134185225,13.6827774,13.48577499,15.47614765,10.84834576,10.10654545,13.17378902,7.611962795,7.517394066,7.393241405,0.792846739,0.749422669,0.851231813,6.003934383,5.682990551,4.848442554
2.15,0,100.0012894,125.7176285,115.3342133,197.385025,196.9045258,194.3122253,0.136826009,0.10727036,0.134185225,13.6827774,13.48577499,15.47614765,10.84834576,10.10654545,13.17378902,7.611962795,7.517394066,7.393241405,0.792846739,0.749422669,0.851231813,6.003934383,5.682990551,4.848442554
2.2,0,100.0009079,125.7341614,115.3244095,197.4079285,196.9106445,194.2952423,0.137083858,0.107361592,0.134485692,13.7085104,13.49901962,15.50948334,10.81330967,10.0734911,13.17175102,7.660112858,7.525914669,7.424899578,0.788802683,0.746238708,0.849270761,5.997682571,5.657207012,4.848317623
2.25,0,100.0009079,125.7341614,115.3244095,197.4079285,196.9106445,194.2952423,0.137083858,0.107361592,0.134485692,13.7085104,13.49901962,15.50948334,10.81330967,10.0734911,13.17175102,7.660112858,7.525914669,7.424899578,0.788802683,0.746238708,0.849270761,5.997682571,5.657207012,4.848317623
2.3,0,100.0009079,125.7341614,115.3244095,197.4079285,196.9106445,194.2952423,0.137083858,0.107361592,0.134485692,13.7085104,13.49901962,15.50948334,10.81330967,10.0734911,13.17175102,7.660112858,7.525914669,7.424899578,0.788802683,0.746238708,0.849270761,5.997682571,5.657207012,4.848317623
2.35,0,100.0009079,125.7341614,115.3244095,197.4079285,196.9106445,194.2952423,0.137083858,0.107361592,0.134485692,13.7085104,13.49901962,15.50948334,10.81330967,10.0734911,13.17175102,7.660112858,7.525914669,7.424899578,0.788802683,0.746238708,0.849270761,5.997682571,5.657207012,4.848317623
2.4,0,100.0053711,125.7169571,115.3033066,197.3898621,196.8761749,194.2888031,0.13518475,0.106663659,0.132992506,13.51920128,13.4094305,15.33447552,10.7942543,10.21855354,13.10216808,7.430457115,7.403705597,7.371037006,0.798438787,0.762042344,0.85442555,5.929712772,5.575842381,4.757638454
2.45,0,100.0053711,125.7169571,115.3033066,197.3898621,196.8761749,194.2888031,0.13518475,0.106663659,0.132992506,13.51920128,13.4094305,15.33447552,10.7942543,10.21855354,13.10216808,7.430457115,7.403705597,7.371037006,0.798438787,0.762042344,0.85442555,5.929712772,5.575842381,4.757638454
2.5,0,100.0053711,125.7169571,115.3033066,197.3898621,196.8761749,194.2888031,0.13518475,0.106663659,0.132992506,13.51920128,13.4094305,15.33447552,10.7942543,10.21855354,13.10216808,7.430457115,7.403705597,7.371037006,0.798438787,0.762042344,0.85442555,5.929712772,5.575842381,4.757638454
2.55,0,100.0053711,125.7169571,115.3033066,197.3898621,196.8761749,194.2888031,0.13518475,0.106663659,0.132992506,13.51920128,13.4094305,15.33447552,10.7942543,10.21855354,13.10216808,7.430457115,7.403705597,7.371037006,0.798438787,0.762042344,0.85442555,5.929712772,5.575842381,4.757638454
2.6,0,100.0179138,125.6741562,115.317955,197.3456573,196.8321228,194.3400879,0.136180565,0.106786899,0.133178934,13.6204958,13.42035389,15.35792255,10.83587551,10.06372738,13.10329151,7.495069504,7.4498353,7.272932529,0.795556605,0.74988538,0.853194296,5.883808613,5.619026184,4.751010418
2.65,0,100.0179138,125.6741562,115.317955,197.3456573,196.8321228,194.3400879,0.136180565,0.106786899,0.133178934,13.6204958,13.42035389,15.35792255,10.83587551,10.06372738,13.10329151,7.495069504,7.4498353,7.272932529,0.795556605,0.74988538,0.853194296,5.883808613,5.619026184,4.751010418
2.7,0,100.0179138,125.6741562,115.317955,197.3456573,196.8321228,194.3400879,0.136180565,0.106786899,0.133178934,13.6204958,13.42035389,15.35792255,10.83587551,10.06372738,13.10329151,7.495069504,7.4498353,7.272932529,0.795556605,0.74988538,0.853194296,5.883808613,5.619026184,4.751010418
2.75,0,100.0179138,125.6741562,115.317955,197.3456573,196.8321228,194.3400879,0.136180565,0.106786899,0.133178934,13.6204958,13.42035389,15.35792255,10.83587551,10.06372738,13.10329151,7.495069504,7.4498353,7.272932529,0.795556605,0.74988538,0.853194296,5.883808613,5.619026184,4.751010418
2.8,0,99.94652557,125.5911407,115.2054367,197.230423,196.6440125,194.1765747,0.136307895,0.106296822,0.134236559,13.62350082,13.34993935,15.46478176,10.79678631,10.10604572,13.20539284,7.604879856,7.411713123,7.410945415,0.79251188,0.757010639,0.853901029,5.873162746,5.556983471,4.772292614
2.85,0,99.94652557,125.5911407,115.2054367,197.230423,196.6440125,194.1765747,0.136307895,0.106296822,0.134236559,13.62350082,13.34993935,15.46478176,10.79678631,10.10604572,13.20539284,7.604879856,7.411713123,7.410945415,0.79251188,0.757010639,0.853901029,5.873162746,5.556983471,4.772292614
2.9,0,99.94652557,125.5911407,115.2054367,197.230423,196.6440125,194.1765747,0.136307895,0.106296822,0.134236559,13.62350082,13.34993935,15.46478176,10.79678631,10.10604572,13.20539284,7.604879856,7.411713123,7.410945415,0.79251188,0.757010639,0.853901029,5.873162746,5.556983471,4.772292614
2.95,0,99.94652557,125.5911407,115.2054367,197.230423,196.6440125,194.1765747,0.136307895,0.106296822,0.134236559,13.62350082,13.34993935,15.46478176,10.79678631,10.10604572,13.20539284,7.604879856,7.411713123,7.410945415,0.79251188,0.757010639,0.853901029,5.873162746,5.556983471,4.772292614
3,0,100.0098953,125.7177734,115.2781677,197.4104919,196.8389435,194.2668762,0.136502087,0.106889255,0.134811908,13.65155983,13.43787956,15.54086971,10.76189232,10.0998888,13.21620274,7.63106823,7.397200108,7.437789917,0.788326919,0.751598418,0.850415885,5.958380699,5.558386803,4.76799345
3.05,0,100.0098953,125.7177734,115.2781677,197.4104919,196.8389435,194.2668762,0.136502087,0.106889255,0.134811908,13.65155983,13.43787956,15.54086971,10.76189232,10.0998888,13.21620274,7.63106823,7.397200108,7.437789917,0.788326919,0.751598418,0.850415885,5.958380699,5.558386803,4.76799345
3.1,0,100.0098953,125.7177734,115.2781677,197.4104919,196.8389435,194.2668762,0.136502087,0.106889255,0.134811908,13.65155983,13.43787956,15.54086971,10.76189232,10.0998888,13.21620274,7.63106823,7.397200108,7.437789917,0.788326919,0.751598418,0.850415885,5.958380699,5.558386803,4.76799345
3.15,0,100.0098953,125.7177734,115.2781677,197.4104919,196.8389435,194.2668762,0.136502087,0.106889255,0.134811908,13.65155983,13.43787956,15.54086971,10.76189232,10.0998888,13.21620274,7.63106823,7.397200108,7.437789917,0.788326919,0.751598418,0.850415885,5.958380699,5.558386803,4.76799345
3.2,0,99.99998474,125.7115555,115.3135681,197.3800812,196.8782654,194.2944489,0.136258498,0.107063673,0.133797571,13.62584782,13.45914078,15.42867565,10.80952835,10.12588596,13.13878727,7.576311588,7.50144434,7.41170311,0.793310523,0.752342701,0.851582289,5.917180538,5.579497814,4.741461277
3.25,0,99.99998474,125.7115555,115.3135681,197.3800812,196.8782654,194.2944489,0.136258498,0.107063673,0.133797571,13.62584782,13.45914078,15.42867565,10.80952835,10.12588596,13.13878727,7.576311588,7.50144434,7.41170311,0.793310523,0.752342701,0.851582289,5.917180538,5.579497814,4.741461277
3.3,0,99.99998474,125.7115555,115.3135681,197.3800812,196.8782654,194.2944489,0.136258498,0.107063673,0.133797571,13.62584782,13.45914078,15.42867565,10.80952835,10.12588596,13.13878727,7.576311588,7.50144434,7.41170311,0.793310523,0.752342701,0.851582289,5.917180538,5.579497814,4.741461277
3.35,0,99.99998474,125.7115555,115.3135681,197.3800812,196.8782654,194.2944489,0.136258498,0.107063673,0.133797571,13.62584782,13.45914078,15.42867565,10.80952835,10.12588596,13.13878727,7.576311588,7.50144434,7.41170311,0.793310523,0.752342701,0.851582289,5.917180538,5.579497814,4.741461277
3.4,0,99.96949768,125.7060471,115.3106995,197.3387909,196.8917694,194.2604065,0.137095377,0.107639253,0.132977918,13.70535564,13.53090477,15.33377647,10.91908073,10.11179447,13.09702301,7.482165337,7.533733368,7.244759083,0.796701729,0.747311056,0.854129016,5.875717163,5.515617371,4.735523224
3.45,0,99.96949768,125.7060471,115.3106995,197.3387909,196.8917694,194.2604065,0.137095377,0.107639253,0.132977918,13.70535564,13.53090477,15.33377647,10.91908073,10.11179447,13.09702301,7.482165337,7.533733368,7.244759083,0.796701729,0.747311056,0.854129016,5.875717163,5.515617371,4.735523224
3.5,0,99.96949768,125.7060471,115.3106995,197.3387909,196.8917694,194.2604065,0.137095377,0.107639253,0.132977918,13.70535564,13.53090477,15.33377647,10.91908073,10.11179447,13.09702301,7.482165337,7.533733368,7.244759083,0.796701729,0.747311056,0.854129016,5.875717163,5.515617371,4.735523224
3.55,0,99.96949768,125.7060471,115.3106995,197.3387909,196.8917694,194.2604065,0.137095377,0.107639253,0.132977918,13.70535564,13.53090477,15.33377647,10.91908073,10.11179447,13.09702301,7.482165337,7.533733368,7.244759083,0.796701729,0.747311056,0.854129016,5.875717163,5.515617371,4.735523224
3.6,0,99.96811676,125.6745071,115.3201065,197.2967987,196.8668671,194.2823486,0.136780381,0.10854581,0.133152917,13.67367744,13.64144135,15.3552084,10.86542511,10.20291328,13.01426983,7.504811764,7.656365395,7.432306767,0.794623494,0.747935116,0.847547591,5.905723572,5.54796648,4.740696907
3.65,0,99.96811676,125.6745071,115.3201065,197.2967987,196.8668671,194.2823486,0.136780381,0.10854581,0.133152917,13.67367744,13.64144135,15.3552084,10.86542511,10.20291328,13.01426983,7.504811764,7.656365395,7.432306767,0.794623494,0.747935116,0.847547591,5.905723572,5.54796648,4.740696907
3.7,0,99.96811676,125.6745071,115.3201065,197.2967987,196.8668671,194.2823486,0.136780381,0.10854581,0.133152917,13.67367744,13.64144135,15.3552084,10.86542511,10.20291328,13.01426983,7.504811764,7.656365395,7.432306767,0.794623494,0.747935116,0.847547591,5.905723572,5.54796648,4.740696907
3.75,0,99.96811676,125.6745071,115.3201065,197.2967987,196.8668671,194.2823486,0.136780381,0.10854581,0.133152917,13.67367744,13.64144135,15.3552084,10.86542511,10.20291328,13.01426983,7.504811764,7.656365395,7.432306767,0.794623494,0.747935116,0.847547591,5.905723572,5.54796648,4.740696907
3.8,0,99.96020508,125.6511383,115.2801056,197.2768097,196.7953186,194.2453613,0.138216034,0.109253615,0.133304983,13.81610298,13.72784138,15.36741257,10.92112827,10.10427761,13.01628494,7.611984253,7.758517742,7.407226086,0.790463746,0.736042738,0.847005606,5.881989479,5.555508137,4.730938435
3.85,0,99.96020508,125.6511383,115.2801056,197.2768097,196.7953186,194.2453613,0.138216034,0.109253615,0.133304983,13.81610298,13.72784138,15.36741257,10.92112827,10.10427761,13.01628494,7.611984253,7.758517742,7.407226086,0.790463746,0.736042738,0.847005606,5.881989479,5.555508137,4.730938435
3.9,0,99.96020508,125.6511383,115.2801056,197.2768097,196.7953186,194.2453613,0.138216034,0.109253615,0.133304983,13.81610298,13.72784138,15.36741257,10.92112827,10.10427761,13.01628494,7.611984253,7.758517742,7.407226086,0.790463746,0.736042738,0.847005606,5.881989479,5.555508137,4.730938435
3.95,0,99.96020508,125.6511383,115.2801056,197.2768097,196.7953186,194.2453613,0.138216034,0.109253615,0.133304983,13.81610298,13.72784138,15.36741257,10.92112827,10.10427761,13.01628494,7.611984253,7.758517742,7.407226086,0.790463746,0.736042738,0.847005606,5.881989479,5.555508137,4.730938435
4,0,99.95902252,125.6859436,115.2746201,197.32724,196.8329315,194.2138824,0.137458935,0.107584476,0.132703796,13.74026108,13.52185631,15.29737949,10.9303503,10.06843567,13.06921768,7.568201542,7.652009487,7.293113708,0.795498013,0.744604528,0.854343534,5.91667366,5.527679443,4.747233868
4.05,0,99.95902252,125.6859436,115.2746201,197.32724,196.8329315,194.2138824,0.137458935,0.107584476,0.132703796,13.74026108,13.52185631,15.29737949,10.9303503,10.06843567,13.06921768,7.568201542,7.652009487,7.293113708,0.795498013,0.744604528,0.854343534,5.91667366,5.527679443,4.747233868
4.1,0,99.95902252,125.6859436,115.2746201,197.32724,196.8329315,194.2138824,0.137458935,0.107584476,0.132703796,13.74026108,13.52185631,15.29737949,10.9303503,10.06843567,13.06921768,7.568201542,7.652009487,7.293113708,0.795498013,0.744604528,0.854343534,5.91667366,5.527679443,4.747233868
4.15,0,99.92214966,125.6534729,115.2484283,197.2566681,196.7864227,194.1645508,0.138665989,0.10938926,0.132655844,13.85580349,13.74514008,15.28837776,11.02038765,10.11266613,13.01246929,7.545255661,7.790234566,7.277804852,0.795362592,0.735726655,0.851134717,5.91667366,5.527679443,4.747233868
4.2,0,99.92214966,125.6534729,115.2484283,197.2566681,196.7864227,194.1645508,0.138665989,0.10938926,0.132655844,13.85580349,13.74514008,15.28837776,11.02038765,10.11266613,13.01246929,7.545255661,7.790234566,7.277804852,0.795362592,0.735726655,0.851134717,5.909218788,5.545943737,4.715509892
4.25,0,99.92214966,125.6534729,115.2484283,197.2566681,196.7864227,194.1645508,0.138665989,0.10938926,0.132655844,13.85580349,13.74514008,15.28837776,11.02038765,10.11266613,13.01246929,7.545255661,7.790234566,7.277804852,0.795362592,0.735726655,0.851134717,5.909218788,5.545943737,4.715509892
4.3,0,99.92214966,125.6534729,115.2484283,197.2566681,196.7864227,194.1645508,0.138665989,0.10938926,0.132655844,13.85580349,13.74514008,15.28837776,11.02038765,10.11266613,13.01246929,7.545255661,7.790234566,7.277804852,0.795362592,0.735726655,0.851134717,5.909218788,5.545943737,4.715509892
4.35,0,99.92214966,125.6534729,115.2484283,197.2566681,196.7864227,194.1645508,0.138665989,0.10938926,0.132655844,13.85580349,13.74514008,15.28837776,11.02038765,10.11266613,13.01246929,7.545255661,7.790234566,7.277804852,0.795362592,0.735726655,0.851134717,5.909218788,5.545943737,4.715509892
4.4,0,99.88659668,125.6211548,115.1932297,197.2087097,196.7106781,194.0770569,0.137730837,0.107320137,0.134255037,13.75746441,13.48167992,15.465271,10.83761787,9.992977142,13.15148067,7.735908508,7.622889042,7.415627003,0.787762761,0.741226435,0.85038799,5.841532707,5.485402584,4.67696619
4.45,0,99.88659668,125.6211548,115.1932297,197.2087097,196.7106781,194.0770569,0.137730837,0.107320137,0.134255037,13.75746441,13.48167992,15.465271,10.83761787,9.992977142,13.15148067,7.735908508,7.622889042,7.415627003,0.787762761,0.741226435,0.85038799,5.841532707,5.485402584,4.67696619
4.5,0,99.88659668,125.6211548,115.1932297,197.2087097,196.7106781,194.0770569,0.137730837,0.107320137,0.134255037,13.75746441,13.48167992,15.465271,10.83761787,9.992977142,13.15148067,7.735908508,7.622889042,7.415627003,0.787762761,0.741226435,0.85038799,5.841532707,5.485402584,4.67696619
4.55,0,99.89550781,125.6258926,115.2233582,197.2237549,196.7247925,194.1182556,0.138749808,0.108722843,0.1350182,13.86048222,13.65840435,15.55725002,10.86895847,10.01740837,13.16193485,7.764310837,7.670179367,7.447726727,0.784168839,0.733424485,0.846032202,5.841532707,5.485402584,4.67696619
4.6,0,99.89550781,125.6258926,115.2233582,197.2237549,196.7247925,194.1182556,0.138749808,0.108722843,0.1350182,13.86048222,13.65840435,15.55725002,10.86895847,10.01740837,13.16193485,7.764310837,7.670179367,7.447726727,0.784168839,0.733424485,0.846032202,5.894742012,5.522390842,4.741823673
4.65,0,99.89550781,125.6258926,115.2233582,197.2237549,196.7247925,194.1182556,0.138749808,0.108722843,0.1350182,13.86048222,13.65840435,15.55725002,10.86895847,10.01740837,13.16193485,7.764310837,7.670179367,7.447726727,0.784168839,0.733424485,0.846032202,5.894742012,5.522390842,4.741823673
4.7,0,99.89550781,125.6258926,115.2233582,197.2237549,196.7247925,194.1182556,0.138749808,0.108722843,0.1350182,13.86048222,13.65840435,15.55725002,10.86895847,10.01740837,13.16193485,7.764310837,7.670179367,7.447726727,0.784168839,0.733424485,0.846032202,5.894742012,5.522390842,4.741823673
4.75,0,99.89550781,125.6258926,115.2233582,197.2237549,196.7247925,194.1182556,0.138749808,0.108722843,0.1350182,13.86048222,13.65840435,15.55725002,10.86895847,10.01740837,13.16193485,7.764310837,7.670179367,7.447726727,0.784168839,0.733424485,0.846032202,5.894742012,5.522390842,4.741823673
4.8,0,99.91650391,125.5967636,115.2125626,197.2252045,196.6667175,194.1343079,0.139517218,0.108304061,0.13703455,13.94007301,13.6026392,15.78810215,10.81831074,9.948979378,13.29661083,8.002259254,7.682210445,7.608788967,0.776058376,0.731400669,0.842191815,5.952733994,5.60908699,4.835531712
4.85,0,99.91650391,125.5967636,115.2125626,197.2252045,196.6667175,194.1343079,0.139517218,0.108304061,0.13703455,13.94007301,13.6026392,15.78810215,10.81831074,9.948979378,13.29661083,8.002259254,7.682210445,7.608788967,0.776058376,0.731400669,0.842191815,5.952733994,5.60908699,4.835531712
4.9,0,99.91650391,125.5967636,115.2125626,197.2252045,196.6667175,194.1343079,0.139517218,0.108304061,0.13703455,13.94007301,13.6026392,15.78810215,10.81831074,9.948979378,13.29661083,8.002259254,7.682210445,7.608788967,0.776058376,0.731400669,0.842191815,5.952733994,5.60908699,4.835531712
4.95,0,99.90707397,125.6270065,115.2119598,197.2576904,196.7025452,194.1064606,0.139828593,0.108774096,0.13738443,13.9698658,13.66496372,15.82832909,10.81714439,9.973326683,13.31900787,7.995776653,7.656983376,7.620916843,0.774319828,0.729846537,0.841466427,6.031308174,5.640807629,4.889684677
5,0,99.90707397,125.6270065,115.2119598,197.2576904,196.7025452,194.1064606,0.139828593,0.108774096,0.13738443,13.9698658,13.66496372,15.82832909,10.81714439,9.973326683,13.31900787,7.995776653,7.656983376,7.620916843,0.774319828,0.729846537,0.841466427,6.031308174,5.640807629,4.889684677
5.05,0,99.90707397,125.6270065,115.2119598,197.2576904,196.7025452,194.1064606,0.139828593,0.108774096,0.13738443,13.9698658,13.66496372,15.82832909,10.81714439,9.973326683,13.31900787,7.995776653,7.656983376,7.620916843,0.774319828,0.729846537,0.841466427,6.031308174,5.640807629,4.889684677
5.1,0,99.90707397,125.6270065,115.2119598,197.2576904,196.7025452,194.1064606,0.139828593,0.108774096,0.13738443,13.9698658,13.66496372,15.82832909,10.81714439,9.973326683,13.31900787,7.995776653,7.656983376,7.620916843,0.774319828,0.729846537,0.841466427,6.031308174,5.640807629,4.889684677
5.15,0,99.90707397,125.6270065,115.2119598,197.2576904,196.7025452,194.1064606,0.139828593,0.108774096,0.13738443,13.9698658,13.66496372,15.82832909,10.81714439,9.973326683,13.31900787,7.995776653,7.656983376,7.620916843,0.774319828,0.729846537,0.841466427,6.031308174,5.640807629,4.889684677
5.2,0,99.90354156,125.6260681,115.1749268,197.26091,196.6727448,194.0622253,0.13932687,0.107931212,0.137548596,13.91924763,13.55897331,15.84214973,10.78661633,9.956237793,13.39340115,8.02083683,7.559439659,7.61183548,0.774942458,0.734291434,0.845428288,6.047469139,5.664989471,4.888425827
5.25,0,99.90354156,125.6260681,115.1749268,197.26091,196.6727448,194.0622253,0.13932687,0.107931212,0.137548596,13.91924763,13.55897331,15.84214973,10.78661633,9.956237793,13.39340115,8.02083683,7.559439659,7.61183548,0.774942458,0.734291434,0.845428288,6.047469139,5.664989471,4.888425827
5.3,0,99.90354156,125.6260681,115.1749268,197.26091,196.6727448,194.0622253,0.13932687,0.107931212,0.137548596,13.91924763,13.55897331,15.84214973,10.78661633,9.956237793,13.39340115,8.02083683,7.559439659,7.61183548,0.774942458,0.734291434,0.845428288,6.047469139,5.664989471,4.888425827
5.35,0,99.8404007,125.5966568,115.1593781,197.15979,196.6429749,194.0074463,0.141845033,0.108680099,0.137398079,14.16186523,13.64985752,15.82267761,10.92126846,9.783759117,13.35510731,8.207403183,7.870121002,7.580627441,0.771174431,0.716766417,0.8440485,5.911797523,5.647512436,4.799359798
5.4,0,99.8404007,125.5966568,115.1593781,197.15979,196.6429749,194.0074463,0.141845033,0.108680099,0.137398079,14.16186523,13.64985752,15.82267761,10.92126846,9.783759117,13.35510731,8.207403183,7.870121002,7.580627441,0.771174431,0.716766417,0.8440485,5.911797523,5.647512436,4.799359798
5.45,0,99.8404007,125.5966568,115.1593781,197.15979,196.6429749,194.0074463,0.141845033,0.108680099,0.137398079,14.16186523,13.64985752,15.82267761,10.92126846,9.783759117,13.35510731,8.207403183,7.870121002,7.580627441,0.771174431,0.716766417,0.8440485,5.911797523,5.647512436,4.799359798
5.5,0,99.8404007,125.5966568,115.1593781,197.15979,196.6429749,194.0074463,0.141845033,0.108680099,0.137398079,14.16186523,13.64985752,15.82267761,10.92126846,9.783759117,13.35510731,8.207403183,7.870121002,7.580627441,0.771174431,0.716766417,0.8440485,5.911797523,5.647512436,4.799359798
5.55,0,99.8404007,125.5966568,115.1593781,197.15979,196.6429749,194.0074463,0.141845033,0.108680099,0.137398079,14.16186523,13.64985752,15.82267761,10.92126846,9.783759117,13.35510731,8.207403183,7.870121002,7.580627441,0.771174431,0.716766417,0.8440485,5.911797523,5.647512436,4.799359798
5.6,0,99.85040283,125.5957031,115.1549606,197.1655884,196.6668243,193.9910126,0.141581193,0.109732047,0.13770099,14.13693905,13.7818737,15.85695171,10.90041351,9.905437469,13.31986713,8.172935486,7.89588213,7.673961163,0.771058977,0.718729377,0.840001762,5.948163033,5.599856853,4.837852478
5.65,0,99.85040283,125.5957031,115.1549606,197.1655884,196.6668243,193.9910126,0.141581193,0.109732047,0.13770099,14.13693905,13.7818737,15.85695171,10.90041351,9.905437469,13.31986713,8.172935486,7.89588213,7.673961163,0.771058977,0.718729377,0.840001762,5.948163033,5.599856853,4.837852478
5.7,0,99.85040283,125.5957031,115.1549606,197.1655884,196.6668243,193.9910126,0.141581193,0.109732047,0.13770099,14.13693905,13.7818737,15.85695171,10.90041351,9.905437469,13.31986713,8.172935486,7.89588213,7.673961163,0.771058977,0.718729377,0.840001762,5.948163033,5.599856853,4.837852478
5.75,0,99.87714386,125.5945358,115.2199783,197.1713562,196.7065887,194.0998993,0.139508814,0.108469389,0.135305166,13.93374157,13.62316227,15.58985806,10.89551163,9.970474243,13.23429871,7.839639187,7.681332111,7.445954323,0.781951606,0.731876612,0.848904371,5.968733788,5.602583885,4.792967796
5.8,0,99.87714386,125.5945358,115.2199783,197.1713562,196.7065887,194.0998993,0.139508814,0.108469389,0.135305166,13.93374157,13.62316227,15.58985806,10.89551163,9.970474243,13.23429871,7.839639187,7.681332111,7.445954323,0.781951606,0.731876612,0.848904371,5.968733788,5.602583885,4.792967796
5.85,0,99.87714386,125.5945358,115.2199783,197.1713562,196.7065887,194.0998993,0.139508814,0.108469389,0.135305166,13.93374157,13.62316227,15.58985806,10.89551163,9.970474243,13.23429871,7.839639187,7.681332111,7.445954323,0.781951606,0.731876612,0.848904371,5.968733788,5.602583885,4.792967796
5.9,0,99.87714386,125.5945358,115.2199783,197.1713562,196.7065887,194.0998993,0.139508814,0.108469389,0.135305166,13.93374157,13.62316227,15.58985806,10.89551163,9.970474243,13.23429871,7.839639187,7.681332111,7.445954323,0.781951606,0.731876612,0.848904371,5.968733788,5.602583885,4.792967796
5.95,0,99.8516922,125.5906143,115.2277222,197.1419983,196.7039642,194.0939026,0.136727646,0.107396163,0.132615909,13.6524868,13.48795033,15.28102875,10.8763628,10.05588913,13.03222656,7.510974407,7.593735695,7.276071072,0.796657979,0.745546103,0.852836967,5.990036011,5.643456936,4.733682156
6,0,99.8516922,125.5906143,115.2277222,197.1419983,196.7039642,194.0939026,0.136727646,0.107396163,0.132615909,13.6524868,13.48795033,15.28102875,10.8763628,10.05588913,13.03222656,7.510974407,7.593735695,7.276071072,0.796657979,0.745546103,0.852836967,5.990036011,5.643456936,4.733682156
6.05,0,99.8516922,125.5906143,115.2277222,197.1419983,196.7039642,194.0939026,0.136727646,0.107396163,0.132615909,13.6524868,13.48795033,15.28102875,10.8763628,10.05588913,13.03222656,7.510974407,7.593735695,7.276071072,0.796657979,0.745546103,0.852836967,5.990036011,5.643456936,4.733682156
6.1,0,99.8516922,125.5906143,115.2277222,197.1419983,196.7039642,194.0939026,0.136727646,0.107396163,0.132615909,13.6524868,13.48795033,15.28102875,10.8763628,10.05588913,13.03222656,7.510974407,7.593735695,7.276071072,0.796657979,0.745546103,0.852836967,5.990036011,5.643456936,4.733682156
6.15,0,99.84281921,125.5645599,115.1671371,197.1087952,196.6376953,194.0244446,0.137417957,0.108994067,0.134111673,13.72019672,13.68579197,15.44525719,10.86506557,10.16417789,13.059165,7.578393936,7.649273872,7.437227249,0.791903019,0.742681026,0.845512927,5.925218582,5.621186256,4.768081188
6.2,0,99.84281921,125.5645599,115.1671371,197.1087952,196.6376953,194.0244446,0.137417957,0.108994067,0.134111673,13.72019672,13.68579197,15.44525719,10.86506557,10.16417789,13.059165,7.578393936,7.649273872,7.437227249,0.791903019,0.742681026,0.845512927,5.925218582,5.621186256,4.768081188
6.25,0,99.84281921,125.5645599,115.1671371,197.1087952,196.6376953,194.0244446,0.137417957,0.108994067,0.134111673,13.72019672,13.68579197,15.44525719,10.86506557,10.16417789,13.059165,7.578393936,7.649273872,7.437227249,0.791903019,0.742681026,0.845512927,5.925218582,5.621186256,4.768081188
6.3,0,99.84281921,125.5645599,115.1671371,197.1087952,196.6376953,194.0244446,0.137417957,0.108994067,0.134111673,13.72019672,13.68579197,15.44525719,10.86506557,10.16417789,13.059165,7.578393936,7.649273872,7.437227249,0.791903019,0.742681026,0.845512927,5.925218582,5.621186256,4.768081188
6.35,0,99.86104584,125.5610428,115.1671829,197.1286469,196.6270905,194.0395966,0.138013273,0.107634656,0.135044903,13.78215027,13.51471996,15.55274105,10.8406744,10.03161049,13.22875309,7.737478733,7.546946526,7.436884403,0.786573529,0.742272913,0.850573719,5.903003216,5.580670357,4.822311401
6.4,0,99.86104584,125.5610428,115.1671829,197.1286469,196.6270905,194.0395966,0.138013273,0.107634656,0.135044903,13.78215027,13.51471996,15.55274105,10.8406744,10.03161049,13.22875309,7.737478733,7.546946526,7.436884403,0.786573529,0.742272913,0.850573719,5.903003216,5.580670357,4.822311401
6.45,0,99.86104584,125.5610428,115.1671829,197.1286469,196.6270905,194.0395966,0.138013273,0.107634656,0.135044903,13.78215027,13.51471996,15.55274105,10.8406744,10.03161049,13.22875309,7.737478733,7.546946526,7.436884403,0.786573529,0.742272913,0.850573719,5.903003216,5.580670357,4.822311401
6.5,0,99.86104584,125.5610428,115.1671829,197.1286469,196.6270905,194.0395966,0.138013273,0.107634656,0.135044903,13.78215027,13.51471996,15.55274105,10.8406744,10.03161049,13.22875309,7.737478733,7.546946526,7.436884403,0.786573529,0.742272913,0.850573719,5.903003216,5.580670357,4.822311401
6.55,0,99.87090302,125.588768,115.2004929,197.1821594,196.6650696,194.0745544,0.136257216,0.106822491,0.135711312,13.60813141,13.41570473,15.63401031,10.68273735,10.08537865,13.23167992,7.743211269,7.431712627,7.580589294,0.785026014,0.751759112,0.846339464,5.983170033,5.598398685,4.796122551
6.6,0,99.87090302,125.588768,115.2004929,197.1821594,196.6650696,194.0745544,0.136257216,0.106822491,0.135711312,13.60813141,13.41570473,15.63401031,10.68273735,10.08537865,13.23167992,7.743211269,7.431712627,7.580589294,0.785026014,0.751759112,0.846339464,5.983170033,5.598398685,4.796122551
6.65,0,99.87090302,125.588768,115.2004929,197.1821594,196.6650696,194.0745544,0.136257216,0.106822491,0.135711312,13.60813141,13.41570473,15.63401031,10.68273735,10.08537865,13.23167992,7.743211269,7.431712627,7.580589294,0.785026014,0.751759112,0.846339464,5.983170033,5.598398685,4.796122551
6.7,0,99.87090302,125.588768,115.2004929,197.1821594,196.6650696,194.0745544,0.136257216,0.106822491,0.135711312,13.60813141,13.41570473,15.63401031,10.68273735,10.08537865,13.23167992,7.743211269,7.431712627,7.580589294,0.785026014,0.751759112,0.846339464,5.983170033,5.598398685,4.796122551
6.75,0,99.88400269,125.5840302,115.1821671,197.1929321,196.6186981,194.0817566,0.138977498,0.107509688,0.138129339,13.88162899,13.50150013,15.91003609,10.72496796,9.949026108,13.39204788,8.029883385,7.520668983,7.666763306,0.772601545,0.736882985,0.84173584,5.911334038,5.655363083,4.772415638
6.8,0,99.88400269,125.5840302,115.1821671,197.1929321,196.6186981,194.0817566,0.138977498,0.107509688,0.138129339,13.88162899,13.50150013,15.91003609,10.72496796,9.949026108,13.39204788,8.029883385,7.520668983,7.666763306,0.772601545,0.736882985,0.84173584,5.911334038,5.655363083,4.772415638
6.85,0,99.88400269,125.5840302,115.1821671,197.1929321,196.6186981,194.0817566,0.138977498,0.107509688,0.138129339,13.88162899,13.50150013,15.91003609,10.72496796,9.949026108,13.39204788,8.029883385,7.520668983,7.666763306,0.772601545,0.736882985,0.84173584,5.911334038,5.655363083,4.772415638
6.9,0,99.88400269,125.5840302,115.1821671,197.1929321,196.6186981,194.0817566,0.138977498,0.107509688,0.138129339,13.88162899,13.50150013,15.91003609,10.72496796,9.949026108,13.39204788,8.029883385,7.520668983,7.666763306,0.772601545,0.736882985,0.84173584,5.911334038,5.655363083,4.772415638
6.95,0,99.87047577,125.6068192,115.1840439,197.1819,196.6892242,194.0505066,0.137606323,0.106584355,0.135209158,13.7428093,13.38772202,15.57393742,10.83336544,9.990427017,13.28486347,7.738218307,7.463371277,7.376167297,0.788293362,0.746237993,0.853018939,5.985599995,5.680802822,4.866672039
7,0,99.87047577,125.6068192,115.1840439,197.1819,196.6892242,194.0505066,0.137606323,0.106584355,0.135209158,13.7428093,13.38772202,15.57393742,10.83336544,9.990427017,13.28486347,7.738218307,7.463371277,7.376167297,0.788293362,0.746237993,0.853018939,5.985599995,5.680802822,4.866672039
7.05,0,99.87047577,125.6068192,115.1840439,197.1819,196.6892242,194.0505066,0.137606323,0.106584355,0.135209158,13.7428093,13.38772202,15.57393742,10.83336544,9.990427017,13.28486347,7.738218307,7.463371277,7.376167297,0.788293362,0.746237993,0.853018939,5.985599995,5.680802822,4.866672039
7.1,0,99.87047577,125.6068192,115.1840439,197.1819,196.6892242,194.0505066,0.137606323,0.106584355,0.135209158,13.7428093,13.38772202,15.57393742,10.83336544,9.990427017,13.28486347,7.738218307,7.463371277,7.376167297,0.788293362,0.746237993,0.853018939,5.985599995,5.680802822,4.866672039
7.15,0,99.89308167,125.5861664,115.2282944,197.1706543,196.7032013,194.1287994,0.135311499,0.106183738,0.133048028,13.51668262,13.33520889,15.33089733,10.7975502,10.11476135,13.10927296,7.434561253,7.367997646,7.268369675,0.798831403,0.758500397,0.855088413,5.966003418,5.621631622,4.821405411
7.2,0,99.89308167,125.5861664,115.2282944,197.1706543,196.7032013,194.1287994,0.135311499,0.106183738,0.133048028,13.51668262,13.33520889,15.33089733,10.7975502,10.11476135,13.10927296,7.434561253,7.367997646,7.268369675,0.798831403,0.758500397,0.855088413,5.966003418,5.621631622,4.821405411
7.25,0,99.89308167,125.5861664,115.2282944,197.1706543,196.7032013,194.1287994,0.135311499,0.106183738,0.133048028,13.51668262,13.33520889,15.33089733,10.7975502,10.11476135,13.10927296,7.434561253,7.367997646,7.268369675,0.798831403,0.758500397,0.855088413,5.966003418,5.621631622,4.821405411
7.3,0,99.89308167,125.5861664,115.2282944,197.1706543,196.7032013,194.1287994,0.135311499,0.106183738,0.133048028,13.51668262,13.33520889,15.33089733,10.7975502,10.11476135,13.10927296,7.434561253,7.367997646,7.268369675,0.798831403,0.758500397,0.855088413,5.966003418,5.621631622,4.821405411
7.35,0,99.88180542,125.5903778,115.2257462,197.1659241,196.685379,194.1310883,0.13620989,0.107040055,0.133699253,13.60488987,13.44320107,15.40559578,10.80958557,10.08910942,13.14218235,7.473719597,7.377543449,7.274514675,0.794536769,0.75049901,0.853078485,5.938474178,5.639288425,4.737841129
7.4,0,99.88180542,125.5903778,115.2257462,197.1659241,196.685379,194.1310883,0.13620989,0.107040055,0.133699253,13.60488987,13.44320107,15.40559578,10.80958557,10.08910942,13.14218235,7.473719597,7.377543449,7.274514675,0.794536769,0.75049901,0.853078485,5.938474178,5.639288425,4.737841129
7.45,0,99.88180542,125.5903778,115.2257462,197.1659241,196.685379,194.1310883,0.13620989,0.107040055,0.133699253,13.60488987,13.44320107,15.40559578,10.80958557,10.08910942,13.14218235,7.473719597,7.377543449,7.274514675,0.794536769,0.75049901,0.853078485,5.938474178,5.639288425,4.737841129
7.5,0,99.88180542,125.5903778,115.2257462,197.1659241,196.685379,194.1310883,0.13620989,0.107040055,0.133699253,13.60488987,13.44320107,15.40559578,10.80958557,10.08910942,13.14218235,7.473719597,7.377543449,7.274514675,0.794536769,0.75049901,0.853078485,5.938474178,5.639288425,4.737841129
7.55,0,99.88270569,125.6578827,115.2192535,197.2245941,196.782608,194.0920868,0.135484397,0.106585242,0.133832186,13.53254795,13.39327621,15.4200449,10.76406288,10.17775345,13.17001247,7.491818428,7.358350754,7.392228603,0.795420289,0.759915173,0.854083896,5.984116554,5.659072876,4.800330639
7.6,0,99.88270569,125.6578827,115.2192535,197.2245941,196.782608,194.0920868,0.135484397,0.106585242,0.133832186,13.53254795,13.39327621,15.4200449,10.76406288,10.17775345,13.17001247,7.491818428,7.358350754,7.392228603,0.795420289,0.759915173,0.854083896,5.984116554,5.659072876,4.800330639
7.65,0,99.88270569,125.6578827,115.2192535,197.2245941,196.782608,194.0920868,0.135484397,0.106585242,0.133832186,13.53254795,13.39327621,15.4200449,10.76406288,10.17775345,13.17001247,7.491818428,7.358350754,7.392228603,0.795420289,0.759915173,0.854083896,5.984116554,5.659072876,4.800330639
7.7,0,99.88270569,125.6578827,115.2192535,197.2245941,196.782608,194.0920868,0.135484397,0.106585242,0.133832186,13.53254795,13.39327621,15.4200449,10.76406288,10.17775345,13.17001247,7.491818428,7.358350754,7.392228603,0.795420289,0.759915173,0.854083896,5.984116554,5.659072876,4.800330639
7.75,0,99.933815,125.622879,115.214325,197.2454376,196.7231598,194.1419067,0.135792643,0.106776297,0.133954316,13.57027721,13.41354561,15.43345642,10.7784071,10.11028099,13.1381073,7.561662197,7.434148312,7.385296822,0.794265807,0.753736675,0.85127449,5.995260715,5.650615215,4.871949196
7.8,0,99.933815,125.622879,115.214325,197.2454376,196.7231598,194.1419067,0.135792643,0.106776297,0.133954316,13.57027721,13.41354561,15.43345642,10.7784071,10.11028099,13.1381073,7.561662197,7.434148312,7.385296822,0.794265807,0.753736675,0.85127449,5.995260715,5.650615215,4.871949196
7.85,0,99.933815,125.622879,115.214325,197.2454376,196.7231598,194.1419067,0.135792643,0.106776297,0.133954316,13.57027721,13.41354561,15.43345642,10.7784071,10.11028099,13.1381073,7.561662197,7.434148312,7.385296822,0.794265807,0.753736675,0.85127449,5.995260715,5.650615215,4.871949196
7.9,0,99.933815,125.622879,115.214325,197.2454376,196.7231598,194.1419067,0.135792643,0.106776297,0.133954316,13.57027721,13.41354561,15.43345642,10.7784071,10.11028099,13.1381073,7.561662197,7.434148312,7.385296822,0.794265807,0.753736675,0.85127449,5.995260715,5.650615215,4.871949196
7.95,0,99.9197464,125.6696243,115.2309113,197.3011475,196.7763519,194.1278839,0.13560839,0.107118428,0.134101644,13.54995632,13.46153259,15.45265484,10.74514198,10.17566204,13.16231251,7.456561565,7.296980858,7.350330353,0.79300195,0.755906641,0.851783276,6.055807114,5.650091171,4.825658798
8,0,99.9197464,125.6696243,115.2309113,197.3011475,196.7763519,194.1278839,0.13560839,0.107118428,0.134101644,13.54995632,13.46153259,15.45265484,10.74514198,10.17566204,13.16231251,7.456561565,7.296980858,7.350330353,0.79300195,0.755906641,0.851783276,6.055807114,5.650091171,4.825658798
8.05,0,99.9197464,125.6696243,115.2309113,197.3011475,196.7763519,194.1278839,0.13560839,0.107118428,0.134101644,13.54995632,13.46153259,15.45265484,10.74514198,10.17566204,13.16231251,7.456561565,7.296980858,7.350330353,0.79300195,0.755906641,0.851783276,6.055807114,5.650091171,4.825658798
8.1,0,99.9197464,125.6696243,115.2309113,197.3011475,196.7763519,194.1278839,0.13560839,0.107118428,0.134101644,13.54995632,13.46153259,15.45265484,10.74514198,10.17566204,13.16231251,7.456561565,7.296980858,7.350330353,0.79300195,0.755906641,0.851783276,6.055807114,5.650091171,4.825658798
8.15,0,99.90481567,125.6848602,115.203186,197.3008423,196.7667542,194.0892487,0.136492386,0.106502138,0.134972557,13.63624668,13.38570595,15.54926872,10.74325848,10.03734875,13.22263908,7.712209225,7.440116882,7.457206249,0.787845731,0.749855757,0.850370467,5.993129253,5.612132549,4.741133213
8.2,0,99.90481567,125.6848602,115.203186,197.3008423,196.7667542,194.0892487,0.136492386,0.106502138,0.134972557,13.63624668,13.38570595,15.54926872,10.74325848,10.03734875,13.22263908,7.712209225,7.440116882,7.457206249,0.787845731,0.749855757,0.850370467,5.993129253,5.612132549,4.741133213
8.25,0,99.90481567,125.6848602,115.203186,197.3008423,196.7667542,194.0892487,0.136492386,0.106502138,0.134972557,13.63624668,13.38570595,15.54926872,10.74325848,10.03734875,13.22263908,7.712209225,7.440116882,7.457206249,0.787845731,0.749855757,0.850370467,5.993129253,5.612132549,4.741133213
8.3,0,99.90481567,125.6848602,115.203186,197.3008423,196.7667542,194.0892487,0.136492386,0.106502138,0.134972557,13.63624668,13.38570595,15.54926872,10.74325848,10.03734875,13.22263908,7.712209225,7.440116882,7.457206249,0.787845731,0.749855757,0.850370467,5.993129253,5.612132549,4.741133213
8.35,0,99.89846802,125.6460495,115.1646194,197.2506866,196.7164459,194.0439911,0.137096003,0.10721343,0.137358919,13.69568062,13.4709444,15.81888771,10.66798973,10.09009075,13.34555244,7.850408077,7.391299248,7.648850441,0.778930962,0.749026239,0.843646705,5.860232353,5.543909073,4.698210239
8.4,0,99.89846802,125.6460495,115.1646194,197.2506866,196.7164459,194.0439911,0.137096003,0.10721343,0.137358919,13.69568062,13.4709444,15.81888771,10.66798973,10.09009075,13.34555244,7.850408077,7.391299248,7.648850441,0.778930962,0.749026239,0.843646705,5.860232353,5.543909073,4.698210239
8.45,0,99.89846802,125.6460495,115.1646194,197.2506866,196.7164459,194.0439911,0.137096003,0.10721343,0.137358919,13.69568062,13.4709444,15.81888771,10.66798973,10.09009075,13.34555244,7.850408077,7.391299248,7.648850441,0.778930962,0.749026239,0.843646705,5.860232353,5.543909073,4.698210239
8.5,0,99.89846802,125.6460495,115.1646194,197.2506866,196.7164459,194.0439911,0.137096003,0.10721343,0.137358919,13.69568062,13.4709444,15.81888771,10.66798973,10.09009075,13.34555244,7.850408077,7.391299248,7.648850441,0.778930962,0.749026239,0.843646705,5.860232353,5.543909073,4.698210239
8.55,0,99.89792633,125.6609879,115.2082367,197.2755737,196.7689667,194.0735321,0.136564225,0.107060105,0.137057826,13.64248276,13.45327854,15.7901907,10.63815308,10.11495876,13.34623241,7.788564682,7.311683178,7.631300449,0.779781282,0.751858294,0.84522301,5.932892323,5.536972523,4.746085644
8.6,0,99.89792633,125.6609879,115.2082367,197.2755737,196.7689667,194.0735321,0.136564225,0.107060105,0.137057826,13.64248276,13.45327854,15.7901907,10.63815308,10.11495876,13.34623241,7.788564682,7.311683178,7.631300449,0.779781282,0.751858294,0.84522301,5.932892323,5.536972523,4.746085644
8.65,0,99.89792633,125.6609879,115.2082367,197.2755737,196.7689667,194.0735321,0.136564225,0.107060105,0.137057826,13.64248276,13.45327854,15.7901907,10.63815308,10.11495876,13.34623241,7.788564682,7.311683178,7.631300449,0.779781282,0.751858294,0.84522301,5.932892323,5.536972523,4.746085644
8.7,0,99.89792633,125.6609879,115.2082367,197.2755737,196.7689667,194.0735321,0.136564225,0.107060105,0.137057826,13.64248276,13.45327854,15.7901907,10.63815308,10.11495876,13.34623241,7.788564682,7.311683178,7.631300449,0.779781282,0.751858294,0.84522301,5.932892323,5.536972523,4.746085644
8.75,0,99.88889313,125.6361465,115.1832657,197.2573853,196.6861572,194.0639343,0.137376651,0.105691589,0.136751637,13.72240162,13.27868366,15.75150013,10.7037077,9.926042557,13.40036201,7.915977001,7.363343239,7.520383835,0.780017078,0.747517049,0.850735605,5.935027122,5.537811756,4.690379143
8.8,0,99.88889313,125.6361465,115.1832657,197.2573853,196.6861572,194.0639343,0.137376651,0.105691589,0.136751637,13.72240162,13.27868366,15.75150013,10.7037077,9.926042557,13.40036201,7.915977001,7.363343239,7.520383835,0.780017078,0.747517049,0.850735605,5.935027122,5.537811756,4.690379143
8.85,0,99.88889313,125.6361465,115.1832657,197.2573853,196.6861572,194.0639343,0.137376651,0.105691589,0.136751637,13.72240162,13.27868366,15.75150013,10.7037077,9.926042557,13.40036201,7.915977001,7.363343239,7.520383835,0.780017078,0.747517049,0.850735605,5.935027122,5.537811756,4.690379143
8.9,0,99.88889313,125.6361465,115.1832657,197.2573853,196.6861572,194.0639343,0.137376651,0.105691589,0.136751637,13.72240162,13.27868366,15.75150013,10.7037077,9.926042557,13.40036201,7.915977001,7.363343239,7.520383835,0.780017078,0.747517049,0.850735605,5.935027122,5.537811756,4.690379143
8.95,0,99.85787201,125.6485214,115.1548462,197.2314301,196.707489,193.9911041,0.13675715,0.107583962,0.135576248,13.65627766,13.517766,15.61226177,10.74366474,10.12327385,13.19483948,7.646755219,7.435087204,7.470505714,0.786719859,0.748886585,0.845158756,5.990006924,5.617161274,4.742588043
9,0,99.85787201,125.6485214,115.1548462,197.2314301,196.707489,193.9911041,0.13675715,0.107583962,0.135576248,13.65627766,13.517766,15.61226177,10.74366474,10.12327385,13.19483948,7.646755219,7.435087204,7.470505714,0.786719859,0.748886585,0.845158756,5.990006924,5.617161274,4.742588043
9.05,0,99.85787201,125.6485214,115.1548462,197.2314301,196.707489,193.9911041,0.13675715,0.107583962,0.135576248,13.65627766,13.517766,15.61226177,10.74366474,10.12327385,13.19483948,7.646755219,7.435087204,7.470505714,0.786719859,0.748886585,0.845158756,5.990006924,5.617161274,4.742588043
9.1,0,99.85787201,125.6485214,115.1548462,197.2314301,196.707489,193.9911041,0.13675715,0.107583962,0.135576248,13.65627766,13.517766,15.61226177,10.74366474,10.12327385,13.19483948,7.646755219,7.435087204,7.470505714,0.786719859,0.748886585,0.845158756,5.990006924,5.617161274,4.742588043
9.15,0,99.85596466,125.6288147,115.135643,197.22229,196.6803741,193.9590912,0.137735665,0.107093789,0.137152866,13.75372791,13.45406532,15.79118347,10.70095539,10.02839947,13.38074303,7.888875008,7.392337799,7.590775967,0.778040349,0.74538064,0.847355306,6.037486076,5.630783081,4.85819006
9.2,0,99.85596466,125.6288147,115.135643,197.22229,196.6803741,193.9590912,0.137735665,0.107093789,0.137152866,13.75372791,13.45406532,15.79118347,10.70095539,10.02839947,13.38074303,7.888875008,7.392337799,7.590775967,0.778040349,0.74538064,0.847355306,6.037486076,5.630783081,4.85819006
9.25,0,99.85596466,125.6288147,115.135643,197.22229,196.6803741,193.9590912,0.137735665,0.107093789,0.137152866,13.75372791,13.45406532,15.79118347,10.70095539,10.02839947,13.38074303,7.888875008,7.392337799,7.590775967,0.778040349,0.74538064,0.847355306,6.037486076,5.630783081,4.85819006
9.3,0,99.85596466,125.6288147,115.135643,197.22229,196.6803741,193.9590912,0.137735665,0.107093789,0.137152866,13.75372791,13.45406532,15.79118347,10.70095539,10.02839947,13.38074303,7.888875008,7.392337799,7.590775967,0.778040349,0.74538064,0.847355306,6.037486076,5.630783081,4.85819006
9.35,0,98.34882355,118.1241226,128.9891205,192.9315796,198.5462646,189.7416382,1.503084421,1.438002586,0.139418915,147.8265839,169.862793,17.98352242,19.57894897,18.6897583,15.48537636,66.34840393,61.5920639,7.472192764,0.13244538,0.110028557,0.861086965,6.219387054,5.437797546,4.958931446
9.4,0,98.34882355,118.1241226,128.9891205,192.9315796,198.5462646,189.7416382,1.503084421,1.438002586,0.139418915,147.8265839,169.862793,17.98352242,19.57894897,18.6897583,15.48537636,66.34840393,61.5920639,7.472192764,0.13244538,0.110028557,0.861086965,6.219387054,5.437797546,4.958931446
9.45,0,98.34882355,118.1241226,128.9891205,192.9315796,198.5462646,189.7416382,1.503084421,1.438002586,0.139418915,147.8265839,169.862793,17.98352242,19.57894897,18.6897583,15.48537636,66.34840393,61.5920639,7.472192764,0.13244538,0.110028557,0.861086965,6.219387054,5.437797546,4.958931446
9.5,0,98.34882355,118.1241226,128.9891205,192.9315796,198.5462646,189.7416382,1.503084421,1.438002586,0.139418915,147.8265839,169.862793,17.98352242,19.57894897,18.6897583,15.48537636,66.34840393,61.5920639,7.472192764,0.13244538,0.110028557,0.861086965,6.219387054,5.437797546,4.958931446
9.55,3,92.4940567,87.74817657,170.0333099,179.7897339,206.1637573,174.6355133,3.058007956,2.933722973,0.133745477,282.8475647,257.428833,22.74118614,37.62556076,39.63828659,20.33186913,279.5144958,253.2952118,7.426667213,0.133024171,0.153977647,0.89405489,6.648877144,5.057148457,5.294456959
9.6,3,92.4940567,87.74817657,170.0333099,179.7897339,206.1637573,174.6355133,3.058007956,2.933722973,0.133745477,282.8475647,257.428833,22.74118614,37.62556076,39.63828659,20.33186913,279.5144958,253.2952118,7.426667213,0.133024171,0.153977647,0.89405489,6.648877144,5.057148457,5.294456959
9.65,3,92.4940567,87.74817657,170.0333099,179.7897339,206.1637573,174.6355133,3.058007956,2.933722973,0.133745477,282.8475647,257.428833,22.74118614,37.62556076,39.63828659,20.33186913,279.5144958,253.2952118,7.426667213,0.133024171,0.153977647,0.89405489,6.648877144,5.057148457,5.294456959
9.7,3,92.4940567,87.74817657,170.0333099,179.7897339,206.1637573,174.6355133,3.058007956,2.933722973,0.133745477,282.8475647,257.428833,22.74118614,37.62556076,39.63828659,20.33186913,279.5144958,253.2952118,7.426667213,0.133024171,0.153977647,0.89405489,6.648877144,5.057148457,5.294456959
9.75,3,92.52062988,87.77783966,170.122879,179.8529358,206.2125397,174.7415619,3.048183203,2.921082735,0.131119296,282.0198364,256.4063416,22.30639267,37.72685623,40.04098511,20.43582726,278.6747437,252.227005,6.311417103,0.133773774,0.156162232,0.916142166,6.604212761,5.178011894,5.376662731
9.8,3,92.52062988,87.77783966,170.122879,179.8529358,206.2125397,174.7415619,3.048183203,2.921082735,0.131119296,282.0198364,256.4063416,22.30639267,37.72685623,40.04098511,20.43582726,278.6747437,252.227005,6.311417103,0.133773774,0.156162232,0.916142166,6.604212761,5.178011894,5.376662731
9.85,3,92.52062988,87.77783966,170.122879,179.8529358,206.2125397,174.7415619,3.048183203,2.921082735,0.131119296,282.0198364,256.4063416,22.30639267,37.72685623,40.04098511,20.43582726,278.6747437,252.227005,6.311417103,0.133773774,0.156162232,0.916142166,6.604212761,5.178011894,5.376662731
9.9,3,92.52062988,87.77783966,170.122879,179.8529358,206.2125397,174.7415619,3.048183203,2.921082735,0.131119296,282.0198364,256.4063416,22.30639267,37.72685623,40.04098511,20.43582726,278.6747437,252.227005,6.311417103,0.133773774,0.156162232,0.916142166,6.604212761,5.178011894,5.376662731
9.95,3,92.56346893,87.79704285,170.1786041,179.9044952,206.2580414,174.7882996,3.043946981,2.915555477,0.129726961,281.7583008,255.9771423,22.07675362,37.77461243,39.88706589,20.50754356,278.3809509,251.7920227,5.854157448,0.134067431,0.155822769,0.928920269,6.664447308,5.150754929,5.428666592
10,3,92.56346893,87.79704285,170.1786041,179.9044952,206.2580414,174.7882996,3.043946981,2.915555477,0.129726961,281.7583008,255.9771423,22.07675362,37.77461243,39.88706589,20.50754356,278.3809509,251.7920227,5.854157448,0.134067431,0.155822769,0.928920269,6.664447308,5.150754929,5.428666592
10.05,3,92.56346893,87.79704285,170.1786041,179.9044952,206.2580414,174.7882996,3.043946981,2.915555477,0.129726961,281.7583008,255.9771423,22.07675362,37.77461243,39.88706589,20.50754356,278.3809509,251.7920227,5.854157448,0.134067431,0.155822769,0.928920269,6.664447308,5.150754929,5.428666592
10.1,3,92.56346893,87.79704285,170.1786041,179.9044952,206.2580414,174.7882996,3.043946981,2.915555477,0.129726961,281.7583008,255.9771423,22.07675362,37.77461243,39.88706589,20.50754356,278.3809509,251.7920227,5.854157448,0.134067431,0.155822769,0.928920269,6.664447308,5.150754929,5.428666592
10.15,3,92.58850861,87.80262756,170.1654968,179.9520569,206.2647095,174.7786102,3.043485165,2.913226843,0.130273193,281.791748,255.7889709,22.16800308,37.70647049,39.76758575,20.76178932,278.4552307,251.6422729,5.670673847,0.133809701,0.155470297,0.936565638,6.613331318,5.124674797,5.257184029
10.2,3,92.58850861,87.80262756,170.1654968,179.9520569,206.2647095,174.7786102,3.043485165,2.913226843,0.130273193,281.791748,255.7889709,22.16800308,37.70647049,39.76758575,20.76178932,278.4552307,251.6422729,5.670673847,0.133809701,0.155470297,0.936565638,6.613331318,5.124674797,5.257184029
10.25,3,92.58850861,87.80262756,170.1654968,179.9520569,206.2647095,174.7786102,3.043485165,2.913226843,0.130273193,281.791748,255.7889709,22.16800308,37.70647049,39.76758575,20.76178932,278.4552307,251.6422729,5.670673847,0.133809701,0.155470297,0.936565638,6.613331318,5.124674797,5.257184029
10.3,3,92.58850861,87.80262756,170.1654968,179.9520569,206.2647095,174.7786102,3.043485165,2.913226843,0.130273193,281.791748,255.7889709,22.16800308,37.70647049,39.76758575,20.76178932,278.4552307,251.6422729,5.670673847,0.133809701,0.155470297,0.936565638,6.613331318,5.124674797,5.257184029
10.35,3,96.66712189,95.23307037,160.5375824,184.112381,204.3507538,179.0975037,2.701432467,2.584070921,0.133608788,261.1397095,246.0890045,21.4492321,30.64140892,31.2567997,19.31779671,224.3221436,199.7821198,6.30831337,0.117337227,0.127014205,0.900628805,6.337740421,5.196557999,5.070571899
10.4,3,96.66712189,95.23307037,160.5375824,184.112381,204.3507538,179.0975037,2.701432467,2.584070921,0.133608788,261.1397095,246.0890045,21.4492321,30.64140892,31.2567997,19.31779671,224.3221436,199.7821198,6.30831337,0.117337227,0.127014205,0.900628805,6.337740421,5.196557999,5.070571899
10.45,3,96.66712189,95.23307037,160.5375824,184.112381,204.3507538,179.0975037,2.701432467,2.584070921,0.133608788,261.1397095,246.0890045,21.4492321,30.64140892,31.2567997,19.31779671,224.3221436,199.7821198,6.30831337,0.117337227,0.127014205,0.900628805,6.337740421,5.196557999,5.070571899
10.5,3,96.66712189,95.23307037,160.5375824,184.112381,204.3507538,179.0975037,2.701432467,2.584070921,0.133608788,261.1397095,246.0890045,21.4492321,30.64140892,31.2567997,19.31779671,224.3221436,199.7821198,6.30831337,0.117337227,0.127014205,0.900628805,6.337740421,5.196557999,5.070571899
10.55,0,99.71731567,126.3764343,114.7189941,197.238739,196.6821442,193.9582977,0.144897595,0.111624077,0.143403322,14.44879913,14.10665321,16.45108414,10.89001751,9.840715408,13.53450584,8.661870003,8.146413803,8.123679161,0.753697038,0.697593927,0.822712064,5.956611633,5.64332056,4.75646162
10.6,0,99.71731567,126.3764343,114.7189941,197.238739,196.6821442,193.9582977,0.144897595,0.111624077,0.143403322,14.44879913,14.10665321,16.45108414,10.89001751,9.840715408,13.53450584,8.661870003,8.146413803,8.123679161,0.753697038,0.697593927,0.822712064,5.956611633,5.64332056,4.75646162
10.65,0,99.71731567,126.3764343,114.7189941,197.238739,196.6821442,193.9582977,0.144897595,0.111624077,0.143403322,14.44879913,14.10665321,16.45108414,10.89001751,9.840715408,13.53450584,8.661870003,8.146413803,8.123679161,0.753697038,0.697593927,0.822712064,5.956611633,5.64332056,4.75646162
10.7,0,99.71731567,126.3764343,114.7189941,197.238739,196.6821442,193.9582977,0.144897595,0.111624077,0.143403322,14.44879913,14.10665321,16.45108414,10.89001751,9.840715408,13.53450584,8.661870003,8.146413803,8.123679161,0.753697038,0.697593927,0.822712064,5.956611633,5.64332056,4.75646162
10.75,0,99.9033432,125.5715179,115.1518784,197.195755,196.6105804,194.0584869,0.138764873,0.107402354,0.137686834,13.8630743,13.48667622,15.8548975,10.82674694,9.949430466,13.37902355,7.915819168,7.480727196,7.487603664,0.780977368,0.737722933,0.843841672,5.952344894,5.586717129,4.716376305
10.8,0,99.9033432,125.5715179,115.1518784,197.195755,196.6105804,194.0584869,0.138764873,0.107402354,0.137686834,13.8630743,13.48667622,15.8548975,10.82674694,9.949430466,13.37902355,7.915819168,7.480727196,7.487603664,0.780977368,0.737722933,0.843841672,5.952344894,5.586717129,4.716376305
10.85,0,99.9033432,125.5715179,115.1518784,197.195755,196.6105804,194.0584869,0.138764873,0.107402354,0.137686834,13.8630743,13.48667622,15.8548975,10.82674694,9.949430466,13.37902355,7.915819168,7.480727196,7.487603664,0.780977368,0.737722933,0.843841672,5.952344894,5.586717129,4.716376305
10.9,0,99.9033432,125.5715179,115.1518784,197.195755,196.6105804,194.0584869,0.138764873,0.107402354,0.137686834,13.8630743,13.48667622,15.8548975,10.82674694,9.949430466,13.37902355,7.915819168,7.480727196,7.487603664,0.780977368,0.737722933,0.843841672,5.952344894,5.586717129,4.716376305
10.95,0,99.89716339,125.6060791,115.1822815,197.229538,196.66008,194.0746765,0.134240508,0.105719805,0.134079412,13.4102459,13.27904987,15.443573,10.66142368,10.08292103,13.1201849,7.397978783,7.169016361,7.27818346,0.795020759,0.759310424,0.849556327,5.992876053,5.655757904,4.712621689
11,0,99.89716339,125.6060791,115.1822815,197.229538,196.66008,194.0746765,0.134240508,0.105719805,0.134079412,13.4102459,13.27904987,15.443573,10.66142368,10.08292103,13.1201849,7.397978783,7.169016361,7.27818346,0.795020759,0.759310424,0.849556327,5.992876053,5.655757904,4.712621689
11.05,0,99.89716339,125.6060791,115.1822815,197.229538,196.66008,194.0746765,0.134240508,0.105719805,0.134079412,13.4102459,13.27904987,15.443573,10.66142368,10.08292103,13.1201849,7.397978783,7.169016361,7.27818346,0.795020759,0.759310424,0.849556327,5.992876053,5.655757904,4.712621689
11.1,0,99.89716339,125.6060791,115.1822815,197.229538,196.66008,194.0746765,0.134240508,0.105719805,0.134079412,13.4102459,13.27904987,15.443573,10.66142368,10.08292103,13.1201849,7.397978783,7.169016361,7.27818346,0.795020759,0.759310424,0.849556327,5.992876053,5.655757904,4.712621689
11.15,0,99.89495087,125.6015015,115.1718369,197.2013855,196.6738739,194.0591278,0.133031681,0.105627395,0.132843181,13.28919315,13.26695919,15.29979324,10.67746353,10.2086792,13.05028248,7.194464207,7.107523441,7.200363636,0.803469658,0.76948148,0.852971137,5.954958916,5.653155327,4.749148369
11.2,0,99.89495087,125.6015015,115.1718369,197.2013855,196.6738739,194.0591278,0.133031681,0.105627395,0.132843181,13.28919315,13.26695919,15.29979324,10.67746353,10.2086792,13.05028248,7.194464207,7.107523441,7.200363636,0.803469658,0.76948148,0.852971137,5.954958916,5.653155327,4.749148369
11.25,0,99.89495087,125.6015015,115.1718369,197.2013855,196.6738739,194.0591278,0.133031681,0.105627395,0.132843181,13.28919315,13.26695919,15.29979324,10.67746353,10.2086792,13.05028248,7.194464207,7.107523441,7.200363636,0.803469658,0.76948148,0.852971137,5.954958916,5.653155327,4.749148369
11.3,0,99.89495087,125.6015015,115.1718369,197.2013855,196.6738739,194.0591278,0.133031681,0.105627395,0.132843181,13.28919315,13.26695919,15.29979324,10.67746353,10.2086792,13.05028248,7.194464207,7.107523441,7.200363636,0.803469658,0.76948148,0.852971137,5.954958916,5.653155327,4.749148369
11.35,0,99.8921051,125.5714111,115.1885605,197.1638336,196.6577148,194.0861664,0.13372615,0.105639301,0.13328521,13.35818672,13.26527596,15.35293102,10.6991415,10.22640896,13.13846684,7.250145435,7.09834671,7.241400719,0.800942659,0.770915687,0.85576278,5.883553505,5.553589344,4.683725357
11.4,0,99.8921051,125.5714111,115.1885605,197.1638336,196.6577148,194.0861664,0.13372615,0.105639301,0.13328521,13.35818672,13.26527596,15.35293102,10.6991415,10.22640896,13.13846684,7.250145435,7.09834671,7.241400719,0.800942659,0.770915687,0.85576278,5.883553505,5.553589344,4.683725357
11.45,0,99.8921051,125.5714111,115.1885605,197.1638336,196.6577148,194.0861664,0.13372615,0.105639301,0.13328521,13.35818672,13.26527596,15.35293102,10.6991415,10.22640896,13.13846684,7.250145435,7.09834671,7.241400719,0.800942659,0.770915687,0.85576278,5.883553505,5.553589344,4.683725357
11.5,0,99.8921051,125.5714111,115.1885605,197.1638336,196.6577148,194.0861664,0.13372615,0.105639301,0.13328521,13.35818672,13.26527596,15.35293102,10.6991415,10.22640896,13.13846684,7.250145435,7.09834671,7.241400719,0.800942659,0.770915687,0.85576278,5.883553505,5.553589344,4.683725357
11.55,0,99.88944244,125.6066055,115.2048264,197.1999512,196.6965485,194.0988159,0.134085521,0.106226228,0.131608263,13.39372826,13.34271622,15.1619072,10.80847931,10.20279503,12.98503017,7.230929852,7.346115112,7.17874527,0.80698061,0.764671504,0.85642457,5.916732788,5.567929745,4.668946743
11.6,0,99.88944244,125.6066055,115.2048264,197.1999512,196.6965485,194.0988159,0.134085521,0.106226228,0.131608263,13.39372826,13.34271622,15.1619072,10.80847931,10.20279503,12.98503017,7.230929852,7.346115112,7.17874527,0.80698061,0.764671504,0.85642457,5.916732788,5.567929745,4.668946743
11.65,0,99.88944244,125.6066055,115.2048264,197.1999512,196.6965485,194.0988159,0.134085521,0.106226228,0.131608263,13.39372826,13.34271622,15.1619072,10.80847931,10.20279503,12.98503017,7.230929852,7.346115112,7.17874527,0.80698061,0.764671504,0.85642457,5.916732788,5.567929745,4.668946743
11.7,0,99.88944244,125.6066055,115.2048264,197.1999512,196.6965485,194.0988159,0.134085521,0.106226228,0.131608263,13.39372826,13.34271622,15.1619072,10.80847931,10.20279503,12.98503017,7.230929852,7.346115112,7.17874527,0.80698061,0.764671504,0.85642457,5.916732788,5.567929745,4.668946743
11.75,0,99.90598297,125.6007996,115.1602173,197.2167816,196.6360626,194.0733795,0.135179862,0.106981605,0.133476585,13.50527668,13.43697548,15.37119293,10.76188469,10.18236923,13.08874512,7.37740469,7.31572628,7.299674988,0.796865165,0.757787287,0.851511359,5.885713577,5.608368874,4.692640781
11.8,0,99.90598297,125.6007996,115.1602173,197.2167816,196.6360626,194.0733795,0.135179862,0.106981605,0.133476585,13.50527668,13.43697548,15.37119293,10.76188469,10.18236923,13.08874512,7.37740469,7.31572628,7.299674988,0.796865165,0.757787287,0.851511359,5.885713577,5.608368874,4.692640781
11.85,0,99.90598297,125.6007996,115.1602173,197.2167816,196.6360626,194.0733795,0.135179862,0.106981605,0.133476585,13.50527668,13.43697548,15.37119293,10.76188469,10.18236923,13.08874512,7.37740469,7.31572628,7.299674988,0.796865165,0.757787287,0.851511359,5.885713577,5.608368874,4.692640781
11.9,0,99.90598297,125.6007996,115.1602173,197.2167816,196.6360626,194.0733795,0.135179862,0.106981605,0.133476585,13.50527668,13.43697548,15.37119293,10.76188469,10.18236923,13.08874512,7.37740469,7.31572628,7.299674988,0.796865165,0.757787287,0.851511359,5.885713577,5.608368874,4.692640781
11.95,0,99.88825989,125.6164627,115.1625519,197.2229156,196.6818542,194.0314484,0.136015326,0.105634227,0.13337791,13.58633423,13.26939774,15.3601408,10.7996788,10.00785637,13.18354607,7.46275568,7.276701927,7.156955719,0.794892788,0.754205763,0.858295918,5.959159851,5.630606651,4.793728352
12,0,99.88825989,125.6164627,115.1625519,197.2229156,196.6818542,194.0314484,0.136015326,0.105634227,0.13337791,13.58633423,13.26939774,15.3601408,10.7996788,10.00785637,13.18354607,7.46275568,7.276701927,7.156955719,0.794892788,0.754205763,0.858295918,5.959159851,5.630606651,4.793728352
12.05,0,99.88825989,125.6164627,115.1625519,197.2229156,196.6818542,194.0314484,0.136015326,0.105634227,0.13337791,13.58633423,13.26939774,15.3601408,10.7996788,10.00785637,13.18354607,7.46275568,7.276701927,7.156955719,0.794892788,0.754205763,0.858295918,5.959159851,5.630606651,4.793728352
12.1,0,99.88825989,125.6164627,115.1625519,197.2229156,196.6818542,194.0314484,0.136015326,0.105634227,0.13337791,13.58633423,13.26939774,15.3601408,10.7996788,10.00785637,13.18354607,7.46275568,7.276701927,7.156955719,0.794892788,0.754205763,0.858295918,5.959159851,5.630606651,4.793728352
12.15,0,99.8815918,125.5822372,115.1575012,197.2061157,196.61586,194.031601,0.134885117,0.106085196,0.134483382,13.4725399,13.32241631,15.48677063,10.67666817,10.14291191,13.18727303,7.531249046,7.261378765,7.421470642,0.792476296,0.761341751,0.851518571,6.071617603,5.614616871,4.832306385
12.2,0,99.8815918,125.5822372,115.1575012,197.2061157,196.61586,194.031601,0.134885117,0.106085196,0.134483382,13.4725399,13.32241631,15.48677063,10.67666817,10.14291191,13.18727303,7.531249046,7.261378765,7.421470642,0.792476296,0.761341751,0.851518571,6.071617603,5.614616871,4.832306385
12.25,0,99.8815918,125.5822372,115.1575012,197.2061157,196.61586,194.031601,0.134885117,0.106085196,0.134483382,13.4725399,13.32241631,15.48677063,10.67666817,10.14291191,13.18727303,7.531249046,7.261378765,7.421470642,0.792476296,0.761341751,0.851518571,6.071617603,5.614616871,4.832306385
12.3,0,99.8815918,125.5822372,115.1575012,197.2061157,196.61586,194.031601,0.134885117,0.106085196,0.134483382,13.4725399,13.32241631,15.48677063,10.67666817,10.14291191,13.18727303,7.531249046,7.261378765,7.421470642,0.792476296,0.761341751,0.851518571,6.071617603,5.614616871,4.832306385
12.35,0,99.84790802,125.5628357,115.1482925,197.151123,196.5788879,194.0087128,0.136301786,0.106755368,0.135426044,13.60944843,13.40450668,15.59407806,10.74046993,10.09553432,13.24736023,7.591750145,7.300141335,7.390144348,0.78919214,0.753144801,0.849512219,6.02749157,5.680808067,4.759980679
12.4,0,99.84790802,125.5628357,115.1482925,197.151123,196.5788879,194.0087128,0.136301786,0.106755368,0.135426044,13.60944843,13.40450668,15.59407806,10.74046993,10.09553432,13.24736023,7.591750145,7.300141335,7.390144348,0.78919214,0.753144801,0.849512219,6.02749157,5.680808067,4.759980679
12.45,0,99.84790802,125.5628357,115.1482925,197.151123,196.5788879,194.0087128,0.136301786,0.106755368,0.135426044,13.60944843,13.40450668,15.59407806,10.74046993,10.09553432,13.24736023,7.591750145,7.300141335,7.390144348,0.78919214,0.753144801,0.849512219,6.02749157,5.680808067,4.759980679
12.5,0,99.84790802,125.5628357,115.1482925,197.151123,196.5788879,194.0087128,0.136301786,0.106755368,0.135426044,13.60944843,13.40450668,15.59407806,10.74046993,10.09553432,13.24736023,7.591750145,7.300141335,7.390144348,0.78919214,0.753144801,0.849512219,6.02749157,5.680808067,4.759980679
12.55,0,99.85360718,125.5980682,115.1232758,197.2014313,196.6144257,193.9560394,0.134745315,0.105419502,0.135960892,13.45480537,13.24048615,15.65226364,10.577981,10.13670731,13.30011272,7.60309124,7.122842312,7.514287949,0.786186099,0.76558423,0.849724531,6.074540138,5.720767498,4.88834095
12.6,0,99.85360718,125.5980682,115.1232758,197.2014313,196.6144257,193.9560394,0.134745315,0.105419502,0.135960892,13.45480537,13.24048615,15.65226364,10.577981,10.13670731,13.30011272,7.60309124,7.122842312,7.514287949,0.786186099,0.76558423,0.849724531,6.074540138,5.720767498,4.88834095
12.65,0,99.85360718,125.5980682,115.1232758,197.2014313,196.6144257,193.9560394,0.134745315,0.105419502,0.135960892,13.45480537,13.24048615,15.65226364,10.577981,10.13670731,13.30011272,7.60309124,7.122842312,7.514287949,0.786186099,0.76558423,0.849724531,6.074540138,5.720767498,4.88834095
12.7,0,99.85360718,125.5980682,115.1232758,197.2014313,196.6144257,193.9560394,0.134745315,0.105419502,0.135960892,13.45480537,13.24048615,15.65226364,10.577981,10.13670731,13.30011272,7.60309124,7.122842312,7.514287949,0.786186099,0.76558423,0.849724531,6.074540138,5.720767498,4.88834095
12.75,0,99.86400604,125.5573044,115.1433258,197.1623383,196.5858154,194.0032043,0.135273784,0.105118886,0.136362329,13.5089817,13.19844437,15.70121193,10.62444115,10.0759182,13.36665058,7.648691654,7.106760502,7.447976589,0.78647238,0.763417125,0.851313293,6.120079994,5.696801662,4.947705746
12.8,0,99.86400604,125.5573044,115.1433258,197.1623383,196.5858154,194.0032043,0.135273784,0.105118886,0.136362329,13.5089817,13.19844437,15.70121193,10.62444115,10.0759182,13.36665058,7.648691654,7.106760502,7.447976589,0.78647238,0.763417125,0.851313293,6.120079994,5.696801662,4.947705746
12.85,0,99.86400604,125.5573044,115.1433258,197.1623383,196.5858154,194.0032043,0.135273784,0.105118886,0.136362329,13.5089817,13.19844437,15.70121193,10.62444115,10.0759182,13.36665058,7.648691654,7.106760502,7.447976589,0.78647238,0.763417125,0.851313293,6.120079994,5.696801662,4.947705746
12.9,0,99.86400604,125.5573044,115.1433258,197.1623383,196.5858154,194.0032043,0.135273784,0.105118886,0.136362329,13.5089817,13.19844437,15.70121193,10.62444115,10.0759182,13.36665058,7.648691654,7.106760502,7.447976589,0.78647238,0.763417125,0.851313293,6.120079994,5.696801662,4.947705746
12.95,0,99.8395462,125.5962143,115.1606216,197.2006378,196.6295013,193.9816132,0.136092544,0.106361315,0.136362404,13.5874176,13.35857868,15.70357895,10.63247681,10.08498859,13.29766655,7.669136047,7.219377518,7.491175175,0.782523751,0.754944742,0.846792102,6.218091488,5.773147106,4.908885956
13,0,99.8395462,125.5962143,115.1606216,197.2006378,196.6295013,193.9816132,0.136092544,0.106361315,0.136362404,13.5874176,13.35857868,15.70357895,10.63247681,10.08498859,13.29766655,7.669136047,7.219377518,7.491175175,0.782523751,0.754944742,0.846792102,6.218091488,5.773147106,4.908885956
13.05,0,99.8395462,125.5962143,115.1606216,197.2006378,196.6295013,193.9816132,0.136092544,0.106361315,0.136362404,13.5874176,13.35857868,15.70357895,10.63247681,10.08498859,13.29766655,7.669136047,7.219377518,7.491175175,0.782523751,0.754944742,0.846792102,6.218091488,5.773147106,4.908885956
13.1,0,99.8395462,125.5962143,115.1606216,197.2006378,196.6295013,193.9816132,0.136092544,0.106361315,0.136362404,13.5874176,13.35857868,15.70357895,10.63247681,10.08498859,13.29766655,7.669136047,7.219377518,7.491175175,0.782523751,0.754944742,0.846792102,6.218091488,5.773147106,4.908885956
13.15,0,99.8394928,125.5842972,115.1222763,197.1687622,196.5947113,193.9568939,0.135155946,0.106075309,0.136493668,13.49390125,13.32139301,15.71346188,10.58647728,10.15889072,13.32231236,7.69563961,7.200604916,7.621569633,0.784537911,0.762599707,0.847827971,6.101305008,5.717395782,4.866508007
13.2,0,99.8394928,125.5842972,115.1222763,197.1687622,196.5947113,193.9568939,0.135155946,0.106075309,0.136493668,13.49390125,13.32139301,15.71346188,10.58647728,10.15889072,13.32231236,7.69563961,7.200604916,7.621569633,0.784537911,0.762599707,0.847827971,6.101305008,5.717395782,4.866508007
13.25,0,99.8394928,125.5842972,115.1222763,197.1687622,196.5947113,193.9568939,0.135155946,0.106075309,0.136493668,13.49390125,13.32139301,15.71346188,10.58647728,10.15889072,13.32231236,7.69563961,7.200604916,7.621569633,0.784537911,0.762599707,0.847827971,6.101305008,5.717395782,4.866508007
13.3,0,99.8394928,125.5842972,115.1222763,197.1687622,196.5947113,193.9568939,0.135155946,0.106075309,0.136493668,13.49390125,13.32139301,15.71346188,10.58647728,10.15889072,13.32231236,7.69563961,7.200604916,7.621569633,0.784537911,0.762599707,0.847827971,6.101305008,5.717395782,4.866508007
13.35,0,99.83268738,125.5325775,115.1148148,197.0934753,196.5626526,193.9509125,0.134712353,0.106581502,0.136199817,13.44869614,13.3794508,15.67861652,10.60545349,10.23359108,13.25964451,7.56638813,7.189881802,7.567804337,0.78858602,0.764873803,0.845715225,6.023646355,5.636459827,4.845765114
13.4,0,99.83268738,125.5325775,115.1148148,197.0934753,196.5626526,193.9509125,0.134712353,0.106581502,0.136199817,13.44869614,13.3794508,15.67861652,10.60545349,10.23359108,13.25964451,7.56638813,7.189881802,7.567804337,0.78858602,0.764873803,0.845715225,6.023646355,5.636459827,4.845765114
13.45,0,99.83268738,125.5325775,115.1148148,197.0934753,196.5626526,193.9509125,0.134712353,0.106581502,0.136199817,13.44869614,13.3794508,15.67861652,10.60545349,10.23359108,13.25964451,7.56638813,7.189881802,7.567804337,0.78858602,0.764873803,0.845715225,6.023646355,5.636459827,4.845765114
13.5,0,99.83268738,125.5325775,115.1148148,197.0934753,196.5626526,193.9509125,0.134712353,0.106581502,0.136199817,13.44869614,13.3794508,15.67861652,10.60545349,10.23359108,13.25964451,7.56638813,7.189881802,7.567804337,0.78858602,0.764873803,0.845715225,6.023646355,5.636459827,4.845765114
13.55,0,99.84906006,125.5451431,115.1335373,197.1423492,196.5577087,193.9888916,0.135801405,0.105968133,0.134820238,13.55964279,13.30378437,15.52233124,10.73986912,10.08521271,13.25453663,7.525921345,7.215067863,7.307762623,0.792046607,0.758070946,0.853901148,6.014071941,5.579003811,4.775690556
13.6,0,99.84906006,125.5451431,115.1335373,197.1423492,196.5577087,193.9888916,0.135801405,0.105968133,0.134820238,13.55964279,13.30378437,15.52233124,10.73986912,10.08521271,13.25453663,7.525921345,7.215067863,7.307762623,0.792046607,0.758070946,0.853901148,6.014071941,5.579003811,4.775690556
13.65,0,99.84906006,125.5451431,115.1335373,197.1423492,196.5577087,193.9888916,0.135801405,0.105968133,0.134820238,13.55964279,13.30378437,15.52233124,10.73986912,10.08521271,13.25453663,7.525921345,7.215067863,7.307762623,0.792046607,0.758070946,0.853901148,6.014071941,5.579003811,4.775690556
13.7,0,99.84906006,125.5451431,115.1335373,197.1423492,196.5577087,193.9888916,0.135801405,0.105968133,0.134820238,13.55964279,13.30378437,15.52233124,10.73986912,10.08521271,13.25453663,7.525921345,7.215067863,7.307762623,0.792046607,0.758070946,0.853901148,6.014071941,5.579003811,4.775690556
13.75,0,99.86853027,125.5511551,115.1314468,197.1581879,196.5366211,194.0258179,0.133566439,0.105428115,0.133865908,13.33908367,13.23662186,15.41217518,10.64801788,10.21814442,13.15034866,7.376346111,7.149662495,7.384614468,0.798257053,0.771960139,0.853244185,5.916520596,5.549248695,4.71826601
13.8,0,99.86853027,125.5511551,115.1314468,197.1581879,196.5366211,194.0258179,0.133566439,0.105428115,0.133865908,13.33908367,13.23662186,15.41217518,10.64801788,10.21814442,13.15034866,7.376346111,7.149662495,7.384614468,0.798257053,0.771960139,0.853244185,5.916520596,5.549248695,4.71826601
13.85,0,99.86853027,125.5511551,115.1314468,197.1581879,196.5366211,194.0258179,0.133566439,0.105428115,0.133865908,13.33908367,13.23662186,15.41217518,10.64801788,10.21814442,13.15034866,7.376346111,7.149662495,7.384614468,0.798257053,0.771960139,0.853244185,5.916520596,5.549248695,4.71826601
13.9,0,99.86853027,125.5511551,115.1314468,197.1581879,196.5366211,194.0258179,0.133566439,0.105428115,0.133865908,13.33908367,13.23662186,15.41217518,10.64801788,10.21814442,13.15034866,7.376346111,7.149662495,7.384614468,0.798257053,0.771960139,0.853244185,5.916520596,5.549248695,4.71826601
13.95,0,99.80121613,125.5257874,115.0819931,197.0620728,196.5403442,193.8859711,0.134925067,0.105937965,0.134517312,13.46568584,13.29794693,15.48052025,10.68738651,10.11633492,13.19543362,7.498629093,7.226991653,7.354351521,0.793675601,0.760744095,0.852389574,5.936478138,5.617513657,4.735201836
14,0,99.80121613,125.5257874,115.0819931,197.0620728,196.5403442,193.8859711,0.134925067,0.105937965,0.134517312,13.46568584,13.29794693,15.48052025,10.68738651,10.11633492,13.19543362,7.498629093,7.226991653,7.354351521,0.793675601,0.760744095,0.852389574,5.936478138,5.617513657,4.735201836
14.05,0,99.80121613,125.5257874,115.0819931,197.0620728,196.5403442,193.8859711,0.134925067,0.105937965,0.134517312,13.46568584,13.29794693,15.48052025,10.68738651,10.11633492,13.19543362,7.498629093,7.226991653,7.354351521,0.793675601,0.760744095,0.852389574,5.936478138,5.617513657,4.735201836
14.1,0,99.80121613,125.5257874,115.0819931,197.0620728,196.5403442,193.8859711,0.134925067,0.105937965,0.134517312,13.46568584,13.29794693,15.48052025,10.68738651,10.11633492,13.19543362,7.498629093,7.226991653,7.354351521,0.793675601,0.760744095,0.852389574,5.936478138,5.617513657,4.735201836
14.15,0,99.61332703,125.3494644,114.9011536,196.7598572,196.2308807,193.5553284,0.135533124,0.106053539,0.134060994,13.50090504,13.29375458,15.40376282,10.727911,10.0873518,13.190341,7.453525543,7.209507942,7.254412174,0.794606805,0.758803844,0.856306434,6.060907841,5.653692245,4.816299438
14.2,0,99.61332703,125.3494644,114.9011536,196.7598572,196.2308807,193.5553284,0.135533124,0.106053539,0.134060994,13.50090504,13.29375458,15.40376282,10.727911,10.0873518,13.190341,7.453525543,7.209507942,7.254412174,0.794606805,0.758803844,0.856306434,6.060907841,5.653692245,4.816299438
14.25,0,99.61332703,125.3494644,114.9011536,196.7598572,196.2308807,193.5553284,0.135533124,0.106053539,0.134060994,13.50090504,13.29375458,15.40376282,10.727911,10.0873518,13.190341,7.453525543,7.209507942,7.254412174,0.794606805,0.758803844,0.856306434,6.060907841,5.653692245,4.816299438
14.3,0,99.61332703,125.3494644,114.9011536,196.7598572,196.2308807,193.5553284,0.135533124,0.106053539,0.134060994,13.50090504,13.29375458,15.40376282,10.727911,10.0873518,13.190341,7.453525543,7.209507942,7.254412174,0.794606805,0.758803844,0.856306434,6.060907841,5.653692245,4.816299438
14.35,0,99.60636139,125.3612442,114.8988571,196.7740326,196.2107544,193.5623169,0.133875683,0.105160274,0.13255389,13.33486938,13.1830225,15.23029041,10.7473793,10.13835144,13.09517002,7.241959572,7.137980461,7.104169369,0.805960596,0.769046068,0.859810948,6.031890392,5.620580673,4.752177715
14.4,0,99.60636139,125.3612442,114.8988571,196.7740326,196.2107544,193.5623169,0.133875683,0.105160274,0.13255389,13.33486938,13.1830225,15.23029041,10.7473793,10.13835144,13.09517002,7.241959572,7.137980461,7.104169369,0.805960596,0.769046068,0.859810948,6.031890392,5.620580673,4.752177715
14.45,0,99.60636139,125.3612442,114.8988571,196.7740326,196.2107544,193.5623169,0.133875683,0.105160274,0.13255389,13.33486938,13.1830225,15.23029041,10.7473793,10.13835144,13.09517002,7.241959572,7.137980461,7.104169369,0.805960596,0.769046068,0.859810948,6.031890392,5.620580673,4.752177715
14.5,0,99.60636139,125.3612442,114.8988571,196.7740326,196.2107544,193.5623169,0.133875683,0.105160274,0.13255389,13.33486938,13.1830225,15.23029041,10.7473793,10.13835144,13.09517002,7.241959572,7.137980461,7.104169369,0.805960596,0.769046068,0.859810948,6.031890392,5.620580673,4.752177715
14.55,0,99.63371277,125.3884583,114.8972168,196.8193054,196.238739,193.5764771,0.134256497,0.105598025,0.134889096,13.37647343,13.2407732,15.49838161,10.64099884,10.16210556,13.22484493,7.376351357,7.032063007,7.282371998,0.795501053,0.767485797,0.853304923,6.07193327,5.710343361,4.817711353
14.6,0,99.63371277,125.3884583,114.8972168,196.8193054,196.238739,193.5764771,0.134256497,0.105598025,0.134889096,13.37647343,13.2407732,15.49838161,10.64099884,10.16210556,13.22484493,7.376351357,7.032063007,7.282371998,0.795501053,0.767485797,0.853304923,6.07193327,5.710343361,4.817711353
14.65,0,99.63371277,125.3884583,114.8972168,196.8193054,196.238739,193.5764771,0.134256497,0.105598025,0.134889096,13.37647343,13.2407732,15.49838161,10.64099884,10.16210556,13.22484493,7.376351357,7.032063007,7.282371998,0.795501053,0.767485797,0.853304923,6.07193327,5.710343361,4.817711353
14.7,0,99.63371277,125.3884583,114.8972168,196.8193054,196.238739,193.5764771,0.134256497,0.105598025,0.134889096,13.37647343,13.2407732,15.49838161,10.64099884,10.16210556,13.22484493,7.376351357,7.032063007,7.282371998,0.795501053,0.767485797,0.853304923,6.07193327,5.710343361,4.817711353
14.75,0,99.68925476,125.3811569,114.9276962,196.8448029,196.2528229,193.6670227,0.134686083,0.105621576,0.134577945,13.42675495,13.24295521,15.46673298,10.69597816,10.16545296,13.22015572,7.411767006,7.120850563,7.305052757,0.796616793,0.7676121,0.854747772,6.082549572,5.730904102,4.928750992
14.8,0,99.68925476,125.3811569,114.9276962,196.8448029,196.2528229,193.6670227,0.134686083,0.105621576,0.134577945,13.42675495,13.24295521,15.46673298,10.69597816,10.16545296,13.22015572,7.411767006,7.120850563,7.305052757,0.796616793,0.7676121,0.854747772,6.082549572,5.730904102,4.928750992
14.85,0,99.68925476,125.3811569,114.9276962,196.8448029,196.2528229,193.6670227,0.134686083,0.105621576,0.134577945,13.42675495,13.24295521,15.46673298,10.69597816,10.16545296,13.22015572,7.411767006,7.120850563,7.305052757,0.796616793,0.7676121,0.854747772,6.082549572,5.730904102,4.928750992
14.9,0,99.68925476,125.3811569,114.9276962,196.8448029,196.2528229,193.6670227,0.134686083,0.105621576,0.134577945,13.42675495,13.24295521,15.46673298,10.69597816,10.16545296,13.22015572,7.411767006,7.120850563,7.305052757,0.796616793,0.7676121,0.854747772,6.082549572,5.730904102,4.928750992
14.95,0,99.69467163,125.3850403,114.944046,196.8780212,196.2565918,193.6790924,0.134201199,0.104870595,0.134310484,13.37914467,13.14920425,15.43819046,10.66723537,10.12217808,13.22986698,7.394320488,7.042045116,7.243170261,0.797303259,0.769793987,0.856957078,6.198357582,5.681397915,4.991150856
15,0,99.69467163,125.3850403,114.944046,196.8780212,196.2565918,193.6790924,0.134201199,0.104870595,0.134310484,13.37914467,13.14920425,15.43819046,10.66723537,10.12217808,13.22986698,7.394320488,7.042045116,7.243170261,0.797303259,0.769793987,0.856957078,6.198357582,5.681397915,4.991150856
15.05,0,99.69467163,125.3850403,114.944046,196.8780212,196.2565918,193.6790924,0.134201199,0.104870595,0.134310484,13.37914467,13.14920425,15.43819046,10.66723537,10.12217808,13.22986698,7.394320488,7.042045116,7.243170261,0.797303259,0.769793987,0.856957078,6.198357582,5.681397915,4.991150856
15.1,0,99.69467163,125.3850403,114.944046,196.8780212,196.2565918,193.6790924,0.134201199,0.104870595,0.134310484,13.37914467,13.14920425,15.43819046,10.66723537,10.12217808,13.22986698,7.394320488,7.042045116,7.243170261,0.797303259,0.769793987,0.856957078,6.198357582,5.681397915,4.991150856
15.15,0,99.66760254,125.4226685,114.9387817,196.8819275,196.2915802,193.6504822,0.133286417,0.105023153,0.133428514,13.284338,13.17228413,15.33611107,10.65740395,10.19637871,13.14629936,7.189426899,6.948562622,7.13599968,0.802253306,0.77407825,0.857212067,6.198125362,5.728189945,4.874647617
15.2,0,99.66760254,125.4226685,114.9387817,196.8819275,196.2915802,193.6504822,0.133286417,0.105023153,0.133428514,13.284338,13.17228413,15.33611107,10.65740395,10.19637871,13.14629936,7.189426899,6.948562622,7.13599968,0.802253306,0.77407825,0.857212067,6.198125362,5.728189945,4.874647617
15.25,0,99.66760254,125.4226685,114.9387817,196.8819275,196.2915802,193.6504822,0.133286417,0.105023153,0.133428514,13.284338,13.17228413,15.33611107,10.65740395,10.19637871,13.14629936,7.189426899,6.948562622,7.13599968,0.802253306,0.77407825,0.857212067,6.198125362,5.728189945,4.874647617
15.3,0,99.66760254,125.4226685,114.9387817,196.8819275,196.2915802,193.6504822,0.133286417,0.105023153,0.133428514,13.284338,13.17228413,15.33611107,10.65740395,10.19637871,13.14629936,7.189426899,6.948562622,7.13599968,0.802253306,0.77407825,0.857212067,6.198125362,5.728189945,4.874647617
15.35,0,99.66806793,125.4209747,114.9472504,196.8606415,196.3250732,193.6555481,0.132935464,0.104554668,0.133357286,13.24942112,13.11334801,15.32905293,10.64137554,10.19758224,13.18732929,7.21847105,6.936738968,7.180034161,0.803157747,0.777649045,0.860283375,5.955358028,5.542528629,4.737027168
15.4,0,99.66806793,125.4209747,114.9472504,196.8606415,196.3250732,193.6555481,0.132935464,0.104554668,0.133357286,13.24942112,13.11334801,15.32905293,10.64137554,10.19758224,13.18732929,7.21847105,6.936738968,7.180034161,0.803157747,0.777649045,0.860283375,5.955358028,5.542528629,4.737027168
15.45,0,99.66806793,125.4209747,114.9472504,196.8606415,196.3250732,193.6555481,0.132935464,0.104554668,0.133357286,13.24942112,13.11334801,15.32905293,10.64137554,10.19758224,13.18732929,7.21847105,6.936738968,7.180034161,0.803157747,0.777649045,0.860283375,5.955358028,5.542528629,4.737027168
15.5,0,99.66806793,125.4209747,114.9472504,196.8606415,196.3250732,193.6555481,0.132935464,0.104554668,0.133357286,13.24942112,13.11334801,15.32905293,10.64137554,10.19758224,13.18732929,7.21847105,6.936738968,7.180034161,0.803157747,0.777649045,0.860283375,5.955358028,5.542528629,4.737027168
15.55,0,99.78178406,125.5089569,115.0736389,197.0217285,196.5178833,193.8701477,0.134192258,0.105678327,0.133570775,13.38994312,13.26357651,15.37047482,10.710042,10.1629982,13.13131237,7.362820148,7.196711063,7.263471127,0.79985714,0.766233623,0.854320526,6.072060108,5.656151772,4.896267414
15.6,0,99.78178406,125.5089569,115.0736389,197.0217285,196.5178833,193.8701477,0.134192258,0.105678327,0.133570775,13.38994312,13.26357651,15.37047482,10.710042,10.1629982,13.13131237,7.362820148,7.196711063,7.263471127,0.79985714,0.766233623,0.854320526,6.072060108,5.656151772,4.896267414
15.65,0,99.78178406,125.5089569,115.0736389,197.0217285,196.5178833,193.8701477,0.134192258,0.105678327,0.133570775,13.38994312,13.26357651,15.37047482,10.710042,10.1629982,13.13131237,7.362820148,7.196711063,7.263471127,0.79985714,0.766233623,0.854320526,6.072060108,5.656151772,4.896267414
15.7,0,99.78178406,125.5089569,115.0736389,197.0217285,196.5178833,193.8701477,0.134192258,0.105678327,0.133570775,13.38994312,13.26357651,15.37047482,10.710042,10.1629982,13.13131237,7.362820148,7.196711063,7.263471127,0.79985714,0.766233623,0.854320526,6.072060108,5.656151772,4.896267414
15.75,0,99.85225677,125.5865707,115.1289215,197.1917114,196.6035919,193.9699402,0.134450972,0.105088249,0.134065807,13.42523289,13.19767284,15.43485165,10.6894455,10.12739754,13.23617363,7.363266468,7.038584232,7.20921278,0.796220481,0.767362356,0.857551098,6.097821712,5.615568638,4.84813261
15.8,0,99.85225677,125.5865707,115.1289215,197.1917114,196.6035919,193.9699402,0.134450972,0.105088249,0.134065807,13.42523289,13.19767284,15.43485165,10.6894455,10.12739754,13.23617363,7.363266468,7.038584232,7.20921278,0.796220481,0.767362356,0.857551098,6.097821712,5.615568638,4.84813261
15.85,0,99.85225677,125.5865707,115.1289215,197.1917114,196.6035919,193.9699402,0.134450972,0.105088249,0.134065807,13.42523289,13.19767284,15.43485165,10.6894455,10.12739754,13.23617363,7.363266468,7.038584232,7.20921278,0.796220481,0.767362356,0.857551098,6.097821712,5.615568638,4.84813261
15.9,0,99.85225677,125.5865707,115.1289215,197.1917114,196.6035919,193.9699402,0.134450972,0.105088249,0.134065807,13.42523289,13.19767284,15.43485165,10.6894455,10.12739754,13.23617363,7.363266468,7.038584232,7.20921278,0.796220481,0.767362356,0.857551098,6.097821712,5.615568638,4.84813261
15.95,0,99.83853149,125.6179352,115.1097107,197.2013397,196.6226501,193.9392548,0.135103762,0.106137492,0.133631974,13.48856163,13.33277225,15.38233757,10.74055958,10.1429615,13.13262653,7.485705853,7.338018417,7.352944851,0.796271682,0.760754108,0.853747129,6.005972385,5.559558392,4.736202717
16,0,99.83853149,125.6179352,115.1097107,197.2013397,196.6226501,193.9392548,0.135103762,0.106137492,0.133631974,13.48856163,13.33277225,15.38233757,10.74055958,10.1429615,13.13262653,7.485705853,7.338018417,7.352944851,0.796271682,0.760754108,0.853747129,6.005972385,5.559558392,4.736202717
16.05,0,99.83853149,125.6179352,115.1097107,197.2013397,196.6226501,193.9392548,0.135103762,0.106137492,0.133631974,13.48856163,13.33277225,15.38233757,10.74055958,10.1429615,13.13262653,7.485705853,7.338018417,7.352944851,0.796271682,0.760754108,0.853747129,6.005972385,5.559558392,4.736202717
16.1,0,99.83853149,125.6179352,115.1097107,197.2013397,196.6226501,193.9392548,0.135103762,0.106137492,0.133631974,13.48856163,13.33277225,15.38233757,10.74055958,10.1429615,13.13262653,7.485705853,7.338018417,7.352944851,0.796271682,0.760754108,0.853747129,6.005972385,5.559558392,4.736202717
16.15,0,99.83985901,125.5947495,115.0974197,197.1728516,196.6118011,193.9198914,0.136158198,0.107243955,0.135405898,13.59401512,13.46927738,15.58486938,10.72934437,10.15187454,13.22583675,7.590980053,7.332069397,7.438307762,0.789269686,0.753705978,0.84863317,5.932144642,5.559047699,4.769538879
16.2,0,99.83985901,125.5947495,115.0974197,197.1728516,196.6118011,193.9198914,0.136158198,0.107243955,0.135405898,13.59401512,13.46927738,15.58486938,10.72934437,10.15187454,13.22583675,7.590980053,7.332069397,7.438307762,0.789269686,0.753705978,0.84863317,5.932144642,5.559047699,4.769538879
16.25,0,99.83985901,125.5947495,115.0974197,197.1728516,196.6118011,193.9198914,0.136158198,0.107243955,0.135405898,13.59401512,13.46927738,15.58486938,10.72934437,10.15187454,13.22583675,7.590980053,7.332069397,7.438307762,0.789269686,0.753705978,0.84863317,5.932144642,5.559047699,4.769538879
16.3,0,99.83985901,125.5947495,115.0974197,197.1728516,196.6118011,193.9198914,0.136158198,0.107243955,0.135405898,13.59401512,13.46927738,15.58486938,10.72934437,10.15187454,13.22583675,7.590980053,7.332069397,7.438307762,0.789269686,0.753705978,0.84863317,5.932144642,5.559047699,4.769538879
16.35,0,99.83586121,125.5623703,115.123558,197.1376038,196.5933838,193.9557648,0.136209443,0.105625071,0.134644374,13.59858704,13.26253414,15.5007391,10.75152588,10.00919151,13.24952698,7.568105698,7.250739098,7.262240887,0.790635526,0.754696786,0.854767442,5.912024021,5.485149384,4.742641926
16.4,0,99.83586121,125.5623703,115.123558,197.1376038,196.5933838,193.9557648,0.136209443,0.105625071,0.134644374,13.59858704,13.26253414,15.5007391,10.75152588,10.00919151,13.24952698,7.568105698,7.250739098,7.262240887,0.790635526,0.754696786,0.854767442,5.912024021,5.485149384,4.742641926
16.45,0,99.83586121,125.5623703,115.123558,197.1376038,196.5933838,193.9557648,0.136209443,0.105625071,0.134644374,13.59858704,13.26253414,15.5007391,10.75152588,10.00919151,13.24952698,7.568105698,7.250739098,7.262240887,0.790635526,0.754696786,0.854767442,5.912024021,5.485149384,4.742641926
16.5,0,99.83586121,125.5623703,115.123558,197.1376038,196.5933838,193.9557648,0.136209443,0.105625071,0.134644374,13.59858704,13.26253414,15.5007391,10.75152588,10.00919151,13.24952698,7.568105698,7.250739098,7.262240887,0.790635526,0.754696786,0.854767442,5.912024021,5.485149384,4.742641926
16.55,0,99.83238983,125.6008148,115.1337814,197.1880341,196.6237335,193.954834,0.135015711,0.10549444,0.134271488,13.47894096,13.25018787,15.45918369,10.71275711,10.11407471,13.21152306,7.540297985,7.27549839,7.371294975,0.794777334,0.763315558,0.854606748,5.986936569,5.52729845,4.703202724
16.6,0,99.83238983,125.6008148,115.1337814,197.1880341,196.6237335,193.954834,0.135015711,0.10549444,0.134271488,13.47894096,13.25018787,15.45918369,10.71275711,10.11407471,13.21152306,7.540297985,7.27549839,7.371294975,0.794777334,0.763315558,0.854606748,5.986936569,5.52729845,4.703202724
16.65,0,99.83238983,125.6008148,115.1337814,197.1880341,196.6237335,193.954834,0.135015711,0.10549444,0.134271488,13.47894096,13.25018787,15.45918369,10.71275711,10.11407471,13.21152306,7.540297985,7.27549839,7.371294975,0.794777334,0.763315558,0.854606748,5.986936569,5.52729845,4.703202724
16.7,0,99.83238983,125.6008148,115.1337814,197.1880341,196.6237335,193.954834,0.135015711,0.10549444,0.134271488,13.47894096,13.25018787,15.45918369,10.71275711,10.11407471,13.21152306,7.540297985,7.27549839,7.371294975,0.794777334,0.763315558,0.854606748,5.986936569,5.52729845,4.703202724
16.75,0,99.86973572,125.5883408,115.1711884,197.1799469,196.6375732,194.0429382,0.135583669,0.107081249,0.135321751,13.54070473,13.44815636,15.58516693,10.68391418,10.17747307,13.19282341,7.523914337,7.263306618,7.451111794,0.789022028,0.756793201,0.846498668,6.028266907,5.661921024,4.83281517
16.8,0,99.86973572,125.5883408,115.1711884,197.1799469,196.6375732,194.0429382,0.135583669,0.107081249,0.135321751,13.54070473,13.44815636,15.58516693,10.68391418,10.17747307,13.19282341,7.523914337,7.263306618,7.451111794,0.789022028,0.756793201,0.846498668,6.028266907,5.661921024,4.83281517
16.85,0,99.86973572,125.5883408,115.1711884,197.1799469,196.6375732,194.0429382,0.135583669,0.107081249,0.135321751,13.54070473,13.44815636,15.58516693,10.68391418,10.17747307,13.19282341,7.523914337,7.263306618,7.451111794,0.789022028,0.756793201,0.846498668,6.028266907,5.661921024,4.83281517
16.9,0,99.86973572,125.5883408,115.1711884,197.1799469,196.6375732,194.0429382,0.135583669,0.107081249,0.135321751,13.54070473,13.44815636,15.58516693,10.68391418,10.17747307,13.19282341,7.523914337,7.263306618,7.451111794,0.789022028,0.756793201,0.846498668,6.028266907,5.661921024,4.83281517
16.95,0,99.88198853,125.5918198,115.1864014,197.2002869,196.6737518,194.0471191,0.136035308,0.106756002,0.134177253,13.58747673,13.40768051,15.45539474,10.76064396,10.1470089,13.16080284,7.535439014,7.376097679,7.400528431,0.791953087,0.756805718,0.851534545,6.135587692,5.672099113,4.946875095
17,0,99.88198853,125.5918198,115.1864014,197.2002869,196.6737518,194.0471191,0.136035308,0.106756002,0.134177253,13.58747673,13.40768051,15.45539474,10.76064396,10.1470089,13.16080284,7.535439014,7.376097679,7.400528431,0.791953087,0.756805718,0.851534545,6.135587692,5.672099113,4.946875095
17.05,0,99.88198853,125.5918198,115.1864014,197.2002869,196.6737518,194.0471191,0.136035308,0.106756002,0.134177253,13.58747673,13.40768051,15.45539474,10.76064396,10.1470089,13.16080284,7.535439014,7.376097679,7.400528431,0.791953087,0.756805718,0.851534545,6.135587692,5.672099113,4.946875095
17.1,0,99.88198853,125.5918198,115.1864014,197.2002869,196.6737518,194.0471191,0.136035308,0.106756002,0.134177253,13.58747673,13.40768051,15.45539474,10.76064396,10.1470089,13.16080284,7.535439014,7.376097679,7.400528431,0.791953087,0.756805718,0.851534545,6.135587692,5.672099113,4.946875095
17.15,0,99.84443665,125.5645294,115.1780853,197.1451263,196.6322937,194.0191193,0.137026995,0.107436515,0.133474872,13.68138313,13.4902153,15.37337971,10.874753,10.0738039,13.09864807,7.571783543,7.565546989,7.314346313,0.79485774,0.746748924,0.85203439,6.163150787,5.668075562,4.930378437
17.2,0,99.84443665,125.5645294,115.1780853,197.1451263,196.6322937,194.0191193,0.137026995,0.107436515,0.133474872,13.68138313,13.4902153,15.37337971,10.874753,10.0738039,13.09864807,7.571783543,7.565546989,7.314346313,0.79485774,0.746748924,0.85203439,6.163150787,5.668075562,4.930378437
17.25,0,99.84443665,125.5645294,115.1780853,197.1451263,196.6322937,194.0191193,0.137026995,0.107436515,0.133474872,13.68138313,13.4902153,15.37337971,10.874753,10.0738039,13.09864807,7.571783543,7.565546989,7.314346313,0.79485774,0.746748924,0.85203439,6.163150787,5.668075562,4.930378437
17.3,0,99.84443665,125.5645294,115.1780853,197.1451263,196.6322937,194.0191193,0.137026995,0.107436515,0.133474872,13.68138313,13.4902153,15.37337971,10.874753,10.0738039,13.09864807,7.571783543,7.565546989,7.314346313,0.79485774,0.746748924,0.85203439,6.163150787,5.668075562,4.930378437
17.35,0,99.80973053,125.5464706,115.1416779,197.0898743,196.5826721,193.9640808,0.137501776,0.108229607,0.134423926,13.72401524,13.58784485,15.47779655,10.85663986,10.12175179,13.13218975,7.563463688,7.519961834,7.356921673,0.791068792,0.744912207,0.848453462,6.112980366,5.706025124,4.925126076
17.4,0,99.80973053,125.5464706,115.1416779,197.0898743,196.5826721,193.9640808,0.137501776,0.108229607,0.134423926,13.72401524,13.58784485,15.47779655,10.85663986,10.12175179,13.13218975,7.563463688,7.519961834,7.356921673,0.791068792,0.744912207,0.848453462,6.112980366,5.706025124,4.925126076
17.45,0,99.80973053,125.5464706,115.1416779,197.0898743,196.5826721,193.9640808,0.137501776,0.108229607,0.134423926,13.72401524,13.58784485,15.47779655,10.85663986,10.12175179,13.13218975,7.563463688,7.519961834,7.356921673,0.791068792,0.744912207,0.848453462,6.112980366,5.706025124,4.925126076
17.5,0,99.80973053,125.5464706,115.1416779,197.0898743,196.5826721,193.9640808,0.137501776,0.108229607,0.134423926,13.72401524,13.58784485,15.47779655,10.85663986,10.12175179,13.13218975,7.563463688,7.519961834,7.356921673,0.791068792,0.744912207,0.848453462,6.112980366,5.706025124,4.925126076
17.55,0,99.83634186,125.5696793,115.1392593,197.1273346,196.6172485,193.9737396,0.134913996,0.106454939,0.133240163,13.46931934,13.3675127,15.34117413,10.74036694,10.17434406,13.12026215,7.374568939,7.255115509,7.288728714,0.797394931,0.761124671,0.855231941,6.192585945,5.784369469,5.011084557
17.6,0,99.83634186,125.5696793,115.1392593,197.1273346,196.6172485,193.9737396,0.134913996,0.106454939,0.133240163,13.46931934,13.3675127,15.34117413,10.74036694,10.17434406,13.12026215,7.374568939,7.255115509,7.288728714,0.797394931,0.761124671,0.855231941,6.192585945,5.784369469,5.011084557
17.65,0,99.83634186,125.5696793,115.1392593,197.1273346,196.6172485,193.9737396,0.134913996,0.106454939,0.133240163,13.46931934,13.3675127,15.34117413,10.74036694,10.17434406,13.12026215,7.374568939,7.255115509,7.288728714,0.797394931,0.761124671,0.855231941,6.192585945,5.784369469,5.011084557
17.7,0,99.83634186,125.5696793,115.1392593,197.1273346,196.6172485,193.9737396,0.134913996,0.106454939,0.133240163,13.46931934,13.3675127,15.34117413,10.74036694,10.17434406,13.12026215,7.374568939,7.255115509,7.288728714,0.797394931,0.761124671,0.855231941,6.192585945,5.784369469,5.011084557
17.75,0,99.85404968,125.5133591,115.1762085,197.084549,196.5809021,194.0460968,0.134416729,0.105138421,0.133872867,13.42205429,13.19627666,15.41896915,10.7318449,10.14263344,13.21277142,7.405265808,7.166594505,7.271369457,0.799567997,0.768598139,0.856916666,6.17962122,5.781911373,5.064681053
17.8,0,99.85404968,125.5133591,115.1762085,197.084549,196.5809021,194.0460968,0.134416729,0.105138421,0.133872867,13.42205429,13.19627666,15.41896915,10.7318449,10.14263344,13.21277142,7.405265808,7.166594505,7.271369457,0.799567997,0.768598139,0.856916666,6.17962122,5.781911373,5.064681053
17.85,0,99.85404968,125.5133591,115.1762085,197.084549,196.5809021,194.0460968,0.134416729,0.105138421,0.133872867,13.42205429,13.19627666,15.41896915,10.7318449,10.14263344,13.21277142,7.405265808,7.166594505,7.271369457,0.799567997,0.768598139,0.856916666,6.17962122,5.781911373,5.064681053
17.9,0,99.85404968,125.5133591,115.1762085,197.084549,196.5809021,194.0460968,0.134416729,0.105138421,0.133872867,13.42205429,13.19627666,15.41896915,10.7318449,10.14263344,13.21277142,7.405265808,7.166594505,7.271369457,0.799567997,0.768598139,0.856916666,6.17962122,5.781911373,5.064681053
17.95,0,99.85017395,125.5851898,115.1837463,197.1663818,196.6440125,194.0366974,0.13383092,0.105825007,0.132724062,13.36304092,13.29005337,15.28765488,10.73200035,10.20921993,13.08670616,7.222122669,7.136945724,7.179618835,0.803110659,0.768185019,0.856031001,6.221018791,5.780014992,4.969231606
18,0,99.85017395,125.5851898,115.1837463,197.1663818,196.6440125,194.0366974,0.13383092,0.105825007,0.132724062,13.36304092,13.29005337,15.28765488,10.73200035,10.20921993,13.08670616,7.222122669,7.136945724,7.179618835,0.803110659,0.768185019,0.856031001,6.221018791,5.780014992,4.969231606
18.05,0,99.85017395,125.5851898,115.1837463,197.1663818,196.6440125,194.0366974,0.13383092,0.105825007,0.132724062,13.36304092,13.29005337,15.28765488,10.73200035,10.20921993,13.08670616,7.222122669,7.136945724,7.179618835,0.803110659,0.768185019,0.856031001,6.221018791,5.780014992,4.969231606
18.1,0,99.85017395,125.5851898,115.1837463,197.1663818,196.6440125,194.0366974,0.13383092,0.105825007,0.132724062,13.36304092,13.29005337,15.28765488,10.73200035,10.20921993,13.08670616,7.222122669,7.136945724,7.179618835,0.803110659,0.768185019,0.856031001,6.221018791,5.780014992,4.969231606
18.15,0,99.86346436,125.6036987,115.1583252,197.1919556,196.6507874,194.014801,0.133215427,0.10534025,0.132946685,13.30335426,13.23112488,15.30991745,10.68278217,10.24288654,13.12021542,7.259216309,7.10768652,7.272062302,0.803014159,0.774150848,0.8569749,6.094408989,5.742387295,4.915411949
18.2,0,99.86346436,125.6036987,115.1583252,197.1919556,196.6507874,194.014801,0.133215427,0.10534025,0.132946685,13.30335426,13.23112488,15.30991745,10.68278217,10.24288654,13.12021542,7.259216309,7.10768652,7.272062302,0.803014159,0.774150848,0.8569749,6.094408989,5.742387295,4.915411949
18.25,0,99.86346436,125.6036987,115.1583252,197.1919556,196.6507874,194.014801,0.133215427,0.10534025,0.132946685,13.30335426,13.23112488,15.30991745,10.68278217,10.24288654,13.12021542,7.259216309,7.10768652,7.272062302,0.803014159,0.774150848,0.8569749,6.094408989,5.742387295,4.915411949
18.3,0,99.86346436,125.6036987,115.1583252,197.1919556,196.6507874,194.014801,0.133215427,0.10534025,0.132946685,13.30335426,13.23112488,15.30991745,10.68278217,10.24288654,13.12021542,7.259216309,7.10768652,7.272062302,0.803014159,0.774150848,0.8569749,6.094408989,5.742387295,4.915411949
18.35,0,99.88916779,125.6298141,115.1491089,197.2523651,196.6794891,194.0065155,0.133243412,0.104637146,0.133921519,13.30957317,13.14554501,15.42094326,10.63040829,10.16359901,13.23499393,7.350255013,6.988591671,7.259000778,0.798703909,0.773159206,0.858247995,6.124378681,5.708784103,4.967614651
18.4,0,99.88916779,125.6298141,115.1491089,197.2523651,196.6794891,194.0065155,0.133243412,0.104637146,0.133921519,13.30957317,13.14554501,15.42094326,10.63040829,10.16359901,13.23499393,7.350255013,6.988591671,7.259000778,0.798703909,0.773159206,0.858247995,6.124378681,5.708784103,4.967614651
18.45,0,99.88916779,125.6298141,115.1491089,197.2523651,196.6794891,194.0065155,0.133243412,0.104637146,0.133921519,13.30957317,13.14554501,15.42094326,10.63040829,10.16359901,13.23499393,7.350255013,6.988591671,7.259000778,0.798703909,0.773159206,0.858247995,6.124378681,5.708784103,4.967614651
18.5,0,99.88916779,125.6298141,115.1491089,197.2523651,196.6794891,194.0065155,0.133243412,0.104637146,0.133921519,13.30957317,13.14554501,15.42094326,10.63040829,10.16359901,13.23499393,7.350255013,6.988591671,7.259000778,0.798703909,0.773159206,0.858247995,6.124378681,5.708784103,4.967614651
18.55,0,99.89451599,125.6329651,115.1927414,197.2714539,196.6937714,194.0619965,0.134329766,0.105835922,0.133566856,13.41880703,13.29648113,15.38593197,10.74349499,10.21475792,13.18274593,7.320432663,7.13699913,7.235224724,0.800629675,0.76823014,0.856805146,6.176910877,5.74758625,4.914937019
18.6,0,99.89451599,125.6329651,115.1927414,197.2714539,196.6937714,194.0619965,0.134329766,0.105835922,0.133566856,13.41880703,13.29648113,15.38593197,10.74349499,10.21475792,13.18274593,7.320432663,7.13699913,7.235224724,0.800629675,0.76823014,0.856805146,6.176910877,5.74758625,4.914937019
18.65,0,99.89451599,125.6329651,115.1927414,197.2714539,196.6937714,194.0619965,0.134329766,0.105835922,0.133566856,13.41880703,13.29648113,15.38593197,10.74349499,10.21475792,13.18274593,7.320432663,7.13699913,7.235224724,0.800629675,0.76823014,0.856805146,6.176910877,5.74758625,4.914937019
18.7,0,99.89451599,125.6329651,115.1927414,197.2714539,196.6937714,194.0619965,0.134329766,0.105835922,0.133566856,13.41880703,13.29648113,15.38593197,10.74349499,10.21475792,13.18274593,7.320432663,7.13699913,7.235224724,0.800629675,0.76823014,0.856805146,6.176910877,5.74758625,4.914937019
18.75,0,99.92446136,125.6362305,115.19841,197.2793579,196.6799164,194.1234283,0.133461043,0.104741797,0.13285996,13.33602333,13.1593647,15.30525589,10.71014786,10.19058323,13.14255142,7.264271736,7.084659576,7.201078892,0.803099036,0.77439779,0.858695328,6.073019981,5.759086609,4.870524406
18.8,0,99.92446136,125.6362305,115.19841,197.2793579,196.6799164,194.1234283,0.133461043,0.104741797,0.13285996,13.33602333,13.1593647,15.30525589,10.71014786,10.19058323,13.14255142,7.264271736,7.084659576,7.201078892,0.803099036,0.77439779,0.858695328,6.073019981,5.759086609,4.870524406
18.85,0,99.92446136,125.6362305,115.19841,197.2793579,196.6799164,194.1234283,0.133461043,0.104741797,0.13285996,13.33602333,13.1593647,15.30525589,10.71014786,10.19058323,13.14255142,7.264271736,7.084659576,7.201078892,0.803099036,0.77439779,0.858695328,6.073019981,5.759086609,4.870524406
18.9,0,99.92446136,125.6362305,115.19841,197.2793579,196.6799164,194.1234283,0.133461043,0.104741797,0.13285996,13.33602333,13.1593647,15.30525589,10.71014786,10.19058323,13.14255142,7.264271736,7.084659576,7.201078892,0.803099036,0.77439779,0.858695328,6.073019981,5.759086609,4.870524406
18.95,0,99.94536591,125.6780014,115.2066879,197.3384857,196.7599487,194.1151581,0.13492541,0.106054306,0.133967355,13.48516941,13.32869339,15.43393517,10.72909164,10.1636858,13.17289543,7.455470562,7.254490376,7.335139751,0.795621574,0.762541771,0.853502035,6.10957098,5.774568558,4.929430485
19,0,99.94536591,125.6780014,115.2066879,197.3384857,196.7599487,194.1151581,0.13492541,0.106054306,0.133967355,13.48516941,13.32869339,15.43393517,10.72909164,10.1636858,13.17289543,7.455470562,7.254490376,7.335139751,0.795621574,0.762541771,0.853502035,6.10957098,5.774568558,4.929430485
19.05,0,99.94536591,125.6780014,115.2066879,197.3384857,196.7599487,194.1151581,0.13492541,0.106054306,0.133967355,13.48516941,13.32869339,15.43393517,10.72909164,10.1636858,13.17289543,7.455470562,7.254490376,7.335139751,0.795621574,0.762541771,0.853502035,6.10957098,5.774568558,4.929430485
19.1,0,99.94536591,125.6780014,115.2066879,197.3384857,196.7599487,194.1151581,0.13492541,0.106054306,0.133967355,13.48516941,13.32869339,15.43393517,10.72909164,10.1636858,13.17289543,7.455470562,7.254490376,7.335139751,0.795621574,0.762541771,0.853502035,6.10957098,5.774568558,4.929430485
19.15,0,99.93747711,125.6589661,115.2205124,197.3164978,196.7485352,194.1283417,0.133023232,0.104707114,0.133026108,13.29400635,13.15738773,15.32733631,10.67735386,10.22962189,13.17739105,7.231255054,7.000157356,7.205694199,0.803170502,0.777481198,0.859731317,6.161522388,5.735332966,4.945469379
19.2,0,99.93747711,125.6589661,115.2205124,197.3164978,196.7485352,194.1283417,0.133023232,0.104707114,0.133026108,13.29400635,13.15738773,15.32733631,10.67735386,10.22962189,13.17739105,7.231255054,7.000157356,7.205694199,0.803170502,0.777481198,0.859731317,6.161522388,5.735332966,4.945469379
19.25,0,99.93747711,125.6589661,115.2205124,197.3164978,196.7485352,194.1283417,0.133023232,0.104707114,0.133026108,13.29400635,13.15738773,15.32733631,10.67735386,10.22962189,13.17739105,7.231255054,7.000157356,7.205694199,0.803170502,0.777481198,0.859731317,6.161522388,5.735332966,4.945469379
19.3,0,99.93747711,125.6589661,115.2205124,197.3164978,196.7485352,194.1283417,0.133023232,0.104707114,0.133026108,13.29400635,13.15738773,15.32733631,10.67735386,10.22962189,13.17739105,7.231255054,7.000157356,7.205694199,0.803170502,0.777481198,0.859731317,6.161522388,5.735332966,4.945469379
19.35,0,99.91655731,125.6434784,115.2045746,197.2849426,196.709137,194.1083527,0.131499201,0.104552843,0.132808298,13.13894749,13.13638306,15.30012321,10.61317921,10.36045456,13.12288857,7.134411335,6.957061291,7.292290211,0.807764769,0.788683951,0.857698202,6.063727379,5.664500713,4.818749905
19.4,0,99.91655731,125.6434784,115.2045746,197.2849426,196.709137,194.1083527,0.131499201,0.104552843,0.132808298,13.13894749,13.13638306,15.30012321,10.61317921,10.36045456,13.12288857,7.134411335,6.957061291,7.292290211,0.807764769,0.788683951,0.857698202,6.063727379,5.664500713,4.818749905
19.45,0,99.91655731,125.6434784,115.2045746,197.2849426,196.709137,194.1083527,0.131499201,0.104552843,0.132808298,13.13894749,13.13638306,15.30012321,10.61317921,10.36045456,13.12288857,7.134411335,6.957061291,7.292290211,0.807764769,0.788683951,0.857698202,6.063727379,5.664500713,4.818749905
19.5,0,99.91655731,125.6434784,115.2045746,197.2849426,196.709137,194.1083527,0.131499201,0.104552843,0.132808298,13.13894749,13.13638306,15.30012321,10.61317921,10.36045456,13.12288857,7.134411335,6.957061291,7.292290211,0.807764769,0.788683951,0.857698202,6.063727379,5.664500713,4.818749905
19.55,0,99.91616058,125.6617966,115.208931,197.2808228,196.7492981,194.1082611,0.132232442,0.105161197,0.132098719,13.2121582,13.21474457,15.21895218,10.68876839,10.28428078,13.04598236,7.065357208,7.008409977,7.123018742,0.809010029,0.778242886,0.857219458,6.118182659,5.769353867,4.861314297
19.6,0,99.91616058,125.6617966,115.208931,197.2808228,196.7492981,194.1082611,0.132232442,0.105161197,0.132098719,13.2121582,13.21474457,15.21895218,10.68876839,10.28428078,13.04598236,7.065357208,7.008409977,7.123018742,0.809010029,0.778242886,0.857219458,6.118182659,5.769353867,4.861314297
19.65,0,99.91616058,125.6617966,115.208931,197.2808228,196.7492981,194.1082611,0.132232442,0.105161197,0.132098719,13.2121582,13.21474457,15.21895218,10.68876839,10.28428078,13.04598236,7.065357208,7.008409977,7.123018742,0.809010029,0.778242886,0.857219458,6.118182659,5.769353867,4.861314297
19.7,0,99.93727875,125.6881409,115.1758804,197.3463135,196.7301025,194.08638,0.133101568,0.104874559,0.133735254,13.30180836,13.18148804,15.40307522,10.63863087,10.22513103,13.19332695,7.355335236,7.070193768,7.342679501,0.799788296,0.775719047,0.856538475,6.148318768,5.788247585,4.854879379
19.75,0,99.93727875,125.6881409,115.1758804,197.3463135,196.7301025,194.08638,0.133101568,0.104874559,0.133735254,13.30180836,13.18148804,15.40307522,10.63863087,10.22513103,13.19332695,7.355335236,7.070193768,7.342679501,0.799788296,0.775719047,0.856538475,6.148318768,5.788247585,4.854879379
19.8,0,99.91770935,125.6399918,115.1546173,197.2810974,196.6834106,194.0460968,0.133729607,0.104599848,0.134610116,13.36195564,13.1419239,15.50097656,10.64532471,10.16388226,13.2650919,7.429102898,7.043448448,7.3186059,0.796689093,0.77339381,0.855758488,6.11345911,5.727657795,4.911652088
19.85,0,99.91770935,125.6399918,115.1546173,197.2810974,196.6834106,194.0460968,0.133729607,0.104599848,0.134610116,13.36195564,13.1419239,15.50097656,10.64532471,10.16388226,13.2650919,7.429102898,7.043448448,7.3186059,0.796689093,0.77339381,0.855758488,6.11345911,5.727657795,4.911652088
19.9,0,99.91770935,125.6399918,115.1546173,197.2810974,196.6834106,194.0460968,0.133729607,0.104599848,0.134610116,13.36195564,13.1419239,15.50097656,10.64532471,10.16388226,13.2650919,7.429102898,7.043448448,7.3186059,0.796689093,0.77339381,0.855758488,6.11345911,5.727657795,4.911652088
19.95,0,99.91770935,125.6399918,115.1546173,197.2810974,196.6834106,194.0460968,0.133729607,0.104599848,0.134610116,13.36195564,13.1419239,15.50097656,10.64532471,10.16388226,13.2650919,7.429102898,7.043448448,7.3186059,0.796689093,0.77339381,0.855758488,6.11345911,5.727657795,4.911652088
