t+,class,V_L1,V_L2,V_L3,V_L12,V_L23,V_L31,A_L1,A_L2,A_L3,VA_L1,VA_L2,VA_L3,W_L1,W_L2,W_L3,Q_L1,Q_L2,Q_L3,PF_L1,PF_L2,PF_L3,THD_L1,THD_L2,THD_L3
0,0,102.93281555175781,129.0542755126953,118.95857238769531,202.76055908203125,202.9696044921875,200.09324645996094,0.44868314266204834,0.49821212887763977,0.46897152066230774,46.18421936035156,64.29640197753906,55.78818130493164,-43.95277405,-60.41918182,-54.84233475,10.616052627563477,17.98332977294922,1.0597950220108032,0.9516838192939758,0.9396976828575134,0.983045757,5.023132324,5.003065109,4.065645217895508
0.05,0,102.93281555175781,129.0542755126953,118.95857238769531,202.76055908203125,202.9696044921875,200.09324645996094,0.44868314266204834,0.49821212887763977,0.46897152066230774,46.18421936035156,64.29640197753906,55.78818130493164,-43.95277405,-60.41918182,-54.84233475,10.616052627563477,17.98332977294922,1.0597950220108032,0.9516838192939758,0.9396976828575134,0.983045757,5.023132324,5.003065109,4.065645217895508
0.1,0,102.93281555175781,129.0542755126953,118.95857238769531,202.76055908203125,202.9696044921875,200.09324645996094,0.44868314266204834,0.49821212887763977,0.46897152066230774,46.18421936035156,64.29640197753906,55.78818130493164,-43.95277405,-60.41918182,-54.84233475,10.616052627563477,17.98332977294922,1.0597950220108032,0.9516838192939758,0.9396976828575134,0.983045757,5.023132324,5.003065109,4.065645217895508
0.15,0,102.93281555175781,129.0542755126953,118.95857238769531,202.76055908203125,202.9696044921875,200.09324645996094,0.44868314266204834,0.49821212887763977,0.46897152066230774,46.18421936035156,64.29640197753906,55.78818130493164,-43.95277405,-60.41918182,-54.84233475,10.616052627563477,17.98332977294922,1.0597950220108032,0.9516838192939758,0.9396976828575134,0.983045757,5.023132324,5.003065109,4.065645217895508
0.2,0,102.90005493164062,129.05056762695312,118.97150421142578,202.7314453,202.9252471923828,200.10691833496094,0.4479849934577942,0.4955483078956604,0.4636441171169281,46.097679138183594,63.95079040527344,55.160438537597656,-43.80529022,-60.07965851,-54.20576859,10.789929389953613,17.672740936279297,1.2414792776107788,0.9502710700035095,0.9394670128822327,0.9826928377151489,5.009728908538818,5.030503749847412,4.096554756164551
0.25,0,102.90005493164062,129.05056762695312,118.97150421142578,202.7314453,202.9252471923828,200.10691833496094,0.4479849934577942,0.4955483078956604,0.4636441171169281,46.097679138183594,63.95079040527344,55.160438537597656,-43.80529022,-60.07965851,-54.20576859,10.789929389953613,17.672740936279297,1.2414792776107788,0.9502710700035095,0.9394670128822327,0.9826928377151489,5.009728908538818,5.030503749847412,4.096554756164551
0.3,0,102.90005493164062,129.05056762695312,118.97150421142578,202.7314453,202.9252471923828,200.10691833496094,0.4479849934577942,0.4955483078956604,0.4636441171169281,46.097679138183594,63.95079040527344,55.160438537597656,-43.80529022,-60.07965851,-54.20576859,10.789929389953613,17.672740936279297,1.2414792776107788,0.9502710700035095,0.9394670128822327,0.9826928377151489,5.009728908538818,5.030503749847412,4.096554756164551
0.35,0,102.90005493164062,129.05056762695312,118.97150421142578,202.7314453,202.9252471923828,200.10691833496094,0.4479849934577942,0.4955483078956604,0.4636441171169281,46.097679138183594,63.95079040527344,55.160438537597656,-43.80529022,-60.07965851,-54.20576859,10.789929389953613,17.672740936279297,1.2414792776107788,0.9502710700035095,0.9394670128822327,0.9826928377151489,5.009728908538818,5.030503749847412,4.096554756164551
0.4,0,102.93885803222656,129.08631896972656,118.9924316,202.7912139892578,203.02804565429688,200.1288604736328,0.44968655705451965,0.5000420212745667,0.46939316391944885,46.29022216796875,64.54858398,55.85423278808594,-43.89231491,-60.41691589,-54.97505188,11.551624298095703,19.143407821655273,2.066317081451416,0.9481983780860901,0.9359913468360901,0.9842593669891357,5.077581882476807,5.057833194732666,4.092885971069336
0.45,0,102.93885803222656,129.08631896972656,118.9924316,202.7912139892578,203.02804565429688,200.1288604736328,0.44968655705451965,0.5000420212745667,0.46939316391944885,46.29022216796875,64.54858398,55.85423278808594,-43.89231491,-60.41691589,-54.97505188,11.551624298095703,19.143407821655273,2.066317081451416,0.9481983780860901,0.9359913468360901,0.9842593669891357,5.077581882476807,5.057833194732666,4.092885971069336
0.5,0,102.93885803222656,129.08631896972656,118.9924316,202.7912139892578,203.02804565429688,200.1288604736328,0.44968655705451965,0.5000420212745667,0.46939316391944885,46.29022216796875,64.54858398,55.85423278808594,-43.89231491,-60.41691589,-54.97505188,11.551624298095703,19.143407821655273,2.066317081451416,0.9481983780860901,0.9359913468360901,0.9842593669891357,5.077581882476807,5.057833194732666,4.092885971069336
0.55,0,102.93885803222656,129.08631896972656,118.9924316,202.7912139892578,203.02804565429688,200.1288604736328,0.44968655705451965,0.5000420212745667,0.46939316391944885,46.29022216796875,64.54858398,55.85423278808594,-43.89231491,-60.41691589,-54.97505188,11.551624298095703,19.143407821655273,2.066317081451416,0.9481983780860901,0.9359913468360901,0.9842593669891357,5.077581882476807,5.057833194732666,4.092885971069336
0.6,0,102.96172332763672,129.1254425048828,118.9952163696289,202.85227966308594,203.0526580810547,200.15328979492188,0.448751301,0.4946032166481018,0.46863022446632385,46.20420837402344,63.86585998535156,55.76475524902344,-44.03079605,-60.03679657,-54.7956543,10.14319133758545,17.52220916748047,0.9804388284683228,0.95296073,0.9400452375411987,0.9826216101646423,5.075379848480225,5.0940632820129395,4.105093955993652
0.65,0,102.96172332763672,129.1254425048828,118.9952163696289,202.85227966308594,203.0526580810547,200.15328979492188,0.448751301,0.4946032166481018,0.46863022446632385,46.20420837402344,63.86585998535156,55.76475524902344,-44.03079605,-60.03679657,-54.7956543,10.14319133758545,17.52220916748047,0.9804388284683228,0.95296073,0.9400452375411987,0.9826216101646423,5.075379848480225,5.0940632820129395,4.105093955993652
0.7,0,102.96172332763672,129.1254425048828,118.9952163696289,202.85227966308594,203.0526580810547,200.15328979492188,0.448751301,0.4946032166481018,0.46863022446632385,46.20420837402344,63.86585998535156,55.76475524902344,-44.03079605,-60.03679657,-54.7956543,10.14319133758545,17.52220916748047,0.9804388284683228,0.95296073,0.9400452375411987,0.9826216101646423,5.075379848480225,5.0940632820129395,4.105093955993652
0.75,0,102.96172332763672,129.1254425048828,118.9952163696289,202.85227966308594,203.0526580810547,200.15328979492188,0.448751301,0.4946032166481018,0.46863022446632385,46.20420837402344,63.86585998535156,55.76475524902344,-44.03079605,-60.03679657,-54.7956543,10.14319133758545,17.52220916748047,0.9804388284683228,0.95296073,0.9400452375411987,0.9826216101646423,5.075379848480225,5.0940632820129395,4.105093955993652
0.8,0,102.89421081542969,129.01763916015625,118.92321014404297,202.70260620117188,202.89369201660156,200.03028869628906,0.44453486800193787,0.4902161955833435,0.4627121388912201,45.74006271362305,63.24653625488281,55.02721405029297,-43.36746216,-59.17070007,-54.04310989,10.907687187194824,18.309478759765625,1.936419129371643,0.9481286406517029,0.9355563521385193,0.9821160435676575,5.038797378540039,5.053278923034668,4.123409748077393
0.85,0,102.89421081542969,129.01763916015625,118.92321014404297,202.70260620117188,202.89369201660156,200.03028869628906,0.44453486800193787,0.4902161955833435,0.4627121388912201,45.74006271362305,63.24653625488281,55.02721405029297,-43.36746216,-59.17070007,-54.04310989,10.907687187194824,18.309478759765625,1.936419129371643,0.9481286406517029,0.9355563521385193,0.9821160435676575,5.038797378540039,5.053278923034668,4.123409748077393
0.9,0,102.89421081542969,129.01763916015625,118.92321014404297,202.70260620117188,202.89369201660156,200.03028869628906,0.44453486800193787,0.4902161955833435,0.4627121388912201,45.74006271362305,63.24653625488281,55.02721405029297,-43.36746216,-59.17070007,-54.04310989,10.907687187194824,18.309478759765625,1.936419129371643,0.9481286406517029,0.9355563521385193,0.9821160435676575,5.038797378540039,5.053278923034668,4.123409748077393
0.95,0,102.89421081542969,129.01763916015625,118.92321014404297,202.70260620117188,202.89369201660156,200.03028869628906,0.44453486800193787,0.4902161955833435,0.4627121388912201,45.74006271362305,63.24653625488281,55.02721405029297,-43.36746216,-59.17070007,-54.04310989,10.907687187194824,18.309478759765625,1.936419129371643,0.9481286406517029,0.9355563521385193,0.9821160435676575,5.038797378540039,5.053278923034668,4.123409748077393
1,0,102.9360352,129.1048126220703,118.99340057373047,202.79844665527344,203.0369873046875,200.13873291015625,0.4541739225387573,0.5028796195983887,0.47595497965812683,46.75086212158203,64.92417907714844,56.635501861572266,-44.45729446,-60.81955338,-55.79148483,11.262285232543945,19.18449592590332,2.0294435024261475,0.9509406089782715,0.936778188,0.9850974082946777,5.047774314880371,4.986254692077637,4.055192470550537
1.05,0,102.9360352,129.1048126220703,118.99340057373047,202.79844665527344,203.0369873046875,200.13873291015625,0.4541739225387573,0.5028796195983887,0.47595497965812683,46.75086212158203,64.92417907714844,56.635501861572266,-44.45729446,-60.81955338,-55.79148483,11.262285232543945,19.18449592590332,2.0294435024261475,0.9509406089782715,0.936778188,0.9850974082946777,5.047774314880371,4.986254692077637,4.055192470550537
1.1,0,102.9360352,129.1048126220703,118.99340057373047,202.79844665527344,203.0369873046875,200.13873291015625,0.4541739225387573,0.5028796195983887,0.47595497965812683,46.75086212158203,64.92417907714844,56.635501861572266,-44.45729446,-60.81955338,-55.79148483,11.262285232543945,19.18449592590332,2.0294435024261475,0.9509406089782715,0.936778188,0.9850974082946777,5.047774314880371,4.986254692077637,4.055192470550537
1.15,0,102.9360352,129.1048126220703,118.99340057373047,202.79844665527344,203.0369873046875,200.13873291015625,0.4541739225387573,0.5028796195983887,0.47595497965812683,46.75086212158203,64.92417907714844,56.635501861572266,-44.45729446,-60.81955338,-55.79148483,11.262285232543945,19.18449592590332,2.0294435024261475,0.9509406089782715,0.936778188,0.9850974082946777,5.047774314880371,4.986254692077637,4.055192470550537
1.2,0,102.91448211669922,129.0343017578125,118.91339111328125,202.7366180419922,202.8519287109375,200.0710906982422,0.44252291321754456,0.48890024423599243,0.4596140682697296,45.542015075683594,63.08489990234375,54.654266357421875,-43.40746689,-59.42573547,-53.7843895,10.07883358001709,17.05661392211914,0.7092520594596863,0.9531301259994507,0.9419962167739868,0.9840840101242065,4.958654403686523,4.971709251403809,4.056407451629639
1.25,0,102.91448211669922,129.0343017578125,118.91339111328125,202.7366180419922,202.8519287109375,200.0710906982422,0.44252291321754456,0.48890024423599243,0.4596140682697296,45.542015075683594,63.08489990234375,54.654266357421875,-43.40746689,-59.42573547,-53.7843895,10.07883358001709,17.05661392211914,0.7092520594596863,0.9531301259994507,0.9419962167739868,0.9840840101242065,4.958654403686523,4.971709251403809,4.056407451629639
1.3,0,102.91448211669922,129.0343017578125,118.91339111328125,202.7366180419922,202.8519287109375,200.0710906982422,0.44252291321754456,0.48890024423599243,0.4596140682697296,45.542015075683594,63.08489990234375,54.654266357421875,-43.40746689,-59.42573547,-53.7843895,10.07883358001709,17.05661392211914,0.7092520594596863,0.9531301259994507,0.9419962167739868,0.9840840101242065,4.958654403686523,4.971709251403809,4.056407451629639
1.35,0,102.91448211669922,129.0343017578125,118.91339111328125,202.7366180419922,202.8519287109375,200.0710906982422,0.44252291321754456,0.48890024423599243,0.4596140682697296,45.542015075683594,63.08489990234375,54.654266357421875,-43.40746689,-59.42573547,-53.7843895,10.07883358001709,17.05661392211914,0.7092520594596863,0.9531301259994507,0.9419962167739868,0.9840840101242065,4.958654403686523,4.971709251403809,4.056407451629639
1.4,0,102.93177795410156,129.0033721923828,118.90555572509766,202.7209930419922,202.8822021484375,200.0382537841797,0.4455331861972809,0.4955366849899292,0.4655894637107849,45.85952377319336,63.92590332,55.361175537109375,-43.46673584,-59.77618408,-54.46863556,11.338946342468262,18.962905883789062,1.999619960784912,0.9478235244750977,0.9350854754447937,0.9838778972625732,4.995871543884277,4.9784650802612305,4.0847907066345215
1.45,0,102.93177795410156,129.0033721923828,118.90555572509766,202.7209930419922,202.8822021484375,200.0382537841797,0.4455331861972809,0.4955366849899292,0.4655894637107849,45.85952377319336,63.92590332,55.361175537109375,-43.46673584,-59.77618408,-54.46863556,11.338946342468262,18.962905883789062,1.999619960784912,0.9478235244750977,0.9350854754447937,0.9838778972625732,4.995871543884277,4.9784650802612305,4.0847907066345215
1.5,0,102.93177795410156,129.0033721923828,118.90555572509766,202.7209930419922,202.8822021484375,200.0382537841797,0.4455331861972809,0.4955366849899292,0.4655894637107849,45.85952377319336,63.92590332,55.361175537109375,-43.46673584,-59.77618408,-54.46863556,11.338946342468262,18.962905883789062,1.999619960784912,0.9478235244750977,0.9350854754447937,0.9838778972625732,4.995871543884277,4.9784650802612305,4.0847907066345215
1.55,0,102.93177795410156,129.0033721923828,118.90555572509766,202.7209930419922,202.8822021484375,200.0382537841797,0.4455331861972809,0.4955366849899292,0.4655894637107849,45.85952377319336,63.92590332,55.361175537109375,-43.46673584,-59.77618408,-54.46863556,11.338946342468262,18.962905883789062,1.999619960784912,0.9478235244750977,0.9350854754447937,0.9838778972625732,4.995871543884277,4.9784650802612305,4.0847907066345215
1.6,0,102.93661499023438,129.11802673339844,118.98464965820312,202.84072875976562,202.99119567871094,200.1396942138672,0.4559498727321625,0.5033652186393738,0.47328734397888184,46.933937072753906,64.99352264404297,56.31393051147461,-44.68920898,-61.11417007,-55.44487762,11.024162292480469,18.269868850708008,1.5005395412445068,0.952172577,0.9403117299079895,0.9845677018165588,5.012707233428955,4.990422726,4.068429946899414
1.65,0,102.93661499023438,129.11802673339844,118.98464965820312,202.84072875976562,202.99119567871094,200.1396942138672,0.4559498727321625,0.5033652186393738,0.47328734397888184,46.933937072753906,64.99352264404297,56.31393051147461,-44.68920898,-61.11417007,-55.44487762,11.024162292480469,18.269868850708008,1.5005395412445068,0.952172577,0.9403117299079895,0.9845677018165588,5.012707233428955,4.990422726,4.068429946899414
1.7,0,102.93661499023438,129.11802673339844,118.98464965820312,202.84072875976562,202.99119567871094,200.1396942138672,0.4559498727321625,0.5033652186393738,0.47328734397888184,46.933937072753906,64.99352264404297,56.31393051147461,-44.68920898,-61.11417007,-55.44487762,11.024162292480469,18.269868850708008,1.5005395412445068,0.952172577,0.9403117299079895,0.9845677018165588,5.012707233428955,4.990422726,4.068429946899414
1.75,0,102.93661499023438,129.11802673339844,118.98464965820312,202.84072875976562,202.99119567871094,200.1396942138672,0.4559498727321625,0.5033652186393738,0.47328734397888184,46.933937072753906,64.99352264404297,56.31393051147461,-44.68920898,-61.11417007,-55.44487762,11.024162292480469,18.269868850708008,1.5005395412445068,0.952172577,0.9403117299079895,0.9845677018165588,5.012707233428955,4.990422726,4.068429946899414
1.8,0,102.86264038085938,129.04795837402344,118.91818237304688,202.6951141357422,202.92636108398438,199.99874877929688,0.4405371844768524,0.48877719044685364,0.4606359004974365,45.31481934,63.07569885253906,54.777984619140625,-43.04794312,-59.09246063,-53.86201477,10.742652893066406,18.20868682861328,1.5780242681503296,0.9499749541282654,0.9368498921394348,0.9832785129547119,5.0510993003845215,5.065186977386475,4.080559730529785
1.85,0,102.86264038085938,129.04795837402344,118.91818237304688,202.6951141357422,202.92636108398438,199.99874877929688,0.4405371844768524,0.48877719044685364,0.4606359004974365,45.31481934,63.07569885253906,54.777984619140625,-43.04794312,-59.09246063,-53.86201477,10.742652893066406,18.20868682861328,1.5780242681503296,0.9499749541282654,0.9368498921394348,0.9832785129547119,5.0510993003845215,5.065186977386475,4.080559730529785
1.9,0,102.86264038085938,129.04795837402344,118.91818237304688,202.6951141357422,202.92636108398438,199.99874877929688,0.4405371844768524,0.48877719044685364,0.4606359004974365,45.31481934,63.07569885253906,54.777984619140625,-43.04794312,-59.09246063,-53.86201477,10.742652893066406,18.20868682861328,1.5780242681503296,0.9499749541282654,0.9368498921394348,0.9832785129547119,5.0510993003845215,5.065186977386475,4.080559730529785
1.95,0,102.86264038085938,129.04795837402344,118.91818237304688,202.6951141357422,202.92636108398438,199.99874877929688,0.4405371844768524,0.48877719044685364,0.4606359004974365,45.31481934,63.07569885253906,54.777984619140625,-43.04794312,-59.09246063,-53.86201477,10.742652893066406,18.20868682861328,1.5780242681503296,0.9499749541282654,0.9368498921394348,0.9832785129547119,5.0510993003845215,5.065186977386475,4.080559730529785
2,0,102.97299194335938,129.0857696533203,118.97985076904297,202.8113555908203,203.04086303710938,200.13746643066406,0.4535764753818512,0.5004310607910156,0.47274285554885864,46.70612716674805,64.59852600097656,56.24687576293945,-44.27652359,-60.39910889,-55.20975876,11.04136848449707,18.58574104309082,1.8693183660507202,0.94798106,0.9349920749664307,0.9815613627433777,5.098054409,5.089106559753418,4.123137474060059
2.05,0,102.97299194335938,129.0857696533203,118.97985076904297,202.8113555908203,203.04086303710938,200.13746643066406,0.4535764753818512,0.5004310607910156,0.47274285554885864,46.70612716674805,64.59852600097656,56.24687576293945,-44.27652359,-60.39910889,-55.20975876,11.04136848449707,18.58574104309082,1.8693183660507202,0.94798106,0.9349920749664307,0.9815613627433777,5.098054409,5.089106559753418,4.123137474060059
2.1,0,102.97299194335938,129.0857696533203,118.97985076904297,202.8113555908203,203.04086303710938,200.13746643066406,0.4535764753818512,0.5004310607910156,0.47274285554885864,46.70612716674805,64.59852600097656,56.24687576293945,-44.27652359,-60.39910889,-55.20975876,11.04136848449707,18.58574104309082,1.8693183660507202,0.94798106,0.9349920749664307,0.9815613627433777,5.098054409,5.089106559753418,4.123137474060059
2.15,0,102.97299194335938,129.0857696533203,118.97985076904297,202.8113555908203,203.04086303710938,200.13746643066406,0.4535764753818512,0.5004310607910156,0.47274285554885864,46.70612716674805,64.59852600097656,56.24687576293945,-44.27652359,-60.39910889,-55.20975876,11.04136848449707,18.58574104309082,1.8693183660507202,0.94798106,0.9349920749664307,0.9815613627433777,5.098054409,5.089106559753418,4.123137474060059
2.2,0,102.9311752319336,129.07801818847656,118.97734832763672,202.7935333251953,202.94444274902344,200.1392059326172,0.45022261142730713,0.4946134686470032,0.4645407199859619,46.341941833496094,63.843727111816406,55.26982116699219,-44.20048523,-60.18291473,-54.36753464,10.289729118347168,16.99871826171875,0.912643552,0.9537900686264038,0.9426597952842712,0.9836748838424683,5.041762351989746,5.032890319824219,4.0569868087768555
2.25,0,102.9311752319336,129.07801818847656,118.97734832763672,202.7935333251953,202.94444274902344,200.1392059326172,0.45022261142730713,0.4946134686470032,0.4645407199859619,46.341941833496094,63.843727111816406,55.26982116699219,-44.20048523,-60.18291473,-54.36753464,10.289729118347168,16.99871826171875,0.912643552,0.9537900686264038,0.9426597952842712,0.9836748838424683,5.041762351989746,5.032890319824219,4.0569868087768555
2.3,0,102.9311752319336,129.07801818847656,118.97734832763672,202.7935333251953,202.94444274902344,200.1392059326172,0.45022261142730713,0.4946134686470032,0.4645407199859619,46.341941833496094,63.843727111816406,55.26982116699219,-44.20048523,-60.18291473,-54.36753464,10.289729118347168,16.99871826171875,0.912643552,0.9537900686264038,0.9426597952842712,0.9836748838424683,5.041762351989746,5.032890319824219,4.0569868087768555
2.35,0,102.9311752319336,129.07801818847656,118.97734832763672,202.7935333251953,202.94444274902344,200.1392059326172,0.45022261142730713,0.4946134686470032,0.4645407199859619,46.341941833496094,63.843727111816406,55.26982116699219,-44.20048523,-60.18291473,-54.36753464,10.289729118347168,16.99871826171875,0.912643552,0.9537900686264038,0.9426597952842712,0.9836748838424683,5.041762351989746,5.032890319824219,4.0569868087768555
2.4,0,102.89611053466797,129.07025146484375,118.94298553466797,202.73074340820312,202.9822540283203,200.04934692382812,0.44725412130355835,0.4985291063785553,0.4698643386363983,46.02070999145508,64.34527587890625,55.88706588745117,-43.55376434,-59.95056915,-54.99473572,11.765450477600098,19.86655044555664,2.5487749576568604,0.9463948607444763,0.9317011833190918,0.9840333461761475,5.068140983581543,5.047314643859863,4.041585922241211
2.45,0,102.89611053466797,129.07025146484375,118.94298553466797,202.73074340820312,202.9822540283203,200.04934692382812,0.44725412130355835,0.4985291063785553,0.4698643386363983,46.02070999145508,64.34527587890625,55.88706588745117,-43.55376434,-59.95056915,-54.99473572,11.765450477600098,19.86655044555664,2.5487749576568604,0.9463948607444763,0.9317011833190918,0.9840333461761475,5.068140983581543,5.047314643859863,4.041585922241211
2.5,0,102.89611053466797,129.07025146484375,118.94298553466797,202.73074340820312,202.9822540283203,200.04934692382812,0.44725412130355835,0.4985291063785553,0.4698643386363983,46.02070999145508,64.34527587890625,55.88706588745117,-43.55376434,-59.95056915,-54.99473572,11.765450477600098,19.86655044555664,2.5487749576568604,0.9463948607444763,0.9317011833190918,0.9840333461761475,5.068140983581543,5.047314643859863,4.041585922241211
2.55,0,102.89611053466797,129.07025146484375,118.94298553466797,202.73074340820312,202.9822540283203,200.04934692382812,0.44725412130355835,0.4985291063785553,0.4698643386363983,46.02070999145508,64.34527587890625,55.88706588745117,-43.55376434,-59.95056915,-54.99473572,11.765450477600098,19.86655044555664,2.5487749576568604,0.9463948607444763,0.9317011833190918,0.9840333461761475,5.068140983581543,5.047314643859863,4.041585922241211
2.6,0,102.95476531982422,129.1262664794922,118.98121643066406,202.84580993652344,203.0522461,200.1271209716797,0.44912439584732056,0.49651268124580383,0.46707069873809814,46.239498138427734,64.11283111572266,55.57263946533203,-44.10118103,-60.4254303,-54.69523621,10.366864204406738,17.45016860961914,0.8600156903266907,0.9537556171417236,0.9424857497215271,0.9842116236686707,5.065949440002441,5.0400214195251465,4.047527313232422
2.65,0,102.95476531982422,129.1262664794922,118.98121643066406,202.84580993652344,203.0522461,200.1271209716797,0.44912439584732056,0.49651268124580383,0.46707069873809814,46.239498138427734,64.11283111572266,55.57263946533203,-44.10118103,-60.4254303,-54.69523621,10.366864204406738,17.45016860961914,0.8600156903266907,0.9537556171417236,0.9424857497215271,0.9842116236686707,5.065949440002441,5.0400214195251465,4.047527313232422
2.7,0,102.95476531982422,129.1262664794922,118.98121643066406,202.84580993652344,203.0522461,200.1271209716797,0.44912439584732056,0.49651268124580383,0.46707069873809814,46.239498138427734,64.11283111572266,55.57263946533203,-44.10118103,-60.4254303,-54.69523621,10.366864204406738,17.45016860961914,0.8600156903266907,0.9537556171417236,0.9424857497215271,0.9842116236686707,5.065949440002441,5.0400214195251465,4.047527313232422
2.75,0,102.95476531982422,129.1262664794922,118.98121643066406,202.84580993652344,203.0522461,200.1271209716797,0.44912439584732056,0.49651268124580383,0.46707069873809814,46.239498138427734,64.11283111572266,55.57263946533203,-44.10118103,-60.4254303,-54.69523621,10.366864204406738,17.45016860961914,0.8600156903266907,0.9537556171417236,0.9424857497215271,0.9842116236686707,5.065949440002441,5.0400214195251465,4.047527313232422
2.8,0,102.89177703857422,129.07089233398438,118.97013854980469,202.75326538085938,202.98448181152344,200.06346130371094,0.4406200349330902,0.4905926287174225,0.4616444706916809,45.336177825927734,63.32122802734375,54.921905517578125,-43.06826401,-59.39561844,-53.92492294,10.381438255310059,17.78748131,0.9455933570861816,0.9499756097793579,0.9380048513412476,0.9818472862243652,5.047520637512207,4.991641044616699,3.995934009552002
2.85,0,102.89177703857422,129.07089233398438,118.97013854980469,202.75326538085938,202.98448181152344,200.06346130371094,0.4406200349330902,0.4905926287174225,0.4616444706916809,45.336177825927734,63.32122802734375,54.921905517578125,-43.06826401,-59.39561844,-53.92492294,10.381438255310059,17.78748131,0.9455933570861816,0.9499756097793579,0.9380048513412476,0.9818472862243652,5.047520637512207,4.991641044616699,3.995934009552002
2.9,0,102.89177703857422,129.07089233398438,118.97013854980469,202.75326538085938,202.98448181152344,200.06346130371094,0.4406200349330902,0.4905926287174225,0.4616444706916809,45.336177825927734,63.32122802734375,54.921905517578125,-43.06826401,-59.39561844,-53.92492294,10.381438255310059,17.78748131,0.9455933570861816,0.9499756097793579,0.9380048513412476,0.9818472862243652,5.047520637512207,4.991641044616699,3.995934009552002
2.95,0,102.91720581054688,129.07359313964844,118.97817993164062,202.78536987304688,202.9585418701172,200.1085662841797,0.45274636149406433,0.5014457106590271,0.46811169385910034,46.59539031982422,64.72339630126953,55.69507598876953,-44.3115654,-60.92073441,-54.70323563,10.712409019470215,17.45563507080078,0.8558792471885681,0.9509860277175903,0.9412474632263184,0.9821916222572327,4.912286758422852,5.009670734405518,4.067075252532959
3,0,102.88267517089844,129.02369689941406,118.91830444335938,202.6748047,202.91819763183594,200.0192871,0.44589945673942566,0.49436020851135254,0.46632668375968933,45.875328063964844,63.784183502197266,55.454776763916016,-43.5080719,-59.60121155,-54.53964233,11.161551475524902,18.85376549,2.0701282024383545,0.9483980536460876,0.9344199299812317,0.9834976196289062,4.965642452,4.983256816864014,4.097448825836182
3.05,0,102.88267517089844,129.02369689941406,118.91830444335938,202.6748047,202.91819763183594,200.0192871,0.44589945673942566,0.49436020851135254,0.46632668375968933,45.875328063964844,63.784183502197266,55.454776763916016,-43.5080719,-59.60121155,-54.53964233,11.161551475524902,18.85376549,2.0701282024383545,0.9483980536460876,0.9344199299812317,0.9834976196289062,4.965642452,4.983256816864014,4.097448825836182
3.1,0,102.88267517089844,129.02369689941406,118.91830444335938,202.6748047,202.91819763183594,200.0192871,0.44589945673942566,0.49436020851135254,0.46632668375968933,45.875328063964844,63.784183502197266,55.454776763916016,-43.5080719,-59.60121155,-54.53964233,11.161551475524902,18.85376549,2.0701282024383545,0.9483980536460876,0.9344199299812317,0.9834976196289062,4.965642452,4.983256816864014,4.097448825836182
3.15,0,102.88267517089844,129.02369689941406,118.91830444335938,202.6748047,202.91819763183594,200.0192871,0.44589945673942566,0.49436020851135254,0.46632668375968933,45.875328063964844,63.784183502197266,55.454776763916016,-43.5080719,-59.60121155,-54.53964233,11.161551475524902,18.85376549,2.0701282024383545,0.9483980536460876,0.9344199299812317,0.9834976196289062,4.965642452,4.983256816864014,4.097448825836182
3.2,0,102.89644622802734,129.07984924316406,118.9701919555664,202.76788330078125,202.9597930908203,200.08644104003906,0.4539452791213989,0.4993809759616852,0.4696832001209259,46.709354400634766,64.46002197265625,55.878299713134766,-44.33016968,-60.42212677,-54.87939835,10.917357444763184,18.03991699,1.6473820209503174,0.9490640759468079,0.9373581409454346,0.982123613,4.977231979370117,4.974391937255859,4.030703067779541
3.25,0,102.89644622802734,129.07984924316406,118.9701919555664,202.76788330078125,202.9597930908203,200.08644104003906,0.4539452791213989,0.4993809759616852,0.4696832001209259,46.709354400634766,64.46002197265625,55.878299713134766,-44.33016968,-60.42212677,-54.87939835,10.917357444763184,18.03991699,1.6473820209503174,0.9490640759468079,0.9373581409454346,0.982123613,4.977231979370117,4.974391937255859,4.030703067779541
3.3,0,102.89644622802734,129.07984924316406,118.9701919555664,202.76788330078125,202.9597930908203,200.08644104003906,0.4539452791213989,0.4993809759616852,0.4696832001209259,46.709354400634766,64.46002197265625,55.878299713134766,-44.33016968,-60.42212677,-54.87939835,10.917357444763184,18.03991699,1.6473820209503174,0.9490640759468079,0.9373581409454346,0.982123613,4.977231979370117,4.974391937255859,4.030703067779541
3.35,0,102.89644622802734,129.07984924316406,118.9701919555664,202.76788330078125,202.9597930908203,200.08644104003906,0.4539452791213989,0.4993809759616852,0.4696832001209259,46.709354400634766,64.46002197265625,55.878299713134766,-44.33016968,-60.42212677,-54.87939835,10.917357444763184,18.03991699,1.6473820209503174,0.9490640759468079,0.9373581409454346,0.982123613,4.977231979370117,4.974391937255859,4.030703067779541
3.4,0,102.92037200927734,129.03961181640625,118.96245574951172,202.73739624023438,202.9672852,200.07984924316406,0.44542306661605835,0.4927806854248047,0.4660274088382721,45.843109130859375,63.58823013305664,55.43976593017578,-43.72380447,-59.78532791,-54.55830002,10.15715217590332,17.603687286376953,0.9725862741470337,0.9537704586982727,0.940194845,0.9841004610061646,4.954618453979492,4.986241817474365,4.037694931030273
3.45,0,102.92037200927734,129.03961181640625,118.96245574951172,202.73739624023438,202.9672852,200.07984924316406,0.44542306661605835,0.4927806854248047,0.4660274088382721,45.843109130859375,63.58823013305664,55.43976593017578,-43.72380447,-59.78532791,-54.55830002,10.15715217590332,17.603687286376953,0.9725862741470337,0.9537704586982727,0.940194845,0.9841004610061646,4.954618453979492,4.986241817474365,4.037694931030273
3.5,0,102.92037200927734,129.03961181640625,118.96245574951172,202.73739624023438,202.9672852,200.07984924316406,0.44542306661605835,0.4927806854248047,0.4660274088382721,45.843109130859375,63.58823013305664,55.43976593017578,-43.72380447,-59.78532791,-54.55830002,10.15715217590332,17.603687286376953,0.9725862741470337,0.9537704586982727,0.940194845,0.9841004610061646,4.954618453979492,4.986241817474365,4.037694931030273
3.55,0,102.92037200927734,129.03961181640625,118.96245574951172,202.73739624023438,202.9672852,200.07984924316406,0.44542306661605835,0.4927806854248047,0.4660274088382721,45.843109130859375,63.58823013305664,55.43976593017578,-43.72380447,-59.78532791,-54.55830002,10.15715217590332,17.603687286376953,0.9725862741470337,0.9537704586982727,0.940194845,0.9841004610061646,4.954618453979492,4.986241817474365,4.037694931030273
3.6,0,102.89800262451172,129.05035400390625,118.97032928466797,202.7226563,202.9451446533203,200.09603881835938,0.4524358808994293,0.49813753366470337,0.4691154360771179,46.55474853515625,64.28482818603516,55.81081771850586,-44.13656616,-60.09325409,-54.92035675,11.721853256225586,19.181684494018555,2.686617374420166,0.948057234,0.9347968101501465,0.9840450286865234,5.003780364990234,4.9546074867248535,4.056797981262207
3.65,0,102.89800262451172,129.05035400390625,118.97032928466797,202.7226563,202.9451446533203,200.09603881835938,0.4524358808994293,0.49813753366470337,0.4691154360771179,46.55474853515625,64.28482818603516,55.81081771850586,-44.13656616,-60.09325409,-54.92035675,11.721853256225586,19.181684494018555,2.686617374420166,0.948057234,0.9347968101501465,0.9840450286865234,5.003780364990234,4.9546074867248535,4.056797981262207
3.7,0,102.89800262451172,129.05035400390625,118.97032928466797,202.7226563,202.9451446533203,200.09603881835938,0.4524358808994293,0.49813753366470337,0.4691154360771179,46.55474853515625,64.28482818603516,55.81081771850586,-44.13656616,-60.09325409,-54.92035675,11.721853256225586,19.181684494018555,2.686617374420166,0.948057234,0.9347968101501465,0.9840450286865234,5.003780364990234,4.9546074867248535,4.056797981262207
3.75,0,102.89800262451172,129.05035400390625,118.97032928466797,202.7226563,202.9451446533203,200.09603881835938,0.4524358808994293,0.49813753366470337,0.4691154360771179,46.55474853515625,64.28482818603516,55.81081771850586,-44.13656616,-60.09325409,-54.92035675,11.721853256225586,19.181684494018555,2.686617374420166,0.948057234,0.9347968101501465,0.9840450286865234,5.003780364990234,4.9546074867248535,4.056797981262207
3.8,0,102.90999603271484,129.05101013183594,118.9942398071289,202.7311248779297,202.96432495117188,200.1335449,0.447157621,0.4966094493865967,0.46734777092933655,46.016990661621094,64.08795166015625,55.61169434,-43.84960938,-60.30574036,-54.70153427,10.327104568481445,17.608291625976562,0.731130838,0.9529004096984863,0.9409840703010559,0.9836336374282837,4.943063259124756,4.931558132171631,3.9750025272369385
3.85,0,102.90999603271484,129.05101013183594,118.9942398071289,202.7311248779297,202.96432495117188,200.1335449,0.447157621,0.4966094493865967,0.46734777092933655,46.016990661621094,64.08795166015625,55.61169434,-43.84960938,-60.30574036,-54.70153427,10.327104568481445,17.608291625976562,0.731130838,0.9529004096984863,0.9409840703010559,0.9836336374282837,4.943063259124756,4.931558132171631,3.9750025272369385
3.9,0,102.90999603271484,129.05101013183594,118.9942398071289,202.7311248779297,202.96432495117188,200.1335449,0.447157621,0.4966094493865967,0.46734777092933655,46.016990661621094,64.08795166015625,55.61169434,-43.84960938,-60.30574036,-54.70153427,10.327104568481445,17.608291625976562,0.731130838,0.9529004096984863,0.9409840703010559,0.9836336374282837,4.943063259124756,4.931558132171631,3.9750025272369385
3.95,0,102.90999603271484,129.05101013183594,118.9942398071289,202.7311248779297,202.96432495117188,200.1335449,0.447157621,0.4966094493865967,0.46734777092933655,46.016990661621094,64.08795166015625,55.61169434,-43.84960938,-60.30574036,-54.70153427,10.327104568481445,17.608291625976562,0.731130838,0.9529004096984863,0.9409840703010559,0.9836336374282837,4.943063259124756,4.931558132171631,3.9750025272369385
4,0,102.89458465576172,128.9950408935547,118.9374771118164,202.65696716308594,202.91427612304688,200.04745483398438,0.4411396384239197,0.48726046085357666,0.46163317561149597,45.39088058,62.854183197021484,54.905487060546875,-43.22143936,-58.9642334,-53.95447159,10.24007511138916,17.67715072631836,1.2895985841751099,0.9522053599357605,0.9381115436553955,0.9826790690422058,4.957055092,4.970048904418945,4.0385918617248535
4.05,0,102.89458465576172,128.9950408935547,118.9374771118164,202.65696716308594,202.91427612304688,200.04745483398438,0.4411396384239197,0.48726046085357666,0.46163317561149597,45.39088058,62.854183197021484,54.905487060546875,-43.22143936,-58.9642334,-53.95447159,10.24007511138916,17.67715072631836,1.2895985841751099,0.9522053599357605,0.9381115436553955,0.9826790690422058,4.957055092,4.970048904418945,4.0385918617248535
4.1,0,102.89458465576172,128.9950408935547,118.9374771118164,202.65696716308594,202.91427612304688,200.04745483398438,0.4411396384239197,0.48726046085357666,0.46163317561149597,45.39088058,62.854183197021484,54.905487060546875,-43.22143936,-58.9642334,-53.95447159,10.24007511138916,17.67715072631836,1.2895985841751099,0.9522053599357605,0.9381115436553955,0.9826790690422058,4.957055092,4.970048904418945,4.0385918617248535
4.15,0,102.89458465576172,128.9950408935547,118.9374771118164,202.65696716308594,202.91427612304688,200.04745483398438,0.4411396384239197,0.48726046085357666,0.46163317561149597,45.39088058,62.854183197021484,54.905487060546875,-43.22143936,-58.9642334,-53.95447159,10.24007511138916,17.67715072631836,1.2895985841751099,0.9522053599357605,0.9381115436553955,0.9826790690422058,4.957055092,4.970048904418945,4.0385918617248535
4.2,0,102.90662384033203,129.07847595214844,118.99308013916016,202.7659454345703,202.98983764648438,200.11398315429688,0.45516565442085266,0.5028189420700073,0.4710479974746704,46.839561462402344,64.90309906,56.05145263671875,-44.48654556,-60.91669846,-55.16444016,11.562104225158691,18.70963478088379,2.038510799407959,0.9497643709182739,0.9385792016983032,0.9841750264167786,4.995252609,4.9428339,4.047658920288086
4.25,0,102.90662384033203,129.07847595214844,118.99308013916016,202.7659454345703,202.98983764648438,200.11398315429688,0.45516565442085266,0.5028189420700073,0.4710479974746704,46.839561462402344,64.90309906,56.05145263671875,-44.48654556,-60.91669846,-55.16444016,11.562104225158691,18.70963478088379,2.038510799407959,0.9497643709182739,0.9385792016983032,0.9841750264167786,4.995252609,4.9428339,4.047658920288086
4.3,0,102.90662384033203,129.07847595214844,118.99308013916016,202.7659454345703,202.98983764648438,200.11398315429688,0.45516565442085266,0.5028189420700073,0.4710479974746704,46.839561462402344,64.90309906,56.05145263671875,-44.48654556,-60.91669846,-55.16444016,11.562104225158691,18.70963478088379,2.038510799407959,0.9497643709182739,0.9385792016983032,0.9841750264167786,4.995252609,4.9428339,4.047658920288086
4.35,0,102.90662384033203,129.07847595214844,118.99308013916016,202.7659454345703,202.98983764648438,200.11398315429688,0.45516565442085266,0.5028189420700073,0.4710479974746704,46.839561462402344,64.90309906,56.05145263671875,-44.48654556,-60.91669846,-55.16444016,11.562104225158691,18.70963478088379,2.038510799407959,0.9497643709182739,0.9385792016983032,0.9841750264167786,4.995252609,4.9428339,4.047658920288086
4.4,0,102.91155242919922,129.0842742919922,118.99739074707031,202.7773895263672,203.0141602,200.1118164,0.4477972686290741,0.49780505895614624,0.4687591791152954,46.08351135253906,64.25880432128906,55.78112030029297,-43.90808105,-60.42922592,-54.8739357,10.439793586730957,17.86820411682129,0.8736569285392761,0.9527937173843384,0.9404038190841675,0.9837366938591003,5.014476776123047,4.9790472984313965,4.02911377
4.45,0,102.91155242919922,129.0842742919922,118.99739074707031,202.7773895263672,203.0141602,200.1118164,0.4477972686290741,0.49780505895614624,0.4687591791152954,46.08351135253906,64.25880432128906,55.78112030029297,-43.90808105,-60.42922592,-54.8739357,10.439793586730957,17.86820411682129,0.8736569285392761,0.9527937173843384,0.9404038190841675,0.9837366938591003,5.014476776123047,4.9790472984313965,4.02911377
4.5,0,102.91155242919922,129.0842742919922,118.99739074707031,202.7773895263672,203.0141602,200.1118164,0.4477972686290741,0.49780505895614624,0.4687591791152954,46.08351135253906,64.25880432128906,55.78112030029297,-43.90808105,-60.42922592,-54.8739357,10.439793586730957,17.86820411682129,0.8736569285392761,0.9527937173843384,0.9404038190841675,0.9837366938591003,5.014476776123047,4.9790472984313965,4.02911377
4.55,0,102.91155242919922,129.0842742919922,118.99739074707031,202.7773895263672,203.0141602,200.1118164,0.4477972686290741,0.49780505895614624,0.4687591791152954,46.08351135253906,64.25880432128906,55.78112030029297,-43.90808105,-60.42922592,-54.8739357,10.439793586730957,17.86820411682129,0.8736569285392761,0.9527937173843384,0.9404038190841675,0.9837366938591003,5.014476776123047,4.9790472984313965,4.02911377
4.6,0,102.88859558105469,128.99624633789062,118.90739440917969,202.673584,202.8559112548828,200.0196990966797,0.44333401322364807,0.4879015386104584,0.46071556210517883,45.61401367,62.93746566772461,54.78248596191406,-43.31546783,-58.98002625,-53.82230759,10.665353775024414,17.91537857055664,1.7224864959716797,0.9496088027954102,0.9371210932731628,0.9824728965759277,5.062582492828369,5.052938461303711,4.092432975769043
4.65,0,102.88859558105469,128.99624633789062,118.90739440917969,202.673584,202.8559112548828,200.0196990966797,0.44333401322364807,0.4879015386104584,0.46071556210517883,45.61401367,62.93746566772461,54.78248596191406,-43.31546783,-58.98002625,-53.82230759,10.665353775024414,17.91537857055664,1.7224864959716797,0.9496088027954102,0.9371210932731628,0.9824728965759277,5.062582492828369,5.052938461303711,4.092432975769043
4.7,0,102.88859558105469,128.99624633789062,118.90739440917969,202.673584,202.8559112548828,200.0196990966797,0.44333401322364807,0.4879015386104584,0.46071556210517883,45.61401367,62.93746566772461,54.78248596191406,-43.31546783,-58.98002625,-53.82230759,10.665353775024414,17.91537857055664,1.7224864959716797,0.9496088027954102,0.9371210932731628,0.9824728965759277,5.062582492828369,5.052938461303711,4.092432975769043
4.75,0,102.88859558105469,128.99624633789062,118.90739440917969,202.673584,202.8559112548828,200.0196990966797,0.44333401322364807,0.4879015386104584,0.46071556210517883,45.61401367,62.93746566772461,54.78248596191406,-43.31546783,-58.98002625,-53.82230759,10.665353775024414,17.91537857055664,1.7224864959716797,0.9496088027954102,0.9371210932731628,0.9824728965759277,5.062582492828369,5.052938461303711,4.092432975769043
4.8,0,102.95286560058594,129.0402832,119.00006103515625,202.7698516845703,202.9434814453125,200.17515563964844,0.45253443717956543,0.5005606412887573,0.4696989059448242,46.589717864990234,64.59248352050781,55.89419937133789,-44.31424713,-60.7618866,-54.97511673,10.870011329650879,17.95760154724121,1.2361066341400146,0.9511593580245972,0.9406959414482117,0.9835567474365234,5.038247108459473,4.983328819274902,4.083777904510498
4.85,0,102.95286560058594,129.0402832,119.00006103515625,202.7698516845703,202.9434814453125,200.17515563964844,0.45253443717956543,0.5005606412887573,0.4696989059448242,46.589717864990234,64.59248352050781,55.89419937133789,-44.31424713,-60.7618866,-54.97511673,10.870011329650879,17.95760154724121,1.2361066341400146,0.9511593580245972,0.9406959414482117,0.9835567474365234,5.038247108459473,4.983328819274902,4.083777904510498
4.9,0,102.95286560058594,129.0402832,119.00006103515625,202.7698516845703,202.9434814453125,200.17515563964844,0.45253443717956543,0.5005606412887573,0.4696989059448242,46.589717864990234,64.59248352050781,55.89419937133789,-44.31424713,-60.7618866,-54.97511673,10.870011329650879,17.95760154724121,1.2361066341400146,0.9511593580245972,0.9406959414482117,0.9835567474365234,5.038247108459473,4.983328819274902,4.083777904510498
4.95,0,102.95286560058594,129.0402832,119.00006103515625,202.7698516845703,202.9434814453125,200.17515563964844,0.45253443717956543,0.5005606412887573,0.4696989059448242,46.589717864990234,64.59248352050781,55.89419937133789,-44.31424713,-60.7618866,-54.97511673,10.870011329650879,17.95760154724121,1.2361066341400146,0.9511593580245972,0.9406959414482117,0.9835567474365234,5.038247108459473,4.983328819274902,4.083777904510498
5,0,102.93473815917969,129.0828399658203,119.0005111694336,202.7927246,202.98670959472656,200.15623474121094,0.4494973123073578,0.49658849835395813,0.47001150250434875,46.26888656616211,64.10105133,55.931610107421875,-44.01626968,-60.0895462,-55.04115677,10.759048461914062,18.42209815979004,1.6250941753387451,0.9513146281242371,0.937419057,0.9840795993804932,5.078741550445557,5.022573471069336,4.0955610275268555
5.05,0,102.93473815917969,129.0828399658203,119.0005111694336,202.7927246,202.98670959472656,200.15623474121094,0.4494973123073578,0.49658849835395813,0.47001150250434875,46.26888656616211,64.10105133,55.931610107421875,-44.01626968,-60.0895462,-55.04115677,10.759048461914062,18.42209815979004,1.6250941753387451,0.9513146281242371,0.937419057,0.9840795993804932,5.078741550445557,5.022573471069336,4.0955610275268555
5.1,0,102.93473815917969,129.0828399658203,119.0005111694336,202.7927246,202.98670959472656,200.15623474121094,0.4494973123073578,0.49658849835395813,0.47001150250434875,46.26888656616211,64.10105133,55.931610107421875,-44.01626968,-60.0895462,-55.04115677,10.759048461914062,18.42209815979004,1.6250941753387451,0.9513146281242371,0.937419057,0.9840795993804932,5.078741550445557,5.022573471069336,4.0955610275268555
5.15,0,102.93473815917969,129.0828399658203,119.0005111694336,202.7927246,202.98670959472656,200.15623474121094,0.4494973123073578,0.49658849835395813,0.47001150250434875,46.26888656616211,64.10105133,55.931610107421875,-44.01626968,-60.0895462,-55.04115677,10.759048461914062,18.42209815979004,1.6250941753387451,0.9513146281242371,0.937419057,0.9840795993804932,5.078741550445557,5.022573471069336,4.0955610275268555
5.2,0,102.87449645996094,129.04080200195312,118.93553924560547,202.7118682861328,202.91986083984375,200.02191162109375,0.4444155693054199,0.4934574067592621,0.46392589807510376,45.71902847290039,63.67613983154297,55.177276611328125,-43.38364792,-59.62103653,-54.27955246,10.899556159973145,18.404281616210938,1.5928239822387695,0.948918879,0.936316729,0.9837301969528198,5.044175624847412,5.009099483,4.097296237945557
5.25,0,102.87449645996094,129.04080200195312,118.93553924560547,202.7118682861328,202.91986083984375,200.02191162109375,0.4444155693054199,0.4934574067592621,0.46392589807510376,45.71902847290039,63.67613983154297,55.177276611328125,-43.38364792,-59.62103653,-54.27955246,10.899556159973145,18.404281616210938,1.5928239822387695,0.948918879,0.936316729,0.9837301969528198,5.044175624847412,5.009099483,4.097296237945557
5.3,0,102.87449645996094,129.04080200195312,118.93553924560547,202.7118682861328,202.91986083984375,200.02191162109375,0.4444155693054199,0.4934574067592621,0.46392589807510376,45.71902847290039,63.67613983154297,55.177276611328125,-43.38364792,-59.62103653,-54.27955246,10.899556159973145,18.404281616210938,1.5928239822387695,0.948918879,0.936316729,0.9837301969528198,5.044175624847412,5.009099483,4.097296237945557
5.35,0,102.87449645996094,129.04080200195312,118.93553924560547,202.7118682861328,202.91986083984375,200.02191162109375,0.4444155693054199,0.4934574067592621,0.46392589807510376,45.71902847290039,63.67613983154297,55.177276611328125,-43.38364792,-59.62103653,-54.27955246,10.899556159973145,18.404281616210938,1.5928239822387695,0.948918879,0.936316729,0.9837301969528198,5.044175624847412,5.009099483,4.097296237945557
5.4,0,102.93942260742188,129.02455139160156,118.98272705078125,202.7380371,202.9713592529297,200.11683654785156,0.44847583770751953,0.4960179626941681,0.46813657879829407,46.16584396362305,63.998497009277344,55.70016860961914,-43.94355011,-60.10097504,-54.76790237,10.369046211242676,17.747455596923828,1.0703208446502686,0.9518628120422363,0.9390997886657715,0.9832627773284912,5.032690048217773,4.972352981567383,4.054818153381348
5.45,0,102.93942260742188,129.02455139160156,118.98272705078125,202.7380371,202.9713592529297,200.11683654785156,0.44847583770751953,0.4960179626941681,0.46813657879829407,46.16584396362305,63.998497009277344,55.70016860961914,-43.94355011,-60.10097504,-54.76790237,10.369046211242676,17.747455596923828,1.0703208446502686,0.9518628120422363,0.9390997886657715,0.9832627773284912,5.032690048217773,4.972352981567383,4.054818153381348
5.5,0,102.93942260742188,129.02455139160156,118.98272705078125,202.7380371,202.9713592529297,200.11683654785156,0.44847583770751953,0.4960179626941681,0.46813657879829407,46.16584396362305,63.998497009277344,55.70016860961914,-43.94355011,-60.10097504,-54.76790237,10.369046211242676,17.747455596923828,1.0703208446502686,0.9518628120422363,0.9390997886657715,0.9832627773284912,5.032690048217773,4.972352981567383,4.054818153381348
5.55,0,102.93942260742188,129.02455139160156,118.98272705078125,202.7380371,202.9713592529297,200.11683654785156,0.44847583770751953,0.4960179626941681,0.46813657879829407,46.16584396362305,63.998497009277344,55.70016860961914,-43.94355011,-60.10097504,-54.76790237,10.369046211242676,17.747455596923828,1.0703208446502686,0.9518628120422363,0.9390997886657715,0.9832627773284912,5.032690048217773,4.972352981567383,4.054818153381348
5.6,0,102.88380432128906,129.0627441,118.97752380371094,202.73855590820312,202.93112182617188,200.0983428955078,0.450960636,0.4967936873435974,0.4665357768535614,46.39654541015625,64.11755371,55.50727081298828,-44.07854462,-60.17020035,-54.62593842,11.198070526123047,18.322458267211914,1.9006344079971313,0.9500393867492676,0.9384356737136841,0.9841222167015076,4.967402458190918,4.946650028,4.004949569702148
5.65,0,102.88380432128906,129.0627441,118.97752380371094,202.73855590820312,202.93112182617188,200.0983428955078,0.450960636,0.4967936873435974,0.4665357768535614,46.39654541015625,64.11755371,55.50727081298828,-44.07854462,-60.17020035,-54.62593842,11.198070526123047,18.322458267211914,1.9006344079971313,0.9500393867492676,0.9384356737136841,0.9841222167015076,4.967402458190918,4.946650028,4.004949569702148
5.7,0,102.88380432128906,129.0627441,118.97752380371094,202.73855590820312,202.93112182617188,200.0983428955078,0.450960636,0.4967936873435974,0.4665357768535614,46.39654541015625,64.11755371,55.50727081298828,-44.07854462,-60.17020035,-54.62593842,11.198070526123047,18.322458267211914,1.9006344079971313,0.9500393867492676,0.9384356737136841,0.9841222167015076,4.967402458190918,4.946650028,4.004949569702148
5.75,0,102.88380432128906,129.0627441,118.97752380371094,202.73855590820312,202.93112182617188,200.0983428955078,0.450960636,0.4967936873435974,0.4665357768535614,46.39654541015625,64.11755371,55.50727081298828,-44.07854462,-60.17020035,-54.62593842,11.198070526123047,18.322458267211914,1.9006344079971313,0.9500393867492676,0.9384356737136841,0.9841222167015076,4.967402458190918,4.946650028,4.004949569702148
5.8,0,102.90877532958984,129.01490783691406,118.93742370605469,202.70765686035156,202.8804931640625,200.0745849609375,0.4504404067993164,0.4985908567905426,0.46745535731315613,46.354270935058594,64.32565307617188,55.59793472290039,-43.92456818,-60.285923,-54.61068344,11.262252807617188,18.456907272338867,1.7610915899276733,0.9475840330123901,0.9371987581253052,0.982243001,4.904228210449219,4.9413275718688965,3.997619867324829
5.85,0,102.90877532958984,129.01490783691406,118.93742370605469,202.70765686035156,202.8804931640625,200.0745849609375,0.4504404067993164,0.4985908567905426,0.46745535731315613,46.354270935058594,64.32565307617188,55.59793472290039,-43.92456818,-60.285923,-54.61068344,11.262252807617188,18.456907272338867,1.7610915899276733,0.9475840330123901,0.9371987581253052,0.982243001,4.904228210449219,4.9413275718688965,3.997619867324829
5.9,0,102.90877532958984,129.01490783691406,118.93742370605469,202.70765686035156,202.8804931640625,200.0745849609375,0.4504404067993164,0.4985908567905426,0.46745535731315613,46.354270935058594,64.32565307617188,55.59793472290039,-43.92456818,-60.285923,-54.61068344,11.262252807617188,18.456907272338867,1.7610915899276733,0.9475840330123901,0.9371987581253052,0.982243001,4.904228210449219,4.9413275718688965,3.997619867324829
5.95,0,102.90877532958984,129.01490783691406,118.93742370605469,202.70765686035156,202.8804931640625,200.0745849609375,0.4504404067993164,0.4985908567905426,0.46745535731315613,46.354270935058594,64.32565307617188,55.59793472290039,-43.92456818,-60.285923,-54.61068344,11.262252807617188,18.456907272338867,1.7610915899276733,0.9475840330123901,0.9371987581253052,0.982243001,4.904228210449219,4.9413275718688965,3.997619867324829
6,0,102.94708251953125,129.01800537109375,118.92841339111328,202.74362182617188,202.8932647705078,200.08811950683594,0.4503360986709595,0.49477145075798035,0.4671671688556671,46.36078643798828,63.83442687988281,55.559452056884766,-44.0859375,-59.97372818,-54.54493332,10.40069580078125,17.477861404418945,1.2358232736587524,0.9509316086769104,0.9395201206207275,0.9817399382591248,4.949309825897217,4.974902153015137,4.016391754150391
6.05,0,102.94708251953125,129.01800537109375,118.92841339111328,202.74362182617188,202.8932647705078,200.08811950683594,0.4503360986709595,0.49477145075798035,0.4671671688556671,46.36078643798828,63.83442687988281,55.559452056884766,-44.0859375,-59.97372818,-54.54493332,10.40069580078125,17.477861404418945,1.2358232736587524,0.9509316086769104,0.9395201206207275,0.9817399382591248,4.949309825897217,4.974902153015137,4.016391754150391
6.1,0,102.94708251953125,129.01800537109375,118.92841339111328,202.74362182617188,202.8932647705078,200.08811950683594,0.4503360986709595,0.49477145075798035,0.4671671688556671,46.36078643798828,63.83442687988281,55.559452056884766,-44.0859375,-59.97372818,-54.54493332,10.40069580078125,17.477861404418945,1.2358232736587524,0.9509316086769104,0.9395201206207275,0.9817399382591248,4.949309825897217,4.974902153015137,4.016391754150391
6.15,0,102.9183349609375,129.02627563476562,118.94972229003906,202.74081420898438,202.93972778320312,200.05792236328125,0.44918668270111084,0.49764931201934814,0.4699164032936096,46.22954559326172,64.20983887,55.896427154541016,-43.9291954,-60.16823196,-54.95355606,10.885189056396484,18.497880935668945,1.621475338935852,0.9502406716346741,0.9370562434196472,0.9831318259239197,5.077938556671143,5.055785655975342,4.1013383865356445
6.2,0,102.9183349609375,129.02627563476562,118.94972229003906,202.74081420898438,202.93972778320312,200.05792236328125,0.44918668270111084,0.49764931201934814,0.4699164032936096,46.22954559326172,64.20983887,55.896427154541016,-43.9291954,-60.16823196,-54.95355606,10.885189056396484,18.497880935668945,1.621475338935852,0.9502406716346741,0.9370562434196472,0.9831318259239197,5.077938556671143,5.055785655975342,4.1013383865356445
6.25,0,102.9183349609375,129.02627563476562,118.94972229003906,202.74081420898438,202.93972778320312,200.05792236328125,0.44918668270111084,0.49764931201934814,0.4699164032936096,46.22954559326172,64.20983887,55.896427154541016,-43.9291954,-60.16823196,-54.95355606,10.885189056396484,18.497880935668945,1.621475338935852,0.9502406716346741,0.9370562434196472,0.9831318259239197,5.077938556671143,5.055785655975342,4.1013383865356445
6.3,0,102.90769958496094,129.08360290527344,118.98202514648438,202.7553253173828,202.9710235595703,200.12635803222656,0.452269047,0.4954286515712738,0.46964606642723083,46.54196548461914,63.95171356201172,55.87944030761719,-44.41375732,-60.19381332,-55.02048111,10.393218040466309,17.651079177856445,1.3910802602767944,0.9542733430862427,0.9412384629249573,0.9846283793449402,5.083197593688965,5.093402862548828,4.134136199951172
6.35,0,102.90769958496094,129.08360290527344,118.98202514648438,202.7553253173828,202.9710235595703,200.12635803222656,0.452269047,0.4954286515712738,0.46964606642723083,46.54196548461914,63.95171356201172,55.87944030761719,-44.41375732,-60.19381332,-55.02048111,10.393218040466309,17.651079177856445,1.3910802602767944,0.9542733430862427,0.9412384629249573,0.9846283793449402,5.083197593688965,5.093402862548828,4.134136199951172
6.4,0,102.90769958496094,129.08360290527344,118.98202514648438,202.7553253173828,202.9710235595703,200.12635803222656,0.452269047,0.4954286515712738,0.46964606642723083,46.54196548461914,63.95171356201172,55.87944030761719,-44.41375732,-60.19381332,-55.02048111,10.393218040466309,17.651079177856445,1.3910802602767944,0.9542733430862427,0.9412384629249573,0.9846283793449402,5.083197593688965,5.093402862548828,4.134136199951172
6.45,0,102.90769958496094,129.08360290527344,118.98202514648438,202.7553253173828,202.9710235595703,200.12635803222656,0.452269047,0.4954286515712738,0.46964606642723083,46.54196548461914,63.95171356201172,55.87944030761719,-44.41375732,-60.19381332,-55.02048111,10.393218040466309,17.651079177856445,1.3910802602767944,0.9542733430862427,0.9412384629249573,0.9846283793449402,5.083197593688965,5.093402862548828,4.134136199951172
6.5,0,102.89106750488281,129.0086212158203,118.9627456665039,202.6780548095703,202.91160583496094,200.08233642578125,0.4443263113498688,0.4936738908290863,0.4652958810329437,45.71720886230469,63.68818664550781,55.352874755859375,-43.35300827,-59.58692932,-54.46534348,11.199679374694824,18.923866271972656,1.9448270797729492,0.9482864141464233,0.9356040954589844,0.9839659333229065,5.051259994506836,5.054468154907227,4.080252170562744
6.55,0,102.89106750488281,129.0086212158203,118.9627456665039,202.6780548095703,202.91160583496094,200.08233642578125,0.4443263113498688,0.4936738908290863,0.4652958810329437,45.71720886230469,63.68818664550781,55.352874755859375,-43.35300827,-59.58692932,-54.46534348,11.199679374694824,18.923866271972656,1.9448270797729492,0.9482864141464233,0.9356040954589844,0.9839659333229065,5.051259994506836,5.054468154907227,4.080252170562744
6.6,0,102.89106750488281,129.0086212158203,118.9627456665039,202.6780548095703,202.91160583496094,200.08233642578125,0.4443263113498688,0.4936738908290863,0.4652958810329437,45.71720886230469,63.68818664550781,55.352874755859375,-43.35300827,-59.58692932,-54.46534348,11.199679374694824,18.923866271972656,1.9448270797729492,0.9482864141464233,0.9356040954589844,0.9839659333229065,5.051259994506836,5.054468154907227,4.080252170562744
6.65,0,102.89106750488281,129.0086212158203,118.9627456665039,202.6780548095703,202.91160583496094,200.08233642578125,0.4443263113498688,0.4936738908290863,0.4652958810329437,45.71720886230469,63.68818664550781,55.352874755859375,-43.35300827,-59.58692932,-54.46534348,11.199679374694824,18.923866271972656,1.9448270797729492,0.9482864141464233,0.9356040954589844,0.9839659333229065,5.051259994506836,5.054468154907227,4.080252170562744
6.7,0,102.97456359863281,129.08636474609375,118.99286651611328,202.82090759277344,203.02801513671875,200.1603240966797,0.4487050175666809,0.4950467050075531,0.4673983156681061,46.205204010009766,63.903778076171875,55.61706543,-44.00482559,-60.0804863,-54.7130127,10.47713851928711,17.773639678955078,1.217503309249878,0.9523781538009644,0.9401711225509644,0.9837450385093689,5.088133335113525,5.059963226318359,4.129415988922119
6.75,0,102.97456359863281,129.08636474609375,118.99286651611328,202.82090759277344,203.02801513671875,200.1603240966797,0.4487050175666809,0.4950467050075531,0.4673983156681061,46.205204010009766,63.903778076171875,55.61706543,-44.00482559,-60.0804863,-54.7130127,10.47713851928711,17.773639678955078,1.217503309249878,0.9523781538009644,0.9401711225509644,0.9837450385093689,5.088133335113525,5.059963226318359,4.129415988922119
6.8,0,102.97456359863281,129.08636474609375,118.99286651611328,202.82090759277344,203.02801513671875,200.1603240966797,0.4487050175666809,0.4950467050075531,0.4673983156681061,46.205204010009766,63.903778076171875,55.61706543,-44.00482559,-60.0804863,-54.7130127,10.47713851928711,17.773639678955078,1.217503309249878,0.9523781538009644,0.9401711225509644,0.9837450385093689,5.088133335113525,5.059963226318359,4.129415988922119
6.85,0,102.97456359863281,129.08636474609375,118.99286651611328,202.82090759277344,203.02801513671875,200.1603240966797,0.4487050175666809,0.4950467050075531,0.4673983156681061,46.205204010009766,63.903778076171875,55.61706543,-44.00482559,-60.0804863,-54.7130127,10.47713851928711,17.773639678955078,1.217503309249878,0.9523781538009644,0.9401711225509644,0.9837450385093689,5.088133335113525,5.059963226318359,4.129415988922119
6.9,0,102.91256713867188,129.10264587402344,118.97831726074219,202.80099487304688,202.99508666992188,200.10031127929688,0.44369134306907654,0.4924640357494354,0.4623582065105438,45.661415100097656,63.57841110229492,55.01060104370117,-43.43884277,-59.71964264,-54.06079483,10.53246784210205,17.69757080078125,1.0627987384796143,0.9513249397277832,0.939306915,0.9827341437339783,5.0566182136535645,5.064425945281982,4.087704181671143
6.95,0,102.91256713867188,129.10264587402344,118.97831726074219,202.80099487304688,202.99508666992188,200.10031127929688,0.44369134306907654,0.4924640357494354,0.4623582065105438,45.661415100097656,63.57841110229492,55.01060104370117,-43.43884277,-59.71964264,-54.06079483,10.53246784210205,17.69757080078125,1.0627987384796143,0.9513249397277832,0.939306915,0.9827341437339783,5.0566182136535645,5.064425945281982,4.087704181671143
7,0,102.91256713867188,129.10264587402344,118.97831726074219,202.80099487304688,202.99508666992188,200.10031127929688,0.44369134306907654,0.4924640357494354,0.4623582065105438,45.661415100097656,63.57841110229492,55.01060104370117,-43.43884277,-59.71964264,-54.06079483,10.53246784210205,17.69757080078125,1.0627987384796143,0.9513249397277832,0.939306915,0.9827341437339783,5.0566182136535645,5.064425945281982,4.087704181671143
7.05,0,102.91256713867188,129.10264587402344,118.97831726074219,202.80099487304688,202.99508666992188,200.10031127929688,0.44369134306907654,0.4924640357494354,0.4623582065105438,45.661415100097656,63.57841110229492,55.01060104370117,-43.43884277,-59.71964264,-54.06079483,10.53246784210205,17.69757080078125,1.0627987384796143,0.9513249397277832,0.939306915,0.9827341437339783,5.0566182136535645,5.064425945281982,4.087704181671143
7.1,0,102.97562408447266,129.11573791503906,119.02912139892578,202.85556030273438,203.0777130126953,200.1933594,0.4548112452030182,0.5040844678878784,0.4742624759674072,46.83447266,65.08523559570312,56.451045989990234,-44.32282639,-60.7719574,-55.51653671,11.756078720092773,19.481351852416992,2.403134346008301,0.946371853,0.9337287545204163,0.9834456443786621,5.036555767059326,4.981281757354736,4.048182964324951
7.15,0,102.97562408447266,129.11573791503906,119.02912139892578,202.85556030273438,203.0777130126953,200.1933594,0.4548112452030182,0.5040844678878784,0.4742624759674072,46.83447266,65.08523559570312,56.451045989990234,-44.32282639,-60.7719574,-55.51653671,11.756078720092773,19.481351852416992,2.403134346008301,0.946371853,0.9337287545204163,0.9834456443786621,5.036555767059326,4.981281757354736,4.048182964324951
7.2,0,102.97562408447266,129.11573791503906,119.02912139892578,202.85556030273438,203.0777130126953,200.1933594,0.4548112452030182,0.5040844678878784,0.4742624759674072,46.83447266,65.08523559570312,56.451045989990234,-44.32282639,-60.7719574,-55.51653671,11.756078720092773,19.481351852416992,2.403134346008301,0.946371853,0.9337287545204163,0.9834456443786621,5.036555767059326,4.981281757354736,4.048182964324951
7.25,0,102.97562408447266,129.11573791503906,119.02912139892578,202.85556030273438,203.0777130126953,200.1933594,0.4548112452030182,0.5040844678878784,0.4742624759674072,46.83447266,65.08523559570312,56.451045989990234,-44.32282639,-60.7719574,-55.51653671,11.756078720092773,19.481351852416992,2.403134346008301,0.946371853,0.9337287545204163,0.9834456443786621,5.036555767059326,4.981281757354736,4.048182964324951
7.3,0,102.97769165039062,129.14158630371094,119.00895690917969,202.89422607421875,203.04537963867188,200.1869659423828,0.4511466324329376,0.495629221,0.4669997990131378,46.458038330078125,64.00634766,55.57715988,-44.25372696,-60.31731415,-54.58105469,9.984777450561523,16.831710815429688,0.5998982191085815,0.9525526165962219,0.9423645734786987,0.9820770621299744,5.054965972900391,4.971716403961182,4.078459263
7.35,0,102.97769165039062,129.14158630371094,119.00895690917969,202.89422607421875,203.04537963867188,200.1869659423828,0.4511466324329376,0.495629221,0.4669997990131378,46.458038330078125,64.00634766,55.57715988,-44.25372696,-60.31731415,-54.58105469,9.984777450561523,16.831710815429688,0.5998982191085815,0.9525526165962219,0.9423645734786987,0.9820770621299744,5.054965972900391,4.971716403961182,4.078459263
7.4,0,102.97769165039062,129.14158630371094,119.00895690917969,202.89422607421875,203.04537963867188,200.1869659423828,0.4511466324329376,0.495629221,0.4669997990131378,46.458038330078125,64.00634766,55.57715988,-44.25372696,-60.31731415,-54.58105469,9.984777450561523,16.831710815429688,0.5998982191085815,0.9525526165962219,0.9423645734786987,0.9820770621299744,5.054965972900391,4.971716403961182,4.078459263
7.45,0,102.97769165039062,129.14158630371094,119.00895690917969,202.89422607421875,203.04537963867188,200.1869659423828,0.4511466324329376,0.495629221,0.4669997990131378,46.458038330078125,64.00634766,55.57715988,-44.25372696,-60.31731415,-54.58105469,9.984777450561523,16.831710815429688,0.5998982191085815,0.9525526165962219,0.9423645734786987,0.9820770621299744,5.054965972900391,4.971716403961182,4.078459263
7.5,0,102.92713928222656,128.99168395996094,118.92430877685547,202.70909118652344,202.86265563964844,200.06614685058594,0.441106915,0.490109921,0.4601697623729706,45.40187454223633,63.22010422,54.725372314453125,-43.0280571,-59.14837646,-53.77184296,10.902615547180176,18.291568756103516,1.6122199296951294,0.9477154016494751,0.9355944395065308,0.9825760722160339,5.005692005157471,4.99212122,4.064837455749512
7.55,0,102.92713928222656,128.99168395996094,118.92430877685547,202.70909118652344,202.86265563964844,200.06614685058594,0.441106915,0.490109921,0.4601697623729706,45.40187454223633,63.22010422,54.725372314453125,-43.0280571,-59.14837646,-53.77184296,10.902615547180176,18.291568756103516,1.6122199296951294,0.9477154016494751,0.9355944395065308,0.9825760722160339,5.005692005157471,4.99212122,4.064837455749512
7.6,0,102.92713928222656,128.99168395996094,118.92430877685547,202.70909118652344,202.86265563964844,200.06614685058594,0.441106915,0.490109921,0.4601697623729706,45.40187454223633,63.22010422,54.725372314453125,-43.0280571,-59.14837646,-53.77184296,10.902615547180176,18.291568756103516,1.6122199296951294,0.9477154016494751,0.9355944395065308,0.9825760722160339,5.005692005157471,4.99212122,4.064837455749512
7.65,0,102.92713928222656,128.99168395996094,118.92430877685547,202.70909118652344,202.86265563964844,200.06614685058594,0.441106915,0.490109921,0.4601697623729706,45.40187454223633,63.22010422,54.725372314453125,-43.0280571,-59.14837646,-53.77184296,10.902615547180176,18.291568756103516,1.6122199296951294,0.9477154016494751,0.9355944395065308,0.9825760722160339,5.005692005157471,4.99212122,4.064837455749512
7.7,0,102.95406341552734,129.11648559570312,119.01966094970703,202.86329650878906,203.0155792236328,200.1805419921875,0.4583345055580139,0.5054953694343567,0.4751271903514862,47.187400817871094,65.26778411865234,56.549476623535156,-44.81509018,-61.19573975,-55.64370346,11.613204002380371,18.95000457763672,2.179884672164917,0.9497257471084595,0.9376102089881897,0.9839826226234436,5.025844097137451,4.9412407875061035,4.095846652984619
7.75,0,102.95406341552734,129.11648559570312,119.01966094970703,202.86329650878906,203.0155792236328,200.1805419921875,0.4583345055580139,0.5054953694343567,0.4751271903514862,47.187400817871094,65.26778411865234,56.549476623535156,-44.81509018,-61.19573975,-55.64370346,11.613204002380371,18.95000457763672,2.179884672164917,0.9497257471084595,0.9376102089881897,0.9839826226234436,5.025844097137451,4.9412407875061035,4.095846652984619
7.8,0,102.95406341552734,129.11648559570312,119.01966094970703,202.86329650878906,203.0155792236328,200.1805419921875,0.4583345055580139,0.5054953694343567,0.4751271903514862,47.187400817871094,65.26778411865234,56.549476623535156,-44.81509018,-61.19573975,-55.64370346,11.613204002380371,18.95000457763672,2.179884672164917,0.9497257471084595,0.9376102089881897,0.9839826226234436,5.025844097137451,4.9412407875061035,4.095846652984619
7.85,0,102.95406341552734,129.11648559570312,119.01966094970703,202.86329650878906,203.0155792236328,200.1805419921875,0.4583345055580139,0.5054953694343567,0.4751271903514862,47.187400817871094,65.26778411865234,56.549476623535156,-44.81509018,-61.19573975,-55.64370346,11.613204002380371,18.95000457763672,2.179884672164917,0.9497257471084595,0.9376102089881897,0.9839826226234436,5.025844097137451,4.9412407875061035,4.095846652984619
7.9,0,102.90721893310547,129.0563507080078,118.94368743896484,202.74404907226562,202.94065856933594,200.06455993652344,0.4416939616203308,0.48930758237838745,0.4628971219062805,45.45349884033203,63.148250579833984,55.05868911743164,-43.34834671,-59.37084961,-54.15019989,9.990879059,17.423707962036133,0.8056568503379822,0.9536855816841125,0.9401820302009583,0.9834996461868286,5.017333030700684,4.980517387390137,4.110378742218018
7.95,0,102.90721893310547,129.0563507080078,118.94368743896484,202.74404907226562,202.94065856933594,200.06455993652344,0.4416939616203308,0.48930758237838745,0.4628971219062805,45.45349884033203,63.148250579833984,55.05868911743164,-43.34834671,-59.37084961,-54.15019989,9.990879059,17.423707962036133,0.8056568503379822,0.9536855816841125,0.9401820302009583,0.9834996461868286,5.017333030700684,4.980517387390137,4.110378742218018
8,0,102.90721893310547,129.0563507080078,118.94368743896484,202.74404907226562,202.94065856933594,200.06455993652344,0.4416939616203308,0.48930758237838745,0.4628971219062805,45.45349884033203,63.148250579833984,55.05868911743164,-43.34834671,-59.37084961,-54.15019989,9.990879059,17.423707962036133,0.8056568503379822,0.9536855816841125,0.9401820302009583,0.9834996461868286,5.017333030700684,4.980517387390137,4.110378742218018
8.05,0,102.90721893310547,129.0563507080078,118.94368743896484,202.74404907226562,202.94065856933594,200.06455993652344,0.4416939616203308,0.48930758237838745,0.4628971219062805,45.45349884033203,63.148250579833984,55.05868911743164,-43.34834671,-59.37084961,-54.15019989,9.990879059,17.423707962036133,0.8056568503379822,0.9536855816841125,0.9401820302009583,0.9834996461868286,5.017333030700684,4.980517387390137,4.110378742218018
8.1,0,102.9054946899414,129.01976013183594,118.91986083984375,202.7216339111328,202.91387939453125,200.01722717285156,0.44555994868278503,0.49573472142219543,0.466099352,45.85056686401367,63.95957565307617,55.428470611572266,-43.41544342,-59.72687149,-54.46788406,11.310227394104004,18.996196746826172,2.0077669620513916,0.9468899965286255,0.9338222146034241,0.9826697707176208,5.029655456542969,4.989979267120361,4.087059975
8.15,0,102.9054946899414,129.01976013183594,118.91986083984375,202.7216339111328,202.91387939453125,200.01722717285156,0.44555994868278503,0.49573472142219543,0.466099352,45.85056686401367,63.95957565307617,55.428470611572266,-43.41544342,-59.72687149,-54.46788406,11.310227394104004,18.996196746826172,2.0077669620513916,0.9468899965286255,0.9338222146034241,0.9826697707176208,5.029655456542969,4.989979267120361,4.087059975
8.2,0,102.9054946899414,129.01976013183594,118.91986083984375,202.7216339111328,202.91387939453125,200.01722717285156,0.44555994868278503,0.49573472142219543,0.466099352,45.85056686401367,63.95957565307617,55.428470611572266,-43.41544342,-59.72687149,-54.46788406,11.310227394104004,18.996196746826172,2.0077669620513916,0.9468899965286255,0.9338222146034241,0.9826697707176208,5.029655456542969,4.989979267120361,4.087059975
8.25,0,102.9054946899414,129.01976013183594,118.91986083984375,202.7216339111328,202.91387939453125,200.01722717285156,0.44555994868278503,0.49573472142219543,0.466099352,45.85056686401367,63.95957565307617,55.428470611572266,-43.41544342,-59.72687149,-54.46788406,11.310227394104004,18.996196746826172,2.0077669620513916,0.9468899965286255,0.9338222146034241,0.9826697707176208,5.029655456542969,4.989979267120361,4.087059975
8.3,0,102.93651580810547,129.1449737548828,119.03070831298828,202.8687286376953,203.0720215,200.1643829345703,0.45505011081695557,0.5033771991729736,0.47128674387931824,46.84127426147461,65.00863647460938,56.09759521484375,-44.6301651,-61.25418472,-55.22381973,10.911046981811523,17.86890221,1.1467615365982056,0.952795684,0.9422468543052673,0.9844239950180054,4.994339466094971,4.9666619300842285,4.070805549621582
8.35,0,102.93651580810547,129.1449737548828,119.03070831298828,202.8687286376953,203.0720215,200.1643829345703,0.45505011081695557,0.5033771991729736,0.47128674387931824,46.84127426147461,65.00863647460938,56.09759521484375,-44.6301651,-61.25418472,-55.22381973,10.911046981811523,17.86890221,1.1467615365982056,0.952795684,0.9422468543052673,0.9844239950180054,4.994339466094971,4.9666619300842285,4.070805549621582
8.4,0,102.93651580810547,129.1449737548828,119.03070831298828,202.8687286376953,203.0720215,200.1643829345703,0.45505011081695557,0.5033771991729736,0.47128674387931824,46.84127426147461,65.00863647460938,56.09759521484375,-44.6301651,-61.25418472,-55.22381973,10.911046981811523,17.86890221,1.1467615365982056,0.952795684,0.9422468543052673,0.9844239950180054,4.994339466094971,4.9666619300842285,4.070805549621582
8.45,0,102.93651580810547,129.1449737548828,119.03070831298828,202.8687286376953,203.0720215,200.1643829345703,0.45505011081695557,0.5033771991729736,0.47128674387931824,46.84127426147461,65.00863647460938,56.09759521484375,-44.6301651,-61.25418472,-55.22381973,10.911046981811523,17.86890221,1.1467615365982056,0.952795684,0.9422468543052673,0.9844239950180054,4.994339466094971,4.9666619300842285,4.070805549621582
8.5,0,102.91007232666016,129.0497589111328,118.96260833740234,202.7284698486328,202.9636993408203,200.08555603027344,0.43929052352905273,0.49158501625061035,0.4614337682723999,45.207420349121094,63.438926696777344,54.89336395263672,-42.82328033,-59.31536865,-53.92713547,11.00156021118164,18.659162521362305,1.509037971496582,0.947262168,0.9349995851516724,0.9823980927467346,4.941694259643555,4.994612693786621,4.134726524353027
8.55,0,102.91007232666016,129.0497589111328,118.96260833740234,202.7284698486328,202.9636993408203,200.08555603027344,0.43929052352905273,0.49158501625061035,0.4614337682723999,45.207420349121094,63.438926696777344,54.89336395263672,-42.82328033,-59.31536865,-53.92713547,11.00156021118164,18.659162521362305,1.509037971496582,0.947262168,0.9349995851516724,0.9823980927467346,4.941694259643555,4.994612693786621,4.134726524353027
8.6,0,102.91007232666016,129.0497589111328,118.96260833740234,202.7284698486328,202.9636993408203,200.08555603027344,0.43929052352905273,0.49158501625061035,0.4614337682723999,45.207420349121094,63.438926696777344,54.89336395263672,-42.82328033,-59.31536865,-53.92713547,11.00156021118164,18.659162521362305,1.509037971496582,0.947262168,0.9349995851516724,0.9823980927467346,4.941694259643555,4.994612693786621,4.134726524353027
8.65,0,102.91007232666016,129.0497589111328,118.96260833740234,202.7284698486328,202.9636993408203,200.08555603027344,0.43929052352905273,0.49158501625061035,0.4614337682723999,45.207420349121094,63.438926696777344,54.89336395263672,-42.82328033,-59.31536865,-53.92713547,11.00156021118164,18.659162521362305,1.509037971496582,0.947262168,0.9349995851516724,0.9823980927467346,4.941694259643555,4.994612693786621,4.134726524353027
8.7,0,103.00796508789062,129.1344451904297,119.0302734,202.91180419921875,203.07388305664062,200.2248535,0.45178499817848206,0.4994608461856842,0.46889638900756836,46.537452697753906,64.49759674072266,55.81286621,-44.10917664,-60.42346573,-54.77669525,11.060616493225098,18.26437759399414,1.5936349630355835,0.9478210210800171,0.936832845,0.9814348816871643,5.007172107696533,5.069094181060791,4.103913307189941
8.75,0,103.00796508789062,129.1344451904297,119.0302734,202.91180419921875,203.07388305664062,200.2248535,0.45178499817848206,0.4994608461856842,0.46889638900756836,46.537452697753906,64.49759674072266,55.81286621,-44.10917664,-60.42346573,-54.77669525,11.060616493225098,18.26437759399414,1.5936349630355835,0.9478210210800171,0.936832845,0.9814348816871643,5.007172107696533,5.069094181060791,4.103913307189941
8.8,0,103.00796508789062,129.1344451904297,119.0302734,202.91180419921875,203.07388305664062,200.2248535,0.45178499817848206,0.4994608461856842,0.46889638900756836,46.537452697753906,64.49759674072266,55.81286621,-44.10917664,-60.42346573,-54.77669525,11.060616493225098,18.26437759399414,1.5936349630355835,0.9478210210800171,0.936832845,0.9814348816871643,5.007172107696533,5.069094181060791,4.103913307189941
8.85,0,103.00796508789062,129.1344451904297,119.0302734,202.91180419921875,203.07388305664062,200.2248535,0.45178499817848206,0.4994608461856842,0.46889638900756836,46.537452697753906,64.49759674072266,55.81286621,-44.10917664,-60.42346573,-54.77669525,11.060616493225098,18.26437759399414,1.5936349630355835,0.9478210210800171,0.936832845,0.9814348816871643,5.007172107696533,5.069094181060791,4.103913307189941
8.9,0,102.96571350097656,129.15133666992188,119.0407485961914,202.91122436523438,203.08792114257812,200.18646240234375,0.4475720524787903,0.4956322908401489,0.46459078788757324,46.08457565307617,64.01157379,55.30523681640625,-43.86171722,-60.29573822,-54.32521439,10.396151542663574,17.29585075378418,0.7408328652381897,0.9517656564712524,0.9419505596160889,0.9822797775268555,5.050147533416748,5.082880497,4.140150547027588
8.95,0,102.96571350097656,129.15133666992188,119.0407485961914,202.91122436523438,203.08792114257812,200.18646240234375,0.4475720524787903,0.4956322908401489,0.46459078788757324,46.08457565307617,64.01157379,55.30523681640625,-43.86171722,-60.29573822,-54.32521439,10.396151542663574,17.29585075378418,0.7408328652381897,0.9517656564712524,0.9419505596160889,0.9822797775268555,5.050147533416748,5.082880497,4.140150547027588
9,0,102.96571350097656,129.15133666992188,119.0407485961914,202.91122436523438,203.08792114257812,200.18646240234375,0.4475720524787903,0.4956322908401489,0.46459078788757324,46.08457565307617,64.01157379,55.30523681640625,-43.86171722,-60.29573822,-54.32521439,10.396151542663574,17.29585075378418,0.7408328652381897,0.9517656564712524,0.9419505596160889,0.9822797775268555,5.050147533416748,5.082880497,4.140150547027588
9.05,0,102.96571350097656,129.15133666992188,119.0407485961914,202.91122436523438,203.08792114257812,200.18646240234375,0.4475720524787903,0.4956322908401489,0.46459078788757324,46.08457565307617,64.01157379,55.30523681640625,-43.86171722,-60.29573822,-54.32521439,10.396151542663574,17.29585075378418,0.7408328652381897,0.9517656564712524,0.9419505596160889,0.9822797775268555,5.050147533416748,5.082880497,4.140150547027588
9.1,0,102.98772430419922,129.13821411132812,119.02764129638672,202.8780517578125,203.10052490234375,200.20252990722656,0.44824355840682983,0.497563899,0.46937063336372375,46.16358566,64.2545166,55.868080139160156,-43.69648743,-59.94552231,-54.95825195,11.753517150878906,19.68596076965332,2.616236686706543,0.9465574622154236,0.9329386353492737,0.9837146997451782,5.0202107429504395,5.0956034660339355,4.162738323
9.15,0,102.98772430419922,129.13821411132812,119.02764129638672,202.8780517578125,203.10052490234375,200.20252990722656,0.44824355840682983,0.497563899,0.46937063336372375,46.16358566,64.2545166,55.868080139160156,-43.69648743,-59.94552231,-54.95825195,11.753517150878906,19.68596076965332,2.616236686706543,0.9465574622154236,0.9329386353492737,0.9837146997451782,5.0202107429504395,5.0956034660339355,4.162738323
9.2,0,102.98772430419922,129.13821411132812,119.02764129638672,202.8780517578125,203.10052490234375,200.20252990722656,0.44824355840682983,0.497563899,0.46937063336372375,46.16358566,64.2545166,55.868080139160156,-43.69648743,-59.94552231,-54.95825195,11.753517150878906,19.68596076965332,2.616236686706543,0.9465574622154236,0.9329386353492737,0.9837146997451782,5.0202107429504395,5.0956034660339355,4.162738323
9.25,0,102.98772430419922,129.13821411132812,119.02764129638672,202.8780517578125,203.10052490234375,200.20252990722656,0.44824355840682983,0.497563899,0.46937063336372375,46.16358566,64.2545166,55.868080139160156,-43.69648743,-59.94552231,-54.95825195,11.753517150878906,19.68596076965332,2.616236686706543,0.9465574622154236,0.9329386353492737,0.9837146997451782,5.0202107429504395,5.0956034660339355,4.162738323
9.3,0,103.00279235839844,129.17941284179688,119.0546646118164,202.95960998535156,203.10940551757812,200.2471923828125,0.4482085406780243,0.4951055943965912,0.4663907587528229,46.16673278808594,63.95745086669922,55.525997161865234,-44.00751495,-60.23474503,-54.63121414,10.303991317749023,17.484058380126953,0.8820627927780151,0.9532300233840942,0.9417940378189087,0.9838853478431702,5.025303363800049,5.066620826721191,4.0804524421691895
9.35,0,103.00279235839844,129.17941284179688,119.0546646118164,202.95960998535156,203.10940551757812,200.2471923828125,0.4482085406780243,0.4951055943965912,0.4663907587528229,46.16673278808594,63.95745086669922,55.525997161865234,-44.00751495,-60.23474503,-54.63121414,10.303991317749023,17.484058380126953,0.8820627927780151,0.9532300233840942,0.9417940378189087,0.9838853478431702,5.025303363800049,5.066620826721191,4.0804524421691895
9.4,0,103.00279235839844,129.17941284179688,119.0546646118164,202.95960998535156,203.10940551757812,200.2471923828125,0.4482085406780243,0.4951055943965912,0.4663907587528229,46.16673278808594,63.95745086669922,55.525997161865234,-44.00751495,-60.23474503,-54.63121414,10.303991317749023,17.484058380126953,0.8820627927780151,0.9532300233840942,0.9417940378189087,0.9838853478431702,5.025303363800049,5.066620826721191,4.0804524421691895
9.45,0,103.00279235839844,129.17941284179688,119.0546646118164,202.95960998535156,203.10940551757812,200.2471923828125,0.4482085406780243,0.4951055943965912,0.4663907587528229,46.16673278808594,63.95745086669922,55.525997161865234,-44.00751495,-60.23474503,-54.63121414,10.303991317749023,17.484058380126953,0.8820627927780151,0.9532300233840942,0.9417940378189087,0.9838853478431702,5.025303363800049,5.066620826721191,4.0804524421691895
9.5,0,102.98638916015625,129.0300750732422,119.03409576416016,202.7747344970703,202.99293518066406,200.2297363,0.4405435025691986,0.48796263337135315,0.4593620300292969,45.36998367,62.961856842041016,54.679744720458984,-43.16162109,-59.12520981,-53.79241562,10.454690933227539,17.71054458618164,1.2256231307983398,0.9513254761695862,0.9390639662742615,0.9837722778320312,4.991393089294434,5.0586018562316895,4.072664737701416
9.55,0,102.98638916015625,129.0300750732422,119.03409576416016,202.7747344970703,202.99293518066406,200.2297363,0.4405435025691986,0.48796263337135315,0.4593620300292969,45.36998367,62.961856842041016,54.679744720458984,-43.16162109,-59.12520981,-53.79241562,10.454690933227539,17.71054458618164,1.2256231307983398,0.9513254761695862,0.9390639662742615,0.9837722778320312,4.991393089294434,5.0586018562316895,4.072664737701416
9.6,0,102.98638916015625,129.0300750732422,119.03409576416016,202.7747344970703,202.99293518066406,200.2297363,0.4405435025691986,0.48796263337135315,0.4593620300292969,45.36998367,62.961856842041016,54.679744720458984,-43.16162109,-59.12520981,-53.79241562,10.454690933227539,17.71054458618164,1.2256231307983398,0.9513254761695862,0.9390639662742615,0.9837722778320312,4.991393089294434,5.0586018562316895,4.072664737701416
9.65,0,102.98638916015625,129.0300750732422,119.03409576416016,202.7747344970703,202.99293518066406,200.2297363,0.4405435025691986,0.48796263337135315,0.4593620300292969,45.36998367,62.961856842041016,54.679744720458984,-43.16162109,-59.12520981,-53.79241562,10.454690933227539,17.71054458618164,1.2256231307983398,0.9513254761695862,0.9390639662742615,0.9837722778320312,4.991393089294434,5.0586018562316895,4.072664737701416
9.7,0,103.00872039794922,129.1531219482422,119.07708740234375,202.9068145751953,203.1313934326172,200.2832794189453,0.4569282531738281,0.5040525794029236,0.4723592698574066,47.067596435546875,65.09996795654297,56.24716567993164,-44.62084198,-60.96948624,-55.41209412,12.141876220703125,19.464584350585938,2.733687400817871,0.9480161666870117,0.9365516901016235,0.9851535558700562,4.986955642700195,5.08291769,4.109216213226318
9.75,0,103.00872039794922,129.1531219482422,119.07708740234375,202.9068145751953,203.1313934326172,200.2832794189453,0.4569282531738281,0.5040525794029236,0.4723592698574066,47.067596435546875,65.09996795654297,56.24716567993164,-44.62084198,-60.96948624,-55.41209412,12.141876220703125,19.464584350585938,2.733687400817871,0.9480161666870117,0.9365516901016235,0.9851535558700562,4.986955642700195,5.08291769,4.109216213226318
9.8,0,103.00872039794922,129.1531219482422,119.07708740234375,202.9068145751953,203.1313934326172,200.2832794189453,0.4569282531738281,0.5040525794029236,0.4723592698574066,47.067596435546875,65.09996795654297,56.24716567993164,-44.62084198,-60.96948624,-55.41209412,12.141876220703125,19.464584350585938,2.733687400817871,0.9480161666870117,0.9365516901016235,0.9851535558700562,4.986955642700195,5.08291769,4.109216213226318
9.85,0,103.00872039794922,129.1531219482422,119.07708740234375,202.9068145751953,203.1313934326172,200.2832794189453,0.4569282531738281,0.5040525794029236,0.4723592698574066,47.067596435546875,65.09996795654297,56.24716567993164,-44.62084198,-60.96948624,-55.41209412,12.141876220703125,19.464584350585938,2.733687400817871,0.9480161666870117,0.9365516901016235,0.9851535558700562,4.986955642700195,5.08291769,4.109216213226318
9.9,0,102.97559356689453,129.16378784179688,119.06787872314453,202.8995819091797,203.14048767089844,200.23321533203125,0.44655734300613403,0.49462318420410156,0.46752309799194336,45.98450851,63.88740539550781,55.66698455810547,-43.89890671,-60.20020676,-54.75791931,10.01033878326416,17.394630432128906,0.598615825,0.954645574,0.9422860145568848,0.9836695790290833,5.0024261474609375,5.091267108917236,4.0495405197143555
9.95,0,102.97559356689453,129.16378784179688,119.06787872314453,202.8995819091797,203.14048767089844,200.23321533203125,0.44655734300613403,0.49462318420410156,0.46752309799194336,45.98450851,63.88740539550781,55.66698455810547,-43.89890671,-60.20020676,-54.75791931,10.01033878326416,17.394630432128906,0.598615825,0.954645574,0.9422860145568848,0.9836695790290833,5.0024261474609375,5.091267108917236,4.0495405197143555
10,0,102.97559356689453,129.16378784179688,119.06787872314453,202.8995819091797,203.14048767089844,200.23321533203125,0.44655734300613403,0.49462318420410156,0.46752309799194336,45.98450851,63.88740539550781,55.66698455810547,-43.89890671,-60.20020676,-54.75791931,10.01033878326416,17.394630432128906,0.598615825,0.954645574,0.9422860145568848,0.9836695790290833,5.0024261474609375,5.091267108917236,4.0495405197143555
10.05,0,102.97559356689453,129.16378784179688,119.06787872314453,202.8995819091797,203.14048767089844,200.23321533203125,0.44655734300613403,0.49462318420410156,0.46752309799194336,45.98450851,63.88740539550781,55.66698455810547,-43.89890671,-60.20020676,-54.75791931,10.01033878326416,17.394630432128906,0.598615825,0.954645574,0.9422860145568848,0.9836695790290833,5.0024261474609375,5.091267108917236,4.0495405197143555
10.1,0,102.56938171386719,129.5494842529297,119.02223205566406,202.7114258,202.94277954101562,200.2760467529297,0.44418439269065857,0.48009610176086426,0.47263267636299133,45.55971908569336,62.19620132446289,56.25379562,-43.25371933,-57.67366791,-55.09445953,10.055604934692383,19.19188117980957,2.6412813663482666,0.9493851065635681,0.9272860288619995,0.9793909788131714,5.026034355163574,5.0336995124816895,4.048447132110596
10.15,0,102.56938171386719,129.5494842529297,119.02223205566406,202.7114258,202.94277954101562,200.2760467529297,0.44418439269065857,0.48009610176086426,0.47263267636299133,45.55971908569336,62.19620132446289,56.25379562,-43.25371933,-57.67366791,-55.09445953,10.055604934692383,19.19188117980957,2.6412813663482666,0.9493851065635681,0.9272860288619995,0.9793909788131714,5.026034355163574,5.0336995124816895,4.048447132110596
10.2,0,102.56938171386719,129.5494842529297,119.02223205566406,202.7114258,202.94277954101562,200.2760467529297,0.44418439269065857,0.48009610176086426,0.47263267636299133,45.55971908569336,62.19620132446289,56.25379562,-43.25371933,-57.67366791,-55.09445953,10.055604934692383,19.19188117980957,2.6412813663482666,0.9493851065635681,0.9272860288619995,0.9793909788131714,5.026034355163574,5.0336995124816895,4.048447132110596
10.25,0,102.56938171386719,129.5494842529297,119.02223205566406,202.7114258,202.94277954101562,200.2760467529297,0.44418439269065857,0.48009610176086426,0.47263267636299133,45.55971908569336,62.19620132446289,56.25379562,-43.25371933,-57.67366791,-55.09445953,10.055604934692383,19.19188117980957,2.6412813663482666,0.9493851065635681,0.9272860288619995,0.9793909788131714,5.026034355163574,5.0336995124816895,4.048447132110596
10.3,4,95.72518920898438,122.74152374267578,110.15272521972656,190.9545898,189.46946716308594,186.0818328857422,3.2441937923431396,2.9769723415374756,3.0266096591949463,310.5510559082031,365.39813232421875,333.3893127441406,-3.873859882,-9.251767159,-41.88444138,255.75473022460938,313.85247802734375,272.2956237792969,0.012474148534238338,0.025319689884781837,0.12563222646713257,5.536040306091309,5.639143943786621,4.392858028411865
10.35,4,95.72518920898438,122.74152374267578,110.15272521972656,190.9545898,189.46946716308594,186.0818328857422,3.2441937923431396,2.9769723415374756,3.0266096591949463,310.5510559082031,365.39813232421875,333.3893127441406,-3.873859882,-9.251767159,-41.88444138,255.75473022460938,313.85247802734375,272.2956237792969,0.012474148534238338,0.025319689884781837,0.12563222646713257,5.536040306091309,5.639143943786621,4.392858028411865
10.4,4,95.72518920898438,122.74152374267578,110.15272521972656,190.9545898,189.46946716308594,186.0818328857422,3.2441937923431396,2.9769723415374756,3.0266096591949463,310.5510559082031,365.39813232421875,333.3893127441406,-3.873859882,-9.251767159,-41.88444138,255.75473022460938,313.85247802734375,272.2956237792969,0.012474148534238338,0.025319689884781837,0.12563222646713257,5.536040306091309,5.639143943786621,4.392858028411865
10.45,4,95.72518920898438,122.74152374267578,110.15272521972656,190.9545898,189.46946716308594,186.0818328857422,3.2441937923431396,2.9769723415374756,3.0266096591949463,310.5510559082031,365.39813232421875,333.3893127441406,-3.873859882,-9.251767159,-41.88444138,255.75473022460938,313.85247802734375,272.2956237792969,0.012474148534238338,0.025319689884781837,0.12563222646713257,5.536040306091309,5.639143943786621,4.392858028411865
10.5,0,103.04212951660156,129.9135284423828,119.4943848,203.14743041992188,203.0975341796875,201.54302978515625,0.7687305212020874,0.762573779,0.9246927499771118,79.21163177490234,99.06864929199219,110.49559020996094,-54.72094345,-61.25580978,-68.81829071,12.83226203918457,24.873388290405273,12.747135162353516,0.6908195614814758,0.6183167695999146,0.6228148341178894,4.983191013336182,4.974612236022949,4.045196533203125
10.55,0,103.04212951660156,129.9135284423828,119.4943848,203.14743041992188,203.0975341796875,201.54302978515625,0.7687305212020874,0.762573779,0.9246927499771118,79.21163177490234,99.06864929199219,110.49559020996094,-54.72094345,-61.25580978,-68.81829071,12.83226203918457,24.873388290405273,12.747135162353516,0.6908195614814758,0.6183167695999146,0.6228148341178894,4.983191013336182,4.974612236022949,4.045196533203125
10.6,0,103.04212951660156,129.9135284423828,119.4943848,203.14743041992188,203.0975341796875,201.54302978515625,0.7687305212020874,0.762573779,0.9246927499771118,79.21163177490234,99.06864929199219,110.49559020996094,-54.72094345,-61.25580978,-68.81829071,12.83226203918457,24.873388290405273,12.747135162353516,0.6908195614814758,0.6183167695999146,0.6228148341178894,4.983191013336182,4.974612236022949,4.045196533203125
10.65,0,103.04212951660156,129.9135284423828,119.4943848,203.14743041992188,203.0975341796875,201.54302978515625,0.7687305212020874,0.762573779,0.9246927499771118,79.21163177490234,99.06864929199219,110.49559020996094,-54.72094345,-61.25580978,-68.81829071,12.83226203918457,24.873388290405273,12.747135162353516,0.6908195614814758,0.6183167695999146,0.6228148341178894,4.983191013336182,4.974612236022949,4.045196533203125
10.7,0,103.4349594116211,129.28565979003906,119.62317657470703,203.24005126953125,203.64610290527344,201.30923461914062,0.4835112690925598,0.4964163899421692,0.541336715,50.011966705322266,64.17951965332031,64.75641632080078,-49.08037567,-61.67003632,-63.64795303,0.5261001586914062,12.673919677734375,-4.625481606,0.9813726544380188,0.9608989953994751,0.982882559,4.9249467849731445,4.853982925415039,3.937433958053589
10.75,0,103.4349594116211,129.28565979003906,119.62317657470703,203.24005126953125,203.64610290527344,201.30923461914062,0.4835112690925598,0.4964163899421692,0.541336715,50.011966705322266,64.17951965332031,64.75641632080078,-49.08037567,-61.67003632,-63.64795303,0.5261001586914062,12.673919677734375,-4.625481606,0.9813726544380188,0.9608989953994751,0.982882559,4.9249467849731445,4.853982925415039,3.937433958053589
10.8,0,103.4349594116211,129.28565979003906,119.62317657470703,203.24005126953125,203.64610290527344,201.30923461914062,0.4835112690925598,0.4964163899421692,0.541336715,50.011966705322266,64.17951965332031,64.75641632080078,-49.08037567,-61.67003632,-63.64795303,0.5261001586914062,12.673919677734375,-4.625481606,0.9813726544380188,0.9608989953994751,0.982882559,4.9249467849731445,4.853982925415039,3.937433958053589
10.85,0,103.4349594116211,129.28565979003906,119.62317657470703,203.24005126953125,203.64610290527344,201.30923461914062,0.4835112690925598,0.4964163899421692,0.541336715,50.011966705322266,64.17951965332031,64.75641632080078,-49.08037567,-61.67003632,-63.64795303,0.5261001586914062,12.673919677734375,-4.625481606,0.9813726544380188,0.9608989953994751,0.982882559,4.9249467849731445,4.853982925415039,3.937433958053589
10.9,0,103.29218292236328,129.08570861816406,119.4320297241211,202.92343139648438,203.31739807128906,201.0255889892578,0.456766814,0.4652387499809265,0.5144166350364685,47.180442810058594,60.05567551,61.43782424926758,-46.3883667,-57.45252991,-60.59363937,1.0284323692321777,13.459341049194336,-2.793424845,0.9832117557525635,0.9566544890403748,0.9862595200538635,4.9969244,4.950946807861328,4.037705421447754
10.95,0,103.29218292236328,129.08570861816406,119.4320297241211,202.92343139648438,203.31739807128906,201.0255889892578,0.456766814,0.4652387499809265,0.5144166350364685,47.180442810058594,60.05567551,61.43782424926758,-46.3883667,-57.45252991,-60.59363937,1.0284323692321777,13.459341049194336,-2.793424845,0.9832117557525635,0.9566544890403748,0.9862595200538635,4.9969244,4.950946807861328,4.037705421447754
11,0,103.29218292236328,129.08570861816406,119.4320297241211,202.92343139648438,203.31739807128906,201.0255889892578,0.456766814,0.4652387499809265,0.5144166350364685,47.180442810058594,60.05567551,61.43782424926758,-46.3883667,-57.45252991,-60.59363937,1.0284323692321777,13.459341049194336,-2.793424845,0.9832117557525635,0.9566544890403748,0.9862595200538635,4.9969244,4.950946807861328,4.037705421447754
11.05,0,103.29218292236328,129.08570861816406,119.4320297241211,202.92343139648438,203.31739807128906,201.0255889892578,0.456766814,0.4652387499809265,0.5144166350364685,47.180442810058594,60.05567551,61.43782424926758,-46.3883667,-57.45252991,-60.59363937,1.0284323692321777,13.459341049194336,-2.793424845,0.9832117557525635,0.9566544890403748,0.9862595200538635,4.9969244,4.950946807861328,4.037705421447754
11.1,0,103.23858642578125,129.02243041992188,119.35490417480469,202.85304260253906,203.16293334960938,200.9094238,0.45207685232162476,0.46220242977142334,0.5082013010978699,46.671775817871094,59.63447952270508,60.65631866455078,-45.80783844,-56.50812531,-59.87926483,3.0173635482788086,15.565174102783203,-0.412003934,0.9814890623092651,0.9475747346878052,0.9871892333030701,5.046746730804443,4.990972042,4.0203776359558105
11.15,0,103.23858642578125,129.02243041992188,119.35490417480469,202.85304260253906,203.16293334960938,200.9094238,0.45207685232162476,0.46220242977142334,0.5082013010978699,46.671775817871094,59.63447952270508,60.65631866455078,-45.80783844,-56.50812531,-59.87926483,3.0173635482788086,15.565174102783203,-0.412003934,0.9814890623092651,0.9475747346878052,0.9871892333030701,5.046746730804443,4.990972042,4.0203776359558105
11.2,0,103.23858642578125,129.02243041992188,119.35490417480469,202.85304260253906,203.16293334960938,200.9094238,0.45207685232162476,0.46220242977142334,0.5082013010978699,46.671775817871094,59.63447952270508,60.65631866455078,-45.80783844,-56.50812531,-59.87926483,3.0173635482788086,15.565174102783203,-0.412003934,0.9814890623092651,0.9475747346878052,0.9871892333030701,5.046746730804443,4.990972042,4.0203776359558105
11.25,0,103.23858642578125,129.02243041992188,119.35490417480469,202.85304260253906,203.16293334960938,200.9094238,0.45207685232162476,0.46220242977142334,0.5082013010978699,46.671775817871094,59.63447952270508,60.65631866455078,-45.80783844,-56.50812531,-59.87926483,3.0173635482788086,15.565174102783203,-0.412003934,0.9814890623092651,0.9475747346878052,0.9871892333030701,5.046746730804443,4.990972042,4.0203776359558105
11.3,0,103.19127655029297,128.97378540039062,119.31775665283203,202.7581787109375,203.0989227294922,200.8378906,0.4427627921104431,0.4520282447338104,0.49904707074165344,45.68925857543945,58.29979324,59.54517746,-44.88124466,-55.52798462,-58.72335434,1.660941243171692,13.944001197814941,-1.877406478,0.9823150038719177,0.9524559378623962,0.9861983060836792,5.1154561042785645,4.990901947021484,4.064043045043945
11.35,0,103.19127655029297,128.97378540039062,119.31775665283203,202.7581787109375,203.0989227294922,200.8378906,0.4427627921104431,0.4520282447338104,0.49904707074165344,45.68925857543945,58.29979324,59.54517746,-44.88124466,-55.52798462,-58.72335434,1.660941243171692,13.944001197814941,-1.877406478,0.9823150038719177,0.9524559378623962,0.9861983060836792,5.1154561042785645,4.990901947021484,4.064043045043945
11.4,0,103.19127655029297,128.97378540039062,119.31775665283203,202.7581787109375,203.0989227294922,200.8378906,0.4427627921104431,0.4520282447338104,0.49904707074165344,45.68925857543945,58.29979324,59.54517746,-44.88124466,-55.52798462,-58.72335434,1.660941243171692,13.944001197814941,-1.877406478,0.9823150038719177,0.9524559378623962,0.9861983060836792,5.1154561042785645,4.990901947021484,4.064043045043945
11.45,0,103.19127655029297,128.97378540039062,119.31775665283203,202.7581787109375,203.0989227294922,200.8378906,0.4427627921104431,0.4520282447338104,0.49904707074165344,45.68925857543945,58.29979324,59.54517746,-44.88124466,-55.52798462,-58.72335434,1.660941243171692,13.944001197814941,-1.877406478,0.9823150038719177,0.9524559378623962,0.9861983060836792,5.1154561042785645,4.990901947021484,4.064043045043945
11.5,0,103.15355682373047,128.9097137451172,119.2436752319336,202.66302490234375,202.99053955078125,200.7375488,0.4399884343147278,0.4550061523914337,0.49739015102386475,45.38637161254883,58.65471267700195,59.310630798339844,-44.43662643,-55.2646637,-58.49846649,3.7761342525482178,16.323991775512695,0.22833126783370972,0.97907424,0.9422032833099365,0.9863066077232361,5.045426368713379,4.9810404777526855,4.018802642822266
11.55,0,103.15355682373047,128.9097137451172,119.2436752319336,202.66302490234375,202.99053955078125,200.7375488,0.4399884343147278,0.4550061523914337,0.49739015102386475,45.38637161254883,58.65471267700195,59.310630798339844,-44.43662643,-55.2646637,-58.49846649,3.7761342525482178,16.323991775512695,0.22833126783370972,0.97907424,0.9422032833099365,0.9863066077232361,5.045426368713379,4.9810404777526855,4.018802642822266
11.6,0,103.15355682373047,128.9097137451172,119.2436752319336,202.66302490234375,202.99053955078125,200.7375488,0.4399884343147278,0.4550061523914337,0.49739015102386475,45.38637161254883,58.65471267700195,59.310630798339844,-44.43662643,-55.2646637,-58.49846649,3.7761342525482178,16.323991775512695,0.22833126783370972,0.97907424,0.9422032833099365,0.9863066077232361,5.045426368713379,4.9810404777526855,4.018802642822266
11.65,0,103.15355682373047,128.9097137451172,119.2436752319336,202.66302490234375,202.99053955078125,200.7375488,0.4399884343147278,0.4550061523914337,0.49739015102386475,45.38637161254883,58.65471267700195,59.310630798339844,-44.43662643,-55.2646637,-58.49846649,3.7761342525482178,16.323991775512695,0.22833126783370972,0.97907424,0.9422032833099365,0.9863066077232361,5.045426368713379,4.9810404777526855,4.018802642822266
11.7,0,103.15228271484375,128.93275451660156,119.25395202636719,202.69796752929688,202.99732971191406,200.74917602539062,0.43862494826316833,0.4500526487827301,0.494579554,45.24516296386719,58.026527404785156,58.980567932128906,-44.43790436,-54.97703171,-58.25764084,2.8320107460021973,15.223111152648926,-0.55927372,0.9821581244468689,0.9474465250968933,0.9877429604530334,5.092225074768066,4.970205307006836,3.9541680812835693
11.75,0,103.15228271484375,128.93275451660156,119.25395202636719,202.69796752929688,202.99732971191406,200.74917602539062,0.43862494826316833,0.4500526487827301,0.494579554,45.24516296386719,58.026527404785156,58.980567932128906,-44.43790436,-54.97703171,-58.25764084,2.8320107460021973,15.223111152648926,-0.55927372,0.9821581244468689,0.9474465250968933,0.9877429604530334,5.092225074768066,4.970205307006836,3.9541680812835693
11.8,0,103.15228271484375,128.93275451660156,119.25395202636719,202.69796752929688,202.99732971191406,200.74917602539062,0.43862494826316833,0.4500526487827301,0.494579554,45.24516296386719,58.026527404785156,58.980567932128906,-44.43790436,-54.97703171,-58.25764084,2.8320107460021973,15.223111152648926,-0.55927372,0.9821581244468689,0.9474465250968933,0.9877429604530334,5.092225074768066,4.970205307006836,3.9541680812835693
11.85,0,103.15228271484375,128.93275451660156,119.25395202636719,202.69796752929688,202.99732971191406,200.74917602539062,0.43862494826316833,0.4500526487827301,0.494579554,45.24516296386719,58.026527404785156,58.980567932128906,-44.43790436,-54.97703171,-58.25764084,2.8320107460021973,15.223111152648926,-0.55927372,0.9821581244468689,0.9474465250968933,0.9877429604530334,5.092225074768066,4.970205307006836,3.9541680812835693
11.9,0,103.07171630859375,128.84725952148438,119.16587829589844,202.5521240234375,202.86753845214844,200.5878906,0.4366871118545532,0.450916052,0.4935029149055481,45.01008987426758,58.09929656982422,58.80870819091797,-43.97548676,-54.32088852,-57.98177338,4.696427345275879,17.43442153930664,1.6586809158325195,0.9770139455795288,0.9349663853645325,0.985938549,5.123319625854492,4.989996910095215,4.006288051605225
11.95,0,103.07171630859375,128.84725952148438,119.16587829589844,202.5521240234375,202.86753845214844,200.5878906,0.4366871118545532,0.450916052,0.4935029149055481,45.01008987426758,58.09929656982422,58.80870819091797,-43.97548676,-54.32088852,-57.98177338,4.696427345275879,17.43442153930664,1.6586809158325195,0.9770139455795288,0.9349663853645325,0.985938549,5.123319625854492,4.989996910095215,4.006288051605225
12,0,103.07171630859375,128.84725952148438,119.16587829589844,202.5521240234375,202.86753845214844,200.5878906,0.4366871118545532,0.450916052,0.4935029149055481,45.01008987426758,58.09929656982422,58.80870819091797,-43.97548676,-54.32088852,-57.98177338,4.696427345275879,17.43442153930664,1.6586809158325195,0.9770139455795288,0.9349663853645325,0.985938549,5.123319625854492,4.989996910095215,4.006288051605225
12.05,0,103.07171630859375,128.84725952148438,119.16587829589844,202.5521240234375,202.86753845214844,200.5878906,0.4366871118545532,0.450916052,0.4935029149055481,45.01008987426758,58.09929656982422,58.80870819091797,-43.97548676,-54.32088852,-57.98177338,4.696427345275879,17.43442153930664,1.6586809158325195,0.9770139455795288,0.9349663853645325,0.985938549,5.123319625854492,4.989996910095215,4.006288051605225
12.1,0,103.05347442626953,128.87806701660156,119.16734313964844,202.54588317871094,202.89527893066406,200.5874023,0.43873709440231323,0.45235782861709595,0.4967387318611145,45.213382720947266,58.29900360107422,59.19503402709961,-44.32585144,-54.89539337,-58.44649887,3.728013515472412,16.45054054260254,0.46062374114990234,0.9803701639175415,0.941618025,0.9873547554016113,5.132961273193359,5.044079303741455,4.032342433929443
12.15,0,103.05347442626953,128.87806701660156,119.16734313964844,202.54588317871094,202.89527893066406,200.5874023,0.43873709440231323,0.45235782861709595,0.4967387318611145,45.213382720947266,58.29900360107422,59.19503402709961,-44.32585144,-54.89539337,-58.44649887,3.728013515472412,16.45054054260254,0.46062374114990234,0.9803701639175415,0.941618025,0.9873547554016113,5.132961273193359,5.044079303741455,4.032342433929443
12.2,0,103.05347442626953,128.87806701660156,119.16734313964844,202.54588317871094,202.89527893066406,200.5874023,0.43873709440231323,0.45235782861709595,0.4967387318611145,45.213382720947266,58.29900360107422,59.19503402709961,-44.32585144,-54.89539337,-58.44649887,3.728013515472412,16.45054054260254,0.46062374114990234,0.9803701639175415,0.941618025,0.9873547554016113,5.132961273193359,5.044079303741455,4.032342433929443
12.25,0,103.05347442626953,128.87806701660156,119.16734313964844,202.54588317871094,202.89527893066406,200.5874023,0.43873709440231323,0.45235782861709595,0.4967387318611145,45.213382720947266,58.29900360107422,59.19503402709961,-44.32585144,-54.89539337,-58.44649887,3.728013515472412,16.45054054260254,0.46062374114990234,0.9803701639175415,0.941618025,0.9873547554016113,5.132961273193359,5.044079303741455,4.032342433929443
12.3,0,102.94160461425781,128.76902770996094,119.07464599609375,202.36685180664062,202.7129669189453,200.40560913085938,0.42909303307533264,0.44726210832595825,0.48803857,44.17152404785156,57.59350586,58.11301803588867,-43.12880707,-53.6530838,-57.29885483,4.967470645904541,17.873214721679688,1.8250908851623535,0.9763939380645752,0.9315821528434753,0.9859899878501892,5.166623115539551,5.0517120361328125,4.0240278244018555
12.35,0,102.94160461425781,128.76902770996094,119.07464599609375,202.36685180664062,202.7129669189453,200.40560913085938,0.42909303307533264,0.44726210832595825,0.48803857,44.17152404785156,57.59350586,58.11301803588867,-43.12880707,-53.6530838,-57.29885483,4.967470645904541,17.873214721679688,1.8250908851623535,0.9763939380645752,0.9315821528434753,0.9859899878501892,5.166623115539551,5.0517120361328125,4.0240278244018555
12.4,0,102.94160461425781,128.76902770996094,119.07464599609375,202.36685180664062,202.7129669189453,200.40560913085938,0.42909303307533264,0.44726210832595825,0.48803857,44.17152404785156,57.59350586,58.11301803588867,-43.12880707,-53.6530838,-57.29885483,4.967470645904541,17.873214721679688,1.8250908851623535,0.9763939380645752,0.9315821528434753,0.9859899878501892,5.166623115539551,5.0517120361328125,4.0240278244018555
12.45,0,102.94160461425781,128.76902770996094,119.07464599609375,202.36685180664062,202.7129669189453,200.40560913085938,0.42909303307533264,0.44726210832595825,0.48803857,44.17152404785156,57.59350586,58.11301803588867,-43.12880707,-53.6530838,-57.29885483,4.967470645904541,17.873214721679688,1.8250908851623535,0.9763939380645752,0.9315821528434753,0.9859899878501892,5.166623115539551,5.0517120361328125,4.0240278244018555
12.5,0,103.01555633544922,128.763916,119.11518096923828,202.4004364013672,202.75296020507812,200.51898193359375,0.43753817677497864,0.4528968036174774,0.4961647093296051,45.073238372802734,58.31676483154297,59.10074996948242,-44.09897995,-54.6776123,-58.31851959,4.407482147216797,17.243114471435547,1.1723612546920776,0.9783849716186523,0.9375967979431152,0.9867644309997559,5.1440229415893555,5.024812698364258,4.075186252593994
12.55,0,103.01555633544922,128.763916,119.11518096923828,202.4004364013672,202.75296020507812,200.51898193359375,0.43753817677497864,0.4528968036174774,0.4961647093296051,45.073238372802734,58.31676483154297,59.10074996948242,-44.09897995,-54.6776123,-58.31851959,4.407482147216797,17.243114471435547,1.1723612546920776,0.9783849716186523,0.9375967979431152,0.9867644309997559,5.1440229415893555,5.024812698364258,4.075186252593994
12.6,0,103.01555633544922,128.763916,119.11518096923828,202.4004364013672,202.75296020507812,200.51898193359375,0.43753817677497864,0.4528968036174774,0.4961647093296051,45.073238372802734,58.31676483154297,59.10074996948242,-44.09897995,-54.6776123,-58.31851959,4.407482147216797,17.243114471435547,1.1723612546920776,0.9783849716186523,0.9375967979431152,0.9867644309997559,5.1440229415893555,5.024812698364258,4.075186252593994
12.65,0,103.01555633544922,128.763916,119.11518096923828,202.4004364013672,202.75296020507812,200.51898193359375,0.43753817677497864,0.4528968036174774,0.4961647093296051,45.073238372802734,58.31676483154297,59.10074996948242,-44.09897995,-54.6776123,-58.31851959,4.407482147216797,17.243114471435547,1.1723612546920776,0.9783849716186523,0.9375967979431152,0.9867644309997559,5.1440229415893555,5.024812698364258,4.075186252593994
12.7,0,102.94239807128906,128.7425994873047,119.0208511352539,202.33409118652344,202.65011596679688,200.3612060546875,0.4317428767681122,0.4489152133464813,0.4903271198272705,44.44464874267578,57.79450988769531,58.35914993286133,-43.30979156,-53.66900635,-57.48884201,5.425329685211182,18.40490723,2.4588985443115234,0.9744658470153809,0.9286177158355713,0.9850870370864868,5.170006752,5.072976589202881,4.101541996002197
12.75,0,102.94239807128906,128.7425994873047,119.0208511352539,202.33409118652344,202.65011596679688,200.3612060546875,0.4317428767681122,0.4489152133464813,0.4903271198272705,44.44464874267578,57.79450988769531,58.35914993286133,-43.30979156,-53.66900635,-57.48884201,5.425329685211182,18.40490723,2.4588985443115234,0.9744658470153809,0.9286177158355713,0.9850870370864868,5.170006752,5.072976589202881,4.101541996002197
12.8,0,102.94239807128906,128.7425994873047,119.0208511352539,202.33409118652344,202.65011596679688,200.3612060546875,0.4317428767681122,0.4489152133464813,0.4903271198272705,44.44464874267578,57.79450988769531,58.35914993286133,-43.30979156,-53.66900635,-57.48884201,5.425329685211182,18.40490723,2.4588985443115234,0.9744658470153809,0.9286177158355713,0.9850870370864868,5.170006752,5.072976589202881,4.101541996002197
12.85,0,102.94239807128906,128.7425994873047,119.0208511352539,202.33409118652344,202.65011596679688,200.3612060546875,0.4317428767681122,0.4489152133464813,0.4903271198272705,44.44464874267578,57.79450988769531,58.35914993286133,-43.30979156,-53.66900635,-57.48884201,5.425329685211182,18.40490723,2.4588985443115234,0.9744658470153809,0.9286177158355713,0.9850870370864868,5.170006752,5.072976589202881,4.101541996002197
12.9,0,102.95578002929688,128.7702178955078,119.06114196777344,202.39556884765625,202.69151306152344,200.4002227783203,0.43758291006088257,0.4520905315876007,0.4928947985172272,45.05168914794922,58.215797424316406,58.68461608886719,-44.00275421,-54.49615097,-57.78305435,4.530878067016602,16.96837807,1.271811842918396,0.9767170548439026,0.9361059069633484,0.9846371412277222,5.148803234100342,4.966698169708252,4.0554070472717285
12.95,0,102.95578002929688,128.7702178955078,119.06114196777344,202.39556884765625,202.69151306152344,200.4002227783203,0.43758291006088257,0.4520905315876007,0.4928947985172272,45.05168914794922,58.215797424316406,58.68461608886719,-44.00275421,-54.49615097,-57.78305435,4.530878067016602,16.96837807,1.271811842918396,0.9767170548439026,0.9361059069633484,0.9846371412277222,5.148803234100342,4.966698169708252,4.0554070472717285
13,0,102.95578002929688,128.7702178955078,119.06114196777344,202.39556884765625,202.69151306152344,200.4002227783203,0.43758291006088257,0.4520905315876007,0.4928947985172272,45.05168914794922,58.215797424316406,58.68461608886719,-44.00275421,-54.49615097,-57.78305435,4.530878067016602,16.96837807,1.271811842918396,0.9767170548439026,0.9361059069633484,0.9846371412277222,5.148803234100342,4.966698169708252,4.0554070472717285
13.05,0,102.95578002929688,128.7702178955078,119.06114196777344,202.39556884765625,202.69151306152344,200.4002227783203,0.43758291006088257,0.4520905315876007,0.4928947985172272,45.05168914794922,58.215797424316406,58.68461608886719,-44.00275421,-54.49615097,-57.78305435,4.530878067016602,16.96837807,1.271811842918396,0.9767170548439026,0.9361059069633484,0.9846371412277222,5.148803234100342,4.966698169708252,4.0554070472717285
13.1,0,102.88319396972656,128.66749572753906,118.9390640258789,202.2166290283203,202.5583038330078,200.20986938476562,0.42241549491882324,0.43965354561805725,0.4824482500553131,43.45945358276367,56.569122314453125,57.38194274902344,-42.33662796,-52.47227478,-56.52704239,5.009072303771973,18.11710548400879,2.2800660133361816,0.97416383,0.9275780320167542,0.985101581,5.143780708312988,4.933090686798096,4.025365352630615
13.15,0,102.88319396972656,128.66749572753906,118.9390640258789,202.2166290283203,202.5583038330078,200.20986938476562,0.42241549491882324,0.43965354561805725,0.4824482500553131,43.45945358276367,56.569122314453125,57.38194274902344,-42.33662796,-52.47227478,-56.52704239,5.009072303771973,18.11710548400879,2.2800660133361816,0.97416383,0.9275780320167542,0.985101581,5.143780708312988,4.933090686798096,4.025365352630615
13.2,0,102.88319396972656,128.66749572753906,118.9390640258789,202.2166290283203,202.5583038330078,200.20986938476562,0.42241549491882324,0.43965354561805725,0.4824482500553131,43.45945358276367,56.569122314453125,57.38194274902344,-42.33662796,-52.47227478,-56.52704239,5.009072303771973,18.11710548400879,2.2800660133361816,0.97416383,0.9275780320167542,0.985101581,5.143780708312988,4.933090686798096,4.025365352630615
13.25,0,102.88319396972656,128.66749572753906,118.9390640258789,202.2166290283203,202.5583038330078,200.20986938476562,0.42241549491882324,0.43965354561805725,0.4824482500553131,43.45945358276367,56.569122314453125,57.38194274902344,-42.33662796,-52.47227478,-56.52704239,5.009072303771973,18.11710548400879,2.2800660133361816,0.97416383,0.9275780320167542,0.985101581,5.143780708312988,4.933090686798096,4.025365352630615
13.3,0,102.95508575439453,128.82049560546875,119.06627655029297,202.41610717773438,202.76095581054688,200.4069366455078,0.4401788115501404,0.4550001323223114,0.497735858,45.31864547729492,58.61334228515625,59.263553619384766,-44.28791809,-54.68547821,-58.46653366,5.203822135925293,18.11986732,2.234307289123535,0.9772560000419617,0.932986856,0.9865512847900391,5.0944132804870605,4.947875022888184,4.014660358428955
13.35,0,102.95508575439453,128.82049560546875,119.06627655029297,202.41610717773438,202.76095581054688,200.4069366455078,0.4401788115501404,0.4550001323223114,0.497735858,45.31864547729492,58.61334228515625,59.263553619384766,-44.28791809,-54.68547821,-58.46653366,5.203822135925293,18.11986732,2.234307289123535,0.9772560000419617,0.932986856,0.9865512847900391,5.0944132804870605,4.947875022888184,4.014660358428955
13.4,0,102.95508575439453,128.82049560546875,119.06627655029297,202.41610717773438,202.76095581054688,200.4069366455078,0.4401788115501404,0.4550001323223114,0.497735858,45.31864547729492,58.61334228515625,59.263553619384766,-44.28791809,-54.68547821,-58.46653366,5.203822135925293,18.11986732,2.234307289123535,0.9772560000419617,0.932986856,0.9865512847900391,5.0944132804870605,4.947875022888184,4.014660358428955
13.45,0,102.95508575439453,128.82049560546875,119.06627655029297,202.41610717773438,202.76095581054688,200.4069366455078,0.4401788115501404,0.4550001323223114,0.497735858,45.31864547729492,58.61334228515625,59.263553619384766,-44.28791809,-54.68547821,-58.46653366,5.203822135925293,18.11986732,2.234307289123535,0.9772560000419617,0.932986856,0.9865512847900391,5.0944132804870605,4.947875022888184,4.014660358428955
13.5,0,102.9115982055664,128.7013702392578,119.0344238,202.26693725585938,202.6150360107422,200.36090087890625,0.428879976,0.44688671827316284,0.48815736174583435,44.136722564697266,57.51493453979492,58.10752868652344,-43.06023026,-53.39829636,-57.28335571,5.5359296798706055,18.561525344848633,2.590142011642456,0.975610077,0.9284248948097229,0.9858164191246033,4.999721050262451,4.869016170501709,3.9273712635040283
13.55,0,102.9115982055664,128.7013702392578,119.0344238,202.26693725585938,202.6150360107422,200.36090087890625,0.428879976,0.44688671827316284,0.48815736174583435,44.136722564697266,57.51493453979492,58.10752868652344,-43.06023026,-53.39829636,-57.28335571,5.5359296798706055,18.561525344848633,2.590142011642456,0.975610077,0.9284248948097229,0.9858164191246033,4.999721050262451,4.869016170501709,3.9273712635040283
13.6,0,102.9115982055664,128.7013702392578,119.0344238,202.26693725585938,202.6150360107422,200.36090087890625,0.428879976,0.44688671827316284,0.48815736174583435,44.136722564697266,57.51493453979492,58.10752868652344,-43.06023026,-53.39829636,-57.28335571,5.5359296798706055,18.561525344848633,2.590142011642456,0.975610077,0.9284248948097229,0.9858164191246033,4.999721050262451,4.869016170501709,3.9273712635040283
13.65,0,102.9115982055664,128.7013702392578,119.0344238,202.26693725585938,202.6150360107422,200.36090087890625,0.428879976,0.44688671827316284,0.48815736174583435,44.136722564697266,57.51493453979492,58.10752868652344,-43.06023026,-53.39829636,-57.28335571,5.5359296798706055,18.561525344848633,2.590142011642456,0.975610077,0.9284248948097229,0.9858164191246033,4.999721050262451,4.869016170501709,3.9273712635040283
13.7,0,102.98693084716797,128.7998809814453,119.10045623779297,202.41885375976562,202.7687225341797,200.4733123779297,0.4427213966846466,0.4567826986312866,0.499135822,45.59451675415039,58.83355712890625,59.447303771972656,-44.43403625,-54.66931534,-58.59108734,5.838982105255127,18.781509399414062,3.0351829528808594,0.974547803,0.9292199611663818,0.9855970740318298,5.045550823,4.863940715789795,3.9602112770080566
13.75,0,102.98693084716797,128.7998809814453,119.10045623779297,202.41885375976562,202.7687225341797,200.4733123779297,0.4427213966846466,0.4567826986312866,0.499135822,45.59451675415039,58.83355712890625,59.447303771972656,-44.43403625,-54.66931534,-58.59108734,5.838982105255127,18.781509399414062,3.0351829528808594,0.974547803,0.9292199611663818,0.9855970740318298,5.045550823,4.863940715789795,3.9602112770080566
13.8,0,102.98693084716797,128.7998809814453,119.10045623779297,202.41885375976562,202.7687225341797,200.4733123779297,0.4427213966846466,0.4567826986312866,0.499135822,45.59451675415039,58.83355712890625,59.447303771972656,-44.43403625,-54.66931534,-58.59108734,5.838982105255127,18.781509399414062,3.0351829528808594,0.974547803,0.9292199611663818,0.9855970740318298,5.045550823,4.863940715789795,3.9602112770080566
13.85,0,102.98693084716797,128.7998809814453,119.10045623779297,202.41885375976562,202.7687225341797,200.4733123779297,0.4427213966846466,0.4567826986312866,0.499135822,45.59451675415039,58.83355712890625,59.447303771972656,-44.43403625,-54.66931534,-58.59108734,5.838982105255127,18.781509399414062,3.0351829528808594,0.974547803,0.9292199611663818,0.9855970740318298,5.045550823,4.863940715789795,3.9602112770080566
13.9,0,102.93324279785156,128.7438965,119.0233154296875,202.32228088378906,202.70948791503906,200.32315063476562,0.4242975413799286,0.4409075975418091,0.4859178960323334,43.674320220947266,56.764163970947266,57.83555984,-42.56103134,-52.70166779,-56.97946548,4.598612308502197,17.91576576,1.9221084117889404,0.9745092988014221,0.928432047,0.9851977825164795,5.019576072692871,4.9069108963012695,3.969165325164795
13.95,0,102.93324279785156,128.7438965,119.0233154296875,202.32228088378906,202.70948791503906,200.32315063476562,0.4242975413799286,0.4409075975418091,0.4859178960323334,43.674320220947266,56.764163970947266,57.83555984,-42.56103134,-52.70166779,-56.97946548,4.598612308502197,17.91576576,1.9221084117889404,0.9745092988014221,0.928432047,0.9851977825164795,5.019576072692871,4.9069108963012695,3.969165325164795
14,0,102.93324279785156,128.7438965,119.0233154296875,202.32228088378906,202.70948791503906,200.32315063476562,0.4242975413799286,0.4409075975418091,0.4859178960323334,43.674320220947266,56.764163970947266,57.83555984,-42.56103134,-52.70166779,-56.97946548,4.598612308502197,17.91576576,1.9221084117889404,0.9745092988014221,0.928432047,0.9851977825164795,5.019576072692871,4.9069108963012695,3.969165325164795
14.05,0,102.93324279785156,128.7438965,119.0233154296875,202.32228088378906,202.70948791503906,200.32315063476562,0.4242975413799286,0.4409075975418091,0.4859178960323334,43.674320220947266,56.764163970947266,57.83555984,-42.56103134,-52.70166779,-56.97946548,4.598612308502197,17.91576576,1.9221084117889404,0.9745092988014221,0.928432047,0.9851977825164795,5.019576072692871,4.9069108963012695,3.969165325164795
14.1,0,102.99331665039062,128.87428283691406,119.12519836425781,202.5163574,202.83700561523438,200.49160766601562,0.44094154238700867,0.4574485719203949,0.5000188946723938,45.414031982421875,58.9533577,59.564849853515625,-44.2293663,-54.55561829,-58.66647339,6.242944717407227,19.534183502197266,3.5002248287200928,0.9739140868186951,0.9254030585289001,0.9849177002906799,5.011100769042969,4.855245113372803,3.9061572551727295
14.15,0,102.99331665039062,128.87428283691406,119.12519836425781,202.5163574,202.83700561523438,200.49160766601562,0.44094154238700867,0.4574485719203949,0.5000188946723938,45.414031982421875,58.9533577,59.564849853515625,-44.2293663,-54.55561829,-58.66647339,6.242944717407227,19.534183502197266,3.5002248287200928,0.9739140868186951,0.9254030585289001,0.9849177002906799,5.011100769042969,4.855245113372803,3.9061572551727295
14.2,0,102.99331665039062,128.87428283691406,119.12519836425781,202.5163574,202.83700561523438,200.49160766601562,0.44094154238700867,0.4574485719203949,0.5000188946723938,45.414031982421875,58.9533577,59.564849853515625,-44.2293663,-54.55561829,-58.66647339,6.242944717407227,19.534183502197266,3.5002248287200928,0.9739140868186951,0.9254030585289001,0.9849177002906799,5.011100769042969,4.855245113372803,3.9061572551727295
14.25,0,102.99331665039062,128.87428283691406,119.12519836425781,202.5163574,202.83700561523438,200.49160766601562,0.44094154238700867,0.4574485719203949,0.5000188946723938,45.414031982421875,58.9533577,59.564849853515625,-44.2293663,-54.55561829,-58.66647339,6.242944717407227,19.534183502197266,3.5002248287200928,0.9739140868186951,0.9254030585289001,0.9849177002906799,5.011100769042969,4.855245113372803,3.9061572551727295
14.3,0,103.0073471069336,128.8415069580078,119.1381836,202.4715576171875,202.87294006347656,200.5012969970703,0.4352555274963379,0.4523380398750305,0.4974204897880554,44.83451843261719,58.27991485595703,59.26177215576172,-43.69412994,-54.04387665,-58.36502075,5.315378665924072,18.82689094543457,2.593881845474243,0.9745644927024841,0.9273156523704529,0.9848679900169373,4.975553512573242,4.856494426727295,3.960218906402588
14.35,0,103.0073471069336,128.8415069580078,119.1381836,202.4715576171875,202.87294006347656,200.5012969970703,0.4352555274963379,0.4523380398750305,0.4974204897880554,44.83451843261719,58.27991485595703,59.26177215576172,-43.69412994,-54.04387665,-58.36502075,5.315378665924072,18.82689094543457,2.593881845474243,0.9745644927024841,0.9273156523704529,0.9848679900169373,4.975553512573242,4.856494426727295,3.960218906402588
14.4,0,103.0073471069336,128.8415069580078,119.1381836,202.4715576171875,202.87294006347656,200.5012969970703,0.4352555274963379,0.4523380398750305,0.4974204897880554,44.83451843261719,58.27991485595703,59.26177215576172,-43.69412994,-54.04387665,-58.36502075,5.315378665924072,18.82689094543457,2.593881845474243,0.9745644927024841,0.9273156523704529,0.9848679900169373,4.975553512573242,4.856494426727295,3.960218906402588
14.45,0,103.0073471069336,128.8415069580078,119.1381836,202.4715576171875,202.87294006347656,200.5012969970703,0.4352555274963379,0.4523380398750305,0.4974204897880554,44.83451843261719,58.27991485595703,59.26177215576172,-43.69412994,-54.04387665,-58.36502075,5.315378665924072,18.82689094543457,2.593881845474243,0.9745644927024841,0.9273156523704529,0.9848679900169373,4.975553512573242,4.856494426727295,3.960218906402588
14.5,0,102.98111724853516,128.72454833984375,119.03665924072266,202.3504638671875,202.6677703857422,200.3985595703125,0.42811888456344604,0.447556734,0.4882453680038452,44.08816146850586,57.61153793334961,58.11909866333008,-42.84840012,-53.19531631,-57.21142197,5.846109867095947,19.06231117248535,2.987128973007202,0.9718799591064453,0.9233448505401611,0.9843824505805969,4.865437030792236,4.818793773651123,3.926201581954956
14.55,0,102.98111724853516,128.72454833984375,119.03665924072266,202.3504638671875,202.6677703857422,200.3985595703125,0.42811888456344604,0.447556734,0.4882453680038452,44.08816146850586,57.61153793334961,58.11909866333008,-42.84840012,-53.19531631,-57.21142197,5.846109867095947,19.06231117248535,2.987128973007202,0.9718799591064453,0.9233448505401611,0.9843824505805969,4.865437030792236,4.818793773651123,3.926201581954956
14.6,0,102.98111724853516,128.72454833984375,119.03665924072266,202.3504638671875,202.6677703857422,200.3985595703125,0.42811888456344604,0.447556734,0.4882453680038452,44.08816146850586,57.61153793334961,58.11909866333008,-42.84840012,-53.19531631,-57.21142197,5.846109867095947,19.06231117248535,2.987128973007202,0.9718799591064453,0.9233448505401611,0.9843824505805969,4.865437030792236,4.818793773651123,3.926201581954956
14.65,0,102.98111724853516,128.72454833984375,119.03665924072266,202.3504638671875,202.6677703857422,200.3985595703125,0.42811888456344604,0.447556734,0.4882453680038452,44.08816146850586,57.61153793334961,58.11909866333008,-42.84840012,-53.19531631,-57.21142197,5.846109867095947,19.06231117248535,2.987128973007202,0.9718799591064453,0.9233448505401611,0.9843824505805969,4.865437030792236,4.818793773651123,3.926201581954956
14.7,0,102.99441528320312,128.8447723388672,119.11790466308594,202.48280334472656,202.79327392578125,200.50160217285156,0.4378535747528076,0.4563050866127014,0.49724745750427246,45.096473693847656,58.79252624511719,59.231075286865234,-43.99704361,-54.72623444,-58.41867447,5.686347007751465,18.80167579650879,2.494980812072754,0.9756205081939697,0.930836558,0.9862841963768005,4.9075117111206055,4.777273654937744,3.8684091567993164
14.75,0,102.99441528320312,128.8447723388672,119.11790466308594,202.48280334472656,202.79327392578125,200.50160217285156,0.4378535747528076,0.4563050866127014,0.49724745750427246,45.096473693847656,58.79252624511719,59.231075286865234,-43.99704361,-54.72623444,-58.41867447,5.686347007751465,18.80167579650879,2.494980812072754,0.9756205081939697,0.930836558,0.9862841963768005,4.9075117111206055,4.777273654937744,3.8684091567993164
14.8,0,102.99441528320312,128.8447723388672,119.11790466308594,202.48280334472656,202.79327392578125,200.50160217285156,0.4378535747528076,0.4563050866127014,0.49724745750427246,45.096473693847656,58.79252624511719,59.231075286865234,-43.99704361,-54.72623444,-58.41867447,5.686347007751465,18.80167579650879,2.494980812072754,0.9756205081939697,0.930836558,0.9862841963768005,4.9075117111206055,4.777273654937744,3.8684091567993164
14.85,0,102.99441528320312,128.8447723388672,119.11790466308594,202.48280334472656,202.79327392578125,200.50160217285156,0.4378535747528076,0.4563050866127014,0.49724745750427246,45.096473693847656,58.79252624511719,59.231075286865234,-43.99704361,-54.72623444,-58.41867447,5.686347007751465,18.80167579650879,2.494980812072754,0.9756205081939697,0.930836558,0.9862841963768005,4.9075117111206055,4.777273654937744,3.8684091567993164
14.9,0,102.96527862548828,128.74525451660156,119.02650451660156,202.36993408203125,202.65341186523438,200.37802124023438,0.4331550896167755,0.44916653633117676,0.49117231369018555,44.59993362426758,57.828060150146484,58.46252441,-43.41731262,-53.45265961,-57.56885147,6.093292236328125,19.201936721801758,3.497687339782715,0.9734838008880615,0.9243377447128296,0.9847137331962585,4.911997318267822,4.776722431182861,3.9428226947784424
14.95,0,102.96527862548828,128.74525451660156,119.02650451660156,202.36993408203125,202.65341186523438,200.37802124023438,0.4331550896167755,0.44916653633117676,0.49117231369018555,44.59993362426758,57.828060150146484,58.46252441,-43.41731262,-53.45265961,-57.56885147,6.093292236328125,19.201936721801758,3.497687339782715,0.9734838008880615,0.9243377447128296,0.9847137331962585,4.911997318267822,4.776722431182861,3.9428226947784424
15,0,102.96527862548828,128.74525451660156,119.02650451660156,202.36993408203125,202.65341186523438,200.37802124023438,0.4331550896167755,0.44916653633117676,0.49117231369018555,44.59993362426758,57.828060150146484,58.46252441,-43.41731262,-53.45265961,-57.56885147,6.093292236328125,19.201936721801758,3.497687339782715,0.9734838008880615,0.9243377447128296,0.9847137331962585,4.911997318267822,4.776722431182861,3.9428226947784424
15.05,0,102.96527862548828,128.74525451660156,119.02650451660156,202.36993408203125,202.65341186523438,200.37802124023438,0.4331550896167755,0.44916653633117676,0.49117231369018555,44.59993362426758,57.828060150146484,58.46252441,-43.41731262,-53.45265961,-57.56885147,6.093292236328125,19.201936721801758,3.497687339782715,0.9734838008880615,0.9243377447128296,0.9847137331962585,4.911997318267822,4.776722431182861,3.9428226947784424
15.1,0,102.9809341430664,128.77645874023438,119.04754638671875,202.39236450195312,202.72210693359375,200.41033935546875,0.43613484501838684,0.45275774598121643,0.4980473816394806,44.91357422,58.30453872680664,59.291316986083984,-43.76163101,-54.05705261,-58.41643906,5.272741794586182,18.776750564575195,2.5599358081817627,0.9743520021438599,0.9271500110626221,0.9852443933486938,4.864675045013428,4.761651515960693,3.897500514984131
15.15,0,102.9809341430664,128.77645874023438,119.04754638671875,202.39236450195312,202.72210693359375,200.41033935546875,0.43613484501838684,0.45275774598121643,0.4980473816394806,44.91357422,58.30453872680664,59.291316986083984,-43.76163101,-54.05705261,-58.41643906,5.272741794586182,18.776750564575195,2.5599358081817627,0.9743520021438599,0.9271500110626221,0.9852443933486938,4.864675045013428,4.761651515960693,3.897500514984131
15.2,0,102.9809341430664,128.77645874023438,119.04754638671875,202.39236450195312,202.72210693359375,200.41033935546875,0.43613484501838684,0.45275774598121643,0.4980473816394806,44.91357422,58.30453872680664,59.291316986083984,-43.76163101,-54.05705261,-58.41643906,5.272741794586182,18.776750564575195,2.5599358081817627,0.9743520021438599,0.9271500110626221,0.9852443933486938,4.864675045013428,4.761651515960693,3.897500514984131
15.25,0,102.9809341430664,128.77645874023438,119.04754638671875,202.39236450195312,202.72210693359375,200.41033935546875,0.43613484501838684,0.45275774598121643,0.4980473816394806,44.91357422,58.30453872680664,59.291316986083984,-43.76163101,-54.05705261,-58.41643906,5.272741794586182,18.776750564575195,2.5599358081817627,0.9743520021438599,0.9271500110626221,0.9852443933486938,4.864675045013428,4.761651515960693,3.897500514984131
15.3,0,102.94456481933594,128.76718139648438,119.05550384521484,202.3521728515625,202.70315551757812,200.3995361328125,0.43535783886909485,0.45085158944129944,0.4960230588912964,44.81772232055664,58.05488967895508,59.05427551269531,-43.55966568,-53.53799057,-58.05496979,5.843332767486572,19.306310653686523,3.413813591003418,0.9719294905662537,0.92219609,0.9830781817436218,4.916304111480713,4.773443222045898,3.8724257946014404
15.35,0,102.94456481933594,128.76718139648438,119.05550384521484,202.3521728515625,202.70315551757812,200.3995361328125,0.43535783886909485,0.45085158944129944,0.4960230588912964,44.81772232055664,58.05488967895508,59.05427551269531,-43.55966568,-53.53799057,-58.05496979,5.843332767486572,19.306310653686523,3.413813591003418,0.9719294905662537,0.92219609,0.9830781817436218,4.916304111480713,4.773443222045898,3.8724257946014404
15.4,0,102.94456481933594,128.76718139648438,119.05550384521484,202.3521728515625,202.70315551757812,200.3995361328125,0.43535783886909485,0.45085158944129944,0.4960230588912964,44.81772232055664,58.05488967895508,59.05427551269531,-43.55966568,-53.53799057,-58.05496979,5.843332767486572,19.306310653686523,3.413813591003418,0.9719294905662537,0.92219609,0.9830781817436218,4.916304111480713,4.773443222045898,3.8724257946014404
15.45,0,102.94456481933594,128.76718139648438,119.05550384521484,202.3521728515625,202.70315551757812,200.3995361328125,0.43535783886909485,0.45085158944129944,0.4960230588912964,44.81772232055664,58.05488967895508,59.05427551269531,-43.55966568,-53.53799057,-58.05496979,5.843332767486572,19.306310653686523,3.413813591003418,0.9719294905662537,0.92219609,0.9830781817436218,4.916304111480713,4.773443222045898,3.8724257946014404
15.5,0,103.00598907470703,128.73216247558594,119.06907653808594,202.36790466308594,202.70046997070312,200.4578857421875,0.43686240911483765,0.4526140093803406,0.4954015910625458,44.99944305419922,58.26597977,58.98701095581055,-43.79040909,-53.94775009,-58.0417099,5.8513312339782715,18.97008705,3.1564741134643555,0.9731322526931763,0.9258876442909241,0.9839743971824646,4.834021091461182,4.752686023712158,3.9085187911987305
15.55,0,103.00598907470703,128.73216247558594,119.06907653808594,202.36790466308594,202.70046997070312,200.4578857421875,0.43686240911483765,0.4526140093803406,0.4954015910625458,44.99944305419922,58.26597977,58.98701095581055,-43.79040909,-53.94775009,-58.0417099,5.8513312339782715,18.97008705,3.1564741134643555,0.9731322526931763,0.9258876442909241,0.9839743971824646,4.834021091461182,4.752686023712158,3.9085187911987305
15.6,0,103.00598907470703,128.73216247558594,119.06907653808594,202.36790466308594,202.70046997070312,200.4578857421875,0.43686240911483765,0.4526140093803406,0.4954015910625458,44.99944305419922,58.26597977,58.98701095581055,-43.79040909,-53.94775009,-58.0417099,5.8513312339782715,18.97008705,3.1564741134643555,0.9731322526931763,0.9258876442909241,0.9839743971824646,4.834021091461182,4.752686023712158,3.9085187911987305
15.65,0,103.00598907470703,128.73216247558594,119.06907653808594,202.36790466308594,202.70046997070312,200.4578857421875,0.43686240911483765,0.4526140093803406,0.4954015910625458,44.99944305419922,58.26597977,58.98701095581055,-43.79040909,-53.94775009,-58.0417099,5.8513312339782715,18.97008705,3.1564741134643555,0.9731322526931763,0.9258876442909241,0.9839743971824646,4.834021091461182,4.752686023712158,3.9085187911987305
15.7,0,102.99229431152344,128.85772705078125,119.12055206298828,202.47669982910156,202.83128356933594,200.4971160888672,0.43948039412498474,0.4568668305873871,0.4992808997631073,45.26309585571289,58.87082290649414,59.47461700439453,-44.05089951,-54.63475037,-58.54395676,5.683531284332275,18.90799903869629,2.662968158721924,0.9732188582420349,0.9280446171760559,0.9843519926071167,4.8397722244262695,4.793032169342041,3.906740904
15.75,0,102.99229431152344,128.85772705078125,119.12055206298828,202.47669982910156,202.83128356933594,200.4971160888672,0.43948039412498474,0.4568668305873871,0.4992808997631073,45.26309585571289,58.87082290649414,59.47461700439453,-44.05089951,-54.63475037,-58.54395676,5.683531284332275,18.90799903869629,2.662968158721924,0.9732188582420349,0.9280446171760559,0.9843519926071167,4.8397722244262695,4.793032169342041,3.906740904
15.8,0,102.99229431152344,128.85772705078125,119.12055206298828,202.47669982910156,202.83128356933594,200.4971160888672,0.43948039412498474,0.4568668305873871,0.4992808997631073,45.26309585571289,58.87082290649414,59.47461700439453,-44.05089951,-54.63475037,-58.54395676,5.683531284332275,18.90799903869629,2.662968158721924,0.9732188582420349,0.9280446171760559,0.9843519926071167,4.8397722244262695,4.793032169342041,3.906740904
15.85,0,102.99229431152344,128.85772705078125,119.12055206298828,202.47669982910156,202.83128356933594,200.4971160888672,0.43948039412498474,0.4568668305873871,0.4992808997631073,45.26309585571289,58.87082290649414,59.47461700439453,-44.05089951,-54.63475037,-58.54395676,5.683531284332275,18.90799903869629,2.662968158721924,0.9732188582420349,0.9280446171760559,0.9843519926071167,4.8397722244262695,4.793032169342041,3.906740904
15.9,0,102.97348022460938,128.7682342529297,119.08678436279297,202.3930664,202.7566680908203,200.42234802246094,0.4344162940979004,0.45379048585891724,0.4945482909679413,44.73335647583008,58.433799743652344,58.89416504,-43.34466553,-53.72280121,-57.87401962,6.371436119,19.777040481567383,3.6124448776245117,0.9689562320709229,0.9193788766860962,0.9826783537864685,4.897155762,4.7907514572143555,3.903891086578369
15.95,0,102.97348022460938,128.7682342529297,119.08678436279297,202.3930664,202.7566680908203,200.42234802246094,0.4344162940979004,0.45379048585891724,0.4945482909679413,44.73335647583008,58.433799743652344,58.89416504,-43.34466553,-53.72280121,-57.87401962,6.371436119,19.777040481567383,3.6124448776245117,0.9689562320709229,0.9193788766860962,0.9826783537864685,4.897155762,4.7907514572143555,3.903891086578369
16,0,102.97348022460938,128.7682342529297,119.08678436279297,202.3930664,202.7566680908203,200.42234802246094,0.4344162940979004,0.45379048585891724,0.4945482909679413,44.73335647583008,58.433799743652344,58.89416504,-43.34466553,-53.72280121,-57.87401962,6.371436119,19.777040481567383,3.6124448776245117,0.9689562320709229,0.9193788766860962,0.9826783537864685,4.897155762,4.7907514572143555,3.903891086578369
16.05,0,102.97348022460938,128.7682342529297,119.08678436279297,202.3930664,202.7566680908203,200.42234802246094,0.4344162940979004,0.45379048585891724,0.4945482909679413,44.73335647583008,58.433799743652344,58.89416504,-43.34466553,-53.72280121,-57.87401962,6.371436119,19.777040481567383,3.6124448776245117,0.9689562320709229,0.9193788766860962,0.9826783537864685,4.897155762,4.7907514572143555,3.903891086578369
16.1,0,103.03727722167969,128.8714141845703,119.17417907714844,202.52003479003906,202.90609741210938,200.57749938964844,0.44368818402290344,0.4604296088218689,0.5046440958976746,45.71642303466797,59.33621597290039,60.14054489135742,-44.56827164,-55.05519104,-59.25998688,5.832785129547119,19.284862518310547,3.0099289417266846,0.9748853445053101,0.9278513789176941,0.9853583574295044,4.891579627990723,4.809028148651123,3.958289384841919
16.15,0,103.03727722167969,128.8714141845703,119.17417907714844,202.52003479003906,202.90609741210938,200.57749938964844,0.44368818402290344,0.4604296088218689,0.5046440958976746,45.71642303466797,59.33621597290039,60.14054489135742,-44.56827164,-55.05519104,-59.25998688,5.832785129547119,19.284862518310547,3.0099289417266846,0.9748853445053101,0.9278513789176941,0.9853583574295044,4.891579627990723,4.809028148651123,3.958289384841919
16.2,0,103.03727722167969,128.8714141845703,119.17417907714844,202.52003479003906,202.90609741210938,200.57749938964844,0.44368818402290344,0.4604296088218689,0.5046440958976746,45.71642303466797,59.33621597290039,60.14054489135742,-44.56827164,-55.05519104,-59.25998688,5.832785129547119,19.284862518310547,3.0099289417266846,0.9748853445053101,0.9278513789176941,0.9853583574295044,4.891579627990723,4.809028148651123,3.958289384841919
16.25,0,103.03727722167969,128.8714141845703,119.17417907714844,202.52003479003906,202.90609741210938,200.57749938964844,0.44368818402290344,0.4604296088218689,0.5046440958976746,45.71642303466797,59.33621597290039,60.14054489135742,-44.56827164,-55.05519104,-59.25998688,5.832785129547119,19.284862518310547,3.0099289417266846,0.9748853445053101,0.9278513789176941,0.9853583574295044,4.891579627990723,4.809028148651123,3.958289384841919
16.3,0,102.9552001953125,128.77975463867188,119.07950592041016,202.36924743652344,202.77859497070312,200.40176391601562,0.431040496,0.45005011558532715,0.4916286766529083,44.37786102294922,57.95734405517578,58.54290008544922,-43.02830505,-53.41090775,-57.5210762,5.848751068115234,19.17381477355957,3.0485663414001465,0.9695894122123718,0.9215554594993591,0.9825457334518433,4.921646595001221,4.865614891052246,3.930464029312134
16.35,0,102.9552001953125,128.77975463867188,119.07950592041016,202.36924743652344,202.77859497070312,200.40176391601562,0.431040496,0.45005011558532715,0.4916286766529083,44.37786102294922,57.95734405517578,58.54290008544922,-43.02830505,-53.41090775,-57.5210762,5.848751068115234,19.17381477355957,3.0485663414001465,0.9695894122123718,0.9215554594993591,0.9825457334518433,4.921646595001221,4.865614891052246,3.930464029312134
16.4,0,102.9552001953125,128.77975463867188,119.07950592041016,202.36924743652344,202.77859497070312,200.40176391601562,0.431040496,0.45005011558532715,0.4916286766529083,44.37786102294922,57.95734405517578,58.54290008544922,-43.02830505,-53.41090775,-57.5210762,5.848751068115234,19.17381477355957,3.0485663414001465,0.9695894122123718,0.9215554594993591,0.9825457334518433,4.921646595001221,4.865614891052246,3.930464029312134
16.45,0,102.9552001953125,128.77975463867188,119.07950592041016,202.36924743652344,202.77859497070312,200.40176391601562,0.431040496,0.45005011558532715,0.4916286766529083,44.37786102294922,57.95734405517578,58.54290008544922,-43.02830505,-53.41090775,-57.5210762,5.848751068115234,19.17381477355957,3.0485663414001465,0.9695894122123718,0.9215554594993591,0.9825457334518433,4.921646595001221,4.865614891052246,3.930464029312134
16.5,0,103.07698059082031,128.91702270507812,119.21614837646484,202.59059143066406,202.9606475830078,200.66592407226562,0.4491657316684723,0.46724772453308105,0.5082729458808899,46.298648834228516,60.23618698120117,60.59434127807617,-44.95620346,-55.77231979,-59.6165657,6.389579772949219,19.689632415771484,3.249476432800293,0.9710046648979187,0.9258939027786255,0.9838635921478271,4.900720119476318,4.857087612,3.929737091064453
16.55,0,103.07698059082031,128.91702270507812,119.21614837646484,202.59059143066406,202.9606475830078,200.66592407226562,0.4491657316684723,0.46724772453308105,0.5082729458808899,46.298648834228516,60.23618698120117,60.59434127807617,-44.95620346,-55.77231979,-59.6165657,6.389579772949219,19.689632415771484,3.249476432800293,0.9710046648979187,0.9258939027786255,0.9838635921478271,4.900720119476318,4.857087612,3.929737091064453
16.6,0,103.07698059082031,128.91702270507812,119.21614837646484,202.59059143066406,202.9606475830078,200.66592407226562,0.4491657316684723,0.46724772453308105,0.5082729458808899,46.298648834228516,60.23618698120117,60.59434127807617,-44.95620346,-55.77231979,-59.6165657,6.389579772949219,19.689632415771484,3.249476432800293,0.9710046648979187,0.9258939027786255,0.9838635921478271,4.900720119476318,4.857087612,3.929737091064453
16.65,0,103.07698059082031,128.91702270507812,119.21614837646484,202.59059143066406,202.9606475830078,200.66592407226562,0.4491657316684723,0.46724772453308105,0.5082729458808899,46.298648834228516,60.23618698120117,60.59434127807617,-44.95620346,-55.77231979,-59.6165657,6.389579772949219,19.689632415771484,3.249476432800293,0.9710046648979187,0.9258939027786255,0.9838635921478271,4.900720119476318,4.857087612,3.929737091064453
16.7,0,103.0142822265625,128.81814575195312,119.12683868408203,202.45779418945312,202.83273315429688,200.50491333007812,0.4316055476665497,0.44812342524528503,0.49210020899772644,44.46153641,57.72642899,58.62234115600586,-43.25822067,-53.46783447,-57.63966751,5.250374794006348,18.47937012,2.519721269607544,0.9729357957839966,0.9262279868125916,0.9832372069358826,4.902137756347656,4.835696697235107,3.9359402656555176
16.75,0,103.0142822265625,128.81814575195312,119.12683868408203,202.45779418945312,202.83273315429688,200.50491333007812,0.4316055476665497,0.44812342524528503,0.49210020899772644,44.46153641,57.72642899,58.62234115600586,-43.25822067,-53.46783447,-57.63966751,5.250374794006348,18.47937012,2.519721269607544,0.9729357957839966,0.9262279868125916,0.9832372069358826,4.902137756347656,4.835696697235107,3.9359402656555176
16.8,0,103.0142822265625,128.81814575195312,119.12683868408203,202.45779418945312,202.83273315429688,200.50491333007812,0.4316055476665497,0.44812342524528503,0.49210020899772644,44.46153641,57.72642899,58.62234115600586,-43.25822067,-53.46783447,-57.63966751,5.250374794006348,18.47937012,2.519721269607544,0.9729357957839966,0.9262279868125916,0.9832372069358826,4.902137756347656,4.835696697235107,3.9359402656555176
16.85,0,103.0142822265625,128.81814575195312,119.12683868408203,202.45779418945312,202.83273315429688,200.50491333007812,0.4316055476665497,0.44812342524528503,0.49210020899772644,44.46153641,57.72642899,58.62234115600586,-43.25822067,-53.46783447,-57.63966751,5.250374794006348,18.47937012,2.519721269607544,0.9729357957839966,0.9262279868125916,0.9832372069358826,4.902137756347656,4.835696697235107,3.9359402656555176
16.9,0,103.03450775146484,128.8258819580078,119.14852142333984,202.49484252929688,202.8002166748047,200.5697021484375,0.4475516974925995,0.4666306972503662,0.5076383352279663,46.11326981,60.114112854003906,60.48435592651367,-44.69197845,-55.29607773,-59.46259308,6.983020782470703,20.531583786010742,4.078068256378174,0.9691782593727112,0.9198518395423889,0.9831069707870483,4.971458911895752,4.838153839111328,3.9582297801971436
16.95,0,103.03450775146484,128.8258819580078,119.14852142333984,202.49484252929688,202.8002166748047,200.5697021484375,0.4475516974925995,0.4666306972503662,0.5076383352279663,46.11326981,60.114112854003906,60.48435592651367,-44.69197845,-55.29607773,-59.46259308,6.983020782470703,20.531583786010742,4.078068256378174,0.9691782593727112,0.9198518395423889,0.9831069707870483,4.971458911895752,4.838153839111328,3.9582297801971436
17,0,103.03450775146484,128.8258819580078,119.14852142333984,202.49484252929688,202.8002166748047,200.5697021484375,0.4475516974925995,0.4666306972503662,0.5076383352279663,46.11326981,60.114112854003906,60.48435592651367,-44.69197845,-55.29607773,-59.46259308,6.983020782470703,20.531583786010742,4.078068256378174,0.9691782593727112,0.9198518395423889,0.9831069707870483,4.971458911895752,4.838153839111328,3.9582297801971436
17.05,0,103.03450775146484,128.8258819580078,119.14852142333984,202.49484252929688,202.8002166748047,200.5697021484375,0.4475516974925995,0.4666306972503662,0.5076383352279663,46.11326981,60.114112854003906,60.48435592651367,-44.69197845,-55.29607773,-59.46259308,6.983020782470703,20.531583786010742,4.078068256378174,0.9691782593727112,0.9198518395423889,0.9831069707870483,4.971458911895752,4.838153839111328,3.9582297801971436
17.1,0,103.01891326904297,128.8243408203125,119.13993072509766,202.45162963867188,202.84898376464844,200.53125,0.4391067922115326,0.45448920130729675,0.49837931990623474,45.236305236816406,58.54927062988281,59.37687683105469,-44.01003647,-54.44150925,-58.40027618,4.960578441619873,18.07383155822754,2.02030611,0.9728919267654419,0.9298409223556519,0.9835525155067444,4.948456764221191,4.857137680053711,4.012018681
17.15,0,103.01891326904297,128.8243408203125,119.13993072509766,202.45162963867188,202.84898376464844,200.53125,0.4391067922115326,0.45448920130729675,0.49837931990623474,45.236305236816406,58.54927062988281,59.37687683105469,-44.01003647,-54.44150925,-58.40027618,4.960578441619873,18.07383155822754,2.02030611,0.9728919267654419,0.9298409223556519,0.9835525155067444,4.948456764221191,4.857137680053711,4.012018681
17.2,0,103.01891326904297,128.8243408203125,119.13993072509766,202.45162963867188,202.84898376464844,200.53125,0.4391067922115326,0.45448920130729675,0.49837931990623474,45.236305236816406,58.54927062988281,59.37687683105469,-44.01003647,-54.44150925,-58.40027618,4.960578441619873,18.07383155822754,2.02030611,0.9728919267654419,0.9298409223556519,0.9835525155067444,4.948456764221191,4.857137680053711,4.012018681
17.25,0,103.01891326904297,128.8243408203125,119.13993072509766,202.45162963867188,202.84898376464844,200.53125,0.4391067922115326,0.45448920130729675,0.49837931990623474,45.236305236816406,58.54927062988281,59.37687683105469,-44.01003647,-54.44150925,-58.40027618,4.960578441619873,18.07383155822754,2.02030611,0.9728919267654419,0.9298409223556519,0.9835525155067444,4.948456764221191,4.857137680053711,4.012018681
17.3,0,102.96472930908203,128.7937012,119.09961700439453,202.40423583984375,202.760498,200.44749450683594,0.43957391381263733,0.4581640064716339,0.4986060559749603,45.26060867,59.008636474609375,59.38378906,-43.84292603,-54.24569321,-58.31797791,6.679662704467773,19.968849182128906,3.862062931060791,0.9686773419380188,0.9192839860916138,0.9820521473884583,4.949681282043457,4.875725269317627,3.9700145721435547
17.35,0,102.96472930908203,128.7937012,119.09961700439453,202.40423583984375,202.760498,200.44749450683594,0.43957391381263733,0.4581640064716339,0.4986060559749603,45.26060867,59.008636474609375,59.38378906,-43.84292603,-54.24569321,-58.31797791,6.679662704467773,19.968849182128906,3.862062931060791,0.9686773419380188,0.9192839860916138,0.9820521473884583,4.949681282043457,4.875725269317627,3.9700145721435547
17.4,0,102.96472930908203,128.7937012,119.09961700439453,202.40423583984375,202.760498,200.44749450683594,0.43957391381263733,0.4581640064716339,0.4986060559749603,45.26060867,59.008636474609375,59.38378906,-43.84292603,-54.24569321,-58.31797791,6.679662704467773,19.968849182128906,3.862062931060791,0.9686773419380188,0.9192839860916138,0.9820521473884583,4.949681282043457,4.875725269317627,3.9700145721435547
17.45,0,102.96472930908203,128.7937012,119.09961700439453,202.40423583984375,202.760498,200.44749450683594,0.43957391381263733,0.4581640064716339,0.4986060559749603,45.26060867,59.008636474609375,59.38378906,-43.84292603,-54.24569321,-58.31797791,6.679662704467773,19.968849182128906,3.862062931060791,0.9686773419380188,0.9192839860916138,0.9820521473884583,4.949681282043457,4.875725269317627,3.9700145721435547
17.5,0,103.04594421386719,128.82696533203125,119.1737060546875,202.48239135742188,202.84463500976562,200.60702514648438,0.441322386,0.46114811301231384,0.5009315013885498,45.47648239135742,59.40831375,59.69786453,-44.11661911,-55.02985382,-58.66630173,5.8803486824035645,19.020118713378906,2.5330591201782227,0.9700974225997925,0.9262988567352295,0.9827202558517456,4.929361820220947,4.839600563049316,3.9604876041412354
17.55,0,103.04594421386719,128.82696533203125,119.1737060546875,202.48239135742188,202.84463500976562,200.60702514648438,0.441322386,0.46114811301231384,0.5009315013885498,45.47648239135742,59.40831375,59.69786453,-44.11661911,-55.02985382,-58.66630173,5.8803486824035645,19.020118713378906,2.5330591201782227,0.9700974225997925,0.9262988567352295,0.9827202558517456,4.929361820220947,4.839600563049316,3.9604876041412354
17.6,0,103.04594421386719,128.82696533203125,119.1737060546875,202.48239135742188,202.84463500976562,200.60702514648438,0.441322386,0.46114811301231384,0.5009315013885498,45.47648239135742,59.40831375,59.69786453,-44.11661911,-55.02985382,-58.66630173,5.8803486824035645,19.020118713378906,2.5330591201782227,0.9700974225997925,0.9262988567352295,0.9827202558517456,4.929361820220947,4.839600563049316,3.9604876041412354
17.65,0,103.04594421386719,128.82696533203125,119.1737060546875,202.48239135742188,202.84463500976562,200.60702514648438,0.441322386,0.46114811301231384,0.5009315013885498,45.47648239135742,59.40831375,59.69786453,-44.11661911,-55.02985382,-58.66630173,5.8803486824035645,19.020118713378906,2.5330591201782227,0.9700974225997925,0.9262988567352295,0.9827202558517456,4.929361820220947,4.839600563049316,3.9604876041412354
17.7,0,103.0313949584961,128.7809600830078,119.11361694335938,202.43295288085938,202.7827606201172,200.5158691,0.43605315685272217,0.45370233058929443,0.49318477511405945,44.92716598510742,58.42822266,58.74502182006836,-43.54166031,-54.05012894,-57.64503098,5.803736686706543,18.616514205932617,2.6994094848632812,0.9691610932350159,0.9250688552856445,0.9812751412391663,4.938427448272705,4.841008663,3.9833881855010986
17.75,0,103.0313949584961,128.7809600830078,119.11361694335938,202.43295288085938,202.7827606201172,200.5158691,0.43605315685272217,0.45370233058929443,0.49318477511405945,44.92716598510742,58.42822266,58.74502182006836,-43.54166031,-54.05012894,-57.64503098,5.803736686706543,18.616514205932617,2.6994094848632812,0.9691610932350159,0.9250688552856445,0.9812751412391663,4.938427448272705,4.841008663,3.9833881855010986
17.8,0,103.0313949584961,128.7809600830078,119.11361694335938,202.43295288085938,202.7827606201172,200.5158691,0.43605315685272217,0.45370233058929443,0.49318477511405945,44.92716598510742,58.42822266,58.74502182006836,-43.54166031,-54.05012894,-57.64503098,5.803736686706543,18.616514205932617,2.6994094848632812,0.9691610932350159,0.9250688552856445,0.9812751412391663,4.938427448272705,4.841008663,3.9833881855010986
17.85,0,103.0313949584961,128.7809600830078,119.11361694335938,202.43295288085938,202.7827606201172,200.5158691,0.43605315685272217,0.45370233058929443,0.49318477511405945,44.92716598510742,58.42822266,58.74502182006836,-43.54166031,-54.05012894,-57.64503098,5.803736686706543,18.616514205932617,2.6994094848632812,0.9691610932350159,0.9250688552856445,0.9812751412391663,4.938427448272705,4.841008663,3.9833881855010986
17.9,0,103.02909088134766,128.86312866210938,119.15312957763672,202.5040283203125,202.8915557861328,200.5472412109375,0.44493013620376587,0.46513697504997253,0.5070294737815857,45.84074783325195,59.93900680541992,60.41415023803711,-44.45593262,-55.05351257,-59.39670944,6.935993671417236,20.66634750366211,4.137320041656494,0.9697907567024231,0.9184922575950623,0.9831588864326477,4.9459919929504395,4.861602306365967,3.9339020252227783
17.95,0,103.02909088134766,128.86312866210938,119.15312957763672,202.5040283203125,202.8915557861328,200.5472412109375,0.44493013620376587,0.46513697504997253,0.5070294737815857,45.84074783325195,59.93900680541992,60.41415023803711,-44.45593262,-55.05351257,-59.39670944,6.935993671417236,20.66634750366211,4.137320041656494,0.9697907567024231,0.9184922575950623,0.9831588864326477,4.9459919929504395,4.861602306365967,3.9339020252227783
18,0,103.02909088134766,128.86312866210938,119.15312957763672,202.5040283203125,202.8915557861328,200.5472412109375,0.44493013620376587,0.46513697504997253,0.5070294737815857,45.84074783325195,59.93900680541992,60.41415023803711,-44.45593262,-55.05351257,-59.39670944,6.935993671417236,20.66634750366211,4.137320041656494,0.9697907567024231,0.9184922575950623,0.9831588864326477,4.9459919929504395,4.861602306365967,3.9339020252227783
18.05,0,103.02909088134766,128.86312866210938,119.15312957763672,202.5040283203125,202.8915557861328,200.5472412109375,0.44493013620376587,0.46513697504997253,0.5070294737815857,45.84074783325195,59.93900680541992,60.41415023803711,-44.45593262,-55.05351257,-59.39670944,6.935993671417236,20.66634750366211,4.137320041656494,0.9697907567024231,0.9184922575950623,0.9831588864326477,4.9459919929504395,4.861602306365967,3.9339020252227783
18.1,0,103.0406723022461,128.85777282714844,119.1601333618164,202.51992797851562,202.8826141357422,200.56214904785156,0.4405364394187927,0.455940306,0.4989418387413025,45.39316940307617,58.7514534,59.453975677490234,-43.99920273,-54.3840065,-58.32612991,5.366676330566406,18.465429306030273,2.464402437210083,0.9692912697792053,0.9256623387336731,0.9810299277305603,4.977649211883545,4.810320854187012,3.9401400089263916
18.15,0,103.0406723022461,128.85777282714844,119.1601333618164,202.51992797851562,202.8826141357422,200.56214904785156,0.4405364394187927,0.455940306,0.4989418387413025,45.39316940307617,58.7514534,59.453975677490234,-43.99920273,-54.3840065,-58.32612991,5.366676330566406,18.465429306030273,2.464402437210083,0.9692912697792053,0.9256623387336731,0.9810299277305603,4.977649211883545,4.810320854187012,3.9401400089263916
18.2,0,103.0406723022461,128.85777282714844,119.1601333618164,202.51992797851562,202.8826141357422,200.56214904785156,0.4405364394187927,0.455940306,0.4989418387413025,45.39316940307617,58.7514534,59.453975677490234,-43.99920273,-54.3840065,-58.32612991,5.366676330566406,18.465429306030273,2.464402437210083,0.9692912697792053,0.9256623387336731,0.9810299277305603,4.977649211883545,4.810320854187012,3.9401400089263916
18.25,0,103.0406723022461,128.85777282714844,119.1601333618164,202.51992797851562,202.8826141357422,200.56214904785156,0.4405364394187927,0.455940306,0.4989418387413025,45.39316940307617,58.7514534,59.453975677490234,-43.99920273,-54.3840065,-58.32612991,5.366676330566406,18.465429306030273,2.464402437210083,0.9692912697792053,0.9256623387336731,0.9810299277305603,4.977649211883545,4.810320854187012,3.9401400089263916
18.3,0,102.99034881591797,128.8257598876953,119.1165771484375,202.45004272460938,202.8151397705078,200.47727966308594,0.4400148391723633,0.45792141556739807,0.4982031583786011,45.317283630371094,58.99207305908203,59.34425354003906,-43.88607788,-54.24491882,-58.26411819,6.509988307952881,19.711475372314453,3.7304558753967285,0.9684181213378906,0.9195289611816406,0.9817988276481628,4.984715461730957,4.837017536,3.9476234912872314
18.35,0,102.99034881591797,128.8257598876953,119.1165771484375,202.45004272460938,202.8151397705078,200.47727966308594,0.4400148391723633,0.45792141556739807,0.4982031583786011,45.317283630371094,58.99207305908203,59.34425354003906,-43.88607788,-54.24491882,-58.26411819,6.509988307952881,19.711475372314453,3.7304558753967285,0.9684181213378906,0.9195289611816406,0.9817988276481628,4.984715461730957,4.837017536,3.9476234912872314
18.4,0,102.99034881591797,128.8257598876953,119.1165771484375,202.45004272460938,202.8151397705078,200.47727966308594,0.4400148391723633,0.45792141556739807,0.4982031583786011,45.317283630371094,58.99207305908203,59.34425354003906,-43.88607788,-54.24491882,-58.26411819,6.509988307952881,19.711475372314453,3.7304558753967285,0.9684181213378906,0.9195289611816406,0.9817988276481628,4.984715461730957,4.837017536,3.9476234912872314
18.45,0,102.99034881591797,128.8257598876953,119.1165771484375,202.45004272460938,202.8151397705078,200.47727966308594,0.4400148391723633,0.45792141556739807,0.4982031583786011,45.317283630371094,58.99207305908203,59.34425354003906,-43.88607788,-54.24491882,-58.26411819,6.509988307952881,19.711475372314453,3.7304558753967285,0.9684181213378906,0.9195289611816406,0.9817988276481628,4.984715461730957,4.837017536,3.9476234912872314
18.5,0,103.0147933959961,128.83660888671875,119.16184997558594,202.45895385742188,202.8671875,200.55690002441406,0.44140610098838806,0.461198092,0.5036457777023315,45.47135925292969,59.41919708251953,60.01536178588867,-44.07640457,-54.92127991,-58.92906952,5.7369279861450195,19.219942092895508,2.562519073486328,0.9693223237991333,0.9243019819259644,0.9818997383117676,4.920085906982422,4.847108840942383,3.916832924
18.55,0,103.0147933959961,128.83660888671875,119.16184997558594,202.45895385742188,202.8671875,200.55690002441406,0.44140610098838806,0.461198092,0.5036457777023315,45.47135925292969,59.41919708251953,60.01536178588867,-44.07640457,-54.92127991,-58.92906952,5.7369279861450195,19.219942092895508,2.562519073486328,0.9693223237991333,0.9243019819259644,0.9818997383117676,4.920085906982422,4.847108840942383,3.916832924
18.6,0,103.0147933959961,128.83660888671875,119.16184997558594,202.45895385742188,202.8671875,200.55690002441406,0.44140610098838806,0.461198092,0.5036457777023315,45.47135925292969,59.41919708251953,60.01536178588867,-44.07640457,-54.92127991,-58.92906952,5.7369279861450195,19.219942092895508,2.562519073486328,0.9693223237991333,0.9243019819259644,0.9818997383117676,4.920085906982422,4.847108840942383,3.916832924
18.65,0,103.0147933959961,128.83660888671875,119.16184997558594,202.45895385742188,202.8671875,200.55690002441406,0.44140610098838806,0.461198092,0.5036457777023315,45.47135925292969,59.41919708251953,60.01536178588867,-44.07640457,-54.92127991,-58.92906952,5.7369279861450195,19.219942092895508,2.562519073486328,0.9693223237991333,0.9243019819259644,0.9818997383117676,4.920085906982422,4.847108840942383,3.916832924
18.7,0,103.01152801513672,128.75767517089844,119.10213470458984,202.39608764648438,202.75442504882812,200.48980712890625,0.4401806592941284,0.45567935705184937,0.49691006541252136,45.34368133544922,58.67221450805664,59.183048248291016,-43.91297531,-54.18695831,-58.01080322,5.7051310539245605,18.586750030517578,2.825815200805664,0.9684475064277649,0.923554003,0.9801928997039795,4.972051620483398,4.818940639,3.921597719192505
18.75,0,103.01152801513672,128.75767517089844,119.10213470458984,202.39608764648438,202.75442504882812,200.48980712890625,0.4401806592941284,0.45567935705184937,0.49691006541252136,45.34368133544922,58.67221450805664,59.183048248291016,-43.91297531,-54.18695831,-58.01080322,5.7051310539245605,18.586750030517578,2.825815200805664,0.9684475064277649,0.923554003,0.9801928997039795,4.972051620483398,4.818940639,3.921597719192505
18.8,0,103.01152801513672,128.75767517089844,119.10213470458984,202.39608764648438,202.75442504882812,200.48980712890625,0.4401806592941284,0.45567935705184937,0.49691006541252136,45.34368133544922,58.67221450805664,59.183048248291016,-43.91297531,-54.18695831,-58.01080322,5.7051310539245605,18.586750030517578,2.825815200805664,0.9684475064277649,0.923554003,0.9801928997039795,4.972051620483398,4.818940639,3.921597719192505
18.85,0,103.01152801513672,128.75767517089844,119.10213470458984,202.39608764648438,202.75442504882812,200.48980712890625,0.4401806592941284,0.45567935705184937,0.49691006541252136,45.34368133544922,58.67221450805664,59.183048248291016,-43.91297531,-54.18695831,-58.01080322,5.7051310539245605,18.586750030517578,2.825815200805664,0.9684475064277649,0.923554003,0.9801928997039795,4.972051620483398,4.818940639,3.921597719192505
18.9,0,103.0323486328125,128.8396453857422,119.1588134765625,202.48165893554688,202.85484313964844,200.5708008,0.4531165659427643,0.46689561009407043,0.5096849799156189,46.685665130615234,60.15466309,60.733455657958984,-45.24539566,-55.42990112,-59.68093109,6.9875335693359375,20.263402938842773,4.396277428,0.969149649,0.9214564561843872,0.9826697707176208,5.036789417266846,4.893675804138184,3.973356246948242
18.95,0,103.0323486328125,128.8396453857422,119.1588134765625,202.48165893554688,202.85484313964844,200.5708008,0.4531165659427643,0.46689561009407043,0.5096849799156189,46.685665130615234,60.15466309,60.733455657958984,-45.24539566,-55.42990112,-59.68093109,6.9875335693359375,20.263402938842773,4.396277428,0.969149649,0.9214564561843872,0.9826697707176208,5.036789417266846,4.893675804138184,3.973356246948242
19,0,103.0323486328125,128.8396453857422,119.1588134765625,202.48165893554688,202.85484313964844,200.5708008,0.4531165659427643,0.46689561009407043,0.5096849799156189,46.685665130615234,60.15466309,60.733455657958984,-45.24539566,-55.42990112,-59.68093109,6.9875335693359375,20.263402938842773,4.396277428,0.969149649,0.9214564561843872,0.9826697707176208,5.036789417266846,4.893675804138184,3.973356246948242
19.05,0,103.0323486328125,128.8396453857422,119.1588134765625,202.48165893554688,202.85484313964844,200.5708008,0.4531165659427643,0.46689561009407043,0.5096849799156189,46.685665130615234,60.15466309,60.733455657958984,-45.24539566,-55.42990112,-59.68093109,6.9875335693359375,20.263402938842773,4.396277428,0.969149649,0.9214564561843872,0.9826697707176208,5.036789417266846,4.893675804138184,3.973356246948242
19.1,0,102.98176574707031,128.85855102539062,119.16183471679688,202.46426391601562,202.8859405517578,200.5158691,0.44339486956596375,0.4620164632797241,0.5033112168312073,45.66158676147461,59.53477096557617,59.975486755371094,-44.28084183,-55.18801117,-58.87366486,5.424859046936035,18.57041358947754,2.105940103530884,0.9697613716125488,0.926987886,0.9816287755966187,4.956343173980713,4.838943958282471,3.928555488586426
19.15,0,102.98176574707031,128.85855102539062,119.16183471679688,202.46426391601562,202.8859405517578,200.5158691,0.44339486956596375,0.4620164632797241,0.5033112168312073,45.66158676147461,59.53477096557617,59.975486755371094,-44.28084183,-55.18801117,-58.87366486,5.424859046936035,18.57041358947754,2.105940103530884,0.9697613716125488,0.926987886,0.9816287755966187,4.956343173980713,4.838943958282471,3.928555488586426
19.2,0,102.98176574707031,128.85855102539062,119.16183471679688,202.46426391601562,202.8859405517578,200.5158691,0.44339486956596375,0.4620164632797241,0.5033112168312073,45.66158676147461,59.53477096557617,59.975486755371094,-44.28084183,-55.18801117,-58.87366486,5.424859046936035,18.57041358947754,2.105940103530884,0.9697613716125488,0.926987886,0.9816287755966187,4.956343173980713,4.838943958282471,3.928555488586426
19.25,0,102.98176574707031,128.85855102539062,119.16183471679688,202.46426391601562,202.8859405517578,200.5158691,0.44339486956596375,0.4620164632797241,0.5033112168312073,45.66158676147461,59.53477096557617,59.975486755371094,-44.28084183,-55.18801117,-58.87366486,5.424859046936035,18.57041358947754,2.105940103530884,0.9697613716125488,0.926987886,0.9816287755966187,4.956343173980713,4.838943958282471,3.928555488586426
19.3,0,102.98355865478516,128.7544708251953,119.08316040039062,202.37973022460938,202.74786376953125,200.4314422607422,0.43779247999191284,0.45553597807884216,0.4967077970504761,45.085426330566406,58.65229415893555,59.14953613,-43.53106308,-53.85733414,-57.97154999,6.2749176025390625,19.556352615356445,3.504026174545288,0.9655240178108215,0.9182476997375488,0.9800845980644226,5.061213017,4.843771457672119,3.9384589195251465
19.35,0,102.98355865478516,128.7544708251953,119.08316040039062,202.37973022460938,202.74786376953125,200.4314422607422,0.43779247999191284,0.45553597807884216,0.4967077970504761,45.085426330566406,58.65229415893555,59.14953613,-43.53106308,-53.85733414,-57.97154999,6.2749176025390625,19.556352615356445,3.504026174545288,0.9655240178108215,0.9182476997375488,0.9800845980644226,5.061213017,4.843771457672119,3.9384589195251465
19.4,0,102.98355865478516,128.7544708251953,119.08316040039062,202.37973022460938,202.74786376953125,200.4314422607422,0.43779247999191284,0.45553597807884216,0.4967077970504761,45.085426330566406,58.65229415893555,59.14953613,-43.53106308,-53.85733414,-57.97154999,6.2749176025390625,19.556352615356445,3.504026174545288,0.9655240178108215,0.9182476997375488,0.9800845980644226,5.061213017,4.843771457672119,3.9384589195251465
19.45,0,102.98355865478516,128.7544708251953,119.08316040039062,202.37973022460938,202.74786376953125,200.4314422607422,0.43779247999191284,0.45553597807884216,0.4967077970504761,45.085426330566406,58.65229415893555,59.14953613,-43.53106308,-53.85733414,-57.97154999,6.2749176025390625,19.556352615356445,3.504026174545288,0.9655240178108215,0.9182476997375488,0.9800845980644226,5.061213017,4.843771457672119,3.9384589195251465
19.5,0,103.05227661132812,128.83441162109375,119.16988372802734,202.4853057861328,202.85275268554688,200.6096191,0.45396625995635986,0.4705759882926941,0.5120904445648193,46.782257080078125,60.626380920410156,61.02575684,-45.34060287,-55.94011307,-59.93568039,6.773360729217529,20.04714012145996,3.807615280151367,0.9691837430000305,0.9227024912834167,0.9821374416351318,5.011734962463379,4.889199733734131,3.9718377590179443
19.55,0,103.05227661132812,128.83441162109375,119.16988372802734,202.4853057861328,202.85275268554688,200.6096191,0.45396625995635986,0.4705759882926941,0.5120904445648193,46.782257080078125,60.626380920410156,61.02575684,-45.34060287,-55.94011307,-59.93568039,6.773360729217529,20.04714012145996,3.807615280151367,0.9691837430000305,0.9227024912834167,0.9821374416351318,5.011734962463379,4.889199733734131,3.9718377590179443
19.6,0,103.05227661132812,128.83441162109375,119.16988372802734,202.4853057861328,202.85275268554688,200.6096191,0.45396625995635986,0.4705759882926941,0.5120904445648193,46.782257080078125,60.626380920410156,61.02575684,-45.34060287,-55.94011307,-59.93568039,6.773360729217529,20.04714012145996,3.807615280151367,0.9691837430000305,0.9227024912834167,0.9821374416351318,5.011734962463379,4.889199733734131,3.9718377590179443
19.65,0,103.05227661132812,128.83441162109375,119.16988372802734,202.4853057861328,202.85275268554688,200.6096191,0.45396625995635986,0.4705759882926941,0.5120904445648193,46.782257080078125,60.626380920410156,61.02575684,-45.34060287,-55.94011307,-59.93568039,6.773360729217529,20.04714012145996,3.807615280151367,0.9691837430000305,0.9227024912834167,0.9821374416351318,5.011734962463379,4.889199733734131,3.9718377590179443
19.7,0,102.97185516357422,128.82046508789062,119.10710144042969,202.4310302734375,202.7766876220703,200.4708709716797,0.4383293092250824,0.4545240104198456,0.49687400460243225,45.135581970214844,58.55199432373047,59.18122100830078,-43.80183411,-54.28325653,-58.13175583,5.1442036628723145,18.196094512939453,2.111456871032715,0.9704501628875732,0.9270949363708496,0.982266903,5.054328441619873,4.899491310119629,3.988677740097046
19.75,0,102.97185516357422,128.82046508789062,119.10710144042969,202.4310302734375,202.7766876220703,200.4708709716797,0.4383293092250824,0.4545240104198456,0.49687400460243225,45.135581970214844,58.55199432373047,59.18122100830078,-43.80183411,-54.28325653,-58.13175583,5.1442036628723145,18.196094512939453,2.111456871032715,0.9704501628875732,0.9270949363708496,0.982266903,5.054328441619873,4.899491310119629,3.988677740097046
19.8,0,102.97185516357422,128.82046508789062,119.10710144042969,202.4310302734375,202.7766876220703,200.4708709716797,0.4383293092250824,0.4545240104198456,0.49687400460243225,45.135581970214844,58.55199432373047,59.18122100830078,-43.80183411,-54.28325653,-58.13175583,5.1442036628723145,18.196094512939453,2.111456871032715,0.9704501628875732,0.9270949363708496,0.982266903,5.054328441619873,4.899491310119629,3.988677740097046
19.85,0,102.97185516357422,128.82046508789062,119.10710144042969,202.4310302734375,202.7766876220703,200.4708709716797,0.4383293092250824,0.4545240104198456,0.49687400460243225,45.135581970214844,58.55199432373047,59.18122100830078,-43.80183411,-54.28325653,-58.13175583,5.1442036628723145,18.196094512939453,2.111456871032715,0.9704501628875732,0.9270949363708496,0.982266903,5.054328441619873,4.899491310119629,3.988677740097046
19.9,0,103.01365661621094,128.79339599609375,119.11754608154297,202.4604949951172,202.80027770996094,200.4768066,0.44320738315582275,0.4614485502243042,0.5030649900436401,45.65641403198242,59.43152618408203,59.923866271972656,-44.10901642,-54.59357834,-58.70271683,6.423874378204346,19.822704315185547,3.5728495121002197,0.9661077857017517,0.9185962677001953,0.9796216487884521,5.178160190582275,4.954510688781738,4.053472042
19.95,0,103.01365661621094,128.79339599609375,119.11754608154297,202.4604949951172,202.80027770996094,200.4768066,0.44320738315582275,0.4614485502243042,0.5030649900436401,45.65641403198242,59.43152618408203,59.923866271972656,-44.10901642,-54.59357834,-58.70271683,6.423874378204346,19.822704315185547,3.5728495121002197,0.9661077857017517,0.9185962677001953,0.9796216487884521,5.178160190582275,4.954510688781738,4.053472042
