t+,class,V_L1,V_L2,V_L3,V_L12,V_L23,V_L31,A_L1,A_L2,A_L3,VA_L1,VA_L2,VA_L3,W_L1,W_L2,W_L3,Q_L1,Q_L2,Q_L3,PF_L1,PF_L2,PF_L3,THD_L1,THD_L2,THD_L3
0,0,103.00814819335938,128.84780883789062,119.19273376464844,202.52342224121094,202.8466033935547,200.5661621,0.4424782395362854,0.4617187976837158,0.5023353695869446,45.57886505126953,59.49145508,59.874725341796875,-44.12897873,-55.00456238,-58.69994736,5.7101311683654785,18.914072036743164,2.434889793395996,0.9681894779205322,0.9245792031288147,0.9803794026374817,5.02124548,4.845862389,4.053673744
0.05,0,103.00814819335938,128.84780883789062,119.19273376464844,202.52342224121094,202.8466033935547,200.5661621,0.4424782395362854,0.4617187976837158,0.5023353695869446,45.57886505126953,59.49145508,59.874725341796875,-44.12897873,-55.00456238,-58.69994736,5.7101311683654785,18.914072036743164,2.434889793395996,0.9681894779205322,0.9245792031288147,0.9803794026374817,5.02124548,4.845862389,4.053673744
0.1,0,102.9936294555664,128.88714599609375,119.13387298583984,202.50946044921875,202.88230895996094,200.4884033203125,0.43955233693122864,0.4581415355205536,0.5013394951820374,45.27109146118164,59.048553466796875,59.72651672363281,-43.83450317,-54.42767334,-58.56877899,5.602231979370117,19.118057250976562,2.705091714859009,0.9682669639587402,0.9217444062232971,0.980616033,4.963435649871826,4.940369129180908,4.105350017547607
0.15,0,102.9936294555664,128.88714599609375,119.13387298583984,202.50946044921875,202.88230895996094,200.4884033203125,0.43955233693122864,0.4581415355205536,0.5013394951820374,45.27109146118164,59.048553466796875,59.72651672363281,-43.83450317,-54.42767334,-58.56877899,5.602231979370117,19.118057250976562,2.705091714859009,0.9682669639587402,0.9217444062232971,0.980616033,4.963435649871826,4.940369129180908,4.105350017547607
0.2,0,102.9936294555664,128.88714599609375,119.13387298583984,202.50946044921875,202.88230895996094,200.4884033203125,0.43955233693122864,0.4581415355205536,0.5013394951820374,45.27109146118164,59.048553466796875,59.72651672363281,-43.83450317,-54.42767334,-58.56877899,5.602231979370117,19.118057250976562,2.705091714859009,0.9682669639587402,0.9217444062232971,0.980616033,4.963435649871826,4.940369129180908,4.105350017547607
0.25,0,102.9936294555664,128.88714599609375,119.13387298583984,202.50946044921875,202.88230895996094,200.4884033203125,0.43955233693122864,0.4581415355205536,0.5013394951820374,45.27109146118164,59.048553466796875,59.72651672363281,-43.83450317,-54.42767334,-58.56877899,5.602231979370117,19.118057250976562,2.705091714859009,0.9682669639587402,0.9217444062232971,0.980616033,4.963435649871826,4.940369129180908,4.105350017547607
0.3,0,102.9936294555664,128.88714599609375,119.13387298583984,202.50946044921875,202.88230895996094,200.4884033203125,0.43955233693122864,0.4581415355205536,0.5013394951820374,45.27109146118164,59.048553466796875,59.72651672363281,-43.83450317,-54.42767334,-58.56877899,5.602231979370117,19.118057250976562,2.705091714859009,0.9682669639587402,0.9217444062232971,0.980616033,4.963435649871826,4.940369129180908,4.105350017547607
0.35,0,103.01411437988281,128.88992309570312,119.22393798828125,202.5690460205078,202.90728759765625,200.6007537841797,0.4466148018836975,0.46435990929603577,0.5103444457054138,46.00762939453125,59.851314544677734,60.84527587890625,-44.6206131,-54.9213028,-59.75097275,6.488202095031738,20.543886184692383,4.034475326538086,0.9698524475097656,0.9176290035247803,0.9820150136947632,4.979459762573242,4.854002475738525,3.9802067279815674
0.4,0,103.01411437988281,128.88992309570312,119.22393798828125,202.5690460205078,202.90728759765625,200.6007537841797,0.4466148018836975,0.46435990929603577,0.5103444457054138,46.00762939453125,59.851314544677734,60.84527587890625,-44.6206131,-54.9213028,-59.75097275,6.488202095031738,20.543886184692383,4.034475326538086,0.9698524475097656,0.9176290035247803,0.9820150136947632,4.979459762573242,4.854002475738525,3.9802067279815674
0.45,0,103.01411437988281,128.88992309570312,119.22393798828125,202.5690460205078,202.90728759765625,200.6007537841797,0.4466148018836975,0.46435990929603577,0.5103444457054138,46.00762939453125,59.851314544677734,60.84527587890625,-44.6206131,-54.9213028,-59.75097275,6.488202095031738,20.543886184692383,4.034475326538086,0.9698524475097656,0.9176290035247803,0.9820150136947632,4.979459762573242,4.854002475738525,3.9802067279815674
0.5,0,103.01133728027344,128.8605499267578,119.17581176757812,202.50323486328125,202.89720153808594,200.5399627685547,0.4431562125682831,0.45893266797065735,0.5026313662528992,45.650115966796875,59.13831711,59.9015007,-44.29004288,-54.75410843,-58.89815521,5.554681301116943,18.908058166503906,2.7250194549560547,0.9698524475097656,0.9176290035247803,0.9820150136947632,4.979459762573242,4.854002475738525,3.9802067279815674
0.55,0,103.01133728027344,128.8605499267578,119.17581176757812,202.50323486328125,202.89720153808594,200.5399627685547,0.4431562125682831,0.45893266797065735,0.5026313662528992,45.650115966796875,59.13831711,59.9015007,-44.29004288,-54.75410843,-58.89815521,5.554681301116943,18.908058166503906,2.7250194549560547,0.9702065587043762,0.9258651733398438,0.983250082,4.945193290710449,4.861293792724609,4.1974639892578125
0.6,0,103.01133728027344,128.8605499267578,119.17581176757812,202.50323486328125,202.89720153808594,200.5399627685547,0.4431562125682831,0.45893266797065735,0.5026313662528992,45.650115966796875,59.13831711,59.9015007,-44.29004288,-54.75410843,-58.89815521,5.554681301116943,18.908058166503906,2.7250194549560547,0.9702065587043762,0.9258651733398438,0.983250082,4.945193290710449,4.861293792724609,4.1974639892578125
0.65,0,103.01133728027344,128.8605499267578,119.17581176757812,202.50323486328125,202.89720153808594,200.5399627685547,0.4431562125682831,0.45893266797065735,0.5026313662528992,45.650115966796875,59.13831711,59.9015007,-44.29004288,-54.75410843,-58.89815521,5.554681301116943,18.908058166503906,2.7250194549560547,0.9702065587043762,0.9258651733398438,0.983250082,4.945193290710449,4.861293792724609,4.1974639892578125
0.7,0,102.90471649169922,128.83714294433594,119.1148910522461,202.4192352294922,202.7719268798828,200.4103240966797,0.4388899803161621,0.4583335816860199,0.5005117654800415,45.163848876953125,59.05038833618164,59.618404388427734,-43.74225998,-54.34909058,-58.51734161,6.105843544006348,19.65192413330078,3.2060296535491943,0.9685237407684326,0.9203850030899048,0.9815315008163452,4.945193290710449,4.861293792724609,4.1974639892578125
0.75,0,102.90471649169922,128.83714294433594,119.1148910522461,202.4192352294922,202.7719268798828,200.4103240966797,0.4388899803161621,0.4583335816860199,0.5005117654800415,45.163848876953125,59.05038833618164,59.618404388427734,-43.74225998,-54.34909058,-58.51734161,6.105843544006348,19.65192413330078,3.2060296535491943,0.9685237407684326,0.9203850030899048,0.9815315008163452,4.950090408325195,4.9194865226745605,3.976731300354004
0.8,0,102.90471649169922,128.83714294433594,119.1148910522461,202.4192352294922,202.7719268798828,200.4103240966797,0.4388899803161621,0.4583335816860199,0.5005117654800415,45.163848876953125,59.05038833618164,59.618404388427734,-43.74225998,-54.34909058,-58.51734161,6.105843544006348,19.65192413330078,3.2060296535491943,0.9685237407684326,0.9203850030899048,0.9815315008163452,4.950090408325195,4.9194865226745605,3.976731300354004
0.85,0,102.90471649169922,128.83714294433594,119.1148910522461,202.4192352294922,202.7719268798828,200.4103240966797,0.4388899803161621,0.4583335816860199,0.5005117654800415,45.163848876953125,59.05038833618164,59.618404388427734,-43.74225998,-54.34909058,-58.51734161,6.105843544006348,19.65192413330078,3.2060296535491943,0.9685237407684326,0.9203850030899048,0.9815315008163452,4.950090408325195,4.9194865226745605,3.976731300354004
0.9,0,103.01848602294922,128.8072509765625,119.23255157470703,202.45574951171875,202.8838653564453,200.61634826660156,0.4493466913700104,0.4660107493400574,0.5111227631568909,46.29101563,60.02556228637695,60.94247055053711,-44.83294678,-55.25579834,-59.78304291,6.352226734161377,20.09046745300293,3.7055838108062744,0.9685021042823792,0.9205377697944641,0.9809750318527222,5.007498741149902,4.888884544372559,4.1179585456848145
0.95,0,103.01848602294922,128.8072509765625,119.23255157470703,202.45574951171875,202.8838653564453,200.61634826660156,0.4493466913700104,0.4660107493400574,0.5111227631568909,46.29101563,60.02556228637695,60.94247055053711,-44.83294678,-55.25579834,-59.78304291,6.352226734161377,20.09046745300293,3.7055838108062744,0.9685021042823792,0.9205377697944641,0.9809750318527222,5.007498741149902,4.888884544372559,4.1179585456848145
1,0,103.01848602294922,128.8072509765625,119.23255157470703,202.45574951171875,202.8838653564453,200.61634826660156,0.4493466913700104,0.4660107493400574,0.5111227631568909,46.29101563,60.02556228637695,60.94247055053711,-44.83294678,-55.25579834,-59.78304291,6.352226734161377,20.09046745300293,3.7055838108062744,0.9685021042823792,0.9205377697944641,0.9809750318527222,5.007498741149902,4.888884544372559,4.1179585456848145
1.05,0,103.01848602294922,128.8072509765625,119.23255157470703,202.45574951171875,202.8838653564453,200.61634826660156,0.4493466913700104,0.4660107493400574,0.5111227631568909,46.29101563,60.02556228637695,60.94247055053711,-44.83294678,-55.25579834,-59.78304291,6.352226734161377,20.09046745300293,3.7055838108062744,0.9685021042823792,0.9205377697944641,0.9809750318527222,5.007498741149902,4.888884544372559,4.1179585456848145
1.1,0,102.91194152832031,128.84878540039062,119.13355255126953,202.38546752929688,202.84661865234375,200.43826293945312,0.43969035148620605,0.4545480012893677,0.4987850487232208,45.24938965,58.56795883178711,59.422035217285156,-43.93304825,-54.23707581,-58.38015747,5.2594523429870605,18.486970901489258,2.5007381439208984,0.9709091782569885,0.9260537028312683,0.982466459,4.934353351593018,4.957604408,4.081779479980469
1.15,0,102.91194152832031,128.84878540039062,119.13355255126953,202.38546752929688,202.84661865234375,200.43826293945312,0.43969035148620605,0.4545480012893677,0.4987850487232208,45.24938965,58.56795883178711,59.422035217285156,-43.93304825,-54.23707581,-58.38015747,5.2594523429870605,18.486970901489258,2.5007381439208984,0.9709091782569885,0.9260537028312683,0.982466459,4.934353351593018,4.957604408,4.081779479980469
1.2,0,102.91194152832031,128.84878540039062,119.13355255126953,202.38546752929688,202.84661865234375,200.43826293945312,0.43969035148620605,0.4545480012893677,0.4987850487232208,45.24938965,58.56795883178711,59.422035217285156,-43.93304825,-54.23707581,-58.38015747,5.2594523429870605,18.486970901489258,2.5007381439208984,0.9709091782569885,0.9260537028312683,0.982466459,4.934353351593018,4.957604408,4.081779479980469
1.25,0,102.91194152832031,128.84878540039062,119.13355255126953,202.38546752929688,202.84661865234375,200.43826293945312,0.43969035148620605,0.4545480012893677,0.4987850487232208,45.24938965,58.56795883178711,59.422035217285156,-43.93304825,-54.23707581,-58.38015747,5.2594523429870605,18.486970901489258,2.5007381439208984,0.9709091782569885,0.9260537028312683,0.982466459,4.934353351593018,4.957604408,4.081779479980469
1.3,0,102.9520263671875,128.83970642089844,119.19960021972656,202.4732208251953,202.86599731445312,200.50836181640625,0.4464215338230133,0.46512603759765625,0.5068896412849426,45.96000289916992,59.926700592041016,60.421043395996094,-44.51329422,-55.189785,-59.281353,6.454837322235107,19.934864044189453,3.5118935108184814,0.9685224294662476,0.9209548234939575,0.9811375141143799,5.074380874633789,4.8774261474609375,4.038724899291992
1.35,0,102.9520263671875,128.83970642089844,119.19960021972656,202.4732208251953,202.86599731445312,200.50836181640625,0.4464215338230133,0.46512603759765625,0.5068896412849426,45.96000289916992,59.926700592041016,60.421043395996094,-44.51329422,-55.189785,-59.281353,6.454837322235107,19.934864044189453,3.5118935108184814,0.9685224294662476,0.9209548234939575,0.9811375141143799,5.074380874633789,4.8774261474609375,4.038724899291992
1.4,0,102.9520263671875,128.83970642089844,119.19960021972656,202.4732208251953,202.86599731445312,200.50836181640625,0.4464215338230133,0.46512603759765625,0.5068896412849426,45.96000289916992,59.926700592041016,60.421043395996094,-44.51329422,-55.189785,-59.281353,6.454837322235107,19.934864044189453,3.5118935108184814,0.9685224294662476,0.9209548234939575,0.9811375141143799,5.074380874633789,4.8774261474609375,4.038724899291992
1.45,0,102.9520263671875,128.83970642089844,119.19960021972656,202.4732208251953,202.86599731445312,200.50836181640625,0.4464215338230133,0.46512603759765625,0.5068896412849426,45.96000289916992,59.926700592041016,60.421043395996094,-44.51329422,-55.189785,-59.281353,6.454837322235107,19.934864044189453,3.5118935108184814,0.9685224294662476,0.9209548234939575,0.9811375141143799,5.074380874633789,4.8774261474609375,4.038724899291992
1.5,0,102.9876480102539,128.87364196777344,119.17369842529297,202.47068786621094,202.93287658691406,200.51828002929688,0.4458606243133545,0.4622826874256134,0.5084747672080994,45.91813659667969,59.576053619384766,60.59681701660156,-44.57808304,-54.95851135,-59.58996201,5.8683953285217285,19.700170516967773,3.2950406074523926,0.9708164930343628,0.9224933385848999,0.983384371,5.018161773681641,4.997527122497559,4.178393840789795
1.55,0,102.9876480102539,128.87364196777344,119.17369842529297,202.47068786621094,202.93287658691406,200.51828002929688,0.4458606243133545,0.4622826874256134,0.5084747672080994,45.91813659667969,59.576053619384766,60.59681701660156,-44.57808304,-54.95851135,-59.58996201,5.8683953285217285,19.700170516967773,3.2950406074523926,0.9708164930343628,0.9224933385848999,0.983384371,5.018161773681641,4.997527122497559,4.178393840789795
1.6,0,102.9876480102539,128.87364196777344,119.17369842529297,202.47068786621094,202.93287658691406,200.51828002929688,0.4458606243133545,0.4622826874256134,0.5084747672080994,45.91813659667969,59.576053619384766,60.59681701660156,-44.57808304,-54.95851135,-59.58996201,5.8683953285217285,19.700170516967773,3.2950406074523926,0.9708164930343628,0.9224933385848999,0.983384371,5.018161773681641,4.997527122497559,4.178393840789795
1.65,0,102.9876480102539,128.87364196777344,119.17369842529297,202.47068786621094,202.93287658691406,200.51828002929688,0.4458606243133545,0.4622826874256134,0.5084747672080994,45.91813659667969,59.576053619384766,60.59681701660156,-44.57808304,-54.95851135,-59.58996201,5.8683953285217285,19.700170516967773,3.2950406074523926,0.9708164930343628,0.9224933385848999,0.983384371,5.018161773681641,4.997527122497559,4.178393840789795
1.7,0,102.92940521240234,128.8297119140625,119.13098907470703,202.43324279785156,202.78036499023438,200.44894409179688,0.4369404911994934,0.45343464612960815,0.49687400460243225,44.97402572631836,58.415855407714844,59.193092346191406,-43.48316574,-53.65480042,-58.04247284,5.927688121795654,19.41001319885254,3.3554317951202393,0.9668506383895874,0.9184972047805786,0.9805616140365601,5.0230817794799805,4.980269432067871,3.9932007789611816
1.75,0,102.92940521240234,128.8297119140625,119.13098907470703,202.43324279785156,202.78036499023438,200.44894409179688,0.4369404911994934,0.45343464612960815,0.49687400460243225,44.97402572631836,58.415855407714844,59.193092346191406,-43.48316574,-53.65480042,-58.04247284,5.927688121795654,19.41001319885254,3.3554317951202393,0.9668506383895874,0.9184972047805786,0.9805616140365601,5.0230817794799805,4.980269432067871,3.9932007789611816
1.8,0,102.92940521240234,128.8297119140625,119.13098907470703,202.43324279785156,202.78036499023438,200.44894409179688,0.4369404911994934,0.45343464612960815,0.49687400460243225,44.97402572631836,58.415855407714844,59.193092346191406,-43.48316574,-53.65480042,-58.04247284,5.927688121795654,19.41001319885254,3.3554317951202393,0.9668506383895874,0.9184972047805786,0.9805616140365601,5.0230817794799805,4.980269432067871,3.9932007789611816
1.85,0,102.92940521240234,128.8297119140625,119.13098907470703,202.43324279785156,202.78036499023438,200.44894409179688,0.4369404911994934,0.45343464612960815,0.49687400460243225,44.97402572631836,58.415855407714844,59.193092346191406,-43.48316574,-53.65480042,-58.04247284,5.927688121795654,19.41001319885254,3.3554317951202393,0.9668506383895874,0.9184972047805786,0.9805616140365601,5.0230817794799805,4.980269432067871,3.9932007789611816
1.9,0,103.03103637695312,128.8583984,119.21446990966797,202.5232696533203,202.9131317138672,200.59747314453125,0.4469355642795563,0.4670107662677765,0.5069717168807983,46.04823303222656,60.178260803222656,60.43836594,-44.58408737,-55.59939194,-59.27273941,6.241041660308838,19.50737762451172,2.9212276935577393,0.9682040810585022,0.9239115715026855,0.9807137846946716,5.020519256591797,4.895020484924316,4.148792743682861
1.95,0,103.03103637695312,128.8583984,119.21446990966797,202.5232696533203,202.9131317138672,200.59747314453125,0.4469355642795563,0.4670107662677765,0.5069717168807983,46.04823303222656,60.178260803222656,60.43836594,-44.58408737,-55.59939194,-59.27273941,6.241041660308838,19.50737762451172,2.9212276935577393,0.9682040810585022,0.9239115715026855,0.9807137846946716,5.020519256591797,4.895020484924316,4.148792743682861
2,0,103.03103637695312,128.8583984,119.21446990966797,202.5232696533203,202.9131317138672,200.59747314453125,0.4469355642795563,0.4670107662677765,0.5069717168807983,46.04823303222656,60.178260803222656,60.43836594,-44.58408737,-55.59939194,-59.27273941,6.241041660308838,19.50737762451172,2.9212276935577393,0.9682040810585022,0.9239115715026855,0.9807137846946716,5.020519256591797,4.895020484924316,4.148792743682861
2.05,0,103.03103637695312,128.8583984,119.21446990966797,202.5232696533203,202.9131317138672,200.59747314453125,0.4469355642795563,0.4670107662677765,0.5069717168807983,46.04823303222656,60.178260803222656,60.43836594,-44.58408737,-55.59939194,-59.27273941,6.241041660308838,19.50737762451172,2.9212276935577393,0.9682040810585022,0.9239115715026855,0.9807137846946716,5.020519256591797,4.895020484924316,4.148792743682861
2.1,0,102.96892547607422,128.91439819335938,119.1736068725586,202.51268005371094,202.90972900390625,200.5275115966797,0.44219857454299927,0.4574665427207947,0.5052101016044617,45.532711029052734,58.97402572631836,60.20771026611328,-44.24905396,-54.36341858,-59.14100647,5.534666538238525,19.375896453857422,3.132183313369751,0.9718080163002014,0.9218196868896484,0.9822829365730286,4.990918159484863,5.001709938049316,4.029067039489746
2.15,0,102.96892547607422,128.91439819335938,119.1736068725586,202.51268005371094,202.90972900390625,200.5275115966797,0.44219857454299927,0.4574665427207947,0.5052101016044617,45.532711029052734,58.97402572631836,60.20771026611328,-44.24905396,-54.36341858,-59.14100647,5.534666538238525,19.375896453857422,3.132183313369751,0.9718080163002014,0.9218196868896484,0.9822829365730286,4.990918159484863,5.001709938049316,4.029067039489746
2.2,0,102.96892547607422,128.91439819335938,119.1736068725586,202.51268005371094,202.90972900390625,200.5275115966797,0.44219857454299927,0.4574665427207947,0.5052101016044617,45.532711029052734,58.97402572631836,60.20771026611328,-44.24905396,-54.36341858,-59.14100647,5.534666538238525,19.375896453857422,3.132183313369751,0.9718080163002014,0.9218196868896484,0.9822829365730286,4.990918159484863,5.001709938049316,4.029067039489746
2.25,0,102.96892547607422,128.91439819335938,119.1736068725586,202.51268005371094,202.90972900390625,200.5275115966797,0.44219857454299927,0.4574665427207947,0.5052101016044617,45.532711029052734,58.97402572631836,60.20771026611328,-44.24905396,-54.36341858,-59.14100647,5.534666538238525,19.375896453857422,3.132183313369751,0.9718080163002014,0.9218196868896484,0.9822829365730286,4.990918159484863,5.001709938049316,4.029067039489746
2.3,0,102.99529266357422,128.84011840820312,119.19154357910156,202.49481201171875,202.8885498046875,200.5303192138672,0.44303470849990845,0.45969751477241516,0.5023794770240784,45.630489349365234,59.227481842041016,59.87938690185547,-44.04983139,-54.34433365,-58.64088058,6.327161789,19.768966674804688,3.693559408187866,0.965359628,0.91755265,0.9793166518211365,5.067480087280273,4.931259632110596,4.119348526000977
2.35,0,102.99529266357422,128.84011840820312,119.19154357910156,202.49481201171875,202.8885498046875,200.5303192138672,0.44303470849990845,0.45969751477241516,0.5023794770240784,45.630489349365234,59.227481842041016,59.87938690185547,-44.04983139,-54.34433365,-58.64088058,6.327161789,19.768966674804688,3.693559408187866,0.965359628,0.91755265,0.9793166518211365,5.067480087280273,4.931259632110596,4.119348526000977
2.4,0,102.99529266357422,128.84011840820312,119.19154357910156,202.49481201171875,202.8885498046875,200.5303192138672,0.44303470849990845,0.45969751477241516,0.5023794770240784,45.630489349365234,59.227481842041016,59.87938690185547,-44.04983139,-54.34433365,-58.64088058,6.327161789,19.768966674804688,3.693559408187866,0.965359628,0.91755265,0.9793166518211365,5.067480087280273,4.931259632110596,4.119348526000977
2.45,0,102.99529266357422,128.84011840820312,119.19154357910156,202.49481201171875,202.8885498046875,200.5303192138672,0.44303470849990845,0.45969751477241516,0.5023794770240784,45.630489349365234,59.227481842041016,59.87938690185547,-44.04983139,-54.34433365,-58.64088058,6.327161789,19.768966674804688,3.693559408187866,0.965359628,0.91755265,0.9793166518211365,5.067480087280273,4.931259632110596,4.119348526000977
2.5,0,103.00896453857422,128.9566650390625,119.21709442138672,202.5757293701172,203.02137756347656,200.57785034179688,0.44536739587783813,0.4645549952983856,0.507383406,45.876834869384766,59.90746307373047,60.48877716064453,-44.48508835,-55.36241913,-59.39876556,5.761410713195801,19.310039520263672,2.673104763031006,0.9696634411811829,0.9241322875022888,0.9819799661636353,4.950199604034424,5.014878273010254,4.118677139282227
2.55,0,103.00896453857422,128.9566650390625,119.21709442138672,202.5757293701172,203.02137756347656,200.57785034179688,0.44536739587783813,0.4645549952983856,0.507383406,45.876834869384766,59.90746307373047,60.48877716064453,-44.48508835,-55.36241913,-59.39876556,5.761410713195801,19.310039520263672,2.673104763031006,0.9696634411811829,0.9241322875022888,0.9819799661636353,4.950199604034424,5.014878273010254,4.118677139282227
2.6,0,103.00896453857422,128.9566650390625,119.21709442138672,202.5757293701172,203.02137756347656,200.57785034179688,0.44536739587783813,0.4645549952983856,0.507383406,45.876834869384766,59.90746307373047,60.48877716064453,-44.48508835,-55.36241913,-59.39876556,5.761410713195801,19.310039520263672,2.673104763031006,0.9696634411811829,0.9241322875022888,0.9819799661636353,4.950199604034424,5.014878273010254,4.118677139282227
2.65,0,103.00896453857422,128.9566650390625,119.21709442138672,202.5757293701172,203.02137756347656,200.57785034179688,0.44536739587783813,0.4645549952983856,0.507383406,45.876834869384766,59.90746307373047,60.48877716064453,-44.48508835,-55.36241913,-59.39876556,5.761410713195801,19.310039520263672,2.673104763031006,0.9696634411811829,0.9241322875022888,0.9819799661636353,4.950199604034424,5.014878273010254,4.118677139282227
2.7,0,102.9960708618164,128.87530517578125,119.22897338867188,202.52513122558594,202.9073486328125,200.5959473,0.4400075674057007,0.4552169442176819,0.5023605227470398,45.31904983520508,58.666221618652344,59.895931243896484,-43.94805527,-53.86240005,-58.80318832,6.033251762390137,19.92443275,3.826225519180298,0.9697479605674744,0.918116033,0.9817559719085693,5.062185764312744,4.947012901306152,3.9768147468566895
2.75,0,102.9960708618164,128.87530517578125,119.22897338867188,202.52513122558594,202.9073486328125,200.5959473,0.4400075674057007,0.4552169442176819,0.5023605227470398,45.31904983520508,58.666221618652344,59.895931243896484,-43.94805527,-53.86240005,-58.80318832,6.033251762390137,19.92443275,3.826225519180298,0.9697479605674744,0.918116033,0.9817559719085693,5.062185764312744,4.947012901306152,3.9768147468566895
2.8,0,102.9960708618164,128.87530517578125,119.22897338867188,202.52513122558594,202.9073486328125,200.5959473,0.4400075674057007,0.4552169442176819,0.5023605227470398,45.31904983520508,58.666221618652344,59.895931243896484,-43.94805527,-53.86240005,-58.80318832,6.033251762390137,19.92443275,3.826225519180298,0.9697479605674744,0.918116033,0.9817559719085693,5.062185764312744,4.947012901306152,3.9768147468566895
2.85,0,102.9960708618164,128.87530517578125,119.22897338867188,202.52513122558594,202.9073486328125,200.5959473,0.4400075674057007,0.4552169442176819,0.5023605227470398,45.31904983520508,58.666221618652344,59.895931243896484,-43.94805527,-53.86240005,-58.80318832,6.033251762390137,19.92443275,3.826225519180298,0.9697479605674744,0.918116033,0.9817559719085693,5.062185764312744,4.947012901306152,3.9768147468566895
2.9,0,103.06365966796875,128.8946990966797,119.22119903564453,202.5556641,202.9805450439453,200.63316345214844,0.4467449486255646,0.4620422124862671,0.5058259963989258,46.04317092895508,59.55479049682617,60.30518341064453,-44.52232742,-54.84329987,-59.11225891,6.084783554077148,19.485248565673828,3.4232401847839355,0.9669691920280457,0.9208881258964539,0.9802185297012329,4.979044437408447,4.938663005828857,4.142547130584717
2.95,0,103.06365966796875,128.8946990966797,119.22119903564453,202.5556641,202.9805450439453,200.63316345214844,0.4467449486255646,0.4620422124862671,0.5058259963989258,46.04317092895508,59.55479049682617,60.30518341064453,-44.52232742,-54.84329987,-59.11225891,6.084783554077148,19.485248565673828,3.4232401847839355,0.9669691920280457,0.9208881258964539,0.9802185297012329,4.979044437408447,4.938663005828857,4.142547130584717
3,0,103.06365966796875,128.8946990966797,119.22119903564453,202.5556641,202.9805450439453,200.63316345214844,0.4467449486255646,0.4620422124862671,0.5058259963989258,46.04317092895508,59.55479049682617,60.30518341064453,-44.52232742,-54.84329987,-59.11225891,6.084783554077148,19.485248565673828,3.4232401847839355,0.9669691920280457,0.9208881258964539,0.9802185297012329,4.979044437408447,4.938663005828857,4.142547130584717
3.05,0,103.06365966796875,128.8946990966797,119.22119903564453,202.5556641,202.9805450439453,200.63316345214844,0.4467449486255646,0.4620422124862671,0.5058259963989258,46.04317092895508,59.55479049682617,60.30518341064453,-44.52232742,-54.84329987,-59.11225891,6.084783554077148,19.485248565673828,3.4232401847839355,0.9669691920280457,0.9208881258964539,0.9802185297012329,4.979044437408447,4.938663005828857,4.142547130584717
3.1,0,102.98992919921875,128.9528045654297,119.25391387939453,202.5891571044922,202.98353576660156,200.61878967285156,0.44403690099716187,0.4614892303943634,0.5046127438545227,45.73133087158203,59.51033020019531,60.17704391479492,-44.40097809,-55.03071976,-59.05044937,5.575465202331543,18.926790237426758,2.566453456878662,0.9709093570709229,0.9247254729270935,0.981278658,4.984539031982422,4.933517932891846,3.9890799522399902
3.15,0,102.98992919921875,128.9528045654297,119.25391387939453,202.5891571044922,202.98353576660156,200.61878967285156,0.44403690099716187,0.4614892303943634,0.5046127438545227,45.73133087158203,59.51033020019531,60.17704391479492,-44.40097809,-55.03071976,-59.05044937,5.575465202331543,18.926790237426758,2.566453456878662,0.9709093570709229,0.9247254729270935,0.981278658,4.984539031982422,4.933517932891846,3.9890799522399902
3.2,0,102.98992919921875,128.9528045654297,119.25391387939453,202.5891571044922,202.98353576660156,200.61878967285156,0.44403690099716187,0.4614892303943634,0.5046127438545227,45.73133087158203,59.51033020019531,60.17704391479492,-44.40097809,-55.03071976,-59.05044937,5.575465202331543,18.926790237426758,2.566453456878662,0.9709093570709229,0.9247254729270935,0.981278658,4.984539031982422,4.933517932891846,3.9890799522399902
3.25,0,102.98992919921875,128.9528045654297,119.25391387939453,202.5891571044922,202.98353576660156,200.61878967285156,0.44403690099716187,0.4614892303943634,0.5046127438545227,45.73133087158203,59.51033020019531,60.17704391479492,-44.40097809,-55.03071976,-59.05044937,5.575465202331543,18.926790237426758,2.566453456878662,0.9709093570709229,0.9247254729270935,0.981278658,4.984539031982422,4.933517932891846,3.9890799522399902
3.3,0,103.01297760009766,128.82078552246094,119.2142105102539,202.45091247558594,202.9161834716797,200.5802764892578,0.4429852366447449,0.45931971073150635,0.5046526193618774,45.63322830200195,59.169925689697266,60.16176223754883,-44.18414307,-54.2559166,-59.02192307,6.562791347503662,20.331806182861328,4.228555679321289,0.9682449698448181,0.9169508814811707,0.9810537695884705,5.070390701293945,4.944390296936035,4.148567199707031
3.35,0,103.01297760009766,128.82078552246094,119.2142105102539,202.45091247558594,202.9161834716797,200.5802764892578,0.4429852366447449,0.45931971073150635,0.5046526193618774,45.63322830200195,59.169925689697266,60.16176223754883,-44.18414307,-54.2559166,-59.02192307,6.562791347503662,20.331806182861328,4.228555679321289,0.9682449698448181,0.9169508814811707,0.9810537695884705,5.070390701293945,4.944390296936035,4.148567199707031
3.4,0,103.01297760009766,128.82078552246094,119.2142105102539,202.45091247558594,202.9161834716797,200.5802764892578,0.4429852366447449,0.45931971073150635,0.5046526193618774,45.63322830200195,59.169925689697266,60.16176223754883,-44.18414307,-54.2559166,-59.02192307,6.562791347503662,20.331806182861328,4.228555679321289,0.9682449698448181,0.9169508814811707,0.9810537695884705,5.070390701293945,4.944390296936035,4.148567199707031
3.45,0,103.01297760009766,128.82078552246094,119.2142105102539,202.45091247558594,202.9161834716797,200.5802764892578,0.4429852366447449,0.45931971073150635,0.5046526193618774,45.63322830200195,59.169925689697266,60.16176223754883,-44.18414307,-54.2559166,-59.02192307,6.562791347503662,20.331806182861328,4.228555679321289,0.9682449698448181,0.9169508814811707,0.9810537695884705,5.070390701293945,4.944390296936035,4.148567199707031
3.5,0,103.00092315673828,128.9405517578125,119.17808532714844,202.5630645751953,202.94529724121094,200.55152893066406,0.44563722610473633,0.46149972081184387,0.5044554471969604,45.90104675292969,59.50602722167969,60.120033264160156,-44.43958664,-54.95518875,-58.98364258,5.650218486785889,18.925994873046875,2.7576045989990234,0.9681606292724609,0.9235230684280396,0.9810979962348938,4.980143070220947,5.0116987228393555,4.017273902893066
3.55,0,103.00092315673828,128.9405517578125,119.17808532714844,202.5630645751953,202.94529724121094,200.55152893066406,0.44563722610473633,0.46149972081184387,0.5044554471969604,45.90104675292969,59.50602722167969,60.120033264160156,-44.43958664,-54.95518875,-58.98364258,5.650218486785889,18.925994873046875,2.7576045989990234,0.9681606292724609,0.9235230684280396,0.9810979962348938,4.980143070220947,5.0116987228393555,4.017273902893066
3.6,0,103.00092315673828,128.9405517578125,119.17808532714844,202.5630645751953,202.94529724121094,200.55152893066406,0.44563722610473633,0.46149972081184387,0.5044554471969604,45.90104675292969,59.50602722167969,60.120033264160156,-44.43958664,-54.95518875,-58.98364258,5.650218486785889,18.925994873046875,2.7576045989990234,0.9681606292724609,0.9235230684280396,0.9810979962348938,4.980143070220947,5.0116987228393555,4.017273902893066
3.65,0,103.00092315673828,128.9405517578125,119.17808532714844,202.5630645751953,202.94529724121094,200.55152893066406,0.44563722610473633,0.46149972081184387,0.5044554471969604,45.90104675292969,59.50602722167969,60.120033264160156,-44.43958664,-54.95518875,-58.98364258,5.650218486785889,18.925994873046875,2.7576045989990234,0.9681606292724609,0.9235230684280396,0.9810979962348938,4.980143070220947,5.0116987228393555,4.017273902893066
3.7,0,103.01756286621094,128.87022399902344,119.2138442993164,202.55653381347656,202.88076782226562,200.5904998779297,0.4389570653438568,0.459170938,0.4998176395893097,45.22028732299805,59.17346191,59.585182189941406,-43.79999161,-54.59715652,-58.44084549,5.968979358673096,19.321510314941406,2.822784662246704,0.9685916304588318,0.9226628541946411,0.9807949662208557,5.0968403816223145,4.898467540740967,4.092818260192871
3.75,0,103.01756286621094,128.87022399902344,119.2138442993164,202.55653381347656,202.88076782226562,200.5904998779297,0.4389570653438568,0.459170938,0.4998176395893097,45.22028732299805,59.17346191,59.585182189941406,-43.79999161,-54.59715652,-58.44084549,5.968979358673096,19.321510314941406,2.822784662246704,0.9685916304588318,0.9226628541946411,0.9807949662208557,5.0968403816223145,4.898467540740967,4.092818260192871
3.8,0,103.01756286621094,128.87022399902344,119.2138442993164,202.55653381347656,202.88076782226562,200.5904998779297,0.4389570653438568,0.459170938,0.4998176395893097,45.22028732299805,59.17346191,59.585182189941406,-43.79999161,-54.59715652,-58.44084549,5.968979358673096,19.321510314941406,2.822784662246704,0.9685916304588318,0.9226628541946411,0.9807949662208557,5.0968403816223145,4.898467540740967,4.092818260192871
3.85,0,103.01756286621094,128.87022399902344,119.2138442993164,202.55653381347656,202.88076782226562,200.5904998779297,0.4389570653438568,0.459170938,0.4998176395893097,45.22028732299805,59.17346191,59.585182189941406,-43.79999161,-54.59715652,-58.44084549,5.968979358673096,19.321510314941406,2.822784662246704,0.9685916304588318,0.9226628541946411,0.9807949662208557,5.0968403816223145,4.898467540740967,4.092818260192871
3.9,0,103.07896423339844,128.8563690185547,119.17231750488281,202.53152465820312,202.85707092285156,200.63922119140625,0.44518083333969116,0.4646030366420746,0.5074158310890198,45.88877868652344,59.867061614990234,60.46992111206055,-44.4357605,-54.95415115,-59.37404633,6.630413055419922,20.401859283447266,3.846694231033325,0.9683361053466797,0.9179363250732422,0.9818773865699768,4.945795059204102,4.973969459533691,4.133550643920898
3.95,0,103.07896423339844,128.8563690185547,119.17231750488281,202.53152465820312,202.85707092285156,200.63922119140625,0.44518083333969116,0.4646030366420746,0.5074158310890198,45.88877868652344,59.867061614990234,60.46992111206055,-44.4357605,-54.95415115,-59.37404633,6.630413055419922,20.401859283447266,3.846694231033325,0.9683361053466797,0.9179363250732422,0.9818773865699768,4.945795059204102,4.973969459533691,4.133550643920898
4,0,103.07896423339844,128.8563690185547,119.17231750488281,202.53152465820312,202.85707092285156,200.63922119140625,0.44518083333969116,0.4646030366420746,0.5074158310890198,45.88877868652344,59.867061614990234,60.46992111206055,-44.4357605,-54.95415115,-59.37404633,6.630413055419922,20.401859283447266,3.846694231033325,0.9683361053466797,0.9179363250732422,0.9818773865699768,4.945795059204102,4.973969459533691,4.133550643920898
4.05,0,103.07896423339844,128.8563690185547,119.17231750488281,202.53152465820312,202.85707092285156,200.63922119140625,0.44518083333969116,0.4646030366420746,0.5074158310890198,45.88877868652344,59.867061614990234,60.46992111206055,-44.4357605,-54.95415115,-59.37404633,6.630413055419922,20.401859283447266,3.846694231033325,0.9683361053466797,0.9179363250732422,0.9818773865699768,4.945795059204102,4.973969459533691,4.133550643920898
4.1,0,103.06143188476562,128.92869567871094,119.2236557006836,202.65399169921875,202.9147186279297,200.6508331298828,0.4437359869480133,0.46139344573020935,0.5032104253768921,45.73206711,59.486854553222656,59.99458694458008,-44.292202,-54.93662643,-58.83546829,5.741013050079346,19.030162811279297,2.6650216579437256,0.9685152173042297,0.9235087037086487,0.9806796312332153,5.057480812072754,4.967465400695801,4.025985240936279
4.15,0,103.06143188476562,128.92869567871094,119.2236557006836,202.65399169921875,202.9147186279297,200.6508331298828,0.4437359869480133,0.46139344573020935,0.5032104253768921,45.73206711,59.486854553222656,59.99458694458008,-44.292202,-54.93662643,-58.83546829,5.741013050079346,19.030162811279297,2.6650216579437256,0.9685152173042297,0.9235087037086487,0.9806796312332153,5.057480812072754,4.967465400695801,4.025985240936279
4.2,0,103.06143188476562,128.92869567871094,119.2236557006836,202.65399169921875,202.9147186279297,200.6508331298828,0.4437359869480133,0.46139344573020935,0.5032104253768921,45.73206711,59.486854553222656,59.99458694458008,-44.292202,-54.93662643,-58.83546829,5.741013050079346,19.030162811279297,2.6650216579437256,0.9685152173042297,0.9235087037086487,0.9806796312332153,5.057480812072754,4.967465400695801,4.025985240936279
4.25,0,103.06143188476562,128.92869567871094,119.2236557006836,202.65399169921875,202.9147186279297,200.6508331298828,0.4437359869480133,0.46139344573020935,0.5032104253768921,45.73206711,59.486854553222656,59.99458694458008,-44.292202,-54.93662643,-58.83546829,5.741013050079346,19.030162811279297,2.6650216579437256,0.9685152173042297,0.9235087037086487,0.9806796312332153,5.057480812072754,4.967465400695801,4.025985240936279
4.3,0,103.0356216430664,128.88961791992188,119.15977478027344,202.55111694335938,202.9002685546875,200.5506134033203,0.43878984451293945,0.46133774518966675,0.4997727572917938,45.21098327636719,59.461647033691406,59.55281066894531,-43.73525238,-54.78599548,-58.4262886,6.361428737640381,19.686325073242188,3.0226995944976807,0.9673590064048767,0.9213669300079346,0.9810836315155029,4.993243694,4.965976238250732,4.194166183
4.35,0,103.0356216430664,128.88961791992188,119.15977478027344,202.55111694335938,202.9002685546875,200.5506134033203,0.43878984451293945,0.46133774518966675,0.4997727572917938,45.21098327636719,59.461647033691406,59.55281066894531,-43.73525238,-54.78599548,-58.4262886,6.361428737640381,19.686325073242188,3.0226995944976807,0.9673590064048767,0.9213669300079346,0.9810836315155029,4.993243694,4.965976238250732,4.194166183
4.4,0,103.0356216430664,128.88961791992188,119.15977478027344,202.55111694335938,202.9002685546875,200.5506134033203,0.43878984451293945,0.46133774518966675,0.4997727572917938,45.21098327636719,59.461647033691406,59.55281066894531,-43.73525238,-54.78599548,-58.4262886,6.361428737640381,19.686325073242188,3.0226995944976807,0.9673590064048767,0.9213669300079346,0.9810836315155029,4.993243694,4.965976238250732,4.194166183
4.45,0,103.0356216430664,128.88961791992188,119.15977478027344,202.55111694335938,202.9002685546875,200.5506134033203,0.43878984451293945,0.46133774518966675,0.4997727572917938,45.21098327636719,59.461647033691406,59.55281066894531,-43.73525238,-54.78599548,-58.4262886,6.361428737640381,19.686325073242188,3.0226995944976807,0.9673590064048767,0.9213669300079346,0.9810836315155029,4.993243694,4.965976238250732,4.194166183
4.5,0,103.06117248535156,128.95130920410156,119.2251205444336,202.6433868408203,202.95199584960938,200.66207885742188,0.4453507363796234,0.4633202850818634,0.5082276463508606,45.89836883544922,59.745758056640625,60.593502044677734,-44.51401138,-54.97315598,-59.510952,6.071844577789307,19.931194305419922,3.3722684383392334,0.9698386192321777,0.9201181530952454,0.982134223,5.0252580642700195,4.988245487213135,3.9814465045928955
4.55,0,103.06117248535156,128.95130920410156,119.2251205444336,202.6433868408203,202.95199584960938,200.66207885742188,0.4453507363796234,0.4633202850818634,0.5082276463508606,45.89836883544922,59.745758056640625,60.593502044677734,-44.51401138,-54.97315598,-59.510952,6.071844577789307,19.931194305419922,3.3722684383392334,0.9698386192321777,0.9201181530952454,0.982134223,5.0252580642700195,4.988245487213135,3.9814465045928955
4.6,0,103.06117248535156,128.95130920410156,119.2251205444336,202.6433868408203,202.95199584960938,200.66207885742188,0.4453507363796234,0.4633202850818634,0.5082276463508606,45.89836883544922,59.745758056640625,60.593502044677734,-44.51401138,-54.97315598,-59.510952,6.071844577789307,19.931194305419922,3.3722684383392334,0.9698386192321777,0.9201181530952454,0.982134223,5.0252580642700195,4.988245487213135,3.9814465045928955
4.65,0,103.06117248535156,128.95130920410156,119.2251205444336,202.6433868408203,202.95199584960938,200.66207885742188,0.4453507363796234,0.4633202850818634,0.5082276463508606,45.89836883544922,59.745758056640625,60.593502044677734,-44.51401138,-54.97315598,-59.510952,6.071844577789307,19.931194305419922,3.3722684383392334,0.9698386192321777,0.9201181530952454,0.982134223,5.0252580642700195,4.988245487213135,3.9814465045928955
4.7,0,103.1254653930664,128.93255615234375,119.24422454833984,202.6819305419922,202.99298095703125,200.7039794921875,0.43968769907951355,0.457103431,0.4984050989151001,45.34299850463867,58.93551254272461,59.43193054199219,-43.85875702,-54.42113495,-58.26054001,5.650424957275391,18.821130752563477,2.635030746459961,0.9672663807868958,0.923401415,0.9802902340888977,5.200197696685791,5.0405964851379395,4.196052074432373
4.75,0,103.1254653930664,128.93255615234375,119.24422454833984,202.6819305419922,202.99298095703125,200.7039794921875,0.43968769907951355,0.457103431,0.4984050989151001,45.34299850463867,58.93551254272461,59.43193054199219,-43.85875702,-54.42113495,-58.26054001,5.650424957275391,18.821130752563477,2.635030746459961,0.9672663807868958,0.923401415,0.9802902340888977,5.200197696685791,5.0405964851379395,4.196052074432373
4.8,0,103.1254653930664,128.93255615234375,119.24422454833984,202.6819305419922,202.99298095703125,200.7039794921875,0.43968769907951355,0.457103431,0.4984050989151001,45.34299850463867,58.93551254272461,59.43193054199219,-43.85875702,-54.42113495,-58.26054001,5.650424957275391,18.821130752563477,2.635030746459961,0.9672663807868958,0.923401415,0.9802902340888977,5.200197696685791,5.0405964851379395,4.196052074432373
4.85,0,103.1254653930664,128.93255615234375,119.24422454833984,202.6819305419922,202.99298095703125,200.7039794921875,0.43968769907951355,0.457103431,0.4984050989151001,45.34299850463867,58.93551254272461,59.43193054199219,-43.85875702,-54.42113495,-58.26054001,5.650424957275391,18.821130752563477,2.635030746459961,0.9672663807868958,0.923401415,0.9802902340888977,5.200197696685791,5.0405964851379395,4.196052074432373
4.9,0,103.07939147949219,129.0078125,119.25109100341797,202.68861389160156,203.0512237548828,200.69406127929688,0.44335776567459106,0.46639513969421387,0.5044788122177124,45.7010498,60.168617248535156,60.15964889526367,-44.21391678,-55.37070084,-59.01044464,6.514855861663818,19.918170928955078,3.098702907562256,0.9674595594406128,0.9202588200569153,0.9808974266052246,5.057228088378906,5.120652675628662,4.135171890258789
4.95,0,103.07939147949219,129.0078125,119.25109100341797,202.68861389160156,203.0512237548828,200.69406127929688,0.44335776567459106,0.46639513969421387,0.5044788122177124,45.7010498,60.168617248535156,60.15964889526367,-44.21391678,-55.37070084,-59.01044464,6.514855861663818,19.918170928955078,3.098702907562256,0.9674595594406128,0.9202588200569153,0.9808974266052246,5.057228088378906,5.120652675628662,4.135171890258789
5,0,103.07939147949219,129.0078125,119.25109100341797,202.68861389160156,203.0512237548828,200.69406127929688,0.44335776567459106,0.46639513969421387,0.5044788122177124,45.7010498,60.168617248535156,60.15964889526367,-44.21391678,-55.37070084,-59.01044464,6.514855861663818,19.918170928955078,3.098702907562256,0.9674595594406128,0.9202588200569153,0.9808974266052246,5.057228088378906,5.120652675628662,4.135171890258789
5.05,0,103.07939147949219,129.0078125,119.25109100341797,202.68861389160156,203.0512237548828,200.69406127929688,0.44335776567459106,0.46639513969421387,0.5044788122177124,45.7010498,60.168617248535156,60.15964889526367,-44.21391678,-55.37070084,-59.01044464,6.514855861663818,19.918170928955078,3.098702907562256,0.9674595594406128,0.9202588200569153,0.9808974266052246,5.057228088378906,5.120652675628662,4.135171890258789
5.1,0,103.14466857910156,128.9546356201172,119.33616638183594,202.71707153320312,203.0720672607422,200.82119750976562,0.4460708498954773,0.46033811569213867,0.5071749091148376,46.009830474853516,59.362735748291016,60.52431106567383,-44.66968536,-54.77935791,-59.45145416,5.735591888427734,19.41582679748535,3.2491538524627686,0.9708726406097412,0.9227903485298157,0.9822739362716675,5.206004619598389,5.034566879272461,4.116876125335693
5.15,0,103.14466857910156,128.9546356201172,119.33616638183594,202.71707153320312,203.0720672607422,200.82119750976562,0.4460708498954773,0.46033811569213867,0.5071749091148376,46.009830474853516,59.362735748291016,60.52431106567383,-44.66968536,-54.77935791,-59.45145416,5.735591888427734,19.41582679748535,3.2491538524627686,0.9708726406097412,0.9227903485298157,0.9822739362716675,5.206004619598389,5.034566879272461,4.116876125335693
5.2,0,103.14466857910156,128.9546356201172,119.33616638183594,202.71707153320312,203.0720672607422,200.82119750976562,0.4460708498954773,0.46033811569213867,0.5071749091148376,46.009830474853516,59.362735748291016,60.52431106567383,-44.66968536,-54.77935791,-59.45145416,5.735591888427734,19.41582679748535,3.2491538524627686,0.9708726406097412,0.9227903485298157,0.9822739362716675,5.206004619598389,5.034566879272461,4.116876125335693
5.25,0,103.14466857910156,128.9546356201172,119.33616638183594,202.71707153320312,203.0720672607422,200.82119750976562,0.4460708498954773,0.46033811569213867,0.5071749091148376,46.009830474853516,59.362735748291016,60.52431106567383,-44.66968536,-54.77935791,-59.45145416,5.735591888427734,19.41582679748535,3.2491538524627686,0.9708726406097412,0.9227903485298157,0.9822739362716675,5.206004619598389,5.034566879272461,4.116876125335693
5.3,0,103.07096862792969,128.9290313720703,119.1820297241211,202.595459,202.97145080566406,200.60513305664062,0.4382172226905823,0.45543891191482544,0.49800926446914673,45.16747283935547,58.71929931640625,59.353755950927734,-43.61584473,-53.9732132,-58.19279099,5.960550785064697,19.387954711914062,3.229001045227051,0.9656472206115723,0.9191733002662659,0.9804399013519287,5.138765811920166,5.144905090332031,4.195923805236816
5.35,0,103.07096862792969,128.9290313720703,119.1820297241211,202.595459,202.97145080566406,200.60513305664062,0.4382172226905823,0.45543891191482544,0.49800926446914673,45.16747283935547,58.71929931640625,59.353755950927734,-43.61584473,-53.9732132,-58.19279099,5.960550785064697,19.387954711914062,3.229001045227051,0.9656472206115723,0.9191733002662659,0.9804399013519287,5.138765811920166,5.144905090332031,4.195923805236816
5.4,0,103.07096862792969,128.9290313720703,119.1820297241211,202.595459,202.97145080566406,200.60513305664062,0.4382172226905823,0.45543891191482544,0.49800926446914673,45.16747283935547,58.71929931640625,59.353755950927734,-43.61584473,-53.9732132,-58.19279099,5.960550785064697,19.387954711914062,3.229001045227051,0.9656472206115723,0.9191733002662659,0.9804399013519287,5.138765811920166,5.144905090332031,4.195923805236816
5.45,0,103.07096862792969,128.9290313720703,119.1820297241211,202.595459,202.97145080566406,200.60513305664062,0.4382172226905823,0.45543891191482544,0.49800926446914673,45.16747283935547,58.71929931640625,59.353755950927734,-43.61584473,-53.9732132,-58.19279099,5.960550785064697,19.387954711914062,3.229001045227051,0.9656472206115723,0.9191733002662659,0.9804399013519287,5.138765811920166,5.144905090332031,4.195923805236816
5.5,0,103.0787582397461,129.04251098632812,119.30258178710938,202.7725067138672,203.09344482421875,200.72079467773438,0.44544145464897156,0.4673822224140167,0.5083511471748352,45.915550231933594,60.31217575073242,60.647605895996094,-44.44503021,-55.59525299,-59.42012024,6.042837142944336,19.657466888427734,2.6995127201080322,0.9679733514785767,0.9217915534973145,0.9797603487968445,5.201791763305664,5.099849224090576,4.077362060546875
5.55,0,103.0787582397461,129.04251098632812,119.30258178710938,202.7725067138672,203.09344482421875,200.72079467773438,0.44544145464897156,0.4673822224140167,0.5083511471748352,45.915550231933594,60.31217575073242,60.647605895996094,-44.44503021,-55.59525299,-59.42012024,6.042837142944336,19.657466888427734,2.6995127201080322,0.9679733514785767,0.9217915534973145,0.9797603487968445,5.201791763305664,5.099849224090576,4.077362060546875
5.6,0,103.0787582397461,129.04251098632812,119.30258178710938,202.7725067138672,203.09344482421875,200.72079467773438,0.44544145464897156,0.4673822224140167,0.5083511471748352,45.915550231933594,60.31217575073242,60.647605895996094,-44.44503021,-55.59525299,-59.42012024,6.042837142944336,19.657466888427734,2.6995127201080322,0.9679733514785767,0.9217915534973145,0.9797603487968445,5.201791763305664,5.099849224090576,4.077362060546875
5.65,0,103.0787582397461,129.04251098632812,119.30258178710938,202.7725067138672,203.09344482421875,200.72079467773438,0.44544145464897156,0.4673822224140167,0.5083511471748352,45.915550231933594,60.31217575073242,60.647605895996094,-44.44503021,-55.59525299,-59.42012024,6.042837142944336,19.657466888427734,2.6995127201080322,0.9679733514785767,0.9217915534973145,0.9797603487968445,5.201791763305664,5.099849224090576,4.077362060546875
5.7,0,103.13766479492188,128.94847106933594,119.27454376220703,202.6796112060547,203.06021118164062,200.74200439453125,0.4415677785873413,0.4575701355934143,0.5031493902206421,45.54227066040039,59.002967834472656,60.01291275024414,-44.20745468,-54.43143463,-58.94149399,5.776968002319336,19.40706443786621,3.2196455001831055,0.9706906080245972,0.9225202798843384,0.9821468591690063,5.199728488922119,5.0585126876831055,4.275106906890869
5.75,0,103.13766479492188,128.94847106933594,119.27454376220703,202.6796112060547,203.06021118164062,200.74200439453125,0.4415677785873413,0.4575701355934143,0.5031493902206421,45.54227066040039,59.002967834472656,60.01291275024414,-44.20745468,-54.43143463,-58.94149399,5.776968002319336,19.40706443786621,3.2196455001831055,0.9706906080245972,0.9225202798843384,0.9821468591690063,5.199728488922119,5.0585126876831055,4.275106906890869
5.8,0,103.13766479492188,128.94847106933594,119.27454376220703,202.6796112060547,203.06021118164062,200.74200439453125,0.4415677785873413,0.4575701355934143,0.5031493902206421,45.54227066040039,59.002967834472656,60.01291275024414,-44.20745468,-54.43143463,-58.94149399,5.776968002319336,19.40706443786621,3.2196455001831055,0.9706906080245972,0.9225202798843384,0.9821468591690063,5.199728488922119,5.0585126876831055,4.275106906890869
5.85,0,103.13766479492188,128.94847106933594,119.27454376220703,202.6796112060547,203.06021118164062,200.74200439453125,0.4415677785873413,0.4575701355934143,0.5031493902206421,45.54227066040039,59.002967834472656,60.01291275024414,-44.20745468,-54.43143463,-58.94149399,5.776968002319336,19.40706443786621,3.2196455001831055,0.9706906080245972,0.9225202798843384,0.9821468591690063,5.199728488922119,5.0585126876831055,4.275106906890869
5.9,0,103.09862518310547,128.9681854248047,119.23258972167969,202.69345092773438,202.9744415283203,200.69764709472656,0.4407994747161865,0.4605262875556946,0.5004945397377014,45.44581985473633,59.39323806762695,59.67525863647461,-43.90306854,-54.48132706,-58.51948929,6.532496452331543,19.95800018310547,3.5751659870147705,0.9660529494285583,0.9172984957695007,0.9806323647499084,5.087843418121338,5.070021629333496,4.075921535491943
5.95,0,103.09862518310547,128.9681854248047,119.23258972167969,202.69345092773438,202.9744415283203,200.69764709472656,0.4407994747161865,0.4605262875556946,0.5004945397377014,45.44581985473633,59.39323806762695,59.67525863647461,-43.90306854,-54.48132706,-58.51948929,6.532496452331543,19.95800018310547,3.5751659870147705,0.9660529494285583,0.9172984957695007,0.9806323647499084,5.087843418121338,5.070021629333496,4.075921535491943
6,0,103.09862518310547,128.9681854248047,119.23258972167969,202.69345092773438,202.9744415283203,200.69764709472656,0.4407994747161865,0.4605262875556946,0.5004945397377014,45.44581985473633,59.39323806762695,59.67525863647461,-43.90306854,-54.48132706,-58.51948929,6.532496452331543,19.95800018310547,3.5751659870147705,0.9660529494285583,0.9172984957695007,0.9806323647499084,5.087843418121338,5.070021629333496,4.075921535491943
6.05,0,103.09862518310547,128.9681854248047,119.23258972167969,202.69345092773438,202.9744415283203,200.69764709472656,0.4407994747161865,0.4605262875556946,0.5004945397377014,45.44581985473633,59.39323806762695,59.67525863647461,-43.90306854,-54.48132706,-58.51948929,6.532496452331543,19.95800018310547,3.5751659870147705,0.9660529494285583,0.9172984957695007,0.9806323647499084,5.087843418121338,5.070021629333496,4.075921535491943
6.1,0,103.15582275390625,129.0330047607422,119.3428726196289,202.8122559,203.16441345214844,200.80557250976562,0.44637635350227356,0.46608832478523254,0.5082014203071594,46.046321868896484,60.140777587890625,60.65021896362305,-44.54589844,-55.51573181,-59.43923569,5.838891029,19.382741928100586,2.630772352218628,0.967414916,0.9230963587760925,0.9800333380699158,5.236188888549805,5.069596290588379,4.265508651733398
6.15,0,103.15582275390625,129.0330047607422,119.3428726196289,202.8122559,203.16441345214844,200.80557250976562,0.44637635350227356,0.46608832478523254,0.5082014203071594,46.046321868896484,60.140777587890625,60.65021896362305,-44.54589844,-55.51573181,-59.43923569,5.838891029,19.382741928100586,2.630772352218628,0.967414916,0.9230963587760925,0.9800333380699158,5.236188888549805,5.069596290588379,4.265508651733398
6.2,0,103.15582275390625,129.0330047607422,119.3428726196289,202.8122559,203.16441345214844,200.80557250976562,0.44637635350227356,0.46608832478523254,0.5082014203071594,46.046321868896484,60.140777587890625,60.65021896362305,-44.54589844,-55.51573181,-59.43923569,5.838891029,19.382741928100586,2.630772352218628,0.967414916,0.9230963587760925,0.9800333380699158,5.236188888549805,5.069596290588379,4.265508651733398
6.25,0,103.15582275390625,129.0330047607422,119.3428726196289,202.8122559,203.16441345214844,200.80557250976562,0.44637635350227356,0.46608832478523254,0.5082014203071594,46.046321868896484,60.140777587890625,60.65021896362305,-44.54589844,-55.51573181,-59.43923569,5.838891029,19.382741928100586,2.630772352218628,0.967414916,0.9230963587760925,0.9800333380699158,5.236188888549805,5.069596290588379,4.265508651733398
6.3,0,103.05924987792969,128.99838256835938,119.22628021240234,202.6569824,203.02723693847656,200.65455627441406,0.43826889991760254,0.4546816349029541,0.5009545087814331,45.16766357421875,58.653194427490234,59.72694396972656,-43.74865341,-53.77778625,-58.6414566,6.106905937194824,20.021623611450195,3.8207833766937256,0.9685834646224976,0.9168773889541626,0.9818258285522461,5.130415439605713,5.155918121337891,4.186048984527588
6.35,0,103.05924987792969,128.99838256835938,119.22628021240234,202.6569824,203.02723693847656,200.65455627441406,0.43826889991760254,0.4546816349029541,0.5009545087814331,45.16766357421875,58.653194427490234,59.72694396972656,-43.74865341,-53.77778625,-58.6414566,6.106905937194824,20.021623611450195,3.8207833766937256,0.9685834646224976,0.9168773889541626,0.9818258285522461,5.130415439605713,5.155918121337891,4.186048984527588
6.4,0,103.05924987792969,128.99838256835938,119.22628021240234,202.6569824,203.02723693847656,200.65455627441406,0.43826889991760254,0.4546816349029541,0.5009545087814331,45.16766357421875,58.653194427490234,59.72694396972656,-43.74865341,-53.77778625,-58.6414566,6.106905937194824,20.021623611450195,3.8207833766937256,0.9685834646224976,0.9168773889541626,0.9818258285522461,5.130415439605713,5.155918121337891,4.186048984527588
6.45,0,103.05924987792969,128.99838256835938,119.22628021240234,202.6569824,203.02723693847656,200.65455627441406,0.43826889991760254,0.4546816349029541,0.5009545087814331,45.16766357421875,58.653194427490234,59.72694396972656,-43.74865341,-53.77778625,-58.6414566,6.106905937194824,20.021623611450195,3.8207833766937256,0.9685834646224976,0.9168773889541626,0.9818258285522461,5.130415439605713,5.155918121337891,4.186048984527588
6.5,0,103.11351776123047,129.0236816,119.31463623046875,202.77993774414062,203.1133270263672,200.74932861328125,0.44565531611442566,0.46312180161476135,0.5055387020111084,45.953086853027344,59.75368118286133,60.31816482543945,-44.43467331,-55.00381088,-59.12381363,6.232445240020752,19.725343704223633,3.370640993118286,0.9669573307037354,0.9205091595649719,0.9801991581916809,5.308729648590088,5.115363597869873,4.174832344055176
6.55,0,103.11351776123047,129.0236816,119.31463623046875,202.77993774414062,203.1133270263672,200.74932861328125,0.44565531611442566,0.46312180161476135,0.5055387020111084,45.953086853027344,59.75368118286133,60.31816482543945,-44.43467331,-55.00381088,-59.12381363,6.232445240020752,19.725343704223633,3.370640993118286,0.9669573307037354,0.9205091595649719,0.9801991581916809,5.308729648590088,5.115363597869873,4.174832344055176
6.6,0,103.11351776123047,129.0236816,119.31463623046875,202.77993774414062,203.1133270263672,200.74932861328125,0.44565531611442566,0.46312180161476135,0.5055387020111084,45.953086853027344,59.75368118286133,60.31816482543945,-44.43467331,-55.00381088,-59.12381363,6.232445240020752,19.725343704223633,3.370640993118286,0.9669573307037354,0.9205091595649719,0.9801991581916809,5.308729648590088,5.115363597869873,4.174832344055176
6.65,0,103.11351776123047,129.0236816,119.31463623046875,202.77993774414062,203.1133270263672,200.74932861328125,0.44565531611442566,0.46312180161476135,0.5055387020111084,45.953086853027344,59.75368118286133,60.31816482543945,-44.43467331,-55.00381088,-59.12381363,6.232445240020752,19.725343704223633,3.370640993118286,0.9669573307037354,0.9205091595649719,0.9801991581916809,5.308729648590088,5.115363597869873,4.174832344055176
6.7,0,103.09611511230469,129.0782470703125,119.3035659790039,202.74830627441406,203.18646240234375,200.7439422607422,0.44129422307014465,0.46222594380378723,0.5047690272331238,45.49571990966797,59.66331481933594,60.22074508666992,-44.1252594,-55.13049698,-59.0942421,5.446328163146973,19.061201095581055,2.218417167663574,0.9698771834373474,0.9240267276763916,0.981293797,5.212561607,5.178466797,4.308916091918945
6.75,0,103.09611511230469,129.0782470703125,119.3035659790039,202.74830627441406,203.18646240234375,200.7439422607422,0.44129422307014465,0.46222594380378723,0.5047690272331238,45.49571990966797,59.66331481933594,60.22074508666992,-44.1252594,-55.13049698,-59.0942421,5.446328163146973,19.061201095581055,2.218417167663574,0.9698771834373474,0.9240267276763916,0.981293797,5.212561607,5.178466797,4.308916091918945
6.8,0,103.09611511230469,129.0782470703125,119.3035659790039,202.74830627441406,203.18646240234375,200.7439422607422,0.44129422307014465,0.46222594380378723,0.5047690272331238,45.49571990966797,59.66331481933594,60.22074508666992,-44.1252594,-55.13049698,-59.0942421,5.446328163146973,19.061201095581055,2.218417167663574,0.9698771834373474,0.9240267276763916,0.981293797,5.212561607,5.178466797,4.308916091918945
6.85,0,103.09611511230469,129.0782470703125,119.3035659790039,202.74830627441406,203.18646240234375,200.7439422607422,0.44129422307014465,0.46222594380378723,0.5047690272331238,45.49571990966797,59.66331481933594,60.22074508666992,-44.1252594,-55.13049698,-59.0942421,5.446328163146973,19.061201095581055,2.218417167663574,0.9698771834373474,0.9240267276763916,0.981293797,5.212561607,5.178466797,4.308916091918945
6.9,0,103.11668395996094,128.9532012939453,119.3001708984375,202.69622802734375,203.02467346191406,200.7722168,0.4405401349067688,0.45803844928741455,0.5026439428329468,45.42703628540039,59.06552505493164,59.96550750732422,-43.99897003,-54.09405899,-58.85575104,6.606539726257324,20.449506759643555,4.203493595123291,0.9685634970664978,0.9158313274383545,0.9814934134483337,5.1772074699401855,5.093580246,4.117363452911377
6.95,0,103.11668395996094,128.9532012939453,119.3001708984375,202.69622802734375,203.02467346191406,200.7722168,0.4405401349067688,0.45803844928741455,0.5026439428329468,45.42703628540039,59.06552505493164,59.96550750732422,-43.99897003,-54.09405899,-58.85575104,6.606539726257324,20.449506759643555,4.203493595123291,0.9685634970664978,0.9158313274383545,0.9814934134483337,5.1772074699401855,5.093580246,4.117363452911377
7,0,103.11668395996094,128.9532012939453,119.3001708984375,202.69622802734375,203.02467346191406,200.7722168,0.4405401349067688,0.45803844928741455,0.5026439428329468,45.42703628540039,59.06552505493164,59.96550750732422,-43.99897003,-54.09405899,-58.85575104,6.606539726257324,20.449506759643555,4.203493595123291,0.9685634970664978,0.9158313274383545,0.9814934134483337,5.1772074699401855,5.093580246,4.117363452911377
7.05,0,103.11668395996094,128.9532012939453,119.3001708984375,202.69622802734375,203.02467346191406,200.7722168,0.4405401349067688,0.45803844928741455,0.5026439428329468,45.42703628540039,59.06552505493164,59.96550750732422,-43.99897003,-54.09405899,-58.85575104,6.606539726257324,20.449506759643555,4.203493595123291,0.9685634970664978,0.9158313274383545,0.9814934134483337,5.1772074699401855,5.093580246,4.117363452911377
7.1,0,103.21527099609375,129.01995849609375,119.34469604492188,202.82298278808594,203.21231079101562,200.8406524658203,0.44545844197273254,0.4627421498298645,0.5039801597595215,45.97811508178711,59.702972412109375,60.14735794067383,-44.46234131,-55.14490509,-58.97341156,5.830107212,19.015968322753906,2.7716329097747803,0.9670327305793762,0.9236542582511902,0.9804821610450745,5.275759220123291,5.146797180175781,4.299698829650879
7.15,0,103.21527099609375,129.01995849609375,119.34469604492188,202.82298278808594,203.21231079101562,200.8406524658203,0.44545844197273254,0.4627421498298645,0.5039801597595215,45.97811508178711,59.702972412109375,60.14735794067383,-44.46234131,-55.14490509,-58.97341156,5.830107212,19.015968322753906,2.7716329097747803,0.9670327305793762,0.9236542582511902,0.9804821610450745,5.275759220123291,5.146797180175781,4.299698829650879
7.2,0,103.21527099609375,129.01995849609375,119.34469604492188,202.82298278808594,203.21231079101562,200.8406524658203,0.44545844197273254,0.4627421498298645,0.5039801597595215,45.97811508178711,59.702972412109375,60.14735794067383,-44.46234131,-55.14490509,-58.97341156,5.830107212,19.015968322753906,2.7716329097747803,0.9670327305793762,0.9236542582511902,0.9804821610450745,5.275759220123291,5.146797180175781,4.299698829650879
7.25,0,103.21527099609375,129.01995849609375,119.34469604492188,202.82298278808594,203.21231079101562,200.8406524658203,0.44545844197273254,0.4627421498298645,0.5039801597595215,45.97811508178711,59.702972412109375,60.14735794067383,-44.46234131,-55.14490509,-58.97341156,5.830107212,19.015968322753906,2.7716329097747803,0.9670327305793762,0.9236542582511902,0.9804821610450745,5.275759220123291,5.146797180175781,4.299698829650879
7.3,0,103.1096420288086,129.0679168701172,119.29743957519531,202.7932586669922,203.14886474609375,200.73721313476562,0.44009527564048767,0.46024906635284424,0.502161443,45.37806701660156,59.40338897705078,59.90657424926758,-43.97676849,-54.76980209,-58.80566788,5.816087245941162,19.386703491210938,2.7531044483184814,0.9691194891929626,0.9219979643821716,0.9816229343414307,5.199809551239014,5.196989536,4.142624378204346
7.35,0,103.1096420288086,129.0679168701172,119.29743957519531,202.7932586669922,203.14886474609375,200.73721313476562,0.44009527564048767,0.46024906635284424,0.502161443,45.37806701660156,59.40338897705078,59.90657424926758,-43.97676849,-54.76980209,-58.80566788,5.816087245941162,19.386703491210938,2.7531044483184814,0.9691194891929626,0.9219979643821716,0.9816229343414307,5.199809551239014,5.196989536,4.142624378204346
7.4,0,103.1096420288086,129.0679168701172,119.29743957519531,202.7932586669922,203.14886474609375,200.73721313476562,0.44009527564048767,0.46024906635284424,0.502161443,45.37806701660156,59.40338897705078,59.90657424926758,-43.97676849,-54.76980209,-58.80566788,5.816087245941162,19.386703491210938,2.7531044483184814,0.9691194891929626,0.9219979643821716,0.9816229343414307,5.199809551239014,5.196989536,4.142624378204346
7.45,0,103.1096420288086,129.0679168701172,119.29743957519531,202.7932586669922,203.14886474609375,200.73721313476562,0.44009527564048767,0.46024906635284424,0.502161443,45.37806701660156,59.40338897705078,59.90657424926758,-43.97676849,-54.76980209,-58.80566788,5.816087245941162,19.386703491210938,2.7531044483184814,0.9691194891929626,0.9219979643821716,0.9816229343414307,5.199809551239014,5.196989536,4.142624378204346
7.5,0,103.1797866821289,128.96617126464844,119.34844207763672,202.77159118652344,203.13528442382812,200.8182830810547,0.4430474042892456,0.460770845,0.5075874328613281,45.71353530883789,59.423851013183594,60.579769134521484,-44.2556572,-54.44589996,-59.46938324,6.295619010925293,20.508838653564453,3.978757858276367,0.9681084156036377,0.9162297248840332,0.9816706776618958,5.3284711837768555,5.098514080047607,4.2347869873046875
7.55,0,103.1797866821289,128.96617126464844,119.34844207763672,202.77159118652344,203.13528442382812,200.8182830810547,0.4430474042892456,0.460770845,0.5075874328613281,45.71353530883789,59.423851013183594,60.579769134521484,-44.2556572,-54.44589996,-59.46938324,6.295619010925293,20.508838653564453,3.978757858276367,0.9681084156036377,0.9162297248840332,0.9816706776618958,5.3284711837768555,5.098514080047607,4.2347869873046875
7.6,0,103.1797866821289,128.96617126464844,119.34844207763672,202.77159118652344,203.13528442382812,200.8182830810547,0.4430474042892456,0.460770845,0.5075874328613281,45.71353530883789,59.423851013183594,60.579769134521484,-44.2556572,-54.44589996,-59.46938324,6.295619010925293,20.508838653564453,3.978757858276367,0.9681084156036377,0.9162297248840332,0.9816706776618958,5.3284711837768555,5.098514080047607,4.2347869873046875
7.65,0,103.1797866821289,128.96617126464844,119.34844207763672,202.77159118652344,203.13528442382812,200.8182830810547,0.4430474042892456,0.460770845,0.5075874328613281,45.71353530883789,59.423851013183594,60.579769134521484,-44.2556572,-54.44589996,-59.46938324,6.295619010925293,20.508838653564453,3.978757858276367,0.9681084156036377,0.9162297248840332,0.9816706776618958,5.3284711837768555,5.098514080047607,4.2347869873046875
7.7,0,103.14320373535156,129.02146911621094,119.25584411621094,202.7606201171875,203.11483764648438,200.7148895263672,0.4433574974536896,0.4612260162830353,0.5039336085319519,45.729312896728516,59.50805664,60.09702682495117,-44.24507904,-54.83061981,-58.9239006,5.784233570098877,19.237823486328125,2.8600821495056152,0.9675430655479431,0.9213982820510864,0.9804794788360596,5.216760635375977,5.205439567565918,4.2295002937316895
7.75,0,103.14320373535156,129.02146911621094,119.25584411621094,202.7606201171875,203.11483764648438,200.7148895263672,0.4433574974536896,0.4612260162830353,0.5039336085319519,45.729312896728516,59.50805664,60.09702682495117,-44.24507904,-54.83061981,-58.9239006,5.784233570098877,19.237823486328125,2.8600821495056152,0.9675430655479431,0.9213982820510864,0.9804794788360596,5.216760635375977,5.205439567565918,4.2295002937316895
7.8,0,103.14320373535156,129.02146911621094,119.25584411621094,202.7606201171875,203.11483764648438,200.7148895263672,0.4433574974536896,0.4612260162830353,0.5039336085319519,45.729312896728516,59.50805664,60.09702682495117,-44.24507904,-54.83061981,-58.9239006,5.784233570098877,19.237823486328125,2.8600821495056152,0.9675430655479431,0.9213982820510864,0.9804794788360596,5.216760635375977,5.205439567565918,4.2295002937316895
7.85,0,103.14320373535156,129.02146911621094,119.25584411621094,202.7606201171875,203.11483764648438,200.7148895263672,0.4433574974536896,0.4612260162830353,0.5039336085319519,45.729312896728516,59.50805664,60.09702682495117,-44.24507904,-54.83061981,-58.9239006,5.784233570098877,19.237823486328125,2.8600821495056152,0.9675430655479431,0.9213982820510864,0.9804794788360596,5.216760635375977,5.205439567565918,4.2295002937316895
7.9,0,103.12908935546875,128.9802703857422,119.28943634033203,202.76390075683594,203.0308380126953,200.7506103515625,0.4396432042121887,0.46181044,0.5006044507026672,45.340003967285156,59.56443405151367,59.71682357788086,-43.87332916,-54.79679871,-58.55549622,6.364323139190674,19.764936447143555,3.096346616744995,0.9676516652107239,0.9199583530426025,0.9805527329444885,5.253571510314941,5.122447967529297,4.1577277183532715
7.95,0,103.12908935546875,128.9802703857422,119.28943634033203,202.76390075683594,203.0308380126953,200.7506103515625,0.4396432042121887,0.46181044,0.5006044507026672,45.340003967285156,59.56443405151367,59.71682357788086,-43.87332916,-54.79679871,-58.55549622,6.364323139190674,19.764936447143555,3.096346616744995,0.9676516652107239,0.9199583530426025,0.9805527329444885,5.253571510314941,5.122447967529297,4.1577277183532715
8,0,103.12908935546875,128.9802703857422,119.28943634033203,202.76390075683594,203.0308380126953,200.7506103515625,0.4396432042121887,0.46181044,0.5006044507026672,45.340003967285156,59.56443405151367,59.71682357788086,-43.87332916,-54.79679871,-58.55549622,6.364323139190674,19.764936447143555,3.096346616744995,0.9676516652107239,0.9199583530426025,0.9805527329444885,5.253571510314941,5.122447967529297,4.1577277183532715
8.05,0,103.12908935546875,128.9802703857422,119.28943634033203,202.76390075683594,203.0308380126953,200.7506103515625,0.4396432042121887,0.46181044,0.5006044507026672,45.340003967285156,59.56443405151367,59.71682357788086,-43.87332916,-54.79679871,-58.55549622,6.364323139190674,19.764936447143555,3.096346616744995,0.9676516652107239,0.9199583530426025,0.9805527329444885,5.253571510314941,5.122447967529297,4.1577277183532715
8.1,0,103.20002746582031,129.01113891601562,119.31387329101562,202.79244995117188,203.1703338623047,200.8108673095703,0.4450587332248688,0.46228551864624023,0.5081582069396973,45.93007278442383,59.63998031616211,60.63032531738281,-44.44581223,-54.84078217,-59.45242691,5.790219783782959,19.644779205322266,3.192257881164551,0.9676843285560608,0.9195305109024048,0.9805724620819092,5.224205017089844,5.202515602111816,4.313263893127441
8.15,0,103.20002746582031,129.01113891601562,119.31387329101562,202.79244995117188,203.1703338623047,200.8108673095703,0.4450587332248688,0.46228551864624023,0.5081582069396973,45.93007278442383,59.63998031616211,60.63032531738281,-44.44581223,-54.84078217,-59.45242691,5.790219783782959,19.644779205322266,3.192257881164551,0.9676843285560608,0.9195305109024048,0.9805724620819092,5.224205017089844,5.202515602111816,4.313263893127441
8.2,0,103.20002746582031,129.01113891601562,119.31387329101562,202.79244995117188,203.1703338623047,200.8108673095703,0.4450587332248688,0.46228551864624023,0.5081582069396973,45.93007278442383,59.63998031616211,60.63032531738281,-44.44581223,-54.84078217,-59.45242691,5.790219783782959,19.644779205322266,3.192257881164551,0.9676843285560608,0.9195305109024048,0.9805724620819092,5.224205017089844,5.202515602111816,4.313263893127441
8.25,0,103.20002746582031,129.01113891601562,119.31387329101562,202.79244995117188,203.1703338623047,200.8108673095703,0.4450587332248688,0.46228551864624023,0.5081582069396973,45.93007278442383,59.63998031616211,60.63032531738281,-44.44581223,-54.84078217,-59.45242691,5.790219783782959,19.644779205322266,3.192257881164551,0.9676843285560608,0.9195305109024048,0.9805724620819092,5.224205017089844,5.202515602111816,4.313263893127441
8.3,0,103.14401245117188,129.03416442871094,119.2795639038086,202.81961059570312,203.08363342285156,200.7465362548828,0.4380349814891815,0.4558732211589813,0.49749207496643066,45.180686950683594,58.823219299316406,59.34063720703125,-43.72890854,-54.25228119,-58.21432114,5.629688262939453,18.940696716308594,2.664339780807495,0.9678672552108765,0.9222936630249023,0.9810194969177246,5.269367218017578,5.196801662445068,4.126306533813477
8.35,0,103.14401245117188,129.03416442871094,119.2795639038086,202.81961059570312,203.08363342285156,200.7465362548828,0.4380349814891815,0.4558732211589813,0.49749207496643066,45.180686950683594,58.823219299316406,59.34063720703125,-43.72890854,-54.25228119,-58.21432114,5.629688262939453,18.940696716308594,2.664339780807495,0.9678672552108765,0.9222936630249023,0.9810194969177246,5.269367218017578,5.196801662445068,4.126306533813477
8.4,0,103.14401245117188,129.03416442871094,119.2795639038086,202.81961059570312,203.08363342285156,200.7465362548828,0.4380349814891815,0.4558732211589813,0.49749207496643066,45.180686950683594,58.823219299316406,59.34063720703125,-43.72890854,-54.25228119,-58.21432114,5.629688262939453,18.940696716308594,2.664339780807495,0.9678672552108765,0.9222936630249023,0.9810194969177246,5.269367218017578,5.196801662445068,4.126306533813477
8.45,0,103.14401245117188,129.03416442871094,119.2795639038086,202.81961059570312,203.08363342285156,200.7465362548828,0.4380349814891815,0.4558732211589813,0.49749207496643066,45.180686950683594,58.823219299316406,59.34063720703125,-43.72890854,-54.25228119,-58.21432114,5.629688262939453,18.940696716308594,2.664339780807495,0.9678672552108765,0.9222936630249023,0.9810194969177246,5.269367218017578,5.196801662445068,4.126306533813477
8.5,0,103.21937561035156,129.04098510742188,119.3508529663086,202.86233520507812,203.18679809570312,200.8674316,0.44608134031295776,0.46666979789733887,0.5080329775810242,46.04423904418945,60.21953201293945,60.63417053222656,-44.53040314,-55.32815552,-59.423069,6.5949835777282715,20.264942169189453,3.570439577102661,0.9671221375465393,0.9187742471694946,0.9800260663032532,5.225775718688965,5.104488372802734,4.212133407592773
8.55,0,103.21937561035156,129.04098510742188,119.3508529663086,202.86233520507812,203.18679809570312,200.8674316,0.44608134031295776,0.46666979789733887,0.5080329775810242,46.04423904418945,60.21953201293945,60.63417053222656,-44.53040314,-55.32815552,-59.423069,6.5949835777282715,20.264942169189453,3.570439577102661,0.9671221375465393,0.9187742471694946,0.9800260663032532,5.225775718688965,5.104488372802734,4.212133407592773
8.6,0,103.21937561035156,129.04098510742188,119.3508529663086,202.86233520507812,203.18679809570312,200.8674316,0.44608134031295776,0.46666979789733887,0.5080329775810242,46.04423904418945,60.21953201293945,60.63417053222656,-44.53040314,-55.32815552,-59.423069,6.5949835777282715,20.264942169189453,3.570439577102661,0.9671221375465393,0.9187742471694946,0.9800260663032532,5.225775718688965,5.104488372802734,4.212133407592773
8.65,0,103.21937561035156,129.04098510742188,119.3508529663086,202.86233520507812,203.18679809570312,200.8674316,0.44608134031295776,0.46666979789733887,0.5080329775810242,46.04423904418945,60.21953201293945,60.63417053222656,-44.53040314,-55.32815552,-59.423069,6.5949835777282715,20.264942169189453,3.570439577102661,0.9671221375465393,0.9187742471694946,0.9800260663032532,5.225775718688965,5.104488372802734,4.212133407592773
8.7,0,103.20280456542969,129.01133728027344,119.2995605,202.7694091796875,203.16439819335938,200.81690979003906,0.442884624,0.4605191648006439,0.5054457187652588,45.70693588256836,59.412193298339844,60.29945373535156,-44.31858826,-54.72509384,-59.2056427,5.823718070983887,19.555438995361328,3.1472086906433105,0.9696249961853027,0.9211087822914124,0.98186034,5.129140853881836,5.175084114074707,4.288394927978516
8.75,0,103.20280456542969,129.01133728027344,119.2995605,202.7694091796875,203.16439819335938,200.81690979003906,0.442884624,0.4605191648006439,0.5054457187652588,45.70693588256836,59.412193298339844,60.29945373535156,-44.31858826,-54.72509384,-59.2056427,5.823718070983887,19.555438995361328,3.1472086906433105,0.9696249961853027,0.9211087822914124,0.98186034,5.129140853881836,5.175084114074707,4.288394927978516
8.8,0,103.20280456542969,129.01133728027344,119.2995605,202.7694091796875,203.16439819335938,200.81690979003906,0.442884624,0.4605191648006439,0.5054457187652588,45.70693588256836,59.412193298339844,60.29945373535156,-44.31858826,-54.72509384,-59.2056427,5.823718070983887,19.555438995361328,3.1472086906433105,0.9696249961853027,0.9211087822914124,0.98186034,5.129140853881836,5.175084114074707,4.288394927978516
8.85,0,103.20280456542969,129.01133728027344,119.2995605,202.7694091796875,203.16439819335938,200.81690979003906,0.442884624,0.4605191648006439,0.5054457187652588,45.70693588256836,59.412193298339844,60.29945373535156,-44.31858826,-54.72509384,-59.2056427,5.823718070983887,19.555438995361328,3.1472086906433105,0.9696249961853027,0.9211087822914124,0.98186034,5.129140853881836,5.175084114074707,4.288394927978516
8.9,0,103.13484954833984,128.96563720703125,119.22283935546875,202.6808624267578,203.04737854003906,200.69256591796875,0.4370647072792053,0.4571819603443146,0.49683651328086853,45.076602935791016,58.96076202392578,59.23426055908203,-43.53690338,-54.13862228,-58.02870178,6.302044868469238,19.58459473,3.2854909896850586,0.965842605,0.9182144403457642,0.9796476364135742,5.113204479217529,5.177012920379639,4.174455642700195
8.95,0,103.13484954833984,128.96563720703125,119.22283935546875,202.6808624267578,203.04737854003906,200.69256591796875,0.4370647072792053,0.4571819603443146,0.49683651328086853,45.076602935791016,58.96076202392578,59.23426055908203,-43.53690338,-54.13862228,-58.02870178,6.302044868469238,19.58459473,3.2854909896850586,0.965842605,0.9182144403457642,0.9796476364135742,5.113204479217529,5.177012920379639,4.174455642700195
9,0,103.13484954833984,128.96563720703125,119.22283935546875,202.6808624267578,203.04737854003906,200.69256591796875,0.4370647072792053,0.4571819603443146,0.49683651328086853,45.076602935791016,58.96076202392578,59.23426055908203,-43.53690338,-54.13862228,-58.02870178,6.302044868469238,19.58459473,3.2854909896850586,0.965842605,0.9182144403457642,0.9796476364135742,5.113204479217529,5.177012920379639,4.174455642700195
9.05,0,103.13484954833984,128.96563720703125,119.22283935546875,202.6808624267578,203.04737854003906,200.69256591796875,0.4370647072792053,0.4571819603443146,0.49683651328086853,45.076602935791016,58.96076202392578,59.23426055908203,-43.53690338,-54.13862228,-58.02870178,6.302044868469238,19.58459473,3.2854909896850586,0.965842605,0.9182144403457642,0.9796476364135742,5.113204479217529,5.177012920379639,4.174455642700195
9.1,0,103.15095520019531,129.08387756347656,119.29466247558594,202.82400512695312,203.14271545410156,200.7969970703125,0.4478687047958374,0.4684092402458191,0.5091320872306824,46.19808578491211,60.464080810546875,60.73674011230469,-44.73961258,-55.70553207,-59.55623245,6.183814049,19.67038917541504,2.9411885738372803,0.9684299826622009,0.9212995767593384,0.9805635213851929,5.099363803863525,5.192194938659668,4.112332344055176
9.15,0,103.15095520019531,129.08387756347656,119.29466247558594,202.82400512695312,203.14271545410156,200.7969970703125,0.4478687047958374,0.4684092402458191,0.5091320872306824,46.19808578491211,60.464080810546875,60.73674011230469,-44.73961258,-55.70553207,-59.55623245,6.183814049,19.67038917541504,2.9411885738372803,0.9684299826622009,0.9212995767593384,0.9805635213851929,5.099363803863525,5.192194938659668,4.112332344055176
9.2,0,103.15095520019531,129.08387756347656,119.29466247558594,202.82400512695312,203.14271545410156,200.7969970703125,0.4478687047958374,0.4684092402458191,0.5091320872306824,46.19808578491211,60.464080810546875,60.73674011230469,-44.73961258,-55.70553207,-59.55623245,6.183814049,19.67038917541504,2.9411885738372803,0.9684299826622009,0.9212995767593384,0.9805635213851929,5.099363803863525,5.192194938659668,4.112332344055176
9.25,0,103.15095520019531,129.08387756347656,119.29466247558594,202.82400512695312,203.14271545410156,200.7969970703125,0.4478687047958374,0.4684092402458191,0.5091320872306824,46.19808578491211,60.464080810546875,60.73674011230469,-44.73961258,-55.70553207,-59.55623245,6.183814049,19.67038917541504,2.9411885738372803,0.9684299826622009,0.9212995767593384,0.9805635213851929,5.099363803863525,5.192194938659668,4.112332344055176
9.3,0,103.12723541259766,129.0110626220703,119.30451965332031,202.7596435546875,203.07247924804688,200.78439331054688,0.43912026286125183,0.45734789967536926,0.501807451,45.28525924682617,59.00293731689453,59.867897033691406,-43.96538925,-54.39704132,-58.82131958,5.502311706542969,19.209932327270508,2.7128565311431885,0.9708543419837952,0.9219378232955933,0.9825185537338257,5.1050496101379395,5.120709419250488,4.092791557312012
9.35,0,103.12723541259766,129.0110626220703,119.30451965332031,202.7596435546875,203.07247924804688,200.78439331054688,0.43912026286125183,0.45734789967536926,0.501807451,45.28525924682617,59.00293731689453,59.867897033691406,-43.96538925,-54.39704132,-58.82131958,5.502311706542969,19.209932327270508,2.7128565311431885,0.9708543419837952,0.9219378232955933,0.9825185537338257,5.1050496101379395,5.120709419250488,4.092791557312012
9.4,0,103.12723541259766,129.0110626220703,119.30451965332031,202.7596435546875,203.07247924804688,200.78439331054688,0.43912026286125183,0.45734789967536926,0.501807451,45.28525924682617,59.00293731689453,59.867897033691406,-43.96538925,-54.39704132,-58.82131958,5.502311706542969,19.209932327270508,2.7128565311431885,0.9708543419837952,0.9219378232955933,0.9825185537338257,5.1050496101379395,5.120709419250488,4.092791557312012
9.45,0,103.12723541259766,129.0110626220703,119.30451965332031,202.7596435546875,203.07247924804688,200.78439331054688,0.43912026286125183,0.45734789967536926,0.501807451,45.28525924682617,59.00293731689453,59.867897033691406,-43.96538925,-54.39704132,-58.82131958,5.502311706542969,19.209932327270508,2.7128565311431885,0.9708543419837952,0.9219378232955933,0.9825185537338257,5.1050496101379395,5.120709419250488,4.092791557312012
9.5,0,103.14643096923828,128.9615478515625,119.2862777709961,202.76470947265625,203.0192413330078,200.75843811035156,0.4395563304424286,0.45949891209602356,0.5006394386291504,45.33866500854492,59.25769043,59.71941375732422,-43.78839493,-54.27891159,-58.5378685,6.5063934326171875,20.135093688964844,3.6658856868743896,0.9658069014549255,0.915980875,0.9802150726318359,5.213860511779785,5.092420578,4.107655048370361
9.55,0,103.14643096923828,128.9615478515625,119.2862777709961,202.76470947265625,203.0192413330078,200.75843811035156,0.4395563304424286,0.45949891209602356,0.5006394386291504,45.33866500854492,59.25769043,59.71941375732422,-43.78839493,-54.27891159,-58.5378685,6.5063934326171875,20.135093688964844,3.6658856868743896,0.9658069014549255,0.915980875,0.9802150726318359,5.213860511779785,5.092420578,4.107655048370361
9.6,0,103.14643096923828,128.9615478515625,119.2862777709961,202.76470947265625,203.0192413330078,200.75843811035156,0.4395563304424286,0.45949891209602356,0.5006394386291504,45.33866500854492,59.25769043,59.71941375732422,-43.78839493,-54.27891159,-58.5378685,6.5063934326171875,20.135093688964844,3.6658856868743896,0.9658069014549255,0.915980875,0.9802150726318359,5.213860511779785,5.092420578,4.107655048370361
9.65,0,103.14643096923828,128.9615478515625,119.2862777709961,202.76470947265625,203.0192413330078,200.75843811035156,0.4395563304424286,0.45949891209602356,0.5006394386291504,45.33866500854492,59.25769043,59.71941375732422,-43.78839493,-54.27891159,-58.5378685,6.5063934326171875,20.135093688964844,3.6658856868743896,0.9658069014549255,0.915980875,0.9802150726318359,5.213860511779785,5.092420578,4.107655048370361
9.7,0,103.19607543945312,129.07476806640625,119.3867416381836,202.90834045410156,203.1863555908203,200.89918518066406,0.4469371438026428,0.46801215410232544,0.508012056,46.12215805053711,60.40856170654297,60.64990234,-44.70014954,-55.77247238,-59.50098419,6.161263942718506,19.584041595458984,2.786457061767578,0.9691686630249023,0.9232544302940369,0.9810565710067749,5.302689552307129,5.1354594230651855,4.146505832672119
9.75,0,103.19607543945312,129.07476806640625,119.3867416381836,202.90834045410156,203.1863555908203,200.89918518066406,0.4469371438026428,0.46801215410232544,0.508012056,46.12215805053711,60.40856170654297,60.64990234,-44.70014954,-55.77247238,-59.50098419,6.161263942718506,19.584041595458984,2.786457061767578,0.9691686630249023,0.9232544302940369,0.9810565710067749,5.302689552307129,5.1354594230651855,4.146505832672119
9.8,0,103.19607543945312,129.07476806640625,119.3867416381836,202.90834045410156,203.1863555908203,200.89918518066406,0.4469371438026428,0.46801215410232544,0.508012056,46.12215805053711,60.40856170654297,60.64990234,-44.70014954,-55.77247238,-59.50098419,6.161263942718506,19.584041595458984,2.786457061767578,0.9691686630249023,0.9232544302940369,0.9810565710067749,5.302689552307129,5.1354594230651855,4.146505832672119
9.85,0,103.19607543945312,129.07476806640625,119.3867416381836,202.90834045410156,203.1863555908203,200.89918518066406,0.4469371438026428,0.46801215410232544,0.508012056,46.12215805053711,60.40856170654297,60.64990234,-44.70014954,-55.77247238,-59.50098419,6.161263942718506,19.584041595458984,2.786457061767578,0.9691686630249023,0.9232544302940369,0.9810565710067749,5.302689552307129,5.1354594230651855,4.146505832672119
9.9,0,103.16727447509766,128.93240356445312,119.34972381591797,202.72775268554688,203.08213806152344,200.8320770263672,0.4365188181400299,0.4537751376628876,0.49823158979415894,45.03445816040039,58.50632095336914,59.463802337646484,-43.5353508,-53.72324753,-58.276474,5.782333850860596,19.449941635131836,3.2085354328155518,0.9667119979858398,0.918246865,0.980032742,5.331367015838623,5.156754016876221,4.263389587402344
9.95,0,103.16727447509766,128.93240356445312,119.34972381591797,202.72775268554688,203.08213806152344,200.8320770263672,0.4365188181400299,0.4537751376628876,0.49823158979415894,45.03445816040039,58.50632095336914,59.463802337646484,-43.5353508,-53.72324753,-58.276474,5.782333850860596,19.449941635131836,3.2085354328155518,0.9667119979858398,0.918246865,0.980032742,5.331367015838623,5.156754016876221,4.263389587402344
10,0,103.16727447509766,128.93240356445312,119.34972381591797,202.72775268554688,203.08213806152344,200.8320770263672,0.4365188181400299,0.4537751376628876,0.49823158979415894,45.03445816040039,58.50632095336914,59.463802337646484,-43.5353508,-53.72324753,-58.276474,5.782333850860596,19.449941635131836,3.2085354328155518,0.9667119979858398,0.918246865,0.980032742,5.331367015838623,5.156754016876221,4.263389587402344
10.05,0,103.16727447509766,128.93240356445312,119.34972381591797,202.72775268554688,203.08213806152344,200.8320770263672,0.4365188181400299,0.4537751376628876,0.49823158979415894,45.03445816040039,58.50632095336914,59.463802337646484,-43.5353508,-53.72324753,-58.276474,5.782333850860596,19.449941635131836,3.2085354328155518,0.9667119979858398,0.918246865,0.980032742,5.331367015838623,5.156754016876221,4.263389587402344
10.1,0,103.23865509033203,128.99099731445312,119.36763000488281,202.8358154296875,203.18943786621094,200.88185119628906,0.4460436701774597,0.4624084532260895,0.5059223175048828,46.0489502,59.64652633666992,60.39074707,-44.46206284,-54.80028915,-59.11181259,6.221652507781982,19.70713996887207,3.5349507331848145,0.9655390977859497,0.9187507033348083,0.9788223505020142,5.382483959197998,5.164375305175781,4.360419273376465
10.15,0,103.23865509033203,128.99099731445312,119.36763000488281,202.8358154296875,203.18943786621094,200.88185119628906,0.4460436701774597,0.4624084532260895,0.5059223175048828,46.0489502,59.64652633666992,60.39074707,-44.46206284,-54.80028915,-59.11181259,6.221652507781982,19.70713996887207,3.5349507331848145,0.9655390977859497,0.9187507033348083,0.9788223505020142,5.382483959197998,5.164375305175781,4.360419273376465
10.2,0,103.23865509033203,128.99099731445312,119.36763000488281,202.8358154296875,203.18943786621094,200.88185119628906,0.4460436701774597,0.4624084532260895,0.5059223175048828,46.0489502,59.64652633666992,60.39074707,-44.46206284,-54.80028915,-59.11181259,6.221652507781982,19.70713996887207,3.5349507331848145,0.9655390977859497,0.9187507033348083,0.9788223505020142,5.382483959197998,5.164375305175781,4.360419273376465
10.25,0,103.23865509033203,128.99099731445312,119.36763000488281,202.8358154296875,203.18943786621094,200.88185119628906,0.4460436701774597,0.4624084532260895,0.5059223175048828,46.0489502,59.64652633666992,60.39074707,-44.46206284,-54.80028915,-59.11181259,6.221652507781982,19.70713996887207,3.5349507331848145,0.9655390977859497,0.9187507033348083,0.9788223505020142,5.382483959197998,5.164375305175781,4.360419273376465
10.3,0,103.20672607421875,129.0431365966797,119.3541488647461,202.83425903320312,203.22764587402344,200.85055541992188,0.4449789226055145,0.4647086262702942,0.5059349536895752,45.92481613,59.96746063232422,60.38543701171875,-44.57671356,-55.47308731,-59.36116409,5.844192028045654,19.267452239990234,2.6799089908599854,0.9706454277038574,0.9250531196594238,0.9830377697944641,5.344992637634277,5.227867126464844,4.400026321411133
10.35,0,103.20672607421875,129.0431365966797,119.3541488647461,202.83425903320312,203.22764587402344,200.85055541992188,0.4449789226055145,0.4647086262702942,0.5059349536895752,45.92481613,59.96746063232422,60.38543701171875,-44.57671356,-55.47308731,-59.36116409,5.844192028045654,19.267452239990234,2.6799089908599854,0.9706454277038574,0.9250531196594238,0.9830377697944641,5.344992637634277,5.227867126464844,4.400026321411133
10.4,0,103.20672607421875,129.0431365966797,119.3541488647461,202.83425903320312,203.22764587402344,200.85055541992188,0.4449789226055145,0.4647086262702942,0.5059349536895752,45.92481613,59.96746063232422,60.38543701171875,-44.57671356,-55.47308731,-59.36116409,5.844192028045654,19.267452239990234,2.6799089908599854,0.9706454277038574,0.9250531196594238,0.9830377697944641,5.344992637634277,5.227867126464844,4.400026321411133
10.45,0,103.20672607421875,129.0431365966797,119.3541488647461,202.83425903320312,203.22764587402344,200.85055541992188,0.4449789226055145,0.4647086262702942,0.5059349536895752,45.92481613,59.96746063232422,60.38543701171875,-44.57671356,-55.47308731,-59.36116409,5.844192028045654,19.267452239990234,2.6799089908599854,0.9706454277038574,0.9250531196594238,0.9830377697944641,5.344992637634277,5.227867126464844,4.400026321411133
10.5,0,103.14997863769531,128.95980834960938,119.2736816,202.6815948486328,203.11952209472656,200.73167419433594,0.4388696551322937,0.45611169934272766,0.5010654926300049,45.26939392089844,58.82007598876953,59.76392746,-43.83464813,-54.05012894,-58.68439484,6.161228179931641,19.925443649291992,3.692662000656128,0.9683064818382263,0.9189061522483826,0.9819366931915283,5.242458343505859,5.239865303039551,4.3712592124938965
10.55,0,103.14997863769531,128.95980834960938,119.2736816,202.6815948486328,203.11952209472656,200.73167419433594,0.4388696551322937,0.45611169934272766,0.5010654926300049,45.26939392089844,58.82007598876953,59.76392746,-43.83464813,-54.05012894,-58.68439484,6.161228179931641,19.925443649291992,3.692662000656128,0.9683064818382263,0.9189061522483826,0.9819366931915283,5.242458343505859,5.239865303039551,4.3712592124938965
10.6,0,103.14997863769531,128.95980834960938,119.2736816,202.6815948486328,203.11952209472656,200.73167419433594,0.4388696551322937,0.45611169934272766,0.5010654926300049,45.26939392089844,58.82007598876953,59.76392746,-43.83464813,-54.05012894,-58.68439484,6.161228179931641,19.925443649291992,3.692662000656128,0.9683064818382263,0.9189061522483826,0.9819366931915283,5.242458343505859,5.239865303039551,4.3712592124938965
10.65,0,103.14997863769531,128.95980834960938,119.2736816,202.6815948486328,203.11952209472656,200.73167419433594,0.4388696551322937,0.45611169934272766,0.5010654926300049,45.26939392089844,58.82007598876953,59.76392746,-43.83464813,-54.05012894,-58.68439484,6.161228179931641,19.925443649291992,3.692662000656128,0.9683064818382263,0.9189061522483826,0.9819366931915283,5.242458343505859,5.239865303039551,4.3712592124938965
10.7,0,103.16299438476562,128.97718811035156,119.27462768554688,202.71295166015625,203.13926696777344,200.73680114746094,0.442518413,0.46086007356643677,0.5036793947219849,45.65152359008789,59.44043731689453,60.07617188,-44.13975143,-54.75879669,-58.84941864,5.895841121673584,19.32421875,2.9754555225372314,0.9668844938278198,0.921238124,0.9795800447463989,5.131838321685791,5.212646484,4.276360511779785
10.75,0,103.16299438476562,128.97718811035156,119.27462768554688,202.71295166015625,203.13926696777344,200.73680114746094,0.442518413,0.46086007356643677,0.5036793947219849,45.65152359008789,59.44043731689453,60.07617188,-44.13975143,-54.75879669,-58.84941864,5.895841121673584,19.32421875,2.9754555225372314,0.9668844938278198,0.921238124,0.9795800447463989,5.131838321685791,5.212646484,4.276360511779785
10.8,0,103.16299438476562,128.97718811035156,119.27462768554688,202.71295166015625,203.13926696777344,200.73680114746094,0.442518413,0.46086007356643677,0.5036793947219849,45.65152359008789,59.44043731689453,60.07617188,-44.13975143,-54.75879669,-58.84941864,5.895841121673584,19.32421875,2.9754555225372314,0.9668844938278198,0.921238124,0.9795800447463989,5.131838321685791,5.212646484,4.276360511779785
10.85,0,103.16299438476562,128.97718811035156,119.27462768554688,202.71295166015625,203.13926696777344,200.73680114746094,0.442518413,0.46086007356643677,0.5036793947219849,45.65152359008789,59.44043731689453,60.07617188,-44.13975143,-54.75879669,-58.84941864,5.895841121673584,19.32421875,2.9754555225372314,0.9668844938278198,0.921238124,0.9795800447463989,5.131838321685791,5.212646484,4.276360511779785
10.9,0,103.09358978271484,129.01649475097656,119.26323699951172,202.6818084716797,203.07000732421875,200.73458862304688,0.4432874619960785,0.4638272523880005,0.5017843842506409,45.700096130371094,59.841365814208984,59.84442901611328,-44.23102188,-55.10328293,-58.73495865,6.559602737426758,19.702259063720703,3.317218065261841,0.9678540229797363,0.9208226203918457,0.9814607501029968,5.044120788574219,5.191292762756348,4.1426496505737305
10.95,0,103.09358978271484,129.01649475097656,119.26323699951172,202.6818084716797,203.07000732421875,200.73458862304688,0.4432874619960785,0.4638272523880005,0.5017843842506409,45.700096130371094,59.841365814208984,59.84442901611328,-44.23102188,-55.10328293,-58.73495865,6.559602737426758,19.702259063720703,3.317218065261841,0.9678540229797363,0.9208226203918457,0.9814607501029968,5.044120788574219,5.191292762756348,4.1426496505737305
11,0,103.09358978271484,129.01649475097656,119.26323699951172,202.6818084716797,203.07000732421875,200.73458862304688,0.4432874619960785,0.4638272523880005,0.5017843842506409,45.700096130371094,59.841365814208984,59.84442901611328,-44.23102188,-55.10328293,-58.73495865,6.559602737426758,19.702259063720703,3.317218065261841,0.9678540229797363,0.9208226203918457,0.9814607501029968,5.044120788574219,5.191292762756348,4.1426496505737305
11.05,0,103.09358978271484,129.01649475097656,119.26323699951172,202.6818084716797,203.07000732421875,200.73458862304688,0.4432874619960785,0.4638272523880005,0.5017843842506409,45.700096130371094,59.841365814208984,59.84442901611328,-44.23102188,-55.10328293,-58.73495865,6.559602737426758,19.702259063720703,3.317218065261841,0.9678540229797363,0.9208226203918457,0.9814607501029968,5.044120788574219,5.191292762756348,4.1426496505737305
11.1,0,103.08129119873047,128.9730987548828,119.3019027709961,202.63682556152344,203.09410095214844,200.74163818359375,0.4431648552417755,0.45958393812179565,0.5034509897232056,45.68200684,59.273963928222656,60.062660217285156,-44.24501801,-54.55475616,-58.93280411,6.155666828155518,19.665674209594727,3.4981131553649902,0.9685436487197876,0.920383096,0.9811887145042419,5.069479465484619,5.236711025238037,4.077955246
11.15,0,103.08129119873047,128.9730987548828,119.3019027709961,202.63682556152344,203.09410095214844,200.74163818359375,0.4431648552417755,0.45958393812179565,0.5034509897232056,45.68200684,59.273963928222656,60.062660217285156,-44.24501801,-54.55475616,-58.93280411,6.155666828155518,19.665674209594727,3.4981131553649902,0.9685436487197876,0.920383096,0.9811887145042419,5.069479465484619,5.236711025238037,4.077955246
11.2,0,103.08129119873047,128.9730987548828,119.3019027709961,202.63682556152344,203.09410095214844,200.74163818359375,0.4431648552417755,0.45958393812179565,0.5034509897232056,45.68200684,59.273963928222656,60.062660217285156,-44.24501801,-54.55475616,-58.93280411,6.155666828155518,19.665674209594727,3.4981131553649902,0.9685436487197876,0.920383096,0.9811887145042419,5.069479465484619,5.236711025238037,4.077955246
11.25,0,103.08129119873047,128.9730987548828,119.3019027709961,202.63682556152344,203.09410095214844,200.74163818359375,0.4431648552417755,0.45958393812179565,0.5034509897232056,45.68200684,59.273963928222656,60.062660217285156,-44.24501801,-54.55475616,-58.93280411,6.155666828155518,19.665674209594727,3.4981131553649902,0.9685436487197876,0.920383096,0.9811887145042419,5.069479465484619,5.236711025238037,4.077955246
11.3,0,103.09907531738281,128.95858764648438,119.3123779296875,202.67384338378906,203.07864379882812,200.74969482421875,0.44405755400657654,0.45818716287612915,0.5025980472564697,45.78192138671875,59.08716965,59.96616744995117,-44.35916901,-54.51222229,-58.78041077,5.543612003326416,18.80095672607422,2.9113504886627197,0.9689232707023621,0.922572911,0.9802262187004089,5.135930538,5.1882123947143555,4.040853500366211
11.35,0,103.09907531738281,128.95858764648438,119.3123779296875,202.67384338378906,203.07864379882812,200.74969482421875,0.44405755400657654,0.45818716287612915,0.5025980472564697,45.78192138671875,59.08716965,59.96616744995117,-44.35916901,-54.51222229,-58.78041077,5.543612003326416,18.80095672607422,2.9113504886627197,0.9689232707023621,0.922572911,0.9802262187004089,5.135930538,5.1882123947143555,4.040853500366211
11.4,0,103.09907531738281,128.95858764648438,119.3123779296875,202.67384338378906,203.07864379882812,200.74969482421875,0.44405755400657654,0.45818716287612915,0.5025980472564697,45.78192138671875,59.08716965,59.96616744995117,-44.35916901,-54.51222229,-58.78041077,5.543612003326416,18.80095672607422,2.9113504886627197,0.9689232707023621,0.922572911,0.9802262187004089,5.135930538,5.1882123947143555,4.040853500366211
11.45,0,103.09907531738281,128.95858764648438,119.3123779296875,202.67384338378906,203.07864379882812,200.74969482421875,0.44405755400657654,0.45818716287612915,0.5025980472564697,45.78192138671875,59.08716965,59.96616744995117,-44.35916901,-54.51222229,-58.78041077,5.543612003326416,18.80095672607422,2.9113504886627197,0.9689232707023621,0.922572911,0.9802262187004089,5.135930538,5.1882123947143555,4.040853500366211
11.5,0,103.06168365478516,129.00343322753906,119.28498840332031,202.7162628173828,203.0420684814453,200.69993591308594,0.4445749521255493,0.46396252512931824,0.5029160976409912,45.818641662597656,59.852760314941406,59.99034118652344,-44.31167603,-54.95775604,-58.85031891,7.014712810516357,20.33580780029297,4.045269489,0.9671102166175842,0.9182158708572388,0.9809965491294861,5.224702835083008,5.1631669998168945,4.020648956298828
11.55,0,103.06168365478516,129.00343322753906,119.28498840332031,202.7162628173828,203.0420684814453,200.69993591308594,0.4445749521255493,0.46396252512931824,0.5029160976409912,45.818641662597656,59.852760314941406,59.99034118652344,-44.31167603,-54.95775604,-58.85031891,7.014712810516357,20.33580780029297,4.045269489,0.9671102166175842,0.9182158708572388,0.9809965491294861,5.224702835083008,5.1631669998168945,4.020648956298828
11.6,0,103.06168365478516,129.00343322753906,119.28498840332031,202.7162628173828,203.0420684814453,200.69993591308594,0.4445749521255493,0.46396252512931824,0.5029160976409912,45.818641662597656,59.852760314941406,59.99034118652344,-44.31167603,-54.95775604,-58.85031891,7.014712810516357,20.33580780029297,4.045269489,0.9671102166175842,0.9182158708572388,0.9809965491294861,5.224702835083008,5.1631669998168945,4.020648956298828
11.65,0,103.06168365478516,129.00343322753906,119.28498840332031,202.7162628173828,203.0420684814453,200.69993591308594,0.4445749521255493,0.46396252512931824,0.5029160976409912,45.818641662597656,59.852760314941406,59.99034118652344,-44.31167603,-54.95775604,-58.85031891,7.014712810516357,20.33580780029297,4.045269489,0.9671102166175842,0.9182158708572388,0.9809965491294861,5.224702835083008,5.1631669998168945,4.020648956298828
11.7,0,103.08895111083984,128.95425415039062,119.33468627929688,202.6876220703125,203.07489013671875,200.75396728515625,0.4416014552116394,0.4599778652191162,0.5038489103317261,45.52423095703125,59.31610107421875,60.126651763916016,-44.15117264,-54.76735687,-58.99602127,5.583401679992676,19.18990135192871,2.6660914421081543,0.9698389768600464,0.9233134984970093,0.981195867,5.2372918128967285,5.127017498016357,4.087066173553467
11.75,0,103.08895111083984,128.95425415039062,119.33468627929688,202.6876220703125,203.07489013671875,200.75396728515625,0.4416014552116394,0.4599778652191162,0.5038489103317261,45.52423095703125,59.31610107421875,60.126651763916016,-44.15117264,-54.76735687,-58.99602127,5.583401679992676,19.18990135192871,2.6660914421081543,0.9698389768600464,0.9233134984970093,0.981195867,5.2372918128967285,5.127017498016357,4.087066173553467
11.8,0,103.08895111083984,128.95425415039062,119.33468627929688,202.6876220703125,203.07489013671875,200.75396728515625,0.4416014552116394,0.4599778652191162,0.5038489103317261,45.52423095703125,59.31610107421875,60.126651763916016,-44.15117264,-54.76735687,-58.99602127,5.583401679992676,19.18990135192871,2.6660914421081543,0.9698389768600464,0.9233134984970093,0.981195867,5.2372918128967285,5.127017498016357,4.087066173553467
11.85,0,103.08895111083984,128.95425415039062,119.33468627929688,202.6876220703125,203.07489013671875,200.75396728515625,0.4416014552116394,0.4599778652191162,0.5038489103317261,45.52423095703125,59.31610107421875,60.126651763916016,-44.15117264,-54.76735687,-58.99602127,5.583401679992676,19.18990135192871,2.6660914421081543,0.9698389768600464,0.9233134984970093,0.981195867,5.2372918128967285,5.127017498016357,4.087066173553467
11.9,0,103.12500762939453,128.83013916015625,119.2937012,202.60423278808594,202.94525146484375,200.7438965,0.4381130039691925,0.4547122120857239,0.4970789849758148,45.18040848,58.58063888549805,59.29839324951172,-43.74525452,-54.02707672,-58.12369537,5.804417133331299,19.015256881713867,3.0173723697662354,0.9682350158691406,0.9222684502601624,0.9801900386810303,5.210376739501953,5.049847126,4.154728889465332
11.95,0,103.12500762939453,128.83013916015625,119.2937012,202.60423278808594,202.94525146484375,200.7438965,0.4381130039691925,0.4547122120857239,0.4970789849758148,45.18040848,58.58063888549805,59.29839324951172,-43.74525452,-54.02707672,-58.12369537,5.804417133331299,19.015256881713867,3.0173723697662354,0.9682350158691406,0.9222684502601624,0.9801900386810303,5.210376739501953,5.049847126,4.154728889465332
12,0,103.12500762939453,128.83013916015625,119.2937012,202.60423278808594,202.94525146484375,200.7438965,0.4381130039691925,0.4547122120857239,0.4970789849758148,45.18040848,58.58063888549805,59.29839324951172,-43.74525452,-54.02707672,-58.12369537,5.804417133331299,19.015256881713867,3.0173723697662354,0.9682350158691406,0.9222684502601624,0.9801900386810303,5.210376739501953,5.049847126,4.154728889465332
12.05,0,103.12500762939453,128.83013916015625,119.2937012,202.60423278808594,202.94525146484375,200.7438965,0.4381130039691925,0.4547122120857239,0.4970789849758148,45.18040848,58.58063888549805,59.29839324951172,-43.74525452,-54.02707672,-58.12369537,5.804417133331299,19.015256881713867,3.0173723697662354,0.9682350158691406,0.9222684502601624,0.9801900386810303,5.210376739501953,5.049847126,4.154728889465332
12.1,0,103.15328979492188,128.9667510986328,119.33724975585938,202.73379516601562,203.10105895996094,200.81314086914062,0.4496210813522339,0.46868985891342163,0.508849561,46.37989426,60.44540786743164,60.724708557128906,-44.78849792,-55.5055809,-59.49337006,7.122045993804932,20.55583381652832,4.1476263999938965,0.9656878113746643,0.9182762503623962,0.9797226190567017,5.274540424346924,5.102548599243164,4.220485210418701
12.15,0,103.15328979492188,128.9667510986328,119.33724975585938,202.73379516601562,203.10105895996094,200.81314086914062,0.4496210813522339,0.46868985891342163,0.508849561,46.37989426,60.44540786743164,60.724708557128906,-44.78849792,-55.5055809,-59.49337006,7.122045993804932,20.55583381652832,4.1476263999938965,0.9656878113746643,0.9182762503623962,0.9797226190567017,5.274540424346924,5.102548599243164,4.220485210418701
12.2,0,103.15328979492188,128.9667510986328,119.33724975585938,202.73379516601562,203.10105895996094,200.81314086914062,0.4496210813522339,0.46868985891342163,0.508849561,46.37989426,60.44540786743164,60.724708557128906,-44.78849792,-55.5055809,-59.49337006,7.122045993804932,20.55583381652832,4.1476263999938965,0.9656878113746643,0.9182762503623962,0.9797226190567017,5.274540424346924,5.102548599243164,4.220485210418701
12.25,0,103.15328979492188,128.9667510986328,119.33724975585938,202.73379516601562,203.10105895996094,200.81314086914062,0.4496210813522339,0.46868985891342163,0.508849561,46.37989426,60.44540786743164,60.724708557128906,-44.78849792,-55.5055809,-59.49337006,7.122045993804932,20.55583381652832,4.1476263999938965,0.9656878113746643,0.9182762503623962,0.9797226190567017,5.274540424346924,5.102548599243164,4.220485210418701
12.3,0,103.1571044921875,128.92237854003906,119.33191680908203,202.66468811035156,203.1142578,200.7990264892578,0.4429262578487396,0.45920804142951965,0.5045536160469055,45.69099044799805,59.20219421386719,60.20935059,-44.34575272,-54.8213501,-59.10749817,5.277017116546631,18.793373107910156,2.4646928310394287,0.9705579280853271,0.926002026,0.9816996455192566,5.190112113952637,5.097787380218506,4.286540508270264
12.35,0,103.1571044921875,128.92237854003906,119.33191680908203,202.66468811035156,203.1142578,200.7990264892578,0.4429262578487396,0.45920804142951965,0.5045536160469055,45.69099044799805,59.20219421386719,60.20935059,-44.34575272,-54.8213501,-59.10749817,5.277017116546631,18.793373107910156,2.4646928310394287,0.9705579280853271,0.926002026,0.9816996455192566,5.190112113952637,5.097787380218506,4.286540508270264
12.4,0,103.1571044921875,128.92237854003906,119.33191680908203,202.66468811035156,203.1142578,200.7990264892578,0.4429262578487396,0.45920804142951965,0.5045536160469055,45.69099044799805,59.20219421386719,60.20935059,-44.34575272,-54.8213501,-59.10749817,5.277017116546631,18.793373107910156,2.4646928310394287,0.9705579280853271,0.926002026,0.9816996455192566,5.190112113952637,5.097787380218506,4.286540508270264
12.45,0,103.1571044921875,128.92237854003906,119.33191680908203,202.66468811035156,203.1142578,200.7990264892578,0.4429262578487396,0.45920804142951965,0.5045536160469055,45.69099044799805,59.20219421386719,60.20935059,-44.34575272,-54.8213501,-59.10749817,5.277017116546631,18.793373107910156,2.4646928310394287,0.9705579280853271,0.926002026,0.9816996455192566,5.190112113952637,5.097787380218506,4.286540508270264
12.5,0,103.09393310546875,128.81503295898438,119.2145767211914,202.50726318359375,202.9602508544922,200.61961364746094,0.43605390191078186,0.45417919754981995,0.49655210971832275,44.95451354980469,58.50510787963867,59.196250915527344,-43.4496994,-53.72016907,-57.97582626,6.152091026306152,19.54408836364746,3.5029618740081787,0.9665258526802063,0.9182133078575134,0.9793834090232849,5.157169342041016,5.121952056884766,4.308373451
12.55,0,103.09393310546875,128.81503295898438,119.2145767211914,202.50726318359375,202.9602508544922,200.61961364746094,0.43605390191078186,0.45417919754981995,0.49655210971832275,44.95451354980469,58.50510787963867,59.196250915527344,-43.4496994,-53.72016907,-57.97582626,6.152091026306152,19.54408836364746,3.5029618740081787,0.9665258526802063,0.9182133078575134,0.9793834090232849,5.157169342041016,5.121952056884766,4.308373451
12.6,0,103.09393310546875,128.81503295898438,119.2145767211914,202.50726318359375,202.9602508544922,200.61961364746094,0.43605390191078186,0.45417919754981995,0.49655210971832275,44.95451354980469,58.50510787963867,59.196250915527344,-43.4496994,-53.72016907,-57.97582626,6.152091026306152,19.54408836364746,3.5029618740081787,0.9665258526802063,0.9182133078575134,0.9793834090232849,5.157169342041016,5.121952056884766,4.308373451
12.65,0,103.09393310546875,128.81503295898438,119.2145767211914,202.50726318359375,202.9602508544922,200.61961364746094,0.43605390191078186,0.45417919754981995,0.49655210971832275,44.95451354980469,58.50510787963867,59.196250915527344,-43.4496994,-53.72016907,-57.97582626,6.152091026306152,19.54408836364746,3.5029618740081787,0.9665258526802063,0.9182133078575134,0.9793834090232849,5.157169342041016,5.121952056884766,4.308373451
12.7,0,103.11067962646484,128.98594665527344,119.26776885986328,202.66220092773438,203.0945281982422,200.72622680664062,0.4511752426624298,0.47021377086639404,0.5106342434883118,46.52098465,60.65096664428711,60.90220642089844,-45.07138443,-55.95447159,-59.84269714,6.663653851,20.068620681762695,3.523059606552124,0.9688398838043213,0.922565222,0.982603133,5.109517574310303,5.1318769454956055,4.249561786651611
12.75,0,103.11067962646484,128.98594665527344,119.26776885986328,202.66220092773438,203.0945281982422,200.72622680664062,0.4511752426624298,0.47021377086639404,0.5106342434883118,46.52098465,60.65096664428711,60.90220642089844,-45.07138443,-55.95447159,-59.84269714,6.663653851,20.068620681762695,3.523059606552124,0.9688398838043213,0.922565222,0.982603133,5.109517574310303,5.1318769454956055,4.249561786651611
12.8,0,103.11067962646484,128.98594665527344,119.26776885986328,202.66220092773438,203.0945281982422,200.72622680664062,0.4511752426624298,0.47021377086639404,0.5106342434883118,46.52098465,60.65096664428711,60.90220642089844,-45.07138443,-55.95447159,-59.84269714,6.663653851,20.068620681762695,3.523059606552124,0.9688398838043213,0.922565222,0.982603133,5.109517574310303,5.1318769454956055,4.249561786651611
12.85,0,103.11067962646484,128.98594665527344,119.26776885986328,202.66220092773438,203.0945281982422,200.72622680664062,0.4511752426624298,0.47021377086639404,0.5106342434883118,46.52098465,60.65096664428711,60.90220642089844,-45.07138443,-55.95447159,-59.84269714,6.663653851,20.068620681762695,3.523059606552124,0.9688398838043213,0.922565222,0.982603133,5.109517574310303,5.1318769454956055,4.249561786651611
12.9,0,103.0385513305664,128.88832092285156,119.23939514160156,202.48582458496094,202.9889678955078,200.66397094726562,0.43923425674438477,0.45411500334739685,0.4979579448699951,45.258060455322266,58.530120849609375,59.37620544433594,-43.93589401,-54.21881866,-58.26838303,5.123793125152588,18.17786407470703,2.282257556915283,0.9707860350608826,0.9263404607772827,0.9813423156738281,5.042153358459473,5.191098690032959,4.153777599334717
12.95,0,103.0385513305664,128.88832092285156,119.23939514160156,202.48582458496094,202.9889678955078,200.66397094726562,0.43923425674438477,0.45411500334739685,0.4979579448699951,45.258060455322266,58.530120849609375,59.37620544433594,-43.93589401,-54.21881866,-58.26838303,5.123793125152588,18.17786407470703,2.282257556915283,0.9707860350608826,0.9263404607772827,0.9813423156738281,5.042153358459473,5.191098690032959,4.153777599334717
13,0,103.0385513305664,128.88832092285156,119.23939514160156,202.48582458496094,202.9889678955078,200.66397094726562,0.43923425674438477,0.45411500334739685,0.4979579448699951,45.258060455322266,58.530120849609375,59.37620544433594,-43.93589401,-54.21881866,-58.26838303,5.123793125152588,18.17786407470703,2.282257556915283,0.9707860350608826,0.9263404607772827,0.9813423156738281,5.042153358459473,5.191098690032959,4.153777599334717
13.05,0,103.0385513305664,128.88832092285156,119.23939514160156,202.48582458496094,202.9889678955078,200.66397094726562,0.43923425674438477,0.45411500334739685,0.4979579448699951,45.258060455322266,58.530120849609375,59.37620544433594,-43.93589401,-54.21881866,-58.26838303,5.123793125152588,18.17786407470703,2.282257556915283,0.9707860350608826,0.9263404607772827,0.9813423156738281,5.042153358459473,5.191098690032959,4.153777599334717
13.1,0,103.03596496582031,128.86431884765625,119.23419952392578,202.50328063964844,202.98074340820312,200.6163330078125,0.44143614172935486,0.45863407850265503,0.5009989142417908,45.48379898071289,59.101566314697266,59.73620605,-43.94861603,-54.14748764,-58.52420425,6.485082149505615,19.90572166442871,3.8915486335754395,0.9662476778030396,0.9161768555641174,0.9797107577323914,5.065163612365723,5.1697211265563965,4.092528343200684
13.15,0,103.03596496582031,128.86431884765625,119.23419952392578,202.50328063964844,202.98074340820312,200.6163330078125,0.44143614172935486,0.45863407850265503,0.5009989142417908,45.48379898071289,59.101566314697266,59.73620605,-43.94861603,-54.14748764,-58.52420425,6.485082149505615,19.90572166442871,3.8915486335754395,0.9662476778030396,0.9161768555641174,0.9797107577323914,5.065163612365723,5.1697211265563965,4.092528343200684
13.2,0,103.03596496582031,128.86431884765625,119.23419952392578,202.50328063964844,202.98074340820312,200.6163330078125,0.44143614172935486,0.45863407850265503,0.5009989142417908,45.48379898071289,59.101566314697266,59.73620605,-43.94861603,-54.14748764,-58.52420425,6.485082149505615,19.90572166442871,3.8915486335754395,0.9662476778030396,0.9161768555641174,0.9797107577323914,5.065163612365723,5.1697211265563965,4.092528343200684
13.25,0,103.03596496582031,128.86431884765625,119.23419952392578,202.50328063964844,202.98074340820312,200.6163330078125,0.44143614172935486,0.45863407850265503,0.5009989142417908,45.48379898071289,59.101566314697266,59.73620605,-43.94861603,-54.14748764,-58.52420425,6.485082149505615,19.90572166442871,3.8915486335754395,0.9662476778030396,0.9161768555641174,0.9797107577323914,5.065163612365723,5.1697211265563965,4.092528343200684
13.3,0,103.07106018066406,128.9943389892578,119.29698181152344,202.68170166015625,203.05349731445312,200.7390137,0.4518590569496155,0.4668865501880646,0.5103570222854614,46.57359313964844,60.22572326660156,60.88405227661133,-45.24442291,-55.65918732,-59.85791779,6.306386947631836,19.68211555480957,3.5073444843292236,0.9714608788490295,0.9241763353347778,0.983146071,5.181943416595459,5.148087024688721,4.059527397155762
13.35,0,103.07106018066406,128.9943389892578,119.29698181152344,202.68170166015625,203.05349731445312,200.7390137,0.4518590569496155,0.4668865501880646,0.5103570222854614,46.57359313964844,60.22572326660156,60.88405227661133,-45.24442291,-55.65918732,-59.85791779,6.306386947631836,19.68211555480957,3.5073444843292236,0.9714608788490295,0.9241763353347778,0.983146071,5.181943416595459,5.148087024688721,4.059527397155762
13.4,0,103.07106018066406,128.9943389892578,119.29698181152344,202.68170166015625,203.05349731445312,200.7390137,0.4518590569496155,0.4668865501880646,0.5103570222854614,46.57359313964844,60.22572326660156,60.88405227661133,-45.24442291,-55.65918732,-59.85791779,6.306386947631836,19.68211555480957,3.5073444843292236,0.9714608788490295,0.9241763353347778,0.983146071,5.181943416595459,5.148087024688721,4.059527397155762
13.45,0,103.07106018066406,128.9943389892578,119.29698181152344,202.68170166015625,203.05349731445312,200.7390137,0.4518590569496155,0.4668865501880646,0.5103570222854614,46.57359313964844,60.22572326660156,60.88405227661133,-45.24442291,-55.65918732,-59.85791779,6.306386947631836,19.68211555480957,3.5073444843292236,0.9714608788490295,0.9241763353347778,0.983146071,5.181943416595459,5.148087024688721,4.059527397155762
13.5,0,102.99504852294922,128.9021759033203,119.23961639404297,202.5579833984375,202.9335479736328,200.6009979248047,0.43577340245246887,0.4539850950241089,0.49752065539360046,44.882503509521484,58.51966476,59.32417297363281,-43.47761154,-53.80358124,-58.14591217,5.649127006530762,19.184541702270508,2.907546281814575,0.9686984419822693,0.9194102883338928,0.9801385998725891,5.253983497619629,5.190124512,4.1019206047058105
13.55,0,102.99504852294922,128.9021759033203,119.23961639404297,202.5579833984375,202.9335479736328,200.6009979248047,0.43577340245246887,0.4539850950241089,0.49752065539360046,44.882503509521484,58.51966476,59.32417297363281,-43.47761154,-53.80358124,-58.14591217,5.649127006530762,19.184541702270508,2.907546281814575,0.9686984419822693,0.9194102883338928,0.9801385998725891,5.253983497619629,5.190124512,4.1019206047058105
13.6,0,102.99504852294922,128.9021759033203,119.23961639404297,202.5579833984375,202.9335479736328,200.6009979248047,0.43577340245246887,0.4539850950241089,0.49752065539360046,44.882503509521484,58.51966476,59.32417297363281,-43.47761154,-53.80358124,-58.14591217,5.649127006530762,19.184541702270508,2.907546281814575,0.9686984419822693,0.9194102883338928,0.9801385998725891,5.253983497619629,5.190124512,4.1019206047058105
13.65,0,102.99504852294922,128.9021759033203,119.23961639404297,202.5579833984375,202.9335479736328,200.6009979248047,0.43577340245246887,0.4539850950241089,0.49752065539360046,44.882503509521484,58.51966476,59.32417297363281,-43.47761154,-53.80358124,-58.14591217,5.649127006530762,19.184541702270508,2.907546281814575,0.9686984419822693,0.9194102883338928,0.9801385998725891,5.253983497619629,5.190124512,4.1019206047058105
13.7,0,103.0704116821289,128.8502655029297,119.31025695800781,202.58432006835938,202.9766845703125,200.7065887451172,0.44476619362831116,0.46080270409584045,0.5053284764289856,45.84223556518555,59.374549865722656,60.290870666503906,-44.32263565,-54.5104866,-59.05677414,5.9530744552612305,19.561559677124023,3.3767571449279785,0.966851532,0.9180783033370972,0.979530931,5.280241966247559,5.117153167724609,4.153352261
13.75,0,103.0704116821289,128.8502655029297,119.31025695800781,202.58432006835938,202.9766845703125,200.7065887451172,0.44476619362831116,0.46080270409584045,0.5053284764289856,45.84223556518555,59.374549865722656,60.290870666503906,-44.32263565,-54.5104866,-59.05677414,5.9530744552612305,19.561559677124023,3.3767571449279785,0.966851532,0.9180783033370972,0.979530931,5.280241966247559,5.117153167724609,4.153352261
13.8,0,103.0704116821289,128.8502655029297,119.31025695800781,202.58432006835938,202.9766845703125,200.7065887451172,0.44476619362831116,0.46080270409584045,0.5053284764289856,45.84223556518555,59.374549865722656,60.290870666503906,-44.32263565,-54.5104866,-59.05677414,5.9530744552612305,19.561559677124023,3.3767571449279785,0.966851532,0.9180783033370972,0.979530931,5.280241966247559,5.117153167724609,4.153352261
13.85,0,103.0704116821289,128.8502655029297,119.31025695800781,202.58432006835938,202.9766845703125,200.7065887451172,0.44476619362831116,0.46080270409584045,0.5053284764289856,45.84223556518555,59.374549865722656,60.290870666503906,-44.32263565,-54.5104866,-59.05677414,5.9530744552612305,19.561559677124023,3.3767571449279785,0.966851532,0.9180783033370972,0.979530931,5.280241966247559,5.117153167724609,4.153352261
13.9,0,103.11312866210938,128.9234161376953,119.34235382080078,202.6833496,203.01998901367188,200.80276489257812,0.4507219195365906,0.4655068516731262,0.5067607164382935,46.475345611572266,60.014732360839844,60.4780159,-45.01780319,-55.43592072,-59.31778717,6.238908767700195,19.238691329956055,3.293605327606201,0.9686383605003357,0.9237052202224731,0.9808157086372375,5.280718803405762,5.049338340759277,4.125331878662109
13.95,0,103.11312866210938,128.9234161376953,119.34235382080078,202.6833496,203.01998901367188,200.80276489257812,0.4507219195365906,0.4655068516731262,0.5067607164382935,46.475345611572266,60.014732360839844,60.4780159,-45.01780319,-55.43592072,-59.31778717,6.238908767700195,19.238691329956055,3.293605327606201,0.9686383605003357,0.9237052202224731,0.9808157086372375,5.280718803405762,5.049338340759277,4.125331878662109
14,0,103.11312866210938,128.9234161376953,119.34235382080078,202.6833496,203.01998901367188,200.80276489257812,0.4507219195365906,0.4655068516731262,0.5067607164382935,46.475345611572266,60.014732360839844,60.4780159,-45.01780319,-55.43592072,-59.31778717,6.238908767700195,19.238691329956055,3.293605327606201,0.9686383605003357,0.9237052202224731,0.9808157086372375,5.280718803405762,5.049338340759277,4.125331878662109
14.05,0,103.11312866210938,128.9234161376953,119.34235382080078,202.6833496,203.01998901367188,200.80276489257812,0.4507219195365906,0.4655068516731262,0.5067607164382935,46.475345611572266,60.014732360839844,60.4780159,-45.01780319,-55.43592072,-59.31778717,6.238908767700195,19.238691329956055,3.293605327606201,0.9686383605003357,0.9237052202224731,0.9808157086372375,5.280718803405762,5.049338340759277,4.125331878662109
14.1,0,103.07169342041016,128.87599182128906,119.2924805,202.58917236328125,203.01565551757812,200.68136596679688,0.43813058733940125,0.4567054212093353,0.49990394711494446,45.15886306762695,58.85836410522461,59.63478088378906,-43.74282837,-54.17103577,-58.54718018,5.990637779,19.616432189941406,3.2461516857147217,0.9686432480812073,0.9203625917434692,0.9817622900009155,5.291976451873779,5.07593298,4.198330879211426
14.15,0,103.07169342041016,128.87599182128906,119.2924805,202.58917236328125,203.01565551757812,200.68136596679688,0.43813058733940125,0.4567054212093353,0.49990394711494446,45.15886306762695,58.85836410522461,59.63478088378906,-43.74282837,-54.17103577,-58.54718018,5.990637779,19.616432189941406,3.2461516857147217,0.9686432480812073,0.9203625917434692,0.9817622900009155,5.291976451873779,5.07593298,4.198330879211426
14.2,0,103.07169342041016,128.87599182128906,119.2924805,202.58917236328125,203.01565551757812,200.68136596679688,0.43813058733940125,0.4567054212093353,0.49990394711494446,45.15886306762695,58.85836410522461,59.63478088378906,-43.74282837,-54.17103577,-58.54718018,5.990637779,19.616432189941406,3.2461516857147217,0.9686432480812073,0.9203625917434692,0.9817622900009155,5.291976451873779,5.07593298,4.198330879211426
14.25,0,103.07169342041016,128.87599182128906,119.2924805,202.58917236328125,203.01565551757812,200.68136596679688,0.43813058733940125,0.4567054212093353,0.49990394711494446,45.15886306762695,58.85836410522461,59.63478088378906,-43.74282837,-54.17103577,-58.54718018,5.990637779,19.616432189941406,3.2461516857147217,0.9686432480812073,0.9203625917434692,0.9817622900009155,5.291976451873779,5.07593298,4.198330879211426
14.3,0,103.15315246582031,128.8900909423828,119.32089233398438,202.66236877441406,203.0983123779297,200.75047302246094,0.44496262073516846,0.46155741810798645,0.5063462853431702,45.899295806884766,59.490177154541016,60.41769027709961,-44.42829895,-54.86768341,-59.25179291,5.644003868103027,19.239131927490234,2.9171597957611084,0.9679516553878784,0.9222981929779053,0.9807026982307434,5.2250566482543945,5.041388511657715,4.218790531158447
14.35,0,103.15315246582031,128.8900909423828,119.32089233398438,202.66236877441406,203.0983123779297,200.75047302246094,0.44496262073516846,0.46155741810798645,0.5063462853431702,45.899295806884766,59.490177154541016,60.41769027709961,-44.42829895,-54.86768341,-59.25179291,5.644003868103027,19.239131927490234,2.9171597957611084,0.9679516553878784,0.9222981929779053,0.9807026982307434,5.2250566482543945,5.041388511657715,4.218790531158447
14.4,0,103.15315246582031,128.8900909423828,119.32089233398438,202.66236877441406,203.0983123779297,200.75047302246094,0.44496262073516846,0.46155741810798645,0.5063462853431702,45.899295806884766,59.490177154541016,60.41769027709961,-44.42829895,-54.86768341,-59.25179291,5.644003868103027,19.239131927490234,2.9171597957611084,0.9679516553878784,0.9222981929779053,0.9807026982307434,5.2250566482543945,5.041388511657715,4.218790531158447
14.45,0,103.15315246582031,128.8900909423828,119.32089233398438,202.66236877441406,203.0983123779297,200.75047302246094,0.44496262073516846,0.46155741810798645,0.5063462853431702,45.899295806884766,59.490177154541016,60.41769027709961,-44.42829895,-54.86768341,-59.25179291,5.644003868103027,19.239131927490234,2.9171597957611084,0.9679516553878784,0.9222981929779053,0.9807026982307434,5.2250566482543945,5.041388511657715,4.218790531158447
14.5,0,103.1033706665039,128.94851684570312,119.2806167602539,202.63246154785156,203.0912322998047,200.71412658691406,0.4432997405529022,0.4610966145992279,0.5050069689750671,45.70569610595703,59.457725524902344,60.23754119873047,-44.22639084,-54.61231232,-59.12385941,6.543673038482666,20.269241333007812,3.922745704650879,0.9676341414451599,0.9185065627098083,0.9815118312835693,5.210844993591309,5.110100269317627,4.231901168823242
14.55,0,103.1033706665039,128.94851684570312,119.2806167602539,202.63246154785156,203.0912322998047,200.71412658691406,0.4432997405529022,0.4610966145992279,0.5050069689750671,45.70569610595703,59.457725524902344,60.23754119873047,-44.22639084,-54.61231232,-59.12385941,6.543673038482666,20.269241333007812,3.922745704650879,0.9676341414451599,0.9185065627098083,0.9815118312835693,5.210844993591309,5.110100269317627,4.231901168823242
14.6,0,103.1033706665039,128.94851684570312,119.2806167602539,202.63246154785156,203.0912322998047,200.71412658691406,0.4432997405529022,0.4610966145992279,0.5050069689750671,45.70569610595703,59.457725524902344,60.23754119873047,-44.22639084,-54.61231232,-59.12385941,6.543673038482666,20.269241333007812,3.922745704650879,0.9676341414451599,0.9185065627098083,0.9815118312835693,5.210844993591309,5.110100269317627,4.231901168823242
14.65,0,103.1033706665039,128.94851684570312,119.2806167602539,202.63246154785156,203.0912322998047,200.71412658691406,0.4432997405529022,0.4610966145992279,0.5050069689750671,45.70569610595703,59.457725524902344,60.23754119873047,-44.22639084,-54.61231232,-59.12385941,6.543673038482666,20.269241333007812,3.922745704650879,0.9676341414451599,0.9185065627098083,0.9815118312835693,5.210844993591309,5.110100269317627,4.231901168823242
14.7,0,103.07123565673828,129.06565856933594,119.2783432006836,202.69711303710938,203.14659118652344,200.71878051757812,0.442168653,0.46118083596229553,0.5021888613700867,45.57487106323242,59.52260971069336,59.90025711,-44.16615677,-54.93267822,-58.81858826,5.978240489959717,19.298295974731445,2.9068284034729004,0.9690901041030884,0.9228876233100891,0.9819421768188477,5.191119194030762,5.185009956359863,4.250667572021484
14.75,0,103.07123565673828,129.06565856933594,119.2783432006836,202.69711303710938,203.14659118652344,200.71878051757812,0.442168653,0.46118083596229553,0.5021888613700867,45.57487106323242,59.52260971069336,59.90025711,-44.16615677,-54.93267822,-58.81858826,5.978240489959717,19.298295974731445,2.9068284034729004,0.9690901041030884,0.9228876233100891,0.9819421768188477,5.191119194030762,5.185009956359863,4.250667572021484
14.8,0,103.07123565673828,129.06565856933594,119.2783432006836,202.69711303710938,203.14659118652344,200.71878051757812,0.442168653,0.46118083596229553,0.5021888613700867,45.57487106323242,59.52260971069336,59.90025711,-44.16615677,-54.93267822,-58.81858826,5.978240489959717,19.298295974731445,2.9068284034729004,0.9690901041030884,0.9228876233100891,0.9819421768188477,5.191119194030762,5.185009956359863,4.250667572021484
14.85,0,103.07123565673828,129.06565856933594,119.2783432006836,202.69711303710938,203.14659118652344,200.71878051757812,0.442168653,0.46118083596229553,0.5021888613700867,45.57487106323242,59.52260971069336,59.90025711,-44.16615677,-54.93267822,-58.81858826,5.978240489959717,19.298295974731445,2.9068284034729004,0.9690901041030884,0.9228876233100891,0.9819421768188477,5.191119194030762,5.185009956359863,4.250667572021484
14.9,0,103.14379119873047,129.00802612304688,119.3121109008789,202.7135772705078,203.16123962402344,200.78652954101562,0.441720575,0.4589371979236603,0.5030456781387329,45.560733795166016,59.206581115722656,60.01944351196289,-44.17040634,-54.68784332,-58.96295547,5.534417152404785,19.07636833190918,2.688778877258301,0.9694840908050537,0.923678458,0.9823975563049316,5.102215766906738,5.157142639160156,4.189314365386963
14.95,0,103.14379119873047,129.00802612304688,119.3121109008789,202.7135772705078,203.16123962402344,200.78652954101562,0.441720575,0.4589371979236603,0.5030456781387329,45.560733795166016,59.206581115722656,60.01944351196289,-44.17040634,-54.68784332,-58.96295547,5.534417152404785,19.07636833190918,2.688778877258301,0.9694840908050537,0.923678458,0.9823975563049316,5.102215766906738,5.157142639160156,4.189314365386963
15,0,103.14379119873047,129.00802612304688,119.3121109008789,202.7135772705078,203.16123962402344,200.78652954101562,0.441720575,0.4589371979236603,0.5030456781387329,45.560733795166016,59.206581115722656,60.01944351196289,-44.17040634,-54.68784332,-58.96295547,5.534417152404785,19.07636833190918,2.688778877258301,0.9694840908050537,0.923678458,0.9823975563049316,5.102215766906738,5.157142639160156,4.189314365386963
15.05,0,103.14379119873047,129.00802612304688,119.3121109008789,202.7135772705078,203.16123962402344,200.78652954101562,0.441720575,0.4589371979236603,0.5030456781387329,45.560733795166016,59.206581115722656,60.01944351196289,-44.17040634,-54.68784332,-58.96295547,5.534417152404785,19.07636833190918,2.688778877258301,0.9694840908050537,0.923678458,0.9823975563049316,5.102215766906738,5.157142639160156,4.189314365386963
15.1,0,103.12114715576172,129.06024169921875,119.30848693847656,202.7549285888672,203.18441772460938,200.76527404785156,0.4409860372543335,0.4596635699272156,0.503719687,45.47498703,59.32429122924805,60.09803391,-44.00519562,-54.30302811,-58.97558975,6.724708557128906,20.617534637451172,4.244892120361328,0.9676791429519653,0.9153590798377991,0.9813231229782104,5.214994907,5.261353015899658,4.171865463256836
15.15,0,103.12114715576172,129.06024169921875,119.30848693847656,202.7549285888672,203.18441772460938,200.76527404785156,0.4409860372543335,0.4596635699272156,0.503719687,45.47498703,59.32429122924805,60.09803391,-44.00519562,-54.30302811,-58.97558975,6.724708557128906,20.617534637451172,4.244892120361328,0.9676791429519653,0.9153590798377991,0.9813231229782104,5.214994907,5.261353015899658,4.171865463256836
15.2,0,103.12114715576172,129.06024169921875,119.30848693847656,202.7549285888672,203.18441772460938,200.76527404785156,0.4409860372543335,0.4596635699272156,0.503719687,45.47498703,59.32429122924805,60.09803391,-44.00519562,-54.30302811,-58.97558975,6.724708557128906,20.617534637451172,4.244892120361328,0.9676791429519653,0.9153590798377991,0.9813231229782104,5.214994907,5.261353015899658,4.171865463256836
15.25,0,103.12114715576172,129.06024169921875,119.30848693847656,202.7549285888672,203.18441772460938,200.76527404785156,0.4409860372543335,0.4596635699272156,0.503719687,45.47498703,59.32429122924805,60.09803391,-44.00519562,-54.30302811,-58.97558975,6.724708557128906,20.617534637451172,4.244892120361328,0.9676791429519653,0.9153590798377991,0.9813231229782104,5.214994907,5.261353015899658,4.171865463256836
15.3,0,103.12773895263672,129.1210479736328,119.3459473,202.8430938720703,203.23866271972656,200.80361938476562,0.4427553415298462,0.46204087138175964,0.5043277740478516,45.66035842895508,59.659202575683594,60.189476013183594,-44.24682617,-55.05059052,-59.04333878,5.635657787322998,19.128759384155273,2.5366556644439697,0.9690424799919128,0.9227510094642639,0.9809578657150269,5.223708629608154,5.243566036224365,4.121701240539551
15.35,0,103.12773895263672,129.1210479736328,119.3459473,202.8430938720703,203.23866271972656,200.80361938476562,0.4427553415298462,0.46204087138175964,0.5043277740478516,45.66035842895508,59.659202575683594,60.189476013183594,-44.24682617,-55.05059052,-59.04333878,5.635657787322998,19.128759384155273,2.5366556644439697,0.9690424799919128,0.9227510094642639,0.9809578657150269,5.223708629608154,5.243566036224365,4.121701240539551
15.4,0,103.12773895263672,129.1210479736328,119.3459473,202.8430938720703,203.23866271972656,200.80361938476562,0.4427553415298462,0.46204087138175964,0.5043277740478516,45.66035842895508,59.659202575683594,60.189476013183594,-44.24682617,-55.05059052,-59.04333878,5.635657787322998,19.128759384155273,2.5366556644439697,0.9690424799919128,0.9227510094642639,0.9809578657150269,5.223708629608154,5.243566036224365,4.121701240539551
15.45,0,103.12773895263672,129.1210479736328,119.3459473,202.8430938720703,203.23866271972656,200.80361938476562,0.4427553415298462,0.46204087138175964,0.5043277740478516,45.66035842895508,59.659202575683594,60.189476013183594,-44.24682617,-55.05059052,-59.04333878,5.635657787322998,19.128759384155273,2.5366556644439697,0.9690424799919128,0.9227510094642639,0.9809578657150269,5.223708629608154,5.243566036224365,4.121701240539551
15.5,0,103.10865783691406,129.0647430419922,119.31993103027344,202.80897521972656,203.13885498046875,200.76043701171875,0.43869444727897644,0.4580741226673126,0.4990597665309906,45.23319625854492,59.121219635009766,59.54777526855469,-43.6807518,-54.33721542,-58.29939651,5.808688163757324,19.20952796936035,2.7883009910583496,0.9656791090965271,0.91908145,0.9790356755256653,5.2551655769348145,5.180486679077148,4.086157321929932
15.55,0,103.10865783691406,129.0647430419922,119.31993103027344,202.80897521972656,203.13885498046875,200.76043701171875,0.43869444727897644,0.4580741226673126,0.4990597665309906,45.23319625854492,59.121219635009766,59.54777526855469,-43.6807518,-54.33721542,-58.29939651,5.808688163757324,19.20952796936035,2.7883009910583496,0.9656791090965271,0.91908145,0.9790356755256653,5.2551655769348145,5.180486679077148,4.086157321929932
15.6,0,103.10865783691406,129.0647430419922,119.31993103027344,202.80897521972656,203.13885498046875,200.76043701171875,0.43869444727897644,0.4580741226673126,0.4990597665309906,45.23319625854492,59.121219635009766,59.54777526855469,-43.6807518,-54.33721542,-58.29939651,5.808688163757324,19.20952796936035,2.7883009910583496,0.9656791090965271,0.91908145,0.9790356755256653,5.2551655769348145,5.180486679077148,4.086157321929932
15.65,0,103.10865783691406,129.0647430419922,119.31993103027344,202.80897521972656,203.13885498046875,200.76043701171875,0.43869444727897644,0.4580741226673126,0.4990597665309906,45.23319625854492,59.121219635009766,59.54777526855469,-43.6807518,-54.33721542,-58.29939651,5.808688163757324,19.20952796936035,2.7883009910583496,0.9656791090965271,0.91908145,0.9790356755256653,5.2551655769348145,5.180486679077148,4.086157321929932
15.7,0,103.15182495117188,129.0356445,119.38230895996094,202.8118896484375,203.16305541992188,200.86668395996094,0.44362813234329224,0.46287810802459717,0.5069829821586609,45.761051177978516,59.72777557373047,60.52479934692383,-44.32834244,-54.7037468,-59.43405151,6.721883773803711,20.741252899169922,4.170057297,0.9686915278434753,0.9158845543861389,0.9819784760475159,5.235662460327148,5.114867210388184,4.062023639678955
15.75,0,103.15182495117188,129.0356445,119.38230895996094,202.8118896484375,203.16305541992188,200.86668395996094,0.44362813234329224,0.46287810802459717,0.5069829821586609,45.761051177978516,59.72777557373047,60.52479934692383,-44.32834244,-54.7037468,-59.43405151,6.721883773803711,20.741252899169922,4.170057297,0.9686915278434753,0.9158845543861389,0.9819784760475159,5.235662460327148,5.114867210388184,4.062023639678955
15.8,0,103.15182495117188,129.0356445,119.38230895996094,202.8118896484375,203.16305541992188,200.86668395996094,0.44362813234329224,0.46287810802459717,0.5069829821586609,45.761051177978516,59.72777557373047,60.52479934692383,-44.32834244,-54.7037468,-59.43405151,6.721883773803711,20.741252899169922,4.170057297,0.9686915278434753,0.9158845543861389,0.9819784760475159,5.235662460327148,5.114867210388184,4.062023639678955
15.85,0,103.15182495117188,129.0356445,119.38230895996094,202.8118896484375,203.16305541992188,200.86668395996094,0.44362813234329224,0.46287810802459717,0.5069829821586609,45.761051177978516,59.72777557373047,60.52479934692383,-44.32834244,-54.7037468,-59.43405151,6.721883773803711,20.741252899169922,4.170057297,0.9686915278434753,0.9158845543861389,0.9819784760475159,5.235662460327148,5.114867210388184,4.062023639678955
15.9,0,103.19001770019531,129.00367736816406,119.3696060180664,202.82615661621094,203.09768676757812,200.89889526367188,0.4445898234844208,0.4631705582141876,0.5030947923660278,45.87723159790039,59.75070571899414,60.05422592163086,-44.36392212,-55.15590286,-58.86053467,5.918914794921875,19.079362869262695,2.678480863571167,0.967013955,0.923100471,0.9801231026649475,5.1936163902282715,5.042176246643066,4.063082695007324
15.95,0,103.19001770019531,129.00367736816406,119.3696060180664,202.82615661621094,203.09768676757812,200.89889526367188,0.4445898234844208,0.4631705582141876,0.5030947923660278,45.87723159790039,59.75070571899414,60.05422592163086,-44.36392212,-55.15590286,-58.86053467,5.918914794921875,19.079362869262695,2.678480863571167,0.967013955,0.923100471,0.9801231026649475,5.1936163902282715,5.042176246643066,4.063082695007324
16,0,103.19001770019531,129.00367736816406,119.3696060180664,202.82615661621094,203.09768676757812,200.89889526367188,0.4445898234844208,0.4631705582141876,0.5030947923660278,45.87723159790039,59.75070571899414,60.05422592163086,-44.36392212,-55.15590286,-58.86053467,5.918914794921875,19.079362869262695,2.678480863571167,0.967013955,0.923100471,0.9801231026649475,5.1936163902282715,5.042176246643066,4.063082695007324
16.05,0,103.19001770019531,129.00367736816406,119.3696060180664,202.82615661621094,203.09768676757812,200.89889526367188,0.4445898234844208,0.4631705582141876,0.5030947923660278,45.87723159790039,59.75070571899414,60.05422592163086,-44.36392212,-55.15590286,-58.86053467,5.918914794921875,19.079362869262695,2.678480863571167,0.967013955,0.923100471,0.9801231026649475,5.1936163902282715,5.042176246643066,4.063082695007324
16.1,0,103.12651062011719,128.96832275390625,119.3294448852539,202.73989868164062,203.06967163085938,200.7824249267578,0.4381163418292999,0.4611627459526062,0.4995787441730499,45.18140793,59.47538757324219,59.61445236206055,-43.72703934,-54.77730179,-58.45103836,6.433991909,19.822402954101562,3.0870468616485596,0.9678104519844055,0.9210078716278076,0.9804843664169312,5.203229904174805,4.9934258460998535,4.127645492553711
16.15,0,103.12651062011719,128.96832275390625,119.3294448852539,202.73989868164062,203.06967163085938,200.7824249267578,0.4381163418292999,0.4611627459526062,0.4995787441730499,45.18140793,59.47538757324219,59.61445236206055,-43.72703934,-54.77730179,-58.45103836,6.433991909,19.822402954101562,3.0870468616485596,0.9678104519844055,0.9210078716278076,0.9804843664169312,5.203229904174805,4.9934258460998535,4.127645492553711
16.2,0,103.12651062011719,128.96832275390625,119.3294448852539,202.73989868164062,203.06967163085938,200.7824249267578,0.4381163418292999,0.4611627459526062,0.4995787441730499,45.18140793,59.47538757324219,59.61445236206055,-43.72703934,-54.77730179,-58.45103836,6.433991909,19.822402954101562,3.0870468616485596,0.9678104519844055,0.9210078716278076,0.9804843664169312,5.203229904174805,4.9934258460998535,4.127645492553711
16.25,0,103.12651062011719,128.96832275390625,119.3294448852539,202.73989868164062,203.06967163085938,200.7824249267578,0.4381163418292999,0.4611627459526062,0.4995787441730499,45.18140793,59.47538757324219,59.61445236206055,-43.72703934,-54.77730179,-58.45103836,6.433991909,19.822402954101562,3.0870468616485596,0.9678104519844055,0.9210078716278076,0.9804843664169312,5.203229904174805,4.9934258460998535,4.127645492553711
16.3,0,103.1938247680664,128.9590301513672,119.37144470214844,202.75352478027344,203.13929748535156,200.8771209716797,0.4438607394695282,0.4612065255641937,0.5076836943626404,45.803688049316406,59.47674560546875,60.602935791015625,-44.41574478,-54.69596481,-59.49905777,5.971563339233398,19.962554931640625,3.4910659790039062,0.9696980118751526,0.9196193218231201,0.9817850589752197,5.208035945892334,4.965874671936035,4.170461177825928
16.35,0,103.1938247680664,128.9590301513672,119.37144470214844,202.75352478027344,203.13929748535156,200.8771209716797,0.4438607394695282,0.4612065255641937,0.5076836943626404,45.803688049316406,59.47674560546875,60.602935791015625,-44.41574478,-54.69596481,-59.49905777,5.971563339233398,19.962554931640625,3.4910659790039062,0.9696980118751526,0.9196193218231201,0.9817850589752197,5.208035945892334,4.965874671936035,4.170461177825928
16.4,0,103.1938247680664,128.9590301513672,119.37144470214844,202.75352478027344,203.13929748535156,200.8771209716797,0.4438607394695282,0.4612065255641937,0.5076836943626404,45.803688049316406,59.47674560546875,60.602935791015625,-44.41574478,-54.69596481,-59.49905777,5.971563339233398,19.962554931640625,3.4910659790039062,0.9696980118751526,0.9196193218231201,0.9817850589752197,5.208035945892334,4.965874671936035,4.170461177825928
16.45,0,103.1938247680664,128.9590301513672,119.37144470214844,202.75352478027344,203.13929748535156,200.8771209716797,0.4438607394695282,0.4612065255641937,0.5076836943626404,45.803688049316406,59.47674560546875,60.602935791015625,-44.41574478,-54.69596481,-59.49905777,5.971563339233398,19.962554931640625,3.4910659790039062,0.9696980118751526,0.9196193218231201,0.9817850589752197,5.208035945892334,4.965874671936035,4.170461177825928
16.5,0,103.1787109,128.96400451660156,119.32307434082031,202.73980712890625,203.12680053710938,200.80519104003906,0.4397934675216675,0.45681655406951904,0.49894413352012634,45.377323150634766,58.91289138793945,59.53554916381836,-43.90395355,-54.35006332,-58.38393784,5.860382080078125,19.140201568603516,3.010300397872925,0.9675307273864746,0.9225496053695679,0.9806567430496216,5.170228958129883,5.001441955566406,4.254113197
16.55,0,103.1787109,128.96400451660156,119.32307434082031,202.73980712890625,203.12680053710938,200.80519104003906,0.4397934675216675,0.45681655406951904,0.49894413352012634,45.377323150634766,58.91289138793945,59.53554916381836,-43.90395355,-54.35006332,-58.38393784,5.860382080078125,19.140201568603516,3.010300397872925,0.9675307273864746,0.9225496053695679,0.9806567430496216,5.170228958129883,5.001441955566406,4.254113197
16.6,0,103.1787109,128.96400451660156,119.32307434082031,202.73980712890625,203.12680053710938,200.80519104003906,0.4397934675216675,0.45681655406951904,0.49894413352012634,45.377323150634766,58.91289138793945,59.53554916381836,-43.90395355,-54.35006332,-58.38393784,5.860382080078125,19.140201568603516,3.010300397872925,0.9675307273864746,0.9225496053695679,0.9806567430496216,5.170228958129883,5.001441955566406,4.254113197
16.65,0,103.1787109,128.96400451660156,119.32307434082031,202.73980712890625,203.12680053710938,200.80519104003906,0.4397934675216675,0.45681655406951904,0.49894413352012634,45.377323150634766,58.91289138793945,59.53554916381836,-43.90395355,-54.35006332,-58.38393784,5.860382080078125,19.140201568603516,3.010300397872925,0.9675307273864746,0.9225496053695679,0.9806567430496216,5.170228958129883,5.001441955566406,4.254113197
16.7,0,103.21038055419922,129.04356384277344,119.36072540283203,202.8193817138672,203.22193908691406,200.8798828,0.4453102946281433,0.4659987688064575,0.5075969696044922,45.96064376831055,60.13414001464844,60.58714294433594,-44.42854309,-55.22501755,-59.3858223,6.665116786956787,20.351808547973633,3.70194149,0.9666649699211121,0.9183638095855713,0.9801720380783081,5.177410603,5.076075077056885,4.310201644897461
16.75,0,103.21038055419922,129.04356384277344,119.36072540283203,202.8193817138672,203.22193908691406,200.8798828,0.4453102946281433,0.4659987688064575,0.5075969696044922,45.96064376831055,60.13414001464844,60.58714294433594,-44.42854309,-55.22501755,-59.3858223,6.665116786956787,20.351808547973633,3.70194149,0.9666649699211121,0.9183638095855713,0.9801720380783081,5.177410603,5.076075077056885,4.310201644897461
16.8,0,103.21038055419922,129.04356384277344,119.36072540283203,202.8193817138672,203.22193908691406,200.8798828,0.4453102946281433,0.4659987688064575,0.5075969696044922,45.96064376831055,60.13414001464844,60.58714294433594,-44.42854309,-55.22501755,-59.3858223,6.665116786956787,20.351808547973633,3.70194149,0.9666649699211121,0.9183638095855713,0.9801720380783081,5.177410603,5.076075077056885,4.310201644897461
16.85,0,103.21038055419922,129.04356384277344,119.36072540283203,202.8193817138672,203.22193908691406,200.8798828,0.4453102946281433,0.4659987688064575,0.5075969696044922,45.96064376831055,60.13414001464844,60.58714294433594,-44.42854309,-55.22501755,-59.3858223,6.665116786956787,20.351808547973633,3.70194149,0.9666649699211121,0.9183638095855713,0.9801720380783081,5.177410603,5.076075077056885,4.310201644897461
16.9,0,102.9014663696289,129.48892211914062,119.38348388671875,202.81883239746094,203.26760864257812,200.94004821777344,0.442062646,0.45996659994125366,0.5047878623008728,45.488895416259766,59.560577392578125,60.26333236694336,-44.05104446,-54.85165024,-59.19799805,5.769430637359619,19.649290084838867,2.7237401008605957,0.9683911800384521,0.9209388494491577,0.9823220372200012,5.144143581390381,5.116770267486572,4.285372257232666
16.95,0,102.9014663696289,129.48892211914062,119.38348388671875,202.81883239746094,203.26760864257812,200.94004821777344,0.442062646,0.45996659994125366,0.5047878623008728,45.488895416259766,59.560577392578125,60.26333236694336,-44.05104446,-54.85165024,-59.19799805,5.769430637359619,19.649290084838867,2.7237401008605957,0.9683911800384521,0.9209388494491577,0.9823220372200012,5.144143581390381,5.116770267486572,4.285372257232666
17,0,102.9014663696289,129.48892211914062,119.38348388671875,202.81883239746094,203.26760864257812,200.94004821777344,0.442062646,0.45996659994125366,0.5047878623008728,45.488895416259766,59.560577392578125,60.26333236694336,-44.05104446,-54.85165024,-59.19799805,5.769430637359619,19.649290084838867,2.7237401008605957,0.9683911800384521,0.9209388494491577,0.9823220372200012,5.144143581390381,5.116770267486572,4.285372257232666
17.05,0,102.9014663696289,129.48892211914062,119.38348388671875,202.81883239746094,203.26760864257812,200.94004821777344,0.442062646,0.45996659994125366,0.5047878623008728,45.488895416259766,59.560577392578125,60.26333236694336,-44.05104446,-54.85165024,-59.19799805,5.769430637359619,19.649290084838867,2.7237401008605957,0.9683911800384521,0.9209388494491577,0.9823220372200012,5.144143581390381,5.116770267486572,4.285372257232666
17.1,4,96.89515686035156,122.83540344238281,112.47083282470703,191.24282836914062,191.6045684814453,189.77914428710938,2.8333489894866943,2.889143228530884,2.885662078857422,274.53778076171875,354.8890686035156,324.5528259277344,-3.641152143,-1.406644106,-63.1761055,211.08265686035156,286.78643798828125,244.85911560058594,0.013262845575809479,0.003963616,0.19465585052967072,5.715264320373535,5.728928565979004,4.724092960357666
17.15,4,96.89515686035156,122.83540344238281,112.47083282470703,191.24282836914062,191.6045684814453,189.77914428710938,2.8333489894866943,2.889143228530884,2.885662078857422,274.53778076171875,354.8890686035156,324.5528259277344,-3.641152143,-1.406644106,-63.1761055,211.08265686035156,286.78643798828125,244.85911560058594,0.013262845575809479,0.003963616,0.19465585052967072,5.715264320373535,5.728928565979004,4.724092960357666
17.2,4,96.89515686035156,122.83540344238281,112.47083282470703,191.24282836914062,191.6045684814453,189.77914428710938,2.8333489894866943,2.889143228530884,2.885662078857422,274.53778076171875,354.8890686035156,324.5528259277344,-3.641152143,-1.406644106,-63.1761055,211.08265686035156,286.78643798828125,244.85911560058594,0.013262845575809479,0.003963616,0.19465585052967072,5.715264320373535,5.728928565979004,4.724092960357666
17.25,4,96.89515686035156,122.83540344238281,112.47083282470703,191.24282836914062,191.6045684814453,189.77914428710938,2.8333489894866943,2.889143228530884,2.885662078857422,274.53778076171875,354.8890686035156,324.5528259277344,-3.641152143,-1.406644106,-63.1761055,211.08265686035156,286.78643798828125,244.85911560058594,0.013262845575809479,0.003963616,0.19465585052967072,5.715264320373535,5.728928565979004,4.724092960357666
17.3,0,102.15914154052734,129.4769287109375,118.59307098388672,202.02239990234375,201.8526611328125,200.00790405273438,1.2807421684265137,1.3027150630950928,1.386508822441101,130.8395233154297,168.67153930664062,164.4303436279297,-47.92329407,-55.86315155,-69.25398254,43.79032897949219,64.28351593017578,46.558006286621094,0.3662753701210022,0.3311948776245117,0.4211752116680145,5.205003261566162,5.250749588012695,4.240362167358398
17.35,0,102.15914154052734,129.4769287109375,118.59307098388672,202.02239990234375,201.8526611328125,200.00790405273438,1.2807421684265137,1.3027150630950928,1.386508822441101,130.8395233154297,168.67153930664062,164.4303436279297,-47.92329407,-55.86315155,-69.25398254,43.79032897949219,64.28351593017578,46.558006286621094,0.3662753701210022,0.3311948776245117,0.4211752116680145,5.205003261566162,5.250749588012695,4.240362167358398
17.4,0,102.15914154052734,129.4769287109375,118.59307098388672,202.02239990234375,201.8526611328125,200.00790405273438,1.2807421684265137,1.3027150630950928,1.386508822441101,130.8395233154297,168.67153930664062,164.4303436279297,-47.92329407,-55.86315155,-69.25398254,43.79032897949219,64.28351593017578,46.558006286621094,0.3662753701210022,0.3311948776245117,0.4211752116680145,5.205003261566162,5.250749588012695,4.240362167358398
17.45,0,102.15914154052734,129.4769287109375,118.59307098388672,202.02239990234375,201.8526611328125,200.00790405273438,1.2807421684265137,1.3027150630950928,1.386508822441101,130.8395233154297,168.67153930664062,164.4303436279297,-47.92329407,-55.86315155,-69.25398254,43.79032897949219,64.28351593017578,46.558006286621094,0.3662753701210022,0.3311948776245117,0.4211752116680145,5.205003261566162,5.250749588012695,4.240362167358398
17.5,0,103.43760681152344,129.42779541015625,119.64029693603516,203.3837891,203.7915802001953,201.30606079101562,0.4753025472164154,0.48574212193489075,0.5296452045440674,49.16415786743164,62.86853027,63.36690902709961,-48.16324615,-60.23820877,-62.21925735,0.6180003881454468,12.44448471069336,-4.186872005,0.9796414375305176,0.9581615328788757,0.9818887710571289,5.037864685058594,5.081671237945557,4.045450210571289
17.55,0,103.43760681152344,129.42779541015625,119.64029693603516,203.3837891,203.7915802001953,201.30606079101562,0.4753025472164154,0.48574212193489075,0.5296452045440674,49.16415786743164,62.86853027,63.36690902709961,-48.16324615,-60.23820877,-62.21925735,0.6180003881454468,12.44448471069336,-4.186872005,0.9796414375305176,0.9581615328788757,0.9818887710571289,5.037864685058594,5.081671237945557,4.045450210571289
17.6,0,103.43760681152344,129.42779541015625,119.64029693603516,203.3837891,203.7915802001953,201.30606079101562,0.4753025472164154,0.48574212193489075,0.5296452045440674,49.16415786743164,62.86853027,63.36690902709961,-48.16324615,-60.23820877,-62.21925735,0.6180003881454468,12.44448471069336,-4.186872005,0.9796414375305176,0.9581615328788757,0.9818887710571289,5.037864685058594,5.081671237945557,4.045450210571289
17.65,0,103.43760681152344,129.42779541015625,119.64029693603516,203.3837891,203.7915802001953,201.30606079101562,0.4753025472164154,0.48574212193489075,0.5296452045440674,49.16415786743164,62.86853027,63.36690902709961,-48.16324615,-60.23820877,-62.21925735,0.6180003881454468,12.44448471069336,-4.186872005,0.9796414375305176,0.9581615328788757,0.9818887710571289,5.037864685058594,5.081671237945557,4.045450210571289
17.7,0,103.31737518310547,129.2506561279297,119.54469299316406,203.12930297851562,203.51119995117188,201.14852905273438,0.4601480960845947,0.46914976835250854,0.515788198,47.54129409790039,60.637916564941406,61.65974044799805,-46.63412094,-57.76223755,-60.73978806,1.6336148977279663,13.963309288024902,-2.245123148,0.9809182286262512,0.95257622,0.9850801825523376,5.116123199462891,5.118616104125977,4.022590637207031
17.75,0,103.31737518310547,129.2506561279297,119.54469299316406,203.12930297851562,203.51119995117188,201.14852905273438,0.4601480960845947,0.46914976835250854,0.515788198,47.54129409790039,60.637916564941406,61.65974044799805,-46.63412094,-57.76223755,-60.73978806,1.6336148977279663,13.963309288024902,-2.245123148,0.9809182286262512,0.95257622,0.9850801825523376,5.116123199462891,5.118616104125977,4.022590637207031
17.8,0,103.31737518310547,129.2506561279297,119.54469299316406,203.12930297851562,203.51119995117188,201.14852905273438,0.4601480960845947,0.46914976835250854,0.515788198,47.54129409790039,60.637916564941406,61.65974044799805,-46.63412094,-57.76223755,-60.73978806,1.6336148977279663,13.963309288024902,-2.245123148,0.9809182286262512,0.95257622,0.9850801825523376,5.116123199462891,5.118616104125977,4.022590637207031
17.85,0,103.31737518310547,129.2506561279297,119.54469299316406,203.12930297851562,203.51119995117188,201.14852905273438,0.4601480960845947,0.46914976835250854,0.515788198,47.54129409790039,60.637916564941406,61.65974044799805,-46.63412094,-57.76223755,-60.73978806,1.6336148977279663,13.963309288024902,-2.245123148,0.9809182286262512,0.95257622,0.9850801825523376,5.116123199462891,5.118616104125977,4.022590637207031
17.9,0,103.25155639648438,129.1248779296875,119.45128631591797,202.96998596191406,203.30345153808594,201.0183868408203,0.44299647212028503,0.4537961781024933,0.4998912811279297,45.740074157714844,58.59637451171875,59.71265793,-44.97078705,-55.79446793,-58.91224289,1.7802648544311523,14.118915557861328,-1.90030086,0.983181357,0.952182949,0.9865955710411072,5.135033607,5.050598145,4.015010356903076
17.95,0,103.25155639648438,129.1248779296875,119.45128631591797,202.96998596191406,203.30345153808594,201.0183868408203,0.44299647212028503,0.4537961781024933,0.4998912811279297,45.740074157714844,58.59637451171875,59.71265793,-44.97078705,-55.79446793,-58.91224289,1.7802648544311523,14.118915557861328,-1.90030086,0.983181357,0.952182949,0.9865955710411072,5.135033607,5.050598145,4.015010356903076
18,0,103.25155639648438,129.1248779296875,119.45128631591797,202.96998596191406,203.30345153808594,201.0183868408203,0.44299647212028503,0.4537961781024933,0.4998912811279297,45.740074157714844,58.59637451171875,59.71265793,-44.97078705,-55.79446793,-58.91224289,1.7802648544311523,14.118915557861328,-1.90030086,0.983181357,0.952182949,0.9865955710411072,5.135033607,5.050598145,4.015010356903076
18.05,0,103.25155639648438,129.1248779296875,119.45128631591797,202.96998596191406,203.30345153808594,201.0183868408203,0.44299647212028503,0.4537961781024933,0.4998912811279297,45.740074157714844,58.59637451171875,59.71265793,-44.97078705,-55.79446793,-58.91224289,1.7802648544311523,14.118915557861328,-1.90030086,0.983181357,0.952182949,0.9865955710411072,5.135033607,5.050598145,4.015010356903076
18.1,0,103.25660705566406,129.10939025878906,119.46131134033203,202.96458435058594,203.31942749023438,201.01536560058594,0.4478999078273773,0.4557846784591675,0.5067436099052429,46.24862289428711,58.84608078,60.53625488,-45.40011597,-55.67226791,-59.74950409,2.572340488433838,15.576952934265137,-0.374097317,0.9816533327102661,0.9460658431053162,0.9870036244392395,5.222032070159912,5.031794548034668,4.045505523681641
18.15,0,103.25660705566406,129.10939025878906,119.46131134033203,202.96458435058594,203.31942749023438,201.01536560058594,0.4478999078273773,0.4557846784591675,0.5067436099052429,46.24862289428711,58.84608078,60.53625488,-45.40011597,-55.67226791,-59.74950409,2.572340488433838,15.576952934265137,-0.374097317,0.9816533327102661,0.9460658431053162,0.9870036244392395,5.222032070159912,5.031794548034668,4.045505523681641
18.2,0,103.25660705566406,129.10939025878906,119.46131134033203,202.96458435058594,203.31942749023438,201.01536560058594,0.4478999078273773,0.4557846784591675,0.5067436099052429,46.24862289428711,58.84608078,60.53625488,-45.40011597,-55.67226791,-59.74950409,2.572340488433838,15.576952934265137,-0.374097317,0.9816533327102661,0.9460658431053162,0.9870036244392395,5.222032070159912,5.031794548034668,4.045505523681641
18.25,0,103.25660705566406,129.10939025878906,119.46131134033203,202.96458435058594,203.31942749023438,201.01536560058594,0.4478999078273773,0.4557846784591675,0.5067436099052429,46.24862289428711,58.84608078,60.53625488,-45.40011597,-55.67226791,-59.74950409,2.572340488433838,15.576952934265137,-0.374097317,0.9816533327102661,0.9460658431053162,0.9870036244392395,5.222032070159912,5.031794548034668,4.045505523681641
18.3,0,103.16859436035156,129.01441955566406,119.3638916015625,202.79574584960938,203.19256591796875,200.83441162109375,0.4351215660572052,0.44572046399116516,0.49510589241981506,44.89088058,57.50436782836914,59.09776688,-44.10062027,-54.38601303,-58.37291718,2.336359739303589,15.299877166748047,-0.629982173,0.9823959469795227,0.9457718729972839,0.9877347350120544,5.237055302,4.990146160125732,4.104015827178955
18.35,0,103.16859436035156,129.01441955566406,119.3638916015625,202.79574584960938,203.19256591796875,200.83441162109375,0.4351215660572052,0.44572046399116516,0.49510589241981506,44.89088058,57.50436782836914,59.09776688,-44.10062027,-54.38601303,-58.37291718,2.336359739303589,15.299877166748047,-0.629982173,0.9823959469795227,0.9457718729972839,0.9877347350120544,5.237055302,4.990146160125732,4.104015827178955
18.4,0,103.16859436035156,129.01441955566406,119.3638916015625,202.79574584960938,203.19256591796875,200.83441162109375,0.4351215660572052,0.44572046399116516,0.49510589241981506,44.89088058,57.50436782836914,59.09776688,-44.10062027,-54.38601303,-58.37291718,2.336359739303589,15.299877166748047,-0.629982173,0.9823959469795227,0.9457718729972839,0.9877347350120544,5.237055302,4.990146160125732,4.104015827178955
18.45,0,103.16859436035156,129.01441955566406,119.3638916015625,202.79574584960938,203.19256591796875,200.83441162109375,0.4351215660572052,0.44572046399116516,0.49510589241981506,44.89088058,57.50436782836914,59.09776688,-44.10062027,-54.38601303,-58.37291718,2.336359739303589,15.299877166748047,-0.629982173,0.9823959469795227,0.9457718729972839,0.9877347350120544,5.237055302,4.990146160125732,4.104015827178955
18.5,0,103.16899871826172,129.02345275878906,119.3477554321289,202.77688598632812,203.2012176513672,200.8270721435547,0.4398345947265625,0.4530135989189148,0.5016695857048035,45.377296447753906,58.449378967285156,59.873138427734375,-44.43701172,-54.77615356,-59.06655121,3.701120615005493,17.06279945373535,0.8844218254089355,0.9792785048484802,0.9371554255485535,0.9865283966064453,5.180937767028809,5.013465404510498,4.1468377113342285
18.55,0,103.16899871826172,129.02345275878906,119.3477554321289,202.77688598632812,203.2012176513672,200.8270721435547,0.4398345947265625,0.4530135989189148,0.5016695857048035,45.377296447753906,58.449378967285156,59.873138427734375,-44.43701172,-54.77615356,-59.06655121,3.701120615005493,17.06279945373535,0.8844218254089355,0.9792785048484802,0.9371554255485535,0.9865283966064453,5.180937767028809,5.013465404510498,4.1468377113342285
18.6,0,103.16899871826172,129.02345275878906,119.3477554321289,202.77688598632812,203.2012176513672,200.8270721435547,0.4398345947265625,0.4530135989189148,0.5016695857048035,45.377296447753906,58.449378967285156,59.873138427734375,-44.43701172,-54.77615356,-59.06655121,3.701120615005493,17.06279945373535,0.8844218254089355,0.9792785048484802,0.9371554255485535,0.9865283966064453,5.180937767028809,5.013465404510498,4.1468377113342285
18.65,0,103.16899871826172,129.02345275878906,119.3477554321289,202.77688598632812,203.2012176513672,200.8270721435547,0.4398345947265625,0.4530135989189148,0.5016695857048035,45.377296447753906,58.449378967285156,59.873138427734375,-44.43701172,-54.77615356,-59.06655121,3.701120615005493,17.06279945373535,0.8844218254089355,0.9792785048484802,0.9371554255485535,0.9865283966064453,5.180937767028809,5.013465404510498,4.1468377113342285
18.7,0,103.08991241455078,129.0365447998047,119.30360412597656,202.7471923828125,203.1184539794922,200.73870849609375,0.43370968103408813,0.44484642148017883,0.4922613501548767,44.71109390258789,57.40144348144531,58.728553771972656,-43.86278915,-54.01534653,-57.9656868,3.288210391998291,16.160886764526367,0.4178290069103241,0.9810269474983215,0.9410102367401123,0.9870103001594543,5.160482406616211,5.0566301345825195,4.043627738952637
18.75,0,103.08991241455078,129.0365447998047,119.30360412597656,202.7471923828125,203.1184539794922,200.73870849609375,0.43370968103408813,0.44484642148017883,0.4922613501548767,44.71109390258789,57.40144348144531,58.728553771972656,-43.86278915,-54.01534653,-57.9656868,3.288210391998291,16.160886764526367,0.4178290069103241,0.9810269474983215,0.9410102367401123,0.9870103001594543,5.160482406616211,5.0566301345825195,4.043627738952637
18.8,0,103.08991241455078,129.0365447998047,119.30360412597656,202.7471923828125,203.1184539794922,200.73870849609375,0.43370968103408813,0.44484642148017883,0.4922613501548767,44.71109390258789,57.40144348144531,58.728553771972656,-43.86278915,-54.01534653,-57.9656868,3.288210391998291,16.160886764526367,0.4178290069103241,0.9810269474983215,0.9410102367401123,0.9870103001594543,5.160482406616211,5.0566301345825195,4.043627738952637
18.85,0,103.08991241455078,129.0365447998047,119.30360412597656,202.7471923828125,203.1184539794922,200.73870849609375,0.43370968103408813,0.44484642148017883,0.4922613501548767,44.71109390258789,57.40144348144531,58.728553771972656,-43.86278915,-54.01534653,-57.9656868,3.288210391998291,16.160886764526367,0.4178290069103241,0.9810269474983215,0.9410102367401123,0.9870103001594543,5.160482406616211,5.0566301345825195,4.043627738952637
18.9,0,103.1449966430664,128.96766662597656,119.32471466064453,202.68296813964844,203.14834594726562,200.79478454589844,0.43602418899536133,0.4523763954639435,0.49780523777008057,44.97371292114258,58.34192657470703,59.40046691894531,-43.98907471,-54.57025909,-58.61545181,4.556156635284424,17.83721160888672,1.542550802230835,0.9781063795089722,0.9353523850440979,0.9867843389511108,5.1268229484558105,5.0157694816589355,4.198872089385986
18.95,0,103.1449966430664,128.96766662597656,119.32471466064453,202.68296813964844,203.14834594726562,200.79478454589844,0.43602418899536133,0.4523763954639435,0.49780523777008057,44.97371292114258,58.34192657470703,59.40046691894531,-43.98907471,-54.57025909,-58.61545181,4.556156635284424,17.83721160888672,1.542550802230835,0.9781063795089722,0.9353523850440979,0.9867843389511108,5.1268229484558105,5.0157694816589355,4.198872089385986
19,0,103.1449966430664,128.96766662597656,119.32471466064453,202.68296813964844,203.14834594726562,200.79478454589844,0.43602418899536133,0.4523763954639435,0.49780523777008057,44.97371292114258,58.34192657470703,59.40046691894531,-43.98907471,-54.57025909,-58.61545181,4.556156635284424,17.83721160888672,1.542550802230835,0.9781063795089722,0.9353523850440979,0.9867843389511108,5.1268229484558105,5.0157694816589355,4.198872089385986
19.05,0,103.1449966430664,128.96766662597656,119.32471466064453,202.68296813964844,203.14834594726562,200.79478454589844,0.43602418899536133,0.4523763954639435,0.49780523777008057,44.97371292114258,58.34192657470703,59.40046691894531,-43.98907471,-54.57025909,-58.61545181,4.556156635284424,17.83721160888672,1.542550802230835,0.9781063795089722,0.9353523850440979,0.9867843389511108,5.1268229484558105,5.0157694816589355,4.198872089385986
19.1,0,103.06092071533203,129.01524353027344,119.25914764404297,202.6595001220703,203.08993530273438,200.6862030029297,0.4292013645172119,0.44192299246788025,0.48944494128227234,44.23388672,57.014801025390625,58.370784759521484,-43.38352203,-53.46731567,-57.6758461,3.6870744228363037,16.79768943786621,0.984230638,0.9807757139205933,0.9377795457839966,0.9880943894386292,5.093292713165283,5.118138790130615,4.080024242401123
19.15,0,103.06092071533203,129.01524353027344,119.25914764404297,202.6595001220703,203.08993530273438,200.6862030029297,0.4292013645172119,0.44192299246788025,0.48944494128227234,44.23388672,57.014801025390625,58.370784759521484,-43.38352203,-53.46731567,-57.6758461,3.6870744228363037,16.79768943786621,0.984230638,0.9807757139205933,0.9377795457839966,0.9880943894386292,5.093292713165283,5.118138790130615,4.080024242401123
19.2,0,103.06092071533203,129.01524353027344,119.25914764404297,202.6595001220703,203.08993530273438,200.6862030029297,0.4292013645172119,0.44192299246788025,0.48944494128227234,44.23388672,57.014801025390625,58.370784759521484,-43.38352203,-53.46731567,-57.6758461,3.6870744228363037,16.79768943786621,0.984230638,0.9807757139205933,0.9377795457839966,0.9880943894386292,5.093292713165283,5.118138790130615,4.080024242401123
19.25,0,103.06092071533203,129.01524353027344,119.25914764404297,202.6595001220703,203.08993530273438,200.6862030029297,0.4292013645172119,0.44192299246788025,0.48944494128227234,44.23388672,57.014801025390625,58.370784759521484,-43.38352203,-53.46731567,-57.6758461,3.6870744228363037,16.79768943786621,0.984230638,0.9807757139205933,0.9377795457839966,0.9880943894386292,5.093292713165283,5.118138790130615,4.080024242401123
19.3,0,103.09544372558594,128.982666,119.31907653808594,202.69740295410156,203.1219940185547,200.73748779296875,0.4334079623222351,0.45048338174819946,0.4953373968601227,44.68238449,58.104549407958984,59.10319900512695,-43.70015335,-54.16259384,-58.32170486,4.880640983581543,18.27821922302246,2.0227930545806885,0.9780175089836121,0.9321575164794922,0.9867774844169617,5.253232479095459,5.042107105255127,4.096142768859863
19.35,0,103.09544372558594,128.982666,119.31907653808594,202.69740295410156,203.1219940185547,200.73748779296875,0.4334079623222351,0.45048338174819946,0.4953373968601227,44.68238449,58.104549407958984,59.10319900512695,-43.70015335,-54.16259384,-58.32170486,4.880640983581543,18.27821922302246,2.0227930545806885,0.9780175089836121,0.9321575164794922,0.9867774844169617,5.253232479095459,5.042107105255127,4.096142768859863
19.4,0,103.09544372558594,128.982666,119.31907653808594,202.69740295410156,203.1219940185547,200.73748779296875,0.4334079623222351,0.45048338174819946,0.4953373968601227,44.68238449,58.104549407958984,59.10319900512695,-43.70015335,-54.16259384,-58.32170486,4.880640983581543,18.27821922302246,2.0227930545806885,0.9780175089836121,0.9321575164794922,0.9867774844169617,5.253232479095459,5.042107105255127,4.096142768859863
19.45,0,103.09544372558594,128.982666,119.31907653808594,202.69740295410156,203.1219940185547,200.73748779296875,0.4334079623222351,0.45048338174819946,0.4953373968601227,44.68238449,58.104549407958984,59.10319900512695,-43.70015335,-54.16259384,-58.32170486,4.880640983581543,18.27821922302246,2.0227930545806885,0.9780175089836121,0.9321575164794922,0.9867774844169617,5.253232479095459,5.042107105255127,4.096142768859863
19.5,0,103.07395935058594,128.97488403320312,119.2199478149414,202.62832641601562,203.0660400390625,200.63507080078125,0.4273223578929901,0.44175487756729126,0.48831745982170105,44.045806884765625,56.975284576416016,58.21718215942383,-43.08525085,-53.22737122,-57.41405106,4.021963596343994,17.213581085205078,1.3333784341812134,0.9781919121742249,0.9342185854911804,0.9862045645713806,5.127513408660889,5.099690914154053,4.194242954
19.55,0,103.07395935058594,128.97488403320312,119.2199478149414,202.62832641601562,203.0660400390625,200.63507080078125,0.4273223578929901,0.44175487756729126,0.48831745982170105,44.045806884765625,56.975284576416016,58.21718215942383,-43.08525085,-53.22737122,-57.41405106,4.021963596343994,17.213581085205078,1.3333784341812134,0.9781919121742249,0.9342185854911804,0.9862045645713806,5.127513408660889,5.099690914154053,4.194242954
19.6,0,103.07395935058594,128.97488403320312,119.2199478149414,202.62832641601562,203.0660400390625,200.63507080078125,0.4273223578929901,0.44175487756729126,0.48831745982170105,44.045806884765625,56.975284576416016,58.21718215942383,-43.08525085,-53.22737122,-57.41405106,4.021963596343994,17.213581085205078,1.3333784341812134,0.9781919121742249,0.9342185854911804,0.9862045645713806,5.127513408660889,5.099690914154053,4.194242954
19.65,0,103.07395935058594,128.97488403320312,119.2199478149414,202.62832641601562,203.0660400390625,200.63507080078125,0.4273223578929901,0.44175487756729126,0.48831745982170105,44.045806884765625,56.975284576416016,58.21718215942383,-43.08525085,-53.22737122,-57.41405106,4.021963596343994,17.213581085205078,1.3333784341812134,0.9781919121742249,0.9342185854911804,0.9862045645713806,5.127513408660889,5.099690914154053,4.194242954
19.7,0,103.07847595214844,128.97149658203125,119.27289581298828,202.68218994140625,203.04330444335938,200.69647216796875,0.4334404766559601,0.4496780335903168,0.4948272407054901,44.678382873535156,57.99564743041992,59.01947784423828,-43.57604218,-53.65908813,-58.16226196,5.602386474609375,19.144819259643555,3.0960824489593506,0.975327194,0.9252261519432068,0.9854757189750671,5.1528191566467285,5.063686370849609,4.049978256225586
19.75,0,103.07847595214844,128.97149658203125,119.27289581298828,202.68218994140625,203.04330444335938,200.69647216796875,0.4334404766559601,0.4496780335903168,0.4948272407054901,44.678382873535156,57.99564743041992,59.01947784423828,-43.57604218,-53.65908813,-58.16226196,5.602386474609375,19.144819259643555,3.0960824489593506,0.975327194,0.9252261519432068,0.9854757189750671,5.1528191566467285,5.063686370849609,4.049978256225586
19.8,0,103.07847595214844,128.97149658203125,119.27289581298828,202.68218994140625,203.04330444335938,200.69647216796875,0.4334404766559601,0.4496780335903168,0.4948272407054901,44.678382873535156,57.99564743041992,59.01947784423828,-43.57604218,-53.65908813,-58.16226196,5.602386474609375,19.144819259643555,3.0960824489593506,0.975327194,0.9252261519432068,0.9854757189750671,5.1528191566467285,5.063686370849609,4.049978256225586
19.85,0,103.07847595214844,128.97149658203125,119.27289581298828,202.68218994140625,203.04330444335938,200.69647216796875,0.4334404766559601,0.4496780335903168,0.4948272407054901,44.678382873535156,57.99564743041992,59.01947784423828,-43.57604218,-53.65908813,-58.16226196,5.602386474609375,19.144819259643555,3.0960824489593506,0.975327194,0.9252261519432068,0.9854757189750671,5.1528191566467285,5.063686370849609,4.049978256225586
19.9,0,103.11869812011719,128.93954467773438,119.25979614257812,202.65579223632812,203.02963256835938,200.7221221923828,0.4302516579627991,0.44745442271232605,0.48955264687538147,44.36698913574219,57.69456863,58.383949279785156,-43.30562973,-53.81136322,-57.54630661,4.7391276359558105,17.699844360351562,1.6584956645965576,0.9760777354240417,0.9326937198638916,0.9856528639793396,5.095135212,5.035649776,4.221682071685791
19.95,0,103.11869812011719,128.93954467773438,119.25979614257812,202.65579223632812,203.02963256835938,200.7221221923828,0.4302516579627991,0.44745442271232605,0.48955264687538147,44.36698913574219,57.69456863,58.383949279785156,-43.30562973,-53.81136322,-57.54630661,4.7391276359558105,17.699844360351562,1.6584956645965576,0.9760777354240417,0.9326937198638916,0.9856528639793396,5.095135212,5.035649776,4.221682071685791
