t+,class,V_L1,V_L2,V_L3,V_L12,V_L23,V_L31,A_L1,A_L2,A_L3,VA_L1,VA_L2,VA_L3,W_L1,W_L2,W_L3,Q_L1,Q_L2,Q_L3,PF_L1,PF_L2,PF_L3,THD_L1,THD_L2,THD_L3
0,0,103.02963256835938,128.8706817626953,119.2384033203125,202.5080108642578,202.94403076171875,200.63946533203125,0.44445183873176575,0.4579535126686096,0.5023918747901917,45.791709899902344,59.016780853271484,59.90440368652344,-44.3024292,-54.17470932,-58.68131638,6.4118876457214355,19.738510131835938,4.091784954071045,0.9674770832061768,0.9179543256759644,0.979582667,5.175872802734375,5.137606143951416,4.128637313842773
0.05,0,103.02963256835938,128.8706817626953,119.2384033203125,202.5080108642578,202.94403076171875,200.63946533203125,0.44445183873176575,0.4579535126686096,0.5023918747901917,45.791709899902344,59.016780853271484,59.90440368652344,-44.3024292,-54.17470932,-58.68131638,6.4118876457214355,19.738510131835938,4.091784954071045,0.9674770832061768,0.9179543256759644,0.979582667,5.175872802734375,5.137606143951416,4.128637313842773
0.1,0,103.02963256835938,128.8706817626953,119.2384033203125,202.5080108642578,202.94403076171875,200.63946533203125,0.44445183873176575,0.4579535126686096,0.5023918747901917,45.791709899902344,59.016780853271484,59.90440368652344,-44.3024292,-54.17470932,-58.68131638,6.4118876457214355,19.738510131835938,4.091784954071045,0.9674770832061768,0.9179543256759644,0.979582667,5.175872802734375,5.137606143951416,4.128637313842773
0.15,0,103.02963256835938,128.8706817626953,119.2384033203125,202.5080108642578,202.94403076171875,200.63946533203125,0.44445183873176575,0.4579535126686096,0.5023918747901917,45.791709899902344,59.016780853271484,59.90440368652344,-44.3024292,-54.17470932,-58.68131638,6.4118876457214355,19.738510131835938,4.091784954071045,0.9674770832061768,0.9179543256759644,0.979582667,5.175872802734375,5.137606143951416,4.128637313842773
0.2,0,103.03356170654297,128.91001892089844,119.23210144042969,202.53829956054688,202.99984741210938,200.62608337402344,0.446018249,0.46237215399742126,0.5030645728111267,45.95484924316406,59.60440444946289,59.98144531,-44.41585159,-54.88113022,-58.759655,6.163425922393799,19.212072372436523,3.2553277015686035,0.9665106534957886,0.9207562804222107,0.9796305298805237,5.143945693969727,5.151856899261475,4.105405330657959
0.25,0,103.03356170654297,128.91001892089844,119.23210144042969,202.53829956054688,202.99984741210938,200.62608337402344,0.446018249,0.46237215399742126,0.5030645728111267,45.95484924316406,59.60440444946289,59.98144531,-44.41585159,-54.88113022,-58.759655,6.163425922393799,19.212072372436523,3.2553277015686035,0.9665106534957886,0.9207562804222107,0.9796305298805237,5.143945693969727,5.151856899261475,4.105405330657959
0.3,0,103.03356170654297,128.91001892089844,119.23210144042969,202.53829956054688,202.99984741210938,200.62608337402344,0.446018249,0.46237215399742126,0.5030645728111267,45.95484924316406,59.60440444946289,59.98144531,-44.41585159,-54.88113022,-58.759655,6.163425922393799,19.212072372436523,3.2553277015686035,0.9665106534957886,0.9207562804222107,0.9796305298805237,5.143945693969727,5.151856899261475,4.105405330657959
0.35,0,103.03356170654297,128.91001892089844,119.23210144042969,202.53829956054688,202.99984741210938,200.62608337402344,0.446018249,0.46237215399742126,0.5030645728111267,45.95484924316406,59.60440444946289,59.98144531,-44.41585159,-54.88113022,-58.759655,6.163425922393799,19.212072372436523,3.2553277015686035,0.9665106534957886,0.9207562804222107,0.9796305298805237,5.143945693969727,5.151856899261475,4.105405330657959
0.4,0,102.98383331298828,128.91783142089844,119.25784301757812,202.5186309814453,202.99388122558594,200.61534118652344,0.4413793087005615,0.4588444232940674,0.5029759407043457,45.454933166503906,59.153228759765625,59.98382568359375,-44.03109741,-54.4849968,-58.82913971,5.782844066619873,19.361291885375977,3.0059878826141357,0.9686758518218994,0.9210823774337769,0.9807500243186951,5.123556137084961,5.101187705993652,4.080978870391846
0.45,0,102.98383331298828,128.91783142089844,119.25784301757812,202.5186309814453,202.99388122558594,200.61534118652344,0.4413793087005615,0.4588444232940674,0.5029759407043457,45.454933166503906,59.153228759765625,59.98382568359375,-44.03109741,-54.4849968,-58.82913971,5.782844066619873,19.361291885375977,3.0059878826141357,0.9686758518218994,0.9210823774337769,0.9807500243186951,5.123556137084961,5.101187705993652,4.080978870391846
0.5,0,102.98383331298828,128.91783142089844,119.25784301757812,202.5186309814453,202.99388122558594,200.61534118652344,0.4413793087005615,0.4588444232940674,0.5029759407043457,45.454933166503906,59.153228759765625,59.98382568359375,-44.03109741,-54.4849968,-58.82913971,5.782844066619873,19.361291885375977,3.0059878826141357,0.9686758518218994,0.9210823774337769,0.9807500243186951,5.123556137084961,5.101187705993652,4.080978870391846
0.55,0,102.98383331298828,128.91783142089844,119.25784301757812,202.5186309814453,202.99388122558594,200.61534118652344,0.4413793087005615,0.4588444232940674,0.5029759407043457,45.454933166503906,59.153228759765625,59.98382568359375,-44.03109741,-54.4849968,-58.82913971,5.782844066619873,19.361291885375977,3.0059878826141357,0.9686758518218994,0.9210823774337769,0.9807500243186951,5.123556137084961,5.101187705993652,4.080978870391846
0.6,0,103.0396499633789,128.9040069580078,119.26693725585938,202.56936645507812,202.9696044921875,200.67410278320312,0.4463030993938446,0.46067166328430176,0.5046846866607666,45.986915588378906,59.382423400878906,60.192195892333984,-44.60341263,-54.70272827,-59.11060715,6.378267765045166,19.752187728881836,3.8652162551879883,0.9699152708053589,0.9211939573287964,0.9820311069488525,5.1414570808410645,5.1171369552612305,4.094034194946289
0.65,0,103.0396499633789,128.9040069580078,119.26693725585938,202.56936645507812,202.9696044921875,200.67410278320312,0.4463030993938446,0.46067166328430176,0.5046846866607666,45.986915588378906,59.382423400878906,60.192195892333984,-44.60341263,-54.70272827,-59.11060715,6.378267765045166,19.752187728881836,3.8652162551879883,0.9699152708053589,0.9211939573287964,0.9820311069488525,5.1414570808410645,5.1171369552612305,4.094034194946289
0.7,0,103.0396499633789,128.9040069580078,119.26693725585938,202.56936645507812,202.9696044921875,200.67410278320312,0.4463030993938446,0.46067166328430176,0.5046846866607666,45.986915588378906,59.382423400878906,60.192195892333984,-44.60341263,-54.70272827,-59.11060715,6.378267765045166,19.752187728881836,3.8652162551879883,0.9699152708053589,0.9211939573287964,0.9820311069488525,5.1414570808410645,5.1171369552612305,4.094034194946289
0.75,0,103.0396499633789,128.9040069580078,119.26693725585938,202.56936645507812,202.9696044921875,200.67410278320312,0.4463030993938446,0.46067166328430176,0.5046846866607666,45.986915588378906,59.382423400878906,60.192195892333984,-44.60341263,-54.70272827,-59.11060715,6.378267765045166,19.752187728881836,3.8652162551879883,0.9699152708053589,0.9211939573287964,0.9820311069488525,5.1414570808410645,5.1171369552612305,4.094034194946289
0.8,0,103.05567169189453,128.88006591796875,119.25728607177734,202.5487060546875,202.94000244140625,200.69393920898438,0.4450131356716156,0.4599110782146454,0.5027616620063782,45.86112594604492,59.27336883544922,59.95799255371094,-44.48325729,-54.80728149,-58.9022789,5.761760711669922,18.93829917907715,2.9254932403564453,0.9699556231498718,0.9246526956558228,0.98239243,5.12949276,5.090314865112305,4.130326747894287
0.85,0,103.05567169189453,128.88006591796875,119.25728607177734,202.5487060546875,202.94000244140625,200.69393920898438,0.4450131356716156,0.4599110782146454,0.5027616620063782,45.86112594604492,59.27336883544922,59.95799255371094,-44.48325729,-54.80728149,-58.9022789,5.761760711669922,18.93829917907715,2.9254932403564453,0.9699556231498718,0.9246526956558228,0.98239243,5.12949276,5.090314865112305,4.130326747894287
0.9,0,103.05567169189453,128.88006591796875,119.25728607177734,202.5487060546875,202.94000244140625,200.69393920898438,0.4450131356716156,0.4599110782146454,0.5027616620063782,45.86112594604492,59.27336883544922,59.95799255371094,-44.48325729,-54.80728149,-58.9022789,5.761760711669922,18.93829917907715,2.9254932403564453,0.9699556231498718,0.9246526956558228,0.98239243,5.12949276,5.090314865112305,4.130326747894287
0.95,0,103.05567169189453,128.88006591796875,119.25728607177734,202.5487060546875,202.94000244140625,200.69393920898438,0.4450131356716156,0.4599110782146454,0.5027616620063782,45.86112594604492,59.27336883544922,59.95799255371094,-44.48325729,-54.80728149,-58.9022789,5.761760711669922,18.93829917907715,2.9254932403564453,0.9699556231498718,0.9246526956558228,0.98239243,5.12949276,5.090314865112305,4.130326747894287
1,0,102.99569702148438,128.87889099121094,119.24632263183594,202.49679565429688,202.95504760742188,200.6111297607422,0.44054102897644043,0.4582768678665161,0.5035417079925537,45.37382888793945,59.06221389770508,60.04549789428711,-43.92152023,-54.29118347,-58.90227509,5.975299358,19.810012817382812,3.3767683506011963,0.967992365,0.9192202687263489,0.9809607267379761,5.2002387046813965,5.108841896057129,4.142364978790283
1.05,0,102.99569702148438,128.87889099121094,119.24632263183594,202.49679565429688,202.95504760742188,200.6111297607422,0.44054102897644043,0.4582768678665161,0.5035417079925537,45.37382888793945,59.06221389770508,60.04549789428711,-43.92152023,-54.29118347,-58.90227509,5.975299358,19.810012817382812,3.3767683506011963,0.967992365,0.9192202687263489,0.9809607267379761,5.2002387046813965,5.108841896057129,4.142364978790283
1.1,0,102.99569702148438,128.87889099121094,119.24632263183594,202.49679565429688,202.95504760742188,200.6111297607422,0.44054102897644043,0.4582768678665161,0.5035417079925537,45.37382888793945,59.06221389770508,60.04549789428711,-43.92152023,-54.29118347,-58.90227509,5.975299358,19.810012817382812,3.3767683506011963,0.967992365,0.9192202687263489,0.9809607267379761,5.2002387046813965,5.108841896057129,4.142364978790283
1.15,0,102.99569702148438,128.87889099121094,119.24632263183594,202.49679565429688,202.95504760742188,200.6111297607422,0.44054102897644043,0.4582768678665161,0.5035417079925537,45.37382888793945,59.06221389770508,60.04549789428711,-43.92152023,-54.29118347,-58.90227509,5.975299358,19.810012817382812,3.3767683506011963,0.967992365,0.9192202687263489,0.9809607267379761,5.2002387046813965,5.108841896057129,4.142364978790283
1.2,0,103.04715728759766,128.9178466796875,119.25482940673828,202.5812988,203.0012969970703,200.65390014648438,0.4477947950363159,0.46384283900260925,0.5064083337783813,46.14398193359375,59.79761887,60.391639709472656,-44.73112106,-55.21240616,-59.2557373,6.238727569580078,19.47093963623047,3.3682258129119873,0.9693814516067505,0.9233211278915405,0.9811910390853882,5.185569763183594,5.132641792297363,4.1847124099731445
1.25,0,103.04715728759766,128.9178466796875,119.25482940673828,202.5812988,203.0012969970703,200.65390014648438,0.4477947950363159,0.46384283900260925,0.5064083337783813,46.14398193359375,59.79761887,60.391639709472656,-44.73112106,-55.21240616,-59.2557373,6.238727569580078,19.47093963623047,3.3682258129119873,0.9693814516067505,0.9233211278915405,0.9811910390853882,5.185569763183594,5.132641792297363,4.1847124099731445
1.3,0,103.04715728759766,128.9178466796875,119.25482940673828,202.5812988,203.0012969970703,200.65390014648438,0.4477947950363159,0.46384283900260925,0.5064083337783813,46.14398193359375,59.79761887,60.391639709472656,-44.73112106,-55.21240616,-59.2557373,6.238727569580078,19.47093963623047,3.3682258129119873,0.9693814516067505,0.9233211278915405,0.9811910390853882,5.185569763183594,5.132641792297363,4.1847124099731445
1.35,0,103.04715728759766,128.9178466796875,119.25482940673828,202.5812988,203.0012969970703,200.65390014648438,0.4477947950363159,0.46384283900260925,0.5064083337783813,46.14398193359375,59.79761887,60.391639709472656,-44.73112106,-55.21240616,-59.2557373,6.238727569580078,19.47093963623047,3.3682258129119873,0.9693814516067505,0.9233211278915405,0.9811910390853882,5.185569763183594,5.132641792297363,4.1847124099731445
1.4,0,102.94772338867188,128.86868286132812,119.1895523071289,202.4233856201172,202.92794799804688,200.51780700683594,0.4380966126918793,0.4573673903942108,0.5003442764282227,45.10104751586914,58.94033432006836,59.63581085205078,-43.70161057,-54.34206009,-58.49842453,5.596264839172363,19.10076904296875,2.6250970363616943,0.9689710736274719,0.9219842553138733,0.9809278249740601,5.145606041,5.0987982749938965,4.158321380615234
1.45,0,102.94772338867188,128.86868286132812,119.1895523071289,202.4233856201172,202.92794799804688,200.51780700683594,0.4380966126918793,0.4573673903942108,0.5003442764282227,45.10104751586914,58.94033432006836,59.63581085205078,-43.70161057,-54.34206009,-58.49842453,5.596264839172363,19.10076904296875,2.6250970363616943,0.9689710736274719,0.9219842553138733,0.9809278249740601,5.145606041,5.0987982749938965,4.158321380615234
1.5,0,102.94772338867188,128.86868286132812,119.1895523071289,202.4233856201172,202.92794799804688,200.51780700683594,0.4380966126918793,0.4573673903942108,0.5003442764282227,45.10104751586914,58.94033432006836,59.63581085205078,-43.70161057,-54.34206009,-58.49842453,5.596264839172363,19.10076904296875,2.6250970363616943,0.9689710736274719,0.9219842553138733,0.9809278249740601,5.145606041,5.0987982749938965,4.158321380615234
1.55,0,102.94772338867188,128.86868286132812,119.1895523071289,202.4233856201172,202.92794799804688,200.51780700683594,0.4380966126918793,0.4573673903942108,0.5003442764282227,45.10104751586914,58.94033432006836,59.63581085205078,-43.70161057,-54.34206009,-58.49842453,5.596264839172363,19.10076904296875,2.6250970363616943,0.9689710736274719,0.9219842553138733,0.9809278249740601,5.145606041,5.0987982749938965,4.158321380615234
1.6,0,102.98614501953125,128.87570190429688,119.23655700683594,202.48382568359375,202.95611572265625,200.5871124267578,0.4446011781692505,0.4617331326007843,0.5063222646713257,45.78776168823242,59.50617980957031,60.37212371826172,-44.37607574,-54.7621994,-59.30418777,6.301617622375488,20.035486221313477,3.676856756210327,0.9691689014434814,0.9202775359153748,0.9823107719421387,5.091158866882324,5.081109046936035,4.097584247589111
1.65,0,102.98614501953125,128.87570190429688,119.23655700683594,202.48382568359375,202.95611572265625,200.5871124267578,0.4446011781692505,0.4617331326007843,0.5063222646713257,45.78776168823242,59.50617980957031,60.37212371826172,-44.37607574,-54.7621994,-59.30418777,6.301617622375488,20.035486221313477,3.676856756210327,0.9691689014434814,0.9202775359153748,0.9823107719421387,5.091158866882324,5.081109046936035,4.097584247589111
1.7,0,102.98614501953125,128.87570190429688,119.23655700683594,202.48382568359375,202.95611572265625,200.5871124267578,0.4446011781692505,0.4617331326007843,0.5063222646713257,45.78776168823242,59.50617980957031,60.37212371826172,-44.37607574,-54.7621994,-59.30418777,6.301617622375488,20.035486221313477,3.676856756210327,0.9691689014434814,0.9202775359153748,0.9823107719421387,5.091158866882324,5.081109046936035,4.097584247589111
1.75,0,102.98614501953125,128.87570190429688,119.23655700683594,202.48382568359375,202.95611572265625,200.5871124267578,0.4446011781692505,0.4617331326007843,0.5063222646713257,45.78776168823242,59.50617980957031,60.37212371826172,-44.37607574,-54.7621994,-59.30418777,6.301617622375488,20.035486221313477,3.676856756210327,0.9691689014434814,0.9202775359153748,0.9823107719421387,5.091158866882324,5.081109046936035,4.097584247589111
1.8,0,103.0348129272461,128.90225219726562,119.2574462890625,202.53831481933594,202.97218322753906,200.67564392089844,0.45119673013687134,0.4653942286968231,0.5079556703567505,46.48897171020508,59.99036407470703,60.57749557495117,-45.0675621,-55.39040375,-59.42370605,6.261310101,19.35188865661621,3.4632809162139893,0.9694247841835022,0.9233216643333435,0.9809535145759583,5.058491230010986,5.053603649139404,4.047198772
1.85,0,103.0348129272461,128.90225219726562,119.2574462890625,202.53831481933594,202.97218322753906,200.67564392089844,0.45119673013687134,0.4653942286968231,0.5079556703567505,46.48897171020508,59.99036407470703,60.57749557495117,-45.0675621,-55.39040375,-59.42370605,6.261310101,19.35188865661621,3.4632809162139893,0.9694247841835022,0.9233216643333435,0.9809535145759583,5.058491230010986,5.053603649139404,4.047198772
1.9,0,103.0348129272461,128.90225219726562,119.2574462890625,202.53831481933594,202.97218322753906,200.67564392089844,0.45119673013687134,0.4653942286968231,0.5079556703567505,46.48897171020508,59.99036407470703,60.57749557495117,-45.0675621,-55.39040375,-59.42370605,6.261310101,19.35188865661621,3.4632809162139893,0.9694247841835022,0.9233216643333435,0.9809535145759583,5.058491230010986,5.053603649139404,4.047198772
1.95,0,103.0348129272461,128.90225219726562,119.2574462890625,202.53831481933594,202.97218322753906,200.67564392089844,0.45119673013687134,0.4653942286968231,0.5079556703567505,46.48897171020508,59.99036407470703,60.57749557495117,-45.0675621,-55.39040375,-59.42370605,6.261310101,19.35188865661621,3.4632809162139893,0.9694247841835022,0.9233216643333435,0.9809535145759583,5.058491230010986,5.053603649139404,4.047198772
2,0,102.94010162353516,128.8500518798828,119.18365478515625,202.40806579589844,202.8820801,200.5187988,0.43739598989486694,0.4540320038795471,0.4966844618320465,45.02558898925781,58.50204849243164,59.19667053222656,-43.62966919,-53.89818192,-58.04022598,5.831146240234375,19.063434600830078,3.117806911468506,0.9689971804618835,0.9213041663169861,0.9804643392562866,5.140989303588867,5.151030064,4.0789265632629395
2.05,0,102.94010162353516,128.8500518798828,119.18365478515625,202.40806579589844,202.8820801,200.5187988,0.43739598989486694,0.4540320038795471,0.4966844618320465,45.02558898925781,58.50204849243164,59.19667053222656,-43.62966919,-53.89818192,-58.04022598,5.831146240234375,19.063434600830078,3.117806911468506,0.9689971804618835,0.9213041663169861,0.9804643392562866,5.140989303588867,5.151030064,4.0789265632629395
2.1,0,102.94010162353516,128.8500518798828,119.18365478515625,202.40806579589844,202.8820801,200.5187988,0.43739598989486694,0.4540320038795471,0.4966844618320465,45.02558898925781,58.50204849243164,59.19667053222656,-43.62966919,-53.89818192,-58.04022598,5.831146240234375,19.063434600830078,3.117806911468506,0.9689971804618835,0.9213041663169861,0.9804643392562866,5.140989303588867,5.151030064,4.0789265632629395
2.15,0,102.94010162353516,128.8500518798828,119.18365478515625,202.40806579589844,202.8820801,200.5187988,0.43739598989486694,0.4540320038795471,0.4966844618320465,45.02558898925781,58.50204849243164,59.19667053222656,-43.62966919,-53.89818192,-58.04022598,5.831146240234375,19.063434600830078,3.117806911468506,0.9689971804618835,0.9213041663169861,0.9804643392562866,5.140989303588867,5.151030064,4.0789265632629395
2.2,0,103.00779724121094,128.87416076660156,119.26335906982422,202.51773071289062,202.97698974609375,200.61807250976562,0.445865273,0.4619496762752533,0.5058786869049072,45.92760086,59.53337860107422,60.33279037475586,-44.47206497,-54.81489182,-59.19049454,5.9073262214660645,19.406057357788086,3.2301852703094482,0.9683080315589905,0.9207421541213989,0.9810667634010315,5.1952948570251465,5.150212287902832,4.161046981811523
2.25,0,103.00779724121094,128.87416076660156,119.26335906982422,202.51773071289062,202.97698974609375,200.61807250976562,0.445865273,0.4619496762752533,0.5058786869049072,45.92760086,59.53337860107422,60.33279037475586,-44.47206497,-54.81489182,-59.19049454,5.9073262214660645,19.406057357788086,3.2301852703094482,0.9683080315589905,0.9207421541213989,0.9810667634010315,5.1952948570251465,5.150212287902832,4.161046981811523
2.3,0,103.00779724121094,128.87416076660156,119.26335906982422,202.51773071289062,202.97698974609375,200.61807250976562,0.445865273,0.4619496762752533,0.5058786869049072,45.92760086,59.53337860107422,60.33279037475586,-44.47206497,-54.81489182,-59.19049454,5.9073262214660645,19.406057357788086,3.2301852703094482,0.9683080315589905,0.9207421541213989,0.9810667634010315,5.1952948570251465,5.150212287902832,4.161046981811523
2.35,0,103.00779724121094,128.87416076660156,119.26335906982422,202.51773071289062,202.97698974609375,200.61807250976562,0.445865273,0.4619496762752533,0.5058786869049072,45.92760086,59.53337860107422,60.33279037475586,-44.47206497,-54.81489182,-59.19049454,5.9073262214660645,19.406057357788086,3.2301852703094482,0.9683080315589905,0.9207421541213989,0.9810667634010315,5.1952948570251465,5.150212287902832,4.161046981811523
2.4,0,103.04927825927734,128.9403839111328,119.2766342163086,202.59275817871094,203.0222168,200.6951446533203,0.4486003518104553,0.46356889605522156,0.5080225467681885,46.227943420410156,59.77275085449219,60.595218658447266,-44.78435135,-55.05673599,-59.44949341,6.2251386642456055,19.709796905517578,3.598242998123169,0.968772292,0.921100914,0.9810921549797058,5.235917568206787,5.171074867248535,4.225874900817871
2.45,0,103.04927825927734,128.9403839111328,119.2766342163086,202.59275817871094,203.0222168,200.6951446533203,0.4486003518104553,0.46356889605522156,0.5080225467681885,46.227943420410156,59.77275085449219,60.595218658447266,-44.78435135,-55.05673599,-59.44949341,6.2251386642456055,19.709796905517578,3.598242998123169,0.968772292,0.921100914,0.9810921549797058,5.235917568206787,5.171074867248535,4.225874900817871
2.5,0,103.04927825927734,128.9403839111328,119.2766342163086,202.59275817871094,203.0222168,200.6951446533203,0.4486003518104553,0.46356889605522156,0.5080225467681885,46.227943420410156,59.77275085449219,60.595218658447266,-44.78435135,-55.05673599,-59.44949341,6.2251386642456055,19.709796905517578,3.598242998123169,0.968772292,0.921100914,0.9810921549797058,5.235917568206787,5.171074867248535,4.225874900817871
2.55,0,103.04927825927734,128.9403839111328,119.2766342163086,202.59275817871094,203.0222168,200.6951446533203,0.4486003518104553,0.46356889605522156,0.5080225467681885,46.227943420410156,59.77275085449219,60.595218658447266,-44.78435135,-55.05673599,-59.44949341,6.2251386642456055,19.709796905517578,3.598242998123169,0.968772292,0.921100914,0.9810921549797058,5.235917568206787,5.171074867248535,4.225874900817871
2.6,0,103.00904083251953,128.8956298828125,119.22281646728516,202.50479125976562,202.9717559814453,200.60166931152344,0.4402819871902466,0.4577270746231079,0.5021069049835205,45.353023529052734,58.999019622802734,59.86259841918945,-43.92073059,-54.27233124,-58.73726273,5.885385036468506,19.526058197021484,3.2231836318969727,0.9684190154075623,0.9198852777481079,0.9812013506889343,5.222284794,5.21312952,4.237036705
2.65,0,103.00904083251953,128.8956298828125,119.22281646728516,202.50479125976562,202.9717559814453,200.60166931152344,0.4402819871902466,0.4577270746231079,0.5021069049835205,45.353023529052734,58.999019622802734,59.86259841918945,-43.92073059,-54.27233124,-58.73726273,5.885385036468506,19.526058197021484,3.2231836318969727,0.9684190154075623,0.9198852777481079,0.9812013506889343,5.222284794,5.21312952,4.237036705
2.7,0,103.00904083251953,128.8956298828125,119.22281646728516,202.50479125976562,202.9717559814453,200.60166931152344,0.4402819871902466,0.4577270746231079,0.5021069049835205,45.353023529052734,58.999019622802734,59.86259841918945,-43.92073059,-54.27233124,-58.73726273,5.885385036468506,19.526058197021484,3.2231836318969727,0.9684190154075623,0.9198852777481079,0.9812013506889343,5.222284794,5.21312952,4.237036705
2.75,0,103.00904083251953,128.8956298828125,119.22281646728516,202.50479125976562,202.9717559814453,200.60166931152344,0.4402819871902466,0.4577270746231079,0.5021069049835205,45.353023529052734,58.999019622802734,59.86259841918945,-43.92073059,-54.27233124,-58.73726273,5.885385036468506,19.526058197021484,3.2231836318969727,0.9684190154075623,0.9198852777481079,0.9812013506889343,5.222284794,5.21312952,4.237036705
2.8,0,103.06416320800781,128.8612518310547,119.26654815673828,202.53575134277344,202.95591735839844,200.69192504882812,0.44625478982925415,0.45983096957206726,0.5049306750297546,45.99287796020508,59.25439453,60.22134017944336,-44.52635574,-54.60968018,-59.02349472,5.593907833099365,18.93921471,3.0378408432006836,0.9681141376495361,0.9216139912605286,0.9801092743873596,5.169130325317383,5.139310836791992,4.1701836585998535
2.85,0,103.06416320800781,128.8612518310547,119.26654815673828,202.53575134277344,202.95591735839844,200.69192504882812,0.44625478982925415,0.45983096957206726,0.5049306750297546,45.99287796020508,59.25439453,60.22134017944336,-44.52635574,-54.60968018,-59.02349472,5.593907833099365,18.93921471,3.0378408432006836,0.9681141376495361,0.9216139912605286,0.9801092743873596,5.169130325317383,5.139310836791992,4.1701836585998535
2.9,0,103.06416320800781,128.8612518310547,119.26654815673828,202.53575134277344,202.95591735839844,200.69192504882812,0.44625478982925415,0.45983096957206726,0.5049306750297546,45.99287796020508,59.25439453,60.22134017944336,-44.52635574,-54.60968018,-59.02349472,5.593907833099365,18.93921471,3.0378408432006836,0.9681141376495361,0.9216139912605286,0.9801092743873596,5.169130325317383,5.139310836791992,4.1701836585998535
2.95,0,103.06416320800781,128.8612518310547,119.26654815673828,202.53575134277344,202.95591735839844,200.69192504882812,0.44625478982925415,0.45983096957206726,0.5049306750297546,45.99287796020508,59.25439453,60.22134017944336,-44.52635574,-54.60968018,-59.02349472,5.593907833099365,18.93921471,3.0378408432006836,0.9681141376495361,0.9216139912605286,0.9801092743873596,5.169130325317383,5.139310836791992,4.1701836585998535
3,0,103.03518676757812,128.95907592773438,119.24419403076172,202.6061553955078,202.99276733398438,200.6589355,0.44569164514541626,0.46293094754219055,0.5047838091850281,45.92192077636719,59.69914627075195,60.19253921508789,-44.44607162,-54.8993187,-59.07685471,6.6418633460998535,20.058902740478516,3.855287790298462,0.9678617715835571,0.919599712,0.9814647436141968,5.159406661987305,5.132449150085449,4.141745090484619
3.05,0,103.0370864868164,128.92437744140625,119.25786590576172,202.55467224121094,202.98316955566406,200.6872100830078,0.45161014795303345,0.4699019491672516,0.5115227103233337,46.53259277,60.581817626953125,61.00310516357422,-45.01740265,-55.63546753,-59.8771286,7.1775689125061035,20.768041610717773,4.312719821929932,0.9674381017684937,0.9183525443077087,0.9815422892570496,5.074035167694092,5.062986373901367,4.145210266113281
3.1,0,103.0370864868164,128.92437744140625,119.25786590576172,202.55467224121094,202.98316955566406,200.6872100830078,0.45161014795303345,0.4699019491672516,0.5115227103233337,46.53259277,60.581817626953125,61.00310516357422,-45.01740265,-55.63546753,-59.8771286,7.1775689125061035,20.768041610717773,4.312719821929932,0.9674381017684937,0.9183525443077087,0.9815422892570496,5.074035167694092,5.062986373901367,4.145210266113281
3.15,0,103.0370864868164,128.92437744140625,119.25786590576172,202.55467224121094,202.98316955566406,200.6872100830078,0.45161014795303345,0.4699019491672516,0.5115227103233337,46.53259277,60.581817626953125,61.00310516357422,-45.01740265,-55.63546753,-59.8771286,7.1775689125061035,20.768041610717773,4.312719821929932,0.9674381017684937,0.9183525443077087,0.9815422892570496,5.074035167694092,5.062986373901367,4.145210266113281
3.2,0,103.0370864868164,128.92437744140625,119.25786590576172,202.55467224121094,202.98316955566406,200.6872100830078,0.45161014795303345,0.4699019491672516,0.5115227103233337,46.53259277,60.581817626953125,61.00310516357422,-45.01740265,-55.63546753,-59.8771286,7.1775689125061035,20.768041610717773,4.312719821929932,0.9674381017684937,0.9183525443077087,0.9815422892570496,5.074035167694092,5.062986373901367,4.145210266113281
3.25,0,103.03289031982422,128.92279052734375,119.2591323852539,202.5730743408203,202.97825622558594,200.6680145263672,0.4431256651878357,0.45936867594718933,0.504642665,45.656517028808594,59.22309112548828,60.18324661254883,-44.32027817,-54.76649475,-59.0940094,5.386124610900879,18.92070960998535,2.590907573699951,0.9707328081130981,0.9247490167617798,0.9819013476371765,5.115959644317627,5.091835021972656,4.134843349456787
3.3,0,103.03289031982422,128.92279052734375,119.2591323852539,202.5730743408203,202.97825622558594,200.6680145263672,0.4431256651878357,0.45936867594718933,0.504642665,45.656517028808594,59.22309112548828,60.18324661254883,-44.32027817,-54.76649475,-59.0940094,5.386124610900879,18.92070960998535,2.590907573699951,0.9707328081130981,0.9247490167617798,0.9819013476371765,5.115959644317627,5.091835021972656,4.134843349456787
3.35,0,103.03289031982422,128.92279052734375,119.2591323852539,202.5730743408203,202.97825622558594,200.6680145263672,0.4431256651878357,0.45936867594718933,0.504642665,45.656517028808594,59.22309112548828,60.18324661254883,-44.32027817,-54.76649475,-59.0940094,5.386124610900879,18.92070960998535,2.590907573699951,0.9707328081130981,0.9247490167617798,0.9819013476371765,5.115959644317627,5.091835021972656,4.134843349456787
3.4,0,103.03289031982422,128.92279052734375,119.2591323852539,202.5730743408203,202.97825622558594,200.6680145263672,0.4431256651878357,0.45936867594718933,0.504642665,45.656517028808594,59.22309112548828,60.18324661254883,-44.32027817,-54.76649475,-59.0940094,5.386124610900879,18.92070960998535,2.590907573699951,0.9707328081130981,0.9247490167617798,0.9819013476371765,5.115959644317627,5.091835021972656,4.134843349456787
3.45,0,103.0197982788086,128.8495635986328,119.25589752197266,202.50868225097656,202.94790649414062,200.62200927734375,0.4395504891872406,0.4551389515399933,0.4998464584350586,45.28240203857422,58.64445495605469,59.60963821411133,-43.79256821,-53.79401016,-58.39980316,6.077822208404541,19.619159698486328,3.680691957473755,0.9670990705490112,0.9172906279563904,0.9797040224075317,5.183574199676514,5.1374101638793945,4.169133663
3.5,0,103.0197982788086,128.8495635986328,119.25589752197266,202.50868225097656,202.94790649414062,200.62200927734375,0.4395504891872406,0.4551389515399933,0.4998464584350586,45.28240203857422,58.64445495605469,59.60963821411133,-43.79256821,-53.79401016,-58.39980316,6.077822208404541,19.619159698486328,3.680691957473755,0.9670990705490112,0.9172906279563904,0.9797040224075317,5.183574199676514,5.1374101638793945,4.169133663
3.55,0,103.0197982788086,128.8495635986328,119.25589752197266,202.50868225097656,202.94790649414062,200.62200927734375,0.4395504891872406,0.4551389515399933,0.4998464584350586,45.28240203857422,58.64445495605469,59.60963821411133,-43.79256821,-53.79401016,-58.39980316,6.077822208404541,19.619159698486328,3.680691957473755,0.9670990705490112,0.9172906279563904,0.9797040224075317,5.183574199676514,5.1374101638793945,4.169133663
3.6,0,103.0197982788086,128.8495635986328,119.25589752197266,202.50868225097656,202.94790649414062,200.62200927734375,0.4395504891872406,0.4551389515399933,0.4998464584350586,45.28240203857422,58.64445495605469,59.60963821411133,-43.79256821,-53.79401016,-58.39980316,6.077822208404541,19.619159698486328,3.680691957473755,0.9670990705490112,0.9172906279563904,0.9797040224075317,5.183574199676514,5.1374101638793945,4.169133663
3.65,0,103.08183288574219,128.98997497558594,119.3350601196289,202.65687561035156,203.1009521484375,200.7916717529297,0.4509613811969757,0.47083333134651184,0.5099467635154724,46.48592758178711,60.73278045654297,60.85452651977539,-44.97799301,-55.98495483,-59.7062645,6.858386039733887,20.149330139160156,3.5658600330352783,0.9675614833831787,0.9218243360519409,0.9811310172080994,5.157546520233154,5.1266984939575195,4.156928062438965
3.7,0,103.08183288574219,128.98997497558594,119.3350601196289,202.65687561035156,203.1009521484375,200.7916717529297,0.4509613811969757,0.47083333134651184,0.5099467635154724,46.48592758178711,60.73278045654297,60.85452651977539,-44.97799301,-55.98495483,-59.7062645,6.858386039733887,20.149330139160156,3.5658600330352783,0.9675614833831787,0.9218243360519409,0.9811310172080994,5.157546520233154,5.1266984939575195,4.156928062438965
3.75,0,103.08183288574219,128.98997497558594,119.3350601196289,202.65687561035156,203.1009521484375,200.7916717529297,0.4509613811969757,0.47083333134651184,0.5099467635154724,46.48592758178711,60.73278045654297,60.85452651977539,-44.97799301,-55.98495483,-59.7062645,6.858386039733887,20.149330139160156,3.5658600330352783,0.9675614833831787,0.9218243360519409,0.9811310172080994,5.157546520233154,5.1266984939575195,4.156928062438965
3.8,0,103.08183288574219,128.98997497558594,119.3350601196289,202.65687561035156,203.1009521484375,200.7916717529297,0.4509613811969757,0.47083333134651184,0.5099467635154724,46.48592758178711,60.73278045654297,60.85452651977539,-44.97799301,-55.98495483,-59.7062645,6.858386039733887,20.149330139160156,3.5658600330352783,0.9675614833831787,0.9218243360519409,0.9811310172080994,5.157546520233154,5.1266984939575195,4.156928062438965
3.85,0,103.01715087890625,128.9129180908203,119.27242279052734,202.53689575195312,203.02774047851562,200.6456298828125,0.4380847215652466,0.45308420062065125,0.4989575743675232,45.13024139404297,58.40840530395508,59.511878967285156,-43.84287643,-54.04353714,-58.44929123,5.147576332092285,18.565893173217773,2.522033214569092,0.9714744687080383,0.9252698421478271,0.9821449518203735,5.177196025848389,5.114833354949951,4.205578327178955
3.9,0,103.01715087890625,128.9129180908203,119.27242279052734,202.53689575195312,203.02774047851562,200.6456298828125,0.4380847215652466,0.45308420062065125,0.4989575743675232,45.13024139404297,58.40840530395508,59.511878967285156,-43.84287643,-54.04353714,-58.44929123,5.147576332092285,18.565893173217773,2.522033214569092,0.9714744687080383,0.9252698421478271,0.9821449518203735,5.177196025848389,5.114833354949951,4.205578327178955
3.95,0,103.01715087890625,128.9129180908203,119.27242279052734,202.53689575195312,203.02774047851562,200.6456298828125,0.4380847215652466,0.45308420062065125,0.4989575743675232,45.13024139404297,58.40840530395508,59.511878967285156,-43.84287643,-54.04353714,-58.44929123,5.147576332092285,18.565893173217773,2.522033214569092,0.9714744687080383,0.9252698421478271,0.9821449518203735,5.177196025848389,5.114833354949951,4.205578327178955
4,0,103.01715087890625,128.9129180908203,119.27242279052734,202.53689575195312,203.02774047851562,200.6456298828125,0.4380847215652466,0.45308420062065125,0.4989575743675232,45.13024139404297,58.40840530395508,59.511878967285156,-43.84287643,-54.04353714,-58.44929123,5.147576332092285,18.565893173217773,2.522033214569092,0.9714744687080383,0.9252698421478271,0.9821449518203735,5.177196025848389,5.114833354949951,4.205578327178955
4.05,0,103.04501342773438,128.86524963378906,119.24616241455078,202.52438354492188,202.97569274902344,200.63385009765625,0.4430393576622009,0.4576708674430847,0.5034182071685791,45.65299606323242,58.97787094116211,60.03068923950195,-44.24004364,-54.18253326,-58.88105392,6.089122295379639,19.67884063720703,3.794084310531616,0.9690501689910889,0.9186925888061523,0.9808492064476013,5.171113967895508,5.113411903381348,4.184240341186523
4.1,0,103.04501342773438,128.86524963378906,119.24616241455078,202.52438354492188,202.97569274902344,200.63385009765625,0.4430393576622009,0.4576708674430847,0.5034182071685791,45.65299606323242,58.97787094116211,60.03068923950195,-44.24004364,-54.18253326,-58.88105392,6.089122295379639,19.67884063720703,3.794084310531616,0.9690501689910889,0.9186925888061523,0.9808492064476013,5.171113967895508,5.113411903381348,4.184240341186523
4.15,0,103.04501342773438,128.86524963378906,119.24616241455078,202.52438354492188,202.97569274902344,200.63385009765625,0.4430393576622009,0.4576708674430847,0.5034182071685791,45.65299606323242,58.97787094116211,60.03068923950195,-44.24004364,-54.18253326,-58.88105392,6.089122295379639,19.67884063720703,3.794084310531616,0.9690501689910889,0.9186925888061523,0.9808492064476013,5.171113967895508,5.113411903381348,4.184240341186523
4.2,0,103.04501342773438,128.86524963378906,119.24616241455078,202.52438354492188,202.97569274902344,200.63385009765625,0.4430393576622009,0.4576708674430847,0.5034182071685791,45.65299606323242,58.97787094116211,60.03068923950195,-44.24004364,-54.18253326,-58.88105392,6.089122295379639,19.67884063720703,3.794084310531616,0.9690501689910889,0.9186925888061523,0.9808492064476013,5.171113967895508,5.113411903381348,4.184240341186523
4.25,0,103.03002166748047,129.01113891601562,119.2826919555664,202.63368225097656,203.1139678955078,200.67047119140625,0.45224252343177795,0.47025740146636963,0.5111331939697266,46.59455871582031,60.66844177246094,60.96934509277344,-45.11371613,-55.95272446,-59.85609818,6.662410259246826,20.01587677001953,3.6028459072113037,0.9682185649871826,0.922270656,0.9817408919334412,5.162120819091797,5.163161277770996,4.191817283630371
4.3,0,103.03002166748047,129.01113891601562,119.2826919555664,202.63368225097656,203.1139678955078,200.67047119140625,0.45224252343177795,0.47025740146636963,0.5111331939697266,46.59455871582031,60.66844177246094,60.96934509277344,-45.11371613,-55.95272446,-59.85609818,6.662410259246826,20.01587677001953,3.6028459072113037,0.9682185649871826,0.922270656,0.9817408919334412,5.162120819091797,5.163161277770996,4.191817283630371
4.35,0,103.03002166748047,129.01113891601562,119.2826919555664,202.63368225097656,203.1139678955078,200.67047119140625,0.45224252343177795,0.47025740146636963,0.5111331939697266,46.59455871582031,60.66844177246094,60.96934509277344,-45.11371613,-55.95272446,-59.85609818,6.662410259246826,20.01587677001953,3.6028459072113037,0.9682185649871826,0.922270656,0.9817408919334412,5.162120819091797,5.163161277770996,4.191817283630371
4.4,0,103.03002166748047,129.01113891601562,119.2826919555664,202.63368225097656,203.1139678955078,200.67047119140625,0.45224252343177795,0.47025740146636963,0.5111331939697266,46.59455871582031,60.66844177246094,60.96934509277344,-45.11371613,-55.95272446,-59.85609818,6.662410259246826,20.01587677001953,3.6028459072113037,0.9682185649871826,0.922270656,0.9817408919334412,5.162120819091797,5.163161277770996,4.191817283630371
4.45,0,102.9763184,128.87734985351562,119.23419189453125,202.46827697753906,202.9501190185547,200.58924865722656,0.43891242146492004,0.4530123770236969,0.4987386167049408,45.19758605957031,58.383033752441406,59.466697692871094,-43.82640839,-53.78807831,-58.37100601,5.651252269744873,19.114646911621094,3.249417304992676,0.969662607,0.9212964177131653,0.9815747141838074,5.1620378494262695,5.116847515106201,4.196223258972168
4.5,0,102.9763184,128.87734985351562,119.23419189453125,202.46827697753906,202.9501190185547,200.58924865722656,0.43891242146492004,0.4530123770236969,0.4987386167049408,45.19758605957031,58.383033752441406,59.466697692871094,-43.82640839,-53.78807831,-58.37100601,5.651252269744873,19.114646911621094,3.249417304992676,0.969662607,0.9212964177131653,0.9815747141838074,5.1620378494262695,5.116847515106201,4.196223258972168
4.55,0,102.9763184,128.87734985351562,119.23419189453125,202.46827697753906,202.9501190185547,200.58924865722656,0.43891242146492004,0.4530123770236969,0.4987386167049408,45.19758605957031,58.383033752441406,59.466697692871094,-43.82640839,-53.78807831,-58.37100601,5.651252269744873,19.114646911621094,3.249417304992676,0.969662607,0.9212964177131653,0.9815747141838074,5.1620378494262695,5.116847515106201,4.196223258972168
4.6,0,102.9763184,128.87734985351562,119.23419189453125,202.46827697753906,202.9501190185547,200.58924865722656,0.43891242146492004,0.4530123770236969,0.4987386167049408,45.19758605957031,58.383033752441406,59.466697692871094,-43.82640839,-53.78807831,-58.37100601,5.651252269744873,19.114646911621094,3.249417304992676,0.969662607,0.9212964177131653,0.9815747141838074,5.1620378494262695,5.116847515106201,4.196223258972168
4.65,0,103.03492736816406,128.8448944091797,119.29264831542969,202.49058532714844,202.96966552734375,200.69284057617188,0.44586917757987976,0.4602775275707245,0.5043504238128662,45.94009780883789,59.30440902709961,60.16529846191406,-44.46021271,-54.66119766,-59.00468063,5.973982334136963,19.292524337768555,3.345015764,0.9677866101264954,0.9217054843902588,0.9807094931602478,5.112301826477051,5.084373950958252,4.139123916625977
4.7,0,103.03492736816406,128.8448944091797,119.29264831542969,202.49058532714844,202.96966552734375,200.69284057617188,0.44586917757987976,0.4602775275707245,0.5043504238128662,45.94009780883789,59.30440902709961,60.16529846191406,-44.46021271,-54.66119766,-59.00468063,5.973982334136963,19.292524337768555,3.345015764,0.9677866101264954,0.9217054843902588,0.9807094931602478,5.112301826477051,5.084373950958252,4.139123916625977
4.75,0,103.03492736816406,128.8448944091797,119.29264831542969,202.49058532714844,202.96966552734375,200.69284057617188,0.44586917757987976,0.4602775275707245,0.5043504238128662,45.94009780883789,59.30440902709961,60.16529846191406,-44.46021271,-54.66119766,-59.00468063,5.973982334136963,19.292524337768555,3.345015764,0.9677866101264954,0.9217054843902588,0.9807094931602478,5.112301826477051,5.084373950958252,4.139123916625977
4.8,0,103.03492736816406,128.8448944091797,119.29264831542969,202.49058532714844,202.96966552734375,200.69284057617188,0.44586917757987976,0.4602775275707245,0.5043504238128662,45.94009780883789,59.30440902709961,60.16529846191406,-44.46021271,-54.66119766,-59.00468063,5.973982334136963,19.292524337768555,3.345015764,0.9677866101264954,0.9217054843902588,0.9807094931602478,5.112301826477051,5.084373950958252,4.139123916625977
4.85,0,103.01567077636719,128.96453857421875,119.29749298095703,202.57749938964844,203.06491088867188,200.69078063964844,0.4484335780143738,0.46501436829566956,0.5088178515434265,46.19568634033203,59.97036361694336,60.70069504,-44.77558899,-55.30608368,-59.58181381,6.205135822296143,19.729345321655273,3.4003496170043945,0.9692590832710266,0.9222235679626465,0.9815672636032104,5.215668201446533,5.159304618835449,4.181420326
4.9,0,103.01567077636719,128.96453857421875,119.29749298095703,202.57749938964844,203.06491088867188,200.69078063964844,0.4484335780143738,0.46501436829566956,0.5088178515434265,46.19568634033203,59.97036361694336,60.70069504,-44.77558899,-55.30608368,-59.58181381,6.205135822296143,19.729345321655273,3.4003496170043945,0.9692590832710266,0.9222235679626465,0.9815672636032104,5.215668201446533,5.159304618835449,4.181420326
4.95,0,103.01567077636719,128.96453857421875,119.29749298095703,202.57749938964844,203.06491088867188,200.69078063964844,0.4484335780143738,0.46501436829566956,0.5088178515434265,46.19568634033203,59.97036361694336,60.70069504,-44.77558899,-55.30608368,-59.58181381,6.205135822296143,19.729345321655273,3.4003496170043945,0.9692590832710266,0.9222235679626465,0.9815672636032104,5.215668201446533,5.159304618835449,4.181420326
5,0,103.01567077636719,128.96453857421875,119.29749298095703,202.57749938964844,203.06491088867188,200.69078063964844,0.4484335780143738,0.46501436829566956,0.5088178515434265,46.19568634033203,59.97036361694336,60.70069504,-44.77558899,-55.30608368,-59.58181381,6.205135822296143,19.729345321655273,3.4003496170043945,0.9692590832710266,0.9222235679626465,0.9815672636032104,5.215668201446533,5.159304618835449,4.181420326
5.05,0,102.96495056152344,128.8388214111328,119.22860717773438,202.43116760253906,202.92269897460938,200.56076049804688,0.4392681121826172,0.45509040355682373,0.5002848505973816,45.22922134399414,58.63331223,59.64826583862305,-43.85120392,-53.98160553,-58.54977417,5.949487686157227,19.52137565612793,3.467177391052246,0.9695326089859009,0.9206644296646118,0.981583834,5.194554328918457,5.081901550292969,4.208741188049316
5.1,0,102.96495056152344,128.8388214111328,119.22860717773438,202.43116760253906,202.92269897460938,200.56076049804688,0.4392681121826172,0.45509040355682373,0.5002848505973816,45.22922134399414,58.63331223,59.64826583862305,-43.85120392,-53.98160553,-58.54977417,5.949487686157227,19.52137565612793,3.467177391052246,0.9695326089859009,0.9206644296646118,0.981583834,5.194554328918457,5.081901550292969,4.208741188049316
5.15,0,102.96495056152344,128.8388214111328,119.22860717773438,202.43116760253906,202.92269897460938,200.56076049804688,0.4392681121826172,0.45509040355682373,0.5002848505973816,45.22922134399414,58.63331223,59.64826583862305,-43.85120392,-53.98160553,-58.54977417,5.949487686157227,19.52137565612793,3.467177391052246,0.9695326089859009,0.9206644296646118,0.981583834,5.194554328918457,5.081901550292969,4.208741188049316
5.2,0,102.96495056152344,128.8388214111328,119.22860717773438,202.43116760253906,202.92269897460938,200.56076049804688,0.4392681121826172,0.45509040355682373,0.5002848505973816,45.22922134399414,58.63331223,59.64826583862305,-43.85120392,-53.98160553,-58.54977417,5.949487686157227,19.52137565612793,3.467177391052246,0.9695326089859009,0.9206644296646118,0.981583834,5.194554328918457,5.081901550292969,4.208741188049316
5.25,0,103.01368713378906,128.86367797851562,119.24481201171875,202.5102996826172,202.97682189941406,200.59117126464844,0.44604426622390747,0.4605374038219452,0.5060297250747681,45.948665618896484,59.34654235839844,60.34141922,-44.49270248,-54.68758011,-59.16627121,5.712711811065674,19.204790115356445,3.1658051013946533,0.9683132767677307,0.9214956164360046,0.980525017,5.200781822,5.104062080383301,4.247528076171875
5.3,0,103.01368713378906,128.86367797851562,119.24481201171875,202.5102996826172,202.97682189941406,200.59117126464844,0.44604426622390747,0.4605374038219452,0.5060297250747681,45.948665618896484,59.34654235839844,60.34141922,-44.49270248,-54.68758011,-59.16627121,5.712711811065674,19.204790115356445,3.1658051013946533,0.9683132767677307,0.9214956164360046,0.980525017,5.200781822,5.104062080383301,4.247528076171875
5.35,0,103.01368713378906,128.86367797851562,119.24481201171875,202.5102996826172,202.97682189941406,200.59117126464844,0.44604426622390747,0.4605374038219452,0.5060297250747681,45.948665618896484,59.34654235839844,60.34141922,-44.49270248,-54.68758011,-59.16627121,5.712711811065674,19.204790115356445,3.1658051013946533,0.9683132767677307,0.9214956164360046,0.980525017,5.200781822,5.104062080383301,4.247528076171875
5.4,0,103.01368713378906,128.86367797851562,119.24481201171875,202.5102996826172,202.97682189941406,200.59117126464844,0.44604426622390747,0.4605374038219452,0.5060297250747681,45.948665618896484,59.34654235839844,60.34141922,-44.49270248,-54.68758011,-59.16627121,5.712711811065674,19.204790115356445,3.1658051013946533,0.9683132767677307,0.9214956164360046,0.980525017,5.200781822,5.104062080383301,4.247528076171875
5.45,0,102.97383880615234,128.9337158203125,119.2055664,202.51486206054688,202.97731018066406,200.5584716796875,0.4445522129535675,0.46322375535964966,0.5049170255661011,45.77724838256836,59.72515869140625,60.18891906738281,-44.3672142,-54.96937943,-59.11325073,6.506678581237793,19.997102737426758,3.649867057800293,0.9691979289054871,0.9203722476959229,0.9821284413337708,5.166508197784424,5.104702949523926,4.161548614501953
5.5,0,102.97383880615234,128.9337158203125,119.2055664,202.51486206054688,202.97731018066406,200.5584716796875,0.4445522129535675,0.46322375535964966,0.5049170255661011,45.77724838256836,59.72515869140625,60.18891906738281,-44.3672142,-54.96937943,-59.11325073,6.506678581237793,19.997102737426758,3.649867057800293,0.9691979289054871,0.9203722476959229,0.9821284413337708,5.166508197784424,5.104702949523926,4.161548614501953
5.55,0,102.97383880615234,128.9337158203125,119.2055664,202.51486206054688,202.97731018066406,200.5584716796875,0.4445522129535675,0.46322375535964966,0.5049170255661011,45.77724838256836,59.72515869140625,60.18891906738281,-44.3672142,-54.96937943,-59.11325073,6.506678581237793,19.997102737426758,3.649867057800293,0.9691979289054871,0.9203722476959229,0.9821284413337708,5.166508197784424,5.104702949523926,4.161548614501953
5.6,0,102.97383880615234,128.9337158203125,119.2055664,202.51486206054688,202.97731018066406,200.5584716796875,0.4445522129535675,0.46322375535964966,0.5049170255661011,45.77724838256836,59.72515869140625,60.18891906738281,-44.3672142,-54.96937943,-59.11325073,6.506678581237793,19.997102737426758,3.649867057800293,0.9691979289054871,0.9203722476959229,0.9821284413337708,5.166508197784424,5.104702949523926,4.161548614501953
5.65,0,103.00150299072266,128.86988830566406,119.24006652832031,202.48062133789062,202.9442596435547,200.61961364746094,0.44527900218963623,0.4610578119754791,0.5058482885360718,45.86440658569336,59.41646957397461,60.31738281,-44.36826706,-54.68003845,-59.13248825,5.942780494689941,19.488262176513672,3.2908031940460205,0.967379093,0.9202842116355896,0.9803556799888611,5.064316272735596,5.093851566314697,4.091146469116211
5.7,0,103.00150299072266,128.86988830566406,119.24006652832031,202.48062133789062,202.9442596435547,200.61961364746094,0.44527900218963623,0.4610578119754791,0.5058482885360718,45.86440658569336,59.41646957397461,60.31738281,-44.36826706,-54.68003845,-59.13248825,5.942780494689941,19.488262176513672,3.2908031940460205,0.967379093,0.9202842116355896,0.9803556799888611,5.064316272735596,5.093851566314697,4.091146469116211
5.75,0,103.00150299072266,128.86988830566406,119.24006652832031,202.48062133789062,202.9442596435547,200.61961364746094,0.44527900218963623,0.4610578119754791,0.5058482885360718,45.86440658569336,59.41646957397461,60.31738281,-44.36826706,-54.68003845,-59.13248825,5.942780494689941,19.488262176513672,3.2908031940460205,0.967379093,0.9202842116355896,0.9803556799888611,5.064316272735596,5.093851566314697,4.091146469116211
5.8,0,103.00150299072266,128.86988830566406,119.24006652832031,202.48062133789062,202.9442596435547,200.61961364746094,0.44527900218963623,0.4610578119754791,0.5058482885360718,45.86440658569336,59.41646957397461,60.31738281,-44.36826706,-54.68003845,-59.13248825,5.942780494689941,19.488262176513672,3.2908031940460205,0.967379093,0.9202842116355896,0.9803556799888611,5.064316272735596,5.093851566314697,4.091146469116211
5.85,0,103.00874328613281,128.8594207763672,119.25240325927734,202.49668884277344,202.9562530517578,200.61697387695312,0.44431787729263306,0.4578482508659363,0.5051103234291077,45.76862716674805,58.99806213378906,60.235618591308594,-44.41368866,-54.44943619,-59.09931183,5.379095554351807,18.947664260864258,2.9425320625305176,0.9703959226608276,0.9229021072387695,0.9811356067657471,5.114208221435547,5.070229530334473,4.111816883087158
5.9,0,103.00874328613281,128.8594207763672,119.25240325927734,202.49668884277344,202.9562530517578,200.61697387695312,0.44431787729263306,0.4578482508659363,0.5051103234291077,45.76862716674805,58.99806213378906,60.235618591308594,-44.41368866,-54.44943619,-59.09931183,5.379095554351807,18.947664260864258,2.9425320625305176,0.9703959226608276,0.9229021072387695,0.9811356067657471,5.114208221435547,5.070229530334473,4.111816883087158
5.95,0,103.00874328613281,128.8594207763672,119.25240325927734,202.49668884277344,202.9562530517578,200.61697387695312,0.44431787729263306,0.4578482508659363,0.5051103234291077,45.76862716674805,58.99806213378906,60.235618591308594,-44.41368866,-54.44943619,-59.09931183,5.379095554351807,18.947664260864258,2.9425320625305176,0.9703959226608276,0.9229021072387695,0.9811356067657471,5.114208221435547,5.070229530334473,4.111816883087158
6,0,103.00874328613281,128.8594207763672,119.25240325927734,202.49668884277344,202.9562530517578,200.61697387695312,0.44431787729263306,0.4578482508659363,0.5051103234291077,45.76862716674805,58.99806213378906,60.235618591308594,-44.41368866,-54.44943619,-59.09931183,5.379095554351807,18.947664260864258,2.9425320625305176,0.9703959226608276,0.9229021072387695,0.9811356067657471,5.114208221435547,5.070229530334473,4.111816883087158
6.05,0,102.98558807373047,128.9279022216797,119.2347183227539,202.5421600341797,202.96372985839844,200.5998077392578,0.4443989098072052,0.4643605053424835,0.5054768919944763,45.76668167114258,59.86902618408203,60.27039337158203,-44.30558014,-54.98991776,-59.20325851,6.861261367797852,20.51104164123535,3.975329637527466,0.9680749773979187,0.9185036420822144,0.9822942018508911,5.137729644775391,5.053225517272949,4.069732666015625
6.1,0,102.98558807373047,128.9279022216797,119.2347183227539,202.5421600341797,202.96372985839844,200.5998077392578,0.4443989098072052,0.4643605053424835,0.5054768919944763,45.76668167114258,59.86902618408203,60.27039337158203,-44.30558014,-54.98991776,-59.20325851,6.861261367797852,20.51104164123535,3.975329637527466,0.9680749773979187,0.9185036420822144,0.9822942018508911,5.137729644775391,5.053225517272949,4.069732666015625
6.15,0,102.98558807373047,128.9279022216797,119.2347183227539,202.5421600341797,202.96372985839844,200.5998077392578,0.4443989098072052,0.4643605053424835,0.5054768919944763,45.76668167114258,59.86902618408203,60.27039337158203,-44.30558014,-54.98991776,-59.20325851,6.861261367797852,20.51104164123535,3.975329637527466,0.9680749773979187,0.9185036420822144,0.9822942018508911,5.137729644775391,5.053225517272949,4.069732666015625
6.2,0,102.98558807373047,128.9279022216797,119.2347183227539,202.5421600341797,202.96372985839844,200.5998077392578,0.4443989098072052,0.4643605053424835,0.5054768919944763,45.76668167114258,59.86902618408203,60.27039337158203,-44.30558014,-54.98991776,-59.20325851,6.861261367797852,20.51104164123535,3.975329637527466,0.9680749773979187,0.9185036420822144,0.9822942018508911,5.137729644775391,5.053225517272949,4.069732666015625
6.25,0,103.02792358398438,128.91897583007812,119.28299713134766,202.54823303222656,203.03053283691406,200.6744384765625,0.4444294273853302,0.45933011174201965,0.5061626434326172,45.78864288330078,59.216365814208984,60.37659836,-44.36779404,-54.6206665,-59.21624756,5.383376598358154,19.04292869567871,2.805619239807129,0.9689694046974182,0.922391415,0.9807814359664917,5.048029899597168,5.027531623840332,4.042158603668213
6.3,0,103.02792358398438,128.91897583007812,119.28299713134766,202.54823303222656,203.03053283691406,200.6744384765625,0.4444294273853302,0.45933011174201965,0.5061626434326172,45.78864288330078,59.216365814208984,60.37659836,-44.36779404,-54.6206665,-59.21624756,5.383376598358154,19.04292869567871,2.805619239807129,0.9689694046974182,0.922391415,0.9807814359664917,5.048029899597168,5.027531623840332,4.042158603668213
6.35,0,103.02792358398438,128.91897583007812,119.28299713134766,202.54823303222656,203.03053283691406,200.6744384765625,0.4444294273853302,0.45933011174201965,0.5061626434326172,45.78864288330078,59.216365814208984,60.37659836,-44.36779404,-54.6206665,-59.21624756,5.383376598358154,19.04292869567871,2.805619239807129,0.9689694046974182,0.922391415,0.9807814359664917,5.048029899597168,5.027531623840332,4.042158603668213
6.4,0,103.02792358398438,128.91897583007812,119.28299713134766,202.54823303222656,203.03053283691406,200.6744384765625,0.4444294273853302,0.45933011174201965,0.5061626434326172,45.78864288330078,59.216365814208984,60.37659836,-44.36779404,-54.6206665,-59.21624756,5.383376598358154,19.04292869567871,2.805619239807129,0.9689694046974182,0.922391415,0.9807814359664917,5.048029899597168,5.027531623840332,4.042158603668213
6.45,0,102.98326110839844,128.8981170654297,119.20051574707031,202.4808807373047,202.9862823486328,200.53843688964844,0.439370722,0.45515909790992737,0.4981837272644043,45.24782943725586,58.669151306152344,59.383758544921875,-43.75470352,-53.96878052,-58.17834473,5.812425136566162,19.04878807067871,3.172111749649048,0.9670011401176453,0.9198834300041199,0.9797012805938721,5.058516979217529,5.145524978637695,4.116970062255859
6.5,0,102.98326110839844,128.8981170654297,119.20051574707031,202.4808807373047,202.9862823486328,200.53843688964844,0.439370722,0.45515909790992737,0.4981837272644043,45.24782943725586,58.669151306152344,59.383758544921875,-43.75470352,-53.96878052,-58.17834473,5.812425136566162,19.04878807067871,3.172111749649048,0.9670011401176453,0.9198834300041199,0.9797012805938721,5.058516979217529,5.145524978637695,4.116970062255859
6.55,0,102.98326110839844,128.8981170654297,119.20051574707031,202.4808807373047,202.9862823486328,200.53843688964844,0.439370722,0.45515909790992737,0.4981837272644043,45.24782943725586,58.669151306152344,59.383758544921875,-43.75470352,-53.96878052,-58.17834473,5.812425136566162,19.04878807067871,3.172111749649048,0.9670011401176453,0.9198834300041199,0.9797012805938721,5.058516979217529,5.145524978637695,4.116970062255859
6.6,0,102.98326110839844,128.8981170654297,119.20051574707031,202.4808807373047,202.9862823486328,200.53843688964844,0.439370722,0.45515909790992737,0.4981837272644043,45.24782943725586,58.669151306152344,59.383758544921875,-43.75470352,-53.96878052,-58.17834473,5.812425136566162,19.04878807067871,3.172111749649048,0.9670011401176453,0.9198834300041199,0.9797012805938721,5.058516979217529,5.145524978637695,4.116970062255859
6.65,0,103.05956268310547,128.93553161621094,119.26042175292969,202.56832885742188,203.05191040039062,200.67767333984375,0.45121651887893677,0.4699687957763672,0.5102987289428711,46.50217819213867,60.59567642211914,60.85844039916992,-44.97381592,-55.71028519,-59.73501205,7.227670192718506,20.643312454223633,4.281153202056885,0.9671335220336914,0.9193772077560425,0.981540322,5.1200432777404785,5.097393035888672,4.242981433868408
6.7,0,103.05956268310547,128.93553161621094,119.26042175292969,202.56832885742188,203.05191040039062,200.67767333984375,0.45121651887893677,0.4699687957763672,0.5102987289428711,46.50217819213867,60.59567642211914,60.85844039916992,-44.97381592,-55.71028519,-59.73501205,7.227670192718506,20.643312454223633,4.281153202056885,0.9671335220336914,0.9193772077560425,0.981540322,5.1200432777404785,5.097393035888672,4.242981433868408
6.75,0,103.05956268310547,128.93553161621094,119.26042175292969,202.56832885742188,203.05191040039062,200.67767333984375,0.45121651887893677,0.4699687957763672,0.5102987289428711,46.50217819213867,60.59567642211914,60.85844039916992,-44.97381592,-55.71028519,-59.73501205,7.227670192718506,20.643312454223633,4.281153202056885,0.9671335220336914,0.9193772077560425,0.981540322,5.1200432777404785,5.097393035888672,4.242981433868408
6.8,0,103.05956268310547,128.93553161621094,119.26042175292969,202.56832885742188,203.05191040039062,200.67767333984375,0.45121651887893677,0.4699687957763672,0.5102987289428711,46.50217819213867,60.59567642211914,60.85844039916992,-44.97381592,-55.71028519,-59.73501205,7.227670192718506,20.643312454223633,4.281153202056885,0.9671335220336914,0.9193772077560425,0.981540322,5.1200432777404785,5.097393035888672,4.242981433868408
6.85,0,103.06635284423828,128.9102783203125,119.32099914550781,202.60145568847656,203.0610809326172,200.7173309326172,0.4440222978591919,0.45687875151634216,0.5046751499176025,45.76375961303711,58.896366119384766,60.21834182739258,-44.39299011,-54.42834473,-59.09181976,5.123174191,18.69483757019043,2.7047550678253174,0.9700468182563782,0.9241375923156738,0.981292725,5.2707037925720215,5.078160762786865,4.217772006988525
6.9,0,103.06635284423828,128.9102783203125,119.32099914550781,202.60145568847656,203.0610809326172,200.7173309326172,0.4440222978591919,0.45687875151634216,0.5046751499176025,45.76375961303711,58.896366119384766,60.21834182739258,-44.39299011,-54.42834473,-59.09181976,5.123174191,18.69483757019043,2.7047550678253174,0.9700468182563782,0.9241375923156738,0.981292725,5.2707037925720215,5.078160762786865,4.217772006988525
6.95,0,103.06635284423828,128.9102783203125,119.32099914550781,202.60145568847656,203.0610809326172,200.7173309326172,0.4440222978591919,0.45687875151634216,0.5046751499176025,45.76375961303711,58.896366119384766,60.21834182739258,-44.39299011,-54.42834473,-59.09181976,5.123174191,18.69483757019043,2.7047550678253174,0.9700468182563782,0.9241375923156738,0.981292725,5.2707037925720215,5.078160762786865,4.217772006988525
7,0,103.06635284423828,128.9102783203125,119.32099914550781,202.60145568847656,203.0610809326172,200.7173309326172,0.4440222978591919,0.45687875151634216,0.5046751499176025,45.76375961303711,58.896366119384766,60.21834182739258,-44.39299011,-54.42834473,-59.09181976,5.123174191,18.69483757019043,2.7047550678253174,0.9700468182563782,0.9241375923156738,0.981292725,5.2707037925720215,5.078160762786865,4.217772006988525
7.05,0,102.99846649169922,128.87425231933594,119.26325225830078,202.5493164,202.9488525390625,200.60227966308594,0.4379707872867584,0.4545324146747589,0.4988459646701813,45.110321044921875,58.57752609,59.49399185180664,-43.59913254,-53.64249802,-58.27133942,6.145017623901367,19.77496910095215,3.7286829948425293,0.9665001630783081,0.9157521724700928,0.9794491529464722,5.247685432434082,5.072623252868652,4.117799758911133
7.1,0,102.99846649169922,128.87425231933594,119.26325225830078,202.5493164,202.9488525390625,200.60227966308594,0.4379707872867584,0.4545324146747589,0.4988459646701813,45.110321044921875,58.57752609,59.49399185180664,-43.59913254,-53.64249802,-58.27133942,6.145017623901367,19.77496910095215,3.7286829948425293,0.9665001630783081,0.9157521724700928,0.9794491529464722,5.247685432434082,5.072623252868652,4.117799758911133
7.15,0,102.99846649169922,128.87425231933594,119.26325225830078,202.5493164,202.9488525390625,200.60227966308594,0.4379707872867584,0.4545324146747589,0.4988459646701813,45.110321044921875,58.57752609,59.49399185180664,-43.59913254,-53.64249802,-58.27133942,6.145017623901367,19.77496910095215,3.7286829948425293,0.9665001630783081,0.9157521724700928,0.9794491529464722,5.247685432434082,5.072623252868652,4.117799758911133
7.2,0,102.99846649169922,128.87425231933594,119.26325225830078,202.5493164,202.9488525390625,200.60227966308594,0.4379707872867584,0.4545324146747589,0.4988459646701813,45.110321044921875,58.57752609,59.49399185180664,-43.59913254,-53.64249802,-58.27133942,6.145017623901367,19.77496910095215,3.7286829948425293,0.9665001630783081,0.9157521724700928,0.9794491529464722,5.247685432434082,5.072623252868652,4.117799758911133
7.25,0,103.04006958007812,129.06207275390625,119.31752014160156,202.70448303222656,203.14028930664062,200.7291717529297,0.4518662989139557,0.46950486302375793,0.5135339498519897,46.560333251953125,60.595272064208984,61.273597717285156,-45.22022629,-55.88653564,-60.26135635,6.286284446716309,20.052288055419922,3.431152820587158,0.9712178111076355,0.9222919940948486,0.9834799766540527,5.253673553466797,5.234353542327881,4.210909843444824
7.3,0,103.04006958007812,129.06207275390625,119.31752014160156,202.70448303222656,203.14028930664062,200.7291717529297,0.4518662989139557,0.46950486302375793,0.5135339498519897,46.560333251953125,60.595272064208984,61.273597717285156,-45.22022629,-55.88653564,-60.26135635,6.286284446716309,20.052288055419922,3.431152820587158,0.9712178111076355,0.9222919940948486,0.9834799766540527,5.253673553466797,5.234353542327881,4.210909843444824
7.35,0,103.04006958007812,129.06207275390625,119.31752014160156,202.70448303222656,203.14028930664062,200.7291717529297,0.4518662989139557,0.46950486302375793,0.5135339498519897,46.560333251953125,60.595272064208984,61.273597717285156,-45.22022629,-55.88653564,-60.26135635,6.286284446716309,20.052288055419922,3.431152820587158,0.9712178111076355,0.9222919940948486,0.9834799766540527,5.253673553466797,5.234353542327881,4.210909843444824
7.4,0,103.04006958007812,129.06207275390625,119.31752014160156,202.70448303222656,203.14028930664062,200.7291717529297,0.4518662989139557,0.46950486302375793,0.5135339498519897,46.560333251953125,60.595272064208984,61.273597717285156,-45.22022629,-55.88653564,-60.26135635,6.286284446716309,20.052288055419922,3.431152820587158,0.9712178111076355,0.9222919940948486,0.9834799766540527,5.253673553466797,5.234353542327881,4.210909843444824
7.45,0,103.02569580078125,128.9242706298828,119.2405776977539,202.52511596679688,203.02029418945312,200.63636779785156,0.4396283030509949,0.453350693,0.5002829432487488,45.29301071166992,58.447906494140625,59.65402603149414,-43.9381752,-53.94152451,-58.56382751,5.332050800323486,18.85918617248535,2.9239916801452637,0.9700872898101807,0.9228991866111755,0.9817246198654175,5.268955230712891,5.283121109008789,4.354598045349121
7.5,0,103.02569580078125,128.9242706298828,119.2405776977539,202.52511596679688,203.02029418945312,200.63636779785156,0.4396283030509949,0.453350693,0.5002829432487488,45.29301071166992,58.447906494140625,59.65402603149414,-43.9381752,-53.94152451,-58.56382751,5.332050800323486,18.85918617248535,2.9239916801452637,0.9700872898101807,0.9228991866111755,0.9817246198654175,5.268955230712891,5.283121109008789,4.354598045349121
7.55,0,103.02569580078125,128.9242706298828,119.2405776977539,202.52511596679688,203.02029418945312,200.63636779785156,0.4396283030509949,0.453350693,0.5002829432487488,45.29301071166992,58.447906494140625,59.65402603149414,-43.9381752,-53.94152451,-58.56382751,5.332050800323486,18.85918617248535,2.9239916801452637,0.9700872898101807,0.9228991866111755,0.9817246198654175,5.268955230712891,5.283121109008789,4.354598045349121
7.6,0,103.02569580078125,128.9242706298828,119.2405776977539,202.52511596679688,203.02029418945312,200.63636779785156,0.4396283030509949,0.453350693,0.5002829432487488,45.29301071166992,58.447906494140625,59.65402603149414,-43.9381752,-53.94152451,-58.56382751,5.332050800323486,18.85918617248535,2.9239916801452637,0.9700872898101807,0.9228991866111755,0.9817246198654175,5.268955230712891,5.283121109008789,4.354598045349121
7.65,0,103.07975769042969,128.8227996826172,119.24341583251953,202.5064697265625,202.96524047851562,200.64808654785156,0.4429168701171875,0.4605337977409363,0.501520038,45.655765533447266,59.32725143432617,59.80296325683594,-44.07168198,-54.48189926,-58.53672791,6.7509355545043945,19.984832763671875,3.955106258392334,0.9653037786483765,0.9183284044265747,0.9788265228271484,5.292780399,5.188043594360352,4.392973899841309
7.7,0,103.07975769042969,128.8227996826172,119.24341583251953,202.5064697265625,202.96524047851562,200.64808654785156,0.4429168701171875,0.4605337977409363,0.501520038,45.655765533447266,59.32725143432617,59.80296325683594,-44.07168198,-54.48189926,-58.53672791,6.7509355545043945,19.984832763671875,3.955106258392334,0.9653037786483765,0.9183284044265747,0.9788265228271484,5.292780399,5.188043594360352,4.392973899841309
7.75,0,103.07975769042969,128.8227996826172,119.24341583251953,202.5064697265625,202.96524047851562,200.64808654785156,0.4429168701171875,0.4605337977409363,0.501520038,45.655765533447266,59.32725143432617,59.80296325683594,-44.07168198,-54.48189926,-58.53672791,6.7509355545043945,19.984832763671875,3.955106258392334,0.9653037786483765,0.9183284044265747,0.9788265228271484,5.292780399,5.188043594360352,4.392973899841309
7.8,0,103.07975769042969,128.8227996826172,119.24341583251953,202.5064697265625,202.96524047851562,200.64808654785156,0.4429168701171875,0.4605337977409363,0.501520038,45.655765533447266,59.32725143432617,59.80296325683594,-44.07168198,-54.48189926,-58.53672791,6.7509355545043945,19.984832763671875,3.955106258392334,0.9653037786483765,0.9183284044265747,0.9788265228271484,5.292780399,5.188043594360352,4.392973899841309
7.85,0,103.08000946044922,129.00779724121094,119.37007141113281,202.70062255859375,203.16192626953125,200.7882843017578,0.4504936635494232,0.4697154462337494,0.5126568675041199,46.43688965,60.596954345703125,61.19588851928711,-45.05108261,-55.9630394,-60.07812881,6.088772296905518,19.74212646484375,2.9982047080993652,0.9701572060585022,0.9235289096832275,0.9817347526550293,5.407727241516113,5.197108268737793,4.293869972229004
7.9,0,103.08000946044922,129.00779724121094,119.37007141113281,202.70062255859375,203.16192626953125,200.7882843017578,0.4504936635494232,0.4697154462337494,0.5126568675041199,46.43688965,60.596954345703125,61.19588851928711,-45.05108261,-55.9630394,-60.07812881,6.088772296905518,19.74212646484375,2.9982047080993652,0.9701572060585022,0.9235289096832275,0.9817347526550293,5.407727241516113,5.197108268737793,4.293869972229004
7.95,0,103.08000946044922,129.00779724121094,119.37007141113281,202.70062255859375,203.16192626953125,200.7882843017578,0.4504936635494232,0.4697154462337494,0.5126568675041199,46.43688965,60.596954345703125,61.19588851928711,-45.05108261,-55.9630394,-60.07812881,6.088772296905518,19.74212646484375,2.9982047080993652,0.9701572060585022,0.9235289096832275,0.9817347526550293,5.407727241516113,5.197108268737793,4.293869972229004
8,0,103.08000946044922,129.00779724121094,119.37007141113281,202.70062255859375,203.16192626953125,200.7882843017578,0.4504936635494232,0.4697154462337494,0.5126568675041199,46.43688965,60.596954345703125,61.19588851928711,-45.05108261,-55.9630394,-60.07812881,6.088772296905518,19.74212646484375,2.9982047080993652,0.9701572060585022,0.9235289096832275,0.9817347526550293,5.407727241516113,5.197108268737793,4.293869972229004
8.05,0,102.98440551757812,128.91139221191406,119.26624298095703,202.54478454589844,202.96531677246094,200.62332153320312,0.43821653723716736,0.4525265395641327,0.49922943115234375,45.12947082519531,58.33582687,59.54121780395508,-43.71909714,-53.6002388,-58.40912247,5.709581375,19.399126052856445,3.443648099899292,0.9687482714653015,0.9188219308853149,0.9809863567352295,5.344807147979736,5.2326507568359375,4.155088424682617
8.1,0,102.98440551757812,128.91139221191406,119.26624298095703,202.54478454589844,202.96531677246094,200.62332153320312,0.43821653723716736,0.4525265395641327,0.49922943115234375,45.12947082519531,58.33582687,59.54121780395508,-43.71909714,-53.6002388,-58.40912247,5.709581375,19.399126052856445,3.443648099899292,0.9687482714653015,0.9188219308853149,0.9809863567352295,5.344807147979736,5.2326507568359375,4.155088424682617
8.15,0,102.98440551757812,128.91139221191406,119.26624298095703,202.54478454589844,202.96531677246094,200.62332153320312,0.43821653723716736,0.4525265395641327,0.49922943115234375,45.12947082519531,58.33582687,59.54121780395508,-43.71909714,-53.6002388,-58.40912247,5.709581375,19.399126052856445,3.443648099899292,0.9687482714653015,0.9188219308853149,0.9809863567352295,5.344807147979736,5.2326507568359375,4.155088424682617
8.2,0,102.98440551757812,128.91139221191406,119.26624298095703,202.54478454589844,202.96531677246094,200.62332153320312,0.43821653723716736,0.4525265395641327,0.49922943115234375,45.12947082519531,58.33582687,59.54121780395508,-43.71909714,-53.6002388,-58.40912247,5.709581375,19.399126052856445,3.443648099899292,0.9687482714653015,0.9188219308853149,0.9809863567352295,5.344807147979736,5.2326507568359375,4.155088424682617
8.25,0,103.03663635253906,128.9593048095703,119.25762939453125,202.59042358398438,203.0614471435547,200.64723205566406,0.4497959315776825,0.46218904852867126,0.5070400238037109,46.34545898,59.60357666015625,60.46839141845703,-44.76931381,-54.79648209,-59.16946793,6.208527565002441,19.44788932800293,3.773524045944214,0.9659913778305054,0.9193488955497742,0.9785189628601074,5.216672420501709,5.296319961547852,4.179037570953369
8.3,0,103.03663635253906,128.9593048095703,119.25762939453125,202.59042358398438,203.0614471435547,200.64723205566406,0.4497959315776825,0.46218904852867126,0.5070400238037109,46.34545898,59.60357666015625,60.46839141845703,-44.76931381,-54.79648209,-59.16946793,6.208527565002441,19.44788932800293,3.773524045944214,0.9659913778305054,0.9193488955497742,0.9785189628601074,5.216672420501709,5.296319961547852,4.179037570953369
8.35,0,103.03663635253906,128.9593048095703,119.25762939453125,202.59042358398438,203.0614471435547,200.64723205566406,0.4497959315776825,0.46218904852867126,0.5070400238037109,46.34545898,59.60357666015625,60.46839141845703,-44.76931381,-54.79648209,-59.16946793,6.208527565002441,19.44788932800293,3.773524045944214,0.9659913778305054,0.9193488955497742,0.9785189628601074,5.216672420501709,5.296319961547852,4.179037570953369
8.4,0,103.03663635253906,128.9593048095703,119.25762939453125,202.59042358398438,203.0614471435547,200.64723205566406,0.4497959315776825,0.46218904852867126,0.5070400238037109,46.34545898,59.60357666015625,60.46839141845703,-44.76931381,-54.79648209,-59.16946793,6.208527565002441,19.44788932800293,3.773524045944214,0.9659913778305054,0.9193488955497742,0.9785189628601074,5.216672420501709,5.296319961547852,4.179037570953369
8.45,0,103.03924560546875,129.0030517578125,119.26495361328125,202.6072998046875,203.1244354248047,200.6572723388672,0.4454294443130493,0.46413275599479675,0.5061814785003662,45.89671325683594,59.874542236328125,60.36970901489258,-44.56315613,-55.39510345,-59.38140869,5.886952877044678,19.315143585205078,2.810803174972534,0.9709444046020508,0.925186276,0.9836292266845703,5.233156681060791,5.245548725128174,4.3578996658325195
8.5,0,103.03924560546875,129.0030517578125,119.26495361328125,202.6072998046875,203.1244354248047,200.6572723388672,0.4454294443130493,0.46413275599479675,0.5061814785003662,45.89671325683594,59.874542236328125,60.36970901489258,-44.56315613,-55.39510345,-59.38140869,5.886952877044678,19.315143585205078,2.810803174972534,0.9709444046020508,0.925186276,0.9836292266845703,5.233156681060791,5.245548725128174,4.3578996658325195
8.55,0,103.03924560546875,129.0030517578125,119.26495361328125,202.6072998046875,203.1244354248047,200.6572723388672,0.4454294443130493,0.46413275599479675,0.5061814785003662,45.89671325683594,59.874542236328125,60.36970901489258,-44.56315613,-55.39510345,-59.38140869,5.886952877044678,19.315143585205078,2.810803174972534,0.9709444046020508,0.925186276,0.9836292266845703,5.233156681060791,5.245548725128174,4.3578996658325195
8.6,0,103.03924560546875,129.0030517578125,119.26495361328125,202.6072998046875,203.1244354248047,200.6572723388672,0.4454294443130493,0.46413275599479675,0.5061814785003662,45.89671325683594,59.874542236328125,60.36970901489258,-44.56315613,-55.39510345,-59.38140869,5.886952877044678,19.315143585205078,2.810803174972534,0.9709444046020508,0.925186276,0.9836292266845703,5.233156681060791,5.245548725128174,4.3578996658325195
8.65,0,103.04153442382812,128.8197021484375,119.2515640258789,202.45814514160156,202.94859313964844,200.65032958984375,0.441657156,0.4550267457962036,0.5003893375396729,45.509029388427734,58.61640930175781,59.672210693359375,-44.04156494,-53.8752861,-58.54775238,6.228097915649414,19.680774688720703,3.9627394676208496,0.9677544236183167,0.9191161394119263,0.981156051,5.308405876159668,5.1679534912109375,4.320387840270996
8.7,0,103.04153442382812,128.8197021484375,119.2515640258789,202.45814514160156,202.94859313964844,200.65032958984375,0.441657156,0.4550267457962036,0.5003893375396729,45.509029388427734,58.61640930175781,59.672210693359375,-44.04156494,-53.8752861,-58.54775238,6.228097915649414,19.680774688720703,3.9627394676208496,0.9677544236183167,0.9191161394119263,0.981156051,5.308405876159668,5.1679534912109375,4.320387840270996
8.75,0,103.04153442382812,128.8197021484375,119.2515640258789,202.45814514160156,202.94859313964844,200.65032958984375,0.441657156,0.4550267457962036,0.5003893375396729,45.509029388427734,58.61640930175781,59.672210693359375,-44.04156494,-53.8752861,-58.54775238,6.228097915649414,19.680774688720703,3.9627394676208496,0.9677544236183167,0.9191161394119263,0.981156051,5.308405876159668,5.1679534912109375,4.320387840270996
8.8,0,103.04153442382812,128.8197021484375,119.2515640258789,202.45814514160156,202.94859313964844,200.65032958984375,0.441657156,0.4550267457962036,0.5003893375396729,45.509029388427734,58.61640930175781,59.672210693359375,-44.04156494,-53.8752861,-58.54775238,6.228097915649414,19.680774688720703,3.9627394676208496,0.9677544236183167,0.9191161394119263,0.981156051,5.308405876159668,5.1679534912109375,4.320387840270996
8.85,0,103.05142211914062,128.89292907714844,119.31906127929688,202.5791778564453,203.03553771972656,200.70895385742188,0.4463888108730316,0.46057742834091187,0.5061292052268982,46.00100326538086,59.36517333984375,60.39086151123047,-44.50206757,-54.68944931,-59.14388275,5.725424289703369,19.17503547668457,3.1376163959503174,0.9674151539802551,0.9212379455566406,0.9793515205383301,5.304878234863281,5.132436752319336,4.164568901062012
8.9,0,103.05142211914062,128.89292907714844,119.31906127929688,202.5791778564453,203.03553771972656,200.70895385742188,0.4463888108730316,0.46057742834091187,0.5061292052268982,46.00100326538086,59.36517333984375,60.39086151123047,-44.50206757,-54.68944931,-59.14388275,5.725424289703369,19.17503547668457,3.1376163959503174,0.9674151539802551,0.9212379455566406,0.9793515205383301,5.304878234863281,5.132436752319336,4.164568901062012
8.95,0,103.05142211914062,128.89292907714844,119.31906127929688,202.5791778564453,203.03553771972656,200.70895385742188,0.4463888108730316,0.46057742834091187,0.5061292052268982,46.00100326538086,59.36517333984375,60.39086151123047,-44.50206757,-54.68944931,-59.14388275,5.725424289703369,19.17503547668457,3.1376163959503174,0.9674151539802551,0.9212379455566406,0.9793515205383301,5.304878234863281,5.132436752319336,4.164568901062012
9,0,103.05142211914062,128.89292907714844,119.31906127929688,202.5791778564453,203.03553771972656,200.70895385742188,0.4463888108730316,0.46057742834091187,0.5061292052268982,46.00100326538086,59.36517333984375,60.39086151123047,-44.50206757,-54.68944931,-59.14388275,5.725424289703369,19.17503547668457,3.1376163959503174,0.9674151539802551,0.9212379455566406,0.9793515205383301,5.304878234863281,5.132436752319336,4.164568901062012
9.05,0,102.96629333496094,128.9945526123047,119.2731934,202.5851593017578,203.03152465820312,200.63499450683594,0.44243359565734863,0.46166884899139404,0.5046467781066895,45.555747985839844,59.552764892578125,60.190834045410156,-44.20145035,-54.79384995,-59.10647202,6.145200729370117,19.80742835998535,3.286970376968384,0.970271647,0.9200891256332397,0.9819846153259277,5.183991909,5.140009403,4.094391822814941
9.1,0,102.96629333496094,128.9945526123047,119.2731934,202.5851593017578,203.03152465820312,200.63499450683594,0.44243359565734863,0.46166884899139404,0.5046467781066895,45.555747985839844,59.552764892578125,60.190834045410156,-44.20145035,-54.79384995,-59.10647202,6.145200729370117,19.80742835998535,3.286970376968384,0.970271647,0.9200891256332397,0.9819846153259277,5.183991909,5.140009403,4.094391822814941
9.15,0,102.96629333496094,128.9945526123047,119.2731934,202.5851593017578,203.03152465820312,200.63499450683594,0.44243359565734863,0.46166884899139404,0.5046467781066895,45.555747985839844,59.552764892578125,60.190834045410156,-44.20145035,-54.79384995,-59.10647202,6.145200729370117,19.80742835998535,3.286970376968384,0.970271647,0.9200891256332397,0.9819846153259277,5.183991909,5.140009403,4.094391822814941
9.2,0,102.96629333496094,128.9945526123047,119.2731934,202.5851593017578,203.03152465820312,200.63499450683594,0.44243359565734863,0.46166884899139404,0.5046467781066895,45.555747985839844,59.552764892578125,60.190834045410156,-44.20145035,-54.79384995,-59.10647202,6.145200729370117,19.80742835998535,3.286970376968384,0.970271647,0.9200891256332397,0.9819846153259277,5.183991909,5.140009403,4.094391822814941
9.25,0,102.9973145,128.94187927246094,119.23493957519531,202.51951599121094,203.02175903320312,200.6128387451172,0.44552475214004517,0.4609465003013611,0.5081358551979065,45.88785171508789,59.435306549072266,60.587547302246094,-44.4521904,-54.59441376,-59.45684433,5.931461811065674,19.845319747924805,3.553281784057617,0.9687137007713318,0.9185519218444824,0.9813377261161804,5.143892765045166,5.188245773,4.186346054077148
9.3,0,102.9973145,128.94187927246094,119.23493957519531,202.51951599121094,203.02175903320312,200.6128387451172,0.44552475214004517,0.4609465003013611,0.5081358551979065,45.88785171508789,59.435306549072266,60.587547302246094,-44.4521904,-54.59441376,-59.45684433,5.931461811065674,19.845319747924805,3.553281784057617,0.9687137007713318,0.9185519218444824,0.9813377261161804,5.143892765045166,5.188245773,4.186346054077148
9.35,0,102.9973145,128.94187927246094,119.23493957519531,202.51951599121094,203.02175903320312,200.6128387451172,0.44552475214004517,0.4609465003013611,0.5081358551979065,45.88785171508789,59.435306549072266,60.587547302246094,-44.4521904,-54.59441376,-59.45684433,5.931461811065674,19.845319747924805,3.553281784057617,0.9687137007713318,0.9185519218444824,0.9813377261161804,5.143892765045166,5.188245773,4.186346054077148
9.4,0,102.9973145,128.94187927246094,119.23493957519531,202.51951599121094,203.02175903320312,200.6128387451172,0.44552475214004517,0.4609465003013611,0.5081358551979065,45.88785171508789,59.435306549072266,60.587547302246094,-44.4521904,-54.59441376,-59.45684433,5.931461811065674,19.845319747924805,3.553281784057617,0.9687137007713318,0.9185519218444824,0.9813377261161804,5.143892765045166,5.188245773,4.186346054077148
9.45,0,103.06629943847656,128.88768005371094,119.23079681396484,202.53097534179688,203.01182556152344,200.63963317871094,0.44460129737854004,0.4575708210468292,0.5028072595596313,45.82341003417969,58.975242614746094,59.950111389160156,-44.32528305,-54.42847443,-58.70518494,5.596709251403809,18.801301956176758,3.044999361038208,0.9673064947128296,0.9229037761688232,0.97923398,5.180062770843506,5.151045322418213,4.307604789733887
9.5,0,103.06629943847656,128.88768005371094,119.23079681396484,202.53097534179688,203.01182556152344,200.63963317871094,0.44460129737854004,0.4575708210468292,0.5028072595596313,45.82341003417969,58.975242614746094,59.950111389160156,-44.32528305,-54.42847443,-58.70518494,5.596709251403809,18.801301956176758,3.044999361038208,0.9673064947128296,0.9229037761688232,0.97923398,5.180062770843506,5.151045322418213,4.307604789733887
9.55,0,103.06629943847656,128.88768005371094,119.23079681396484,202.53097534179688,203.01182556152344,200.63963317871094,0.44460129737854004,0.4575708210468292,0.5028072595596313,45.82341003417969,58.975242614746094,59.950111389160156,-44.32528305,-54.42847443,-58.70518494,5.596709251403809,18.801301956176758,3.044999361038208,0.9673064947128296,0.9229037761688232,0.97923398,5.180062770843506,5.151045322418213,4.307604789733887
9.6,0,103.06629943847656,128.88768005371094,119.23079681396484,202.53097534179688,203.01182556152344,200.63963317871094,0.44460129737854004,0.4575708210468292,0.5028072595596313,45.82341003417969,58.975242614746094,59.950111389160156,-44.32528305,-54.42847443,-58.70518494,5.596709251403809,18.801301956176758,3.044999361038208,0.9673064947128296,0.9229037761688232,0.97923398,5.180062770843506,5.151045322418213,4.307604789733887
9.65,4,99.99664306640625,125.85977935791016,116.10868072509766,196.7504119873047,197.43690490722656,195.51329040527344,2.0040905475616455,2.0359184741973877,2.0580317974090576,200.40232849121094,256.2402648925781,238.95535278320312,-25.89126015,-28.83877563,-61.63111877,105.1149902,147.99896240234375,119.98363494873047,0.1291964054107666,0.11254584044218063,0.25791898369789124,5.459920883178711,5.244467258453369,4.462060928344727
9.7,4,99.99664306640625,125.85977935791016,116.10868072509766,196.7504119873047,197.43690490722656,195.51329040527344,2.0040905475616455,2.0359184741973877,2.0580317974090576,200.40232849121094,256.2402648925781,238.95535278320312,-25.89126015,-28.83877563,-61.63111877,105.1149902,147.99896240234375,119.98363494873047,0.1291964054107666,0.11254584044218063,0.25791898369789124,5.459920883178711,5.244467258453369,4.462060928344727
9.75,4,99.99664306640625,125.85977935791016,116.10868072509766,196.7504119873047,197.43690490722656,195.51329040527344,2.0040905475616455,2.0359184741973877,2.0580317974090576,200.40232849121094,256.2402648925781,238.95535278320312,-25.89126015,-28.83877563,-61.63111877,105.1149902,147.99896240234375,119.98363494873047,0.1291964054107666,0.11254584044218063,0.25791898369789124,5.459920883178711,5.244467258453369,4.462060928344727
9.8,4,99.99664306640625,125.85977935791016,116.10868072509766,196.7504119873047,197.43690490722656,195.51329040527344,2.0040905475616455,2.0359184741973877,2.0580317974090576,200.40232849121094,256.2402648925781,238.95535278320312,-25.89126015,-28.83877563,-61.63111877,105.1149902,147.99896240234375,119.98363494873047,0.1291964054107666,0.11254584044218063,0.25791898369789124,5.459920883178711,5.244467258453369,4.462060928344727
9.85,4,92.01079559326172,120.57520294189453,108.33930206298828,184.89720153808594,184.25877380371094,183.47259521484375,3.4343976974487305,3.5155889987945557,3.5216012001037598,316.0016784667969,423.8928527832031,381.5278015136719,15.295516014099121,29.031843185424805,-67.6762619,315.0705566,422.2951965332031,375.03961181640625,0.048403274,0.068488635,0.17738226056098938,5.998130798339844,5.881168842315674,4.812489986419678
9.9,4,92.01079559326172,120.57520294189453,108.33930206298828,184.89720153808594,184.25877380371094,183.47259521484375,3.4343976974487305,3.5155889987945557,3.5216012001037598,316.0016784667969,423.8928527832031,381.5278015136719,15.295516014099121,29.031843185424805,-67.6762619,315.0705566,422.2951965332031,375.03961181640625,0.048403274,0.068488635,0.17738226056098938,5.998130798339844,5.881168842315674,4.812489986419678
9.95,4,92.01079559326172,120.57520294189453,108.33930206298828,184.89720153808594,184.25877380371094,183.47259521484375,3.4343976974487305,3.5155889987945557,3.5216012001037598,316.0016784667969,423.8928527832031,381.5278015136719,15.295516014099121,29.031843185424805,-67.6762619,315.0705566,422.2951965332031,375.03961181640625,0.048403274,0.068488635,0.17738226056098938,5.998130798339844,5.881168842315674,4.812489986419678
10,4,92.01079559326172,120.57520294189453,108.33930206298828,184.89720153808594,184.25877380371094,183.47259521484375,3.4343976974487305,3.5155889987945557,3.5216012001037598,316.0016784667969,423.8928527832031,381.5278015136719,15.295516014099121,29.031843185424805,-67.6762619,315.0705566,422.2951965332031,375.03961181640625,0.048403274,0.068488635,0.17738226056098938,5.998130798339844,5.881168842315674,4.812489986419678
10.05,4,91.7989502,120.44171905517578,108.14594268798828,184.56790161132812,183.90884399414062,183.17489624023438,3.4223363399505615,3.503878593444824,3.5108630657196045,314.1668701171875,422.0131530761719,379.68560791015625,15.039130210876465,28.671934127807617,-68.21524048,313.28070068359375,420.4795837402344,373.1064453,0.04786988,0.067940854,0.17966243624687195,5.738969326019287,5.791307449,4.636425018310547
10.1,4,91.7989502,120.44171905517578,108.14594268798828,184.56790161132812,183.90884399414062,183.17489624023438,3.4223363399505615,3.503878593444824,3.5108630657196045,314.1668701171875,422.0131530761719,379.68560791015625,15.039130210876465,28.671934127807617,-68.21524048,313.28070068359375,420.4795837402344,373.1064453,0.04786988,0.067940854,0.17966243624687195,5.738969326019287,5.791307449,4.636425018310547
10.15,4,91.7989502,120.44171905517578,108.14594268798828,184.56790161132812,183.90884399414062,183.17489624023438,3.4223363399505615,3.503878593444824,3.5108630657196045,314.1668701171875,422.0131530761719,379.68560791015625,15.039130210876465,28.671934127807617,-68.21524048,313.28070068359375,420.4795837402344,373.1064453,0.04786988,0.067940854,0.17966243624687195,5.738969326019287,5.791307449,4.636425018310547
10.2,4,91.7989502,120.44171905517578,108.14594268798828,184.56790161132812,183.90884399414062,183.17489624023438,3.4223363399505615,3.503878593444824,3.5108630657196045,314.1668701171875,422.0131530761719,379.68560791015625,15.039130210876465,28.671934127807617,-68.21524048,313.28070068359375,420.4795837402344,373.1064453,0.04786988,0.067940854,0.17966243624687195,5.738969326019287,5.791307449,4.636425018310547
10.25,4,91.81404876708984,120.49227905273438,108.1815185546875,184.5925750732422,184.0232391357422,183.21530151367188,3.417975902557373,3.5041067600250244,3.5096254348754883,313.8182067871094,422.2178039550781,379.6766052246094,14.936237335205078,28.42731285095215,-68.69541168,312.9119873046875,420.7301025390625,372.980957,0.047595192,0.06732855,0.18093137443065643,5.734109401702881,5.833003044128418,4.738648414611816
10.3,4,91.81404876708984,120.49227905273438,108.1815185546875,184.5925750732422,184.0232391357422,183.21530151367188,3.417975902557373,3.5041067600250244,3.5096254348754883,313.8182067871094,422.2178039550781,379.6766052246094,14.936237335205078,28.42731285095215,-68.69541168,312.9119873046875,420.7301025390625,372.980957,0.047595192,0.06732855,0.18093137443065643,5.734109401702881,5.833003044128418,4.738648414611816
10.35,4,91.81404876708984,120.49227905273438,108.1815185546875,184.5925750732422,184.0232391357422,183.21530151367188,3.417975902557373,3.5041067600250244,3.5096254348754883,313.8182067871094,422.2178039550781,379.6766052246094,14.936237335205078,28.42731285095215,-68.69541168,312.9119873046875,420.7301025390625,372.980957,0.047595192,0.06732855,0.18093137443065643,5.734109401702881,5.833003044128418,4.738648414611816
10.4,4,91.81404876708984,120.49227905273438,108.1815185546875,184.5925750732422,184.0232391357422,183.21530151367188,3.417975902557373,3.5041067600250244,3.5096254348754883,313.8182067871094,422.2178039550781,379.6766052246094,14.936237335205078,28.42731285095215,-68.69541168,312.9119873046875,420.7301025390625,372.980957,0.047595192,0.06732855,0.18093137443065643,5.734109401702881,5.833003044128418,4.738648414611816
10.45,4,91.94972229003906,120.61042022705078,108.30496215820312,184.8073272705078,184.2679901123047,183.42953491210938,3.4202771186828613,3.5073583126068115,3.513348340988159,314.4935302734375,423.0239562988281,380.5130615234375,16.189361572265625,30.121416091918945,-67.20397949,313.5250244140625,421.4153747558594,374.0801696777344,0.051477566,0.07120499,0.17661412060260773,5.845900058746338,5.837203025817871,4.802951812744141
10.5,4,91.94972229003906,120.61042022705078,108.30496215820312,184.8073272705078,184.2679901123047,183.42953491210938,3.4202771186828613,3.5073583126068115,3.513348340988159,314.4935302734375,423.0239562988281,380.5130615234375,16.189361572265625,30.121416091918945,-67.20397949,313.5250244140625,421.4153747558594,374.0801696777344,0.051477566,0.07120499,0.17661412060260773,5.845900058746338,5.837203025817871,4.802951812744141
10.55,4,91.94972229003906,120.61042022705078,108.30496215820312,184.8073272705078,184.2679901123047,183.42953491210938,3.4202771186828613,3.5073583126068115,3.513348340988159,314.4935302734375,423.0239562988281,380.5130615234375,16.189361572265625,30.121416091918945,-67.20397949,313.5250244140625,421.4153747558594,374.0801696777344,0.051477566,0.07120499,0.17661412060260773,5.845900058746338,5.837203025817871,4.802951812744141
10.6,4,91.94972229003906,120.61042022705078,108.30496215820312,184.8073272705078,184.2679901123047,183.42953491210938,3.4202771186828613,3.5073583126068115,3.513348340988159,314.4935302734375,423.0239562988281,380.5130615234375,16.189361572265625,30.121416091918945,-67.20397949,313.5250244140625,421.4153747558594,374.0801696777344,0.051477566,0.07120499,0.17661412060260773,5.845900058746338,5.837203025817871,4.802951812744141
10.65,4,92.14268493652344,120.6799545288086,108.49640655517578,185.04302978515625,184.52052307128906,183.75218200683594,3.426093816757202,3.5121591091156006,3.519296646118164,315.6894836425781,423.8471984863281,381.8310547,15.545501708984375,29.41690444946289,-67.78236389,314.78839111328125,422.2644348144531,375.3276062011719,0.049243014,0.069404505,0.17751924693584442,5.851456165313721,5.814241886138916,4.719812870025635
10.7,4,92.14268493652344,120.6799545288086,108.49640655517578,185.04302978515625,184.52052307128906,183.75218200683594,3.426093816757202,3.5121591091156006,3.519296646118164,315.6894836425781,423.8471984863281,381.8310547,15.545501708984375,29.41690444946289,-67.78236389,314.78839111328125,422.2644348144531,375.3276062011719,0.049243014,0.069404505,0.17751924693584442,5.851456165313721,5.814241886138916,4.719812870025635
10.75,4,92.14268493652344,120.6799545288086,108.49640655517578,185.04302978515625,184.52052307128906,183.75218200683594,3.426093816757202,3.5121591091156006,3.519296646118164,315.6894836425781,423.8471984863281,381.8310547,15.545501708984375,29.41690444946289,-67.78236389,314.78839111328125,422.2644348144531,375.3276062011719,0.049243014,0.069404505,0.17751924693584442,5.851456165313721,5.814241886138916,4.719812870025635
10.8,4,92.14268493652344,120.6799545288086,108.49640655517578,185.04302978515625,184.52052307128906,183.75218200683594,3.426093816757202,3.5121591091156006,3.519296646118164,315.6894836425781,423.8471984863281,381.8310547,15.545501708984375,29.41690444946289,-67.78236389,314.78839111328125,422.2644348144531,375.3276062011719,0.049243014,0.069404505,0.17751924693584442,5.851456165313721,5.814241886138916,4.719812870025635
10.85,4,92.05516815185547,120.6353530883789,108.47147369384766,184.93968200683594,184.44992065429688,183.64993286132812,3.4236674308776855,3.511439561843872,3.517796277999878,315.1662902832031,423.6037598,381.5805358886719,16.54083824157715,30.902908325195312,-66.66453552,314.2127990722656,421.9050293,375.3038330078125,0.052482892,0.072952397,0.1747063249349594,5.841823101043701,5.828308582305908,4.650169372558594
10.9,4,92.05516815185547,120.6353530883789,108.47147369384766,184.93968200683594,184.44992065429688,183.64993286132812,3.4236674308776855,3.511439561843872,3.517796277999878,315.1662902832031,423.6037598,381.5805358886719,16.54083824157715,30.902908325195312,-66.66453552,314.2127990722656,421.9050293,375.3038330078125,0.052482892,0.072952397,0.1747063249349594,5.841823101043701,5.828308582305908,4.650169372558594
10.95,4,92.05516815185547,120.6353530883789,108.47147369384766,184.93968200683594,184.44992065429688,183.64993286132812,3.4236674308776855,3.511439561843872,3.517796277999878,315.1662902832031,423.6037598,381.5805358886719,16.54083824157715,30.902908325195312,-66.66453552,314.2127990722656,421.9050293,375.3038330078125,0.052482892,0.072952397,0.1747063249349594,5.841823101043701,5.828308582305908,4.650169372558594
11,4,92.05516815185547,120.6353530883789,108.47147369384766,184.93968200683594,184.44992065429688,183.64993286132812,3.4236674308776855,3.511439561843872,3.517796277999878,315.1662902832031,423.6037598,381.5805358886719,16.54083824157715,30.902908325195312,-66.66453552,314.2127990722656,421.9050293,375.3038330078125,0.052482892,0.072952397,0.1747063249349594,5.841823101043701,5.828308582305908,4.650169372558594
11.05,4,92.07855224609375,120.63695526123047,108.51497650146484,184.97128295898438,184.48414611816406,183.6967010498047,3.422743797302246,3.513580083847046,3.520230770111084,315.1612854003906,423.86761474609375,381.9977722167969,15.792478561401367,30.336729049682617,-67.70982361,314.2203674316406,422.2339172363281,375.5405578613281,0.050109196454286575,0.071571238,0.1772518754005432,5.788452625274658,5.894120216369629,4.672922611236572
11.1,4,92.07855224609375,120.63695526123047,108.51497650146484,184.97128295898438,184.48414611816406,183.6967010498047,3.422743797302246,3.513580083847046,3.520230770111084,315.1612854003906,423.86761474609375,381.9977722167969,15.792478561401367,30.336729049682617,-67.70982361,314.2203674316406,422.2339172363281,375.5405578613281,0.050109196454286575,0.071571238,0.1772518754005432,5.788452625274658,5.894120216369629,4.672922611236572
11.15,4,92.07855224609375,120.63695526123047,108.51497650146484,184.97128295898438,184.48414611816406,183.6967010498047,3.422743797302246,3.513580083847046,3.520230770111084,315.1612854003906,423.86761474609375,381.9977722167969,15.792478561401367,30.336729049682617,-67.70982361,314.2203674316406,422.2339172363281,375.5405578613281,0.050109196454286575,0.071571238,0.1772518754005432,5.788452625274658,5.894120216369629,4.672922611236572
11.2,4,92.07855224609375,120.63695526123047,108.51497650146484,184.97128295898438,184.48414611816406,183.6967010498047,3.422743797302246,3.513580083847046,3.520230770111084,315.1612854003906,423.86761474609375,381.9977722167969,15.792478561401367,30.336729049682617,-67.70982361,314.2203674316406,422.2339172363281,375.5405578613281,0.050109196454286575,0.071571238,0.1772518754005432,5.788452625274658,5.894120216369629,4.672922611236572
11.25,4,91.99126434326172,120.6553726196289,108.4007568359375,184.8948974609375,184.39402770996094,183.53378295898438,3.416243792,3.5063726902008057,3.5107710361480713,314.26458740234375,423.0627136230469,380.57025146484375,17.147628784179688,31.566761016845703,-66.1569519,313.2280578613281,421.3609619140625,374.33697509765625,0.054564304649829865,0.074614853,0.1738363653421402,5.817424297332764,5.879942893981934,4.770534992218018
11.3,4,91.99126434326172,120.6553726196289,108.4007568359375,184.8948974609375,184.39402770996094,183.53378295898438,3.416243792,3.5063726902008057,3.5107710361480713,314.26458740234375,423.0627136230469,380.57025146484375,17.147628784179688,31.566761016845703,-66.1569519,313.2280578613281,421.3609619140625,374.33697509765625,0.054564304649829865,0.074614853,0.1738363653421402,5.817424297332764,5.879942893981934,4.770534992218018
11.35,4,91.99126434326172,120.6553726196289,108.4007568359375,184.8948974609375,184.39402770996094,183.53378295898438,3.416243792,3.5063726902008057,3.5107710361480713,314.26458740234375,423.0627136230469,380.57025146484375,17.147628784179688,31.566761016845703,-66.1569519,313.2280578613281,421.3609619140625,374.33697509765625,0.054564304649829865,0.074614853,0.1738363653421402,5.817424297332764,5.879942893981934,4.770534992218018
11.4,4,91.99126434326172,120.6553726196289,108.4007568359375,184.8948974609375,184.39402770996094,183.53378295898438,3.416243792,3.5063726902008057,3.5107710361480713,314.26458740234375,423.0627136230469,380.57025146484375,17.147628784179688,31.566761016845703,-66.1569519,313.2280578613281,421.3609619140625,374.33697509765625,0.054564304649829865,0.074614853,0.1738363653421402,5.817424297332764,5.879942893981934,4.770534992218018
11.45,4,92.04806518554688,120.6557388305664,108.4330062866211,184.9326629638672,184.4392852783203,183.61740112304688,3.4155094623565674,3.5048141479492188,3.5104691982269287,314.39105224609375,422.8759460449219,380.6507263183594,16.626028060913086,30.81306266784668,-66.64640045,313.4018859863281,421.21087646484375,374.3267822265625,0.052883275,0.072865486,0.17508544027805328,5.871309757232666,5.828034400939941,4.766833782196045
11.5,4,92.04806518554688,120.6557388305664,108.4330062866211,184.9326629638672,184.4392852783203,183.61740112304688,3.4155094623565674,3.5048141479492188,3.5104691982269287,314.39105224609375,422.8759460449219,380.6507263183594,16.626028060913086,30.81306266784668,-66.64640045,313.4018859863281,421.21087646484375,374.3267822265625,0.052883275,0.072865486,0.17508544027805328,5.871309757232666,5.828034400939941,4.766833782196045
11.55,4,92.04806518554688,120.6557388305664,108.4330062866211,184.9326629638672,184.4392852783203,183.61740112304688,3.4155094623565674,3.5048141479492188,3.5104691982269287,314.39105224609375,422.8759460449219,380.6507263183594,16.626028060913086,30.81306266784668,-66.64640045,313.4018859863281,421.21087646484375,374.3267822265625,0.052883275,0.072865486,0.17508544027805328,5.871309757232666,5.828034400939941,4.766833782196045
11.6,4,92.04806518554688,120.6557388305664,108.4330062866211,184.9326629638672,184.4392852783203,183.61740112304688,3.4155094623565674,3.5048141479492188,3.5104691982269287,314.39105224609375,422.8759460449219,380.6507263183594,16.626028060913086,30.81306266784668,-66.64640045,313.4018859863281,421.21087646484375,374.3267822265625,0.052883275,0.072865486,0.17508544027805328,5.871309757232666,5.828034400939941,4.766833782196045
11.65,4,96.07305908203125,123.16742706298828,111.85638427734375,190.83180236816406,190.2410888671875,189.3606414794922,2.8957066535949707,2.9666364192962646,2.992896556854248,278.19940185546875,365.3929748535156,334.77459716796875,-6.396550655,0.7810816168785095,-69.22452545,224.9193572998047,302.9046325683594,266.5534668,0.022992683574557304,0.002137648,0.20677950978279114,5.604065418243408,5.5658721923828125,4.442619323730469
11.7,4,96.07305908203125,123.16742706298828,111.85638427734375,190.83180236816406,190.2410888671875,189.3606414794922,2.8957066535949707,2.9666364192962646,2.992896556854248,278.19940185546875,365.3929748535156,334.77459716796875,-6.396550655,0.7810816168785095,-69.22452545,224.9193572998047,302.9046325683594,266.5534668,0.022992683574557304,0.002137648,0.20677950978279114,5.604065418243408,5.5658721923828125,4.442619323730469
11.75,4,96.07305908203125,123.16742706298828,111.85638427734375,190.83180236816406,190.2410888671875,189.3606414794922,2.8957066535949707,2.9666364192962646,2.992896556854248,278.19940185546875,365.3929748535156,334.77459716796875,-6.396550655,0.7810816168785095,-69.22452545,224.9193572998047,302.9046325683594,266.5534668,0.022992683574557304,0.002137648,0.20677950978279114,5.604065418243408,5.5658721923828125,4.442619323730469
11.8,4,96.07305908203125,123.16742706298828,111.85638427734375,190.83180236816406,190.2410888671875,189.3606414794922,2.8957066535949707,2.9666364192962646,2.992896556854248,278.19940185546875,365.3929748535156,334.77459716796875,-6.396550655,0.7810816168785095,-69.22452545,224.9193572998047,302.9046325683594,266.5534668,0.022992683574557304,0.002137648,0.20677950978279114,5.604065418243408,5.5658721923828125,4.442619323730469
11.85,0,102.34126281738281,130.22047424316406,119.19434356689453,203.05921936035156,203.3376465,200.44692993164062,0.45615872740745544,0.481528103,0.4744798243045807,46.683860778808594,62.70481872558594,56.5553093,-45.71927643,-60.84670258,-55.27902603,2.2546792030334473,8.305360794067383,-6.994486809,0.9793379306793213,0.9703672528266907,0.9774330258369446,4.992259979248047,5.081658840179443,3.9944517612457275
11.9,0,102.34126281738281,130.22047424316406,119.19434356689453,203.05921936035156,203.3376465,200.44692993164062,0.45615872740745544,0.481528103,0.4744798243045807,46.683860778808594,62.70481872558594,56.5553093,-45.71927643,-60.84670258,-55.27902603,2.2546792030334473,8.305360794067383,-6.994486809,0.9793379306793213,0.9703672528266907,0.9774330258369446,4.992259979248047,5.081658840179443,3.9944517612457275
11.95,0,102.34126281738281,130.22047424316406,119.19434356689453,203.05921936035156,203.3376465,200.44692993164062,0.45615872740745544,0.481528103,0.4744798243045807,46.683860778808594,62.70481872558594,56.5553093,-45.71927643,-60.84670258,-55.27902603,2.2546792030334473,8.305360794067383,-6.994486809,0.9793379306793213,0.9703672528266907,0.9774330258369446,4.992259979248047,5.081658840179443,3.9944517612457275
12,0,102.34126281738281,130.22047424316406,119.19434356689453,203.05921936035156,203.3376465,200.44692993164062,0.45615872740745544,0.481528103,0.4744798243045807,46.683860778808594,62.70481872558594,56.5553093,-45.71927643,-60.84670258,-55.27902603,2.2546792030334473,8.305360794067383,-6.994486809,0.9793379306793213,0.9703672528266907,0.9774330258369446,4.992259979248047,5.081658840179443,3.9944517612457275
12.05,0,102.97196960449219,129.29539489746094,119.11907196044922,202.99795532226562,203.35044860839844,200.2472686767578,0.4517368972301483,0.49363821744918823,0.4699803292751312,46.516239166259766,63.82514953613281,55.983619689941406,-45.23618698,-61.58302307,-54.99444962,5.494874000549316,11.30751895904541,-4.465806961,0.9724816083908081,0.964870811,0.9823310971260071,4.933611869812012,5.155401229858398,4.131895065307617
12.1,0,102.97196960449219,129.29539489746094,119.11907196044922,202.99795532226562,203.35044860839844,200.2472686767578,0.4517368972301483,0.49363821744918823,0.4699803292751312,46.516239166259766,63.82514953613281,55.983619689941406,-45.23618698,-61.58302307,-54.99444962,5.494874000549316,11.30751895904541,-4.465806961,0.9724816083908081,0.964870811,0.9823310971260071,4.933611869812012,5.155401229858398,4.131895065307617
12.15,0,102.97196960449219,129.29539489746094,119.11907196044922,202.99795532226562,203.35044860839844,200.2472686767578,0.4517368972301483,0.49363821744918823,0.4699803292751312,46.516239166259766,63.82514953613281,55.983619689941406,-45.23618698,-61.58302307,-54.99444962,5.494874000549316,11.30751895904541,-4.465806961,0.9724816083908081,0.964870811,0.9823310971260071,4.933611869812012,5.155401229858398,4.131895065307617
12.2,0,102.97196960449219,129.29539489746094,119.11907196044922,202.99795532226562,203.35044860839844,200.2472686767578,0.4517368972301483,0.49363821744918823,0.4699803292751312,46.516239166259766,63.82514953613281,55.983619689941406,-45.23618698,-61.58302307,-54.99444962,5.494874000549316,11.30751895904541,-4.465806961,0.9724816083908081,0.964870811,0.9823310971260071,4.933611869812012,5.155401229858398,4.131895065307617
12.25,0,102.8031997680664,129.00782775878906,118.91114807128906,202.5532684326172,202.9392547607422,199.9453125,0.4201047420501709,0.4537728726863861,0.44005057215690613,43.18811035,58.540252685546875,52.32691955566406,-42.11168671,-56.31840515,-51.66664124,5.360204219818115,11.807584762573242,-2.714212894,0.975075901,0.9620457887649536,0.9873816967010498,5.0646820068359375,5.159527778625488,4.306949138641357
12.3,0,102.8031997680664,129.00782775878906,118.91114807128906,202.5532684326172,202.9392547607422,199.9453125,0.4201047420501709,0.4537728726863861,0.44005057215690613,43.18811035,58.540252685546875,52.32691955566406,-42.11168671,-56.31840515,-51.66664124,5.360204219818115,11.807584762573242,-2.714212894,0.975075901,0.9620457887649536,0.9873816967010498,5.0646820068359375,5.159527778625488,4.306949138641357
12.35,0,102.8031997680664,129.00782775878906,118.91114807128906,202.5532684326172,202.9392547607422,199.9453125,0.4201047420501709,0.4537728726863861,0.44005057215690613,43.18811035,58.540252685546875,52.32691955566406,-42.11168671,-56.31840515,-51.66664124,5.360204219818115,11.807584762573242,-2.714212894,0.975075901,0.9620457887649536,0.9873816967010498,5.0646820068359375,5.159527778625488,4.306949138641357
12.4,0,102.8031997680664,129.00782775878906,118.91114807128906,202.5532684326172,202.9392547607422,199.9453125,0.4201047420501709,0.4537728726863861,0.44005057215690613,43.18811035,58.540252685546875,52.32691955566406,-42.11168671,-56.31840515,-51.66664124,5.360204219818115,11.807584762573242,-2.714212894,0.975075901,0.9620457887649536,0.9873816967010498,5.0646820068359375,5.159527778625488,4.306949138641357
12.45,0,102.86560821533203,129.07791137695312,119.02642059326172,202.71348571777344,203.0784149169922,200.08465576171875,0.4321361482143402,0.4716167747974396,0.4529455900192261,44.45194625854492,60.875308990478516,53.91249084472656,-43.35188675,-58.57224274,-53.39011765,6.772105693817139,13.418768882751465,-2.035061836,0.9752528667449951,0.962167501,0.9903107285499573,5.182444095611572,5.099000453948975,4.2117228507995605
12.5,0,102.86560821533203,129.07791137695312,119.02642059326172,202.71348571777344,203.0784149169922,200.08465576171875,0.4321361482143402,0.4716167747974396,0.4529455900192261,44.45194625854492,60.875308990478516,53.91249084472656,-43.35188675,-58.57224274,-53.39011765,6.772105693817139,13.418768882751465,-2.035061836,0.9752528667449951,0.962167501,0.9903107285499573,5.182444095611572,5.099000453948975,4.2117228507995605
12.55,0,102.86560821533203,129.07791137695312,119.02642059326172,202.71348571777344,203.0784149169922,200.08465576171875,0.4321361482143402,0.4716167747974396,0.4529455900192261,44.45194625854492,60.875308990478516,53.91249084472656,-43.35188675,-58.57224274,-53.39011765,6.772105693817139,13.418768882751465,-2.035061836,0.9752528667449951,0.962167501,0.9903107285499573,5.182444095611572,5.099000453948975,4.2117228507995605
12.6,0,102.86560821533203,129.07791137695312,119.02642059326172,202.71348571777344,203.0784149169922,200.08465576171875,0.4321361482143402,0.4716167747974396,0.4529455900192261,44.45194625854492,60.875308990478516,53.91249084472656,-43.35188675,-58.57224274,-53.39011765,6.772105693817139,13.418768882751465,-2.035061836,0.9752528667449951,0.962167501,0.9903107285499573,5.182444095611572,5.099000453948975,4.2117228507995605
12.65,0,102.73917388916016,128.98072814941406,118.9262924194336,202.5380859,202.84938049316406,199.9158477783203,0.4203856885433197,0.4605472981929779,0.4395693242549896,43.19007873535156,59.40172576904297,52.27634811401367,-41.90238571,-56.77451324,-51.70062256,7.406052589416504,14.016544342041016,-1.202675462,0.9701854586601257,0.9557721018791199,0.9889869093894958,5.118006706237793,5.1077375411987305,4.064127445220947
12.7,0,102.73917388916016,128.98072814941406,118.9262924194336,202.5380859,202.84938049316406,199.9158477783203,0.4203856885433197,0.4605472981929779,0.4395693242549896,43.19007873535156,59.40172576904297,52.27634811401367,-41.90238571,-56.77451324,-51.70062256,7.406052589416504,14.016544342041016,-1.202675462,0.9701854586601257,0.9557721018791199,0.9889869093894958,5.118006706237793,5.1077375411987305,4.064127445220947
12.75,0,102.73917388916016,128.98072814941406,118.9262924194336,202.5380859,202.84938049316406,199.9158477783203,0.4203856885433197,0.4605472981929779,0.4395693242549896,43.19007873535156,59.40172576904297,52.27634811401367,-41.90238571,-56.77451324,-51.70062256,7.406052589416504,14.016544342041016,-1.202675462,0.9701854586601257,0.9557721018791199,0.9889869093894958,5.118006706237793,5.1077375411987305,4.064127445220947
12.8,0,102.73917388916016,128.98072814941406,118.9262924194336,202.5380859,202.84938049316406,199.9158477783203,0.4203856885433197,0.4605472981929779,0.4395693242549896,43.19007873535156,59.40172576904297,52.27634811401367,-41.90238571,-56.77451324,-51.70062256,7.406052589416504,14.016544342041016,-1.202675462,0.9701854586601257,0.9557721018791199,0.9889869093894958,5.118006706237793,5.1077375411987305,4.064127445220947
12.85,0,102.72633361816406,129.0321807861328,118.88560485839844,202.55136108398438,202.87033081054688,199.87278747558594,0.4184642732143402,0.4567433297634125,0.43829843401908875,42.987300872802734,58.93458938598633,52.10737609863281,-41.88306808,-56.51187515,-51.57785416,6.796061992645264,13.375025749206543,-1.615336895,0.9743126034736633,0.9588914513587952,0.9898378849029541,5.051835060119629,5.135409355163574,4.059010982513428
12.9,0,102.72633361816406,129.0321807861328,118.88560485839844,202.55136108398438,202.87033081054688,199.87278747558594,0.4184642732143402,0.4567433297634125,0.43829843401908875,42.987300872802734,58.93458938598633,52.10737609863281,-41.88306808,-56.51187515,-51.57785416,6.796061992645264,13.375025749206543,-1.615336895,0.9743126034736633,0.9588914513587952,0.9898378849029541,5.051835060119629,5.135409355163574,4.059010982513428
12.95,0,102.72633361816406,129.0321807861328,118.88560485839844,202.55136108398438,202.87033081054688,199.87278747558594,0.4184642732143402,0.4567433297634125,0.43829843401908875,42.987300872802734,58.93458938598633,52.10737609863281,-41.88306808,-56.51187515,-51.57785416,6.796061992645264,13.375025749206543,-1.615336895,0.9743126034736633,0.9588914513587952,0.9898378849029541,5.051835060119629,5.135409355163574,4.059010982513428
13,0,102.72633361816406,129.0321807861328,118.88560485839844,202.55136108398438,202.87033081054688,199.87278747558594,0.4184642732143402,0.4567433297634125,0.43829843401908875,42.987300872802734,58.93458938598633,52.10737609863281,-41.88306808,-56.51187515,-51.57785416,6.796061992645264,13.375025749206543,-1.615336895,0.9743126034736633,0.9588914513587952,0.9898378849029541,5.051835060119629,5.135409355163574,4.059010982513428
13.05,0,102.75228881835938,129.0275115966797,118.85824584960938,202.53317260742188,202.90582275390625,199.85145568847656,0.4267176687717438,0.47014614939689636,0.44860008358955383,43.84621810913086,60.66178894042969,53.319820404052734,-42.34052658,-57.59473419,-52.76003647,8.613700866699219,15.838334083557129,-0.011249429,0.9656597375869751,0.949440062,0.989501417,5.090506076812744,5.165043354034424,4.2075395584106445
13.1,0,102.75228881835938,129.0275115966797,118.85824584960938,202.53317260742188,202.90582275390625,199.85145568847656,0.4267176687717438,0.47014614939689636,0.44860008358955383,43.84621810913086,60.66178894042969,53.319820404052734,-42.34052658,-57.59473419,-52.76003647,8.613700866699219,15.838334083557129,-0.011249429,0.9656597375869751,0.949440062,0.989501417,5.090506076812744,5.165043354034424,4.2075395584106445
13.15,0,102.75228881835938,129.0275115966797,118.85824584960938,202.53317260742188,202.90582275390625,199.85145568847656,0.4267176687717438,0.47014614939689636,0.44860008358955383,43.84621810913086,60.66178894042969,53.319820404052734,-42.34052658,-57.59473419,-52.76003647,8.613700866699219,15.838334083557129,-0.011249429,0.9656597375869751,0.949440062,0.989501417,5.090506076812744,5.165043354034424,4.2075395584106445
13.2,0,102.75228881835938,129.0275115966797,118.85824584960938,202.53317260742188,202.90582275390625,199.85145568847656,0.4267176687717438,0.47014614939689636,0.44860008358955383,43.84621810913086,60.66178894042969,53.319820404052734,-42.34052658,-57.59473419,-52.76003647,8.613700866699219,15.838334083557129,-0.011249429,0.9656597375869751,0.949440062,0.989501417,5.090506076812744,5.165043354034424,4.2075395584106445
13.25,0,102.70542907714844,128.8780517578125,118.82164001464844,202.36282348632812,202.7454833984375,199.77969360351562,0.41024595499038696,0.44947758316993713,0.4330223500728607,42.13448715209961,57.92779541015625,51.45242691040039,-40.77142334,-55.1277504,-50.83470535,7.363234043121338,14.502157211303711,-0.613957584,0.9676496982574463,0.9516631960868835,0.9879943132400513,5.140842437744141,5.086766719818115,4.255550384521484
13.3,0,102.70542907714844,128.8780517578125,118.82164001464844,202.36282348632812,202.7454833984375,199.77969360351562,0.41024595499038696,0.44947758316993713,0.4330223500728607,42.13448715209961,57.92779541015625,51.45242691040039,-40.77142334,-55.1277504,-50.83470535,7.363234043121338,14.502157211303711,-0.613957584,0.9676496982574463,0.9516631960868835,0.9879943132400513,5.140842437744141,5.086766719818115,4.255550384521484
13.35,0,102.70542907714844,128.8780517578125,118.82164001464844,202.36282348632812,202.7454833984375,199.77969360351562,0.41024595499038696,0.44947758316993713,0.4330223500728607,42.13448715209961,57.92779541015625,51.45242691040039,-40.77142334,-55.1277504,-50.83470535,7.363234043121338,14.502157211303711,-0.613957584,0.9676496982574463,0.9516631960868835,0.9879943132400513,5.140842437744141,5.086766719818115,4.255550384521484
13.4,0,102.70542907714844,128.8780517578125,118.82164001464844,202.36282348632812,202.7454833984375,199.77969360351562,0.41024595499038696,0.44947758316993713,0.4330223500728607,42.13448715209961,57.92779541015625,51.45242691040039,-40.77142334,-55.1277504,-50.83470535,7.363234043121338,14.502157211303711,-0.613957584,0.9676496982574463,0.9516631960868835,0.9879943132400513,5.140842437744141,5.086766719818115,4.255550384521484
13.45,0,102.77648162841797,128.9870147705078,118.94720458984375,202.57083129882812,202.89300537109375,199.95387268066406,0.42684024572372437,0.46955206990242004,0.44801631569862366,43.869136810302734,60.56612014770508,53.290287017822266,-42.33480835,-57.58777618,-52.63315964,8.365989685058594,15.456976890563965,-0.315007061,0.9650248885154724,0.9508249163627625,0.9876689314842224,5.124400615692139,5.034388065338135,4.109033584594727
13.5,0,102.77648162841797,128.9870147705078,118.94720458984375,202.57083129882812,202.89300537109375,199.95387268066406,0.42684024572372437,0.46955206990242004,0.44801631569862366,43.869136810302734,60.56612014770508,53.290287017822266,-42.33480835,-57.58777618,-52.63315964,8.365989685058594,15.456976890563965,-0.315007061,0.9650248885154724,0.9508249163627625,0.9876689314842224,5.124400615692139,5.034388065338135,4.109033584594727
13.55,0,102.77648162841797,128.9870147705078,118.94720458984375,202.57083129882812,202.89300537109375,199.95387268066406,0.42684024572372437,0.46955206990242004,0.44801631569862366,43.869136810302734,60.56612014770508,53.290287017822266,-42.33480835,-57.58777618,-52.63315964,8.365989685058594,15.456976890563965,-0.315007061,0.9650248885154724,0.9508249163627625,0.9876689314842224,5.124400615692139,5.034388065338135,4.109033584594727
13.6,0,102.77648162841797,128.9870147705078,118.94720458984375,202.57083129882812,202.89300537109375,199.95387268066406,0.42684024572372437,0.46955206990242004,0.44801631569862366,43.869136810302734,60.56612014770508,53.290287017822266,-42.33480835,-57.58777618,-52.63315964,8.365989685058594,15.456976890563965,-0.315007061,0.9650248885154724,0.9508249163627625,0.9876689314842224,5.124400615692139,5.034388065338135,4.109033584594727
13.65,0,102.64704895019531,128.9058380126953,118.82130432128906,202.3798828,202.6736602783203,199.7666473388672,0.4151719808578491,0.458859384,0.4375540614128113,42.616180419921875,59.149654388427734,51.990745544433594,-41.00792694,-55.8756485,-51.41342545,8.983807563781738,16.410629272460938,0.6967711448669434,0.9622619152069092,0.944648802,0.9888957142829895,4.999120712280273,5.070438861846924,3.9680962562561035
13.7,0,102.64704895019531,128.9058380126953,118.82130432128906,202.3798828,202.6736602783203,199.7666473388672,0.4151719808578491,0.458859384,0.4375540614128113,42.616180419921875,59.149654388427734,51.990745544433594,-41.00792694,-55.8756485,-51.41342545,8.983807563781738,16.410629272460938,0.6967711448669434,0.9622619152069092,0.944648802,0.9888957142829895,4.999120712280273,5.070438861846924,3.9680962562561035
13.75,0,102.64704895019531,128.9058380126953,118.82130432128906,202.3798828,202.6736602783203,199.7666473388672,0.4151719808578491,0.458859384,0.4375540614128113,42.616180419921875,59.149654388427734,51.990745544433594,-41.00792694,-55.8756485,-51.41342545,8.983807563781738,16.410629272460938,0.6967711448669434,0.9622619152069092,0.944648802,0.9888957142829895,4.999120712280273,5.070438861846924,3.9680962562561035
13.8,0,102.64704895019531,128.9058380126953,118.82130432128906,202.3798828,202.6736602783203,199.7666473388672,0.4151719808578491,0.458859384,0.4375540614128113,42.616180419921875,59.149654388427734,51.990745544433594,-41.00792694,-55.8756485,-51.41342545,8.983807563781738,16.410629272460938,0.6967711448669434,0.9622619152069092,0.944648802,0.9888957142829895,4.999120712280273,5.070438861846924,3.9680962562561035
13.85,0,102.71612548828125,129.01673889160156,118.83699035644531,202.52511596679688,202.83102416992188,199.80978393554688,0.4246659278869629,0.46699199080467224,0.4442581832408905,43.62003707885742,60.24978256225586,52.79430389404297,-42.11161804,-57.28282928,-52.19032288,8.424410820007324,15.323953628540039,-0.227195874,0.9654191136360168,0.950755775,0.9885597229003906,4.937000751495361,5.189857006072998,4.097108364105225
13.9,0,102.71612548828125,129.01673889160156,118.83699035644531,202.52511596679688,202.83102416992188,199.80978393554688,0.4246659278869629,0.46699199080467224,0.4442581832408905,43.62003707885742,60.24978256225586,52.79430389404297,-42.11161804,-57.28282928,-52.19032288,8.424410820007324,15.323953628540039,-0.227195874,0.9654191136360168,0.950755775,0.9885597229003906,4.937000751495361,5.189857006072998,4.097108364105225
13.95,0,102.71612548828125,129.01673889160156,118.83699035644531,202.52511596679688,202.83102416992188,199.80978393554688,0.4246659278869629,0.46699199080467224,0.4442581832408905,43.62003707885742,60.24978256225586,52.79430389404297,-42.11161804,-57.28282928,-52.19032288,8.424410820007324,15.323953628540039,-0.227195874,0.9654191136360168,0.950755775,0.9885597229003906,4.937000751495361,5.189857006072998,4.097108364105225
14,0,102.69322204589844,128.9213104248047,118.81945037841797,202.3932647705078,202.79127502441406,199.7559051513672,0.4170790910720825,0.4666147828102112,0.442215234,42.83119583129883,60.15658950805664,52.54376983642578,-41.05170059,-56.69647598,-51.92848969,9.613584518432617,17.282066345214844,0.8258081078529358,0.9584532976150513,0.9424815773963928,0.9882901310920715,4.990919589996338,5.127639293670654,4.257602214813232
14.05,0,102.69322204589844,128.9213104248047,118.81945037841797,202.3932647705078,202.79127502441406,199.7559051513672,0.4170790910720825,0.4666147828102112,0.442215234,42.83119583129883,60.15658950805664,52.54376983642578,-41.05170059,-56.69647598,-51.92848969,9.613584518432617,17.282066345214844,0.8258081078529358,0.9584532976150513,0.9424815773963928,0.9882901310920715,4.990919589996338,5.127639293670654,4.257602214813232
14.1,0,102.69322204589844,128.9213104248047,118.81945037841797,202.3932647705078,202.79127502441406,199.7559051513672,0.4170790910720825,0.4666147828102112,0.442215234,42.83119583129883,60.15658950805664,52.54376983642578,-41.05170059,-56.69647598,-51.92848969,9.613584518432617,17.282066345214844,0.8258081078529358,0.9584532976150513,0.9424815773963928,0.9882901310920715,4.990919589996338,5.127639293670654,4.257602214813232
14.15,0,102.69322204589844,128.9213104248047,118.81945037841797,202.3932647705078,202.79127502441406,199.7559051513672,0.4170790910720825,0.4666147828102112,0.442215234,42.83119583129883,60.15658950805664,52.54376983642578,-41.05170059,-56.69647598,-51.92848969,9.613584518432617,17.282066345214844,0.8258081078529358,0.9584532976150513,0.9424815773963928,0.9882901310920715,4.990919589996338,5.127639293670654,4.257602214813232
14.2,0,102.69322204589844,128.9213104248047,118.81945037841797,202.3932647705078,202.79127502441406,199.7559051513672,0.4170790910720825,0.4666147828102112,0.442215234,42.83119583129883,60.15658950805664,52.54376983642578,-41.05170059,-56.69647598,-51.92848969,9.613584518432617,17.282066345214844,0.8258081078529358,0.9584532976150513,0.9424815773963928,0.9882901310920715,4.990919589996338,5.127639293670654,4.257602214813232
14.25,0,102.73939514160156,128.93539428710938,118.8945313,202.47462463378906,202.8147735595703,199.87997436523438,0.4210461974143982,0.46243783831596375,0.4429883062839508,43.25802993774414,59.624603271484375,52.668888092041016,-41.68814087,-56.47919464,-52.07181549,8.648815155029297,16.001203536987305,0.441442072,0.9637086987495422,0.9472464919090271,0.9886636734008789,5.106898307800293,5.0850090980529785,4.2295660972595215
14.3,0,102.73939514160156,128.93539428710938,118.8945313,202.47462463378906,202.8147735595703,199.87997436523438,0.4210461974143982,0.46243783831596375,0.4429883062839508,43.25802993774414,59.624603271484375,52.668888092041016,-41.68814087,-56.47919464,-52.07181549,8.648815155029297,16.001203536987305,0.441442072,0.9637086987495422,0.9472464919090271,0.9886636734008789,5.106898307800293,5.0850090980529785,4.2295660972595215
14.35,0,102.73939514160156,128.93539428710938,118.8945313,202.47462463378906,202.8147735595703,199.87997436523438,0.4210461974143982,0.46243783831596375,0.4429883062839508,43.25802993774414,59.624603271484375,52.668888092041016,-41.68814087,-56.47919464,-52.07181549,8.648815155029297,16.001203536987305,0.441442072,0.9637086987495422,0.9472464919090271,0.9886636734008789,5.106898307800293,5.0850090980529785,4.2295660972595215
14.4,0,102.6800765991211,128.9097900390625,118.8862075805664,202.42225646972656,202.7670440673828,199.82264709472656,0.41910141706466675,0.46501466631889343,0.44412505626678467,43.03336715698242,59.944942474365234,52.80034255981445,-41.19232559,-56.25429916,-52.09458542,9.630829811096191,17.55476188659668,1.3570226430892944,0.9572182893753052,0.9384327530860901,0.9866334795951843,5.10031271,5.116563797,4.112102508544922
14.45,0,102.6800765991211,128.9097900390625,118.8862075805664,202.42225646972656,202.7670440673828,199.82264709472656,0.41910141706466675,0.46501466631889343,0.44412505626678467,43.03336715698242,59.944942474365234,52.80034255981445,-41.19232559,-56.25429916,-52.09458542,9.630829811096191,17.55476188659668,1.3570226430892944,0.9572182893753052,0.9384327530860901,0.9866334795951843,5.10031271,5.116563797,4.112102508544922
14.5,0,102.6800765991211,128.9097900390625,118.8862075805664,202.42225646972656,202.7670440673828,199.82264709472656,0.41910141706466675,0.46501466631889343,0.44412505626678467,43.03336715698242,59.944942474365234,52.80034255981445,-41.19232559,-56.25429916,-52.09458542,9.630829811096191,17.55476188659668,1.3570226430892944,0.9572182893753052,0.9384327530860901,0.9866334795951843,5.10031271,5.116563797,4.112102508544922
14.55,0,102.6800765991211,128.9097900390625,118.8862075805664,202.42225646972656,202.7670440673828,199.82264709472656,0.41910141706466675,0.46501466631889343,0.44412505626678467,43.03336715698242,59.944942474365234,52.80034255981445,-41.19232559,-56.25429916,-52.09458542,9.630829811096191,17.55476188659668,1.3570226430892944,0.9572182893753052,0.9384327530860901,0.9866334795951843,5.10031271,5.116563797,4.112102508544922
14.6,0,102.69937896728516,129.00990295410156,118.87842559814453,202.50189208984375,202.82559204101562,199.86244201660156,0.4200744032859802,0.4641435742378235,0.4413924813270569,43.141380310058594,59.87911605834961,52.472042083740234,-41.58307266,-56.73734283,-51.85390472,8.671904563903809,15.808758735656738,0.033966545,0.9638790488243103,0.9475314021110535,0.988219678,4.991480827331543,5.183086395263672,4.074925422668457
14.65,0,102.69937896728516,129.00990295410156,118.87842559814453,202.50189208984375,202.82559204101562,199.86244201660156,0.4200744032859802,0.4641435742378235,0.4413924813270569,43.141380310058594,59.87911605834961,52.472042083740234,-41.58307266,-56.73734283,-51.85390472,8.671904563903809,15.808758735656738,0.033966545,0.9638790488243103,0.9475314021110535,0.988219678,4.991480827331543,5.183086395263672,4.074925422668457
14.7,0,102.69937896728516,129.00990295410156,118.87842559814453,202.50189208984375,202.82559204101562,199.86244201660156,0.4200744032859802,0.4641435742378235,0.4413924813270569,43.141380310058594,59.87911605834961,52.472042083740234,-41.58307266,-56.73734283,-51.85390472,8.671904563903809,15.808758735656738,0.033966545,0.9638790488243103,0.9475314021110535,0.988219678,4.991480827331543,5.183086395263672,4.074925422668457
14.75,0,102.69937896728516,129.00990295410156,118.87842559814453,202.50189208984375,202.82559204101562,199.86244201660156,0.4200744032859802,0.4641435742378235,0.4413924813270569,43.141380310058594,59.87911605834961,52.472042083740234,-41.58307266,-56.73734283,-51.85390472,8.671904563903809,15.808758735656738,0.033966545,0.9638790488243103,0.9475314021110535,0.988219678,4.991480827331543,5.183086395263672,4.074925422668457
14.8,0,102.72760772705078,128.98411560058594,118.86553955078125,202.45745849609375,202.87730407714844,199.84925842285156,0.42784586548805237,0.47299709916114807,0.44905585050582886,43.95158386230469,61.00911331176758,53.37726593017578,-41.99285889,-57.23741913,-52.69702148,10.35700798034668,17.979869842529297,1.918313980102539,0.9554345011711121,0.9381781816482544,0.9872559309005737,5.009299278259277,5.195144176483154,4.178243160247803
14.85,0,102.72760772705078,128.98411560058594,118.86553955078125,202.45745849609375,202.87730407714844,199.84925842285156,0.42784586548805237,0.47299709916114807,0.44905585050582886,43.95158386230469,61.00911331176758,53.37726593017578,-41.99285889,-57.23741913,-52.69702148,10.35700798034668,17.979869842529297,1.918313980102539,0.9554345011711121,0.9381781816482544,0.9872559309005737,5.009299278259277,5.195144176483154,4.178243160247803
14.9,0,102.72760772705078,128.98411560058594,118.86553955078125,202.45745849609375,202.87730407714844,199.84925842285156,0.42784586548805237,0.47299709916114807,0.44905585050582886,43.95158386230469,61.00911331176758,53.37726593017578,-41.99285889,-57.23741913,-52.69702148,10.35700798034668,17.979869842529297,1.918313980102539,0.9554345011711121,0.9381781816482544,0.9872559309005737,5.009299278259277,5.195144176483154,4.178243160247803
14.95,0,102.72760772705078,128.98411560058594,118.86553955078125,202.45745849609375,202.87730407714844,199.84925842285156,0.42784586548805237,0.47299709916114807,0.44905585050582886,43.95158386230469,61.00911331176758,53.37726593017578,-41.99285889,-57.23741913,-52.69702148,10.35700798034668,17.979869842529297,1.918313980102539,0.9554345011711121,0.9381781816482544,0.9872559309005737,5.009299278259277,5.195144176483154,4.178243160247803
15,0,102.75190734863281,128.91119384765625,118.87470245361328,202.43048095703125,202.8189239501953,199.86866760253906,0.4209499955177307,0.4620594382286072,0.4402594268321991,43.253414154052734,59.564632415771484,52.33570861816406,-41.57913589,-56.36688232,-51.72525406,9.149181365966797,16.261985778808594,0.8826759457588196,0.9612914323806763,0.9463146328926086,0.9883357882499695,5.0698323249816895,5.089615821838379,4.235036373138428
15.05,0,102.75190734863281,128.91119384765625,118.87470245361328,202.43048095703125,202.8189239501953,199.86866760253906,0.4209499955177307,0.4620594382286072,0.4402594268321991,43.253414154052734,59.564632415771484,52.33570861816406,-41.57913589,-56.36688232,-51.72525406,9.149181365966797,16.261985778808594,0.8826759457588196,0.9612914323806763,0.9463146328926086,0.9883357882499695,5.0698323249816895,5.089615821838379,4.235036373138428
15.1,0,102.75190734863281,128.91119384765625,118.87470245361328,202.43048095703125,202.8189239501953,199.86866760253906,0.4209499955177307,0.4620594382286072,0.4402594268321991,43.253414154052734,59.564632415771484,52.33570861816406,-41.57913589,-56.36688232,-51.72525406,9.149181365966797,16.261985778808594,0.8826759457588196,0.9612914323806763,0.9463146328926086,0.9883357882499695,5.0698323249816895,5.089615821838379,4.235036373138428
15.15,0,102.75190734863281,128.91119384765625,118.87470245361328,202.43048095703125,202.8189239501953,199.86866760253906,0.4209499955177307,0.4620594382286072,0.4402594268321991,43.253414154052734,59.564632415771484,52.33570861816406,-41.57913589,-56.36688232,-51.72525406,9.149181365966797,16.261985778808594,0.8826759457588196,0.9612914323806763,0.9463146328926086,0.9883357882499695,5.0698323249816895,5.089615821838379,4.235036373138428
15.2,0,102.7668685913086,128.97146606445312,118.95030212402344,202.54750061035156,202.87750244140625,199.95242309570312,0.4295864403247833,0.4733688533306122,0.45116037130355835,44.147254943847656,61.05107498168945,53.66566086,-42.25933075,-57.37589645,-53.03078461,10.393407821655273,18.149606704711914,2.1022186279296875,0.9572357535362244,0.9398015737533569,0.988169789,5.111260890960693,5.016027450561523,4.123382091522217
15.25,0,102.7668685913086,128.97146606445312,118.95030212402344,202.54750061035156,202.87750244140625,199.95242309570312,0.4295864403247833,0.4733688533306122,0.45116037130355835,44.147254943847656,61.05107498168945,53.66566086,-42.25933075,-57.37589645,-53.03078461,10.393407821655273,18.149606704711914,2.1022186279296875,0.9572357535362244,0.9398015737533569,0.988169789,5.111260890960693,5.016027450561523,4.123382091522217
15.3,0,102.7668685913086,128.97146606445312,118.95030212402344,202.54750061035156,202.87750244140625,199.95242309570312,0.4295864403247833,0.4733688533306122,0.45116037130355835,44.147254943847656,61.05107498168945,53.66566086,-42.25933075,-57.37589645,-53.03078461,10.393407821655273,18.149606704711914,2.1022186279296875,0.9572357535362244,0.9398015737533569,0.988169789,5.111260890960693,5.016027450561523,4.123382091522217
15.35,0,102.7668685913086,128.97146606445312,118.95030212402344,202.54750061035156,202.87750244140625,199.95242309570312,0.4295864403247833,0.4733688533306122,0.45116037130355835,44.147254943847656,61.05107498168945,53.66566086,-42.25933075,-57.37589645,-53.03078461,10.393407821655273,18.149606704711914,2.1022186279296875,0.9572357535362244,0.9398015737533569,0.988169789,5.111260890960693,5.016027450561523,4.123382091522217
15.4,0,102.70490264892578,129.00511169433594,118.89271545410156,202.53195190429688,202.82553100585938,199.86367797851562,0.4213933050632477,0.46613556146621704,0.4425259828567505,43.27915954589844,60.13386917114258,52.61311721801758,-41.64084625,-56.89319611,-52.03607178,9.219105721,16.493106842041016,0.5892523527145386,0.9621454477310181,0.9461089968681335,0.9890322685241699,5.077200889587402,5.102385997772217,3.985161066055298
15.45,0,102.70490264892578,129.00511169433594,118.89271545410156,202.53195190429688,202.82553100585938,199.86367797851562,0.4213933050632477,0.46613556146621704,0.4425259828567505,43.27915954589844,60.13386917114258,52.61311721801758,-41.64084625,-56.89319611,-52.03607178,9.219105721,16.493106842041016,0.5892523527145386,0.9621454477310181,0.9461089968681335,0.9890322685241699,5.077200889587402,5.102385997772217,3.985161066055298
15.5,0,102.70490264892578,129.00511169433594,118.89271545410156,202.53195190429688,202.82553100585938,199.86367797851562,0.4213933050632477,0.46613556146621704,0.4425259828567505,43.27915954589844,60.13386917114258,52.61311721801758,-41.64084625,-56.89319611,-52.03607178,9.219105721,16.493106842041016,0.5892523527145386,0.9621454477310181,0.9461089968681335,0.9890322685241699,5.077200889587402,5.102385997772217,3.985161066055298
15.55,0,102.70490264892578,129.00511169433594,118.89271545410156,202.53195190429688,202.82553100585938,199.86367797851562,0.4213933050632477,0.46613556146621704,0.4425259828567505,43.27915954589844,60.13386917114258,52.61311721801758,-41.64084625,-56.89319611,-52.03607178,9.219105721,16.493106842041016,0.5892523527145386,0.9621454477310181,0.9461089968681335,0.9890322685241699,5.077200889587402,5.102385997772217,3.985161066055298
15.6,0,102.7364273071289,129.00979614257812,118.87377166748047,202.51861572265625,202.84542846679688,199.8824462890625,0.43248850107192993,0.48060768842697144,0.45327672362327576,44.43232345581055,62.00310134887695,53.882713317871094,-42.39429092,-58.2061882,-53.22331238,10.739965438842773,18.309968948364258,1.8050925731658936,0.9541317820549011,0.9387625455856323,0.9877622723579407,4.9667158126831055,5.202474117279053,4.079449177
15.65,0,102.7364273071289,129.00979614257812,118.87377166748047,202.51861572265625,202.84542846679688,199.8824462890625,0.43248850107192993,0.48060768842697144,0.45327672362327576,44.43232345581055,62.00310134887695,53.882713317871094,-42.39429092,-58.2061882,-53.22331238,10.739965438842773,18.309968948364258,1.8050925731658936,0.9541317820549011,0.9387625455856323,0.9877622723579407,4.9667158126831055,5.202474117279053,4.079449177
15.7,0,102.7364273071289,129.00979614257812,118.87377166748047,202.51861572265625,202.84542846679688,199.8824462890625,0.43248850107192993,0.48060768842697144,0.45327672362327576,44.43232345581055,62.00310134887695,53.882713317871094,-42.39429092,-58.2061882,-53.22331238,10.739965438842773,18.309968948364258,1.8050925731658936,0.9541317820549011,0.9387625455856323,0.9877622723579407,4.9667158126831055,5.202474117279053,4.079449177
15.75,0,102.7364273071289,129.00979614257812,118.87377166748047,202.51861572265625,202.84542846679688,199.8824462890625,0.43248850107192993,0.48060768842697144,0.45327672362327576,44.43232345581055,62.00310134887695,53.882713317871094,-42.39429092,-58.2061882,-53.22331238,10.739965438842773,18.309968948364258,1.8050925731658936,0.9541317820549011,0.9387625455856323,0.9877622723579407,4.9667158126831055,5.202474117279053,4.079449177
15.8,0,102.7640380859375,128.97364807128906,118.88077545166016,202.5014648,202.87596130371094,199.8787078857422,0.4253111183643341,0.46984630823135376,0.4474269151687622,43.706687927246094,60.59779357910156,53.190460205078125,-41.9401207,-57.19447327,-52.55796432,9.439253807067871,16.90186309814453,0.9273474812507629,0.9595813155174255,0.943837583,0.9881088733673096,5.063676357269287,5.170251369476318,4.268478870391846
15.85,0,102.7640380859375,128.97364807128906,118.88077545166016,202.5014648,202.87596130371094,199.8787078857422,0.4253111183643341,0.46984630823135376,0.4474269151687622,43.706687927246094,60.59779357910156,53.190460205078125,-41.9401207,-57.19447327,-52.55796432,9.439253807067871,16.90186309814453,0.9273474812507629,0.9595813155174255,0.943837583,0.9881088733673096,5.063676357269287,5.170251369476318,4.268478870391846
15.9,0,102.7640380859375,128.97364807128906,118.88077545166016,202.5014648,202.87596130371094,199.8787078857422,0.4253111183643341,0.46984630823135376,0.4474269151687622,43.706687927246094,60.59779357910156,53.190460205078125,-41.9401207,-57.19447327,-52.55796432,9.439253807067871,16.90186309814453,0.9273474812507629,0.9595813155174255,0.943837583,0.9881088733673096,5.063676357269287,5.170251369476318,4.268478870391846
15.95,0,102.7640380859375,128.97364807128906,118.88077545166016,202.5014648,202.87596130371094,199.8787078857422,0.4253111183643341,0.46984630823135376,0.4474269151687622,43.706687927246094,60.59779357910156,53.190460205078125,-41.9401207,-57.19447327,-52.55796432,9.439253807067871,16.90186309814453,0.9273474812507629,0.9595813155174255,0.943837583,0.9881088733673096,5.063676357269287,5.170251369476318,4.268478870391846
16,0,102.7640380859375,128.97364807128906,118.88077545166016,202.5014648,202.87596130371094,199.8787078857422,0.4253111183643341,0.46984630823135376,0.4474269151687622,43.706687927246094,60.59779357910156,53.190460205078125,-41.9401207,-57.19447327,-52.55796432,9.439253807067871,16.90186309814453,0.9273474812507629,0.9595813155174255,0.943837583,0.9881088733673096,5.063676357269287,5.170251369476318,4.268478870391846
16.05,0,102.79399871826172,128.9950714111328,118.95408630371094,202.58468627929688,202.9528045654297,199.94705200195312,0.4324014484882355,0.4798302948474884,0.45536670088768005,44.448272705078125,61.89574432373047,54.167728424072266,-42.33188629,-57.95067215,-53.46089554,10.868151664733887,18.83916473388672,2.2715179920196533,0.952385426,0.9362626075744629,0.9869510531425476,5.203278064727783,5.139075279,4.253471851348877
16.1,0,102.79399871826172,128.9950714111328,118.95408630371094,202.58468627929688,202.9528045654297,199.94705200195312,0.4324014484882355,0.4798302948474884,0.45536670088768005,44.448272705078125,61.89574432373047,54.167728424072266,-42.33188629,-57.95067215,-53.46089554,10.868151664733887,18.83916473388672,2.2715179920196533,0.952385426,0.9362626075744629,0.9869510531425476,5.203278064727783,5.139075279,4.253471851348877
16.15,0,102.79399871826172,128.9950714111328,118.95408630371094,202.58468627929688,202.9528045654297,199.94705200195312,0.4324014484882355,0.4798302948474884,0.45536670088768005,44.448272705078125,61.89574432373047,54.167728424072266,-42.33188629,-57.95067215,-53.46089554,10.868151664733887,18.83916473388672,2.2715179920196533,0.952385426,0.9362626075744629,0.9869510531425476,5.203278064727783,5.139075279,4.253471851348877
16.2,0,102.76532745361328,129.0534210205078,118.95748138427734,202.60232543945312,202.97747802734375,199.9502716064453,0.4310750365257263,0.4769052565097809,0.452487588,44.29956817626953,61.5462532,53.82678223,-42.42024231,-57.96255875,-53.13354874,9.862556457519531,17.362730026245117,1.1456685066223145,0.9575768709182739,0.9417723417282104,0.987121046,5.054297924041748,5.116702556610107,4.161963463
16.25,0,102.76532745361328,129.0534210205078,118.95748138427734,202.60232543945312,202.97747802734375,199.9502716064453,0.4310750365257263,0.4769052565097809,0.452487588,44.29956817626953,61.5462532,53.82678223,-42.42024231,-57.96255875,-53.13354874,9.862556457519531,17.362730026245117,1.1456685066223145,0.9575768709182739,0.9417723417282104,0.987121046,5.054297924041748,5.116702556610107,4.161963463
16.3,0,102.76532745361328,129.0534210205078,118.95748138427734,202.60232543945312,202.97747802734375,199.9502716064453,0.4310750365257263,0.4769052565097809,0.452487588,44.29956817626953,61.5462532,53.82678223,-42.42024231,-57.96255875,-53.13354874,9.862556457519531,17.362730026245117,1.1456685066223145,0.9575768709182739,0.9417723417282104,0.987121046,5.054297924041748,5.116702556610107,4.161963463
16.35,0,102.76532745361328,129.0534210205078,118.95748138427734,202.60232543945312,202.97747802734375,199.9502716064453,0.4310750365257263,0.4769052565097809,0.452487588,44.29956817626953,61.5462532,53.82678223,-42.42024231,-57.96255875,-53.13354874,9.862556457519531,17.362730026245117,1.1456685066223145,0.9575768709182739,0.9417723417282104,0.987121046,5.054297924041748,5.116702556610107,4.161963463
16.4,0,102.72947692871094,128.9686279296875,118.87183380126953,202.45306396484375,202.90512084960938,199.8252716064453,0.4260810613632202,0.4725742042064667,0.4494466781616211,43.77108383178711,60.94724655151367,53.426551818847656,-41.82338333,-57.23003387,-52.74284744,10.088544845581055,17.874492645263672,1.5898702144622803,0.9555025696754456,0.9390093684196472,0.9872028827667236,4.988202095031738,5.217500686645508,4.242858409881592
16.45,0,102.72947692871094,128.9686279296875,118.87183380126953,202.45306396484375,202.90512084960938,199.8252716064453,0.4260810613632202,0.4725742042064667,0.4494466781616211,43.77108383178711,60.94724655151367,53.426551818847656,-41.82338333,-57.23003387,-52.74284744,10.088544845581055,17.874492645263672,1.5898702144622803,0.9555025696754456,0.9390093684196472,0.9872028827667236,4.988202095031738,5.217500686645508,4.242858409881592
16.5,0,102.72947692871094,128.9686279296875,118.87183380126953,202.45306396484375,202.90512084960938,199.8252716064453,0.4260810613632202,0.4725742042064667,0.4494466781616211,43.77108383178711,60.94724655151367,53.426551818847656,-41.82338333,-57.23003387,-52.74284744,10.088544845581055,17.874492645263672,1.5898702144622803,0.9555025696754456,0.9390093684196472,0.9872028827667236,4.988202095031738,5.217500686645508,4.242858409881592
16.55,0,102.72947692871094,128.9686279296875,118.87183380126953,202.45306396484375,202.90512084960938,199.8252716064453,0.4260810613632202,0.4725742042064667,0.4494466781616211,43.77108383178711,60.94724655151367,53.426551818847656,-41.82338333,-57.23003387,-52.74284744,10.088544845581055,17.874492645263672,1.5898702144622803,0.9555025696754456,0.9390093684196472,0.9872028827667236,4.988202095031738,5.217500686645508,4.242858409881592
16.6,0,102.74004364013672,128.99887084960938,118.87931060791016,202.47940063476562,202.87245178222656,199.89427185058594,0.43328070640563965,0.47719845175743103,0.45286110043525696,44.51527786254883,61.55805969238281,53.83581543,-42.677948,-58.09721756,-53.20015717,9.96223259,17.23383140563965,1.266493320465088,0.9587258696556091,0.9437792301177979,0.9881926774978638,4.933302879333496,5.193106651306152,4.125216007232666
16.65,0,102.74004364013672,128.99887084960938,118.87931060791016,202.47940063476562,202.87245178222656,199.89427185058594,0.43328070640563965,0.47719845175743103,0.45286110043525696,44.51527786254883,61.55805969238281,53.83581543,-42.677948,-58.09721756,-53.20015717,9.96223259,17.23383140563965,1.266493320465088,0.9587258696556091,0.9437792301177979,0.9881926774978638,4.933302879333496,5.193106651306152,4.125216007232666
16.7,0,102.74004364013672,128.99887084960938,118.87931060791016,202.47940063476562,202.87245178222656,199.89427185058594,0.43328070640563965,0.47719845175743103,0.45286110043525696,44.51527786254883,61.55805969238281,53.83581543,-42.677948,-58.09721756,-53.20015717,9.96223259,17.23383140563965,1.266493320465088,0.9587258696556091,0.9437792301177979,0.9881926774978638,4.933302879333496,5.193106651306152,4.125216007232666
16.75,0,102.74004364013672,128.99887084960938,118.87931060791016,202.47940063476562,202.87245178222656,199.89427185058594,0.43328070640563965,0.47719845175743103,0.45286110043525696,44.51527786254883,61.55805969238281,53.83581543,-42.677948,-58.09721756,-53.20015717,9.96223259,17.23383140563965,1.266493320465088,0.9587258696556091,0.9437792301177979,0.9881926774978638,4.933302879333496,5.193106651306152,4.125216007232666
16.8,0,102.67491912841797,128.99075317382812,118.85586547851562,202.44134521484375,202.8394317626953,199.8035430908203,0.4307566285133362,0.47680020332336426,0.4525529742240906,44.227901458740234,61.50281906,53.78857422,-42.19187546,-57.62732315,-53.10416031,10.593920707702637,18.384096145629883,2.0729100704193115,0.9539651274681091,0.9369866847991943,0.9872758388519287,4.943177700042725,5.196504592895508,4.057152748
16.85,0,102.67491912841797,128.99075317382812,118.85586547851562,202.44134521484375,202.8394317626953,199.8035430908203,0.4307566285133362,0.47680020332336426,0.4525529742240906,44.227901458740234,61.50281906,53.78857422,-42.19187546,-57.62732315,-53.10416031,10.593920707702637,18.384096145629883,2.0729100704193115,0.9539651274681091,0.9369866847991943,0.9872758388519287,4.943177700042725,5.196504592895508,4.057152748
16.9,0,102.67491912841797,128.99075317382812,118.85586547851562,202.44134521484375,202.8394317626953,199.8035430908203,0.4307566285133362,0.47680020332336426,0.4525529742240906,44.227901458740234,61.50281906,53.78857422,-42.19187546,-57.62732315,-53.10416031,10.593920707702637,18.384096145629883,2.0729100704193115,0.9539651274681091,0.9369866847991943,0.9872758388519287,4.943177700042725,5.196504592895508,4.057152748
16.95,0,102.67491912841797,128.99075317382812,118.85586547851562,202.44134521484375,202.8394317626953,199.8035430908203,0.4307566285133362,0.47680020332336426,0.4525529742240906,44.227901458740234,61.50281906,53.78857422,-42.19187546,-57.62732315,-53.10416031,10.593920707702637,18.384096145629883,2.0729100704193115,0.9539651274681091,0.9369866847991943,0.9872758388519287,4.943177700042725,5.196504592895508,4.057152748
17,0,102.71502685546875,129.0854034423828,118.9122085571289,202.59852600097656,202.94007873535156,199.87847900390625,0.43994414806365967,0.4872320592403412,0.4597214162349701,45.188873291015625,62.89454650878906,54.66648864746094,-43.13361359,-59.1329689,-53.92920303,10.562424659729004,18.017887115478516,1.5091888904571533,0.9545184373855591,0.9401922821998596,0.9865130186080933,4.943650722503662,5.101490020751953,4.0019426345825195
17.05,0,102.71502685546875,129.0854034423828,118.9122085571289,202.59852600097656,202.94007873535156,199.87847900390625,0.43994414806365967,0.4872320592403412,0.4597214162349701,45.188873291015625,62.89454650878906,54.66648864746094,-43.13361359,-59.1329689,-53.92920303,10.562424659729004,18.017887115478516,1.5091888904571533,0.9545184373855591,0.9401922821998596,0.9865130186080933,4.943650722503662,5.101490020751953,4.0019426345825195
17.1,0,102.71502685546875,129.0854034423828,118.9122085571289,202.59852600097656,202.94007873535156,199.87847900390625,0.43994414806365967,0.4872320592403412,0.4597214162349701,45.188873291015625,62.89454650878906,54.66648864746094,-43.13361359,-59.1329689,-53.92920303,10.562424659729004,18.017887115478516,1.5091888904571533,0.9545184373855591,0.9401922821998596,0.9865130186080933,4.943650722503662,5.101490020751953,4.0019426345825195
17.15,0,102.71502685546875,129.0854034423828,118.9122085571289,202.59852600097656,202.94007873535156,199.87847900390625,0.43994414806365967,0.4872320592403412,0.4597214162349701,45.188873291015625,62.89454650878906,54.66648864746094,-43.13361359,-59.1329689,-53.92920303,10.562424659729004,18.017887115478516,1.5091888904571533,0.9545184373855591,0.9401922821998596,0.9865130186080933,4.943650722503662,5.101490020751953,4.0019426345825195
17.2,0,102.67671203613281,128.9511260986328,118.87632751464844,202.45167541503906,202.81082153320312,199.80227661132812,0.42525893449783325,0.4704558253288269,0.45065003633499146,43.664188385009766,60.665809631347656,53.57162094116211,-41.78534317,-56.88328934,-52.84674454,9.724549293518066,17.819028854370117,1.5386821031570435,0.9569705724716187,0.9376499056816101,0.98646903,5.002615451812744,5.064342975616455,3.965017318725586
17.25,0,102.67671203613281,128.9511260986328,118.87632751464844,202.45167541503906,202.81082153320312,199.80227661132812,0.42525893449783325,0.4704558253288269,0.45065003633499146,43.664188385009766,60.665809631347656,53.57162094116211,-41.78534317,-56.88328934,-52.84674454,9.724549293518066,17.819028854370117,1.5386821031570435,0.9569705724716187,0.9376499056816101,0.98646903,5.002615451812744,5.064342975616455,3.965017318725586
17.3,0,102.67671203613281,128.9511260986328,118.87632751464844,202.45167541503906,202.81082153320312,199.80227661132812,0.42525893449783325,0.4704558253288269,0.45065003633499146,43.664188385009766,60.665809631347656,53.57162094116211,-41.78534317,-56.88328934,-52.84674454,9.724549293518066,17.819028854370117,1.5386821031570435,0.9569705724716187,0.9376499056816101,0.98646903,5.002615451812744,5.064342975616455,3.965017318725586
17.35,0,102.67671203613281,128.9511260986328,118.87632751464844,202.45167541503906,202.81082153320312,199.80227661132812,0.42525893449783325,0.4704558253288269,0.45065003633499146,43.664188385009766,60.665809631347656,53.57162094116211,-41.78534317,-56.88328934,-52.84674454,9.724549293518066,17.819028854370117,1.5386821031570435,0.9569705724716187,0.9376499056816101,0.98646903,5.002615451812744,5.064342975616455,3.965017318725586
17.4,0,102.7434082,129.06478881835938,118.9682846069336,202.6264190673828,202.9461212158203,199.95391845703125,0.4401225745677948,0.4870052933692932,0.46236667037010193,45.21969223022461,62.85523605,55.00696945,-43.25670242,-59.09344101,-54.29718399,10.39144515991211,18.184450149536133,1.5569970607757568,0.956589937,0.9401514530181885,0.9870964288711548,5.068285942077637,5.079538345336914,4.003571510314941
17.45,0,102.7434082,129.06478881835938,118.9682846069336,202.6264190673828,202.9461212158203,199.95391845703125,0.4401225745677948,0.4870052933692932,0.46236667037010193,45.21969223022461,62.85523605,55.00696945,-43.25670242,-59.09344101,-54.29718399,10.39144515991211,18.184450149536133,1.5569970607757568,0.956589937,0.9401514530181885,0.9870964288711548,5.068285942077637,5.079538345336914,4.003571510314941
17.5,0,102.7434082,129.06478881835938,118.9682846069336,202.6264190673828,202.9461212158203,199.95391845703125,0.4401225745677948,0.4870052933692932,0.46236667037010193,45.21969223022461,62.85523605,55.00696945,-43.25670242,-59.09344101,-54.29718399,10.39144515991211,18.184450149536133,1.5569970607757568,0.956589937,0.9401514530181885,0.9870964288711548,5.068285942077637,5.079538345336914,4.003571510314941
17.55,0,102.7434082,129.06478881835938,118.9682846069336,202.6264190673828,202.9461212158203,199.95391845703125,0.4401225745677948,0.4870052933692932,0.46236667037010193,45.21969223022461,62.85523605,55.00696945,-43.25670242,-59.09344101,-54.29718399,10.39144515991211,18.184450149536133,1.5569970607757568,0.956589937,0.9401514530181885,0.9870964288711548,5.068285942077637,5.079538345336914,4.003571510314941
17.6,0,102.74164581298828,128.99697875976562,118.91690063476562,202.57093811035156,202.8522949,199.89541625976562,0.4338943064212799,0.482056201,0.4537542462348938,44.57901382446289,62.18379211425781,53.959049224853516,-42.54525757,-58.49889374,-53.21279907,10.596951484680176,17.97040557861328,1.5084494352340698,0.954378605,0.9407418370246887,0.9861700534820557,5.087767601013184,5.021256923675537,4.08866024
17.65,0,102.74164581298828,128.99697875976562,118.91690063476562,202.57093811035156,202.8522949,199.89541625976562,0.4338943064212799,0.482056201,0.4537542462348938,44.57901382446289,62.18379211425781,53.959049224853516,-42.54525757,-58.49889374,-53.21279907,10.596951484680176,17.97040557861328,1.5084494352340698,0.954378605,0.9407418370246887,0.9861700534820557,5.087767601013184,5.021256923675537,4.08866024
17.7,0,102.74164581298828,128.99697875976562,118.91690063476562,202.57093811035156,202.8522949,199.89541625976562,0.4338943064212799,0.482056201,0.4537542462348938,44.57901382446289,62.18379211425781,53.959049224853516,-42.54525757,-58.49889374,-53.21279907,10.596951484680176,17.97040557861328,1.5084494352340698,0.954378605,0.9407418370246887,0.9861700534820557,5.087767601013184,5.021256923675537,4.08866024
17.75,0,102.74164581298828,128.99697875976562,118.91690063476562,202.57093811035156,202.8522949,199.89541625976562,0.4338943064212799,0.482056201,0.4537542462348938,44.57901382446289,62.18379211425781,53.959049224853516,-42.54525757,-58.49889374,-53.21279907,10.596951484680176,17.97040557861328,1.5084494352340698,0.954378605,0.9407418370246887,0.9861700534820557,5.087767601013184,5.021256923675537,4.08866024
17.8,0,102.80752563476562,128.97454833984375,118.96803283691406,202.57496643066406,202.9243164,199.99029541015625,0.43777719140052795,0.4805963933467865,0.45859983563423157,45.00679016113281,61.984703063964844,54.558719635009766,-43.01362991,-58.23464966,-53.84585953,10.385581970214844,18.131479263305664,2.0400774478912354,0.955714226,0.9395003318786621,0.9869340658187866,5.115788937,5.034282207489014,4.149740695953369
17.85,0,102.80752563476562,128.97454833984375,118.96803283691406,202.57496643066406,202.9243164,199.99029541015625,0.43777719140052795,0.4805963933467865,0.45859983563423157,45.00679016113281,61.984703063964844,54.558719635009766,-43.01362991,-58.23464966,-53.84585953,10.385581970214844,18.131479263305664,2.0400774478912354,0.955714226,0.9395003318786621,0.9869340658187866,5.115788937,5.034282207489014,4.149740695953369
17.9,0,102.80752563476562,128.97454833984375,118.96803283691406,202.57496643066406,202.9243164,199.99029541015625,0.43777719140052795,0.4805963933467865,0.45859983563423157,45.00679016113281,61.984703063964844,54.558719635009766,-43.01362991,-58.23464966,-53.84585953,10.385581970214844,18.131479263305664,2.0400774478912354,0.955714226,0.9395003318786621,0.9869340658187866,5.115788937,5.034282207489014,4.149740695953369
17.95,0,102.80752563476562,128.97454833984375,118.96803283691406,202.57496643066406,202.9243164,199.99029541015625,0.43777719140052795,0.4805963933467865,0.45859983563423157,45.00679016113281,61.984703063964844,54.558719635009766,-43.01362991,-58.23464966,-53.84585953,10.385581970214844,18.131479263305664,2.0400774478912354,0.955714226,0.9395003318786621,0.9869340658187866,5.115788937,5.034282207489014,4.149740695953369
18,0,102.79976654052734,129.00086975097656,118.95109558105469,202.57546997070312,202.9382781982422,199.97329711914062,0.43708348274230957,0.482989639,0.45923978090286255,44.93207931518555,62.30608367919922,54.6270752,-42.9650116,-58.59133911,-53.87609482,10.165860176086426,17.839685440063477,1.4628016948699951,0.9562212824821472,0.9403790831565857,0.9862526059150696,5.058242321014404,5.036876678466797,4.208184719085693
18.05,0,102.79976654052734,129.00086975097656,118.95109558105469,202.57546997070312,202.9382781982422,199.97329711914062,0.43708348274230957,0.482989639,0.45923978090286255,44.93207931518555,62.30608367919922,54.6270752,-42.9650116,-58.59133911,-53.87609482,10.165860176086426,17.839685440063477,1.4628016948699951,0.9562212824821472,0.9403790831565857,0.9862526059150696,5.058242321014404,5.036876678466797,4.208184719085693
18.1,0,102.79976654052734,129.00086975097656,118.95109558105469,202.57546997070312,202.9382781982422,199.97329711914062,0.43708348274230957,0.482989639,0.45923978090286255,44.93207931518555,62.30608367919922,54.6270752,-42.9650116,-58.59133911,-53.87609482,10.165860176086426,17.839685440063477,1.4628016948699951,0.9562212824821472,0.9403790831565857,0.9862526059150696,5.058242321014404,5.036876678466797,4.208184719085693
18.15,0,102.79976654052734,129.00086975097656,118.95109558105469,202.57546997070312,202.9382781982422,199.97329711914062,0.43708348274230957,0.482989639,0.45923978090286255,44.93207931518555,62.30608367919922,54.6270752,-42.9650116,-58.59133911,-53.87609482,10.165860176086426,17.839685440063477,1.4628016948699951,0.9562212824821472,0.9403790831565857,0.9862526059150696,5.058242321014404,5.036876678466797,4.208184719085693
18.2,0,102.75346374511719,128.9204559326172,118.86004638671875,202.4546356201172,202.84268188476562,199.82363891601562,0.43253087997436523,0.480566144,0.4554567337036133,44.44404602050781,61.95480728149414,54.13560867,-42.314991,-57.99256897,-53.34146118,10.468281745910645,18.296056747436523,1.7861863374710083,0.9520958065986633,0.936046302,0.9853304028511047,4.972899436950684,5.020492076873779,4.234626293182373
18.25,0,102.75346374511719,128.9204559326172,118.86004638671875,202.4546356201172,202.84268188476562,199.82363891601562,0.43253087997436523,0.480566144,0.4554567337036133,44.44404602050781,61.95480728149414,54.13560867,-42.314991,-57.99256897,-53.34146118,10.468281745910645,18.296056747436523,1.7861863374710083,0.9520958065986633,0.936046302,0.9853304028511047,4.972899436950684,5.020492076873779,4.234626293182373
18.3,0,102.75346374511719,128.9204559326172,118.86004638671875,202.4546356201172,202.84268188476562,199.82363891601562,0.43253087997436523,0.480566144,0.4554567337036133,44.44404602050781,61.95480728149414,54.13560867,-42.314991,-57.99256897,-53.34146118,10.468281745910645,18.296056747436523,1.7861863374710083,0.9520958065986633,0.936046302,0.9853304028511047,4.972899436950684,5.020492076873779,4.234626293182373
18.35,0,102.75346374511719,128.9204559326172,118.86004638671875,202.4546356201172,202.84268188476562,199.82363891601562,0.43253087997436523,0.480566144,0.4554567337036133,44.44404602050781,61.95480728149414,54.13560867,-42.314991,-57.99256897,-53.34146118,10.468281745910645,18.296056747436523,1.7861863374710083,0.9520958065986633,0.936046302,0.9853304028511047,4.972899436950684,5.020492076873779,4.234626293182373
18.4,0,102.77127075195312,129.0299835205078,118.9077377319336,202.54685974121094,202.94338989257812,199.918457,0.44257867336273193,0.4870609939098358,0.46371012926101685,45.484371185302734,62.84547043,55.13872146606445,-43.53118134,-59.14667511,-54.44467926,10.459807395935059,18.121898651123047,1.8020343780517578,0.9570580124855042,0.941144586,0.9874128103256226,4.951058387756348,5.062649726867676,4.2141594886779785
18.45,0,102.77127075195312,129.0299835205078,118.9077377319336,202.54685974121094,202.94338989257812,199.918457,0.44257867336273193,0.4870609939098358,0.46371012926101685,45.484371185302734,62.84547043,55.13872146606445,-43.53118134,-59.14667511,-54.44467926,10.459807395935059,18.121898651123047,1.8020343780517578,0.9570580124855042,0.941144586,0.9874128103256226,4.951058387756348,5.062649726867676,4.2141594886779785
18.5,0,102.77127075195312,129.0299835205078,118.9077377319336,202.54685974121094,202.94338989257812,199.918457,0.44257867336273193,0.4870609939098358,0.46371012926101685,45.484371185302734,62.84547043,55.13872146606445,-43.53118134,-59.14667511,-54.44467926,10.459807395935059,18.121898651123047,1.8020343780517578,0.9570580124855042,0.941144586,0.9874128103256226,4.951058387756348,5.062649726867676,4.2141594886779785
18.55,0,102.77127075195312,129.0299835205078,118.9077377319336,202.54685974121094,202.94338989257812,199.918457,0.44257867336273193,0.4870609939098358,0.46371012926101685,45.484371185302734,62.84547043,55.13872146606445,-43.53118134,-59.14667511,-54.44467926,10.459807395935059,18.121898651123047,1.8020343780517578,0.9570580124855042,0.941144586,0.9874128103256226,4.951058387756348,5.062649726867676,4.2141594886779785
18.6,0,102.72151184082031,128.9510955810547,118.82864379882812,202.4402313232422,202.7996368408203,199.8084259033203,0.433561236,0.47983691096305847,0.45373204350471497,44.53606414794922,61.87549591064453,53.91636276245117,-42.40341949,-58.02615356,-53.07600403,10.448553085327148,17.91304588317871,1.6513434648513794,0.9521142244338989,0.9377889037132263,0.9844136834144592,4.908727169036865,5.112466812133789,4.164222717285156
18.65,0,102.72151184082031,128.9510955810547,118.82864379882812,202.4402313232422,202.7996368408203,199.8084259033203,0.433561236,0.47983691096305847,0.45373204350471497,44.53606414794922,61.87549591064453,53.91636276245117,-42.40341949,-58.02615356,-53.07600403,10.448553085327148,17.91304588317871,1.6513434648513794,0.9521142244338989,0.9377889037132263,0.9844136834144592,4.908727169036865,5.112466812133789,4.164222717285156
18.7,0,102.72151184082031,128.9510955810547,118.82864379882812,202.4402313232422,202.7996368408203,199.8084259033203,0.433561236,0.47983691096305847,0.45373204350471497,44.53606414794922,61.87549591064453,53.91636276245117,-42.40341949,-58.02615356,-53.07600403,10.448553085327148,17.91304588317871,1.6513434648513794,0.9521142244338989,0.9377889037132263,0.9844136834144592,4.908727169036865,5.112466812133789,4.164222717285156
18.75,0,102.72151184082031,128.9510955810547,118.82864379882812,202.4402313232422,202.7996368408203,199.8084259033203,0.433561236,0.47983691096305847,0.45373204350471497,44.53606414794922,61.87549591064453,53.91636276245117,-42.40341949,-58.02615356,-53.07600403,10.448553085327148,17.91304588317871,1.6513434648513794,0.9521142244338989,0.9377889037132263,0.9844136834144592,4.908727169036865,5.112466812133789,4.164222717285156
18.8,0,102.75677490234375,129.06118774414062,118.91351318359375,202.57444763183594,202.9420928955078,199.9275360107422,0.4444536864757538,0.49155521392822266,0.46598073840141296,45.67062759399414,63.44070053100586,55.411407470703125,-43.55557632,-59.5438118,-54.6120491,10.57149600982666,18.280405044555664,1.5798895359039307,0.9536890387535095,0.9385743141174316,0.9855741262435913,4.853109359741211,5.078925609588623,4.097703934
18.85,0,102.75677490234375,129.06118774414062,118.91351318359375,202.57444763183594,202.9420928955078,199.9275360107422,0.4444536864757538,0.49155521392822266,0.46598073840141296,45.67062759399414,63.44070053100586,55.411407470703125,-43.55557632,-59.5438118,-54.6120491,10.57149600982666,18.280405044555664,1.5798895359039307,0.9536890387535095,0.9385743141174316,0.9855741262435913,4.853109359741211,5.078925609588623,4.097703934
18.9,0,102.75677490234375,129.06118774414062,118.91351318359375,202.57444763183594,202.9420928955078,199.9275360107422,0.4444536864757538,0.49155521392822266,0.46598073840141296,45.67062759399414,63.44070053100586,55.411407470703125,-43.55557632,-59.5438118,-54.6120491,10.57149600982666,18.280405044555664,1.5798895359039307,0.9536890387535095,0.9385743141174316,0.9855741262435913,4.853109359741211,5.078925609588623,4.097703934
18.95,0,102.75677490234375,129.06118774414062,118.91351318359375,202.57444763183594,202.9420928955078,199.9275360107422,0.4444536864757538,0.49155521392822266,0.46598073840141296,45.67062759399414,63.44070053100586,55.411407470703125,-43.55557632,-59.5438118,-54.6120491,10.57149600982666,18.280405044555664,1.5798895359039307,0.9536890387535095,0.9385743141174316,0.9855741262435913,4.853109359741211,5.078925609588623,4.097703934
19,0,102.7175064086914,129.0064697265625,118.85448455810547,202.52642822265625,202.8154297,199.83718872070312,0.4371473789215088,0.4839082956314087,0.457578182,44.902687072753906,62.42729949951172,54.38521957397461,-42.86563873,-58.64920425,-53.6040802,10.171781539916992,17.632083892822266,1.2183876037597656,0.9546341300010681,0.9394800662994385,0.9856368899345398,4.8945112228393555,5.0261077880859375,4.011465549468994
19.05,0,102.7175064086914,129.0064697265625,118.85448455810547,202.52642822265625,202.8154297,199.83718872070312,0.4371473789215088,0.4839082956314087,0.457578182,44.902687072753906,62.42729949951172,54.38521957397461,-42.86563873,-58.64920425,-53.6040802,10.171781539916992,17.632083892822266,1.2183876037597656,0.9546341300010681,0.9394800662994385,0.9856368899345398,4.8945112228393555,5.0261077880859375,4.011465549468994
19.1,0,102.7175064086914,129.0064697265625,118.85448455810547,202.52642822265625,202.8154297,199.83718872070312,0.4371473789215088,0.4839082956314087,0.457578182,44.902687072753906,62.42729949951172,54.38521957397461,-42.86563873,-58.64920425,-53.6040802,10.171781539916992,17.632083892822266,1.2183876037597656,0.9546341300010681,0.9394800662994385,0.9856368899345398,4.8945112228393555,5.0261077880859375,4.011465549468994
19.15,0,102.7175064086914,129.0064697265625,118.85448455810547,202.52642822265625,202.8154297,199.83718872070312,0.4371473789215088,0.4839082956314087,0.457578182,44.902687072753906,62.42729949951172,54.38521957397461,-42.86563873,-58.64920425,-53.6040802,10.171781539916992,17.632083892822266,1.2183876037597656,0.9546341300010681,0.9394800662994385,0.9856368899345398,4.8945112228393555,5.0261077880859375,4.011465549468994
19.2,0,102.74727630615234,129.08045959472656,118.91473388671875,202.64271545410156,202.91078186035156,199.91160583496094,0.4426567256450653,0.4907720685005188,0.4644257426261902,45.481773376464844,63.349082946777344,55.22706223,-43.33551025,-59.37383652,-54.47605515,10.99360179901123,18.862232208251953,2.0105202198028564,0.9528104662895203,0.9372485280036926,0.9864014387130737,4.947608470916748,5.0296454429626465,3.995807409286499
19.25,0,102.74727630615234,129.08045959472656,118.91473388671875,202.64271545410156,202.91078186035156,199.91160583496094,0.4426567256450653,0.4907720685005188,0.4644257426261902,45.481773376464844,63.349082946777344,55.22706223,-43.33551025,-59.37383652,-54.47605515,10.99360179901123,18.862232208251953,2.0105202198028564,0.9528104662895203,0.9372485280036926,0.9864014387130737,4.947608470916748,5.0296454429626465,3.995807409286499
19.3,0,102.74727630615234,129.08045959472656,118.91473388671875,202.64271545410156,202.91078186035156,199.91160583496094,0.4426567256450653,0.4907720685005188,0.4644257426261902,45.481773376464844,63.349082946777344,55.22706223,-43.33551025,-59.37383652,-54.47605515,10.99360179901123,18.862232208251953,2.0105202198028564,0.9528104662895203,0.9372485280036926,0.9864014387130737,4.947608470916748,5.0296454429626465,3.995807409286499
19.35,0,102.74727630615234,129.08045959472656,118.91473388671875,202.64271545410156,202.91078186035156,199.91160583496094,0.4426567256450653,0.4907720685005188,0.4644257426261902,45.481773376464844,63.349082946777344,55.22706223,-43.33551025,-59.37383652,-54.47605515,10.99360179901123,18.862232208251953,2.0105202198028564,0.9528104662895203,0.9372485280036926,0.9864014387130737,4.947608470916748,5.0296454429626465,3.995807409286499
19.4,0,102.7949219,129.0822296142578,118.98725128173828,202.6947021484375,202.97776794433594,200.00865173339844,0.44096508622169495,0.4867275059223175,0.46242329478263855,45.32897186279297,62.82787322998047,55.02247619628906,-43.32647705,-59.07795715,-54.19530869,9.918015480041504,17.519203186035156,1.035292625427246,0.9558230638504028,0.9403144717216492,0.9849667549133301,5.076867580413818,5.060298442840576,4.065995693206787
19.45,0,102.7949219,129.0822296142578,118.98725128173828,202.6947021484375,202.97776794433594,200.00865173339844,0.44096508622169495,0.4867275059223175,0.46242329478263855,45.32897186279297,62.82787322998047,55.02247619628906,-43.32647705,-59.07795715,-54.19530869,9.918015480041504,17.519203186035156,1.035292625427246,0.9558230638504028,0.9403144717216492,0.9849667549133301,5.076867580413818,5.060298442840576,4.065995693206787
19.5,0,102.7949219,129.0822296142578,118.98725128173828,202.6947021484375,202.97776794433594,200.00865173339844,0.44096508622169495,0.4867275059223175,0.46242329478263855,45.32897186279297,62.82787322998047,55.02247619628906,-43.32647705,-59.07795715,-54.19530869,9.918015480041504,17.519203186035156,1.035292625427246,0.9558230638504028,0.9403144717216492,0.9849667549133301,5.076867580413818,5.060298442840576,4.065995693206787
19.55,0,102.7949219,129.0822296142578,118.98725128173828,202.6947021484375,202.97776794433594,200.00865173339844,0.44096508622169495,0.4867275059223175,0.46242329478263855,45.32897186279297,62.82787322998047,55.02247619628906,-43.32647705,-59.07795715,-54.19530869,9.918015480041504,17.519203186035156,1.035292625427246,0.9558230638504028,0.9403144717216492,0.9849667549133301,5.076867580413818,5.060298442840576,4.065995693206787
19.6,0,102.77690124511719,129.02035522460938,118.99085235595703,202.6145477294922,202.92874145507812,200.0039063,0.43834444880485535,0.4849488437175751,0.46036437153816223,45.05168533325195,62.56827163696289,54.77914810180664,-42.83240128,-58.4513092,-53.9522438,10.976972579956055,18.939313888549805,2.346637010574341,0.9507391452789307,0.9342004656791687,0.9849047660827637,5.104706287384033,5.0294270515441895,4.085991382598877
19.65,0,102.77690124511719,129.02035522460938,118.99085235595703,202.6145477294922,202.92874145507812,200.0039063,0.43834444880485535,0.4849488437175751,0.46036437153816223,45.05168533325195,62.56827163696289,54.77914810180664,-42.83240128,-58.4513092,-53.9522438,10.976972579956055,18.939313888549805,2.346637010574341,0.9507391452789307,0.9342004656791687,0.9849047660827637,5.104706287384033,5.0294270515441895,4.085991382598877
19.7,0,102.77690124511719,129.02035522460938,118.99085235595703,202.6145477294922,202.92874145507812,200.0039063,0.43834444880485535,0.4849488437175751,0.46036437153816223,45.05168533325195,62.56827163696289,54.77914810180664,-42.83240128,-58.4513092,-53.9522438,10.976972579956055,18.939313888549805,2.346637010574341,0.9507391452789307,0.9342004656791687,0.9849047660827637,5.104706287384033,5.0294270515441895,4.085991382598877
19.75,0,102.77690124511719,129.02035522460938,118.99085235595703,202.6145477294922,202.92874145507812,200.0039063,0.43834444880485535,0.4849488437175751,0.46036437153816223,45.05168533325195,62.56827163696289,54.77914810180664,-42.83240128,-58.4513092,-53.9522438,10.976972579956055,18.939313888549805,2.346637010574341,0.9507391452789307,0.9342004656791687,0.9849047660827637,5.104706287384033,5.0294270515441895,4.085991382598877
19.8,0,102.8765640258789,129.09039306640625,119.0639877319336,202.7717742919922,203.0977783203125,200.11367797851562,0.4435494542121887,0.4893661141395569,0.464194655,45.63084411621094,63.172462463378906,55.26886749267578,-43.51993561,-59.35867691,-54.38071823,10.078262329101562,17.603498458862305,1.1403437852859497,0.9537394642829895,0.9396289587020874,0.9839304089546204,5.161008834838867,5.060777664,4.182030678
19.85,0,102.8765640258789,129.09039306640625,119.0639877319336,202.7717742919922,203.0977783203125,200.11367797851562,0.4435494542121887,0.4893661141395569,0.464194655,45.63084411621094,63.172462463378906,55.26886749267578,-43.51993561,-59.35867691,-54.38071823,10.078262329101562,17.603498458862305,1.1403437852859497,0.9537394642829895,0.9396289587020874,0.9839304089546204,5.161008834838867,5.060777664,4.182030678
19.9,0,102.8765640258789,129.09039306640625,119.0639877319336,202.7717742919922,203.0977783203125,200.11367797851562,0.4435494542121887,0.4893661141395569,0.464194655,45.63084411621094,63.172462463378906,55.26886749267578,-43.51993561,-59.35867691,-54.38071823,10.078262329101562,17.603498458862305,1.1403437852859497,0.9537394642829895,0.9396289587020874,0.9839304089546204,5.161008834838867,5.060777664,4.182030678
19.95,0,102.8765640258789,129.09039306640625,119.0639877319336,202.7717742919922,203.0977783203125,200.11367797851562,0.4435494542121887,0.4893661141395569,0.464194655,45.63084411621094,63.172462463378906,55.26886749267578,-43.51993561,-59.35867691,-54.38071823,10.078262329101562,17.603498458862305,1.1403437852859497,0.9537394642829895,0.9396289587020874,0.9839304089546204,5.161008834838867,5.060777664,4.182030678
