t+,class,V_L1,V_L2,V_L3,V_L12,V_L23,V_L31,A_L1,A_L2,A_L3,VA_L1,VA_L2,VA_L3,W_L1,W_L2,W_L3,Q_L1,Q_L2,Q_L3,PF_L1,PF_L2,PF_L3,THD_L1,THD_L2,THD_L3
0,0,99.96456146,125.9740677,115.6772461,197.6740723,197.167511,194.658432,0.135628566,0.107426189,0.13504006,13.55805016,13.53291416,15.62106228,10.67385292,10.18977642,13.17994118,7.611026764,7.430289268,7.632901669,0.787270486,0.75296247,0.84372884,6.037046909,5.679245472,4.790433407
0.05,0,99.96456146,125.9740677,115.6772461,197.6740723,197.167511,194.658432,0.135628566,0.107426189,0.13504006,13.55805016,13.53291416,15.62106228,10.67385292,10.18977642,13.17994118,7.611026764,7.430289268,7.632901669,0.787270486,0.75296247,0.84372884,6.037046909,5.679245472,4.790433407
0.1,0,99.94591522,125.950058,115.6824188,197.6066895,197.1804504,194.6506958,0.135925025,0.107373863,0.134606823,13.58515072,13.52374458,15.57164288,10.7311058,10.1496172,13.13221073,7.611557007,7.529664516,7.578580379,0.78991437,0.75050348,0.843341351,6.063008785,5.75010252,4.856641769
0.15,0,99.94591522,125.950058,115.6824188,197.6066895,197.1804504,194.6506958,0.135925025,0.107373863,0.134606823,13.58515072,13.52374458,15.57164288,10.7311058,10.1496172,13.13221073,7.611557007,7.529664516,7.578580379,0.78991437,0.75050348,0.843341351,6.063008785,5.75010252,4.856641769
0.2,0,99.94591522,125.950058,115.6824188,197.6066895,197.1804504,194.6506958,0.135925025,0.107373863,0.134606823,13.58515072,13.52374458,15.57164288,10.7311058,10.1496172,13.13221073,7.611557007,7.529664516,7.578580379,0.78991437,0.75050348,0.843341351,6.063008785,5.75010252,4.856641769
0.25,0,99.94591522,125.950058,115.6824188,197.6066895,197.1804504,194.6506958,0.135925025,0.107373863,0.134606823,13.58515072,13.52374458,15.57164288,10.7311058,10.1496172,13.13221073,7.611557007,7.529664516,7.578580379,0.78991437,0.75050348,0.843341351,6.063008785,5.75010252,4.856641769
0.3,0,99.9193573,125.9268265,115.6447296,197.5615692,197.1179657,194.601593,0.134826005,0.106532283,0.133421704,13.47172737,13.41527271,15.42951679,10.75386429,10.19774628,13.13166237,7.420080662,7.361190796,7.420917034,0.798254311,0.760159433,0.8510741,6.042747021,5.757909775,4.853708267
0.35,0,99.9193573,125.9268265,115.6447296,197.5615692,197.1179657,194.601593,0.134826005,0.106532283,0.133421704,13.47172737,13.41527271,15.42951679,10.75386429,10.19774628,13.13166237,7.420080662,7.361190796,7.420917034,0.798254311,0.760159433,0.8510741,6.042747021,5.757909775,4.853708267
0.4,0,99.9193573,125.9268265,115.6447296,197.5615692,197.1179657,194.601593,0.134826005,0.106532283,0.133421704,13.47172737,13.41527271,15.42951679,10.75386429,10.19774628,13.13166237,7.420080662,7.361190796,7.420917034,0.798254311,0.760159433,0.8510741,6.042747021,5.757909775,4.853708267
0.45,0,99.9193573,125.9268265,115.6447296,197.5615692,197.1179657,194.601593,0.134826005,0.106532283,0.133421704,13.47172737,13.41527271,15.42951679,10.75386429,10.19774628,13.13166237,7.420080662,7.361190796,7.420917034,0.798254311,0.760159433,0.8510741,6.042747021,5.757909775,4.853708267
0.5,0,99.93222809,125.9309692,115.635849,197.5825806,197.098114,194.6096802,0.133715659,0.106847711,0.134255692,13.36250401,13.45543575,15.52477074,10.63384342,10.30511951,13.10211182,7.395601273,7.298487663,7.575861454,0.795797229,0.765870392,0.843948841,6.088191986,5.804365635,4.860530853
0.55,0,99.93222809,125.9309692,115.635849,197.5825806,197.098114,194.6096802,0.133715659,0.106847711,0.134255692,13.36250401,13.45543575,15.52477074,10.63384342,10.30511951,13.10211182,7.395601273,7.298487663,7.575861454,0.795797229,0.765870392,0.843948841,6.088191986,5.804365635,4.860530853
0.6,0,99.93222809,125.9309692,115.635849,197.5825806,197.098114,194.6096802,0.133715659,0.106847711,0.134255692,13.36250401,13.45543575,15.52477074,10.63384342,10.30511951,13.10211182,7.395601273,7.298487663,7.575861454,0.795797229,0.765870392,0.843948841,6.088191986,5.804365635,4.860530853
0.65,0,99.93222809,125.9309692,115.635849,197.5825806,197.098114,194.6096802,0.133715659,0.106847711,0.134255692,13.36250401,13.45543575,15.52477074,10.63384342,10.30511951,13.10211182,7.395601273,7.298487663,7.575861454,0.795797229,0.765870392,0.843948841,6.088191986,5.804365635,4.860530853
0.7,0,99.95172119,125.9103928,115.6683273,197.5642242,197.087616,194.6854095,0.133380055,0.105568089,0.132996678,13.33156586,13.29211903,15.38350296,10.69041061,10.23462582,13.09335518,7.314242363,7.253440857,7.412484646,0.801887095,0.769976974,0.851129651,6.044374943,5.835152626,4.844034672
0.75,0,99.95172119,125.9103928,115.6683273,197.5642242,197.087616,194.6854095,0.133380055,0.105568089,0.132996678,13.33156586,13.29211903,15.38350296,10.69041061,10.23462582,13.09335518,7.314242363,7.253440857,7.412484646,0.801887095,0.769976974,0.851129651,6.044374943,5.835152626,4.844034672
0.8,0,99.95172119,125.9103928,115.6683273,197.5642242,197.087616,194.6854095,0.133380055,0.105568089,0.132996678,13.33156586,13.29211903,15.38350296,10.69041061,10.23462582,13.09335518,7.314242363,7.253440857,7.412484646,0.801887095,0.769976974,0.851129651,6.044374943,5.835152626,4.844034672
0.85,0,99.95172119,125.9103928,115.6683273,197.5642242,197.087616,194.6854095,0.133380055,0.105568089,0.132996678,13.33156586,13.29211903,15.38350296,10.69041061,10.23462582,13.09335518,7.314242363,7.253440857,7.412484646,0.801887095,0.769976974,0.851129651,6.044374943,5.835152626,4.844034672
0.9,0,99.94342041,125.929985,115.6542206,197.590271,197.1052246,194.6442261,0.134103492,0.106895939,0.135299727,13.40276146,13.46140385,15.6479845,10.60027122,10.27030373,13.16946697,7.471595287,7.255049229,7.623124599,0.790902019,0.76294446,0.841607869,6.125888348,5.858832836,4.878771782
0.95,0,99.94342041,125.929985,115.6542206,197.590271,197.1052246,194.6442261,0.134103492,0.106895939,0.135299727,13.40276146,13.46140385,15.6479845,10.60027122,10.27030373,13.16946697,7.471595287,7.255049229,7.623124599,0.790902019,0.76294446,0.841607869,6.125888348,5.858832836,4.878771782
1,0,99.94342041,125.929985,115.6542206,197.590271,197.1052246,194.6442261,0.134103492,0.106895939,0.135299727,13.40276146,13.46140385,15.6479845,10.60027122,10.27030373,13.16946697,7.471595287,7.255049229,7.623124599,0.790902019,0.76294446,0.841607869,6.125888348,5.858832836,4.878771782
1.05,0,99.94342041,125.929985,115.6542206,197.590271,197.1052246,194.6442261,0.134103492,0.106895939,0.135299727,13.40276146,13.46140385,15.6479845,10.60027122,10.27030373,13.16946697,7.471595287,7.255049229,7.623124599,0.790902019,0.76294446,0.841607869,6.125888348,5.858832836,4.878771782
1.1,0,99.92919922,125.9343491,115.6390381,197.5865479,197.1134033,194.6034546,0.135272861,0.105818346,0.135752141,13.51770878,13.32616425,15.69824696,10.66113186,10.13777637,13.3147068,7.665306091,7.301665306,7.600678921,0.788678885,0.760742247,0.848165214,6.134072304,5.840335369,4.858754635
1.15,0,99.92919922,125.9343491,115.6390381,197.5865479,197.1134033,194.6034546,0.135272861,0.105818346,0.135752141,13.51770878,13.32616425,15.69824696,10.66113186,10.13777637,13.3147068,7.665306091,7.301665306,7.600678921,0.788678885,0.760742247,0.848165214,6.134072304,5.840335369,4.858754635
1.2,0,99.92919922,125.9343491,115.6390381,197.5865479,197.1134033,194.6034546,0.135272861,0.105818346,0.135752141,13.51770878,13.32616425,15.69824696,10.66113186,10.13777637,13.3147068,7.665306091,7.301665306,7.600678921,0.788678885,0.760742247,0.848165214,6.134072304,5.840335369,4.858754635
1.25,0,99.92919922,125.9343491,115.6390381,197.5865479,197.1134033,194.6034546,0.135272861,0.105818346,0.135752141,13.51770878,13.32616425,15.69824696,10.66113186,10.13777637,13.3147068,7.665306091,7.301665306,7.600678921,0.788678885,0.760742247,0.848165214,6.134072304,5.840335369,4.858754635
1.3,0,99.92533112,125.9266205,115.6164246,197.5793152,197.0875702,194.5773163,0.135166362,0.106336214,0.136300758,13.50654316,13.39056015,15.75860596,10.58023643,10.15972996,13.29324818,7.671248913,7.265739918,7.681189537,0.783341527,0.758723319,0.843554854,6.052353382,5.785737038,4.826291084
1.35,0,99.92533112,125.9266205,115.6164246,197.5793152,197.0875702,194.5773163,0.135166362,0.106336214,0.136300758,13.50654316,13.39056015,15.75860596,10.58023643,10.15972996,13.29324818,7.671248913,7.265739918,7.681189537,0.783341527,0.758723319,0.843554854,6.052353382,5.785737038,4.826291084
1.4,0,99.92533112,125.9266205,115.6164246,197.5793152,197.0875702,194.5773163,0.135166362,0.106336214,0.136300758,13.50654316,13.39056015,15.75860596,10.58023643,10.15972996,13.29324818,7.671248913,7.265739918,7.681189537,0.783341527,0.758723319,0.843554854,6.052353382,5.785737038,4.826291084
1.45,0,99.92533112,125.9266205,115.6164246,197.5793152,197.0875702,194.5773163,0.135166362,0.106336214,0.136300758,13.50654316,13.39056015,15.75860596,10.58023643,10.15972996,13.29324818,7.671248913,7.265739918,7.681189537,0.783341527,0.758723319,0.843554854,6.052353382,5.785737038,4.826291084
1.5,0,99.94274902,125.9556732,115.6263428,197.6256256,197.1186523,194.5956116,0.135339007,0.106283501,0.136823773,13.52615261,13.38700962,15.82043266,10.60357857,10.15655136,13.31097221,7.688544273,7.282814503,7.668521881,0.783931613,0.758687079,0.84137851,6.073439598,5.80292511,4.848393917
1.55,0,99.94274902,125.9556732,115.6263428,197.6256256,197.1186523,194.5956116,0.135339007,0.106283501,0.136823773,13.52615261,13.38700962,15.82043266,10.60357857,10.15655136,13.31097221,7.688544273,7.282814503,7.668521881,0.783931613,0.758687079,0.84137851,6.073439598,5.80292511,4.848393917
1.6,0,99.94274902,125.9556732,115.6263428,197.6256256,197.1186523,194.5956116,0.135339007,0.106283501,0.136823773,13.52615261,13.38700962,15.82043266,10.60357857,10.15655136,13.31097221,7.688544273,7.282814503,7.668521881,0.783931613,0.758687079,0.84137851,6.073439598,5.80292511,4.848393917
1.65,0,99.94274902,125.9556732,115.6263428,197.6256256,197.1186523,194.5956116,0.135339007,0.106283501,0.136823773,13.52615261,13.38700962,15.82043266,10.60357857,10.15655136,13.31097221,7.688544273,7.282814503,7.668521881,0.783931613,0.758687079,0.84137851,6.073439598,5.80292511,4.848393917
1.7,0,99.96061707,125.9284668,115.6541595,197.6069183,197.097168,194.6581879,0.135954395,0.106206737,0.135797769,13.59008503,13.37445164,15.7055769,10.6750164,10.08898354,13.29250336,7.739028454,7.389146328,7.636023045,0.785500348,0.754347444,0.846355617,6.050558567,5.80010128,4.8594594
1.75,0,99.96061707,125.9284668,115.6541595,197.6069183,197.097168,194.6581879,0.135954395,0.106206737,0.135797769,13.59008503,13.37445164,15.7055769,10.6750164,10.08898354,13.29250336,7.739028454,7.389146328,7.636023045,0.785500348,0.754347444,0.846355617,6.050558567,5.80010128,4.8594594
1.8,0,99.96061707,125.9284668,115.6541595,197.6069183,197.097168,194.6581879,0.135954395,0.106206737,0.135797769,13.59008503,13.37445164,15.7055769,10.6750164,10.08898354,13.29250336,7.739028454,7.389146328,7.636023045,0.785500348,0.754347444,0.846355617,6.050558567,5.80010128,4.8594594
1.85,0,99.96061707,125.9284668,115.6541595,197.6069183,197.097168,194.6581879,0.135954395,0.106206737,0.135797769,13.59008503,13.37445164,15.7055769,10.6750164,10.08898354,13.29250336,7.739028454,7.389146328,7.636023045,0.785500348,0.754347444,0.846355617,6.050558567,5.80010128,4.8594594
1.9,0,99.9549408,125.9708252,115.6495895,197.6546478,197.1389618,194.6299896,0.135750115,0.10722518,0.135214806,13.56889439,13.50724411,15.637537,10.71852589,10.16759205,13.18215466,7.580343723,7.412119389,7.540955544,0.789933622,0.752751052,0.842981517,6.144863129,5.810490608,4.852755547
1.95,0,99.9549408,125.9708252,115.6495895,197.6546478,197.1389618,194.6299896,0.135750115,0.10722518,0.135214806,13.56889439,13.50724411,15.637537,10.71852589,10.16759205,13.18215466,7.580343723,7.412119389,7.540955544,0.789933622,0.752751052,0.842981517,6.144863129,5.810490608,4.852755547
2,0,99.9549408,125.9708252,115.6495895,197.6546478,197.1389618,194.6299896,0.135750115,0.10722518,0.135214806,13.56889439,13.50724411,15.637537,10.71852589,10.16759205,13.18215466,7.580343723,7.412119389,7.540955544,0.789933622,0.752751052,0.842981517,6.144863129,5.810490608,4.852755547
2.05,0,99.9549408,125.9708252,115.6495895,197.6546478,197.1389618,194.6299896,0.135750115,0.10722518,0.135214806,13.56889439,13.50724411,15.637537,10.71852589,10.16759205,13.18215466,7.580343723,7.412119389,7.540955544,0.789933622,0.752751052,0.842981517,6.144863129,5.810490608,4.852755547
2.1,0,99.97294617,125.9898453,115.6662064,197.7024841,197.1677399,194.6511383,0.135294586,0.106105573,0.136109114,13.5257988,13.3682251,15.7432251,10.60216904,10.14223194,13.28556824,7.730473995,7.336317062,7.709384441,0.783847928,0.758682013,0.843891144,6.137309074,5.797887325,4.843995571
2.15,0,99.97294617,125.9898453,115.6662064,197.7024841,197.1677399,194.6511383,0.135294586,0.106105573,0.136109114,13.5257988,13.3682251,15.7432251,10.60216904,10.14223194,13.28556824,7.730473995,7.336317062,7.709384441,0.783847928,0.758682013,0.843891144,6.137309074,5.797887325,4.843995571
2.2,0,99.97294617,125.9898453,115.6662064,197.7024841,197.1677399,194.6511383,0.135294586,0.106105573,0.136109114,13.5257988,13.3682251,15.7432251,10.60216904,10.14223194,13.28556824,7.730473995,7.336317062,7.709384441,0.783847928,0.758682013,0.843891144,6.137309074,5.797887325,4.843995571
2.25,0,99.97294617,125.9898453,115.6662064,197.7024841,197.1677399,194.6511383,0.135294586,0.106105573,0.136109114,13.5257988,13.3682251,15.7432251,10.60216904,10.14223194,13.28556824,7.730473995,7.336317062,7.709384441,0.783847928,0.758682013,0.843891144,6.137309074,5.797887325,4.843995571
2.3,0,99.95890045,125.9861221,115.6771698,197.6819,197.1826172,194.648819,0.135869503,0.106722742,0.136139214,13.58136654,13.4455843,15.74819851,10.65144444,10.14559269,13.27379894,7.680130005,7.349427223,7.636693954,0.784268975,0.754566908,0.842877269,6.075119019,5.713553905,4.809500694
2.35,0,99.95890045,125.9861221,115.6771698,197.6819,197.1826172,194.648819,0.135869503,0.106722742,0.136139214,13.58136654,13.4455843,15.74819851,10.65144444,10.14559269,13.27379894,7.680130005,7.349427223,7.636693954,0.784268975,0.754566908,0.842877269,6.075119019,5.713553905,4.809500694
2.4,0,99.95890045,125.9861221,115.6771698,197.6819,197.1826172,194.648819,0.135869503,0.106722742,0.136139214,13.58136654,13.4455843,15.74819851,10.65144444,10.14559269,13.27379894,7.680130005,7.349427223,7.636693954,0.784268975,0.754566908,0.842877269,6.075119019,5.713553905,4.809500694
2.45,0,99.95890045,125.9861221,115.6771698,197.6819,197.1826172,194.648819,0.135869503,0.106722742,0.136139214,13.58136654,13.4455843,15.74819851,10.65144444,10.14559269,13.27379894,7.680130005,7.349427223,7.636693954,0.784268975,0.754566908,0.842877269,6.075119019,5.713553905,4.809500694
2.5,0,99.94793701,126.0040512,115.678093,197.6928864,197.218811,194.622467,0.135820478,0.106389605,0.135114834,13.57497692,13.40552139,15.62982655,10.7226696,10.12742901,13.24788094,7.655101776,7.41521883,7.546789646,0.789884925,0.755466998,0.847602546,6.134827614,5.709102154,4.843393326
2.55,0,99.94793701,126.0040512,115.678093,197.6928864,197.218811,194.622467,0.135820478,0.106389605,0.135114834,13.57497692,13.40552139,15.62982655,10.7226696,10.12742901,13.24788094,7.655101776,7.41521883,7.546789646,0.789884925,0.755466998,0.847602546,6.134827614,5.709102154,4.843393326
2.6,0,99.94793701,126.0040512,115.678093,197.6928864,197.218811,194.622467,0.135820478,0.106389605,0.135114834,13.57497692,13.40552139,15.62982655,10.7226696,10.12742901,13.24788094,7.655101776,7.41521883,7.546789646,0.789884925,0.755466998,0.847602546,6.134827614,5.709102154,4.843393326
2.65,0,99.94793701,126.0040512,115.678093,197.6928864,197.218811,194.622467,0.135820478,0.106389605,0.135114834,13.57497692,13.40552139,15.62982655,10.7226696,10.12742901,13.24788094,7.655101776,7.41521883,7.546789646,0.789884925,0.755466998,0.847602546,6.134827614,5.709102154,4.843393326
2.7,0,99.99835205,125.9498825,115.7164688,197.6565247,197.1666718,194.7509003,0.136135727,0.107096545,0.136109695,13.61334801,13.48879719,15.75013351,10.67170238,10.137887,13.25000668,7.714569569,7.428232193,7.680179596,0.783914626,0.751578271,0.841263115,6.088370323,5.766077995,4.879353046
2.75,0,99.99835205,125.9498825,115.7164688,197.6565247,197.1666718,194.7509003,0.136135727,0.107096545,0.136109695,13.61334801,13.48879719,15.75013351,10.67170238,10.137887,13.25000668,7.714569569,7.428232193,7.680179596,0.783914626,0.751578271,0.841263115,6.088370323,5.766077995,4.879353046
2.8,0,99.99835205,125.9498825,115.7164688,197.6565247,197.1666718,194.7509003,0.136135727,0.107096545,0.136109695,13.61334801,13.48879719,15.75013351,10.67170238,10.137887,13.25000668,7.714569569,7.428232193,7.680179596,0.783914626,0.751578271,0.841263115,6.088370323,5.766077995,4.879353046
2.85,0,99.99835205,125.9498825,115.7164688,197.6565247,197.1666718,194.7509003,0.136135727,0.107096545,0.136109695,13.61334801,13.48879719,15.75013351,10.67170238,10.137887,13.25000668,7.714569569,7.428232193,7.680179596,0.783914626,0.751578271,0.841263115,6.088370323,5.766077995,4.879353046
2.9,0,99.99597931,126.0046616,115.6840363,197.736618,197.2059326,194.675705,0.136513576,0.106424302,0.137366071,13.65080833,13.40995789,15.89106178,10.62885189,10.05985546,13.38111115,7.837788582,7.3335495,7.681885242,0.778624356,0.750177979,0.842052698,6.174497128,5.818060398,4.947179317
2.95,0,99.99597931,126.0046616,115.6840363,197.736618,197.2059326,194.675705,0.136513576,0.106424302,0.137366071,13.65080833,13.40995789,15.89106178,10.62885189,10.05985546,13.38111115,7.837788582,7.3335495,7.681885242,0.778624356,0.750177979,0.842052698,6.174497128,5.818060398,4.947179317
3,0,99.99597931,126.0046616,115.6840363,197.736618,197.2059326,194.675705,0.136513576,0.106424302,0.137366071,13.65080833,13.40995789,15.89106178,10.62885189,10.05985546,13.38111115,7.837788582,7.3335495,7.681885242,0.778624356,0.750177979,0.842052698,6.174497128,5.818060398,4.947179317
3.05,0,99.99597931,126.0046616,115.6840363,197.736618,197.2059326,194.675705,0.136513576,0.106424302,0.137366071,13.65080833,13.40995789,15.89106178,10.62885189,10.05985546,13.38111115,7.837788582,7.3335495,7.681885242,0.778624356,0.750177979,0.842052698,6.174497128,5.818060398,4.947179317
3.1,0,99.97983551,125.9855652,115.6810455,197.6981659,197.1761475,194.6729279,0.134562477,0.106549963,0.135320961,13.45353413,13.42375755,15.6540699,10.5955143,10.19829082,13.21239567,7.594397545,7.297410488,7.660894394,0.787563622,0.759719551,0.844023049,6.134746075,5.82592392,4.896607399
3.15,0,99.97983551,125.9855652,115.6810455,197.6981659,197.1761475,194.6729279,0.134562477,0.106549963,0.135320961,13.45353413,13.42375755,15.6540699,10.5955143,10.19829082,13.21239567,7.594397545,7.297410488,7.660894394,0.787563622,0.759719551,0.844023049,6.134746075,5.82592392,4.896607399
3.2,0,99.97983551,125.9855652,115.6810455,197.6981659,197.1761475,194.6729279,0.134562477,0.106549963,0.135320961,13.45353413,13.42375755,15.6540699,10.5955143,10.19829082,13.21239567,7.594397545,7.297410488,7.660894394,0.787563622,0.759719551,0.844023049,6.134746075,5.82592392,4.896607399
3.25,0,99.97983551,125.9855652,115.6810455,197.6981659,197.1761475,194.6729279,0.134562477,0.106549963,0.135320961,13.45353413,13.42375755,15.6540699,10.5955143,10.19829082,13.21239567,7.594397545,7.297410488,7.660894394,0.787563622,0.759719551,0.844023049,6.134746075,5.82592392,4.896607399
3.3,0,99.95207977,125.9849167,115.6545029,197.6744232,197.162323,194.6208801,0.136733577,0.106807336,0.13707675,13.66680527,13.45611382,15.85354328,10.6678009,10.09362602,13.35167789,7.748943329,7.330149651,7.617038727,0.780562878,0.750114501,0.842188895,6.032030106,5.753437996,4.79486084
3.35,0,99.95207977,125.9849167,115.6545029,197.6744232,197.162323,194.6208801,0.136733577,0.106807336,0.13707675,13.66680527,13.45611382,15.85354328,10.6678009,10.09362602,13.35167789,7.748943329,7.330149651,7.617038727,0.780562878,0.750114501,0.842188895,6.032030106,5.753437996,4.79486084
3.4,0,99.95207977,125.9849167,115.6545029,197.6744232,197.162323,194.6208801,0.136733577,0.106807336,0.13707675,13.66680527,13.45611382,15.85354328,10.6678009,10.09362602,13.35167789,7.748943329,7.330149651,7.617038727,0.780562878,0.750114501,0.842188895,6.032030106,5.753437996,4.79486084
3.45,0,99.95207977,125.9849167,115.6545029,197.6744232,197.162323,194.6208801,0.136733577,0.106807336,0.13707675,13.66680527,13.45611382,15.85354328,10.6678009,10.09362602,13.35167789,7.748943329,7.330149651,7.617038727,0.780562878,0.750114501,0.842188895,6.032030106,5.753437996,4.79486084
3.5,0,99.93340302,126.0022049,115.6589508,197.6768036,197.1926727,194.6000366,0.135776684,0.106250986,0.136056468,13.5686264,13.38785839,15.73614788,10.64681625,10.10073757,13.2900362,7.743761063,7.385741234,7.651618481,0.784664273,0.754469991,0.844554603,6.070155621,5.741503716,4.767638206
3.55,0,99.93340302,126.0022049,115.6589508,197.6768036,197.1926727,194.6000366,0.135776684,0.106250986,0.136056468,13.5686264,13.38785839,15.73614788,10.64681625,10.10073757,13.2900362,7.743761063,7.385741234,7.651618481,0.784664273,0.754469991,0.844554603,6.070155621,5.741503716,4.767638206
3.6,0,99.93340302,126.0022049,115.6589508,197.6768036,197.1926727,194.6000366,0.135776684,0.106250986,0.136056468,13.5686264,13.38785839,15.73614788,10.64681625,10.10073757,13.2900362,7.743761063,7.385741234,7.651618481,0.784664273,0.754469991,0.844554603,6.070155621,5.741503716,4.767638206
3.65,0,99.93340302,126.0022049,115.6589508,197.6768036,197.1926727,194.6000366,0.135776684,0.106250986,0.136056468,13.5686264,13.38785839,15.73614788,10.64681625,10.10073757,13.2900362,7.743761063,7.385741234,7.651618481,0.784664273,0.754469991,0.844554603,6.070155621,5.741503716,4.767638206
3.7,0,99.96945953,125.9607468,115.6990967,197.6504364,197.1716614,194.6977386,0.136554807,0.106596358,0.137108713,13.65130997,13.42695713,15.86335468,10.64573669,10.07231236,13.35453796,7.781581402,7.333251953,7.652953625,0.779832602,0.750155985,0.841848314,6.082743168,5.779589176,4.82299614
3.75,0,99.96945953,125.9607468,115.6990967,197.6504364,197.1716614,194.6977386,0.136554807,0.106596358,0.137108713,13.65130997,13.42695713,15.86335468,10.64573669,10.07231236,13.35453796,7.781581402,7.333251953,7.652953625,0.779832602,0.750155985,0.841848314,6.082743168,5.779589176,4.82299614
3.8,0,99.96945953,125.9607468,115.6990967,197.6504364,197.1716614,194.6977386,0.136554807,0.106596358,0.137108713,13.65130997,13.42695713,15.86335468,10.64573669,10.07231236,13.35453796,7.781581402,7.333251953,7.652953625,0.779832602,0.750155985,0.841848314,6.082743168,5.779589176,4.82299614
3.85,0,99.96945953,125.9607468,115.6990967,197.6504364,197.1716614,194.6977386,0.136554807,0.106596358,0.137108713,13.65130997,13.42695713,15.86335468,10.64573669,10.07231236,13.35453796,7.781581402,7.333251953,7.652953625,0.779832602,0.750155985,0.841848314,6.082743168,5.779589176,4.82299614
3.9,0,99.97821045,125.9712372,115.6892548,197.6828461,197.1780243,194.6787567,0.137017071,0.107181735,0.138212427,13.69872189,13.5018158,15.98969269,10.60139847,10.11350632,13.38707447,7.989464283,7.480618,7.91287899,0.773896933,0.749047875,0.837231517,6.128729343,5.760428905,4.845161915
3.95,0,99.97821045,125.9712372,115.6892548,197.6828461,197.1780243,194.6787567,0.137017071,0.107181735,0.138212427,13.69872189,13.5018158,15.98969269,10.60139847,10.11350632,13.38707447,7.989464283,7.480618,7.91287899,0.773896933,0.749047875,0.837231517,6.128729343,5.760428905,4.845161915
4,0,99.97821045,125.9712372,115.6892548,197.6828461,197.1780243,194.6787567,0.137017071,0.107181735,0.138212427,13.69872189,13.5018158,15.98969269,10.60139847,10.11350632,13.38707447,7.989464283,7.480618,7.91287899,0.773896933,0.749047875,0.837231517,6.128729343,5.760428905,4.845161915
4.05,0,99.97821045,125.9712372,115.6892548,197.6828461,197.1780243,194.6787567,0.137017071,0.107181735,0.138212427,13.69872189,13.5018158,15.98969269,10.60139847,10.11350632,13.38707447,7.989464283,7.480618,7.91287899,0.773896933,0.749047875,0.837231517,6.128729343,5.760428905,4.845161915
4.1,0,99.95619202,125.9815674,115.6675262,197.67659,197.1782379,194.6291351,0.136672467,0.106912799,0.137999564,13.66125965,13.46904182,15.96206856,10.54834938,10.0898037,13.35752678,7.928483963,7.40322113,7.877164841,0.772135913,0.749110699,0.836829305,6.121443748,5.774045467,4.861954689
4.15,0,99.95619202,125.9815674,115.6675262,197.67659,197.1782379,194.6291351,0.136672467,0.106912799,0.137999564,13.66125965,13.46904182,15.96206856,10.54834938,10.0898037,13.35752678,7.928483963,7.40322113,7.877164841,0.772135913,0.749110699,0.836829305,6.121443748,5.774045467,4.861954689
4.2,0,99.95619202,125.9815674,115.6675262,197.67659,197.1782379,194.6291351,0.136672467,0.106912799,0.137999564,13.66125965,13.46904182,15.96206856,10.54834938,10.0898037,13.35752678,7.928483963,7.40322113,7.877164841,0.772135913,0.749110699,0.836829305,6.121443748,5.774045467,4.861954689
4.25,0,99.95619202,125.9815674,115.6675262,197.67659,197.1782379,194.6291351,0.136672467,0.106912799,0.137999564,13.66125965,13.46904182,15.96206856,10.54834938,10.0898037,13.35752678,7.928483963,7.40322113,7.877164841,0.772135913,0.749110699,0.836829305,6.121443748,5.774045467,4.861954689
4.3,0,99.92084503,125.9455032,115.6329575,197.6099396,197.1236572,194.5666962,0.135845184,0.106600828,0.137846738,13.57376575,13.42589474,15.93962574,10.56257439,10.15842438,13.3798008,7.796927452,7.272269726,7.77864933,0.77816093,0.756629229,0.839404941,6.079138756,5.739871502,4.86697197
4.35,0,99.92084503,125.9455032,115.6329575,197.6099396,197.1236572,194.5666962,0.135845184,0.106600828,0.137846738,13.57376575,13.42589474,15.93962574,10.56257439,10.15842438,13.3798008,7.796927452,7.272269726,7.77864933,0.77816093,0.756629229,0.839404941,6.079138756,5.739871502,4.86697197
4.4,0,99.92084503,125.9455032,115.6329575,197.6099396,197.1236572,194.5666962,0.135845184,0.106600828,0.137846738,13.57376575,13.42589474,15.93962574,10.56257439,10.15842438,13.3798008,7.796927452,7.272269726,7.77864933,0.77816093,0.756629229,0.839404941,6.079138756,5.739871502,4.86697197
4.45,0,99.92084503,125.9455032,115.6329575,197.6099396,197.1236572,194.5666962,0.135845184,0.106600828,0.137846738,13.57376575,13.42589474,15.93962574,10.56257439,10.15842438,13.3798008,7.796927452,7.272269726,7.77864933,0.77816093,0.756629229,0.839404941,6.079138756,5.739871502,4.86697197
4.5,0,99.94688416,125.9503021,115.6420517,197.6284027,197.1077881,194.6234283,0.135881767,0.106271468,0.136482835,13.58095932,13.38492393,15.78315544,10.6119442,10.11355686,13.31566811,7.776600361,7.351240158,7.724782467,0.781383991,0.755593181,0.843663216,6.023046017,5.738643169,4.821004391
4.55,0,99.94688416,125.9503021,115.6420517,197.6284027,197.1077881,194.6234283,0.135881767,0.106271468,0.136482835,13.58095932,13.38492393,15.78315544,10.6119442,10.11355686,13.31566811,7.776600361,7.351240158,7.724782467,0.781383991,0.755593181,0.843663216,6.023046017,5.738643169,4.821004391
4.6,0,99.94688416,125.9503021,115.6420517,197.6284027,197.1077881,194.6234283,0.135881767,0.106271468,0.136482835,13.58095932,13.38492393,15.78315544,10.6119442,10.11355686,13.31566811,7.776600361,7.351240158,7.724782467,0.781383991,0.755593181,0.843663216,6.023046017,5.738643169,4.821004391
4.65,0,99.94688416,125.9503021,115.6420517,197.6284027,197.1077881,194.6234283,0.135881767,0.106271468,0.136482835,13.58095932,13.38492393,15.78315544,10.6119442,10.11355686,13.31566811,7.776600361,7.351240158,7.724782467,0.781383991,0.755593181,0.843663216,6.023046017,5.738643169,4.821004391
4.7,0,99.99053192,125.9549255,115.7072525,197.6632233,197.1523743,194.7355347,0.135269642,0.106421553,0.136806518,13.5256834,13.40431881,15.82950592,10.59182167,10.16252804,13.30517769,7.690231323,7.275346756,7.709774017,0.783089578,0.75815326,0.840530217,5.997195244,5.773284435,4.839857101
4.75,0,99.99053192,125.9549255,115.7072525,197.6632233,197.1523743,194.7355347,0.135269642,0.106421553,0.136806518,13.5256834,13.40431881,15.82950592,10.59182167,10.16252804,13.30517769,7.690231323,7.275346756,7.709774017,0.783089578,0.75815326,0.840530217,5.997195244,5.773284435,4.839857101
4.8,0,99.99053192,125.9549255,115.7072525,197.6632233,197.1523743,194.7355347,0.135269642,0.106421553,0.136806518,13.5256834,13.40431881,15.82950592,10.59182167,10.16252804,13.30517769,7.690231323,7.275346756,7.709774017,0.783089578,0.75815326,0.840530217,5.997195244,5.773284435,4.839857101
4.85,0,99.99053192,125.9549255,115.7072525,197.6632233,197.1523743,194.7355347,0.135269642,0.106421553,0.136806518,13.5256834,13.40431881,15.82950592,10.59182167,10.16252804,13.30517769,7.690231323,7.275346756,7.709774017,0.783089578,0.75815326,0.840530217,5.997195244,5.773284435,4.839857101
4.9,0,100.0052567,126.0147476,115.6833801,197.7731628,197.1771851,194.6964264,0.133959025,0.105479054,0.135571063,13.39660645,13.29191685,15.68331909,10.56682491,10.20852566,13.26726627,7.568175793,7.179249287,7.633610725,0.788768768,0.7680251,0.845947623,6.016637325,5.693049908,4.777144432
4.95,0,100.0052567,126.0147476,115.6833801,197.7731628,197.1771851,194.6964264,0.133959025,0.105479054,0.135571063,13.39660645,13.29191685,15.68331909,10.56682491,10.20852566,13.26726627,7.568175793,7.179249287,7.633610725,0.788768768,0.7680251,0.845947623,6.016637325,5.693049908,4.777144432
5,0,100.0052567,126.0147476,115.6833801,197.7731628,197.1771851,194.6964264,0.133959025,0.105479054,0.135571063,13.39660645,13.29191685,15.68331909,10.56682491,10.20852566,13.26726627,7.568175793,7.179249287,7.633610725,0.788768768,0.7680251,0.845947623,6.016637325,5.693049908,4.777144432
5.05,0,100.0052567,126.0147476,115.6833801,197.7731628,197.1771851,194.6964264,0.133959025,0.105479054,0.135571063,13.39660645,13.29191685,15.68331909,10.56682491,10.20852566,13.26726627,7.568175793,7.179249287,7.633610725,0.788768768,0.7680251,0.845947623,6.016637325,5.693049908,4.777144432
5.1,0,99.97917175,126.0102768,115.6727753,197.6929016,197.2211761,194.6578217,0.134606734,0.106587932,0.134943843,13.45786953,13.43117428,15.60932922,10.62422562,10.20438671,13.17168045,7.562553406,7.346310616,7.631978989,0.789443374,0.759753883,0.843833864,6.091400146,5.906233788,4.954233646
5.15,0,99.97917175,126.0102768,115.6727753,197.6929016,197.2211761,194.6578217,0.134606734,0.106587932,0.134943843,13.45786953,13.43117428,15.60932922,10.62422562,10.20438671,13.17168045,7.562553406,7.346310616,7.631978989,0.789443374,0.759753883,0.843833864,6.091400146,5.906233788,4.954233646
5.2,0,99.97917175,126.0102768,115.6727753,197.6929016,197.2211761,194.6578217,0.134606734,0.106587932,0.134943843,13.45786953,13.43117428,15.60932922,10.62422562,10.20438671,13.17168045,7.562553406,7.346310616,7.631978989,0.789443374,0.759753883,0.843833864,6.091400146,5.906233788,4.954233646
5.25,0,99.97917175,126.0102768,115.6727753,197.6929016,197.2211761,194.6578217,0.134606734,0.106587932,0.134943843,13.45786953,13.43117428,15.60932922,10.62422562,10.20438671,13.17168045,7.562553406,7.346310616,7.631978989,0.789443374,0.759753883,0.843833864,6.091400146,5.906233788,4.954233646
5.3,0,99.97267914,125.9411697,115.6678085,197.6363525,197.1702118,194.6371765,0.135394022,0.106802061,0.136118367,13.53570271,13.4507761,15.74451351,10.60457897,10.18940353,13.26885891,7.673567772,7.329883575,7.703825474,0.783452392,0.757532775,0.842760801,6.130999565,5.822149277,5.04685688
5.35,0,99.97267914,125.9411697,115.6678085,197.6363525,197.1702118,194.6371765,0.135394022,0.106802061,0.136118367,13.53570271,13.4507761,15.74451351,10.60457897,10.18940353,13.26885891,7.673567772,7.329883575,7.703825474,0.783452392,0.757532775,0.842760801,6.130999565,5.822149277,5.04685688
5.4,0,99.97267914,125.9411697,115.6678085,197.6363525,197.1702118,194.6371765,0.135394022,0.106802061,0.136118367,13.53570271,13.4507761,15.74451351,10.60457897,10.18940353,13.26885891,7.673567772,7.329883575,7.703825474,0.783452392,0.757532775,0.842760801,6.130999565,5.822149277,5.04685688
5.45,0,99.97267914,125.9411697,115.6678085,197.6363525,197.1702118,194.6371765,0.135394022,0.106802061,0.136118367,13.53570271,13.4507761,15.74451351,10.60457897,10.18940353,13.26885891,7.673567772,7.329883575,7.703825474,0.783452392,0.757532775,0.842760801,6.130999565,5.822149277,5.04685688
5.5,0,99.96492767,125.9339828,115.6983566,197.6530914,197.1319885,194.6842346,0.135134324,0.106266573,0.135945871,13.50869274,13.38257313,15.72871399,10.61484432,10.17845917,13.28532314,7.600720406,7.235103607,7.609264851,0.785778821,0.760575652,0.844654143,6.195891857,5.782843113,4.959854603
5.55,0,99.96492767,125.9339828,115.6983566,197.6530914,197.1319885,194.6842346,0.135134324,0.106266573,0.135945871,13.50869274,13.38257313,15.72871399,10.61484432,10.17845917,13.28532314,7.600720406,7.235103607,7.609264851,0.785778821,0.760575652,0.844654143,6.195891857,5.782843113,4.959854603
5.6,0,99.96492767,125.9339828,115.6983566,197.6530914,197.1319885,194.6842346,0.135134324,0.106266573,0.135945871,13.50869274,13.38257313,15.72871399,10.61484432,10.17845917,13.28532314,7.600720406,7.235103607,7.609264851,0.785778821,0.760575652,0.844654143,6.195891857,5.782843113,4.959854603
5.65,0,99.96492767,125.9339828,115.6983566,197.6530914,197.1319885,194.6842346,0.135134324,0.106266573,0.135945871,13.50869274,13.38257313,15.72871399,10.61484432,10.17845917,13.28532314,7.600720406,7.235103607,7.609264851,0.785778821,0.760575652,0.844654143,6.195891857,5.782843113,4.959854603
5.7,0,99.95504761,125.9535675,115.6941986,197.6501312,197.1175995,194.7003326,0.134596571,0.106055148,0.136066765,13.45360661,13.3580246,15.74213505,10.58694172,10.18954372,13.28210354,7.563850403,7.175085068,7.610217094,0.786922216,0.762803197,0.843729496,6.118047714,5.812780857,4.788011551
5.75,0,99.95504761,125.9535675,115.6941986,197.6501312,197.1175995,194.7003326,0.134596571,0.106055148,0.136066765,13.45360661,13.3580246,15.74213505,10.58694172,10.18954372,13.28210354,7.563850403,7.175085068,7.610217094,0.786922216,0.762803197,0.843729496,6.118047714,5.812780857,4.788011551
5.8,0,99.95504761,125.9535675,115.6941986,197.6501312,197.1175995,194.7003326,0.134596571,0.106055148,0.136066765,13.45360661,13.3580246,15.74213505,10.58694172,10.18954372,13.28210354,7.563850403,7.175085068,7.610217094,0.786922216,0.762803197,0.843729496,6.118047714,5.812780857,4.788011551
5.85,0,99.95504761,125.9535675,115.6941986,197.6501312,197.1175995,194.7003326,0.134596571,0.106055148,0.136066765,13.45360661,13.3580246,15.74213505,10.58694172,10.18954372,13.28210354,7.563850403,7.175085068,7.610217094,0.786922216,0.762803197,0.843729496,6.118047714,5.812780857,4.788011551
5.9,0,99.94634247,126.0111694,115.6588516,197.6774902,197.1897736,194.6252441,0.134026811,0.105866887,0.134234309,13.39548969,13.34041023,15.52538586,10.65800095,10.19986439,13.13411427,7.41367197,7.260617256,7.460402012,0.795641005,0.764584005,0.845976651,6.118111134,5.917830467,4.859600067
5.95,0,99.94634247,126.0111694,115.6588516,197.6774902,197.1897736,194.6252441,0.134026811,0.105866887,0.134234309,13.39548969,13.34041023,15.52538586,10.65800095,10.19986439,13.13411427,7.41367197,7.260617256,7.460402012,0.795641005,0.764584005,0.845976651,6.118111134,5.917830467,4.859600067
6,0,99.94634247,126.0111694,115.6588516,197.6774902,197.1897736,194.6252441,0.134026811,0.105866887,0.134234309,13.39548969,13.34041023,15.52538586,10.65800095,10.19986439,13.13411427,7.41367197,7.260617256,7.460402012,0.795641005,0.764584005,0.845976651,6.118111134,5.917830467,4.859600067
6.05,0,99.94634247,126.0111694,115.6588516,197.6774902,197.1897736,194.6252441,0.134026811,0.105866887,0.134234309,13.39548969,13.34041023,15.52538586,10.65800095,10.19986439,13.13411427,7.41367197,7.260617256,7.460402012,0.795641005,0.764584005,0.845976651,6.118111134,5.917830467,4.859600067
6.1,0,99.95870972,125.9602203,115.6429749,197.632309,197.1758118,194.59758,0.133917645,0.105284408,0.135056913,13.38623524,13.26164722,15.61838341,10.61527538,10.17861938,13.27590656,7.48349905,7.126282692,7.483511925,0.792999327,0.767522991,0.850017965,6.14738369,5.908572674,5.022595406
6.15,0,99.95870972,125.9602203,115.6429749,197.632309,197.1758118,194.59758,0.133917645,0.105284408,0.135056913,13.38623524,13.26164722,15.61838341,10.61527538,10.17861938,13.27590656,7.48349905,7.126282692,7.483511925,0.792999327,0.767522991,0.850017965,6.14738369,5.908572674,5.022595406
6.2,0,99.95870972,125.9602203,115.6429749,197.632309,197.1758118,194.59758,0.133917645,0.105284408,0.135056913,13.38623524,13.26164722,15.61838341,10.61527538,10.17861938,13.27590656,7.48349905,7.126282692,7.483511925,0.792999327,0.767522991,0.850017965,6.14738369,5.908572674,5.022595406
6.25,0,99.95870972,125.9602203,115.6429749,197.632309,197.1758118,194.59758,0.133917645,0.105284408,0.135056913,13.38623524,13.26164722,15.61838341,10.61527538,10.17861938,13.27590656,7.48349905,7.126282692,7.483511925,0.792999327,0.767522991,0.850017965,6.14738369,5.908572674,5.022595406
6.3,0,99.93466949,125.9156342,115.6667709,197.5873566,197.1380768,194.6112518,0.13339819,0.10577403,0.134626225,13.33110428,13.31860447,15.57178116,10.57041645,10.2340107,13.18599224,7.483202457,7.213526726,7.599327087,0.792913795,0.768399656,0.846787691,6.162225723,5.737412453,4.98408699
6.35,0,99.93466949,125.9156342,115.6667709,197.5873566,197.1380768,194.6112518,0.13339819,0.10577403,0.134626225,13.33110428,13.31860447,15.57178116,10.57041645,10.2340107,13.18599224,7.483202457,7.213526726,7.599327087,0.792913795,0.768399656,0.846787691,6.162225723,5.737412453,4.98408699
6.4,0,99.93466949,125.9156342,115.6667709,197.5873566,197.1380768,194.6112518,0.13339819,0.10577403,0.134626225,13.33110428,13.31860447,15.57178116,10.57041645,10.2340107,13.18599224,7.483202457,7.213526726,7.599327087,0.792913795,0.768399656,0.846787691,6.162225723,5.737412453,4.98408699
6.45,0,99.93466949,125.9156342,115.6667709,197.5873566,197.1380768,194.6112518,0.13339819,0.10577403,0.134626225,13.33110428,13.31860447,15.57178116,10.57041645,10.2340107,13.18599224,7.483202457,7.213526726,7.599327087,0.792913795,0.768399656,0.846787691,6.162225723,5.737412453,4.98408699
6.5,0,99.9249115,125.974411,115.6860046,197.6664886,197.1708221,194.6209564,0.133027911,0.105561472,0.134190485,13.29280186,13.2980442,15.52396107,10.58324909,10.25632286,13.18543816,7.404417992,7.147578716,7.522063255,0.796163917,0.771265507,0.849360406,6.282179832,5.784887314,4.855255604
6.55,0,99.9249115,125.974411,115.6860046,197.6664886,197.1708221,194.6209564,0.133027911,0.105561472,0.134190485,13.29280186,13.2980442,15.52396107,10.58324909,10.25632286,13.18543816,7.404417992,7.147578716,7.522063255,0.796163917,0.771265507,0.849360406,6.282179832,5.784887314,4.855255604
6.6,0,99.9249115,125.974411,115.6860046,197.6664886,197.1708221,194.6209564,0.133027911,0.105561472,0.134190485,13.29280186,13.2980442,15.52396107,10.58324909,10.25632286,13.18543816,7.404417992,7.147578716,7.522063255,0.796163917,0.771265507,0.849360406,6.282179832,5.784887314,4.855255604
6.65,0,99.9249115,125.974411,115.6860046,197.6664886,197.1708221,194.6209564,0.133027911,0.105561472,0.134190485,13.29280186,13.2980442,15.52396107,10.58324909,10.25632286,13.18543816,7.404417992,7.147578716,7.522063255,0.796163917,0.771265507,0.849360406,6.282179832,5.784887314,4.855255604
6.7,0,99.92797852,125.9457779,115.6648712,197.6069641,197.0976868,194.6481323,0.134618416,0.10568092,0.135235697,13.45214653,13.31006527,15.64201927,10.63173771,10.16285038,13.24647808,7.605045795,7.296775818,7.618426323,0.790337622,0.763546228,0.846852183,6.104187012,5.859583855,4.809123516
6.75,0,99.92797852,125.9457779,115.6648712,197.6069641,197.0976868,194.6481323,0.134618416,0.10568092,0.135235697,13.45214653,13.31006527,15.64201927,10.63173771,10.16285038,13.24647808,7.605045795,7.296775818,7.618426323,0.790337622,0.763546228,0.846852183,6.104187012,5.859583855,4.809123516
6.8,0,99.92797852,125.9457779,115.6648712,197.6069641,197.0976868,194.6481323,0.134618416,0.10568092,0.135235697,13.45214653,13.31006527,15.64201927,10.63173771,10.16285038,13.24647808,7.605045795,7.296775818,7.618426323,0.790337622,0.763546228,0.846852183,6.104187012,5.859583855,4.809123516
6.85,0,99.96250153,125.9869919,115.6575546,197.6533813,197.1829529,194.6371002,0.135156944,0.106223904,0.134265304,13.51062584,13.38282967,15.52879715,10.69337654,10.13574505,13.17517757,7.573981762,7.386318207,7.539864063,0.791478992,0.757369339,0.848435163,6.174123764,5.94536972,4.980750084
6.9,0,99.96250153,125.9869919,115.6575546,197.6533813,197.1829529,194.6371002,0.135156944,0.106223904,0.134265304,13.51062584,13.38282967,15.52879715,10.69337654,10.13574505,13.17517757,7.573981762,7.386318207,7.539864063,0.791478992,0.757369339,0.848435163,6.174123764,5.94536972,4.980750084
6.95,0,99.96250153,125.9869919,115.6575546,197.6533813,197.1829529,194.6371002,0.135156944,0.106223904,0.134265304,13.51062584,13.38282967,15.52879715,10.69337654,10.13574505,13.17517757,7.573981762,7.386318207,7.539864063,0.791478992,0.757369339,0.848435163,6.174123764,5.94536972,4.980750084
7,0,99.96250153,125.9869919,115.6575546,197.6533813,197.1829529,194.6371002,0.135156944,0.106223904,0.134265304,13.51062584,13.38282967,15.52879715,10.69337654,10.13574505,13.17517757,7.573981762,7.386318207,7.539864063,0.791478992,0.757369339,0.848435163,6.174123764,5.94536972,4.980750084
7.05,0,99.96250153,125.9869919,115.6575546,197.6533813,197.1829529,194.6371002,0.135156944,0.106223904,0.134265304,13.51062584,13.38282967,15.52879715,10.69337654,10.13574505,13.17517757,7.573981762,7.386318207,7.539864063,0.791478992,0.757369339,0.848435163,6.174123764,5.94536972,4.980750084
7.1,0,99.98116302,125.9498444,115.7091599,197.6359558,197.2224426,194.6850433,0.135928825,0.107400052,0.133505136,13.59032154,13.5270195,15.44776726,10.79286385,10.1630249,13.12617493,7.495646954,7.47322607,7.436401367,0.794158101,0.751312971,0.849713385,6.243846416,5.869358063,5.072510719
7.15,0,99.98116302,125.9498444,115.7091599,197.6359558,197.2224426,194.6850433,0.135928825,0.107400052,0.133505136,13.59032154,13.5270195,15.44776726,10.79286385,10.1630249,13.12617493,7.495646954,7.47322607,7.436401367,0.794158101,0.751312971,0.849713385,6.243846416,5.869358063,5.072510719
7.2,0,99.98116302,125.9498444,115.7091599,197.6359558,197.2224426,194.6850433,0.135928825,0.107400052,0.133505136,13.59032154,13.5270195,15.44776726,10.79286385,10.1630249,13.12617493,7.495646954,7.47322607,7.436401367,0.794158101,0.751312971,0.849713385,6.243846416,5.869358063,5.072510719
7.25,0,99.96586609,125.9180222,115.7300034,197.6166687,197.1580505,194.7231903,0.135908276,0.108140692,0.133394539,13.58618832,13.6168623,15.43775082,10.77411652,10.22399235,13.0470314,7.45797205,7.523532867,7.500287533,0.793019831,0.750833213,0.845138073,6.211988926,5.76571703,4.963992119
7.3,0,99.96586609,125.9180222,115.7300034,197.6166687,197.1580505,194.7231903,0.135908276,0.108140692,0.133394539,13.58618832,13.6168623,15.43775082,10.77411652,10.22399235,13.0470314,7.45797205,7.523532867,7.500287533,0.793019831,0.750833213,0.845138073,6.211988926,5.76571703,4.963992119
7.35,0,99.96586609,125.9180222,115.7300034,197.6166687,197.1580505,194.7231903,0.135908276,0.108140692,0.133394539,13.58618832,13.6168623,15.43775082,10.77411652,10.22399235,13.0470314,7.45797205,7.523532867,7.500287533,0.793019831,0.750833213,0.845138073,6.211988926,5.76571703,4.963992119
7.4,0,99.96586609,125.9180222,115.7300034,197.6166687,197.1580505,194.7231903,0.135908276,0.108140692,0.133394539,13.58618832,13.6168623,15.43775082,10.77411652,10.22399235,13.0470314,7.45797205,7.523532867,7.500287533,0.793019831,0.750833213,0.845138073,6.211988926,5.76571703,4.963992119
7.45,0,99.96586609,125.9180222,115.7300034,197.6166687,197.1580505,194.7231903,0.135908276,0.108140692,0.133394539,13.58618832,13.6168623,15.43775082,10.77411652,10.22399235,13.0470314,7.45797205,7.523532867,7.500287533,0.793019831,0.750833213,0.845138073,6.211988926,5.76571703,4.963992119
7.5,0,99.94634247,125.9643555,115.730629,197.6426392,197.1755066,194.7221985,0.135659307,0.106814556,0.133596227,13.55865192,13.45482635,15.46117496,10.76695728,10.13576984,13.1276226,7.4741745,7.41193676,7.411399364,0.794102371,0.753318489,0.849070191,6.15897274,5.79265976,4.802827835
7.55,0,99.94634247,125.9643555,115.730629,197.6426392,197.1755066,194.7221985,0.135659307,0.106814556,0.133596227,13.55865192,13.45482635,15.46117496,10.76695728,10.13576984,13.1276226,7.4741745,7.41193676,7.411399364,0.794102371,0.753318489,0.849070191,6.15897274,5.79265976,4.802827835
7.6,0,99.94634247,125.9643555,115.730629,197.6426392,197.1755066,194.7221985,0.135659307,0.106814556,0.133596227,13.55865192,13.45482635,15.46117496,10.76695728,10.13576984,13.1276226,7.4741745,7.41193676,7.411399364,0.794102371,0.753318489,0.849070191,6.15897274,5.79265976,4.802827835
7.65,0,99.94634247,125.9643555,115.730629,197.6426392,197.1755066,194.7221985,0.135659307,0.106814556,0.133596227,13.55865192,13.45482635,15.46117496,10.76695728,10.13576984,13.1276226,7.4741745,7.41193676,7.411399364,0.794102371,0.753318489,0.849070191,6.15897274,5.79265976,4.802827835
7.7,0,99.94226074,125.953743,115.6969757,197.581665,197.1783295,194.6895752,0.134371161,0.107157856,0.132456228,13.42935753,13.49693298,15.32478523,10.7888031,10.26775551,13.02519512,7.255552292,7.372974873,7.345527649,0.803374469,0.760747313,0.849943101,6.047529221,5.865006924,4.802199841
7.75,0,99.94226074,125.953743,115.6969757,197.581665,197.1783295,194.6895752,0.134371161,0.107157856,0.132456228,13.42935753,13.49693298,15.32478523,10.7888031,10.26775551,13.02519512,7.255552292,7.372974873,7.345527649,0.803374469,0.760747313,0.849943101,6.047529221,5.865006924,4.802199841
7.8,0,99.94226074,125.953743,115.6969757,197.581665,197.1783295,194.6895752,0.134371161,0.107157856,0.132456228,13.42935753,13.49693298,15.32478523,10.7888031,10.26775551,13.02519512,7.255552292,7.372974873,7.345527649,0.803374469,0.760747313,0.849943101,6.047529221,5.865006924,4.802199841
7.85,0,99.96876526,125.988327,115.6884766,197.6469116,197.2498474,194.6548462,0.13501735,0.106477365,0.133404255,13.49751759,13.41490459,15.4333353,10.74496746,10.14781857,13.12058353,7.48652935,7.423374176,7.443761826,0.79606992,0.756458521,0.850145698,6.13881731,5.897574425,5.005595684
7.9,0,99.96876526,125.988327,115.6884766,197.6469116,197.2498474,194.6548462,0.13501735,0.106477365,0.133404255,13.49751759,13.41490459,15.4333353,10.74496746,10.14781857,13.12058353,7.48652935,7.423374176,7.443761826,0.79606992,0.756458521,0.850145698,6.13881731,5.897574425,5.005595684
7.95,0,99.96876526,125.988327,115.6884766,197.6469116,197.2498474,194.6548462,0.13501735,0.106477365,0.133404255,13.49751759,13.41490459,15.4333353,10.74496746,10.14781857,13.12058353,7.48652935,7.423374176,7.443761826,0.79606992,0.756458521,0.850145698,6.13881731,5.897574425,5.005595684
8,0,99.96876526,125.988327,115.6884766,197.6469116,197.2498474,194.6548462,0.13501735,0.106477365,0.133404255,13.49751759,13.41490459,15.4333353,10.74496746,10.14781857,13.12058353,7.48652935,7.423374176,7.443761826,0.79606992,0.756458521,0.850145698,6.13881731,5.897574425,5.005595684
8.05,0,99.94258118,125.9451752,115.7022858,197.6033783,197.228241,194.6389771,0.135843009,0.106293224,0.133889675,13.57650089,13.38711834,15.49134159,10.80127239,10.09852695,13.1992178,7.577565193,7.464544296,7.417519569,0.795585871,0.754346609,0.852038383,6.188741207,5.801241398,4.994810581
8.1,0,99.94258118,125.9451752,115.7022858,197.6033783,197.228241,194.6389771,0.135843009,0.106293224,0.133889675,13.57650089,13.38711834,15.49134159,10.80127239,10.09852695,13.1992178,7.577565193,7.464544296,7.417519569,0.795585871,0.754346609,0.852038383,6.188741207,5.801241398,4.994810581
8.15,0,99.94258118,125.9451752,115.7022858,197.6033783,197.228241,194.6389771,0.135843009,0.106293224,0.133889675,13.57650089,13.38711834,15.49134159,10.80127239,10.09852695,13.1992178,7.577565193,7.464544296,7.417519569,0.795585871,0.754346609,0.852038383,6.188741207,5.801241398,4.994810581
8.2,0,99.94258118,125.9451752,115.7022858,197.6033783,197.228241,194.6389771,0.135843009,0.106293224,0.133889675,13.57650089,13.38711834,15.49134159,10.80127239,10.09852695,13.1992178,7.577565193,7.464544296,7.417519569,0.795585871,0.754346609,0.852038383,6.188741207,5.801241398,4.994810581
8.25,0,99.88946533,125.9255981,115.6616898,197.5561218,197.121582,194.5923615,0.133847952,0.105954796,0.132860065,13.36999989,13.34242153,15.36681938,10.69641972,10.20400047,13.07469082,7.370037556,7.339918137,7.41674757,0.800031424,0.764778733,0.850839078,6.120141506,5.695158005,4.749822617
8.3,0,99.88946533,125.9255981,115.6616898,197.5561218,197.121582,194.5923615,0.133847952,0.105954796,0.132860065,13.36999989,13.34242153,15.36681938,10.69641972,10.20400047,13.07469082,7.370037556,7.339918137,7.41674757,0.800031424,0.764778733,0.850839078,6.120141506,5.695158005,4.749822617
8.35,0,99.88946533,125.9255981,115.6616898,197.5561218,197.121582,194.5923615,0.133847952,0.105954796,0.132860065,13.36999989,13.34242153,15.36681938,10.69641972,10.20400047,13.07469082,7.370037556,7.339918137,7.41674757,0.800031424,0.764778733,0.850839078,6.120141506,5.695158005,4.749822617
8.4,0,99.88946533,125.9255981,115.6616898,197.5561218,197.121582,194.5923615,0.133847952,0.105954796,0.132860065,13.36999989,13.34242153,15.36681938,10.69641972,10.20400047,13.07469082,7.370037556,7.339918137,7.41674757,0.800031424,0.764778733,0.850839078,6.120141506,5.695158005,4.749822617
8.45,0,99.85112762,125.9637375,115.6164551,197.552063,197.1258392,194.5090332,0.134380966,0.106432945,0.132871687,13.41809082,13.40669155,15.36215305,10.72929192,10.23672485,13.06646347,7.376216412,7.395302773,7.434340477,0.799613893,0.763553381,0.850561976,6.058589935,5.775242329,4.655810356
8.5,0,99.85112762,125.9637375,115.6164551,197.552063,197.1258392,194.5090332,0.134380966,0.106432945,0.132871687,13.41809082,13.40669155,15.36215305,10.72929192,10.23672485,13.06646347,7.376216412,7.395302773,7.434340477,0.799613893,0.763553381,0.850561976,6.058589935,5.775242329,4.655810356
8.55,0,99.85112762,125.9637375,115.6164551,197.552063,197.1258392,194.5090332,0.134380966,0.106432945,0.132871687,13.41809082,13.40669155,15.36215305,10.72929192,10.23672485,13.06646347,7.376216412,7.395302773,7.434340477,0.799613893,0.763553381,0.850561976,6.058589935,5.775242329,4.655810356
8.6,0,99.85112762,125.9637375,115.6164551,197.552063,197.1258392,194.5090332,0.134380966,0.106432945,0.132871687,13.41809082,13.40669155,15.36215305,10.72929192,10.23672485,13.06646347,7.376216412,7.395302773,7.434340477,0.799613893,0.763553381,0.850561976,6.058589935,5.775242329,4.655810356
8.65,0,99.89505768,125.8948364,115.6184235,197.4707184,197.0797729,194.5780334,0.133430287,0.105731562,0.132788956,13.32902622,13.31105804,15.35284996,10.68600655,10.22906017,13.08629894,7.299217701,7.255668163,7.401838779,0.801709473,0.768463373,0.852369368,5.934258938,5.810731411,4.792413712
8.7,0,99.89505768,125.8948364,115.6184235,197.4707184,197.0797729,194.5780334,0.133430287,0.105731562,0.132788956,13.32902622,13.31105804,15.35284996,10.68600655,10.22906017,13.08629894,7.299217701,7.255668163,7.401838779,0.801709473,0.768463373,0.852369368,5.934258938,5.810731411,4.792413712
8.75,0,99.89505768,125.8948364,115.6184235,197.4707184,197.0797729,194.5780334,0.133430287,0.105731562,0.132788956,13.32902622,13.31105804,15.35284996,10.68600655,10.22906017,13.08629894,7.299217701,7.255668163,7.401838779,0.801709473,0.768463373,0.852369368,5.934258938,5.810731411,4.792413712
8.8,0,99.89505768,125.8948364,115.6184235,197.4707184,197.0797729,194.5780334,0.133430287,0.105731562,0.132788956,13.32902622,13.31105804,15.35284996,10.68600655,10.22906017,13.08629894,7.299217701,7.255668163,7.401838779,0.801709473,0.768463373,0.852369368,5.934258938,5.810731411,4.792413712
8.85,0,99.92674255,125.9095535,115.6427307,197.536972,197.1408691,194.5871887,0.134254649,0.106709898,0.133122891,13.41562939,13.43579578,15.39469433,10.69824982,10.28712177,13.08589458,7.370658875,7.359736919,7.503826618,0.797446728,0.765650332,0.85002625,6.124887466,5.817102432,4.97035408
8.9,0,99.92674255,125.9095535,115.6427307,197.536972,197.1408691,194.5871887,0.134254649,0.106709898,0.133122891,13.41562939,13.43579578,15.39469433,10.69824982,10.28712177,13.08589458,7.370658875,7.359736919,7.503826618,0.797446728,0.765650332,0.85002625,6.124887466,5.817102432,4.97035408
8.95,0,99.92674255,125.9095535,115.6427307,197.536972,197.1408691,194.5871887,0.134254649,0.106709898,0.133122891,13.41562939,13.43579578,15.39469433,10.69824982,10.28712177,13.08589458,7.370658875,7.359736919,7.503826618,0.797446728,0.765650332,0.85002625,6.124887466,5.817102432,4.97035408
9,0,99.92674255,125.9095535,115.6427307,197.536972,197.1408691,194.5871887,0.134254649,0.106709898,0.133122891,13.41562939,13.43579578,15.39469433,10.69824982,10.28712177,13.08589458,7.370658875,7.359736919,7.503826618,0.797446728,0.765650332,0.85002625,6.124887466,5.817102432,4.97035408
9.05,0,99.91220093,125.9226379,115.6840515,197.5684357,197.1593628,194.6156464,0.134104013,0.106344514,0.131691501,13.39862728,13.39118195,15.23460674,10.77766037,10.23004246,13.02414036,7.192664623,7.29059267,7.230752468,0.804385424,0.763938725,0.85490495,6.260789871,5.803660393,4.96696949
9.1,0,99.91220093,125.9226379,115.6840515,197.5684357,197.1593628,194.6156464,0.134104013,0.106344514,0.131691501,13.39862728,13.39118195,15.23460674,10.77766037,10.23004246,13.02414036,7.192664623,7.29059267,7.230752468,0.804385424,0.763938725,0.85490495,6.260789871,5.803660393,4.96696949
9.15,0,99.91220093,125.9226379,115.6840515,197.5684357,197.1593628,194.6156464,0.134104013,0.106344514,0.131691501,13.39862728,13.39118195,15.23460674,10.77766037,10.23004246,13.02414036,7.192664623,7.29059267,7.230752468,0.804385424,0.763938725,0.85490495,6.260789871,5.803660393,4.96696949
9.2,0,99.91220093,125.9226379,115.6840515,197.5684357,197.1593628,194.6156464,0.134104013,0.106344514,0.131691501,13.39862728,13.39118195,15.23460674,10.77766037,10.23004246,13.02414036,7.192664623,7.29059267,7.230752468,0.804385424,0.763938725,0.85490495,6.260789871,5.803660393,4.96696949
9.25,0,99.87201691,125.937973,115.6565399,197.5636444,197.1202393,194.5659332,0.133921295,0.10572359,0.132213637,13.37498951,13.3146143,15.29137135,10.75048828,10.19806194,13.07876301,7.228765965,7.228894711,7.233505249,0.80377543,0.765929937,0.855303466,6.174533367,5.777203083,4.777944088
9.3,0,99.87201691,125.937973,115.6565399,197.5636444,197.1202393,194.5659332,0.133921295,0.10572359,0.132213637,13.37498951,13.3146143,15.29137135,10.75048828,10.19806194,13.07876301,7.228765965,7.228894711,7.233505249,0.80377543,0.765929937,0.855303466,6.174533367,5.777203083,4.777944088
9.35,0,99.87201691,125.937973,115.6565399,197.5636444,197.1202393,194.5659332,0.133921295,0.10572359,0.132213637,13.37498951,13.3146143,15.29137135,10.75048828,10.19806194,13.07876301,7.228765965,7.228894711,7.233505249,0.80377543,0.765929937,0.855303466,6.174533367,5.777203083,4.777944088
9.4,0,99.87201691,125.937973,115.6565399,197.5636444,197.1202393,194.5659332,0.133921295,0.10572359,0.132213637,13.37498951,13.3146143,15.29137135,10.75048828,10.19806194,13.07876301,7.228765965,7.228894711,7.233505249,0.80377543,0.765929937,0.855303466,6.174533367,5.777203083,4.777944088
9.45,0,99.87425995,125.9646378,115.6291351,197.5617523,197.1381226,194.5416412,0.134047657,0.106256954,0.132217497,13.38791084,13.38461876,15.28819466,10.7660675,10.21002769,13.02669621,7.245802402,7.32175684,7.271128654,0.804163396,0.762817979,0.852075517,6.12140274,5.858137608,4.815517902
9.5,0,99.87425995,125.9646378,115.6291351,197.5617523,197.1381226,194.5416412,0.134047657,0.106256954,0.132217497,13.38791084,13.38461876,15.28819466,10.7660675,10.21002769,13.02669621,7.245802402,7.32175684,7.271128654,0.804163396,0.762817979,0.852075517,6.12140274,5.858137608,4.815517902
9.55,0,99.87425995,125.9646378,115.6291351,197.5617523,197.1381226,194.5416412,0.134047657,0.106256954,0.132217497,13.38791084,13.38461876,15.28819466,10.7660675,10.21002769,13.02669621,7.245802402,7.32175684,7.271128654,0.804163396,0.762817979,0.852075517,6.12140274,5.858137608,4.815517902
9.6,0,99.87425995,125.9646378,115.6291351,197.5617523,197.1381226,194.5416412,0.134047657,0.106256954,0.132217497,13.38791084,13.38461876,15.28819466,10.7660675,10.21002769,13.02669621,7.245802402,7.32175684,7.271128654,0.804163396,0.762817979,0.852075517,6.12140274,5.858137608,4.815517902
9.65,0,99.90673065,125.898613,115.6556473,197.4877472,197.1391754,194.5982361,0.133502916,0.107364558,0.132679775,13.33784008,13.51704884,15.34516525,10.72739029,10.37066364,13.00352764,7.229475498,7.364122868,7.466176033,0.804282427,0.767228365,0.847402275,6.09950304,5.900918961,4.988627434
9.7,0,99.90673065,125.898613,115.6556473,197.4877472,197.1391754,194.5982361,0.133502916,0.107364558,0.132679775,13.33784008,13.51704884,15.34516525,10.72739029,10.37066364,13.00352764,7.229475498,7.364122868,7.466176033,0.804282427,0.767228365,0.847402275,6.09950304,5.900918961,4.988627434
9.75,0,99.90673065,125.898613,115.6556473,197.4877472,197.1391754,194.5982361,0.133502916,0.107364558,0.132679775,13.33784008,13.51704884,15.34516525,10.72739029,10.37066364,13.00352764,7.229475498,7.364122868,7.466176033,0.804282427,0.767228365,0.847402275,6.09950304,5.900918961,4.988627434
9.8,0,99.90673065,125.898613,115.6556473,197.4877472,197.1391754,194.5982361,0.133502916,0.107364558,0.132679775,13.33784008,13.51704884,15.34516525,10.72739029,10.37066364,13.00352764,7.229475498,7.364122868,7.466176033,0.804282427,0.767228365,0.847402275,6.09950304,5.900918961,4.988627434
9.85,0,99.92251587,125.9244308,115.678894,197.5672455,197.1854401,194.6015778,0.134570196,0.105746031,0.132567167,13.44659233,13.31600857,15.3352232,10.77901363,10.13778782,13.11442471,7.363908291,7.338610649,7.279772758,0.801616728,0.761323333,0.855183184,6.24958849,5.83894825,5.088110924
9.9,0,99.92251587,125.9244308,115.678894,197.5672455,197.1854401,194.6015778,0.134570196,0.105746031,0.132567167,13.44659233,13.31600857,15.3352232,10.77901363,10.13778782,13.11442471,7.363908291,7.338610649,7.279772758,0.801616728,0.761323333,0.855183184,6.24958849,5.83894825,5.088110924
9.95,0,99.92251587,125.9244308,115.678894,197.5672455,197.1854401,194.6015778,0.134570196,0.105746031,0.132567167,13.44659233,13.31600857,15.3352232,10.77901363,10.13778782,13.11442471,7.363908291,7.338610649,7.279772758,0.801616728,0.761323333,0.855183184,6.24958849,5.83894825,5.088110924
10,0,99.92251587,125.9244308,115.678894,197.5672455,197.1854401,194.6015778,0.134570196,0.105746031,0.132567167,13.44659233,13.31600857,15.3352232,10.77901363,10.13778782,13.11442471,7.363908291,7.338610649,7.279772758,0.801616728,0.761323333,0.855183184,6.24958849,5.83894825,5.088110924
10.05,0,99.9250946,125.933609,115.6947098,197.6079559,197.1467743,194.6449585,0.133131042,0.105511203,0.132606611,13.30313206,13.28740692,15.34188366,10.6799984,10.2352972,13.08047295,7.301893711,7.247029781,7.385386944,0.802818358,0.770300567,0.852598906,6.253620148,5.782524586,4.927005291
10.1,0,99.9250946,125.933609,115.6947098,197.6079559,197.1467743,194.6449585,0.133131042,0.105511203,0.132606611,13.30313206,13.28740692,15.34188366,10.6799984,10.2352972,13.08047295,7.301893711,7.247029781,7.385386944,0.802818358,0.770300567,0.852598906,6.253620148,5.782524586,4.927005291
10.15,0,99.9250946,125.933609,115.6947098,197.6079559,197.1467743,194.6449585,0.133131042,0.105511203,0.132606611,13.30313206,13.28740692,15.34188366,10.6799984,10.2352972,13.08047295,7.301893711,7.247029781,7.385386944,0.802818358,0.770300567,0.852598906,6.253620148,5.782524586,4.927005291
10.2,0,99.9250946,125.933609,115.6947098,197.6079559,197.1467743,194.6449585,0.133131042,0.105511203,0.132606611,13.30313206,13.28740692,15.34188366,10.6799984,10.2352972,13.08047295,7.301893711,7.247029781,7.385386944,0.802818358,0.770300567,0.852598906,6.253620148,5.782524586,4.927005291
10.25,0,99.8977356,125.9326477,115.6565933,197.5648651,197.0962982,194.6109009,0.133582354,0.106071584,0.132939026,13.34457493,13.35787582,15.37527466,10.69451809,10.27167797,13.07182407,7.350276947,7.335444927,7.47988987,0.801413178,0.768960416,0.850184739,6.128862858,5.826032162,4.770514488
10.3,0,99.8977356,125.9326477,115.6565933,197.5648651,197.0962982,194.6109009,0.133582354,0.106071584,0.132939026,13.34457493,13.35787582,15.37527466,10.69451809,10.27167797,13.07182407,7.350276947,7.335444927,7.47988987,0.801413178,0.768960416,0.850184739,6.128862858,5.826032162,4.770514488
10.35,0,99.8977356,125.9326477,115.6565933,197.5648651,197.0962982,194.6109009,0.133582354,0.106071584,0.132939026,13.34457493,13.35787582,15.37527466,10.69451809,10.27167797,13.07182407,7.350276947,7.335444927,7.47988987,0.801413178,0.768960416,0.850184739,6.128862858,5.826032162,4.770514488
10.4,0,99.8977356,125.9326477,115.6565933,197.5648651,197.0962982,194.6109009,0.133582354,0.106071584,0.132939026,13.34457493,13.35787582,15.37527466,10.69451809,10.27167797,13.07182407,7.350276947,7.335444927,7.47988987,0.801413178,0.768960416,0.850184739,6.128862858,5.826032162,4.770514488
10.45,0,99.90648651,125.9150696,115.6332779,197.5139923,197.0915985,194.6004791,0.134184092,0.106610902,0.132540658,13.4058609,13.42391872,15.32611084,10.73308849,10.26447392,13.01661015,7.338405132,7.427358627,7.468794346,0.800626576,0.764640629,0.849309385,6.001750946,5.852163315,4.83615303
10.5,0,99.90648651,125.9150696,115.6332779,197.5139923,197.0915985,194.6004791,0.134184092,0.106610902,0.132540658,13.4058609,13.42391872,15.32611084,10.73308849,10.26447392,13.01661015,7.338405132,7.427358627,7.468794346,0.800626576,0.764640629,0.849309385,6.001750946,5.852163315,4.83615303
10.55,0,99.90648651,125.9150696,115.6332779,197.5139923,197.0915985,194.6004791,0.134184092,0.106610902,0.132540658,13.4058609,13.42391872,15.32611084,10.73308849,10.26447392,13.01661015,7.338405132,7.427358627,7.468794346,0.800626576,0.764640629,0.849309385,6.001750946,5.852163315,4.83615303
10.6,0,99.90648651,125.9150696,115.6332779,197.5139923,197.0915985,194.6004791,0.134184092,0.106610902,0.132540658,13.4058609,13.42391872,15.32611084,10.73308849,10.26447392,13.01661015,7.338405132,7.427358627,7.468794346,0.800626576,0.764640629,0.849309385,6.001750946,5.852163315,4.83615303
10.65,0,99.93760681,125.872345,115.6633911,197.4873352,197.1070404,194.6483307,0.135643959,0.107119121,0.132678792,13.555933,13.48333454,15.34607887,10.8368721,10.19834518,13.08152866,7.397108555,7.481502056,7.380877972,0.799419105,0.75636667,0.852434576,6.074061394,5.85271883,5.017263889
10.7,0,99.93760681,125.872345,115.6633911,197.4873352,197.1070404,194.6483307,0.135643959,0.107119121,0.132678792,13.555933,13.48333454,15.34607887,10.8368721,10.19834518,13.08152866,7.397108555,7.481502056,7.380877972,0.799419105,0.75636667,0.852434576,6.074061394,5.85271883,5.017263889
10.75,0,99.93760681,125.872345,115.6633911,197.4873352,197.1070404,194.6483307,0.135643959,0.107119121,0.132678792,13.555933,13.48333454,15.34607887,10.8368721,10.19834518,13.08152866,7.397108555,7.481502056,7.380877972,0.799419105,0.75636667,0.852434576,6.074061394,5.85271883,5.017263889
10.8,0,99.93760681,125.872345,115.6633911,197.4873352,197.1070404,194.6483307,0.135643959,0.107119121,0.132678792,13.555933,13.48333454,15.34607887,10.8368721,10.19834518,13.08152866,7.397108555,7.481502056,7.380877972,0.799419105,0.75636667,0.852434576,6.074061394,5.85271883,5.017263889
10.85,0,99.9442215,125.908287,115.7101059,197.5751953,197.1630402,194.674881,0.135595247,0.107392289,0.132864088,13.55196095,13.52157879,15.37371731,10.79386425,10.18983459,13.06160545,7.383428574,7.446303844,7.374155998,0.796479881,0.753597975,0.849606216,6.254703522,5.811349869,5.010532379
10.9,0,99.9442215,125.908287,115.7101059,197.5751953,197.1630402,194.674881,0.135595247,0.107392289,0.132864088,13.55196095,13.52157879,15.37371731,10.79386425,10.18983459,13.06160545,7.383428574,7.446303844,7.374155998,0.796479881,0.753597975,0.849606216,6.254703522,5.811349869,5.010532379
10.95,0,99.9442215,125.908287,115.7101059,197.5751953,197.1630402,194.674881,0.135595247,0.107392289,0.132864088,13.55196095,13.52157879,15.37371731,10.79386425,10.18983459,13.06160545,7.383428574,7.446303844,7.374155998,0.796479881,0.753597975,0.849606216,6.254703522,5.811349869,5.010532379
11,0,99.9442215,125.908287,115.7101059,197.5751953,197.1630402,194.674881,0.135595247,0.107392289,0.132864088,13.55196095,13.52157879,15.37371731,10.79386425,10.18983459,13.06160545,7.383428574,7.446303844,7.374155998,0.796479881,0.753597975,0.849606216,6.254703522,5.811349869,5.010532379
11.05,0,99.36267853,125.5464401,115.6389008,196.4773407,196.7047882,194.3273926,0.425414354,0.555499792,0.23143737,42.27030945,69.7410202,26.76316261,15.79799747,17.32762909,12.91916275,5.696790218,13.8966074,11.1923027,0.373737454,0.248456776,0.482721835,6.288427353,5.846098423,4.797041893
11.1,0,99.36267853,125.5464401,115.6389008,196.4773407,196.7047882,194.3273926,0.425414354,0.555499792,0.23143737,42.27030945,69.7410202,26.76316261,15.79799747,17.32762909,12.91916275,5.696790218,13.8966074,11.1923027,0.373737454,0.248456776,0.482721835,6.288427353,5.846098423,4.797041893
11.15,0,99.36267853,125.5464401,115.6389008,196.4773407,196.7047882,194.3273926,0.425414354,0.555499792,0.23143737,42.27030945,69.7410202,26.76316261,15.79799747,17.32762909,12.91916275,5.696790218,13.8966074,11.1923027,0.373737454,0.248456776,0.482721835,6.288427353,5.846098423,4.797041893
11.2,0,99.36267853,125.5464401,115.6389008,196.4773407,196.7047882,194.3273926,0.425414354,0.555499792,0.23143737,42.27030945,69.7410202,26.76316261,15.79799747,17.32762909,12.91916275,5.696790218,13.8966074,11.1923027,0.373737454,0.248456776,0.482721835,6.288427353,5.846098423,4.797041893
11.25,3,92.70831299,120.0501404,107.2143707,185.5346985,183.5707397,181.7668304,3.113101244,2.997328043,3.057846069,288.6103516,359.8296509,327.8450317,47.08047485,63.70301056,9.739569664,237.6461182,297.2564087,273.8161621,0.163128152,0.177036583,0.029707845,6.317739964,6.032625198,5.025663853
11.3,3,92.70831299,120.0501404,107.2143707,185.5346985,183.5707397,181.7668304,3.113101244,2.997328043,3.057846069,288.6103516,359.8296509,327.8450317,47.08047485,63.70301056,9.739569664,237.6461182,297.2564087,273.8161621,0.163128152,0.177036583,0.029707845,6.317739964,6.032625198,5.025663853
11.35,3,92.70831299,120.0501404,107.2143707,185.5346985,183.5707397,181.7668304,3.113101244,2.997328043,3.057846069,288.6103516,359.8296509,327.8450317,47.08047485,63.70301056,9.739569664,237.6461182,297.2564087,273.8161621,0.163128152,0.177036583,0.029707845,6.317739964,6.032625198,5.025663853
11.4,3,92.70831299,120.0501404,107.2143707,185.5346985,183.5707397,181.7668304,3.113101244,2.997328043,3.057846069,288.6103516,359.8296509,327.8450317,47.08047485,63.70301056,9.739569664,237.6461182,297.2564087,273.8161621,0.163128152,0.177036583,0.029707845,6.317739964,6.032625198,5.025663853
11.45,0,99.29354095,126.9795151,115.5727844,197.5603333,197.192688,194.721344,0.131506041,0.108049788,0.133869126,13.05770016,13.72010994,15.47162724,10.57229519,10.79295349,12.89188576,6.894304752,7.324223518,7.770304203,0.809659839,0.786652088,0.833259821,6.024484634,5.821597099,4.866368771
11.5,0,99.29354095,126.9795151,115.5727844,197.5603333,197.192688,194.721344,0.131506041,0.108049788,0.133869126,13.05770016,13.72010994,15.47162724,10.57229519,10.79295349,12.89188576,6.894304752,7.324223518,7.770304203,0.809659839,0.786652088,0.833259821,6.024484634,5.821597099,4.866368771
11.55,0,99.29354095,126.9795151,115.5727844,197.5603333,197.192688,194.721344,0.131506041,0.108049788,0.133869126,13.05770016,13.72010994,15.47162724,10.57229519,10.79295349,12.89188576,6.894304752,7.324223518,7.770304203,0.809659839,0.786652088,0.833259821,6.024484634,5.821597099,4.866368771
11.6,0,99.29354095,126.9795151,115.5727844,197.5603333,197.192688,194.721344,0.131506041,0.108049788,0.133869126,13.05770016,13.72010994,15.47162724,10.57229519,10.79295349,12.89188576,6.894304752,7.324223518,7.770304203,0.809659839,0.786652088,0.833259821,6.024484634,5.821597099,4.866368771
11.65,0,99.99765015,125.9053192,115.7518005,197.5508423,197.2054138,194.8030548,0.133565962,0.107961833,0.131822035,13.35628223,13.59296894,15.25863743,10.79760742,10.37742233,12.83323574,7.186970234,7.562729836,7.477915287,0.808429122,0.76344043,0.841047287,6.088512897,5.77564621,4.9739151
11.7,0,99.99765015,125.9053192,115.7518005,197.5508423,197.2054138,194.8030548,0.133565962,0.107961833,0.131822035,13.35628223,13.59296894,15.25863743,10.79760742,10.37742233,12.83323574,7.186970234,7.562729836,7.477915287,0.808429122,0.76344043,0.841047287,6.088512897,5.77564621,4.9739151
11.75,0,99.99765015,125.9053192,115.7518005,197.5508423,197.2054138,194.8030548,0.133565962,0.107961833,0.131822035,13.35628223,13.59296894,15.25863743,10.79760742,10.37742233,12.83323574,7.186970234,7.562729836,7.477915287,0.808429122,0.76344043,0.841047287,6.088512897,5.77564621,4.9739151
11.8,0,99.99765015,125.9053192,115.7518005,197.5508423,197.2054138,194.8030548,0.133565962,0.107961833,0.131822035,13.35628223,13.59296894,15.25863743,10.79760742,10.37742233,12.83323574,7.186970234,7.562729836,7.477915287,0.808429122,0.76344043,0.841047287,6.088512897,5.77564621,4.9739151
11.85,0,99.98768616,125.9563751,115.7850876,197.6500549,197.2480469,194.8026428,0.134202018,0.107838221,0.132088751,13.41854954,13.58291149,15.29390717,10.77548885,10.31091881,12.87728214,7.21323967,7.516215324,7.412816048,0.803029358,0.759109616,0.841987729,6.23509264,5.767287731,4.932625771
11.9,0,99.98768616,125.9563751,115.7850876,197.6500549,197.2480469,194.8026428,0.134202018,0.107838221,0.132088751,13.41854954,13.58291149,15.29390717,10.77548885,10.31091881,12.87728214,7.21323967,7.516215324,7.412816048,0.803029358,0.759109616,0.841987729,6.23509264,5.767287731,4.932625771
11.95,0,99.98768616,125.9563751,115.7850876,197.6500549,197.2480469,194.8026428,0.134202018,0.107838221,0.132088751,13.41854954,13.58291149,15.29390717,10.77548885,10.31091881,12.87728214,7.21323967,7.516215324,7.412816048,0.803029358,0.759109616,0.841987729,6.23509264,5.767287731,4.932625771
12,0,99.98768616,125.9563751,115.7850876,197.6500549,197.2480469,194.8026428,0.134202018,0.107838221,0.132088751,13.41854954,13.58291149,15.29390717,10.77548885,10.31091881,12.87728214,7.21323967,7.516215324,7.412816048,0.803029358,0.759109616,0.841987729,6.23509264,5.767287731,4.932625771
12.05,0,99.96369934,126.0053024,115.7335129,197.6924744,197.228653,194.7278595,0.134527311,0.107090473,0.133055463,13.44784737,13.49396706,15.39897633,10.68439102,10.21083927,13.00141239,7.415701389,7.453265667,7.520422459,0.794505656,0.756696641,0.844303668,6.210159302,5.831438541,4.797039032
12.1,0,99.96369934,126.0053024,115.7335129,197.6924744,197.228653,194.7278595,0.134527311,0.107090473,0.133055463,13.44784737,13.49396706,15.39897633,10.68439102,10.21083927,13.00141239,7.415701389,7.453265667,7.520422459,0.794505656,0.756696641,0.844303668,6.210159302,5.831438541,4.797039032
12.15,0,99.96369934,126.0053024,115.7335129,197.6924744,197.228653,194.7278595,0.134527311,0.107090473,0.133055463,13.44784737,13.49396706,15.39897633,10.68439102,10.21083927,13.00141239,7.415701389,7.453265667,7.520422459,0.794505656,0.756696641,0.844303668,6.210159302,5.831438541,4.797039032
12.2,0,99.96369934,126.0053024,115.7335129,197.6924744,197.228653,194.7278595,0.134527311,0.107090473,0.133055463,13.44784737,13.49396706,15.39897633,10.68439102,10.21083927,13.00141239,7.415701389,7.453265667,7.520422459,0.794505656,0.756696641,0.844303668,6.210159302,5.831438541,4.797039032
12.25,0,99.94384003,125.9812317,115.6889877,197.611084,197.2105255,194.6676178,0.133696511,0.106710717,0.132093132,13.36214256,13.44354725,15.28172112,10.73843384,10.28824043,12.99586391,7.218177319,7.33937645,7.3739748,0.803646088,0.765292108,0.850418866,6.04992342,5.824971676,4.806882381
12.3,0,99.94384003,125.9812317,115.6889877,197.611084,197.2105255,194.6676178,0.133696511,0.106710717,0.132093132,13.36214256,13.44354725,15.28172112,10.73843384,10.28824043,12.99586391,7.218177319,7.33937645,7.3739748,0.803646088,0.765292108,0.850418866,6.04992342,5.824971676,4.806882381
12.35,0,99.94384003,125.9812317,115.6889877,197.611084,197.2105255,194.6676178,0.133696511,0.106710717,0.132093132,13.36214256,13.44354725,15.28172112,10.73843384,10.28824043,12.99586391,7.218177319,7.33937645,7.3739748,0.803646088,0.765292108,0.850418866,6.04992342,5.824971676,4.806882381
12.4,0,99.94384003,125.9812317,115.6889877,197.611084,197.2105255,194.6676178,0.133696511,0.106710717,0.132093132,13.36214256,13.44354725,15.28172112,10.73843384,10.28824043,12.99586391,7.218177319,7.33937645,7.3739748,0.803646088,0.765292108,0.850418866,6.04992342,5.824971676,4.806882381
12.45,0,99.98360443,125.9592667,115.7151031,197.6224823,197.2351074,194.7121582,0.133007482,0.105606712,0.132385328,13.29856777,13.30214405,15.31898212,10.65548038,10.25723743,13.06481075,7.228045464,7.191726685,7.376291752,0.801250219,0.771096528,0.852851093,6.086329937,5.770584583,4.969997883
12.5,0,99.98360443,125.9592667,115.7151031,197.6224823,197.2351074,194.7121582,0.133007482,0.105606712,0.132385328,13.29856777,13.30214405,15.31898212,10.65548038,10.25723743,13.06481075,7.228045464,7.191726685,7.376291752,0.801250219,0.771096528,0.852851093,6.086329937,5.770584583,4.969997883
12.55,0,99.98360443,125.9592667,115.7151031,197.6224823,197.2351074,194.7121582,0.133007482,0.105606712,0.132385328,13.29856777,13.30214405,15.31898212,10.65548038,10.25723743,13.06481075,7.228045464,7.191726685,7.376291752,0.801250219,0.771096528,0.852851093,6.086329937,5.770584583,4.969997883
12.6,0,99.98360443,125.9592667,115.7151031,197.6224823,197.2351074,194.7121582,0.133007482,0.105606712,0.132385328,13.29856777,13.30214405,15.31898212,10.65548038,10.25723743,13.06481075,7.228045464,7.191726685,7.376291752,0.801250219,0.771096528,0.852851093,6.086329937,5.770584583,4.969997883
12.65,0,100.0215683,125.9417038,115.7835693,197.661911,197.2422638,194.8231354,0.133274481,0.105378449,0.13269797,13.33032227,13.2715416,15.36424446,10.66756058,10.24837685,13.11038685,7.246032715,7.152280807,7.356707573,0.800247788,0.772206962,0.853305042,6.240003109,5.77906847,5.018010139
12.7,0,100.0215683,125.9417038,115.7835693,197.661911,197.2422638,194.8231354,0.133274481,0.105378449,0.13269797,13.33032227,13.2715416,15.36424446,10.66756058,10.24837685,13.11038685,7.246032715,7.152280807,7.356707573,0.800247788,0.772206962,0.853305042,6.240003109,5.77906847,5.018010139
12.75,0,100.0215683,125.9417038,115.7835693,197.661911,197.2422638,194.8231354,0.133274481,0.105378449,0.13269797,13.33032227,13.2715416,15.36424446,10.66756058,10.24837685,13.11038685,7.246032715,7.152280807,7.356707573,0.800247788,0.772206962,0.853305042,6.240003109,5.77906847,5.018010139
12.8,0,100.0215683,125.9417038,115.7835693,197.661911,197.2422638,194.8231354,0.133274481,0.105378449,0.13269797,13.33032227,13.2715416,15.36424446,10.66756058,10.24837685,13.11038685,7.246032715,7.152280807,7.356707573,0.800247788,0.772206962,0.853305042,6.240003109,5.77906847,5.018010139
12.85,0,99.97533417,126.0101242,115.7675247,197.7218781,197.2640839,194.7568512,0.13458921,0.106566168,0.132379368,13.45560169,13.42841625,15.32523155,10.7577095,10.20046997,13.04648781,7.28635788,7.323696136,7.298106194,0.79949671,0.759618223,0.85130769,6.311643124,5.820964813,4.903313637
12.9,0,99.97533417,126.0101242,115.7675247,197.7218781,197.2640839,194.7568512,0.13458921,0.106566168,0.132379368,13.45560169,13.42841625,15.32523155,10.7577095,10.20046997,13.04648781,7.28635788,7.323696136,7.298106194,0.79949671,0.759618223,0.85130769,6.311643124,5.820964813,4.903313637
12.95,0,99.97533417,126.0101242,115.7675247,197.7218781,197.2640839,194.7568512,0.13458921,0.106566168,0.132379368,13.45560169,13.42841625,15.32523155,10.7577095,10.20046997,13.04648781,7.28635788,7.323696136,7.298106194,0.79949671,0.759618223,0.85130769,6.311643124,5.820964813,4.903313637
13,0,99.97533417,126.0101242,115.7675247,197.7218781,197.2640839,194.7568512,0.13458921,0.106566168,0.132379368,13.45560169,13.42841625,15.32523155,10.7577095,10.20046997,13.04648781,7.28635788,7.323696136,7.298106194,0.79949671,0.759618223,0.85130769,6.311643124,5.820964813,4.903313637
13.05,0,99.94784546,126.012001,115.7089691,197.6744232,197.2349548,194.6790771,0.133957058,0.107273117,0.131765112,13.38871956,13.5177002,15.2464056,10.76866817,10.32506943,12.95603466,7.174061775,7.372320175,7.341854095,0.804309011,0.763818502,0.849776328,6.214583397,5.891088963,4.85278511
13.1,0,99.94784546,126.012001,115.7089691,197.6744232,197.2349548,194.6790771,0.133957058,0.107273117,0.131765112,13.38871956,13.5177002,15.2464056,10.76866817,10.32506943,12.95603466,7.174061775,7.372320175,7.341854095,0.804309011,0.763818502,0.849776328,6.214583397,5.891088963,4.85278511
13.15,0,99.94784546,126.012001,115.7089691,197.6744232,197.2349548,194.6790771,0.133957058,0.107273117,0.131765112,13.38871956,13.5177002,15.2464056,10.76866817,10.32506943,12.95603466,7.174061775,7.372320175,7.341854095,0.804309011,0.763818502,0.849776328,6.214583397,5.891088963,4.85278511
13.2,0,99.94784546,126.012001,115.7089691,197.6744232,197.2349548,194.6790771,0.133957058,0.107273117,0.131765112,13.38871956,13.5177002,15.2464056,10.76866817,10.32506943,12.95603466,7.174061775,7.372320175,7.341854095,0.804309011,0.763818502,0.849776328,6.214583397,5.891088963,4.85278511
13.25,0,99.95272064,125.9315948,115.6297379,197.5861816,197.1122131,194.6135101,0.133535206,0.106953077,0.131874904,13.34720707,13.46877193,15.24866104,10.7575655,10.35039902,12.96741772,7.189637184,7.363097191,7.386732578,0.805978775,0.768473864,0.85039711,6.046068192,5.77754879,4.957000732
13.3,0,99.95272064,125.9315948,115.6297379,197.5861816,197.1122131,194.6135101,0.133535206,0.106953077,0.131874904,13.34720707,13.46877193,15.24866104,10.7575655,10.35039902,12.96741772,7.189637184,7.363097191,7.386732578,0.805978775,0.768473864,0.85039711,6.046068192,5.77754879,4.957000732
13.35,0,99.95272064,125.9315948,115.6297379,197.5861816,197.1122131,194.6135101,0.133535206,0.106953077,0.131874904,13.34720707,13.46877193,15.24866104,10.7575655,10.35039902,12.96741772,7.189637184,7.363097191,7.386732578,0.805978775,0.768473864,0.85039711,6.046068192,5.77754879,4.957000732
13.4,0,99.95272064,125.9315948,115.6297379,197.5861816,197.1122131,194.6135101,0.133535206,0.106953077,0.131874904,13.34720707,13.46877193,15.24866104,10.7575655,10.35039902,12.96741772,7.189637184,7.363097191,7.386732578,0.805978775,0.768473864,0.85039711,6.046068192,5.77754879,4.957000732
13.45,0,99.97457123,125.9479675,115.6741028,197.6446991,197.1720276,194.6522675,0.134145305,0.105512939,0.132158905,13.41111946,13.2891407,15.28736305,10.78137589,10.16671467,13.08255863,7.316994667,7.314944744,7.267108917,0.803913176,0.765039265,0.855776012,6.175290108,5.741177559,5.041126728
13.5,0,99.97457123,125.9479675,115.6741028,197.6446991,197.1720276,194.6522675,0.134145305,0.105512939,0.132158905,13.41111946,13.2891407,15.28736305,10.78137589,10.16671467,13.08255863,7.316994667,7.314944744,7.267108917,0.803913176,0.765039265,0.855776012,6.175290108,5.741177559,5.041126728
13.55,0,99.97457123,125.9479675,115.6741028,197.6446991,197.1720276,194.6522675,0.134145305,0.105512939,0.132158905,13.41111946,13.2891407,15.28736305,10.78137589,10.16671467,13.08255863,7.316994667,7.314944744,7.267108917,0.803913176,0.765039265,0.855776012,6.175290108,5.741177559,5.041126728
13.6,0,99.97457123,125.9479675,115.6741028,197.6446991,197.1720276,194.6522675,0.134145305,0.105512939,0.132158905,13.41111946,13.2891407,15.28736305,10.78137589,10.16671467,13.08255863,7.316994667,7.314944744,7.267108917,0.803913176,0.765039265,0.855776012,6.175290108,5.741177559,5.041126728
13.65,0,99.98368073,125.928154,115.7256622,197.650589,197.1343079,194.7489471,0.133415252,0.105532296,0.132990181,13.33934784,13.28948689,15.39037704,10.68910027,10.22863388,13.10461807,7.352116108,7.269155025,7.428857327,0.80132103,0.769678593,0.851481259,6.166362762,5.705876827,4.933117867
13.7,0,99.98368073,125.928154,115.7256622,197.650589,197.1343079,194.7489471,0.133415252,0.105532296,0.132990181,13.33934784,13.28948689,15.39037704,10.68910027,10.22863388,13.10461807,7.352116108,7.269155025,7.428857327,0.80132103,0.769678593,0.851481259,6.166362762,5.705876827,4.933117867
13.75,0,99.98368073,125.928154,115.7256622,197.650589,197.1343079,194.7489471,0.133415252,0.105532296,0.132990181,13.33934784,13.28948689,15.39037704,10.68910027,10.22863388,13.10461807,7.352116108,7.269155025,7.428857327,0.80132103,0.769678593,0.851481259,6.166362762,5.705876827,4.933117867
13.8,0,99.98368073,125.928154,115.7256622,197.650589,197.1343079,194.7489471,0.133415252,0.105532296,0.132990181,13.33934784,13.28948689,15.39037704,10.68910027,10.22863388,13.10461807,7.352116108,7.269155025,7.428857327,0.80132103,0.769678593,0.851481259,6.166362762,5.705876827,4.933117867
13.85,0,99.94999695,126.0196915,115.7057266,197.7126312,197.2130432,194.6779785,0.134328261,0.10634461,0.131747976,13.42610931,13.40151501,15.24399567,10.79970837,10.222785,13.00448322,7.289719105,7.420459747,7.312626362,0.804381073,0.762808144,0.853088856,6.169968605,5.775958061,4.807359219
13.9,0,99.94999695,126.0196915,115.7057266,197.7126312,197.2130432,194.6779785,0.134328261,0.10634461,0.131747976,13.42610931,13.40151501,15.24399567,10.79970837,10.222785,13.00448322,7.289719105,7.420459747,7.312626362,0.804381073,0.762808144,0.853088856,6.169968605,5.775958061,4.807359219
13.95,0,99.94999695,126.0196915,115.7057266,197.7126312,197.2130432,194.6779785,0.134328261,0.10634461,0.131747976,13.42610931,13.40151501,15.24399567,10.79970837,10.222785,13.00448322,7.289719105,7.420459747,7.312626362,0.804381073,0.762808144,0.853088856,6.169968605,5.775958061,4.807359219
14,0,99.94999695,126.0196915,115.7057266,197.7126312,197.2130432,194.6779785,0.134328261,0.10634461,0.131747976,13.42610931,13.40151501,15.24399567,10.79970837,10.222785,13.00448322,7.289719105,7.420459747,7.312626362,0.804381073,0.762808144,0.853088856,6.169968605,5.775958061,4.807359219
14.05,0,99.96009064,126.044548,115.688385,197.7078857,197.2820587,194.6452332,0.135999322,0.10697154,0.133172765,13.59450436,13.48317909,15.40654182,10.81356716,10.12321568,13.10291576,7.514374256,7.52367878,7.409658909,0.79543668,0.750803351,0.850477397,6.116500854,5.865760803,4.88719368
14.1,0,99.96009064,126.044548,115.688385,197.7078857,197.2820587,194.6452332,0.135999322,0.10697154,0.133172765,13.59450436,13.48317909,15.40654182,10.81356716,10.12321568,13.10291576,7.514374256,7.52367878,7.409658909,0.79543668,0.750803351,0.850477397,6.116500854,5.865760803,4.88719368
14.15,0,99.96009064,126.044548,115.688385,197.7078857,197.2820587,194.6452332,0.135999322,0.10697154,0.133172765,13.59450436,13.48317909,15.40654182,10.81356716,10.12321568,13.10291576,7.514374256,7.52367878,7.409658909,0.79543668,0.750803351,0.850477397,6.116500854,5.865760803,4.88719368
14.2,0,99.96009064,126.044548,115.688385,197.7078857,197.2820587,194.6452332,0.135999322,0.10697154,0.133172765,13.59450436,13.48317909,15.40654182,10.81356716,10.12321568,13.10291576,7.514374256,7.52367878,7.409658909,0.79543668,0.750803351,0.850477397,6.116500854,5.865760803,4.88719368
14.25,0,99.93708801,125.9594574,115.6661835,197.6023712,197.2130432,194.5991364,0.13680017,0.107540362,0.134636194,13.67141056,13.54572582,15.572855,10.79302502,10.13235664,13.20276737,7.630805016,7.517559052,7.517111778,0.789459527,0.748011351,0.847806454,6.069965839,5.770608425,4.983264923
14.3,0,99.93708801,125.9594574,115.6661835,197.6023712,197.2130432,194.5991364,0.13680017,0.107540362,0.134636194,13.67141056,13.54572582,15.572855,10.79302502,10.13235664,13.20276737,7.630805016,7.517559052,7.517111778,0.789459527,0.748011351,0.847806454,6.069965839,5.770608425,4.983264923
14.35,0,99.93708801,125.9594574,115.6661835,197.6023712,197.2130432,194.5991364,0.13680017,0.107540362,0.134636194,13.67141056,13.54572582,15.572855,10.79302502,10.13235664,13.20276737,7.630805016,7.517559052,7.517111778,0.789459527,0.748011351,0.847806454,6.069965839,5.770608425,4.983264923
14.4,0,99.93708801,125.9594574,115.6661835,197.6023712,197.2130432,194.5991364,0.13680017,0.107540362,0.134636194,13.67141056,13.54572582,15.572855,10.79302502,10.13235664,13.20276737,7.630805016,7.517559052,7.517111778,0.789459527,0.748011351,0.847806454,6.069965839,5.770608425,4.983264923
14.45,0,99.9271698,125.9687119,115.6901855,197.6480865,197.2105103,194.6065826,0.136446744,0.107864313,0.134616807,13.63473701,13.58752823,15.573843,10.74360371,10.15223408,13.14210606,7.603187561,7.514461517,7.541982651,0.787958264,0.747173011,0.843857646,6.206823349,5.705246925,4.951199055
14.5,0,99.9271698,125.9687119,115.6901855,197.6480865,197.2105103,194.6065826,0.136446744,0.107864313,0.134616807,13.63473701,13.58752823,15.573843,10.74360371,10.15223408,13.14210606,7.603187561,7.514461517,7.541982651,0.787958264,0.747173011,0.843857646,6.206823349,5.705246925,4.951199055
14.55,0,99.9271698,125.9687119,115.6901855,197.6480865,197.2105103,194.6065826,0.136446744,0.107864313,0.134616807,13.63473701,13.58752823,15.573843,10.74360371,10.15223408,13.14210606,7.603187561,7.514461517,7.541982651,0.787958264,0.747173011,0.843857646,6.206823349,5.705246925,4.951199055
14.6,0,99.9271698,125.9687119,115.6901855,197.6480865,197.2105103,194.6065826,0.136446744,0.107864313,0.134616807,13.63473701,13.58752823,15.573843,10.74360371,10.15223408,13.14210606,7.603187561,7.514461517,7.541982651,0.787958264,0.747173011,0.843857646,6.206823349,5.705246925,4.951199055
14.65,0,99.93878174,125.9447479,115.7158813,197.626709,197.1472473,194.6967621,0.137605011,0.107560322,0.135866523,13.7520771,13.54665756,15.72191429,10.77442265,10.04683971,13.25249481,7.757714272,7.532867908,7.561730862,0.783475995,0.741647124,0.84293139,6.146839619,5.747725964,4.792359829
14.7,0,99.93878174,125.9447479,115.7158813,197.626709,197.1472473,194.6967621,0.137605011,0.107560322,0.135866523,13.7520771,13.54665756,15.72191429,10.77442265,10.04683971,13.25249481,7.757714272,7.532867908,7.561730862,0.783475995,0.741647124,0.84293139,6.146839619,5.747725964,4.792359829
14.75,0,99.93878174,125.9447479,115.7158813,197.626709,197.1472473,194.6967621,0.137605011,0.107560322,0.135866523,13.7520771,13.54665756,15.72191429,10.77442265,10.04683971,13.25249481,7.757714272,7.532867908,7.561730862,0.783475995,0.741647124,0.84293139,6.146839619,5.747725964,4.792359829
14.8,0,99.93878174,125.9447479,115.7158813,197.626709,197.1472473,194.6967621,0.137605011,0.107560322,0.135866523,13.7520771,13.54665756,15.72191429,10.77442265,10.04683971,13.25249481,7.757714272,7.532867908,7.561730862,0.783475995,0.741647124,0.84293139,6.146839619,5.747725964,4.792359829
14.85,0,99.92307281,125.9967499,115.6583405,197.6721344,197.1532593,194.6046448,0.136398494,0.108341761,0.135612413,13.62935638,13.65071011,15.68470669,10.72182083,10.20825672,13.1835146,7.626089573,7.486858845,7.632304668,0.786671102,0.747818708,0.840533078,6.148003101,5.836085796,4.802443981
14.9,0,99.92307281,125.9967499,115.6583405,197.6721344,197.1532593,194.6046448,0.136398494,0.108341761,0.135612413,13.62935638,13.65071011,15.68470669,10.72182083,10.20825672,13.1835146,7.626089573,7.486858845,7.632304668,0.786671102,0.747818708,0.840533078,6.148003101,5.836085796,4.802443981
14.95,0,99.92307281,125.9967499,115.6583405,197.6721344,197.1532593,194.6046448,0.136398494,0.108341761,0.135612413,13.62935638,13.65071011,15.68470669,10.72182083,10.20825672,13.1835146,7.626089573,7.486858845,7.632304668,0.786671102,0.747818708,0.840533078,6.148003101,5.836085796,4.802443981
15,0,99.92307281,125.9967499,115.6583405,197.6721344,197.1532593,194.6046448,0.136398494,0.108341761,0.135612413,13.62935638,13.65071011,15.68470669,10.72182083,10.20825672,13.1835146,7.626089573,7.486858845,7.632304668,0.786671102,0.747818708,0.840533078,6.148003101,5.836085796,4.802443981
15.05,0,99.89390564,125.9898224,115.6416626,197.6121216,197.1742859,194.5565643,0.135345489,0.106825739,0.13319464,13.52018929,13.45895576,15.4028492,10.76714611,10.16544437,13.07336903,7.489311695,7.508442402,7.467409134,0.796375394,0.755292177,0.848763049,6.136144161,5.846298218,4.85218668
15.1,0,99.89390564,125.9898224,115.6416626,197.6121216,197.1742859,194.5565643,0.135345489,0.106825739,0.13319464,13.52018929,13.45895576,15.4028492,10.76714611,10.16544437,13.07336903,7.489311695,7.508442402,7.467409134,0.796375394,0.755292177,0.848763049,6.136144161,5.846298218,4.85218668
15.15,0,99.89390564,125.9898224,115.6416626,197.6121216,197.1742859,194.5565643,0.135345489,0.106825739,0.13319464,13.52018929,13.45895576,15.4028492,10.76714611,10.16544437,13.07336903,7.489311695,7.508442402,7.467409134,0.796375394,0.755292177,0.848763049,6.136144161,5.846298218,4.85218668
15.2,0,99.89390564,125.9898224,115.6416626,197.6121216,197.1742859,194.5565643,0.135345489,0.106825739,0.13319464,13.52018929,13.45895576,15.4028492,10.76714611,10.16544437,13.07336903,7.489311695,7.508442402,7.467409134,0.796375394,0.755292177,0.848763049,6.136144161,5.846298218,4.85218668
15.25,0,99.90193939,125.9458466,115.6332169,197.5513153,197.1754913,194.5436249,0.134485483,0.107754596,0.132462129,13.43536091,13.57124329,15.31702232,10.78325367,10.34186363,13.00389767,7.287933826,7.458333015,7.443989277,0.80260247,0.762042463,0.848983407,6.080327511,5.78258276,4.931209564
15.3,0,99.90193939,125.9458466,115.6332169,197.5513153,197.1754913,194.5436249,0.134485483,0.107754596,0.132462129,13.43536091,13.57124329,15.31702232,10.78325367,10.34186363,13.00389767,7.287933826,7.458333015,7.443989277,0.80260247,0.762042463,0.848983407,6.080327511,5.78258276,4.931209564
15.35,0,99.90193939,125.9458466,115.6332169,197.5513153,197.1754913,194.5436249,0.134485483,0.107754596,0.132462129,13.43536091,13.57124329,15.31702232,10.78325367,10.34186363,13.00389767,7.287933826,7.458333015,7.443989277,0.80260247,0.762042463,0.848983407,6.080327511,5.78258276,4.931209564
15.4,0,99.90193939,125.9458466,115.6332169,197.5513153,197.1754913,194.5436249,0.134485483,0.107754596,0.132462129,13.43536091,13.57124329,15.31702232,10.78325367,10.34186363,13.00389767,7.287933826,7.458333015,7.443989277,0.80260247,0.762042463,0.848983407,6.080327511,5.78258276,4.931209564
15.45,0,99.93447113,125.9109192,115.6978683,197.5629272,197.1712646,194.6459198,0.134865656,0.106923863,0.133305907,13.47772789,13.46288204,15.42320919,10.71918297,10.21439648,13.10440826,7.399381638,7.355188847,7.440174103,0.795325696,0.758708,0.849655092,6.218088627,5.771904945,5.049004555
15.5,0,99.93447113,125.9109192,115.6978683,197.5629272,197.1712646,194.6459198,0.134865656,0.106923863,0.133305907,13.47772789,13.46288204,15.42320919,10.71918297,10.21439648,13.10440826,7.399381638,7.355188847,7.440174103,0.795325696,0.758708,0.849655092,6.218088627,5.771904945,5.049004555
15.55,0,99.93447113,125.9109192,115.6978683,197.5629272,197.1712646,194.6459198,0.134865656,0.106923863,0.133305907,13.47772789,13.46288204,15.42320919,10.71918297,10.21439648,13.10440826,7.399381638,7.355188847,7.440174103,0.795325696,0.758708,0.849655092,6.218088627,5.771904945,5.049004555
15.6,0,99.93447113,125.9109192,115.6978683,197.5629272,197.1712646,194.6459198,0.134865656,0.106923863,0.133305907,13.47772789,13.46288204,15.42320919,10.71918297,10.21439648,13.10440826,7.399381638,7.355188847,7.440174103,0.795325696,0.758708,0.849655092,6.218088627,5.771904945,5.049004555
15.65,0,99.91104126,125.9169464,115.7232132,197.5604706,197.157486,194.6759949,0.136312917,0.107456535,0.133290127,13.61916542,13.53059864,15.42476177,10.82834148,10.1242981,13.08222866,7.446929455,7.490783215,7.345341682,0.795081139,0.748252034,0.848131657,6.192139626,5.716312885,4.88091898
15.7,0,99.91104126,125.9169464,115.7232132,197.5604706,197.157486,194.6759949,0.136312917,0.107456535,0.133290127,13.61916542,13.53059864,15.42476177,10.82834148,10.1242981,13.08222866,7.446929455,7.490783215,7.345341682,0.795081139,0.748252034,0.848131657,6.192139626,5.716312885,4.88091898
15.75,0,99.91104126,125.9169464,115.7232132,197.5604706,197.157486,194.6759949,0.136312917,0.107456535,0.133290127,13.61916542,13.53059864,15.42476177,10.82834148,10.1242981,13.08222866,7.446929455,7.490783215,7.345341682,0.795081139,0.748252034,0.848131657,6.192139626,5.716312885,4.88091898
15.8,0,99.91104126,125.9169464,115.7232132,197.5604706,197.157486,194.6759949,0.136312917,0.107456535,0.133290127,13.61916542,13.53059864,15.42476177,10.82834148,10.1242981,13.08222866,7.446929455,7.490783215,7.345341682,0.795081139,0.748252034,0.848131657,6.192139626,5.716312885,4.88091898
15.85,0,99.90018463,125.9841461,115.6931,197.6133575,197.1993256,194.6239471,0.135753259,0.108327173,0.133916944,13.56177521,13.64750671,15.49326611,10.76987457,10.2737484,13.06853294,7.44763422,7.510341167,7.52725029,0.794134557,0.752793074,0.843497634,6.191106319,5.804774761,4.769089222
15.9,0,99.90018463,125.9841461,115.6931,197.6133575,197.1993256,194.6239471,0.135753259,0.108327173,0.133916944,13.56177521,13.64750671,15.49326611,10.76987457,10.2737484,13.06853294,7.44763422,7.510341167,7.52725029,0.794134557,0.752793074,0.843497634,6.191106319,5.804774761,4.769089222
15.95,0,99.90018463,125.9841461,115.6931,197.6133575,197.1993256,194.6239471,0.135753259,0.108327173,0.133916944,13.56177521,13.64750671,15.49326611,10.76987457,10.2737484,13.06853294,7.44763422,7.510341167,7.52725029,0.794134557,0.752793074,0.843497634,6.191106319,5.804774761,4.769089222
16,0,99.90018463,125.9841461,115.6931,197.6133575,197.1993256,194.6239471,0.135753259,0.108327173,0.133916944,13.56177521,13.64750671,15.49326611,10.76987457,10.2737484,13.06853294,7.44763422,7.510341167,7.52725029,0.794134557,0.752793074,0.843497634,6.191106319,5.804774761,4.769089222
16.05,0,99.91797638,126.0009766,115.6497269,197.6260834,197.2277527,194.5683899,0.13625963,0.107534759,0.134983063,13.61478615,13.54948425,15.61075401,10.74583244,10.14164639,13.20589447,7.581941128,7.41667223,7.493659019,0.7892766,0.748489499,0.845948517,6.128304958,5.84968996,4.904296875
16.1,0,99.91797638,126.0009766,115.6497269,197.6260834,197.2277527,194.5683899,0.13625963,0.107534759,0.134983063,13.61478615,13.54948425,15.61075401,10.74583244,10.14164639,13.20589447,7.581941128,7.41667223,7.493659019,0.7892766,0.748489499,0.845948517,6.128304958,5.84968996,4.904296875
16.15,0,99.91797638,126.0009766,115.6497269,197.6260834,197.2277527,194.5683899,0.13625963,0.107534759,0.134983063,13.61478615,13.54948425,15.61075401,10.74583244,10.14164639,13.20589447,7.581941128,7.41667223,7.493659019,0.7892766,0.748489499,0.845948517,6.128304958,5.84968996,4.904296875
16.2,0,99.91797638,126.0009766,115.6497269,197.6260834,197.2277527,194.5683899,0.13625963,0.107534759,0.134983063,13.61478615,13.54948425,15.61075401,10.74583244,10.14164639,13.20589447,7.581941128,7.41667223,7.493659019,0.7892766,0.748489499,0.845948517,6.128304958,5.84968996,4.904296875
16.25,0,99.93035126,125.9512405,115.6558456,197.5968781,197.1887665,194.5847321,0.13772805,0.107823677,0.135674223,13.7632122,13.58052635,15.69151688,10.7731905,10.01648808,13.22604275,7.840246677,7.642113686,7.622447491,0.782752633,0.737562597,0.84287852,6.095031738,5.721676826,4.967558861
16.3,0,99.93035126,125.9512405,115.6558456,197.5968781,197.1887665,194.5847321,0.13772805,0.107823677,0.135674223,13.7632122,13.58052635,15.69151688,10.7731905,10.01648808,13.22604275,7.840246677,7.642113686,7.622447491,0.782752633,0.737562597,0.84287852,6.095031738,5.721676826,4.967558861
16.35,0,99.93035126,125.9512405,115.6558456,197.5968781,197.1887665,194.5847321,0.13772805,0.107823677,0.135674223,13.7632122,13.58052635,15.69151688,10.7731905,10.01648808,13.22604275,7.840246677,7.642113686,7.622447491,0.782752633,0.737562597,0.84287852,6.095031738,5.721676826,4.967558861
16.4,0,99.93035126,125.9512405,115.6558456,197.5968781,197.1887665,194.5847321,0.13772805,0.107823677,0.135674223,13.7632122,13.58052635,15.69151688,10.7731905,10.01648808,13.22604275,7.840246677,7.642113686,7.622447491,0.782752633,0.737562597,0.84287852,6.095031738,5.721676826,4.967558861
16.45,0,99.94945526,125.9382172,115.7163773,197.6278992,197.1784973,194.6800385,0.137074172,0.107834846,0.134456769,13.70048904,13.58052826,15.55885029,10.81958771,10.1057148,13.13532257,7.691707134,7.658510208,7.557564735,0.789722741,0.744132698,0.844234765,6.195914268,5.677387714,4.936509609
16.5,0,99.94945526,125.9382172,115.7163773,197.6278992,197.1784973,194.6800385,0.137074172,0.107834846,0.134456769,13.70048904,13.58052826,15.55885029,10.81958771,10.1057148,13.13532257,7.691707134,7.658510208,7.557564735,0.789722741,0.744132698,0.844234765,6.195914268,5.677387714,4.936509609
16.55,0,99.94945526,125.9382172,115.7163773,197.6278992,197.1784973,194.6800385,0.137074172,0.107834846,0.134456769,13.70048904,13.58052826,15.55885029,10.81958771,10.1057148,13.13532257,7.691707134,7.658510208,7.557564735,0.789722741,0.744132698,0.844234765,6.195914268,5.677387714,4.936509609
16.6,0,99.94945526,125.9382172,115.7163773,197.6278992,197.1784973,194.6800385,0.137074172,0.107834846,0.134456769,13.70048904,13.58052826,15.55885029,10.81958771,10.1057148,13.13532257,7.691707134,7.658510208,7.557564735,0.789722741,0.744132698,0.844234765,6.195914268,5.677387714,4.936509609
16.65,0,99.93850708,125.9230118,115.6998291,197.6091309,197.0958557,194.6932373,0.136233255,0.107427873,0.135060415,13.61494827,13.5276413,15.62646675,10.72653198,10.1437788,13.17638302,7.680648327,7.530983448,7.637893677,0.787849605,0.749855697,0.843209386,6.085930824,5.693943977,4.767125607
16.7,0,99.93850708,125.9230118,115.6998291,197.6091309,197.0958557,194.6932373,0.136233255,0.107427873,0.135060415,13.61494827,13.5276413,15.62646675,10.72653198,10.1437788,13.17638302,7.680648327,7.530983448,7.637893677,0.787849605,0.749855697,0.843209386,6.085930824,5.693943977,4.767125607
16.75,0,99.93850708,125.9230118,115.6998291,197.6091309,197.0958557,194.6932373,0.136233255,0.107427873,0.135060415,13.61494827,13.5276413,15.62646675,10.72653198,10.1437788,13.17638302,7.680648327,7.530983448,7.637893677,0.787849605,0.749855697,0.843209386,6.085930824,5.693943977,4.767125607
16.8,0,99.93850708,125.9230118,115.6998291,197.6091309,197.0958557,194.6932373,0.136233255,0.107427873,0.135060415,13.61494827,13.5276413,15.62646675,10.72653198,10.1437788,13.17638302,7.680648327,7.530983448,7.637893677,0.787849605,0.749855697,0.843209386,6.085930824,5.693943977,4.767125607
16.85,0,99.94377899,125.9972687,115.6542435,197.6691742,197.1624298,194.6250153,0.13747552,0.10794358,0.135472998,13.73982334,13.60059643,15.66802692,10.78894997,10.09404087,13.21212864,7.806783199,7.653449059,7.662887573,0.785232067,0.742176354,0.843254149,6.045475483,5.754367352,4.783322811
16.9,0,99.94377899,125.9972687,115.6542435,197.6691742,197.1624298,194.6250153,0.13747552,0.10794358,0.135472998,13.73982334,13.60059643,15.66802692,10.78894997,10.09404087,13.21212864,7.806783199,7.653449059,7.662887573,0.785232067,0.742176354,0.843254149,6.045475483,5.754367352,4.783322811
16.95,0,99.94377899,125.9972687,115.6542435,197.6691742,197.1624298,194.6250153,0.13747552,0.10794358,0.135472998,13.73982334,13.60059643,15.66802692,10.78894997,10.09404087,13.21212864,7.806783199,7.653449059,7.662887573,0.785232067,0.742176354,0.843254149,6.045475483,5.754367352,4.783322811
17,0,99.94377899,125.9972687,115.6542435,197.6691742,197.1624298,194.6250153,0.13747552,0.10794358,0.135472998,13.73982334,13.60059643,15.66802692,10.78894997,10.09404087,13.21212864,7.806783199,7.653449059,7.662887573,0.785232067,0.742176354,0.843254149,6.045475483,5.754367352,4.783322811
17.05,0,99.96382141,125.9839783,115.6480103,197.6637268,197.1977234,194.6038361,0.137419149,0.107552364,0.135581166,13.73694324,13.54987431,15.67969227,10.73782063,10.04138279,13.23583889,7.818533421,7.577932358,7.635297298,0.781674683,0.741068363,0.84413892,6.087827206,5.778083324,4.935887337
17.1,0,99.96382141,125.9839783,115.6480103,197.6637268,197.1977234,194.6038361,0.137419149,0.107552364,0.135581166,13.73694324,13.54987431,15.67969227,10.73782063,10.04138279,13.23583889,7.818533421,7.577932358,7.635297298,0.781674683,0.741068363,0.84413892,6.087827206,5.778083324,4.935887337
17.15,0,99.96382141,125.9839783,115.6480103,197.6637268,197.1977234,194.6038361,0.137419149,0.107552364,0.135581166,13.73694324,13.54987431,15.67969227,10.73782063,10.04138279,13.23583889,7.818533421,7.577932358,7.635297298,0.781674683,0.741068363,0.84413892,6.087827206,5.778083324,4.935887337
17.2,0,99.96382141,125.9839783,115.6480103,197.6637268,197.1977234,194.6038361,0.137419149,0.107552364,0.135581166,13.73694324,13.54987431,15.67969227,10.73782063,10.04138279,13.23583889,7.818533421,7.577932358,7.635297298,0.781674683,0.741068363,0.84413892,6.087827206,5.778083324,4.935887337
17.25,0,99.93161011,125.9103394,115.666275,197.5843811,197.1258392,194.6081848,0.138191104,0.107323952,0.13564615,13.80965996,13.51319504,15.68968487,10.81143284,10.00002384,13.2811718,7.794690609,7.556263924,7.513127804,0.782889128,0.740019202,0.846490681,6.096889019,5.639070988,4.927010059
17.3,0,99.93161011,125.9103394,115.666275,197.5843811,197.1258392,194.6081848,0.138191104,0.107323952,0.13564615,13.80965996,13.51319504,15.68968487,10.81143284,10.00002384,13.2811718,7.794690609,7.556263924,7.513127804,0.782889128,0.740019202,0.846490681,6.096889019,5.639070988,4.927010059
17.35,0,99.93161011,125.9103394,115.666275,197.5843811,197.1258392,194.6081848,0.138191104,0.107323952,0.13564615,13.80965996,13.51319504,15.68968487,10.81143284,10.00002384,13.2811718,7.794690609,7.556263924,7.513127804,0.782889128,0.740019202,0.846490681,6.096889019,5.639070988,4.927010059
17.4,0,99.93161011,125.9103394,115.666275,197.5843811,197.1258392,194.6081848,0.138191104,0.107323952,0.13564615,13.80965996,13.51319504,15.68968487,10.81143284,10.00002384,13.2811718,7.794690609,7.556263924,7.513127804,0.782889128,0.740019202,0.846490681,6.096889019,5.639070988,4.927010059
17.45,0,99.90982819,125.9237213,115.6822433,197.6040497,197.1055298,194.6217499,0.1377839,0.108495161,0.135156482,13.76596546,13.66211414,15.63520527,10.79226589,10.1132803,13.15561962,7.712220669,7.631003857,7.588914394,0.78398174,0.74024272,0.8414101,6.130026817,5.581713676,4.794074535
17.5,0,99.90982819,125.9237213,115.6822433,197.6040497,197.1055298,194.6217499,0.1377839,0.108495161,0.135156482,13.76596546,13.66211414,15.63520527,10.79226589,10.1132803,13.15561962,7.712220669,7.631003857,7.588914394,0.78398174,0.74024272,0.8414101,6.130026817,5.581713676,4.794074535
17.55,0,99.90982819,125.9237213,115.6822433,197.6040497,197.1055298,194.6217499,0.1377839,0.108495161,0.135156482,13.76596546,13.66211414,15.63520527,10.79226589,10.1132803,13.15561962,7.712220669,7.631003857,7.588914394,0.78398174,0.74024272,0.8414101,6.130026817,5.581713676,4.794074535
17.6,0,99.90982819,125.9237213,115.6822433,197.6040497,197.1055298,194.6217499,0.1377839,0.108495161,0.135156482,13.76596546,13.66211414,15.63520527,10.79226589,10.1132803,13.15561962,7.712220669,7.631003857,7.588914394,0.78398174,0.74024272,0.8414101,6.130026817,5.581713676,4.794074535
17.65,0,99.91162872,125.9486542,115.6563644,197.6092529,197.0957642,194.6152496,0.137386501,0.108053222,0.134796694,13.72650909,13.60915756,15.59009552,10.78364944,10.07302856,13.14633369,7.692831516,7.598838806,7.553132534,0.785607576,0.740165472,0.843249083,6.06705904,5.657652855,4.7160182
17.7,0,99.91162872,125.9486542,115.6563644,197.6092529,197.0957642,194.6152496,0.137386501,0.108053222,0.134796694,13.72650909,13.60915756,15.59009552,10.78364944,10.07302856,13.14633369,7.692831516,7.598838806,7.553132534,0.785607576,0.740165472,0.843249083,6.06705904,5.657652855,4.7160182
17.75,0,99.91162872,125.9486542,115.6563644,197.6092529,197.0957642,194.6152496,0.137386501,0.108053222,0.134796694,13.72650909,13.60915756,15.59009552,10.78364944,10.07302856,13.14633369,7.692831516,7.598838806,7.553132534,0.785607576,0.740165472,0.843249083,6.06705904,5.657652855,4.7160182
17.8,0,99.91162872,125.9486542,115.6563644,197.6092529,197.0957642,194.6152496,0.137386501,0.108053222,0.134796694,13.72650909,13.60915756,15.59009552,10.78364944,10.07302856,13.14633369,7.692831516,7.598838806,7.553132534,0.785607576,0.740165472,0.843249083,6.06705904,5.657652855,4.7160182
17.85,0,99.89595795,125.9518661,115.6377792,197.5639038,197.1564941,194.5520477,0.136705026,0.107575782,0.132697448,13.65627956,13.54937077,15.34483814,10.90947914,10.10135746,13.05162334,7.455585003,7.591332436,7.285041809,0.798861742,0.745522261,0.850554645,6.045924664,5.723704338,4.825796127
17.9,0,99.89595795,125.9518661,115.6377792,197.5639038,197.1564941,194.5520477,0.136705026,0.107575782,0.132697448,13.65627956,13.54937077,15.34483814,10.90947914,10.10135746,13.05162334,7.455585003,7.591332436,7.285041809,0.798861742,0.745522261,0.850554645,6.045924664,5.723704338,4.825796127
17.95,0,99.89595795,125.9518661,115.6377792,197.5639038,197.1564941,194.5520477,0.136705026,0.107575782,0.132697448,13.65627956,13.54937077,15.34483814,10.90947914,10.10135746,13.05162334,7.455585003,7.591332436,7.285041809,0.798861742,0.745522261,0.850554645,6.045924664,5.723704338,4.825796127
18,0,99.89595795,125.9518661,115.6377792,197.5639038,197.1564941,194.5520477,0.136705026,0.107575782,0.132697448,13.65627956,13.54937077,15.34483814,10.90947914,10.10135746,13.05162334,7.455585003,7.591332436,7.285041809,0.798861742,0.745522261,0.850554645,6.045924664,5.723704338,4.825796127
18.05,0,99.92996979,125.9141083,115.6661835,197.563797,197.1492157,194.6049194,0.133611962,0.106748194,0.133507788,13.35183907,13.44110394,15.44233608,10.65805435,10.31916142,13.07743359,7.401219845,7.364302635,7.589758396,0.798246145,0.767731667,0.846855938,6.110871315,5.680664063,4.981425762
18.1,0,99.92996979,125.9141083,115.6661835,197.563797,197.1492157,194.6049194,0.133611962,0.106748194,0.133507788,13.35183907,13.44110394,15.44233608,10.65805435,10.31916142,13.07743359,7.401219845,7.364302635,7.589758396,0.798246145,0.767731667,0.846855938,6.110871315,5.680664063,4.981425762
18.15,0,99.92996979,125.9141083,115.6661835,197.563797,197.1492157,194.6049194,0.133611962,0.106748194,0.133507788,13.35183907,13.44110394,15.44233608,10.65805435,10.31916142,13.07743359,7.401219845,7.364302635,7.589758396,0.798246145,0.767731667,0.846855938,6.110871315,5.680664063,4.981425762
18.2,0,99.92996979,125.9141083,115.6661835,197.563797,197.1492157,194.6049194,0.133611962,0.106748194,0.133507788,13.35183907,13.44110394,15.44233608,10.65805435,10.31916142,13.07743359,7.401219845,7.364302635,7.589758396,0.798246145,0.767731667,0.846855938,6.110871315,5.680664063,4.981425762
18.25,0,99.90724945,125.8778992,115.6950226,197.5364685,197.1004486,194.6325684,0.133015543,0.106727436,0.131314397,13.289217,13.43462563,15.19242191,10.74833393,10.35803413,12.92733097,7.162608624,7.379342556,7.377378941,0.808801174,0.770995378,0.850906551,6.180615902,5.578346729,4.926542759
18.3,0,99.90724945,125.8778992,115.6950226,197.5364685,197.1004486,194.6325684,0.133015543,0.106727436,0.131314397,13.289217,13.43462563,15.19242191,10.74833393,10.35803413,12.92733097,7.162608624,7.379342556,7.377378941,0.808801174,0.770995378,0.850906551,6.180615902,5.578346729,4.926542759
18.35,0,99.90724945,125.8778992,115.6950226,197.5364685,197.1004486,194.6325684,0.133015543,0.106727436,0.131314397,13.289217,13.43462563,15.19242191,10.74833393,10.35803413,12.92733097,7.162608624,7.379342556,7.377378941,0.808801174,0.770995378,0.850906551,6.180615902,5.578346729,4.926542759
18.4,0,99.90724945,125.8778992,115.6950226,197.5364685,197.1004486,194.6325684,0.133015543,0.106727436,0.131314397,13.289217,13.43462563,15.19242191,10.74833393,10.35803413,12.92733097,7.162608624,7.379342556,7.377378941,0.808801174,0.770995378,0.850906551,6.180615902,5.578346729,4.926542759
18.45,0,99.8794632,125.9197083,115.6603394,197.5724182,197.0741425,194.5827942,0.133574545,0.105450764,0.13260968,13.34135342,13.27832985,15.33768082,10.67761898,10.20826721,13.08354092,7.345622063,7.273474216,7.410151005,0.800339997,0.768791497,0.853032529,6.169785023,5.616770744,4.793610573
18.5,0,99.8794632,125.9197083,115.6603394,197.5724182,197.0741425,194.5827942,0.133574545,0.105450764,0.13260968,13.34135342,13.27832985,15.33768082,10.67761898,10.20826721,13.08354092,7.345622063,7.273474216,7.410151005,0.800339997,0.768791497,0.853032529,6.169785023,5.616770744,4.793610573
18.55,0,99.8794632,125.9197083,115.6603394,197.5724182,197.0741425,194.5827942,0.133574545,0.105450764,0.13260968,13.34135342,13.27832985,15.33768082,10.67761898,10.20826721,13.08354092,7.345622063,7.273474216,7.410151005,0.800339997,0.768791497,0.853032529,6.169785023,5.616770744,4.793610573
18.6,0,99.8794632,125.9197083,115.6603394,197.5724182,197.0741425,194.5827942,0.133574545,0.105450764,0.13260968,13.34135342,13.27832985,15.33768082,10.67761898,10.20826721,13.08354092,7.345622063,7.273474216,7.410151005,0.800339997,0.768791497,0.853032529,6.169785023,5.616770744,4.793610573
18.65,0,99.88656616,125.8896408,115.6297226,197.5121002,197.0286255,194.5772858,0.13543047,0.10545519,0.133048117,13.52768421,13.27571583,15.38431644,10.78467464,10.06786251,13.15067291,7.468926907,7.362380028,7.330024242,0.797229946,0.758366823,0.854810357,6.117545605,5.797635555,4.93496418
18.7,0,99.88656616,125.8896408,115.6297226,197.5121002,197.0286255,194.5772858,0.13543047,0.10545519,0.133048117,13.52768421,13.27571583,15.38431644,10.78467464,10.06786251,13.15067291,7.468926907,7.362380028,7.330024242,0.797229946,0.758366823,0.854810357,6.117545605,5.797635555,4.93496418
18.75,0,99.88656616,125.8896408,115.6297226,197.5121002,197.0286255,194.5772858,0.13543047,0.10545519,0.133048117,13.52768421,13.27571583,15.38431644,10.78467464,10.06786251,13.15067291,7.468926907,7.362380028,7.330024242,0.797229946,0.758366823,0.854810357,6.117545605,5.797635555,4.93496418
18.8,0,99.88656616,125.8896408,115.6297226,197.5121002,197.0286255,194.5772858,0.13543047,0.10545519,0.133048117,13.52768421,13.27571583,15.38431644,10.78467464,10.06786251,13.15067291,7.468926907,7.362380028,7.330024242,0.797229946,0.758366823,0.854810357,6.117545605,5.797635555,4.93496418
18.85,0,99.89417267,125.8801346,115.6160355,197.4975891,197.0627136,194.5381775,0.135738179,0.107404202,0.133624434,13.55945301,13.52005577,15.4491272,10.75539875,10.21372986,13.0880785,7.501471043,7.497673988,7.536619663,0.793202996,0.755450249,0.847172678,6.237172604,5.815992832,5.183995247
18.9,0,99.89417267,125.8801346,115.6160355,197.4975891,197.0627136,194.5381775,0.135738179,0.107404202,0.133624434,13.55945301,13.52005577,15.4491272,10.75539875,10.21372986,13.0880785,7.501471043,7.497673988,7.536619663,0.793202996,0.755450249,0.847172678,6.237172604,5.815992832,5.183995247
18.95,0,99.89417267,125.8801346,115.6160355,197.4975891,197.0627136,194.5381775,0.135738179,0.107404202,0.133624434,13.55945301,13.52005577,15.4491272,10.75539875,10.21372986,13.0880785,7.501471043,7.497673988,7.536619663,0.793202996,0.755450249,0.847172678,6.237172604,5.815992832,5.183995247
19,0,99.89417267,125.8801346,115.6160355,197.4975891,197.0627136,194.5381775,0.135738179,0.107404202,0.133624434,13.55945301,13.52005577,15.4491272,10.75539875,10.21372986,13.0880785,7.501471043,7.497673988,7.536619663,0.793202996,0.755450249,0.847172678,6.237172604,5.815992832,5.183995247
19.05,0,99.89494324,125.8555222,115.6590576,197.4947662,197.0752258,194.5731049,0.136600479,0.107715182,0.133278862,13.64569759,13.55655003,15.41490746,10.8184576,10.12901211,13.09026241,7.469574928,7.493432045,7.376601219,0.792810857,0.747167408,0.849195004,6.329947472,5.827842712,5.208669662
19.1,0,99.89494324,125.8555222,115.6590576,197.4947662,197.0752258,194.5731049,0.136600479,0.107715182,0.133278862,13.64569759,13.55655003,15.41490746,10.8184576,10.12901211,13.09026241,7.469574928,7.493432045,7.376601219,0.792810857,0.747167408,0.849195004,6.329947472,5.827842712,5.208669662
19.15,0,99.89494324,125.8555222,115.6590576,197.4947662,197.0752258,194.5731049,0.136600479,0.107715182,0.133278862,13.64569759,13.55655003,15.41490746,10.8184576,10.12901211,13.09026241,7.469574928,7.493432045,7.376601219,0.792810857,0.747167408,0.849195004,6.329947472,5.827842712,5.208669662
19.2,0,99.89494324,125.8555222,115.6590576,197.4947662,197.0752258,194.5731049,0.136600479,0.107715182,0.133278862,13.64569759,13.55655003,15.41490746,10.8184576,10.12901211,13.09026241,7.469574928,7.493432045,7.376601219,0.792810857,0.747167408,0.849195004,6.329947472,5.827842712,5.208669662
19.25,0,99.87005615,125.8686752,115.6585541,197.5202637,197.0370941,194.5658264,0.137341306,0.108570486,0.134900749,13.7162838,13.66562366,15.60242558,10.78535366,10.16926861,13.1160593,7.621547699,7.590763569,7.57267046,0.786317468,0.744149625,0.840642333,6.313511848,5.732716084,5.052694321
19.3,0,99.87005615,125.8686752,115.6585541,197.5202637,197.0370941,194.5658264,0.137341306,0.108570486,0.134900749,13.7162838,13.66562366,15.60242558,10.78535366,10.16926861,13.1160593,7.621547699,7.590763569,7.57267046,0.786317468,0.744149625,0.840642333,6.313511848,5.732716084,5.052694321
19.35,0,99.87005615,125.8686752,115.6585541,197.5202637,197.0370941,194.5658264,0.137341306,0.108570486,0.134900749,13.7162838,13.66562366,15.60242558,10.78535366,10.16926861,13.1160593,7.621547699,7.590763569,7.57267046,0.786317468,0.744149625,0.840642333,6.313511848,5.732716084,5.052694321
19.4,0,99.87005615,125.8686752,115.6585541,197.5202637,197.0370941,194.5658264,0.137341306,0.108570486,0.134900749,13.7162838,13.66562366,15.60242558,10.78535366,10.16926861,13.1160593,7.621547699,7.590763569,7.57267046,0.786317468,0.744149625,0.840642333,6.313511848,5.732716084,5.052694321
19.45,0,99.84092712,125.913147,115.6337891,197.521759,197.0620422,194.5187683,0.135372952,0.10763561,0.135544211,13.51576138,13.55273819,15.67349052,10.64179039,10.23845482,13.17645073,7.564894199,7.370514393,7.65756464,0.787361503,0.755452871,0.840683877,6.184698105,5.746564388,4.89785099
19.5,0,99.84092712,125.913147,115.6337891,197.521759,197.0620422,194.5187683,0.135372952,0.10763561,0.135544211,13.51576138,13.55273819,15.67349052,10.64179039,10.23845482,13.17645073,7.564894199,7.370514393,7.65756464,0.787361503,0.755452871,0.840683877,6.184698105,5.746564388,4.89785099
19.55,0,99.84092712,125.913147,115.6337891,197.521759,197.0620422,194.5187683,0.135372952,0.10763561,0.135544211,13.51576138,13.55273819,15.67349052,10.64179039,10.23845482,13.17645073,7.564894199,7.370514393,7.65756464,0.787361503,0.755452871,0.840683877,6.184698105,5.746564388,4.89785099
19.6,0,99.84092712,125.913147,115.6337891,197.521759,197.0620422,194.5187683,0.135372952,0.10763561,0.135544211,13.51576138,13.55273819,15.67349052,10.64179039,10.23845482,13.17645073,7.564894199,7.370514393,7.65756464,0.787361503,0.755452871,0.840683877,6.184698105,5.746564388,4.89785099
19.65,0,99.88033295,125.8559189,115.6560898,197.432373,197.0539856,194.606369,0.135457143,0.106953591,0.134822994,13.52950478,13.46074295,15.59310055,10.69337463,10.1502161,13.15982342,7.546897411,7.393801689,7.55501461,0.790374458,0.754060626,0.843951702,6.063331604,5.829905033,4.937273026
19.7,0,99.88033295,125.8559189,115.6560898,197.432373,197.0539856,194.606369,0.135457143,0.106953591,0.134822994,13.52950478,13.46074295,15.59310055,10.69337463,10.1502161,13.15982342,7.546897411,7.393801689,7.55501461,0.790374458,0.754060626,0.843951702,6.063331604,5.829905033,4.937273026
19.75,0,99.88033295,125.8559189,115.6560898,197.432373,197.0539856,194.606369,0.135457143,0.106953591,0.134822994,13.52950478,13.46074295,15.59310055,10.69337463,10.1502161,13.15982342,7.546897411,7.393801689,7.55501461,0.790374458,0.754060626,0.843951702,6.063331604,5.829905033,4.937273026
19.8,0,99.88033295,125.8559189,115.6560898,197.432373,197.0539856,194.606369,0.135457143,0.106953591,0.134822994,13.52950478,13.46074295,15.59310055,10.69337463,10.1502161,13.15982342,7.546897411,7.393801689,7.55501461,0.790374458,0.754060626,0.843951702,6.063331604,5.829905033,4.937273026
19.85,0,99.92789459,125.8571167,115.7117615,197.4666748,197.134903,194.6829071,0.135208637,0.106007636,0.134646356,13.51111412,13.34181499,15.58016682,10.70300674,10.08555126,13.21264458,7.578006268,7.355501652,7.492492199,0.792163134,0.75593549,0.848042548,6.077424526,5.800801754,5.059644699
19.9,0,99.92789459,125.8571167,115.7117615,197.4666748,197.134903,194.6829071,0.135208637,0.106007636,0.134646356,13.51111412,13.34181499,15.58016682,10.70300674,10.08555126,13.21264458,7.578006268,7.355501652,7.492492199,0.792163134,0.75593549,0.848042548,6.077424526,5.800801754,5.059644699
19.95,0,99.92789459,125.8571167,115.7117615,197.4666748,197.134903,194.6829071,0.135208637,0.106007636,0.134646356,13.51111412,13.34181499,15.58016682,10.70300674,10.08555126,13.21264458,7.578006268,7.355501652,7.492492199,0.792163134,0.75593549,0.848042548,6.077424526,5.800801754,5.059644699
